file,end,n_particles,n_batches,n_inactive,init_s,sim_s,transport_s
openmc_runs/case_0000/bol/statepoint.120.h5,2026-08-12 23:56:21,16000,120,30,6.1,10.9,10.5
openmc_runs/case_0000/core_bol/statepoint.170.h5,2026-08-12 23:58:00,100000,170,60,7.6,88.8,86.4
openmc_runs/case_0000/dep_00/openmc_simulation_n0.h5,2026-08-13 00:03:06,16000,120,30,6.3,260.0,259.5
openmc_runs/case_0000/dep_00/openmc_simulation_n1.h5,2026-08-13 00:08:14,16000,120,30,0.0,301.6,301.1
openmc_runs/case_0000/dep_00/openmc_simulation_n2.h5,2026-08-13 00:13:33,16000,120,30,0.0,312.9,312.4
openmc_runs/case_0000/dep_00/openmc_simulation_n3.h5,2026-08-13 00:18:39,16000,120,30,0.0,299.2,298.7
openmc_runs/case_0000/dep_00/openmc_simulation_n4.h5,2026-08-13 00:23:44,16000,120,30,0.0,299.0,298.6
openmc_runs/case_0000/dep_00/openmc_simulation_n5.h5,2026-08-13 00:28:45,16000,120,30,0.0,295.0,294.5
openmc_runs/case_0000/dep_00/statepoint.120.h5,2026-08-13 00:28:45,16000,120,30,0.0,294.9,294.5
openmc_runs/case_0000/dep_01/openmc_simulation_n6.h5,2026-08-13 00:34:51,16000,120,30,6.3,313.3,312.8
openmc_runs/case_0000/dep_01/openmc_simulation_n7.h5,2026-08-13 00:39:59,16000,120,30,0.0,301.1,300.6
openmc_runs/case_0000/dep_01/statepoint.120.h5,2026-08-13 00:39:59,16000,120,30,0.0,301.1,300.6
openmc_runs/case_0000/dep_02/openmc_simulation_n8.h5,2026-08-13 00:46:02,16000,120,30,6.5,310.3,309.8
openmc_runs/case_0000/dep_02/openmc_simulation_n9.h5,2026-08-13 00:50:56,16000,120,30,0.0,286.3,285.9
openmc_runs/case_0000/dep_02/statepoint.120.h5,2026-08-13 00:50:56,16000,120,30,0.0,286.3,285.9
openmc_runs/case_0000/dep_03/openmc_simulation_n10.h5,2026-08-13 00:56:30,16000,120,30,6.3,280.5,280.1
openmc_runs/case_0000/dep_03/openmc_simulation_n11.h5,2026-08-13 01:01:39,16000,120,30,0.0,302.3,301.8
openmc_runs/case_0000/dep_03/statepoint.120.h5,2026-08-13 01:01:39,16000,120,30,0.0,302.3,301.8
openmc_runs/case_0000/dep_04/openmc_simulation_n12.h5,2026-08-13 01:07:41,16000,120,30,6.4,306.6,306.1
openmc_runs/case_0000/dep_04/openmc_simulation_n13.h5,2026-08-13 01:12:48,16000,120,30,0.0,300.4,299.9
openmc_runs/case_0000/dep_04/statepoint.120.h5,2026-08-13 01:12:48,16000,120,30,0.0,300.4,299.9
openmc_runs/case_0000/dep_05/openmc_simulation_n14.h5,2026-08-13 01:18:50,16000,120,30,6.4,306.0,305.5
openmc_runs/case_0000/dep_05/statepoint.120.h5,2026-08-13 01:23:41,16000,120,30,0.0,284.2,283.8
openmc_runs/case_0000/dep_05/openmc_simulation_n15.h5,2026-08-13 01:23:42,16000,120,30,0.0,284.2,283.8
openmc_runs/case_0000/dep_06/openmc_simulation_n16.h5,2026-08-13 01:29:42,16000,120,30,6.5,304.3,303.8
openmc_runs/case_0000/dep_06/openmc_simulation_n17.h5,2026-08-13 01:34:51,16000,120,30,0.0,301.3,300.8
openmc_runs/case_0000/dep_06/statepoint.120.h5,2026-08-13 01:34:51,16000,120,30,0.0,301.3,300.8
openmc_runs/case_0000/dep_07/openmc_simulation_n18.h5,2026-08-13 01:40:46,16000,120,30,6.3,298.3,297.9
openmc_runs/case_0000/dep_07/openmc_simulation_n19.h5,2026-08-13 01:45:41,16000,120,30,0.0,287.5,287.0
openmc_runs/case_0000/dep_07/statepoint.120.h5,2026-08-13 01:45:41,16000,120,30,0.0,287.4,287.0
openmc_runs/case_0000/dep_08/openmc_simulation_n20.h5,2026-08-13 01:51:39,16000,120,30,6.3,300.6,300.1
openmc_runs/case_0000/dep_08/openmc_simulation_n21.h5,2026-08-13 01:56:46,16000,120,30,0.0,299.3,298.7
openmc_runs/case_0000/dep_08/statepoint.120.h5,2026-08-13 01:56:46,16000,120,30,0.0,299.3,298.7
openmc_runs/case_0001/bol/statepoint.120.h5,2026-08-13 01:57:11,16000,120,30,6.1,10.2,9.8
openmc_runs/case_0001/core_bol/statepoint.170.h5,2026-08-13 01:58:46,100000,170,60,7.6,83.8,81.3
openmc_runs/case_0001/dep_00/openmc_simulation_n0.h5,2026-08-13 02:03:04,16000,120,30,6.3,212.0,211.3
openmc_runs/case_0001/dep_00/openmc_simulation_n1.h5,2026-08-13 02:07:39,16000,120,30,0.0,267.5,267.0
openmc_runs/case_0001/dep_00/openmc_simulation_n2.h5,2026-08-13 02:12:14,16000,120,30,0.0,267.5,266.9
openmc_runs/case_0001/dep_00/openmc_simulation_n3.h5,2026-08-13 02:16:44,16000,120,30,0.0,262.2,261.5
openmc_runs/case_0001/dep_00/openmc_simulation_n4.h5,2026-08-13 02:21:08,16000,120,30,0.0,257.1,256.6
openmc_runs/case_0001/dep_00/openmc_simulation_n5.h5,2026-08-13 02:25:35,16000,120,30,0.0,260.1,259.7
openmc_runs/case_0001/dep_00/statepoint.120.h5,2026-08-13 02:25:35,16000,120,30,0.0,260.1,259.7
openmc_runs/case_0001/dep_01/openmc_simulation_n6.h5,2026-08-13 02:30:44,16000,120,30,6.3,254.6,254.1
openmc_runs/case_0001/dep_01/openmc_simulation_n7.h5,2026-08-13 02:35:10,16000,120,30,0.0,258.9,258.4
openmc_runs/case_0001/dep_01/statepoint.120.h5,2026-08-13 02:35:10,16000,120,30,0.0,258.9,258.4
openmc_runs/case_0001/dep_02/openmc_simulation_n8.h5,2026-08-13 02:40:33,16000,120,30,6.5,265.1,264.6
openmc_runs/case_0001/dep_02/openmc_simulation_n9.h5,2026-08-13 02:45:08,16000,120,30,0.0,267.6,267.1
openmc_runs/case_0001/dep_02/statepoint.120.h5,2026-08-13 02:45:08,16000,120,30,0.0,267.6,267.1
openmc_runs/case_0001/dep_03/openmc_simulation_n10.h5,2026-08-13 02:50:23,16000,120,30,6.3,257.3,256.9
openmc_runs/case_0001/dep_03/openmc_simulation_n11.h5,2026-08-13 02:54:48,16000,120,30,0.0,257.1,256.7
openmc_runs/case_0001/dep_03/statepoint.120.h5,2026-08-13 02:54:48,16000,120,30,0.0,257.1,256.7
openmc_runs/case_0001/dep_04/openmc_simulation_n12.h5,2026-08-13 03:00:08,16000,120,30,6.4,262.4,261.9
openmc_runs/case_0001/dep_04/statepoint.120.h5,2026-08-13 03:04:36,16000,120,30,0.0,260.8,260.0
openmc_runs/case_0001/dep_04/openmc_simulation_n13.h5,2026-08-13 03:04:37,16000,120,30,0.0,260.8,260.0
openmc_runs/case_0001/dep_05/openmc_simulation_n14.h5,2026-08-13 03:09:55,16000,120,30,6.3,261.2,260.7
openmc_runs/case_0001/dep_05/openmc_simulation_n15.h5,2026-08-13 03:14:28,16000,120,30,0.0,265.0,264.4
openmc_runs/case_0001/dep_05/statepoint.120.h5,2026-08-13 03:14:28,16000,120,30,0.0,265.0,264.4
openmc_runs/case_0001/dep_06/openmc_simulation_n16.h5,2026-08-13 03:19:44,16000,120,30,6.4,258.7,258.2
openmc_runs/case_0001/dep_06/openmc_simulation_n17.h5,2026-08-13 03:24:20,16000,120,30,0.0,267.7,267.2
openmc_runs/case_0001/dep_06/statepoint.120.h5,2026-08-13 03:24:20,16000,120,30,0.0,267.7,267.2
openmc_runs/case_0001/dep_07/openmc_simulation_n18.h5,2026-08-13 03:29:37,16000,120,30,6.3,259.2,258.7
openmc_runs/case_0001/dep_07/openmc_simulation_n19.h5,2026-08-13 03:34:07,16000,120,30,0.0,262.1,261.7
openmc_runs/case_0001/dep_07/statepoint.120.h5,2026-08-13 03:34:07,16000,120,30,0.0,262.1,261.7
openmc_runs/case_0001/dep_08/openmc_simulation_n20.h5,2026-08-13 03:39:26,16000,120,30,6.3,260.6,260.1
openmc_runs/case_0001/dep_08/openmc_simulation_n21.h5,2026-08-13 03:43:59,16000,120,30,0.0,264.7,264.2
openmc_runs/case_0001/dep_08/statepoint.120.h5,2026-08-13 03:43:59,16000,120,30,0.0,264.7,264.2
openmc_runs/case_0002/bol/statepoint.120.h5,2026-08-13 03:44:24,16000,120,30,6.1,9.9,9.6
openmc_runs/case_0002/core_bol/statepoint.170.h5,2026-08-13 03:45:55,100000,170,60,7.8,80.0,77.7
openmc_runs/case_0002/dep_00/openmc_simulation_n0.h5,2026-08-13 03:49:57,16000,120,30,6.5,194.7,194.0
openmc_runs/case_0002/dep_00/openmc_simulation_n1.h5,2026-08-13 03:54:06,16000,120,30,0.0,240.2,239.7
openmc_runs/case_0002/dep_00/openmc_simulation_n2.h5,2026-08-13 03:58:15,16000,120,30,0.0,240.8,240.4
openmc_runs/case_0002/dep_00/openmc_simulation_n3.h5,2026-08-13 04:02:29,16000,120,30,0.0,245.2,244.8
openmc_runs/case_0002/dep_00/openmc_simulation_n4.h5,2026-08-13 04:06:36,16000,120,30,0.0,239.0,238.0
openmc_runs/case_0002/dep_00/openmc_simulation_n5.h5,2026-08-13 04:10:46,16000,120,30,0.0,242.1,241.6
openmc_runs/case_0002/dep_00/statepoint.120.h5,2026-08-13 04:10:46,16000,120,30,0.0,242.1,241.6
openmc_runs/case_0002/dep_01/openmc_simulation_n6.h5,2026-08-13 04:15:45,16000,120,30,6.4,243.4,243.0
openmc_runs/case_0002/dep_01/openmc_simulation_n7.h5,2026-08-13 04:19:57,16000,120,30,0.0,243.8,243.4
openmc_runs/case_0002/dep_01/statepoint.120.h5,2026-08-13 04:19:57,16000,120,30,0.0,243.8,243.4
openmc_runs/case_0002/dep_02/openmc_simulation_n8.h5,2026-08-13 04:24:50,16000,120,30,7.0,235.8,235.3
openmc_runs/case_0002/dep_02/openmc_simulation_n9.h5,2026-08-13 04:28:58,16000,120,30,0.0,239.6,239.2
openmc_runs/case_0002/dep_02/statepoint.120.h5,2026-08-13 04:28:58,16000,120,30,0.0,239.6,239.2
openmc_runs/case_0002/dep_03/openmc_simulation_n10.h5,2026-08-13 04:33:56,16000,120,30,6.4,240.3,239.9
openmc_runs/case_0002/dep_03/openmc_simulation_n11.h5,2026-08-13 04:38:04,16000,120,30,0.0,240.7,240.2
openmc_runs/case_0002/dep_03/statepoint.120.h5,2026-08-13 04:38:04,16000,120,30,0.0,240.7,240.2
openmc_runs/case_0002/dep_04/openmc_simulation_n12.h5,2026-08-13 04:43:03,16000,120,30,6.6,240.7,240.2
openmc_runs/case_0002/dep_04/openmc_simulation_n13.h5,2026-08-13 04:47:13,16000,120,30,0.0,242.0,241.6
openmc_runs/case_0002/dep_04/statepoint.120.h5,2026-08-13 04:47:13,16000,120,30,0.0,242.0,241.6
openmc_runs/case_0002/dep_05/openmc_simulation_n14.h5,2026-08-13 04:52:22,16000,120,30,6.4,250.7,250.2
openmc_runs/case_0002/dep_05/openmc_simulation_n15.h5,2026-08-13 04:56:38,16000,120,30,0.0,247.2,246.8
openmc_runs/case_0002/dep_05/statepoint.120.h5,2026-08-13 04:56:38,16000,120,30,0.0,247.2,246.8
openmc_runs/case_0002/dep_06/openmc_simulation_n16.h5,2026-08-13 05:01:36,16000,120,30,6.3,240.7,240.2
openmc_runs/case_0002/dep_06/openmc_simulation_n17.h5,2026-08-13 05:05:47,16000,120,30,0.0,242.1,241.7
openmc_runs/case_0002/dep_06/statepoint.120.h5,2026-08-13 05:05:47,16000,120,30,0.0,242.1,241.7
openmc_runs/case_0002/dep_07/openmc_simulation_n18.h5,2026-08-13 05:10:58,16000,120,30,6.4,251.1,250.6
openmc_runs/case_0002/dep_07/openmc_simulation_n19.h5,2026-08-13 05:15:14,16000,120,30,0.0,247.4,246.9
openmc_runs/case_0002/dep_07/statepoint.120.h5,2026-08-13 05:15:14,16000,120,30,0.0,247.4,246.9
openmc_runs/case_0002/dep_08/openmc_simulation_n20.h5,2026-08-13 05:20:25,16000,120,30,6.3,251.0,250.5
openmc_runs/case_0002/dep_08/openmc_simulation_n21.h5,2026-08-13 05:24:45,16000,120,30,0.0,252.1,251.6
openmc_runs/case_0002/dep_08/statepoint.120.h5,2026-08-13 05:24:45,16000,120,30,0.0,252.1,251.6
openmc_runs/case_0003/bol/statepoint.120.h5,2026-08-13 05:25:11,16000,120,30,6.2,11.3,10.9
openmc_runs/case_0003/core_bol/statepoint.170.h5,2026-08-13 05:26:55,100000,170,60,7.6,91.9,89.2
openmc_runs/case_0003/dep_00/openmc_simulation_n0.h5,2026-08-13 05:31:43,16000,120,30,6.4,241.4,240.7
openmc_runs/case_0003/dep_00/openmc_simulation_n1.h5,2026-08-13 05:36:56,16000,120,30,0.0,304.4,303.9
openmc_runs/case_0003/dep_00/openmc_simulation_n2.h5,2026-08-13 05:42:07,16000,120,30,0.0,302.4,301.9
openmc_runs/case_0003/dep_00/openmc_simulation_n3.h5,2026-08-13 05:47:10,16000,120,30,0.0,294.6,294.1
openmc_runs/case_0003/dep_00/openmc_simulation_n4.h5,2026-08-13 05:52:19,16000,120,30,0.0,300.0,299.5
openmc_runs/case_0003/dep_00/openmc_simulation_n5.h5,2026-08-13 05:57:28,16000,120,30,0.0,300.9,300.4
openmc_runs/case_0003/dep_00/statepoint.120.h5,2026-08-13 05:57:28,16000,120,30,0.0,300.9,300.4
openmc_runs/case_0003/dep_01/openmc_simulation_n6.h5,2026-08-13 06:03:24,16000,120,30,6.3,300.4,300.0
openmc_runs/case_0003/dep_01/openmc_simulation_n7.h5,2026-08-13 06:08:30,16000,120,30,0.0,297.5,297.0
openmc_runs/case_0003/dep_01/statepoint.120.h5,2026-08-13 06:08:30,16000,120,30,0.0,297.5,297.0
openmc_runs/case_0003/dep_02/openmc_simulation_n8.h5,2026-08-13 06:14:18,16000,120,30,6.4,291.3,290.6
openmc_runs/case_0003/dep_02/openmc_simulation_n9.h5,2026-08-13 06:19:22,16000,120,30,0.0,296.1,295.7
openmc_runs/case_0003/dep_02/statepoint.120.h5,2026-08-13 06:19:22,16000,120,30,0.0,296.1,295.7
openmc_runs/case_0003/dep_03/openmc_simulation_n10.h5,2026-08-13 06:25:22,16000,120,30,6.3,303.1,302.7
openmc_runs/case_0003/dep_03/openmc_simulation_n11.h5,2026-08-13 06:30:32,16000,120,30,0.0,301.2,300.6
openmc_runs/case_0003/dep_03/statepoint.120.h5,2026-08-13 06:30:32,16000,120,30,0.0,301.2,300.6
openmc_runs/case_0003/dep_04/openmc_simulation_n12.h5,2026-08-13 06:36:25,16000,120,30,6.3,295.5,295.0
openmc_runs/case_0003/dep_04/statepoint.120.h5,2026-08-13 06:41:38,16000,120,30,0.0,305.0,304.5
openmc_runs/case_0003/dep_04/openmc_simulation_n13.h5,2026-08-13 06:41:39,16000,120,30,0.0,305.0,304.5
openmc_runs/case_0003/dep_05/openmc_simulation_n14.h5,2026-08-13 06:47:39,16000,120,30,6.4,302.2,301.7
openmc_runs/case_0003/dep_05/openmc_simulation_n15.h5,2026-08-13 06:52:51,16000,120,30,0.0,302.9,302.2
openmc_runs/case_0003/dep_05/statepoint.120.h5,2026-08-13 06:52:51,16000,120,30,0.0,302.9,302.2
openmc_runs/case_0003/dep_06/openmc_simulation_n16.h5,2026-08-13 06:59:02,16000,120,30,6.5,310.4,309.9
openmc_runs/case_0003/dep_06/openmc_simulation_n17.h5,2026-08-13 07:04:13,16000,120,30,0.0,302.2,301.7
openmc_runs/case_0003/dep_06/statepoint.120.h5,2026-08-13 07:04:13,16000,120,30,0.0,302.2,301.7
openmc_runs/case_0003/dep_07/openmc_simulation_n18.h5,2026-08-13 07:10:12,16000,120,30,6.4,300.1,299.7
openmc_runs/case_0003/dep_07/openmc_simulation_n19.h5,2026-08-13 07:15:21,16000,120,30,0.0,300.2,299.7
openmc_runs/case_0003/dep_07/statepoint.120.h5,2026-08-13 07:15:21,16000,120,30,0.0,300.2,299.7
openmc_runs/case_0003/dep_08/openmc_simulation_n20.h5,2026-08-13 07:21:28,16000,120,30,6.3,306.5,306.0
openmc_runs/case_0003/dep_08/openmc_simulation_n21.h5,2026-08-13 07:26:47,16000,120,30,0.0,308.5,308.0
openmc_runs/case_0003/dep_08/statepoint.120.h5,2026-08-13 07:26:47,16000,120,30,0.0,308.5,308.0
openmc_runs/case_0004/bol/statepoint.120.h5,2026-08-13 07:27:13,16000,120,30,6.1,11.4,11.1
openmc_runs/case_0004/core_bol/statepoint.170.h5,2026-08-13 07:28:59,100000,170,60,7.6,94.6,92.1
openmc_runs/case_0004/dep_00/openmc_simulation_n0.h5,2026-08-13 07:33:45,16000,120,30,6.4,239.0,238.6
openmc_runs/case_0004/dep_00/openmc_simulation_n1.h5,2026-08-13 07:39:03,16000,120,30,0.0,308.9,308.4
openmc_runs/case_0004/dep_00/openmc_simulation_n2.h5,2026-08-13 07:44:17,16000,120,30,0.0,305.2,304.6
openmc_runs/case_0004/dep_00/openmc_simulation_n3.h5,2026-08-13 07:49:46,16000,120,30,0.0,319.2,318.7
openmc_runs/case_0004/dep_00/openmc_simulation_n4.h5,2026-08-13 07:55:01,16000,120,30,0.0,306.1,305.5
openmc_runs/case_0004/dep_00/openmc_simulation_n5.h5,2026-08-13 08:00:12,16000,120,30,0.0,302.1,301.4
openmc_runs/case_0004/dep_00/statepoint.120.h5,2026-08-13 08:00:12,16000,120,30,0.0,302.1,301.4
openmc_runs/case_0004/dep_01/openmc_simulation_n6.h5,2026-08-13 08:06:19,16000,120,30,6.4,311.4,310.9
openmc_runs/case_0004/dep_01/openmc_simulation_n7.h5,2026-08-13 08:11:39,16000,120,30,0.0,311.7,311.2
openmc_runs/case_0004/dep_01/statepoint.120.h5,2026-08-13 08:11:39,16000,120,30,0.0,311.7,311.2
openmc_runs/case_0004/dep_02/openmc_simulation_n8.h5,2026-08-13 08:17:36,16000,120,30,6.4,299.8,299.3
openmc_runs/case_0004/dep_02/openmc_simulation_n9.h5,2026-08-13 08:22:56,16000,120,30,0.0,311.5,311.1
openmc_runs/case_0004/dep_02/statepoint.120.h5,2026-08-13 08:22:56,16000,120,30,0.0,311.5,311.1
openmc_runs/case_0004/dep_03/openmc_simulation_n10.h5,2026-08-13 08:28:53,16000,120,30,6.4,298.1,297.7
openmc_runs/case_0004/dep_03/openmc_simulation_n11.h5,2026-08-13 08:34:13,16000,120,30,0.0,311.1,310.6
openmc_runs/case_0004/dep_03/statepoint.120.h5,2026-08-13 08:34:13,16000,120,30,0.0,311.1,310.6
openmc_runs/case_0004/dep_04/openmc_simulation_n12.h5,2026-08-13 08:40:09,16000,120,30,6.4,298.6,298.2
openmc_runs/case_0004/dep_04/openmc_simulation_n13.h5,2026-08-13 08:45:26,16000,120,30,0.0,308.3,307.8
openmc_runs/case_0004/dep_04/statepoint.120.h5,2026-08-13 08:45:26,16000,120,30,0.0,308.3,307.8
openmc_runs/case_0004/dep_05/openmc_simulation_n14.h5,2026-08-13 08:51:37,16000,120,30,6.5,312.1,311.0
openmc_runs/case_0004/dep_05/openmc_simulation_n15.h5,2026-08-13 08:56:48,16000,120,30,0.0,301.9,301.4
openmc_runs/case_0004/dep_05/statepoint.120.h5,2026-08-13 08:56:48,16000,120,30,0.0,301.9,301.4
openmc_runs/case_0004/dep_06/openmc_simulation_n16.h5,2026-08-13 09:02:48,16000,120,30,6.3,301.7,301.2
openmc_runs/case_0004/dep_06/openmc_simulation_n17.h5,2026-08-13 09:08:13,16000,120,30,0.0,316.5,316.0
openmc_runs/case_0004/dep_06/statepoint.120.h5,2026-08-13 09:08:13,16000,120,30,0.0,316.5,316.0
openmc_runs/case_0004/dep_07/openmc_simulation_n18.h5,2026-08-13 09:14:44,16000,120,30,6.4,330.4,329.9
openmc_runs/case_0004/dep_07/openmc_simulation_n19.h5,2026-08-13 09:20:19,16000,120,30,0.0,326.7,326.2
openmc_runs/case_0004/dep_07/statepoint.120.h5,2026-08-13 09:20:19,16000,120,30,0.0,326.7,326.2
openmc_runs/case_0004/dep_08/openmc_simulation_n20.h5,2026-08-13 09:26:25,16000,120,30,6.4,305.7,305.2
openmc_runs/case_0004/dep_08/openmc_simulation_n21.h5,2026-08-13 09:31:49,16000,120,30,0.0,313.7,313.2
openmc_runs/case_0004/dep_08/statepoint.120.h5,2026-08-13 09:31:49,16000,120,30,0.0,313.7,313.2
openmc_runs/case_0005/bol/statepoint.120.h5,2026-08-13 09:32:14,16000,120,30,6.1,9.4,9.0
openmc_runs/case_0005/core_bol/statepoint.170.h5,2026-08-13 09:33:44,100000,170,60,7.7,78.7,76.2
openmc_runs/case_0005/dep_00/openmc_simulation_n0.h5,2026-08-13 09:37:40,16000,120,30,6.4,188.5,188.0
openmc_runs/case_0005/dep_00/openmc_simulation_n1.h5,2026-08-13 09:41:43,16000,120,30,0.0,233.6,233.1
openmc_runs/case_0005/dep_00/openmc_simulation_n2.h5,2026-08-13 09:45:54,16000,120,30,0.0,241.8,241.4
openmc_runs/case_0005/dep_00/openmc_simulation_n3.h5,2026-08-13 09:50:05,16000,120,30,0.0,242.6,242.1
openmc_runs/case_0005/dep_00/openmc_simulation_n4.h5,2026-08-13 09:54:18,16000,120,30,0.0,243.3,242.8
openmc_runs/case_0005/dep_00/openmc_simulation_n5.h5,2026-08-13 09:58:32,16000,120,30,0.0,245.1,244.7
openmc_runs/case_0005/dep_00/statepoint.120.h5,2026-08-13 09:58:32,16000,120,30,0.0,245.1,244.7
openmc_runs/case_0005/dep_01/openmc_simulation_n6.h5,2026-08-13 10:03:30,16000,120,30,6.3,241.3,240.9
openmc_runs/case_0005/dep_01/openmc_simulation_n7.h5,2026-08-13 10:07:41,16000,120,30,0.0,241.8,241.3
openmc_runs/case_0005/dep_01/statepoint.120.h5,2026-08-13 10:07:41,16000,120,30,0.0,241.8,241.3
openmc_runs/case_0005/dep_02/openmc_simulation_n8.h5,2026-08-13 10:12:48,16000,120,30,6.3,249.9,249.4
openmc_runs/case_0005/dep_02/openmc_simulation_n9.h5,2026-08-13 10:17:11,16000,120,30,0.0,253.4,252.9
openmc_runs/case_0005/dep_02/statepoint.120.h5,2026-08-13 10:17:11,16000,120,30,0.0,253.4,252.9
openmc_runs/case_0005/dep_03/openmc_simulation_n10.h5,2026-08-13 10:22:11,16000,120,30,6.4,243.4,243.0
openmc_runs/case_0005/dep_03/openmc_simulation_n11.h5,2026-08-13 10:26:18,16000,120,30,0.0,237.9,237.4
openmc_runs/case_0005/dep_03/statepoint.120.h5,2026-08-13 10:26:18,16000,120,30,0.0,237.8,237.4
openmc_runs/case_0005/dep_04/openmc_simulation_n12.h5,2026-08-13 10:31:17,16000,120,30,6.3,240.0,239.5
openmc_runs/case_0005/dep_04/openmc_simulation_n13.h5,2026-08-13 10:35:35,16000,120,30,0.0,248.6,248.2
openmc_runs/case_0005/dep_04/statepoint.120.h5,2026-08-13 10:35:35,16000,120,30,0.0,248.6,248.2
openmc_runs/case_0005/dep_05/openmc_simulation_n14.h5,2026-08-13 10:40:35,16000,120,30,6.4,242.1,241.7
openmc_runs/case_0005/dep_05/openmc_simulation_n15.h5,2026-08-13 10:44:53,16000,120,30,0.0,248.3,247.8
openmc_runs/case_0005/dep_05/statepoint.120.h5,2026-08-13 10:44:53,16000,120,30,0.0,248.3,247.8
openmc_runs/case_0005/dep_06/openmc_simulation_n16.h5,2026-08-13 10:49:53,16000,120,30,6.4,241.3,240.8
openmc_runs/case_0005/dep_06/openmc_simulation_n17.h5,2026-08-13 10:54:02,16000,120,30,0.0,240.1,239.5
openmc_runs/case_0005/dep_06/statepoint.120.h5,2026-08-13 10:54:02,16000,120,30,0.0,240.1,239.5
openmc_runs/case_0005/dep_07/openmc_simulation_n18.h5,2026-08-13 10:58:59,16000,120,30,6.3,238.0,237.6
openmc_runs/case_0005/dep_07/openmc_simulation_n19.h5,2026-08-13 11:03:16,16000,120,30,0.0,247.4,246.9
openmc_runs/case_0005/dep_07/statepoint.120.h5,2026-08-13 11:03:16,16000,120,30,0.0,247.4,246.9
openmc_runs/case_0005/dep_08/openmc_simulation_n20.h5,2026-08-13 11:08:15,16000,120,30,6.4,238.8,238.3
openmc_runs/case_0005/dep_08/openmc_simulation_n21.h5,2026-08-13 11:12:30,16000,120,30,0.0,246.2,245.7
openmc_runs/case_0005/dep_08/statepoint.120.h5,2026-08-13 11:12:30,16000,120,30,0.0,246.2,245.7
openmc_runs/case_0006/bol/statepoint.120.h5,2026-08-13 11:12:56,16000,120,30,6.1,11.0,10.6
openmc_runs/case_0006/core_bol/statepoint.170.h5,2026-08-13 11:14:41,100000,170,60,7.7,93.8,91.4
openmc_runs/case_0006/dep_00/openmc_simulation_n0.h5,2026-08-13 11:19:25,16000,120,30,6.5,236.7,236.2
openmc_runs/case_0006/dep_00/openmc_simulation_n1.h5,2026-08-13 11:24:39,16000,120,30,0.0,304.9,304.4
openmc_runs/case_0006/dep_00/openmc_simulation_n2.h5,2026-08-13 11:30:04,16000,120,30,0.0,314.7,314.1
openmc_runs/case_0006/dep_00/openmc_simulation_n3.h5,2026-08-13 11:35:18,16000,120,30,0.0,304.7,304.2
openmc_runs/case_0006/dep_00/openmc_simulation_n4.h5,2026-08-13 11:40:30,16000,120,30,0.0,302.6,302.1
openmc_runs/case_0006/dep_00/openmc_simulation_n5.h5,2026-08-13 11:45:43,16000,120,30,0.0,304.3,303.9
openmc_runs/case_0006/dep_00/statepoint.120.h5,2026-08-13 11:45:43,16000,120,30,0.0,304.3,303.9
openmc_runs/case_0006/dep_01/openmc_simulation_n6.h5,2026-08-13 11:51:45,16000,120,30,6.5,305.0,304.6
openmc_runs/case_0006/dep_01/openmc_simulation_n7.h5,2026-08-13 11:57:05,16000,120,30,0.0,311.1,310.6
openmc_runs/case_0006/dep_01/statepoint.120.h5,2026-08-13 11:57:05,16000,120,30,0.0,311.1,310.6
openmc_runs/case_0006/dep_02/openmc_simulation_n8.h5,2026-08-13 12:03:05,16000,120,30,6.3,302.0,301.5
openmc_runs/case_0006/dep_02/openmc_simulation_n9.h5,2026-08-13 12:08:23,16000,120,30,0.0,309.2,308.7
openmc_runs/case_0006/dep_02/statepoint.120.h5,2026-08-13 12:08:23,16000,120,30,0.0,309.2,308.7
openmc_runs/case_0006/dep_03/openmc_simulation_n10.h5,2026-08-13 12:14:35,16000,120,30,6.5,312.6,312.1
openmc_runs/case_0006/dep_03/openmc_simulation_n11.h5,2026-08-13 12:19:52,16000,120,30,0.0,308.0,307.5
openmc_runs/case_0006/dep_03/statepoint.120.h5,2026-08-13 12:19:52,16000,120,30,0.0,308.0,307.5
openmc_runs/case_0006/dep_04/openmc_simulation_n12.h5,2026-08-13 12:25:55,16000,120,30,6.5,302.8,302.3
openmc_runs/case_0006/dep_04/openmc_simulation_n13.h5,2026-08-13 12:31:09,16000,120,30,0.0,305.0,304.5
openmc_runs/case_0006/dep_04/statepoint.120.h5,2026-08-13 12:31:09,16000,120,30,0.0,305.0,304.5
openmc_runs/case_0006/dep_05/openmc_simulation_n14.h5,2026-08-13 12:37:24,16000,120,30,6.4,316.3,315.8
openmc_runs/case_0006/dep_05/openmc_simulation_n15.h5,2026-08-13 12:42:51,16000,120,30,0.0,317.5,317.0
openmc_runs/case_0006/dep_05/statepoint.120.h5,2026-08-13 12:42:51,16000,120,30,0.0,317.5,317.0
openmc_runs/case_0006/dep_06/openmc_simulation_n16.h5,2026-08-13 12:49:07,16000,120,30,6.3,317.0,316.5
openmc_runs/case_0006/dep_06/openmc_simulation_n17.h5,2026-08-13 12:54:33,16000,120,30,0.0,316.5,316.0
openmc_runs/case_0006/dep_06/statepoint.120.h5,2026-08-13 12:54:33,16000,120,30,0.0,316.5,316.0
openmc_runs/case_0006/dep_07/openmc_simulation_n18.h5,2026-08-13 13:00:37,16000,120,30,6.4,304.5,304.0
openmc_runs/case_0006/dep_07/openmc_simulation_n19.h5,2026-08-13 13:05:58,16000,120,30,0.0,312.0,311.5
openmc_runs/case_0006/dep_07/statepoint.120.h5,2026-08-13 13:05:58,16000,120,30,0.0,312.0,311.5
openmc_runs/case_0006/dep_08/openmc_simulation_n20.h5,2026-08-13 13:12:03,16000,120,30,6.5,304.6,304.1
openmc_runs/case_0006/dep_08/openmc_simulation_n21.h5,2026-08-13 13:17:25,16000,120,30,0.0,312.1,311.6
openmc_runs/case_0006/dep_08/statepoint.120.h5,2026-08-13 13:17:25,16000,120,30,0.0,312.0,311.6
openmc_runs/case_0007/bol/statepoint.120.h5,2026-08-13 13:17:51,16000,120,30,6.1,11.9,11.6
openmc_runs/case_0007/core_bol/statepoint.170.h5,2026-08-13 13:19:41,100000,170,60,7.8,97.8,95.4
openmc_runs/case_0007/dep_00/openmc_simulation_n0.h5,2026-08-13 13:24:43,16000,120,30,6.4,255.4,254.9
openmc_runs/case_0007/dep_00/openmc_simulation_n1.h5,2026-08-13 13:30:10,16000,120,30,0.0,317.1,316.5
openmc_runs/case_0007/dep_00/openmc_simulation_n2.h5,2026-08-13 13:35:40,16000,120,30,0.0,321.0,320.5
openmc_runs/case_0007/dep_00/openmc_simulation_n3.h5,2026-08-13 13:41:08,16000,120,30,0.0,318.5,318.1
openmc_runs/case_0007/dep_00/openmc_simulation_n4.h5,2026-08-13 13:46:39,16000,120,30,0.0,321.6,321.0
openmc_runs/case_0007/dep_00/openmc_simulation_n5.h5,2026-08-13 13:52:12,16000,120,30,0.0,323.8,323.3
openmc_runs/case_0007/dep_00/statepoint.120.h5,2026-08-13 13:52:12,16000,120,30,0.0,323.8,323.3
openmc_runs/case_0007/dep_01/openmc_simulation_n6.h5,2026-08-13 13:58:25,16000,120,30,6.3,317.1,316.6
openmc_runs/case_0007/dep_01/openmc_simulation_n7.h5,2026-08-13 14:03:59,16000,120,30,0.0,324.6,324.2
openmc_runs/case_0007/dep_01/statepoint.120.h5,2026-08-13 14:03:59,16000,120,30,0.0,324.6,324.2
openmc_runs/case_0007/dep_02/openmc_simulation_n8.h5,2026-08-13 14:10:25,16000,120,30,6.4,328.4,328.0
openmc_runs/case_0007/dep_02/openmc_simulation_n9.h5,2026-08-13 14:16:08,16000,120,30,0.0,333.3,332.8
openmc_runs/case_0007/dep_02/statepoint.120.h5,2026-08-13 14:16:08,16000,120,30,0.0,333.3,332.8
openmc_runs/case_0007/dep_03/openmc_simulation_n10.h5,2026-08-13 14:22:26,16000,120,30,6.5,319.8,319.4
openmc_runs/case_0007/dep_03/openmc_simulation_n11.h5,2026-08-13 14:28:02,16000,120,30,0.0,327.0,326.6
openmc_runs/case_0007/dep_03/statepoint.120.h5,2026-08-13 14:28:02,16000,120,30,0.0,327.0,326.6
openmc_runs/case_0007/dep_04/openmc_simulation_n12.h5,2026-08-13 14:34:36,16000,120,30,6.3,335.1,334.6
openmc_runs/case_0007/dep_04/openmc_simulation_n13.h5,2026-08-13 14:40:21,16000,120,30,0.0,336.3,335.8
openmc_runs/case_0007/dep_04/statepoint.120.h5,2026-08-13 14:40:21,16000,120,30,0.0,336.3,335.8
openmc_runs/case_0007/dep_05/openmc_simulation_n14.h5,2026-08-13 14:46:42,16000,120,30,6.4,320.2,319.8
openmc_runs/case_0007/dep_05/openmc_simulation_n15.h5,2026-08-13 14:52:22,16000,120,30,0.0,329.1,328.7
openmc_runs/case_0007/dep_05/statepoint.120.h5,2026-08-13 14:52:22,16000,120,30,0.0,329.1,328.7
openmc_runs/case_0007/dep_06/openmc_simulation_n16.h5,2026-08-13 14:58:43,16000,120,30,6.3,322.6,322.1
openmc_runs/case_0007/dep_06/openmc_simulation_n17.h5,2026-08-13 15:04:15,16000,120,30,0.0,322.3,321.8
openmc_runs/case_0007/dep_06/statepoint.120.h5,2026-08-13 15:04:15,16000,120,30,0.0,322.2,321.8
openmc_runs/case_0007/dep_07/openmc_simulation_n18.h5,2026-08-13 15:10:31,16000,120,30,6.5,315.4,315.0
openmc_runs/case_0007/dep_07/openmc_simulation_n19.h5,2026-08-13 15:16:05,16000,120,30,0.0,325.3,324.9
openmc_runs/case_0007/dep_07/statepoint.120.h5,2026-08-13 15:16:05,16000,120,30,0.0,325.3,324.9
openmc_runs/case_0007/dep_08/openmc_simulation_n20.h5,2026-08-13 15:22:49,16000,120,30,6.4,340.9,340.1
openmc_runs/case_0007/dep_08/openmc_simulation_n21.h5,2026-08-13 15:28:33,16000,120,30,0.0,335.5,335.0
openmc_runs/case_0007/dep_08/statepoint.120.h5,2026-08-13 15:28:33,16000,120,30,0.0,335.5,335.0
openmc_runs/case_0008/bol/statepoint.120.h5,2026-08-13 15:28:59,16000,120,30,6.2,11.0,10.6
openmc_runs/case_0008/core_bol/statepoint.170.h5,2026-08-13 15:30:40,100000,170,60,7.7,88.9,86.5
openmc_runs/case_0008/dep_00/openmc_simulation_n0.h5,2026-08-13 15:35:09,16000,120,30,6.4,221.8,221.3
openmc_runs/case_0008/dep_00/openmc_simulation_n1.h5,2026-08-13 15:39:50,16000,120,30,0.0,271.1,270.6
openmc_runs/case_0008/dep_00/openmc_simulation_n2.h5,2026-08-13 15:44:33,16000,120,30,0.0,272.4,271.8
openmc_runs/case_0008/dep_00/openmc_simulation_n3.h5,2026-08-13 15:49:21,16000,120,30,0.0,279.2,278.7
openmc_runs/case_0008/dep_00/openmc_simulation_n4.h5,2026-08-13 15:54:09,16000,120,30,0.0,278.7,278.2
openmc_runs/case_0008/dep_00/openmc_simulation_n5.h5,2026-08-13 15:58:58,16000,120,30,0.0,279.5,278.4
openmc_runs/case_0008/dep_00/statepoint.120.h5,2026-08-13 15:58:58,16000,120,30,0.0,279.5,278.4
openmc_runs/case_0008/dep_01/openmc_simulation_n6.h5,2026-08-13 16:04:36,16000,120,30,6.3,281.2,280.7
openmc_runs/case_0008/dep_01/openmc_simulation_n7.h5,2026-08-13 16:09:33,16000,120,30,0.0,286.1,285.6
openmc_runs/case_0008/dep_01/statepoint.120.h5,2026-08-13 16:09:33,16000,120,30,0.0,286.0,285.6
openmc_runs/case_0008/dep_02/openmc_simulation_n8.h5,2026-08-13 16:15:18,16000,120,30,6.4,287.4,287.0
openmc_runs/case_0008/dep_02/openmc_simulation_n9.h5,2026-08-13 16:20:13,16000,120,30,0.0,285.3,284.8
openmc_runs/case_0008/dep_02/statepoint.120.h5,2026-08-13 16:20:13,16000,120,30,0.0,285.3,284.8
openmc_runs/case_0008/dep_03/openmc_simulation_n10.h5,2026-08-13 16:25:52,16000,120,30,6.5,281.4,280.4
openmc_runs/case_0008/dep_03/openmc_simulation_n11.h5,2026-08-13 16:30:37,16000,120,30,0.0,276.3,275.2
openmc_runs/case_0008/dep_03/statepoint.120.h5,2026-08-13 16:30:37,16000,120,30,0.0,276.3,275.2
openmc_runs/case_0008/dep_04/openmc_simulation_n12.h5,2026-08-13 16:36:32,16000,120,30,6.6,292.7,291.7
openmc_runs/case_0008/dep_04/openmc_simulation_n13.h5,2026-08-13 16:41:24,16000,120,30,0.0,282.3,281.7
openmc_runs/case_0008/dep_04/statepoint.120.h5,2026-08-13 16:41:24,16000,120,30,0.0,282.3,281.7
openmc_runs/case_0008/dep_05/openmc_simulation_n14.h5,2026-08-13 16:47:05,16000,120,30,6.6,279.4,278.9
openmc_runs/case_0008/dep_05/openmc_simulation_n15.h5,2026-08-13 16:52:03,16000,120,30,0.0,286.4,285.9
openmc_runs/case_0008/dep_05/statepoint.120.h5,2026-08-13 16:52:03,16000,120,30,0.0,286.4,285.9
openmc_runs/case_0008/dep_06/openmc_simulation_n16.h5,2026-08-13 16:57:42,16000,120,30,6.4,279.0,278.5
openmc_runs/case_0008/dep_06/openmc_simulation_n17.h5,2026-08-13 17:02:32,16000,120,30,0.0,280.8,280.4
openmc_runs/case_0008/dep_06/statepoint.120.h5,2026-08-13 17:02:32,16000,120,30,0.0,280.8,280.4
openmc_runs/case_0008/dep_07/openmc_simulation_n18.h5,2026-08-13 17:08:37,16000,120,30,6.6,302.0,301.4
openmc_runs/case_0008/dep_07/openmc_simulation_n19.h5,2026-08-13 17:13:31,16000,120,30,0.0,284.1,283.5
openmc_runs/case_0008/dep_07/statepoint.120.h5,2026-08-13 17:13:31,16000,120,30,0.0,284.1,283.5
openmc_runs/case_0008/dep_08/openmc_simulation_n20.h5,2026-08-13 17:19:25,16000,120,30,6.4,293.0,292.5
openmc_runs/case_0008/dep_08/statepoint.120.h5,2026-08-13 17:24:31,16000,120,30,0.0,297.1,296.6
openmc_runs/case_0008/dep_08/openmc_simulation_n21.h5,2026-08-13 17:24:32,16000,120,30,0.0,297.1,296.6
openmc_runs/case_0009/bol/statepoint.120.h5,2026-08-13 17:24:59,16000,120,30,6.3,12.1,11.7
openmc_runs/case_0009/core_bol/statepoint.170.h5,2026-08-13 17:26:52,100000,170,60,7.6,102.0,99.5
openmc_runs/case_0009/dep_00/openmc_simulation_n0.h5,2026-08-13 17:31:46,16000,120,30,6.5,246.7,246.3
openmc_runs/case_0009/dep_00/openmc_simulation_n1.h5,2026-08-13 17:37:20,16000,120,30,0.0,323.1,322.3
openmc_runs/case_0009/dep_00/openmc_simulation_n2.h5,2026-08-13 17:42:51,16000,120,30,0.0,321.8,321.4
openmc_runs/case_0009/dep_00/openmc_simulation_n3.h5,2026-08-13 17:48:22,16000,120,30,0.0,321.6,321.2
openmc_runs/case_0009/dep_00/openmc_simulation_n4.h5,2026-08-13 17:53:45,16000,120,30,0.0,313.1,312.7
openmc_runs/case_0009/dep_00/openmc_simulation_n5.h5,2026-08-13 17:59:16,16000,120,30,0.0,321.6,321.2
openmc_runs/case_0009/dep_00/statepoint.120.h5,2026-08-13 17:59:16,16000,120,30,0.0,321.6,321.2
openmc_runs/case_0009/dep_01/openmc_simulation_n6.h5,2026-08-13 18:05:30,16000,120,30,6.4,317.5,317.1
openmc_runs/case_0009/dep_01/openmc_simulation_n7.h5,2026-08-13 18:11:02,16000,120,30,0.0,321.7,321.2
openmc_runs/case_0009/dep_01/statepoint.120.h5,2026-08-13 18:11:02,16000,120,30,0.0,321.7,321.2
openmc_runs/case_0009/dep_02/openmc_simulation_n8.h5,2026-08-13 18:17:15,16000,120,30,6.8,312.4,311.9
openmc_runs/case_0009/dep_02/openmc_simulation_n9.h5,2026-08-13 18:22:40,16000,120,30,0.0,315.2,314.8
openmc_runs/case_0009/dep_02/statepoint.120.h5,2026-08-13 18:22:40,16000,120,30,0.0,315.2,314.8
openmc_runs/case_0009/dep_03/openmc_simulation_n10.h5,2026-08-13 18:29:10,16000,120,30,6.5,331.5,331.0
openmc_runs/case_0009/dep_03/openmc_simulation_n11.h5,2026-08-13 18:34:43,16000,120,30,0.0,321.1,320.7
openmc_runs/case_0009/dep_03/statepoint.120.h5,2026-08-13 18:34:43,16000,120,30,0.0,321.1,320.7
openmc_runs/case_0009/dep_04/openmc_simulation_n12.h5,2026-08-13 18:41:04,16000,120,30,6.5,320.5,320.0
openmc_runs/case_0009/dep_04/openmc_simulation_n13.h5,2026-08-13 18:46:31,16000,120,30,0.0,317.1,316.6
openmc_runs/case_0009/dep_04/statepoint.120.h5,2026-08-13 18:46:31,16000,120,30,0.0,317.1,316.6
openmc_runs/case_0010/bol/statepoint.120.h5,2026-08-13 18:46:55,16000,120,30,6.3,11.7,11.3
openmc_runs/case_0010/core_bol/statepoint.170.h5,2026-08-13 18:48:42,100000,170,60,7.8,95.3,92.8
openmc_runs/case_0010/dep_00/openmc_simulation_n0.h5,2026-08-13 18:53:14,16000,120,30,6.5,223.5,223.0
openmc_runs/case_0010/dep_00/openmc_simulation_n1.h5,2026-08-13 18:58:12,16000,120,30,0.0,288.4,287.9
openmc_runs/case_0010/dep_00/openmc_simulation_n2.h5,2026-08-13 19:03:10,16000,120,30,0.0,287.5,286.7
openmc_runs/case_0010/dep_00/openmc_simulation_n3.h5,2026-08-13 19:08:07,16000,120,30,0.0,287.9,287.4
openmc_runs/case_0010/dep_00/openmc_simulation_n4.h5,2026-08-13 19:13:18,16000,120,30,0.0,299.4,298.9
openmc_runs/case_0010/dep_00/openmc_simulation_n5.h5,2026-08-13 19:18:14,16000,120,30,0.0,285.4,284.8
openmc_runs/case_0010/dep_00/statepoint.120.h5,2026-08-13 19:18:14,16000,120,30,0.0,285.4,284.8
openmc_runs/case_0010/dep_01/openmc_simulation_n6.h5,2026-08-13 19:24:07,16000,120,30,6.6,295.1,294.6
openmc_runs/case_0010/dep_01/openmc_simulation_n7.h5,2026-08-13 19:29:07,16000,120,30,0.0,290.3,289.9
openmc_runs/case_0010/dep_01/statepoint.120.h5,2026-08-13 19:29:07,16000,120,30,0.0,290.3,289.9
openmc_runs/case_0010/dep_02/openmc_simulation_n8.h5,2026-08-13 19:34:51,16000,120,30,6.7,282.2,281.7
openmc_runs/case_0010/dep_02/openmc_simulation_n9.h5,2026-08-13 19:39:56,16000,120,30,0.0,293.9,293.4
openmc_runs/case_0010/dep_02/statepoint.120.h5,2026-08-13 19:39:56,16000,120,30,0.0,293.9,293.4
openmc_runs/case_0010/dep_03/openmc_simulation_n10.h5,2026-08-13 19:45:51,16000,120,30,6.6,296.3,295.9
openmc_runs/case_0010/dep_03/openmc_simulation_n11.h5,2026-08-13 19:50:53,16000,120,30,0.0,292.5,292.0
openmc_runs/case_0010/dep_03/statepoint.120.h5,2026-08-13 19:50:53,16000,120,30,0.0,292.5,292.0
openmc_runs/case_0010/dep_04/openmc_simulation_n12.h5,2026-08-13 19:56:50,16000,120,30,6.7,294.1,293.6
openmc_runs/case_0010/dep_04/openmc_simulation_n13.h5,2026-08-13 20:01:51,16000,120,30,0.0,291.2,289.9
openmc_runs/case_0010/dep_04/statepoint.120.h5,2026-08-13 20:01:51,16000,120,30,0.0,291.2,289.9
openmc_runs/case_0010/dep_05/openmc_simulation_n14.h5,2026-08-13 20:07:41,16000,120,30,6.6,289.4,289.0
openmc_runs/case_0010/dep_05/openmc_simulation_n15.h5,2026-08-13 20:12:45,16000,120,30,0.0,294.0,293.6
openmc_runs/case_0010/dep_05/statepoint.120.h5,2026-08-13 20:12:45,16000,120,30,0.0,294.0,293.6
openmc_runs/case_0010/dep_06/openmc_simulation_n16.h5,2026-08-13 20:18:43,16000,120,30,6.5,294.9,293.9
openmc_runs/case_0010/dep_06/openmc_simulation_n17.h5,2026-08-13 20:23:51,16000,120,30,0.0,297.5,297.0
openmc_runs/case_0010/dep_06/statepoint.120.h5,2026-08-13 20:23:51,16000,120,30,0.0,297.5,297.0
openmc_runs/case_0010/dep_07/openmc_simulation_n18.h5,2026-08-13 20:29:51,16000,120,30,6.4,299.3,298.8
openmc_runs/case_0010/dep_07/openmc_simulation_n19.h5,2026-08-13 20:35:02,16000,120,30,0.0,301.7,301.2
openmc_runs/case_0010/dep_07/statepoint.120.h5,2026-08-13 20:35:02,16000,120,30,0.0,301.6,301.2
openmc_runs/case_0010/dep_08/openmc_simulation_n20.h5,2026-08-13 20:40:51,16000,120,30,6.5,287.4,286.9
openmc_runs/case_0010/dep_08/openmc_simulation_n21.h5,2026-08-13 20:45:55,16000,120,30,0.0,294.4,293.9
openmc_runs/case_0010/dep_08/statepoint.120.h5,2026-08-13 20:45:55,16000,120,30,0.0,294.4,293.9
openmc_runs/case_0011/bol/statepoint.120.h5,2026-08-13 20:46:19,16000,120,30,6.2,9.4,9.0
openmc_runs/case_0011/core_bol/statepoint.170.h5,2026-08-13 20:47:51,100000,170,60,7.7,80.3,77.7
openmc_runs/case_0011/dep_00/openmc_simulation_n0.h5,2026-08-13 20:51:53,16000,120,30,6.7,192.5,192.1
openmc_runs/case_0011/dep_00/openmc_simulation_n1.h5,2026-08-13 20:56:03,16000,120,30,0.0,239.7,239.3
openmc_runs/case_0011/dep_00/openmc_simulation_n2.h5,2026-08-13 21:00:13,16000,120,30,0.0,240.6,240.1
openmc_runs/case_0011/dep_00/openmc_simulation_n3.h5,2026-08-13 21:04:24,16000,120,30,0.0,240.3,239.9
openmc_runs/case_0011/dep_00/openmc_simulation_n4.h5,2026-08-13 21:08:41,16000,120,30,0.0,247.4,247.0
openmc_runs/case_0011/dep_00/openmc_simulation_n5.h5,2026-08-13 21:12:53,16000,120,30,0.0,241.0,240.6
openmc_runs/case_0011/dep_00/statepoint.120.h5,2026-08-13 21:12:53,16000,120,30,0.0,241.0,240.6
openmc_runs/case_0011/dep_01/openmc_simulation_n6.h5,2026-08-13 21:17:49,16000,120,30,6.5,238.5,238.1
openmc_runs/case_0011/dep_01/openmc_simulation_n7.h5,2026-08-13 21:22:04,16000,120,30,0.0,245.2,244.8
openmc_runs/case_0011/dep_01/statepoint.120.h5,2026-08-13 21:22:04,16000,120,30,0.0,245.2,244.8
openmc_runs/case_0011/dep_02/openmc_simulation_n8.h5,2026-08-13 21:27:08,16000,120,30,6.5,245.2,244.8
openmc_runs/case_0011/dep_02/openmc_simulation_n9.h5,2026-08-13 21:31:29,16000,120,30,0.0,251.0,250.5
openmc_runs/case_0011/dep_02/statepoint.120.h5,2026-08-13 21:31:29,16000,120,30,0.0,250.9,250.5
openmc_runs/case_0011/dep_03/openmc_simulation_n10.h5,2026-08-13 21:36:29,16000,120,30,6.5,241.1,240.7
openmc_runs/case_0011/dep_03/openmc_simulation_n11.h5,2026-08-13 21:40:41,16000,120,30,0.0,242.2,241.8
openmc_runs/case_0011/dep_03/statepoint.120.h5,2026-08-13 21:40:41,16000,120,30,0.0,242.2,241.8
openmc_runs/case_0011/dep_04/openmc_simulation_n12.h5,2026-08-13 21:45:47,16000,120,30,6.6,246.5,246.0
openmc_runs/case_0011/dep_04/openmc_simulation_n13.h5,2026-08-13 21:50:00,16000,120,30,0.0,243.0,242.5
openmc_runs/case_0011/dep_04/statepoint.120.h5,2026-08-13 21:50:00,16000,120,30,0.0,243.0,242.5
openmc_runs/case_0011/dep_05/openmc_simulation_n14.h5,2026-08-13 21:55:03,16000,120,30,6.5,242.3,241.8
openmc_runs/case_0011/dep_05/openmc_simulation_n15.h5,2026-08-13 21:59:15,16000,120,30,0.0,242.6,242.2
openmc_runs/case_0011/dep_05/statepoint.120.h5,2026-08-13 21:59:15,16000,120,30,0.0,242.6,242.2
openmc_runs/case_0011/dep_06/openmc_simulation_n16.h5,2026-08-13 22:04:18,16000,120,30,6.5,242.3,241.8
openmc_runs/case_0011/dep_06/openmc_simulation_n17.h5,2026-08-13 22:08:36,16000,120,30,0.0,247.8,247.3
openmc_runs/case_0011/dep_06/statepoint.120.h5,2026-08-13 22:08:36,16000,120,30,0.0,247.8,247.3
openmc_runs/case_0011/dep_07/openmc_simulation_n18.h5,2026-08-13 22:13:49,16000,120,30,6.5,252.0,251.5
openmc_runs/case_0011/dep_07/openmc_simulation_n19.h5,2026-08-13 22:18:00,16000,120,30,0.0,241.2,240.7
openmc_runs/case_0011/dep_07/statepoint.120.h5,2026-08-13 22:18:00,16000,120,30,0.0,241.2,240.7
openmc_runs/case_0011/dep_08/openmc_simulation_n20.h5,2026-08-13 22:23:01,16000,120,30,6.6,239.4,238.9
openmc_runs/case_0011/dep_08/openmc_simulation_n21.h5,2026-08-13 22:27:15,16000,120,30,0.0,243.9,242.9
openmc_runs/case_0011/dep_08/statepoint.120.h5,2026-08-13 22:27:15,16000,120,30,0.0,243.9,242.9
openmc_runs/case_0012/bol/statepoint.120.h5,2026-08-13 22:27:41,16000,120,30,6.2,10.7,10.3
openmc_runs/case_0012/core_bol/statepoint.170.h5,2026-08-13 22:29:23,100000,170,60,7.7,89.9,87.1
openmc_runs/case_0012/dep_00/openmc_simulation_n0.h5,2026-08-13 22:34:06,16000,120,30,6.9,233.8,233.3
openmc_runs/case_0012/dep_00/openmc_simulation_n1.h5,2026-08-13 22:39:02,16000,120,30,0.0,286.1,285.4
openmc_runs/case_0012/dep_00/openmc_simulation_n2.h5,2026-08-13 22:44:02,16000,120,30,0.0,289.7,289.3
openmc_runs/case_0012/dep_00/openmc_simulation_n3.h5,2026-08-13 22:48:58,16000,120,30,0.0,286.0,285.6
openmc_runs/case_0012/dep_00/openmc_simulation_n4.h5,2026-08-13 22:53:58,16000,120,30,0.0,289.5,289.1
openmc_runs/case_0012/dep_00/openmc_simulation_n5.h5,2026-08-13 22:59:10,16000,120,30,0.0,301.7,301.3
openmc_runs/case_0012/dep_00/statepoint.120.h5,2026-08-13 22:59:10,16000,120,30,0.0,301.7,301.3
openmc_runs/case_0012/dep_01/openmc_simulation_n6.h5,2026-08-13 23:05:08,16000,120,30,6.7,297.1,296.6
openmc_runs/case_0012/dep_01/openmc_simulation_n7.h5,2026-08-13 23:10:08,16000,120,30,0.0,290.6,290.1
openmc_runs/case_0012/dep_01/statepoint.120.h5,2026-08-13 23:10:08,16000,120,30,0.0,290.6,290.1
openmc_runs/case_0012/dep_02/openmc_simulation_n8.h5,2026-08-13 23:15:52,16000,120,30,6.6,284.9,284.4
openmc_runs/case_0012/dep_02/openmc_simulation_n9.h5,2026-08-13 23:20:59,16000,120,30,0.0,297.5,296.9
openmc_runs/case_0012/dep_02/statepoint.120.h5,2026-08-13 23:20:59,16000,120,30,0.0,297.5,296.9
openmc_runs/case_0012/dep_03/openmc_simulation_n10.h5,2026-08-13 23:26:51,16000,120,30,6.5,291.7,291.2
openmc_runs/case_0012/dep_03/openmc_simulation_n11.h5,2026-08-13 23:31:57,16000,120,30,0.0,296.5,296.1
openmc_runs/case_0012/dep_03/statepoint.120.h5,2026-08-13 23:31:57,16000,120,30,0.0,296.5,296.1
openmc_runs/case_0012/dep_04/openmc_simulation_n12.h5,2026-08-13 23:37:49,16000,120,30,6.6,291.4,290.9
openmc_runs/case_0012/dep_04/openmc_simulation_n13.h5,2026-08-13 23:42:56,16000,120,30,0.0,296.9,296.4
openmc_runs/case_0012/dep_04/statepoint.120.h5,2026-08-13 23:42:56,16000,120,30,0.0,296.9,296.4
openmc_runs/case_0012/dep_05/openmc_simulation_n14.h5,2026-08-13 23:48:55,16000,120,30,6.5,298.4,297.9
openmc_runs/case_0012/dep_05/openmc_simulation_n15.h5,2026-08-13 23:54:01,16000,120,30,0.0,294.8,294.3
openmc_runs/case_0012/dep_05/statepoint.120.h5,2026-08-13 23:54:01,16000,120,30,0.0,294.8,294.3
openmc_runs/case_0012/dep_06/openmc_simulation_n16.h5,2026-08-14 00:00:01,16000,120,30,6.5,299.7,299.2
openmc_runs/case_0012/dep_06/openmc_simulation_n17.h5,2026-08-14 00:05:04,16000,120,30,0.0,292.7,292.2
openmc_runs/case_0012/dep_06/statepoint.120.h5,2026-08-14 00:05:04,16000,120,30,0.0,292.7,292.2
openmc_runs/case_0012/dep_07/openmc_simulation_n18.h5,2026-08-14 00:10:56,16000,120,30,6.8,288.5,288.0
openmc_runs/case_0012/dep_07/openmc_simulation_n19.h5,2026-08-14 00:16:09,16000,120,30,0.0,303.1,302.6
openmc_runs/case_0012/dep_07/statepoint.120.h5,2026-08-14 00:16:09,16000,120,30,0.0,303.1,302.6
openmc_runs/case_0012/dep_08/openmc_simulation_n20.h5,2026-08-14 00:22:03,16000,120,30,6.6,291.4,290.9
openmc_runs/case_0012/dep_08/openmc_simulation_n21.h5,2026-08-14 00:27:21,16000,120,30,0.0,307.6,307.1
openmc_runs/case_0012/dep_08/statepoint.120.h5,2026-08-14 00:27:21,16000,120,30,0.0,307.6,307.1
openmc_runs/case_0013/bol/statepoint.120.h5,2026-08-14 00:27:47,16000,120,30,6.2,10.9,10.5
openmc_runs/case_0013/core_bol/statepoint.170.h5,2026-08-14 00:29:30,100000,170,60,7.8,91.1,88.4
openmc_runs/case_0013/dep_00/openmc_simulation_n0.h5,2026-08-14 00:33:47,16000,120,30,6.8,206.5,205.9
openmc_runs/case_0013/dep_00/openmc_simulation_n1.h5,2026-08-14 00:38:30,16000,120,30,0.0,271.5,271.1
openmc_runs/case_0013/dep_00/openmc_simulation_n2.h5,2026-08-14 00:43:08,16000,120,30,0.0,267.7,267.1
openmc_runs/case_0013/dep_00/openmc_simulation_n3.h5,2026-08-14 00:47:58,16000,120,30,0.0,277.7,277.2
openmc_runs/case_0013/dep_00/openmc_simulation_n4.h5,2026-08-14 00:52:39,16000,120,30,0.0,271.5,271.0
openmc_runs/case_0013/dep_00/openmc_simulation_n5.h5,2026-08-14 00:57:22,16000,120,30,0.0,271.8,271.3
openmc_runs/case_0013/dep_00/statepoint.120.h5,2026-08-14 00:57:22,16000,120,30,0.0,271.8,271.3
openmc_runs/case_0013/dep_01/openmc_simulation_n6.h5,2026-08-14 01:02:52,16000,120,30,6.5,272.1,271.7
openmc_runs/case_0013/dep_01/openmc_simulation_n7.h5,2026-08-14 01:07:38,16000,120,30,0.0,276.2,275.7
openmc_runs/case_0013/dep_01/statepoint.120.h5,2026-08-14 01:07:38,16000,120,30,0.0,276.2,275.7
openmc_runs/case_0013/dep_02/openmc_simulation_n8.h5,2026-08-14 01:13:06,16000,120,30,6.5,268.7,268.2
openmc_runs/case_0013/dep_02/openmc_simulation_n9.h5,2026-08-14 01:17:49,16000,120,30,0.0,272.4,271.9
openmc_runs/case_0013/dep_02/statepoint.120.h5,2026-08-14 01:17:49,16000,120,30,0.0,272.4,271.9
openmc_runs/case_0013/dep_03/openmc_simulation_n10.h5,2026-08-14 01:23:22,16000,120,30,6.5,274.4,274.0
openmc_runs/case_0013/dep_03/openmc_simulation_n11.h5,2026-08-14 01:28:03,16000,120,30,0.0,270.3,269.9
openmc_runs/case_0013/dep_03/statepoint.120.h5,2026-08-14 01:28:03,16000,120,30,0.0,270.3,269.9
openmc_runs/case_0013/dep_04/openmc_simulation_n12.h5,2026-08-14 01:33:26,16000,120,30,6.6,263.7,263.2
openmc_runs/case_0013/dep_04/openmc_simulation_n13.h5,2026-08-14 01:38:13,16000,120,30,0.0,274.6,274.2
openmc_runs/case_0013/dep_04/statepoint.120.h5,2026-08-14 01:38:13,16000,120,30,0.0,274.6,274.2
openmc_runs/case_0013/dep_05/openmc_simulation_n14.h5,2026-08-14 01:43:50,16000,120,30,6.5,277.1,276.6
openmc_runs/case_0013/dep_05/openmc_simulation_n15.h5,2026-08-14 01:48:31,16000,120,30,0.0,270.2,269.7
openmc_runs/case_0013/dep_05/statepoint.120.h5,2026-08-14 01:48:31,16000,120,30,0.0,270.2,269.7
openmc_runs/case_0013/dep_06/openmc_simulation_n16.h5,2026-08-14 01:54:12,16000,120,30,6.4,280.7,280.2
openmc_runs/case_0013/dep_06/openmc_simulation_n17.h5,2026-08-14 01:58:51,16000,120,30,0.0,269.2,268.7
openmc_runs/case_0013/dep_06/statepoint.120.h5,2026-08-14 01:58:51,16000,120,30,0.0,269.2,268.7
openmc_runs/case_0013/dep_07/openmc_simulation_n18.h5,2026-08-14 02:04:38,16000,120,30,6.4,284.3,283.8
openmc_runs/case_0013/dep_07/openmc_simulation_n19.h5,2026-08-14 02:09:35,16000,120,30,0.0,286.1,285.6
openmc_runs/case_0013/dep_07/statepoint.120.h5,2026-08-14 02:09:35,16000,120,30,0.0,286.1,285.6
openmc_runs/case_0013/dep_08/openmc_simulation_n20.h5,2026-08-14 02:15:10,16000,120,30,6.4,272.1,271.7
openmc_runs/case_0013/dep_08/openmc_simulation_n21.h5,2026-08-14 02:20:00,16000,120,30,0.0,280.3,279.8
openmc_runs/case_0013/dep_08/statepoint.120.h5,2026-08-14 02:20:00,16000,120,30,0.0,280.2,279.8
openmc_runs/case_0014/bol/statepoint.120.h5,2026-08-14 02:20:26,16000,120,30,6.2,11.6,11.2
openmc_runs/case_0014/core_bol/statepoint.170.h5,2026-08-14 02:22:16,100000,170,60,7.7,97.7,94.9
openmc_runs/case_0014/dep_00/openmc_simulation_n0.h5,2026-08-14 02:27:01,16000,120,30,6.6,236.4,234.9
openmc_runs/case_0014/dep_00/openmc_simulation_n1.h5,2026-08-14 02:32:21,16000,120,30,0.0,309.1,308.6
openmc_runs/case_0014/dep_00/openmc_simulation_n2.h5,2026-08-14 02:37:35,16000,120,30,0.0,302.9,302.4
openmc_runs/case_0014/dep_00/openmc_simulation_n3.h5,2026-08-14 02:42:52,16000,120,30,0.0,307.1,306.1
openmc_runs/case_0014/dep_00/openmc_simulation_n4.h5,2026-08-14 02:48:02,16000,120,30,0.0,300.2,299.7
openmc_runs/case_0014/dep_00/openmc_simulation_n5.h5,2026-08-14 02:53:16,16000,120,30,0.0,303.1,302.7
openmc_runs/case_0014/dep_00/statepoint.120.h5,2026-08-14 02:53:16,16000,120,30,0.0,303.1,302.7
openmc_runs/case_0014/dep_01/openmc_simulation_n6.h5,2026-08-14 02:59:14,16000,120,30,6.5,299.7,299.0
openmc_runs/case_0014/dep_01/openmc_simulation_n7.h5,2026-08-14 03:04:24,16000,120,30,0.0,300.0,299.5
openmc_runs/case_0014/dep_01/statepoint.120.h5,2026-08-14 03:04:24,16000,120,30,0.0,300.0,299.5
openmc_runs/case_0014/dep_02/openmc_simulation_n8.h5,2026-08-14 03:10:22,16000,120,30,6.5,299.9,298.9
openmc_runs/case_0014/dep_02/openmc_simulation_n9.h5,2026-08-14 03:15:33,16000,120,30,0.0,300.1,299.6
openmc_runs/case_0014/dep_02/statepoint.120.h5,2026-08-14 03:15:33,16000,120,30,0.0,300.1,299.6
openmc_runs/case_0014/dep_03/openmc_simulation_n10.h5,2026-08-14 03:21:46,16000,120,30,6.5,312.6,312.2
openmc_runs/case_0014/dep_03/openmc_simulation_n11.h5,2026-08-14 03:27:11,16000,120,30,0.0,314.9,314.2
openmc_runs/case_0014/dep_03/statepoint.120.h5,2026-08-14 03:27:11,16000,120,30,0.0,314.9,314.2
openmc_runs/case_0014/dep_04/openmc_simulation_n12.h5,2026-08-14 03:33:13,16000,120,30,6.4,301.0,300.4
openmc_runs/case_0014/dep_04/openmc_simulation_n13.h5,2026-08-14 03:38:40,16000,120,30,0.0,316.3,315.9
openmc_runs/case_0014/dep_04/statepoint.120.h5,2026-08-14 03:38:40,16000,120,30,0.0,316.3,315.9
openmc_runs/case_0014/dep_05/openmc_simulation_n14.h5,2026-08-14 03:44:44,16000,120,30,6.5,304.3,303.8
openmc_runs/case_0014/dep_05/openmc_simulation_n15.h5,2026-08-14 03:49:59,16000,120,30,0.0,303.8,303.3
openmc_runs/case_0014/dep_05/statepoint.120.h5,2026-08-14 03:49:59,16000,120,30,0.0,303.8,303.3
openmc_runs/case_0014/dep_06/openmc_simulation_n16.h5,2026-08-14 03:56:02,16000,120,30,6.6,302.1,301.5
openmc_runs/case_0014/dep_06/openmc_simulation_n17.h5,2026-08-14 04:01:25,16000,120,30,0.0,311.2,310.7
openmc_runs/case_0014/dep_06/statepoint.120.h5,2026-08-14 04:01:25,16000,120,30,0.0,311.2,310.7
openmc_runs/case_0014/dep_07/openmc_simulation_n18.h5,2026-08-14 04:07:39,16000,120,30,6.7,309.0,308.5
openmc_runs/case_0014/dep_07/openmc_simulation_n19.h5,2026-08-14 04:13:03,16000,120,30,0.0,312.7,312.2
openmc_runs/case_0014/dep_07/statepoint.120.h5,2026-08-14 04:13:03,16000,120,30,0.0,312.7,312.2
openmc_runs/case_0014/dep_08/openmc_simulation_n20.h5,2026-08-14 04:19:19,16000,120,30,6.5,313.4,312.9
openmc_runs/case_0014/dep_08/openmc_simulation_n21.h5,2026-08-14 04:24:29,16000,120,30,0.0,300.0,299.5
openmc_runs/case_0014/dep_08/statepoint.120.h5,2026-08-14 04:24:29,16000,120,30,0.0,300.0,299.5
openmc_runs/case_0015/bol/statepoint.120.h5,2026-08-14 04:24:54,16000,120,30,6.3,10.0,9.6
openmc_runs/case_0015/core_bol/statepoint.170.h5,2026-08-14 04:26:27,100000,170,60,7.7,81.1,78.7
openmc_runs/case_0015/dep_00/openmc_simulation_n0.h5,2026-08-14 04:30:21,16000,120,30,6.5,185.8,185.4
openmc_runs/case_0015/dep_00/openmc_simulation_n1.h5,2026-08-14 04:34:38,16000,120,30,0.0,246.8,246.2
openmc_runs/case_0015/dep_00/openmc_simulation_n2.h5,2026-08-14 04:38:58,16000,120,30,0.0,249.4,248.9
openmc_runs/case_0015/dep_00/openmc_simulation_n3.h5,2026-08-14 04:43:17,16000,120,30,0.0,248.8,248.2
openmc_runs/case_0015/dep_00/openmc_simulation_n4.h5,2026-08-14 04:47:37,16000,120,30,0.0,247.3,246.9
openmc_runs/case_0015/dep_00/openmc_simulation_n5.h5,2026-08-14 04:51:49,16000,120,30,0.0,242.4,242.0
openmc_runs/case_0015/dep_00/statepoint.120.h5,2026-08-14 04:51:49,16000,120,30,0.0,242.4,242.0
openmc_runs/case_0015/dep_01/openmc_simulation_n6.h5,2026-08-14 04:56:51,16000,120,30,6.5,243.2,242.8
openmc_runs/case_0015/dep_01/openmc_simulation_n7.h5,2026-08-14 05:01:08,16000,120,30,0.0,246.9,246.5
openmc_runs/case_0015/dep_01/statepoint.120.h5,2026-08-14 05:01:08,16000,120,30,0.0,246.9,246.5
openmc_runs/case_0015/dep_02/openmc_simulation_n8.h5,2026-08-14 05:06:11,16000,120,30,6.5,245.2,244.4
openmc_runs/case_0015/dep_02/openmc_simulation_n9.h5,2026-08-14 05:10:32,16000,120,30,0.0,249.9,249.4
openmc_runs/case_0015/dep_02/statepoint.120.h5,2026-08-14 05:10:32,16000,120,30,0.0,249.9,249.4
openmc_runs/case_0015/dep_03/openmc_simulation_n10.h5,2026-08-14 05:15:38,16000,120,30,6.4,248.0,247.5
openmc_runs/case_0015/dep_03/openmc_simulation_n11.h5,2026-08-14 05:19:58,16000,120,30,0.0,249.3,248.8
openmc_runs/case_0015/dep_03/statepoint.120.h5,2026-08-14 05:19:58,16000,120,30,0.0,249.3,248.8
openmc_runs/case_0015/dep_04/openmc_simulation_n12.h5,2026-08-14 05:25:08,16000,120,30,6.6,250.4,249.9
openmc_runs/case_0015/dep_04/openmc_simulation_n13.h5,2026-08-14 05:29:30,16000,120,30,0.0,251.5,251.0
openmc_runs/case_0015/dep_04/statepoint.120.h5,2026-08-14 05:29:30,16000,120,30,0.0,251.5,251.0
openmc_runs/case_0015/dep_05/openmc_simulation_n14.h5,2026-08-14 05:34:45,16000,120,30,6.4,254.1,253.3
openmc_runs/case_0015/dep_05/statepoint.120.h5,2026-08-14 05:39:03,16000,120,30,0.0,248.5,248.0
openmc_runs/case_0015/dep_05/openmc_simulation_n15.h5,2026-08-14 05:39:04,16000,120,30,0.0,248.5,248.0
openmc_runs/case_0015/dep_06/openmc_simulation_n16.h5,2026-08-14 05:44:10,16000,120,30,6.5,245.2,244.7
openmc_runs/case_0015/dep_06/openmc_simulation_n17.h5,2026-08-14 05:48:27,16000,120,30,0.0,246.6,246.1
openmc_runs/case_0015/dep_06/statepoint.120.h5,2026-08-14 05:48:27,16000,120,30,0.0,246.6,246.1
openmc_runs/case_0015/dep_07/openmc_simulation_n18.h5,2026-08-14 05:53:40,16000,120,30,6.6,252.1,251.4
openmc_runs/case_0015/dep_07/openmc_simulation_n19.h5,2026-08-14 05:57:57,16000,120,30,0.0,245.9,245.5
openmc_runs/case_0015/dep_07/statepoint.120.h5,2026-08-14 05:57:57,16000,120,30,0.0,245.9,245.5
openmc_runs/case_0015/dep_08/openmc_simulation_n20.h5,2026-08-14 06:03:05,16000,120,30,6.5,246.6,246.1
openmc_runs/case_0015/dep_08/openmc_simulation_n21.h5,2026-08-14 06:07:27,16000,120,30,0.0,251.2,250.7
openmc_runs/case_0015/dep_08/statepoint.120.h5,2026-08-14 06:07:27,16000,120,30,0.0,251.2,250.7
openmc_runs/case_0016/bol/statepoint.120.h5,2026-08-14 06:07:53,16000,120,30,6.1,11.4,11.0
openmc_runs/case_0016/core_bol/statepoint.170.h5,2026-08-14 06:09:38,100000,170,60,7.6,92.9,90.4
openmc_runs/case_0016/dep_00/openmc_simulation_n0.h5,2026-08-14 06:14:43,16000,120,30,6.7,256.0,255.6
openmc_runs/case_0016/dep_00/openmc_simulation_n1.h5,2026-08-14 06:20:10,16000,120,30,0.0,314.5,314.0
openmc_runs/case_0016/dep_00/openmc_simulation_n2.h5,2026-08-14 06:25:20,16000,120,30,0.0,299.3,298.8
openmc_runs/case_0016/dep_00/openmc_simulation_n3.h5,2026-08-14 06:30:47,16000,120,30,0.0,316.7,316.2
openmc_runs/case_0016/dep_00/openmc_simulation_n4.h5,2026-08-14 06:36:00,16000,120,30,0.0,301.8,301.3
openmc_runs/case_0016/dep_00/openmc_simulation_n5.h5,2026-08-14 06:41:12,16000,120,30,0.0,301.8,300.7
openmc_runs/case_0016/dep_00/statepoint.120.h5,2026-08-14 06:41:12,16000,120,30,0.0,301.8,300.7
openmc_runs/case_0016/dep_01/openmc_simulation_n6.h5,2026-08-14 06:47:05,16000,120,30,6.6,295.2,294.7
openmc_runs/case_0016/dep_01/openmc_simulation_n7.h5,2026-08-14 06:52:18,16000,120,30,0.0,302.1,301.7
openmc_runs/case_0016/dep_01/statepoint.120.h5,2026-08-14 06:52:18,16000,120,30,0.0,302.1,301.7
openmc_runs/case_0016/dep_02/openmc_simulation_n8.h5,2026-08-14 06:58:18,16000,120,30,6.5,301.1,300.6
openmc_runs/case_0016/dep_02/openmc_simulation_n9.h5,2026-08-14 07:03:27,16000,120,30,0.0,298.0,297.6
openmc_runs/case_0016/dep_02/statepoint.120.h5,2026-08-14 07:03:27,16000,120,30,0.0,298.0,297.6
openmc_runs/case_0016/dep_03/openmc_simulation_n10.h5,2026-08-14 07:09:26,16000,120,30,6.4,299.5,298.9
openmc_runs/case_0016/dep_03/openmc_simulation_n11.h5,2026-08-14 07:14:41,16000,120,30,0.0,304.2,303.8
openmc_runs/case_0016/dep_03/statepoint.120.h5,2026-08-14 07:14:41,16000,120,30,0.0,304.2,303.8
openmc_runs/case_0016/dep_04/openmc_simulation_n12.h5,2026-08-14 07:20:41,16000,120,30,6.5,300.0,299.6
openmc_runs/case_0016/dep_04/openmc_simulation_n13.h5,2026-08-14 07:26:00,16000,120,30,0.0,307.2,306.7
openmc_runs/case_0016/dep_04/statepoint.120.h5,2026-08-14 07:26:00,16000,120,30,0.0,307.2,306.7
openmc_runs/case_0016/dep_05/openmc_simulation_n14.h5,2026-08-14 07:32:01,16000,120,30,6.7,297.1,296.6
openmc_runs/case_0016/dep_05/openmc_simulation_n15.h5,2026-08-14 07:37:15,16000,120,30,0.0,301.7,301.2
openmc_runs/case_0016/dep_05/statepoint.120.h5,2026-08-14 07:37:15,16000,120,30,0.0,301.7,301.2
openmc_runs/case_0016/dep_06/openmc_simulation_n16.h5,2026-08-14 07:43:18,16000,120,30,6.6,299.9,299.4
openmc_runs/case_0016/dep_06/openmc_simulation_n17.h5,2026-08-14 07:48:34,16000,120,30,0.0,305.9,305.5
openmc_runs/case_0016/dep_06/statepoint.120.h5,2026-08-14 07:48:34,16000,120,30,0.0,305.9,305.5
openmc_runs/case_0016/dep_07/openmc_simulation_n18.h5,2026-08-14 07:54:54,16000,120,30,6.6,314.8,314.3
openmc_runs/case_0016/dep_07/openmc_simulation_n19.h5,2026-08-14 08:00:10,16000,120,30,0.0,305.2,304.7
openmc_runs/case_0016/dep_07/statepoint.120.h5,2026-08-14 08:00:10,16000,120,30,0.0,305.2,304.7
openmc_runs/case_0016/dep_08/openmc_simulation_n20.h5,2026-08-14 08:06:24,16000,120,30,6.5,312.3,311.8
openmc_runs/case_0016/dep_08/openmc_simulation_n21.h5,2026-08-14 08:11:50,16000,120,30,0.0,314.8,314.3
openmc_runs/case_0016/dep_08/statepoint.120.h5,2026-08-14 08:11:50,16000,120,30,0.0,314.8,314.3
openmc_runs/case_0017/bol/statepoint.120.h5,2026-08-14 08:12:16,16000,120,30,6.4,11.0,10.6
openmc_runs/case_0017/core_bol/statepoint.170.h5,2026-08-14 08:14:00,100000,170,60,7.6,92.3,89.8
openmc_runs/case_0017/dep_00/openmc_simulation_n0.h5,2026-08-14 08:19:00,16000,120,30,6.7,250.2,249.7
openmc_runs/case_0017/dep_00/openmc_simulation_n1.h5,2026-08-14 08:24:24,16000,120,30,0.0,311.9,311.4
openmc_runs/case_0017/dep_00/openmc_simulation_n2.h5,2026-08-14 08:29:28,16000,120,30,0.0,292.8,292.2
openmc_runs/case_0017/dep_00/openmc_simulation_n3.h5,2026-08-14 08:34:33,16000,120,30,0.0,294.1,293.5
openmc_runs/case_0017/dep_00/openmc_simulation_n4.h5,2026-08-14 08:39:54,16000,120,30,0.0,310.4,310.0
openmc_runs/case_0017/dep_00/openmc_simulation_n5.h5,2026-08-14 08:45:00,16000,120,30,0.0,294.9,294.4
openmc_runs/case_0017/dep_00/statepoint.120.h5,2026-08-14 08:45:00,16000,120,30,0.0,294.9,294.4
openmc_runs/case_0017/dep_01/openmc_simulation_n6.h5,2026-08-14 08:51:01,16000,120,30,6.6,302.9,302.4
openmc_runs/case_0017/dep_01/openmc_simulation_n7.h5,2026-08-14 08:56:08,16000,120,30,0.0,296.1,295.7
openmc_runs/case_0017/dep_01/statepoint.120.h5,2026-08-14 08:56:08,16000,120,30,0.0,296.1,295.7
openmc_runs/case_0017/dep_02/openmc_simulation_n8.h5,2026-08-14 09:02:01,16000,120,30,6.4,294.7,294.3
openmc_runs/case_0017/dep_02/openmc_simulation_n9.h5,2026-08-14 09:07:11,16000,120,30,0.0,298.9,297.9
openmc_runs/case_0017/dep_02/statepoint.120.h5,2026-08-14 09:07:11,16000,120,30,0.0,298.9,297.9
openmc_runs/case_0017/dep_03/openmc_simulation_n10.h5,2026-08-14 09:13:03,16000,120,30,6.4,293.0,292.3
openmc_runs/case_0017/dep_03/openmc_simulation_n11.h5,2026-08-14 09:18:11,16000,120,30,0.0,297.0,296.6
openmc_runs/case_0017/dep_03/statepoint.120.h5,2026-08-14 09:18:11,16000,120,30,0.0,297.0,296.6
openmc_runs/case_0017/dep_04/openmc_simulation_n12.h5,2026-08-14 09:24:12,16000,120,30,6.4,300.4,299.9
openmc_runs/case_0017/dep_04/openmc_simulation_n13.h5,2026-08-14 09:29:22,16000,120,30,0.0,299.1,298.5
openmc_runs/case_0017/dep_04/statepoint.120.h5,2026-08-14 09:29:22,16000,120,30,0.0,299.1,298.5
openmc_runs/case_0017/dep_05/openmc_simulation_n14.h5,2026-08-14 09:35:13,16000,120,30,6.5,288.7,288.2
openmc_runs/case_0017/dep_05/openmc_simulation_n15.h5,2026-08-14 09:40:22,16000,120,30,0.0,298.3,297.8
openmc_runs/case_0017/dep_05/statepoint.120.h5,2026-08-14 09:40:22,16000,120,30,0.0,298.3,297.8
openmc_runs/case_0017/dep_06/openmc_simulation_n16.h5,2026-08-14 09:46:23,16000,120,30,6.7,299.2,298.8
openmc_runs/case_0017/dep_06/openmc_simulation_n17.h5,2026-08-14 09:51:37,16000,120,30,0.0,303.5,303.0
openmc_runs/case_0017/dep_06/statepoint.120.h5,2026-08-14 09:51:37,16000,120,30,0.0,303.5,303.0
openmc_runs/case_0017/dep_07/openmc_simulation_n18.h5,2026-08-14 09:57:32,16000,120,30,6.5,292.6,292.1
openmc_runs/case_0017/dep_07/openmc_simulation_n19.h5,2026-08-14 10:02:45,16000,120,30,0.0,302.3,301.9
openmc_runs/case_0017/dep_07/statepoint.120.h5,2026-08-14 10:02:45,16000,120,30,0.0,302.3,301.9
openmc_runs/case_0017/dep_08/openmc_simulation_n20.h5,2026-08-14 10:08:41,16000,120,30,6.5,293.2,292.6
openmc_runs/case_0017/dep_08/openmc_simulation_n21.h5,2026-08-14 10:13:47,16000,120,30,0.0,295.0,294.5
openmc_runs/case_0017/dep_08/statepoint.120.h5,2026-08-14 10:13:47,16000,120,30,0.0,295.0,294.5
openmc_runs/case_0018/bol/statepoint.120.h5,2026-08-14 10:14:14,16000,120,30,6.2,12.1,11.7
openmc_runs/case_0018/core_bol/statepoint.170.h5,2026-08-14 10:16:03,100000,170,60,7.7,96.9,94.5
openmc_runs/case_0018/dep_00/openmc_simulation_n0.h5,2026-08-14 10:21:02,16000,120,30,6.6,250.5,250.0
openmc_runs/case_0018/dep_00/openmc_simulation_n1.h5,2026-08-14 10:26:37,16000,120,30,0.0,324.2,323.8
openmc_runs/case_0018/dep_00/openmc_simulation_n2.h5,2026-08-14 10:32:18,16000,120,30,0.0,328.7,328.3
openmc_runs/case_0018/dep_00/openmc_simulation_n3.h5,2026-08-14 10:37:45,16000,120,30,0.0,316.3,315.8
openmc_runs/case_0018/dep_00/openmc_simulation_n4.h5,2026-08-14 10:43:11,16000,120,30,0.0,315.1,314.0
openmc_runs/case_0018/dep_00/openmc_simulation_n5.h5,2026-08-14 10:48:42,16000,120,30,0.0,320.1,319.6
openmc_runs/case_0018/dep_00/statepoint.120.h5,2026-08-14 10:48:42,16000,120,30,0.0,320.1,319.6
openmc_runs/case_0018/dep_01/openmc_simulation_n6.h5,2026-08-14 10:55:03,16000,120,30,6.5,322.1,321.6
openmc_runs/case_0018/dep_01/openmc_simulation_n7.h5,2026-08-14 11:00:35,16000,120,30,0.0,321.4,320.9
openmc_runs/case_0018/dep_01/statepoint.120.h5,2026-08-14 11:00:35,16000,120,30,0.0,321.4,320.9
openmc_runs/case_0018/dep_02/openmc_simulation_n8.h5,2026-08-14 11:06:59,16000,120,30,6.6,324.5,324.0
openmc_runs/case_0018/dep_02/openmc_simulation_n9.h5,2026-08-14 11:12:35,16000,120,30,0.0,324.8,324.3
openmc_runs/case_0018/dep_02/statepoint.120.h5,2026-08-14 11:12:35,16000,120,30,0.0,324.8,324.3
openmc_runs/case_0018/dep_03/openmc_simulation_n10.h5,2026-08-14 11:18:53,16000,120,30,6.5,318.3,317.8
openmc_runs/case_0018/dep_03/openmc_simulation_n11.h5,2026-08-14 11:24:27,16000,120,30,0.0,322.3,321.8
openmc_runs/case_0018/dep_03/statepoint.120.h5,2026-08-14 11:24:27,16000,120,30,0.0,322.3,321.8
openmc_runs/case_0018/dep_04/openmc_simulation_n12.h5,2026-08-14 11:30:40,16000,120,30,6.6,312.0,311.6
openmc_runs/case_0018/dep_04/openmc_simulation_n13.h5,2026-08-14 11:36:06,16000,120,30,0.0,315.7,315.3
openmc_runs/case_0018/dep_04/statepoint.120.h5,2026-08-14 11:36:06,16000,120,30,0.0,315.7,315.3
openmc_runs/case_0018/dep_05/openmc_simulation_n14.h5,2026-08-14 11:42:28,16000,120,30,6.6,320.9,320.5
openmc_runs/case_0018/dep_05/openmc_simulation_n15.h5,2026-08-14 11:48:01,16000,120,30,0.0,321.8,321.3
openmc_runs/case_0018/dep_05/statepoint.120.h5,2026-08-14 11:48:01,16000,120,30,0.0,321.8,321.3
openmc_runs/case_0018/dep_06/openmc_simulation_n16.h5,2026-08-14 11:54:26,16000,120,30,6.7,321.0,320.6
openmc_runs/case_0018/dep_06/openmc_simulation_n17.h5,2026-08-14 12:00:02,16000,120,30,0.0,323.4,323.0
openmc_runs/case_0018/dep_06/statepoint.120.h5,2026-08-14 12:00:02,16000,120,30,0.0,323.4,323.0
openmc_runs/case_0018/dep_07/openmc_simulation_n18.h5,2026-08-14 12:06:19,16000,120,30,6.5,314.5,314.1
openmc_runs/case_0018/dep_07/openmc_simulation_n19.h5,2026-08-14 12:11:55,16000,120,30,0.0,325.0,324.5
openmc_runs/case_0018/dep_07/statepoint.120.h5,2026-08-14 12:11:55,16000,120,30,0.0,324.9,324.5
openmc_runs/case_0018/dep_08/openmc_simulation_n20.h5,2026-08-14 12:18:30,16000,120,30,6.5,333.3,332.8
openmc_runs/case_0018/dep_08/openmc_simulation_n21.h5,2026-08-14 12:24:07,16000,120,30,0.0,325.0,324.5
openmc_runs/case_0018/dep_08/statepoint.120.h5,2026-08-14 12:24:07,16000,120,30,0.0,325.0,324.5
openmc_runs/case_0019/bol/statepoint.120.h5,2026-08-14 12:24:33,16000,120,30,6.1,11.8,11.4
openmc_runs/case_0019/core_bol/statepoint.170.h5,2026-08-14 12:26:23,100000,170,60,7.7,97.8,95.3
openmc_runs/case_0019/dep_00/openmc_simulation_n0.h5,2026-08-14 12:31:33,16000,120,30,6.8,260.3,259.8
openmc_runs/case_0019/dep_00/openmc_simulation_n1.h5,2026-08-14 12:37:06,16000,120,30,0.0,319.7,319.3
openmc_runs/case_0019/dep_00/openmc_simulation_n2.h5,2026-08-14 12:42:37,16000,120,30,0.0,320.2,319.8
openmc_runs/case_0019/dep_00/openmc_simulation_n3.h5,2026-08-14 12:48:08,16000,120,30,0.0,319.7,319.2
openmc_runs/case_0019/dep_00/openmc_simulation_n4.h5,2026-08-14 12:53:38,16000,120,30,0.0,319.6,319.1
openmc_runs/case_0019/dep_00/openmc_simulation_n5.h5,2026-08-14 12:59:17,16000,120,30,0.0,327.7,327.2
openmc_runs/case_0019/dep_00/statepoint.120.h5,2026-08-14 12:59:17,16000,120,30,0.0,327.7,327.2
openmc_runs/case_0019/dep_01/openmc_simulation_n6.h5,2026-08-14 13:05:29,16000,120,30,6.5,314.0,313.6
openmc_runs/case_0019/dep_01/openmc_simulation_n7.h5,2026-08-14 13:10:57,16000,120,30,0.0,317.0,316.5
openmc_runs/case_0019/dep_01/statepoint.120.h5,2026-08-14 13:10:57,16000,120,30,0.0,317.0,316.5
openmc_runs/case_0019/dep_02/openmc_simulation_n8.h5,2026-08-14 13:17:19,16000,120,30,6.6,322.2,321.8
openmc_runs/case_0019/dep_02/openmc_simulation_n9.h5,2026-08-14 13:22:56,16000,120,30,0.0,326.6,326.1
openmc_runs/case_0019/dep_02/statepoint.120.h5,2026-08-14 13:22:56,16000,120,30,0.0,326.6,326.1
openmc_runs/case_0019/dep_03/openmc_simulation_n10.h5,2026-08-14 13:29:12,16000,120,30,6.6,316.2,315.2
openmc_runs/case_0019/dep_03/openmc_simulation_n11.h5,2026-08-14 13:34:45,16000,120,30,0.0,321.9,321.4
openmc_runs/case_0019/dep_03/statepoint.120.h5,2026-08-14 13:34:45,16000,120,30,0.0,321.9,321.4
openmc_runs/case_0019/dep_04/openmc_simulation_n12.h5,2026-08-14 13:41:10,16000,120,30,6.5,324.3,323.8
openmc_runs/case_0019/dep_04/openmc_simulation_n13.h5,2026-08-14 13:46:47,16000,120,30,0.0,326.2,325.8
openmc_runs/case_0019/dep_04/statepoint.120.h5,2026-08-14 13:46:47,16000,120,30,0.0,326.2,325.8
openmc_runs/case_0019/dep_05/openmc_simulation_n14.h5,2026-08-14 13:53:14,16000,120,30,6.6,325.7,324.9
openmc_runs/case_0019/dep_05/openmc_simulation_n15.h5,2026-08-14 13:58:48,16000,120,30,0.0,322.5,322.0
openmc_runs/case_0019/dep_05/statepoint.120.h5,2026-08-14 13:58:48,16000,120,30,0.0,322.5,322.0
openmc_runs/case_0019/dep_06/openmc_simulation_n16.h5,2026-08-14 14:05:08,16000,120,30,6.8,316.7,316.2
openmc_runs/case_0019/dep_06/openmc_simulation_n17.h5,2026-08-14 14:10:41,16000,120,30,0.0,322.8,322.4
openmc_runs/case_0019/dep_06/statepoint.120.h5,2026-08-14 14:10:41,16000,120,30,0.0,322.8,322.4
openmc_runs/case_0019/dep_07/openmc_simulation_n18.h5,2026-08-14 14:16:58,16000,120,30,6.5,314.4,313.9
openmc_runs/case_0019/dep_07/openmc_simulation_n19.h5,2026-08-14 14:22:27,16000,120,30,0.0,315.7,315.2
openmc_runs/case_0019/dep_07/statepoint.120.h5,2026-08-14 14:22:27,16000,120,30,0.0,315.7,315.2
openmc_runs/case_0019/dep_08/openmc_simulation_n20.h5,2026-08-14 14:29:01,16000,120,30,6.6,331.5,331.1
openmc_runs/case_0019/dep_08/openmc_simulation_n21.h5,2026-08-14 14:34:39,16000,120,30,0.0,326.5,326.1
openmc_runs/case_0019/dep_08/statepoint.120.h5,2026-08-14 14:34:39,16000,120,30,0.0,326.5,326.1
openmc_runs/case_0020/bol/statepoint.120.h5,2026-08-14 14:35:05,16000,120,30,6.2,11.2,10.8
openmc_runs/case_0020/core_bol/statepoint.170.h5,2026-08-14 14:36:49,100000,170,60,7.8,92.2,89.8
openmc_runs/case_0020/dep_00/openmc_simulation_n0.h5,2026-08-14 14:41:31,16000,120,30,6.7,233.1,232.6
openmc_runs/case_0020/dep_00/openmc_simulation_n1.h5,2026-08-14 14:46:37,16000,120,30,0.0,294.3,293.8
openmc_runs/case_0020/dep_00/openmc_simulation_n2.h5,2026-08-14 14:51:44,16000,120,30,0.0,295.6,295.1
openmc_runs/case_0020/dep_00/openmc_simulation_n3.h5,2026-08-14 14:56:54,16000,120,30,0.0,299.4,298.9
openmc_runs/case_0020/dep_00/openmc_simulation_n4.h5,2026-08-14 15:02:02,16000,120,30,0.0,297.3,296.9
openmc_runs/case_0020/dep_00/openmc_simulation_n5.h5,2026-08-14 15:07:14,16000,120,30,0.0,300.8,300.3
openmc_runs/case_0020/dep_00/statepoint.120.h5,2026-08-14 15:07:14,16000,120,30,0.0,300.8,300.3
openmc_runs/case_0020/dep_01/openmc_simulation_n6.h5,2026-08-14 15:13:10,16000,120,30,6.5,296.4,296.0
openmc_runs/case_0020/dep_01/openmc_simulation_n7.h5,2026-08-14 15:18:16,16000,120,30,0.0,294.4,294.0
openmc_runs/case_0020/dep_01/statepoint.120.h5,2026-08-14 15:18:16,16000,120,30,0.0,294.4,294.0
openmc_runs/case_0020/dep_02/openmc_simulation_n8.h5,2026-08-14 15:24:12,16000,120,30,6.5,296.8,296.4
openmc_runs/case_0020/dep_02/openmc_simulation_n9.h5,2026-08-14 15:29:21,16000,120,30,0.0,298.2,297.7
openmc_runs/case_0020/dep_02/statepoint.120.h5,2026-08-14 15:29:21,16000,120,30,0.0,298.2,297.7
openmc_runs/case_0020/dep_03/openmc_simulation_n10.h5,2026-08-14 15:35:16,16000,120,30,6.6,294.7,294.2
openmc_runs/case_0020/dep_03/openmc_simulation_n11.h5,2026-08-14 15:40:31,16000,120,30,0.0,304.3,303.8
openmc_runs/case_0020/dep_03/statepoint.120.h5,2026-08-14 15:40:31,16000,120,30,0.0,304.3,303.8
openmc_runs/case_0020/dep_04/openmc_simulation_n12.h5,2026-08-14 15:46:26,16000,120,30,6.6,293.8,292.1
openmc_runs/case_0020/dep_04/openmc_simulation_n13.h5,2026-08-14 15:51:45,16000,120,30,0.0,308.1,307.6
openmc_runs/case_0020/dep_04/statepoint.120.h5,2026-08-14 15:51:45,16000,120,30,0.0,308.1,307.6
openmc_runs/case_0020/dep_05/openmc_simulation_n14.h5,2026-08-14 15:57:44,16000,120,30,6.7,293.6,293.1
openmc_runs/case_0020/dep_05/openmc_simulation_n15.h5,2026-08-14 16:02:58,16000,120,30,0.0,303.6,303.1
openmc_runs/case_0020/dep_05/statepoint.120.h5,2026-08-14 16:02:58,16000,120,30,0.0,303.5,303.1
openmc_runs/case_0020/dep_06/openmc_simulation_n16.h5,2026-08-14 16:08:57,16000,120,30,6.7,294.2,293.8
openmc_runs/case_0020/dep_06/openmc_simulation_n17.h5,2026-08-14 16:14:11,16000,120,30,0.0,301.4,300.9
openmc_runs/case_0020/dep_06/statepoint.120.h5,2026-08-14 16:14:11,16000,120,30,0.0,301.3,300.9
openmc_runs/case_0020/dep_07/openmc_simulation_n18.h5,2026-08-14 16:20:23,16000,120,30,6.7,309.0,308.5
openmc_runs/case_0020/dep_07/openmc_simulation_n19.h5,2026-08-14 16:25:39,16000,120,30,0.0,305.2,304.7
openmc_runs/case_0020/dep_07/statepoint.120.h5,2026-08-14 16:25:39,16000,120,30,0.0,305.2,304.7
openmc_runs/case_0020/dep_08/openmc_simulation_n20.h5,2026-08-14 16:31:57,16000,120,30,6.6,314.5,314.1
openmc_runs/case_0020/dep_08/openmc_simulation_n21.h5,2026-08-14 16:37:13,16000,120,30,0.0,303.9,303.5
openmc_runs/case_0020/dep_08/statepoint.120.h5,2026-08-14 16:37:13,16000,120,30,0.0,303.9,303.5
openmc_runs/case_0021/bol/statepoint.120.h5,2026-08-14 16:37:40,16000,120,30,6.2,11.5,11.1
openmc_runs/case_0021/core_bol/statepoint.170.h5,2026-08-14 16:39:29,100000,170,60,7.7,97.8,95.3
openmc_runs/case_0021/dep_00/openmc_simulation_n0.h5,2026-08-14 16:44:41,16000,120,30,6.5,264.0,263.5
openmc_runs/case_0021/dep_00/openmc_simulation_n1.h5,2026-08-14 16:50:09,16000,120,30,0.0,316.0,315.5
openmc_runs/case_0021/dep_00/openmc_simulation_n2.h5,2026-08-14 16:55:34,16000,120,30,0.0,314.4,314.0
openmc_runs/case_0021/dep_00/openmc_simulation_n3.h5,2026-08-14 17:00:50,16000,120,30,0.0,304.6,304.1
openmc_runs/case_0021/dep_00/openmc_simulation_n4.h5,2026-08-14 17:06:14,16000,120,30,0.0,312.2,311.7
openmc_runs/case_0021/dep_00/openmc_simulation_n5.h5,2026-08-14 17:11:38,16000,120,30,0.0,313.2,312.7
openmc_runs/case_0021/dep_00/statepoint.120.h5,2026-08-14 17:11:38,16000,120,30,0.0,313.2,312.7
openmc_runs/case_0021/dep_01/openmc_simulation_n6.h5,2026-08-14 17:17:57,16000,120,30,6.4,320.8,320.3
openmc_runs/case_0021/dep_01/openmc_simulation_n7.h5,2026-08-14 17:23:20,16000,120,30,0.0,312.4,311.9
openmc_runs/case_0021/dep_01/statepoint.120.h5,2026-08-14 17:23:20,16000,120,30,0.0,312.4,311.9
openmc_runs/case_0021/dep_02/openmc_simulation_n8.h5,2026-08-14 17:29:35,16000,120,30,6.6,312.7,312.3
openmc_runs/case_0021/dep_02/openmc_simulation_n9.h5,2026-08-14 17:34:54,16000,120,30,0.0,306.9,306.5
openmc_runs/case_0021/dep_02/statepoint.120.h5,2026-08-14 17:34:54,16000,120,30,0.0,306.9,306.5
openmc_runs/case_0021/dep_03/openmc_simulation_n10.h5,2026-08-14 17:41:01,16000,120,30,6.5,307.8,307.3
openmc_runs/case_0021/dep_03/openmc_simulation_n11.h5,2026-08-14 17:46:30,16000,120,30,0.0,317.7,317.3
openmc_runs/case_0021/dep_03/statepoint.120.h5,2026-08-14 17:46:30,16000,120,30,0.0,317.7,317.3
openmc_runs/case_0021/dep_04/openmc_simulation_n12.h5,2026-08-14 17:53:25,16000,120,30,6.9,351.6,351.1
openmc_runs/case_0021/dep_04/openmc_simulation_n13.h5,2026-08-14 17:59:00,16000,120,30,0.0,323.5,323.0
openmc_runs/case_0021/dep_04/statepoint.120.h5,2026-08-14 17:59:00,16000,120,30,0.0,323.5,323.0
openmc_runs/case_0021/dep_05/openmc_simulation_n14.h5,2026-08-14 18:05:18,16000,120,30,6.7,316.1,315.6
openmc_runs/case_0021/dep_05/openmc_simulation_n15.h5,2026-08-14 18:10:48,16000,120,30,0.0,319.1,318.6
openmc_runs/case_0021/dep_05/statepoint.120.h5,2026-08-14 18:10:48,16000,120,30,0.0,319.1,318.6
openmc_runs/case_0021/dep_06/openmc_simulation_n16.h5,2026-08-14 18:17:14,16000,120,30,6.6,325.3,324.7
openmc_runs/case_0021/dep_06/statepoint.120.h5,2026-08-14 18:22:51,16000,120,30,0.0,326.4,325.9
openmc_runs/case_0021/dep_06/openmc_simulation_n17.h5,2026-08-14 18:22:52,16000,120,30,0.0,326.4,325.9
openmc_runs/case_0021/dep_07/openmc_simulation_n18.h5,2026-08-14 18:29:15,16000,120,30,6.7,321.0,320.5
openmc_runs/case_0021/dep_07/openmc_simulation_n19.h5,2026-08-14 18:34:52,16000,120,30,0.0,326.5,326.1
openmc_runs/case_0021/dep_07/statepoint.120.h5,2026-08-14 18:34:52,16000,120,30,0.0,326.5,326.1
openmc_runs/case_0021/dep_08/openmc_simulation_n20.h5,2026-08-14 18:41:15,16000,120,30,6.8,315.8,315.4
openmc_runs/case_0021/dep_08/openmc_simulation_n21.h5,2026-08-14 18:46:41,16000,120,30,0.0,313.4,313.0
openmc_runs/case_0021/dep_08/statepoint.120.h5,2026-08-14 18:46:41,16000,120,30,0.0,313.4,313.0
openmc_runs/case_0022/bol/statepoint.120.h5,2026-08-14 18:47:08,16000,120,30,6.3,11.5,11.1
openmc_runs/case_0022/core_bol/statepoint.170.h5,2026-08-14 18:48:55,100000,170,60,7.8,95.1,92.7
openmc_runs/case_0022/dep_00/openmc_simulation_n0.h5,2026-08-14 18:53:39,16000,120,30,6.6,235.6,235.1
openmc_runs/case_0022/dep_00/openmc_simulation_n1.h5,2026-08-14 18:58:44,16000,120,30,0.0,293.8,293.4
openmc_runs/case_0022/dep_00/openmc_simulation_n2.h5,2026-08-14 19:03:52,16000,120,30,0.0,297.1,296.6
openmc_runs/case_0022/dep_00/openmc_simulation_n3.h5,2026-08-14 19:09:01,16000,120,30,0.0,298.1,297.5
openmc_runs/case_0022/dep_00/openmc_simulation_n4.h5,2026-08-14 19:14:09,16000,120,30,0.0,295.2,294.7
openmc_runs/case_0022/dep_00/openmc_simulation_n5.h5,2026-08-14 19:19:18,16000,120,30,0.0,298.3,297.9
openmc_runs/case_0022/dep_00/statepoint.120.h5,2026-08-14 19:19:18,16000,120,30,0.0,298.3,297.9
openmc_runs/case_0022/dep_01/openmc_simulation_n6.h5,2026-08-14 19:25:30,16000,120,30,6.7,309.1,308.6
openmc_runs/case_0022/dep_01/openmc_simulation_n7.h5,2026-08-14 19:30:48,16000,120,30,0.0,307.6,306.7
openmc_runs/case_0022/dep_01/statepoint.120.h5,2026-08-14 19:30:48,16000,120,30,0.0,307.5,306.7
openmc_runs/case_0022/dep_02/openmc_simulation_n8.h5,2026-08-14 19:36:52,16000,120,30,7.3,302.9,302.5
openmc_runs/case_0022/dep_02/openmc_simulation_n9.h5,2026-08-14 19:42:08,16000,120,30,0.0,305.8,305.3
openmc_runs/case_0022/dep_02/statepoint.120.h5,2026-08-14 19:42:08,16000,120,30,0.0,305.8,305.3
openmc_runs/case_0022/dep_03/openmc_simulation_n10.h5,2026-08-14 19:48:11,16000,120,30,6.7,302.4,302.0
openmc_runs/case_0022/dep_03/openmc_simulation_n11.h5,2026-08-14 19:53:26,16000,120,30,0.0,303.4,302.9
openmc_runs/case_0022/dep_03/statepoint.120.h5,2026-08-14 19:53:26,16000,120,30,0.0,303.4,302.9
openmc_runs/case_0022/dep_04/openmc_simulation_n12.h5,2026-08-14 19:59:28,16000,120,30,6.9,299.1,298.6
openmc_runs/case_0022/dep_04/openmc_simulation_n13.h5,2026-08-14 20:04:48,16000,120,30,0.0,309.6,309.1
openmc_runs/case_0022/dep_04/statepoint.120.h5,2026-08-14 20:04:48,16000,120,30,0.0,309.6,309.1
openmc_runs/case_0022/dep_05/openmc_simulation_n14.h5,2026-08-14 20:11:02,16000,120,30,6.6,313.0,312.6
openmc_runs/case_0022/dep_05/openmc_simulation_n15.h5,2026-08-14 20:16:16,16000,120,30,0.0,302.7,302.2
openmc_runs/case_0022/dep_05/statepoint.120.h5,2026-08-14 20:16:16,16000,120,30,0.0,302.7,302.2
openmc_runs/case_0022/dep_06/openmc_simulation_n16.h5,2026-08-14 20:22:17,16000,120,30,6.7,298.4,297.9
openmc_runs/case_0022/dep_06/openmc_simulation_n17.h5,2026-08-14 20:27:32,16000,120,30,0.0,304.0,303.5
openmc_runs/case_0022/dep_06/statepoint.120.h5,2026-08-14 20:27:32,16000,120,30,0.0,304.0,303.5
openmc_runs/case_0022/dep_07/openmc_simulation_n18.h5,2026-08-14 20:33:49,16000,120,30,6.6,314.2,313.7
openmc_runs/case_0022/dep_07/openmc_simulation_n19.h5,2026-08-14 20:39:05,16000,120,30,0.0,303.2,302.7
openmc_runs/case_0022/dep_07/statepoint.120.h5,2026-08-14 20:39:05,16000,120,30,0.0,303.2,302.7
openmc_runs/case_0022/dep_08/openmc_simulation_n20.h5,2026-08-14 20:45:12,16000,120,30,6.8,302.0,301.0
openmc_runs/case_0022/dep_08/openmc_simulation_n21.h5,2026-08-14 20:50:30,16000,120,30,0.0,307.0,306.2
openmc_runs/case_0022/dep_08/statepoint.120.h5,2026-08-14 20:50:30,16000,120,30,0.0,307.0,306.2
openmc_runs/case_0023/bol/statepoint.120.h5,2026-08-14 20:50:55,16000,120,30,6.3,10.6,10.1
openmc_runs/case_0023/core_bol/statepoint.170.h5,2026-08-14 20:52:35,100000,170,60,7.8,87.1,84.7
openmc_runs/case_0023/dep_00/openmc_simulation_n0.h5,2026-08-14 20:56:38,16000,120,30,6.6,195.2,194.8
openmc_runs/case_0023/dep_00/openmc_simulation_n1.h5,2026-08-14 21:01:06,16000,120,30,0.0,256.7,256.2
openmc_runs/case_0023/dep_00/openmc_simulation_n2.h5,2026-08-14 21:05:33,16000,120,30,0.0,255.4,254.8
openmc_runs/case_0023/dep_00/openmc_simulation_n3.h5,2026-08-14 21:10:02,16000,120,30,0.0,257.6,257.2
openmc_runs/case_0023/dep_00/openmc_simulation_n4.h5,2026-08-14 21:14:30,16000,120,30,0.0,256.8,256.4
openmc_runs/case_0023/dep_00/openmc_simulation_n5.h5,2026-08-14 21:19:00,16000,120,30,0.0,258.9,258.5
openmc_runs/case_0023/dep_00/statepoint.120.h5,2026-08-14 21:19:00,16000,120,30,0.0,258.9,258.5
openmc_runs/case_0023/dep_01/openmc_simulation_n6.h5,2026-08-14 21:24:21,16000,120,30,6.4,261.0,260.5
openmc_runs/case_0023/dep_01/openmc_simulation_n7.h5,2026-08-14 21:28:59,16000,120,30,0.0,267.4,266.9
openmc_runs/case_0023/dep_01/statepoint.120.h5,2026-08-14 21:28:59,16000,120,30,0.0,267.4,266.9
openmc_runs/case_0023/dep_02/openmc_simulation_n8.h5,2026-08-14 21:34:28,16000,120,30,6.6,266.5,266.0
openmc_runs/case_0023/dep_02/openmc_simulation_n9.h5,2026-08-14 21:39:01,16000,120,30,0.0,261.3,260.8
openmc_runs/case_0023/dep_02/statepoint.120.h5,2026-08-14 21:39:01,16000,120,30,0.0,261.3,260.8
openmc_runs/case_0023/dep_03/openmc_simulation_n10.h5,2026-08-14 21:44:20,16000,120,30,6.8,258.1,257.6
openmc_runs/case_0023/dep_03/openmc_simulation_n11.h5,2026-08-14 21:49:02,16000,120,30,0.0,271.5,271.0
openmc_runs/case_0023/dep_03/statepoint.120.h5,2026-08-14 21:49:02,16000,120,30,0.0,271.5,271.0
openmc_runs/case_0023/dep_04/openmc_simulation_n12.h5,2026-08-14 21:54:21,16000,120,30,6.6,258.6,258.1
openmc_runs/case_0023/dep_04/openmc_simulation_n13.h5,2026-08-14 21:58:51,16000,120,30,0.0,258.7,258.1
openmc_runs/case_0023/dep_04/statepoint.120.h5,2026-08-14 21:58:51,16000,120,30,0.0,258.7,258.1
openmc_runs/case_0023/dep_05/openmc_simulation_n14.h5,2026-08-14 22:04:12,16000,120,30,6.6,259.2,258.1
openmc_runs/case_0023/dep_05/openmc_simulation_n15.h5,2026-08-14 22:08:41,16000,120,30,0.0,258.2,257.7
openmc_runs/case_0023/dep_05/statepoint.120.h5,2026-08-14 22:08:41,16000,120,30,0.0,258.2,257.7
openmc_runs/case_0023/dep_06/openmc_simulation_n16.h5,2026-08-14 22:14:00,16000,120,30,6.5,257.6,257.2
openmc_runs/case_0023/dep_06/openmc_simulation_n17.h5,2026-08-14 22:18:36,16000,120,30,0.0,262.9,262.3
openmc_runs/case_0023/dep_06/statepoint.120.h5,2026-08-14 22:18:36,16000,120,30,0.0,262.9,262.3
openmc_runs/case_0023/dep_07/openmc_simulation_n18.h5,2026-08-14 22:23:58,16000,120,30,6.5,259.9,259.4
openmc_runs/case_0023/dep_07/openmc_simulation_n19.h5,2026-08-14 22:28:31,16000,120,30,0.0,262.0,261.6
openmc_runs/case_0023/dep_07/statepoint.120.h5,2026-08-14 22:28:31,16000,120,30,0.0,262.0,261.6
openmc_runs/case_0023/dep_08/openmc_simulation_n20.h5,2026-08-14 22:33:57,16000,120,30,6.7,262.3,261.8
openmc_runs/case_0023/dep_08/openmc_simulation_n21.h5,2026-08-14 22:38:34,16000,120,30,0.0,266.2,265.6
openmc_runs/case_0023/dep_08/statepoint.120.h5,2026-08-14 22:38:34,16000,120,30,0.0,266.2,265.6
openmc_runs/case_0024/bol/statepoint.120.h5,2026-08-14 22:39:01,16000,120,30,6.3,11.6,11.2
openmc_runs/case_0024/core_bol/statepoint.170.h5,2026-08-14 22:40:47,100000,170,60,7.5,94.6,92.0
openmc_runs/case_0024/dep_00/openmc_simulation_n0.h5,2026-08-14 22:45:23,16000,120,30,6.5,227.4,226.9
openmc_runs/case_0024/dep_00/openmc_simulation_n1.h5,2026-08-14 22:50:26,16000,120,30,0.0,291.0,290.6
openmc_runs/case_0024/dep_00/openmc_simulation_n2.h5,2026-08-14 22:55:26,16000,120,30,0.0,288.9,288.2
openmc_runs/case_0024/dep_00/openmc_simulation_n3.h5,2026-08-14 23:00:29,16000,120,30,0.0,291.5,291.0
openmc_runs/case_0024/dep_00/openmc_simulation_n4.h5,2026-08-14 23:05:29,16000,120,30,0.0,288.5,288.0
openmc_runs/case_0024/dep_00/openmc_simulation_n5.h5,2026-08-14 23:10:29,16000,120,30,0.0,289.4,288.9
openmc_runs/case_0024/dep_00/statepoint.120.h5,2026-08-14 23:10:29,16000,120,30,0.0,289.4,288.9
openmc_runs/case_0024/dep_01/openmc_simulation_n6.h5,2026-08-14 23:16:18,16000,120,30,6.6,287.2,286.6
openmc_runs/case_0024/dep_01/openmc_simulation_n7.h5,2026-08-14 23:21:22,16000,120,30,0.0,292.1,291.5
openmc_runs/case_0024/dep_01/statepoint.120.h5,2026-08-14 23:21:22,16000,120,30,0.0,292.0,291.5
openmc_runs/case_0024/dep_02/openmc_simulation_n8.h5,2026-08-14 23:27:10,16000,120,30,6.6,287.5,287.0
openmc_runs/case_0024/dep_02/openmc_simulation_n9.h5,2026-08-14 23:32:13,16000,120,30,0.0,291.8,291.3
openmc_runs/case_0024/dep_02/statepoint.120.h5,2026-08-14 23:32:13,16000,120,30,0.0,291.8,291.3
openmc_runs/case_0024/dep_03/openmc_simulation_n10.h5,2026-08-14 23:38:05,16000,120,30,6.6,291.3,290.8
openmc_runs/case_0024/dep_03/openmc_simulation_n11.h5,2026-08-14 23:43:09,16000,120,30,0.0,291.4,290.5
openmc_runs/case_0024/dep_03/statepoint.120.h5,2026-08-14 23:43:09,16000,120,30,0.0,291.4,290.5
openmc_runs/case_0024/dep_04/openmc_simulation_n12.h5,2026-08-14 23:49:14,16000,120,30,6.5,303.1,302.6
openmc_runs/case_0024/dep_04/openmc_simulation_n13.h5,2026-08-14 23:54:16,16000,120,30,0.0,290.2,289.7
openmc_runs/case_0024/dep_04/statepoint.120.h5,2026-08-14 23:54:16,16000,120,30,0.0,290.2,289.7
openmc_runs/case_0024/dep_05/openmc_simulation_n14.h5,2026-08-15 00:00:02,16000,120,30,6.7,284.5,284.1
openmc_runs/case_0024/dep_05/openmc_simulation_n15.h5,2026-08-15 00:05:12,16000,120,30,0.0,297.5,297.1
openmc_runs/case_0024/dep_05/statepoint.120.h5,2026-08-15 00:05:12,16000,120,30,0.0,297.5,297.1
openmc_runs/case_0024/dep_06/openmc_simulation_n16.h5,2026-08-15 00:11:08,16000,120,30,6.6,293.0,292.6
openmc_runs/case_0024/dep_06/openmc_simulation_n17.h5,2026-08-15 00:16:19,16000,120,30,0.0,300.0,299.6
openmc_runs/case_0024/dep_06/statepoint.120.h5,2026-08-15 00:16:19,16000,120,30,0.0,300.0,299.6
openmc_runs/case_0024/dep_07/openmc_simulation_n18.h5,2026-08-15 00:22:25,16000,120,30,6.7,301.4,301.0
openmc_runs/case_0024/dep_07/openmc_simulation_n19.h5,2026-08-15 00:27:37,16000,120,30,0.0,300.4,299.9
openmc_runs/case_0024/dep_07/statepoint.120.h5,2026-08-15 00:27:37,16000,120,30,0.0,300.4,299.9
openmc_runs/case_0024/dep_08/openmc_simulation_n20.h5,2026-08-15 00:33:43,16000,120,30,6.9,300.3,299.9
openmc_runs/case_0024/dep_08/openmc_simulation_n21.h5,2026-08-15 00:38:56,16000,120,30,0.0,300.2,299.7
openmc_runs/case_0024/dep_08/statepoint.120.h5,2026-08-15 00:38:56,16000,120,30,0.0,300.2,299.7
openmc_runs/case_0025/bol/statepoint.120.h5,2026-08-15 00:39:24,16000,120,30,6.2,12.2,11.8
openmc_runs/case_0025/core_bol/statepoint.170.h5,2026-08-15 00:41:18,100000,170,60,7.8,102.4,100.0
openmc_runs/case_0025/dep_00/openmc_simulation_n0.h5,2026-08-15 00:46:34,16000,120,30,6.8,266.5,266.1
openmc_runs/case_0025/dep_00/openmc_simulation_n1.h5,2026-08-15 00:52:14,16000,120,30,0.0,327.5,327.1
openmc_runs/case_0025/dep_00/openmc_simulation_n2.h5,2026-08-15 00:57:28,16000,120,30,0.0,302.7,302.1
openmc_runs/case_0025/dep_00/openmc_simulation_n3.h5,2026-08-15 01:02:48,16000,120,30,0.0,308.3,307.6
openmc_runs/case_0025/dep_00/openmc_simulation_n4.h5,2026-08-15 01:08:07,16000,120,30,0.0,305.3,304.8
openmc_runs/case_0025/dep_00/openmc_simulation_n5.h5,2026-08-15 01:13:15,16000,120,30,0.0,296.9,296.4
openmc_runs/case_0025/dep_00/statepoint.120.h5,2026-08-15 01:13:15,16000,120,30,0.0,296.9,296.4
openmc_runs/case_0025/dep_01/openmc_simulation_n6.h5,2026-08-15 01:19:30,16000,120,30,6.6,314.6,314.1
openmc_runs/case_0025/dep_01/openmc_simulation_n7.h5,2026-08-15 01:24:57,16000,120,30,0.0,314.8,314.3
openmc_runs/case_0025/dep_01/statepoint.120.h5,2026-08-15 01:24:57,16000,120,30,0.0,314.8,314.3
openmc_runs/case_0025/dep_02/openmc_simulation_n8.h5,2026-08-15 01:30:52,16000,120,30,6.8,292.9,292.4
openmc_runs/case_0025/dep_02/openmc_simulation_n9.h5,2026-08-15 01:36:12,16000,120,30,0.0,307.0,306.5
openmc_runs/case_0025/dep_02/statepoint.120.h5,2026-08-15 01:36:12,16000,120,30,0.0,307.0,306.5
openmc_runs/case_0025/dep_03/openmc_simulation_n10.h5,2026-08-15 01:42:21,16000,120,30,6.6,307.4,306.9
openmc_runs/case_0025/dep_03/openmc_simulation_n11.h5,2026-08-15 01:47:32,16000,120,30,0.0,299.6,299.2
openmc_runs/case_0025/dep_03/statepoint.120.h5,2026-08-15 01:47:32,16000,120,30,0.0,299.6,299.2
openmc_runs/case_0025/dep_04/openmc_simulation_n12.h5,2026-08-15 01:53:49,16000,120,30,6.9,311.8,311.4
openmc_runs/case_0025/dep_04/openmc_simulation_n13.h5,2026-08-15 01:59:14,16000,120,30,0.0,312.5,312.0
openmc_runs/case_0025/dep_04/statepoint.120.h5,2026-08-15 01:59:14,16000,120,30,0.0,312.5,312.0
openmc_runs/case_0025/dep_05/openmc_simulation_n14.h5,2026-08-15 02:05:30,16000,120,30,6.7,312.5,312.0
openmc_runs/case_0025/dep_05/statepoint.120.h5,2026-08-15 02:10:50,16000,120,30,0.0,309.2,308.7
openmc_runs/case_0025/dep_05/openmc_simulation_n15.h5,2026-08-15 02:10:51,16000,120,30,0.0,309.2,308.7
openmc_runs/case_0025/dep_06/openmc_simulation_n16.h5,2026-08-15 02:17:07,16000,120,30,6.7,313.0,312.6
openmc_runs/case_0025/dep_06/openmc_simulation_n17.h5,2026-08-15 02:22:37,16000,120,30,0.0,316.8,316.3
openmc_runs/case_0025/dep_06/statepoint.120.h5,2026-08-15 02:22:37,16000,120,30,0.0,316.8,316.3
openmc_runs/case_0025/dep_07/openmc_simulation_n18.h5,2026-08-15 02:28:59,16000,120,30,6.5,318.4,317.9
openmc_runs/case_0025/dep_07/openmc_simulation_n19.h5,2026-08-15 02:34:34,16000,120,30,0.0,323.9,322.7
openmc_runs/case_0025/dep_07/statepoint.120.h5,2026-08-15 02:34:34,16000,120,30,0.0,323.9,322.7
openmc_runs/case_0025/dep_08/openmc_simulation_n20.h5,2026-08-15 02:40:39,16000,120,30,6.8,296.5,296.0
openmc_runs/case_0025/dep_08/openmc_simulation_n21.h5,2026-08-15 02:46:06,16000,120,30,0.0,315.3,314.8
openmc_runs/case_0025/dep_08/statepoint.120.h5,2026-08-15 02:46:06,16000,120,30,0.0,315.3,314.8
openmc_runs/case_0026/bol/statepoint.120.h5,2026-08-15 02:46:33,16000,120,30,6.3,11.6,11.2
openmc_runs/case_0026/core_bol/statepoint.170.h5,2026-08-15 02:48:19,100000,170,60,7.8,93.9,91.4
openmc_runs/case_0026/dep_00/openmc_simulation_n0.h5,2026-08-15 02:52:45,16000,120,30,7.0,215.9,215.4
openmc_runs/case_0026/dep_00/openmc_simulation_n1.h5,2026-08-15 02:57:27,16000,120,30,0.0,268.0,267.5
openmc_runs/case_0026/dep_00/openmc_simulation_n2.h5,2026-08-15 03:02:08,16000,120,30,0.0,269.3,268.8
openmc_runs/case_0026/dep_00/openmc_simulation_n3.h5,2026-08-15 03:06:50,16000,120,30,0.0,269.5,269.0
openmc_runs/case_0026/dep_00/openmc_simulation_n4.h5,2026-08-15 03:11:32,16000,120,30,0.0,270.5,269.9
openmc_runs/case_0026/dep_00/openmc_simulation_n5.h5,2026-08-15 03:16:10,16000,120,30,0.0,266.5,266.0
openmc_runs/case_0026/dep_00/statepoint.120.h5,2026-08-15 03:16:10,16000,120,30,0.0,266.5,266.0
openmc_runs/case_0026/dep_01/openmc_simulation_n6.h5,2026-08-15 03:21:42,16000,120,30,6.7,268.5,268.0
openmc_runs/case_0026/dep_01/openmc_simulation_n7.h5,2026-08-15 03:26:27,16000,120,30,0.0,273.5,273.0
openmc_runs/case_0026/dep_01/statepoint.120.h5,2026-08-15 03:26:27,16000,120,30,0.0,273.5,273.0
openmc_runs/case_0026/dep_02/openmc_simulation_n8.h5,2026-08-15 03:32:00,16000,120,30,6.7,272.0,271.4
openmc_runs/case_0026/dep_02/openmc_simulation_n9.h5,2026-08-15 03:36:45,16000,120,30,0.0,273.0,272.5
openmc_runs/case_0026/dep_02/statepoint.120.h5,2026-08-15 03:36:45,16000,120,30,0.0,273.0,272.5
openmc_runs/case_0026/dep_03/openmc_simulation_n10.h5,2026-08-15 03:42:18,16000,120,30,6.6,271.4,270.9
openmc_runs/case_0026/dep_03/openmc_simulation_n11.h5,2026-08-15 03:47:01,16000,120,30,0.0,271.4,270.9
openmc_runs/case_0026/dep_03/statepoint.120.h5,2026-08-15 03:47:01,16000,120,30,0.0,271.4,270.9
openmc_runs/case_0026/dep_04/openmc_simulation_n12.h5,2026-08-15 03:52:42,16000,120,30,6.8,275.7,275.2
openmc_runs/case_0026/dep_04/openmc_simulation_n13.h5,2026-08-15 03:57:25,16000,120,30,0.0,271.3,270.6
openmc_runs/case_0026/dep_04/statepoint.120.h5,2026-08-15 03:57:25,16000,120,30,0.0,271.3,270.6
openmc_runs/case_0026/dep_05/openmc_simulation_n14.h5,2026-08-15 04:03:05,16000,120,30,6.6,277.1,276.6
openmc_runs/case_0026/dep_05/openmc_simulation_n15.h5,2026-08-15 04:07:52,16000,120,30,0.0,275.7,275.2
openmc_runs/case_0026/dep_05/statepoint.120.h5,2026-08-15 04:07:52,16000,120,30,0.0,275.7,275.2
openmc_runs/case_0026/dep_06/openmc_simulation_n16.h5,2026-08-15 04:13:40,16000,120,30,6.9,283.7,283.1
openmc_runs/case_0026/dep_06/openmc_simulation_n17.h5,2026-08-15 04:18:28,16000,120,30,0.0,276.1,275.5
openmc_runs/case_0026/dep_06/statepoint.120.h5,2026-08-15 04:18:28,16000,120,30,0.0,276.1,275.5
openmc_runs/case_0026/dep_07/openmc_simulation_n18.h5,2026-08-15 04:24:01,16000,120,30,6.7,269.2,267.9
openmc_runs/case_0026/dep_07/openmc_simulation_n19.h5,2026-08-15 04:28:54,16000,120,30,0.0,281.3,280.7
openmc_runs/case_0026/dep_07/statepoint.120.h5,2026-08-15 04:28:54,16000,120,30,0.0,281.3,280.7
openmc_runs/case_0026/dep_08/openmc_simulation_n20.h5,2026-08-15 04:34:44,16000,120,30,6.6,286.1,284.7
openmc_runs/case_0026/dep_08/openmc_simulation_n21.h5,2026-08-15 04:39:34,16000,120,30,0.0,277.6,277.1
openmc_runs/case_0026/dep_08/statepoint.120.h5,2026-08-15 04:39:34,16000,120,30,0.0,277.6,277.1
openmc_runs/case_0027/bol/statepoint.120.h5,2026-08-15 04:40:02,16000,120,30,6.2,12.5,12.0
openmc_runs/case_0027/core_bol/statepoint.170.h5,2026-08-15 04:41:55,100000,170,60,8.0,100.6,98.0
openmc_runs/case_0027/dep_00/openmc_simulation_n0.h5,2026-08-15 04:46:29,16000,120,30,6.6,225.4,224.9
openmc_runs/case_0027/dep_00/openmc_simulation_n1.h5,2026-08-15 04:51:14,16000,120,30,0.0,272.8,272.2
openmc_runs/case_0027/dep_00/openmc_simulation_n2.h5,2026-08-15 04:56:05,16000,120,30,0.0,277.1,276.7
openmc_runs/case_0027/dep_00/openmc_simulation_n3.h5,2026-08-15 05:00:57,16000,120,30,0.0,280.4,279.9
openmc_runs/case_0027/dep_00/openmc_simulation_n4.h5,2026-08-15 05:05:43,16000,120,30,0.0,274.8,274.2
openmc_runs/case_0027/dep_00/openmc_simulation_n5.h5,2026-08-15 05:10:31,16000,120,30,0.0,275.2,274.7
openmc_runs/case_0027/dep_00/statepoint.120.h5,2026-08-15 05:10:31,16000,120,30,0.0,275.2,274.7
openmc_runs/case_0027/dep_01/openmc_simulation_n6.h5,2026-08-15 05:15:59,16000,120,30,6.7,268.5,268.0
openmc_runs/case_0027/dep_01/openmc_simulation_n7.h5,2026-08-15 05:20:39,16000,120,30,0.0,268.2,267.6
openmc_runs/case_0027/dep_01/statepoint.120.h5,2026-08-15 05:20:39,16000,120,30,0.0,268.2,267.6
openmc_runs/case_0027/dep_02/openmc_simulation_n8.h5,2026-08-15 05:26:13,16000,120,30,6.7,272.3,271.9
openmc_runs/case_0027/dep_02/openmc_simulation_n9.h5,2026-08-15 05:30:52,16000,120,30,0.0,267.6,267.2
openmc_runs/case_0027/dep_02/statepoint.120.h5,2026-08-15 05:30:52,16000,120,30,0.0,267.6,267.2
openmc_runs/case_0027/dep_03/openmc_simulation_n10.h5,2026-08-15 05:36:33,16000,120,30,7.0,277.9,277.4
openmc_runs/case_0027/dep_03/openmc_simulation_n11.h5,2026-08-15 05:41:29,16000,120,30,0.0,281.9,281.4
openmc_runs/case_0027/dep_03/statepoint.120.h5,2026-08-15 05:41:29,16000,120,30,0.0,281.9,281.4
openmc_runs/case_0027/dep_04/openmc_simulation_n12.h5,2026-08-15 05:47:16,16000,120,30,6.8,283.9,283.4
openmc_runs/case_0027/dep_04/openmc_simulation_n13.h5,2026-08-15 05:52:09,16000,120,30,0.0,280.8,280.3
openmc_runs/case_0027/dep_04/statepoint.120.h5,2026-08-15 05:52:09,16000,120,30,0.0,280.8,280.3
openmc_runs/case_0028/bol/statepoint.120.h5,2026-08-15 05:52:31,16000,120,30,6.2,9.7,9.3
openmc_runs/case_0028/core_bol/statepoint.170.h5,2026-08-15 05:54:03,100000,170,60,7.8,80.0,77.6
openmc_runs/case_0028/dep_00/openmc_simulation_n0.h5,2026-08-15 05:58:16,16000,120,30,7.2,202.6,202.1
openmc_runs/case_0028/dep_00/openmc_simulation_n1.h5,2026-08-15 06:02:43,16000,120,30,0.0,254.6,254.2
openmc_runs/case_0028/dep_00/openmc_simulation_n2.h5,2026-08-15 06:06:59,16000,120,30,0.0,243.3,242.9
openmc_runs/case_0028/dep_00/openmc_simulation_n3.h5,2026-08-15 06:11:28,16000,120,30,0.0,257.2,256.7
openmc_runs/case_0028/dep_00/openmc_simulation_n4.h5,2026-08-15 06:15:52,16000,120,30,0.0,250.5,250.0
openmc_runs/case_0028/dep_00/openmc_simulation_n5.h5,2026-08-15 06:20:12,16000,120,30,0.0,248.2,247.5
openmc_runs/case_0028/dep_00/statepoint.120.h5,2026-08-15 06:20:12,16000,120,30,0.0,248.2,247.5
openmc_runs/case_0028/dep_01/openmc_simulation_n6.h5,2026-08-15 06:25:16,16000,120,30,6.7,243.5,243.0
openmc_runs/case_0028/dep_01/openmc_simulation_n7.h5,2026-08-15 06:29:38,16000,120,30,0.0,249.7,249.2
openmc_runs/case_0028/dep_01/statepoint.120.h5,2026-08-15 06:29:38,16000,120,30,0.0,249.7,249.2
openmc_runs/case_0028/dep_02/openmc_simulation_n8.h5,2026-08-15 06:34:45,16000,120,30,6.9,243.6,243.1
openmc_runs/case_0028/dep_02/openmc_simulation_n9.h5,2026-08-15 06:39:06,16000,120,30,0.0,249.1,248.6
openmc_runs/case_0028/dep_02/statepoint.120.h5,2026-08-15 06:39:06,16000,120,30,0.0,249.0,248.6
openmc_runs/case_0028/dep_03/openmc_simulation_n10.h5,2026-08-15 06:44:17,16000,120,30,6.7,248.5,248.1
openmc_runs/case_0028/dep_03/openmc_simulation_n11.h5,2026-08-15 06:48:41,16000,120,30,0.0,252.4,252.0
openmc_runs/case_0028/dep_03/statepoint.120.h5,2026-08-15 06:48:41,16000,120,30,0.0,252.4,252.0
openmc_runs/case_0028/dep_04/openmc_simulation_n12.h5,2026-08-15 06:53:55,16000,120,30,6.6,251.8,251.3
openmc_runs/case_0028/dep_04/openmc_simulation_n13.h5,2026-08-15 06:58:22,16000,120,30,0.0,254.4,253.9
openmc_runs/case_0028/dep_04/statepoint.120.h5,2026-08-15 06:58:22,16000,120,30,0.0,254.4,253.9
openmc_runs/case_0028/dep_05/openmc_simulation_n14.h5,2026-08-15 07:03:30,16000,120,30,6.6,244.0,243.5
openmc_runs/case_0028/dep_05/openmc_simulation_n15.h5,2026-08-15 07:07:51,16000,120,30,0.0,249.3,248.9
openmc_runs/case_0028/dep_05/statepoint.120.h5,2026-08-15 07:07:51,16000,120,30,0.0,249.3,248.9
openmc_runs/case_0028/dep_06/openmc_simulation_n16.h5,2026-08-15 07:13:06,16000,120,30,6.8,251.8,251.0
openmc_runs/case_0028/dep_06/openmc_simulation_n17.h5,2026-08-15 07:17:31,16000,120,30,0.0,252.4,251.9
openmc_runs/case_0028/dep_06/statepoint.120.h5,2026-08-15 07:17:31,16000,120,30,0.0,252.4,251.9
openmc_runs/case_0028/dep_07/openmc_simulation_n18.h5,2026-08-15 07:22:38,16000,120,30,6.6,243.6,243.1
openmc_runs/case_0028/dep_07/openmc_simulation_n19.h5,2026-08-15 07:26:59,16000,120,30,0.0,248.5,248.0
openmc_runs/case_0028/dep_07/statepoint.120.h5,2026-08-15 07:26:59,16000,120,30,0.0,248.4,248.0
openmc_runs/case_0028/dep_08/openmc_simulation_n20.h5,2026-08-15 07:32:08,16000,120,30,6.7,243.5,243.0
openmc_runs/case_0028/dep_08/openmc_simulation_n21.h5,2026-08-15 07:36:31,16000,120,30,0.0,250.7,250.2
openmc_runs/case_0028/dep_08/statepoint.120.h5,2026-08-15 07:36:31,16000,120,30,0.0,250.7,250.2
openmc_runs/case_0029/bol/statepoint.120.h5,2026-08-15 07:36:56,16000,120,30,6.0,10.7,10.3
openmc_runs/case_0029/core_bol/statepoint.170.h5,2026-08-15 07:38:37,100000,170,60,7.5,89.3,86.5
openmc_runs/case_0029/dep_00/openmc_simulation_n0.h5,2026-08-15 07:43:17,16000,120,30,7.0,230.6,230.1
openmc_runs/case_0029/dep_00/openmc_simulation_n1.h5,2026-08-15 07:48:10,16000,120,30,0.0,280.2,279.6
openmc_runs/case_0029/dep_00/openmc_simulation_n2.h5,2026-08-15 07:53:15,16000,120,30,0.0,292.9,292.4
openmc_runs/case_0029/dep_00/openmc_simulation_n3.h5,2026-08-15 07:58:08,16000,120,30,0.0,280.7,279.6
openmc_runs/case_0029/dep_00/openmc_simulation_n4.h5,2026-08-15 08:03:01,16000,120,30,0.0,280.4,279.8
openmc_runs/case_0029/dep_00/openmc_simulation_n5.h5,2026-08-15 08:07:55,16000,120,30,0.0,281.8,281.3
openmc_runs/case_0029/dep_00/statepoint.120.h5,2026-08-15 08:07:55,16000,120,30,0.0,281.8,281.3
openmc_runs/case_0029/dep_01/openmc_simulation_n6.h5,2026-08-15 08:13:34,16000,120,30,6.8,277.8,277.4
openmc_runs/case_0029/dep_01/openmc_simulation_n7.h5,2026-08-15 08:18:29,16000,120,30,0.0,283.0,282.5
openmc_runs/case_0029/dep_01/statepoint.120.h5,2026-08-15 08:18:29,16000,120,30,0.0,283.0,282.5
openmc_runs/case_0029/dep_02/openmc_simulation_n8.h5,2026-08-15 08:24:11,16000,120,30,6.6,281.7,281.2
openmc_runs/case_0029/dep_02/openmc_simulation_n9.h5,2026-08-15 08:29:08,16000,120,30,0.0,283.9,283.5
openmc_runs/case_0029/dep_02/statepoint.120.h5,2026-08-15 08:29:08,16000,120,30,0.0,283.9,283.5
openmc_runs/case_0029/dep_03/openmc_simulation_n10.h5,2026-08-15 08:34:51,16000,120,30,6.7,281.1,280.6
openmc_runs/case_0029/dep_03/openmc_simulation_n11.h5,2026-08-15 08:39:47,16000,120,30,0.0,283.9,283.4
openmc_runs/case_0029/dep_03/statepoint.120.h5,2026-08-15 08:39:47,16000,120,30,0.0,283.9,283.4
openmc_runs/case_0029/dep_04/openmc_simulation_n12.h5,2026-08-15 08:45:25,16000,120,30,6.9,275.3,274.9
openmc_runs/case_0029/dep_04/openmc_simulation_n13.h5,2026-08-15 08:50:16,16000,120,30,0.0,278.2,277.7
openmc_runs/case_0029/dep_04/statepoint.120.h5,2026-08-15 08:50:16,16000,120,30,0.0,278.2,277.7
openmc_runs/case_0029/dep_05/openmc_simulation_n14.h5,2026-08-15 08:55:56,16000,120,30,6.7,278.4,277.8
openmc_runs/case_0029/dep_05/openmc_simulation_n15.h5,2026-08-15 09:00:53,16000,120,30,0.0,284.3,283.1
openmc_runs/case_0029/dep_05/statepoint.120.h5,2026-08-15 09:00:53,16000,120,30,0.0,284.3,283.1
openmc_runs/case_0029/dep_06/openmc_simulation_n16.h5,2026-08-15 09:06:36,16000,120,30,6.8,280.0,279.5
openmc_runs/case_0029/dep_06/openmc_simulation_n17.h5,2026-08-15 09:11:35,16000,120,30,0.0,286.2,285.8
openmc_runs/case_0029/dep_06/statepoint.120.h5,2026-08-15 09:11:35,16000,120,30,0.0,286.2,285.8
openmc_runs/case_0029/dep_07/openmc_simulation_n18.h5,2026-08-15 09:17:25,16000,120,30,6.7,282.9,282.4
openmc_runs/case_0029/dep_07/statepoint.120.h5,2026-08-15 09:22:23,16000,120,30,0.0,286.4,286.0
openmc_runs/case_0029/dep_07/openmc_simulation_n19.h5,2026-08-15 09:22:24,16000,120,30,0.0,286.4,286.0
openmc_runs/case_0029/dep_08/openmc_simulation_n20.h5,2026-08-15 09:28:11,16000,120,30,6.7,282.5,282.1
openmc_runs/case_0029/dep_08/openmc_simulation_n21.h5,2026-08-15 09:33:08,16000,120,30,0.0,284.9,284.4
openmc_runs/case_0029/dep_08/statepoint.120.h5,2026-08-15 09:33:08,16000,120,30,0.0,284.9,284.4
openmc_runs/case_0030/bol/statepoint.120.h5,2026-08-15 09:33:36,16000,120,30,6.0,12.5,12.1
openmc_runs/case_0030/core_bol/statepoint.170.h5,2026-08-15 09:35:34,100000,170,60,7.8,106.1,103.3
openmc_runs/case_0030/dep_00/openmc_simulation_n0.h5,2026-08-15 09:41:13,16000,120,30,6.9,290.5,290.0
openmc_runs/case_0030/dep_00/openmc_simulation_n1.h5,2026-08-15 09:47:05,16000,120,30,0.0,338.9,338.4
openmc_runs/case_0030/dep_00/openmc_simulation_n2.h5,2026-08-15 09:52:59,16000,120,30,0.0,341.6,341.1
openmc_runs/case_0030/dep_00/openmc_simulation_n3.h5,2026-08-15 09:59:19,16000,120,30,0.0,367.7,366.7
openmc_runs/case_0030/dep_00/openmc_simulation_n4.h5,2026-08-15 10:05:14,16000,120,30,0.0,342.5,342.0
openmc_runs/case_0030/dep_00/openmc_simulation_n5.h5,2026-08-15 10:11:35,16000,120,30,0.0,368.5,368.1
openmc_runs/case_0030/dep_00/statepoint.120.h5,2026-08-15 10:11:35,16000,120,30,0.0,368.5,368.1
openmc_runs/case_0030/dep_01/openmc_simulation_n6.h5,2026-08-15 10:18:14,16000,120,30,6.6,338.4,337.8
openmc_runs/case_0030/dep_01/openmc_simulation_n7.h5,2026-08-15 10:24:33,16000,120,30,0.0,366.0,365.5
openmc_runs/case_0030/dep_01/statepoint.120.h5,2026-08-15 10:24:33,16000,120,30,0.0,366.0,365.5
openmc_runs/case_0030/dep_02/openmc_simulation_n8.h5,2026-08-15 10:31:37,16000,120,30,6.7,361.0,360.5
openmc_runs/case_0030/dep_02/openmc_simulation_n9.h5,2026-08-15 10:37:45,16000,120,30,0.0,355.8,355.3
openmc_runs/case_0030/dep_02/statepoint.120.h5,2026-08-15 10:37:45,16000,120,30,0.0,355.8,355.3
openmc_runs/case_0030/dep_03/openmc_simulation_n10.h5,2026-08-15 10:44:31,16000,120,30,6.6,343.8,343.3
openmc_runs/case_0030/dep_03/openmc_simulation_n11.h5,2026-08-15 10:50:35,16000,120,30,0.0,351.8,351.3
openmc_runs/case_0030/dep_03/statepoint.120.h5,2026-08-15 10:50:35,16000,120,30,0.0,351.8,351.3
openmc_runs/case_0030/dep_04/openmc_simulation_n12.h5,2026-08-15 10:57:43,16000,120,30,6.7,363.2,362.7
openmc_runs/case_0030/dep_04/openmc_simulation_n13.h5,2026-08-15 11:03:50,16000,120,30,0.0,355.3,354.8
openmc_runs/case_0030/dep_04/statepoint.120.h5,2026-08-15 11:03:50,16000,120,30,0.0,355.3,354.8
openmc_runs/case_0030/dep_05/openmc_simulation_n14.h5,2026-08-15 11:10:50,16000,120,30,6.7,358.0,357.5
openmc_runs/case_0030/dep_05/openmc_simulation_n15.h5,2026-08-15 11:16:51,16000,120,30,0.0,349.0,348.5
openmc_runs/case_0030/dep_05/statepoint.120.h5,2026-08-15 11:16:51,16000,120,30,0.0,348.9,348.5
openmc_runs/case_0030/dep_06/openmc_simulation_n16.h5,2026-08-15 11:23:42,16000,120,30,6.9,348.1,347.6
openmc_runs/case_0030/dep_06/openmc_simulation_n17.h5,2026-08-15 11:29:34,16000,120,30,0.0,339.2,338.8
openmc_runs/case_0030/dep_06/statepoint.120.h5,2026-08-15 11:29:34,16000,120,30,0.0,339.2,338.8
openmc_runs/case_0031/bol/statepoint.120.h5,2026-08-15 11:29:58,16000,120,30,6.2,10.5,10.1
openmc_runs/case_0031/core_bol/statepoint.170.h5,2026-08-15 11:31:36,100000,170,60,7.7,85.9,83.4
openmc_runs/case_0031/dep_00/openmc_simulation_n0.h5,2026-08-15 11:35:56,16000,120,30,7.0,210.1,209.6
openmc_runs/case_0031/dep_00/openmc_simulation_n1.h5,2026-08-15 11:40:40,16000,120,30,0.0,272.2,271.7
openmc_runs/case_0031/dep_00/openmc_simulation_n2.h5,2026-08-15 11:45:27,16000,120,30,0.0,274.6,274.1
openmc_runs/case_0031/dep_00/openmc_simulation_n3.h5,2026-08-15 11:50:10,16000,120,30,0.0,270.6,270.2
openmc_runs/case_0031/dep_00/openmc_simulation_n4.h5,2026-08-15 11:54:54,16000,120,30,0.0,271.5,271.1
openmc_runs/case_0031/dep_00/openmc_simulation_n5.h5,2026-08-15 11:59:39,16000,120,30,0.0,273.3,272.8
openmc_runs/case_0031/dep_00/statepoint.120.h5,2026-08-15 11:59:39,16000,120,30,0.0,273.3,272.8
openmc_runs/case_0031/dep_01/openmc_simulation_n6.h5,2026-08-15 12:05:11,16000,120,30,6.8,270.9,270.4
openmc_runs/case_0031/dep_01/openmc_simulation_n7.h5,2026-08-15 12:09:56,16000,120,30,0.0,270.3,269.8
openmc_runs/case_0031/dep_01/statepoint.120.h5,2026-08-15 12:09:56,16000,120,30,0.0,270.3,269.8
openmc_runs/case_0031/dep_02/openmc_simulation_n8.h5,2026-08-15 12:15:24,16000,120,30,6.8,267.7,267.2
openmc_runs/case_0031/dep_02/openmc_simulation_n9.h5,2026-08-15 12:20:22,16000,120,30,0.0,285.3,284.8
openmc_runs/case_0031/dep_02/statepoint.120.h5,2026-08-15 12:20:22,16000,120,30,0.0,285.2,284.8
openmc_runs/case_0031/dep_03/openmc_simulation_n10.h5,2026-08-15 12:26:14,16000,120,30,7.1,286.6,286.1
openmc_runs/case_0031/dep_03/statepoint.120.h5,2026-08-15 12:31:00,16000,120,30,0.0,274.7,274.3
openmc_runs/case_0031/dep_03/openmc_simulation_n11.h5,2026-08-15 12:31:01,16000,120,30,0.0,274.8,274.3
openmc_runs/case_0031/dep_04/openmc_simulation_n12.h5,2026-08-15 12:36:37,16000,120,30,6.9,274.5,273.1
openmc_runs/case_0031/dep_04/openmc_simulation_n13.h5,2026-08-15 12:41:29,16000,120,30,0.0,277.6,277.1
openmc_runs/case_0031/dep_04/statepoint.120.h5,2026-08-15 12:41:29,16000,120,30,0.0,277.6,277.1
openmc_runs/case_0031/dep_05/openmc_simulation_n14.h5,2026-08-15 12:47:14,16000,120,30,6.8,282.5,281.6
openmc_runs/case_0031/dep_05/openmc_simulation_n15.h5,2026-08-15 12:52:07,16000,120,30,0.0,280.2,279.7
openmc_runs/case_0031/dep_05/statepoint.120.h5,2026-08-15 12:52:07,16000,120,30,0.0,280.2,279.7
openmc_runs/case_0031/dep_06/openmc_simulation_n16.h5,2026-08-15 12:57:46,16000,120,30,6.9,272.1,271.6
openmc_runs/case_0031/dep_06/openmc_simulation_n17.h5,2026-08-15 13:02:33,16000,120,30,0.0,274.8,274.4
openmc_runs/case_0031/dep_06/statepoint.120.h5,2026-08-15 13:02:33,16000,120,30,0.0,274.8,274.4
openmc_runs/case_0031/dep_07/openmc_simulation_n18.h5,2026-08-15 13:08:15,16000,120,30,6.8,277.7,277.2
openmc_runs/case_0031/dep_07/openmc_simulation_n19.h5,2026-08-15 13:13:06,16000,120,30,0.0,278.4,277.9
openmc_runs/case_0031/dep_07/statepoint.120.h5,2026-08-15 13:13:06,16000,120,30,0.0,278.4,277.9
openmc_runs/case_0031/dep_08/openmc_simulation_n20.h5,2026-08-15 13:18:44,16000,120,30,6.9,272.8,272.3
openmc_runs/case_0031/dep_08/openmc_simulation_n21.h5,2026-08-15 13:23:32,16000,120,30,0.0,275.1,274.3
openmc_runs/case_0031/dep_08/statepoint.120.h5,2026-08-15 13:23:32,16000,120,30,0.0,275.1,274.3
openmc_runs/case_0032/bol/statepoint.120.h5,2026-08-15 13:23:58,16000,120,30,6.2,11.3,10.9
openmc_runs/case_0032/core_bol/statepoint.170.h5,2026-08-15 13:25:41,100000,170,60,7.9,91.0,88.6
openmc_runs/case_0032/dep_00/openmc_simulation_n0.h5,2026-08-15 13:30:23,16000,120,30,6.7,233.8,233.4
openmc_runs/case_0032/dep_00/openmc_simulation_n1.h5,2026-08-15 13:35:40,16000,120,30,0.0,304.5,304.1
openmc_runs/case_0032/dep_00/openmc_simulation_n2.h5,2026-08-15 13:40:56,16000,120,30,0.0,301.4,300.9
openmc_runs/case_0032/dep_00/openmc_simulation_n3.h5,2026-08-15 13:46:15,16000,120,30,0.0,305.4,304.9
openmc_runs/case_0032/dep_00/openmc_simulation_n4.h5,2026-08-15 13:51:45,16000,120,30,0.0,315.9,315.3
openmc_runs/case_0032/dep_00/openmc_simulation_n5.h5,2026-08-15 13:57:04,16000,120,30,0.0,306.0,305.6
openmc_runs/case_0032/dep_00/statepoint.120.h5,2026-08-15 13:57:04,16000,120,30,0.0,306.0,305.6
openmc_runs/case_0032/dep_01/openmc_simulation_n6.h5,2026-08-15 14:03:11,16000,120,30,6.7,306.4,305.9
openmc_runs/case_0032/dep_01/openmc_simulation_n7.h5,2026-08-15 14:08:34,16000,120,30,0.0,310.7,310.2
openmc_runs/case_0032/dep_01/statepoint.120.h5,2026-08-15 14:08:34,16000,120,30,0.0,310.7,310.2
openmc_runs/case_0032/dep_02/openmc_simulation_n8.h5,2026-08-15 14:14:41,16000,120,30,6.8,305.2,304.8
openmc_runs/case_0032/dep_02/openmc_simulation_n9.h5,2026-08-15 14:19:55,16000,120,30,0.0,301.8,301.3
openmc_runs/case_0032/dep_02/statepoint.120.h5,2026-08-15 14:19:55,16000,120,30,0.0,301.8,301.3
openmc_runs/case_0032/dep_03/openmc_simulation_n10.h5,2026-08-15 14:26:06,16000,120,30,6.8,307.1,306.6
openmc_runs/case_0032/dep_03/openmc_simulation_n11.h5,2026-08-15 14:31:25,16000,120,30,0.0,304.9,304.2
openmc_runs/case_0032/dep_03/statepoint.120.h5,2026-08-15 14:31:25,16000,120,30,0.0,304.7,304.2
openmc_runs/case_0032/dep_04/openmc_simulation_n12.h5,2026-08-15 14:37:40,16000,120,30,6.9,309.1,308.7
openmc_runs/case_0032/dep_04/openmc_simulation_n13.h5,2026-08-15 14:43:06,16000,120,30,0.0,313.4,313.0
openmc_runs/case_0032/dep_04/statepoint.120.h5,2026-08-15 14:43:06,16000,120,30,0.0,313.4,313.0
openmc_runs/case_0032/dep_05/openmc_simulation_n14.h5,2026-08-15 14:49:21,16000,120,30,6.9,307.9,307.4
openmc_runs/case_0032/dep_05/openmc_simulation_n15.h5,2026-08-15 14:54:41,16000,120,30,0.0,305.9,305.4
openmc_runs/case_0032/dep_05/statepoint.120.h5,2026-08-15 14:54:41,16000,120,30,0.0,305.9,305.4
openmc_runs/case_0032/dep_06/openmc_simulation_n16.h5,2026-08-15 15:00:47,16000,120,30,6.7,302.5,301.6
openmc_runs/case_0032/dep_06/openmc_simulation_n17.h5,2026-08-15 15:06:11,16000,120,30,0.0,311.4,310.9
openmc_runs/case_0032/dep_06/statepoint.120.h5,2026-08-15 15:06:11,16000,120,30,0.0,311.4,310.9
openmc_runs/case_0032/dep_07/openmc_simulation_n18.h5,2026-08-15 15:12:31,16000,120,30,6.8,315.2,314.6
openmc_runs/case_0032/dep_07/openmc_simulation_n19.h5,2026-08-15 15:17:59,16000,120,30,0.0,315.0,314.6
openmc_runs/case_0032/dep_07/statepoint.120.h5,2026-08-15 15:17:59,16000,120,30,0.0,315.0,314.6
openmc_runs/case_0032/dep_08/openmc_simulation_n20.h5,2026-08-15 15:24:15,16000,120,30,6.9,310.3,309.8
openmc_runs/case_0032/dep_08/openmc_simulation_n21.h5,2026-08-15 15:29:37,16000,120,30,0.0,309.7,309.3
openmc_runs/case_0032/dep_08/statepoint.120.h5,2026-08-15 15:29:37,16000,120,30,0.0,309.7,309.3
openmc_runs/case_0033/bol/statepoint.120.h5,2026-08-15 15:30:06,16000,120,30,6.2,13.5,13.1
openmc_runs/case_0033/core_bol/statepoint.170.h5,2026-08-15 15:32:06,100000,170,60,7.8,108.9,106.5
openmc_runs/case_0033/dep_00/openmc_simulation_n0.h5,2026-08-15 15:37:34,16000,120,30,6.7,279.1,278.7
openmc_runs/case_0033/dep_00/openmc_simulation_n1.h5,2026-08-15 15:43:39,16000,120,30,0.0,351.5,351.1
openmc_runs/case_0033/dep_00/openmc_simulation_n2.h5,2026-08-15 15:49:50,16000,120,30,0.0,358.0,357.5
openmc_runs/case_0033/dep_00/openmc_simulation_n3.h5,2026-08-15 15:56:00,16000,120,30,0.0,357.8,357.4
openmc_runs/case_0033/dep_00/openmc_simulation_n4.h5,2026-08-15 16:02:07,16000,120,30,0.0,351.8,351.4
openmc_runs/case_0033/dep_00/openmc_simulation_n5.h5,2026-08-15 16:08:09,16000,120,30,0.0,350.0,349.6
openmc_runs/case_0033/dep_00/statepoint.120.h5,2026-08-15 16:08:09,16000,120,30,0.0,350.0,349.6
openmc_runs/case_0033/dep_01/openmc_simulation_n6.h5,2026-08-15 16:15:00,16000,120,30,6.8,350.0,349.5
openmc_runs/case_0033/dep_01/openmc_simulation_n7.h5,2026-08-15 16:21:04,16000,120,30,0.0,351.9,351.5
openmc_runs/case_0033/dep_01/statepoint.120.h5,2026-08-15 16:21:04,16000,120,30,0.0,351.9,351.5
openmc_runs/case_0033/dep_02/openmc_simulation_n8.h5,2026-08-15 16:27:59,16000,120,30,6.6,353.2,351.9
openmc_runs/case_0033/dep_02/openmc_simulation_n9.h5,2026-08-15 16:34:12,16000,120,30,0.0,360.1,359.6
openmc_runs/case_0033/dep_02/statepoint.120.h5,2026-08-15 16:34:12,16000,120,30,0.0,360.1,359.6
openmc_runs/case_0034/bol/statepoint.120.h5,2026-08-15 16:34:35,16000,120,30,6.2,11.9,11.6
openmc_runs/case_0034/core_bol/statepoint.170.h5,2026-08-15 16:36:29,100000,170,60,7.8,102.1,99.7
openmc_runs/case_0034/dep_00/openmc_simulation_n0.h5,2026-08-15 16:41:31,16000,120,30,6.7,253.7,253.3
openmc_runs/case_0034/dep_00/openmc_simulation_n1.h5,2026-08-15 16:46:59,16000,120,30,0.0,314.0,313.6
openmc_runs/case_0034/dep_00/openmc_simulation_n2.h5,2026-08-15 16:52:42,16000,120,30,0.0,329.0,328.6
openmc_runs/case_0034/dep_00/openmc_simulation_n3.h5,2026-08-15 16:58:12,16000,120,30,0.0,318.2,317.8
openmc_runs/case_0034/dep_00/openmc_simulation_n4.h5,2026-08-15 17:03:44,16000,120,30,0.0,317.4,316.8
openmc_runs/case_0034/dep_00/openmc_simulation_n5.h5,2026-08-15 17:09:18,16000,120,30,0.0,321.5,321.0
openmc_runs/case_0034/dep_00/statepoint.120.h5,2026-08-15 17:09:18,16000,120,30,0.0,321.5,321.0
openmc_runs/case_0034/dep_01/openmc_simulation_n6.h5,2026-08-15 17:15:37,16000,120,30,6.8,318.5,318.0
openmc_runs/case_0034/dep_01/openmc_simulation_n7.h5,2026-08-15 17:21:09,16000,120,30,0.0,319.3,318.8
openmc_runs/case_0034/dep_01/statepoint.120.h5,2026-08-15 17:21:09,16000,120,30,0.0,319.3,318.8
openmc_runs/case_0034/dep_02/openmc_simulation_n8.h5,2026-08-15 17:27:36,16000,120,30,6.6,323.3,322.8
openmc_runs/case_0034/dep_02/openmc_simulation_n9.h5,2026-08-15 17:33:10,16000,120,30,0.0,321.2,320.7
openmc_runs/case_0034/dep_02/statepoint.120.h5,2026-08-15 17:33:10,16000,120,30,0.0,321.2,320.7
openmc_runs/case_0034/dep_03/openmc_simulation_n10.h5,2026-08-15 17:39:32,16000,120,30,6.8,320.4,319.9
openmc_runs/case_0034/dep_03/openmc_simulation_n11.h5,2026-08-15 17:45:06,16000,120,30,0.0,318.8,318.1
openmc_runs/case_0034/dep_03/statepoint.120.h5,2026-08-15 17:45:06,16000,120,30,0.0,318.8,318.1
openmc_runs/case_0035/bol/statepoint.120.h5,2026-08-15 17:45:29,16000,120,30,6.3,11.2,10.8
openmc_runs/case_0035/core_bol/statepoint.170.h5,2026-08-15 17:47:17,100000,170,60,7.8,96.1,93.6
openmc_runs/case_0035/dep_00/openmc_simulation_n0.h5,2026-08-15 17:51:58,16000,120,30,6.8,231.8,231.3
openmc_runs/case_0035/dep_00/openmc_simulation_n1.h5,2026-08-15 17:57:09,16000,120,30,0.0,298.2,297.7
openmc_runs/case_0035/dep_00/openmc_simulation_n2.h5,2026-08-15 18:02:14,16000,120,30,0.0,292.3,291.9
openmc_runs/case_0035/dep_00/openmc_simulation_n3.h5,2026-08-15 18:07:20,16000,120,30,0.0,292.6,292.1
openmc_runs/case_0035/dep_00/openmc_simulation_n4.h5,2026-08-15 18:12:31,16000,120,30,0.0,298.6,298.2
openmc_runs/case_0035/dep_00/openmc_simulation_n5.h5,2026-08-15 18:17:40,16000,120,30,0.0,296.9,296.4
openmc_runs/case_0035/dep_00/statepoint.120.h5,2026-08-15 18:17:40,16000,120,30,0.0,296.9,296.4
openmc_runs/case_0035/dep_01/openmc_simulation_n6.h5,2026-08-15 18:23:31,16000,120,30,6.8,289.9,289.4
openmc_runs/case_0035/dep_01/openmc_simulation_n7.h5,2026-08-15 18:28:43,16000,120,30,0.0,298.8,298.3
openmc_runs/case_0035/dep_01/statepoint.120.h5,2026-08-15 18:28:43,16000,120,30,0.0,298.8,298.3
openmc_runs/case_0035/dep_02/openmc_simulation_n8.h5,2026-08-15 18:34:38,16000,120,30,6.9,292.9,292.2
openmc_runs/case_0035/dep_02/openmc_simulation_n9.h5,2026-08-15 18:39:51,16000,120,30,0.0,301.1,300.7
openmc_runs/case_0035/dep_02/statepoint.120.h5,2026-08-15 18:39:51,16000,120,30,0.0,301.1,300.7
openmc_runs/case_0035/dep_03/openmc_simulation_n10.h5,2026-08-15 18:45:49,16000,120,30,6.8,294.8,294.4
openmc_runs/case_0035/dep_03/openmc_simulation_n11.h5,2026-08-15 18:51:01,16000,120,30,0.0,299.2,298.7
openmc_runs/case_0035/dep_03/statepoint.120.h5,2026-08-15 18:51:01,16000,120,30,0.0,299.1,298.7
openmc_runs/case_0035/dep_04/openmc_simulation_n12.h5,2026-08-15 18:57:01,16000,120,30,7.1,292.8,292.4
openmc_runs/case_0035/dep_04/openmc_simulation_n13.h5,2026-08-15 19:02:15,16000,120,30,0.0,301.5,301.0
openmc_runs/case_0035/dep_04/statepoint.120.h5,2026-08-15 19:02:15,16000,120,30,0.0,301.5,301.0
openmc_runs/case_0035/dep_05/openmc_simulation_n14.h5,2026-08-15 19:08:16,16000,120,30,6.9,297.1,296.6
openmc_runs/case_0035/dep_05/openmc_simulation_n15.h5,2026-08-15 19:13:25,16000,120,30,0.0,296.0,295.6
openmc_runs/case_0035/dep_05/statepoint.120.h5,2026-08-15 19:13:25,16000,120,30,0.0,296.0,295.6
openmc_runs/case_0035/dep_06/openmc_simulation_n16.h5,2026-08-15 19:19:28,16000,120,30,6.8,297.9,297.4
openmc_runs/case_0035/dep_06/openmc_simulation_n17.h5,2026-08-15 19:24:43,16000,120,30,0.0,302.4,301.9
openmc_runs/case_0035/dep_06/statepoint.120.h5,2026-08-15 19:24:43,16000,120,30,0.0,302.4,301.9
openmc_runs/case_0035/dep_07/openmc_simulation_n18.h5,2026-08-15 19:30:54,16000,120,30,6.9,305.7,305.2
openmc_runs/case_0035/dep_07/openmc_simulation_n19.h5,2026-08-15 19:36:07,16000,120,30,0.0,300.2,299.6
openmc_runs/case_0035/dep_07/statepoint.120.h5,2026-08-15 19:36:07,16000,120,30,0.0,300.2,299.6
openmc_runs/case_0035/dep_08/openmc_simulation_n20.h5,2026-08-15 19:42:28,16000,120,30,6.8,315.7,315.2
openmc_runs/case_0035/dep_08/openmc_simulation_n21.h5,2026-08-15 19:48:05,16000,120,30,0.0,321.8,321.3
openmc_runs/case_0035/dep_08/statepoint.120.h5,2026-08-15 19:48:05,16000,120,30,0.0,321.8,321.3
openmc_runs/case_0036/bol/statepoint.120.h5,2026-08-19 00:30:49,16000,120,30,13.6,12.8,12.4
openmc_runs/case_0036/core_bol/statepoint.170.h5,2026-08-19 00:32:44,100000,170,60,9.5,101.9,99.5
openmc_runs/case_0036/dep_00/openmc_simulation_n0.h5,2026-08-19 00:38:41,16000,120,30,6.4,263.6,263.2
openmc_runs/case_0036/dep_00/openmc_simulation_n1.h5,2026-08-19 00:44:00,16000,120,30,0.0,311.8,311.4
openmc_runs/case_0036/dep_00/openmc_simulation_n2.h5,2026-08-19 00:49:45,16000,120,30,0.0,339.3,338.9
openmc_runs/case_0036/dep_00/openmc_simulation_n3.h5,2026-08-19 00:55:21,16000,120,30,0.0,329.7,329.3
openmc_runs/case_0036/dep_00/openmc_simulation_n4.h5,2026-08-19 01:00:44,16000,120,30,0.0,317.8,317.5
openmc_runs/case_0036/dep_00/openmc_simulation_n5.h5,2026-08-19 01:06:20,16000,120,30,0.0,329.2,328.8
openmc_runs/case_0036/dep_00/statepoint.120.h5,2026-08-19 01:06:20,16000,120,30,0.0,329.2,328.8
openmc_runs/case_0036/dep_01/openmc_simulation_n6.h5,2026-08-19 01:12:39,16000,120,30,6.6,323.9,323.5
openmc_runs/case_0036/dep_01/openmc_simulation_n7.h5,2026-08-19 01:18:14,16000,120,30,0.0,327.7,327.3
openmc_runs/case_0036/dep_01/statepoint.120.h5,2026-08-19 01:18:14,16000,120,30,0.0,327.7,327.3
openmc_runs/case_0036/dep_02/openmc_simulation_n8.h5,2026-08-19 01:24:28,16000,120,30,6.5,320.0,319.6
openmc_runs/case_0036/dep_02/openmc_simulation_n9.h5,2026-08-19 01:29:59,16000,120,30,0.0,325.5,325.1
openmc_runs/case_0036/dep_02/statepoint.120.h5,2026-08-19 01:29:59,16000,120,30,0.0,325.5,325.1
openmc_runs/case_0036/dep_03/openmc_simulation_n10.h5,2026-08-19 01:36:14,16000,120,30,6.4,320.0,319.5
openmc_runs/case_0036/dep_03/openmc_simulation_n11.h5,2026-08-19 01:41:53,16000,120,30,0.0,333.6,333.1
openmc_runs/case_0036/dep_03/statepoint.120.h5,2026-08-19 01:41:53,16000,120,30,0.0,333.6,333.1
openmc_runs/case_0036/dep_04/openmc_simulation_n12.h5,2026-08-19 01:48:12,16000,120,30,6.4,323.1,322.6
openmc_runs/case_0036/dep_04/openmc_simulation_n13.h5,2026-08-19 01:53:45,16000,120,30,0.0,326.7,326.2
openmc_runs/case_0036/dep_04/statepoint.120.h5,2026-08-19 01:53:45,16000,120,30,0.0,326.7,326.2
openmc_runs/case_0036/dep_05/openmc_simulation_n14.h5,2026-08-19 01:59:58,16000,120,30,6.4,317.4,317.0
openmc_runs/case_0036/dep_05/openmc_simulation_n15.h5,2026-08-19 02:05:27,16000,120,30,0.0,322.5,322.0
openmc_runs/case_0036/dep_05/statepoint.120.h5,2026-08-19 02:05:27,16000,120,30,0.0,322.5,322.0
openmc_runs/case_0036/dep_06/openmc_simulation_n16.h5,2026-08-19 02:11:48,16000,120,30,6.4,324.6,324.0
openmc_runs/case_0036/dep_06/openmc_simulation_n17.h5,2026-08-19 02:17:25,16000,120,30,0.0,330.4,329.9
openmc_runs/case_0036/dep_06/statepoint.120.h5,2026-08-19 02:17:25,16000,120,30,0.0,330.4,329.9
openmc_runs/case_0036/dep_07/openmc_simulation_n18.h5,2026-08-19 02:23:54,16000,120,30,6.3,332.9,332.5
openmc_runs/case_0036/dep_07/openmc_simulation_n19.h5,2026-08-19 02:29:34,16000,120,30,0.0,333.6,333.1
openmc_runs/case_0036/dep_07/statepoint.120.h5,2026-08-19 02:29:34,16000,120,30,0.0,333.6,333.1
openmc_runs/case_0036/dep_08/openmc_simulation_n20.h5,2026-08-19 02:36:08,16000,120,30,6.5,336.0,335.6
openmc_runs/case_0036/dep_08/openmc_simulation_n21.h5,2026-08-19 02:41:41,16000,120,30,0.0,326.5,326.0
openmc_runs/case_0036/dep_08/statepoint.120.h5,2026-08-19 02:41:41,16000,120,30,0.0,326.4,326.0
openmc_runs/case_0037/bol/statepoint.120.h5,2026-08-19 02:42:09,16000,120,30,6.1,12.7,12.3
openmc_runs/case_0037/core_bol/statepoint.170.h5,2026-08-19 02:44:08,100000,170,60,7.9,107.5,105.1
openmc_runs/case_0037/dep_00/openmc_simulation_n0.h5,2026-08-19 02:49:16,16000,120,30,6.4,261.2,260.7
openmc_runs/case_0037/dep_00/openmc_simulation_n1.h5,2026-08-19 02:54:44,16000,120,30,0.0,320.9,320.4
openmc_runs/case_0037/dep_00/openmc_simulation_n2.h5,2026-08-19 03:00:04,16000,120,30,0.0,313.6,313.1
openmc_runs/case_0037/dep_00/openmc_simulation_n3.h5,2026-08-19 03:05:20,16000,120,30,0.0,309.5,309.0
openmc_runs/case_0037/dep_00/openmc_simulation_n4.h5,2026-08-19 03:10:38,16000,120,30,0.0,311.3,310.8
openmc_runs/case_0037/dep_00/openmc_simulation_n5.h5,2026-08-19 03:15:58,16000,120,30,0.0,313.4,312.9
openmc_runs/case_0037/dep_00/statepoint.120.h5,2026-08-19 03:15:58,16000,120,30,0.0,313.4,312.9
openmc_runs/case_0037/dep_01/openmc_simulation_n6.h5,2026-08-19 03:21:55,16000,120,30,6.3,304.6,304.1
openmc_runs/case_0037/dep_01/openmc_simulation_n7.h5,2026-08-19 03:27:14,16000,120,30,0.0,312.3,311.8
openmc_runs/case_0037/dep_01/statepoint.120.h5,2026-08-19 03:27:14,16000,120,30,0.0,312.2,311.8
openmc_runs/case_0037/dep_02/openmc_simulation_n8.h5,2026-08-19 03:33:24,16000,120,30,6.3,315.9,315.4
openmc_runs/case_0037/dep_02/openmc_simulation_n9.h5,2026-08-19 03:38:46,16000,120,30,0.0,315.4,315.0
openmc_runs/case_0037/dep_02/statepoint.120.h5,2026-08-19 03:38:46,16000,120,30,0.0,315.4,315.0
openmc_runs/case_0037/dep_03/openmc_simulation_n10.h5,2026-08-19 03:45:04,16000,120,30,6.3,322.2,321.8
openmc_runs/case_0037/dep_03/openmc_simulation_n11.h5,2026-08-19 03:50:28,16000,120,30,0.0,317.4,316.9
openmc_runs/case_0037/dep_03/statepoint.120.h5,2026-08-19 03:50:28,16000,120,30,0.0,317.4,316.9
openmc_runs/case_0037/dep_04/openmc_simulation_n12.h5,2026-08-19 03:56:47,16000,120,30,6.6,322.7,322.3
openmc_runs/case_0037/dep_04/openmc_simulation_n13.h5,2026-08-19 04:02:10,16000,120,30,0.0,316.1,315.7
openmc_runs/case_0037/dep_04/statepoint.120.h5,2026-08-19 04:02:10,16000,120,30,0.0,316.1,315.7
openmc_runs/case_0037/dep_05/openmc_simulation_n14.h5,2026-08-19 04:08:26,16000,120,30,6.4,320.4,319.9
openmc_runs/case_0037/dep_05/openmc_simulation_n15.h5,2026-08-19 04:13:48,16000,120,30,0.0,315.3,314.8
openmc_runs/case_0037/dep_05/statepoint.120.h5,2026-08-19 04:13:48,16000,120,30,0.0,315.3,314.8
openmc_runs/case_0037/dep_06/openmc_simulation_n16.h5,2026-08-19 04:19:55,16000,120,30,6.3,309.8,309.3
openmc_runs/case_0037/dep_06/openmc_simulation_n17.h5,2026-08-19 04:25:23,16000,120,30,0.0,320.1,319.6
openmc_runs/case_0037/dep_06/statepoint.120.h5,2026-08-19 04:25:23,16000,120,30,0.0,320.1,319.6
openmc_runs/case_0037/dep_07/openmc_simulation_n18.h5,2026-08-19 04:31:41,16000,120,30,6.2,321.9,321.4
openmc_runs/case_0037/dep_07/openmc_simulation_n19.h5,2026-08-19 04:37:11,16000,120,30,0.0,322.1,321.6
openmc_runs/case_0037/dep_07/statepoint.120.h5,2026-08-19 04:37:11,16000,120,30,0.0,322.1,321.6
openmc_runs/case_0037/dep_08/openmc_simulation_n20.h5,2026-08-19 04:43:19,16000,120,30,6.3,311.4,310.9
openmc_runs/case_0037/dep_08/openmc_simulation_n21.h5,2026-08-19 04:48:40,16000,120,30,0.0,313.3,312.8
openmc_runs/case_0037/dep_08/statepoint.120.h5,2026-08-19 04:48:40,16000,120,30,0.0,313.3,312.8
openmc_runs/case_0038/bol/statepoint.120.h5,2026-08-19 04:49:06,16000,120,30,6.1,11.3,10.9
openmc_runs/case_0038/core_bol/statepoint.170.h5,2026-08-19 04:50:53,100000,170,60,7.7,96.3,93.9
openmc_runs/case_0038/dep_00/openmc_simulation_n0.h5,2026-08-19 04:55:50,16000,120,30,6.4,249.9,249.5
openmc_runs/case_0038/dep_00/openmc_simulation_n1.h5,2026-08-19 05:01:13,16000,120,30,0.0,315.6,315.1
openmc_runs/case_0038/dep_00/openmc_simulation_n2.h5,2026-08-19 05:06:32,16000,120,30,0.0,310.9,310.4
openmc_runs/case_0038/dep_00/openmc_simulation_n3.h5,2026-08-19 05:11:53,16000,120,30,0.0,313.3,312.8
openmc_runs/case_0038/dep_00/openmc_simulation_n4.h5,2026-08-19 05:17:11,16000,120,30,0.0,311.0,310.5
openmc_runs/case_0038/dep_00/openmc_simulation_n5.h5,2026-08-19 05:22:32,16000,120,30,0.0,313.0,312.5
openmc_runs/case_0038/dep_00/statepoint.120.h5,2026-08-19 05:22:32,16000,120,30,0.0,313.0,312.5
openmc_runs/case_0038/dep_01/openmc_simulation_n6.h5,2026-08-19 05:28:47,16000,120,30,6.4,322.1,321.6
openmc_runs/case_0038/dep_01/openmc_simulation_n7.h5,2026-08-19 05:34:06,16000,120,30,0.0,310.7,310.2
openmc_runs/case_0038/dep_01/statepoint.120.h5,2026-08-19 05:34:06,16000,120,30,0.0,310.7,310.2
openmc_runs/case_0038/dep_02/openmc_simulation_n8.h5,2026-08-19 05:40:24,16000,120,30,6.4,323.3,322.9
openmc_runs/case_0038/dep_02/openmc_simulation_n9.h5,2026-08-19 05:45:43,16000,120,30,0.0,311.6,311.1
openmc_runs/case_0038/dep_02/statepoint.120.h5,2026-08-19 05:45:43,16000,120,30,0.0,311.6,311.1
openmc_runs/case_0038/dep_03/openmc_simulation_n10.h5,2026-08-19 05:52:02,16000,120,30,6.5,323.3,322.8
openmc_runs/case_0038/dep_03/openmc_simulation_n11.h5,2026-08-19 05:57:26,16000,120,30,0.0,316.6,316.2
openmc_runs/case_0038/dep_03/statepoint.120.h5,2026-08-19 05:57:26,16000,120,30,0.0,316.6,316.2
openmc_runs/case_0038/dep_04/openmc_simulation_n12.h5,2026-08-19 06:03:45,16000,120,30,6.3,323.2,322.7
openmc_runs/case_0038/dep_04/statepoint.120.h5,2026-08-19 06:09:08,16000,120,30,0.0,314.7,314.3
openmc_runs/case_0038/dep_04/openmc_simulation_n13.h5,2026-08-19 06:09:09,16000,120,30,0.0,314.7,314.3
openmc_runs/case_0038/dep_05/openmc_simulation_n14.h5,2026-08-19 06:15:25,16000,120,30,6.4,319.9,319.4
openmc_runs/case_0038/dep_05/openmc_simulation_n15.h5,2026-08-19 06:20:47,16000,120,30,0.0,314.0,313.5
openmc_runs/case_0038/dep_05/statepoint.120.h5,2026-08-19 06:20:47,16000,120,30,0.0,314.0,313.5
openmc_runs/case_0038/dep_06/openmc_simulation_n16.h5,2026-08-19 06:27:07,16000,120,30,6.3,323.4,322.9
openmc_runs/case_0038/dep_06/statepoint.120.h5,2026-08-19 06:32:28,16000,120,30,0.0,312.4,311.9
openmc_runs/case_0038/dep_06/openmc_simulation_n17.h5,2026-08-19 06:32:29,16000,120,30,0.0,312.4,311.9
openmc_runs/case_0038/dep_07/openmc_simulation_n18.h5,2026-08-19 06:38:53,16000,120,30,6.4,326.5,326.0
openmc_runs/case_0038/dep_07/openmc_simulation_n19.h5,2026-08-19 06:44:14,16000,120,30,0.0,313.2,312.7
openmc_runs/case_0038/dep_07/statepoint.120.h5,2026-08-19 06:44:14,16000,120,30,0.0,313.2,312.7
openmc_runs/case_0038/dep_08/openmc_simulation_n20.h5,2026-08-19 06:50:51,16000,120,30,6.3,337.5,337.0
openmc_runs/case_0038/dep_08/statepoint.120.h5,2026-08-19 06:56:19,16000,120,30,0.0,319.9,319.4
openmc_runs/case_0038/dep_08/openmc_simulation_n21.h5,2026-08-19 06:56:20,16000,120,30,0.0,319.9,319.4
openmc_runs/case_0039/bol/statepoint.120.h5,2026-08-19 06:56:46,16000,120,30,6.1,11.4,11.0
openmc_runs/case_0039/core_bol/statepoint.170.h5,2026-08-19 06:58:32,100000,170,60,7.8,94.8,92.5
openmc_runs/case_0039/dep_00/openmc_simulation_n0.h5,2026-08-19 07:03:27,16000,120,30,6.3,249.1,248.6
openmc_runs/case_0039/dep_00/openmc_simulation_n1.h5,2026-08-19 07:09:00,16000,120,30,0.0,324.0,323.5
openmc_runs/case_0039/dep_00/openmc_simulation_n2.h5,2026-08-19 07:14:21,16000,120,30,0.0,313.2,312.7
openmc_runs/case_0039/dep_00/openmc_simulation_n3.h5,2026-08-19 07:19:46,16000,120,30,0.0,316.9,316.4
openmc_runs/case_0039/dep_00/openmc_simulation_n4.h5,2026-08-19 07:25:08,16000,120,30,0.0,313.8,313.3
openmc_runs/case_0039/dep_00/openmc_simulation_n5.h5,2026-08-19 07:30:30,16000,120,30,0.0,314.7,314.2
openmc_runs/case_0039/dep_00/statepoint.120.h5,2026-08-19 07:30:30,16000,120,30,0.0,314.7,314.2
openmc_runs/case_0039/dep_01/openmc_simulation_n6.h5,2026-08-19 07:36:35,16000,120,30,6.3,310.6,310.1
openmc_runs/case_0039/dep_01/openmc_simulation_n7.h5,2026-08-19 07:42:01,16000,120,30,0.0,318.2,317.6
openmc_runs/case_0039/dep_01/statepoint.120.h5,2026-08-19 07:42:01,16000,120,30,0.0,318.2,317.6
openmc_runs/case_0039/dep_02/openmc_simulation_n8.h5,2026-08-19 07:48:06,16000,120,30,6.4,309.3,308.8
openmc_runs/case_0039/dep_02/openmc_simulation_n9.h5,2026-08-19 07:53:26,16000,120,30,0.0,311.7,311.2
openmc_runs/case_0039/dep_02/statepoint.120.h5,2026-08-19 07:53:26,16000,120,30,0.0,311.7,311.2
openmc_runs/case_0039/dep_03/openmc_simulation_n10.h5,2026-08-19 07:59:39,16000,120,30,6.5,317.5,317.0
openmc_runs/case_0039/dep_03/openmc_simulation_n11.h5,2026-08-19 08:05:04,16000,120,30,0.0,316.8,316.3
openmc_runs/case_0039/dep_03/statepoint.120.h5,2026-08-19 08:05:04,16000,120,30,0.0,316.8,316.3
openmc_runs/case_0039/dep_04/openmc_simulation_n12.h5,2026-08-19 08:11:23,16000,120,30,6.4,322.7,322.2
openmc_runs/case_0039/dep_04/openmc_simulation_n13.h5,2026-08-19 08:16:55,16000,120,30,0.0,323.6,323.1
openmc_runs/case_0039/dep_04/statepoint.120.h5,2026-08-19 08:16:55,16000,120,30,0.0,323.6,323.1
openmc_runs/case_0039/dep_05/openmc_simulation_n14.h5,2026-08-19 08:23:17,16000,120,30,6.4,322.8,322.3
openmc_runs/case_0039/dep_05/openmc_simulation_n15.h5,2026-08-19 08:28:40,16000,120,30,0.0,314.7,314.2
openmc_runs/case_0039/dep_05/statepoint.120.h5,2026-08-19 08:28:40,16000,120,30,0.0,314.7,314.2
openmc_runs/case_0039/dep_06/openmc_simulation_n16.h5,2026-08-19 08:34:59,16000,120,30,6.4,321.7,321.2
openmc_runs/case_0039/dep_06/openmc_simulation_n17.h5,2026-08-19 08:40:32,16000,120,30,0.0,324.6,324.1
openmc_runs/case_0039/dep_06/statepoint.120.h5,2026-08-19 08:40:32,16000,120,30,0.0,324.6,324.1
openmc_runs/case_0039/dep_07/openmc_simulation_n18.h5,2026-08-19 08:46:54,16000,120,30,6.7,324.0,323.5
openmc_runs/case_0039/dep_07/openmc_simulation_n19.h5,2026-08-19 08:52:21,16000,120,30,0.0,318.7,318.2
openmc_runs/case_0039/dep_07/statepoint.120.h5,2026-08-19 08:52:21,16000,120,30,0.0,318.7,318.2
openmc_runs/case_0039/dep_08/openmc_simulation_n20.h5,2026-08-19 08:58:33,16000,120,30,6.3,312.7,312.2
openmc_runs/case_0039/dep_08/openmc_simulation_n21.h5,2026-08-19 09:04:02,16000,120,30,0.0,319.9,319.3
openmc_runs/case_0039/dep_08/statepoint.120.h5,2026-08-19 09:04:02,16000,120,30,0.0,319.8,319.3
openmc_runs/case_0040/bol/statepoint.120.h5,2026-08-19 09:04:28,16000,120,30,6.1,11.7,11.3
openmc_runs/case_0040/core_bol/statepoint.170.h5,2026-08-19 09:06:17,100000,170,60,7.7,97.1,94.4
openmc_runs/case_0040/dep_00/openmc_simulation_n0.h5,2026-08-19 09:11:22,16000,120,30,6.3,258.2,257.7
openmc_runs/case_0040/dep_00/openmc_simulation_n1.h5,2026-08-19 09:16:43,16000,120,30,0.0,313.0,312.5
openmc_runs/case_0040/dep_00/openmc_simulation_n2.h5,2026-08-19 09:22:08,16000,120,30,0.0,316.4,315.9
openmc_runs/case_0040/dep_00/openmc_simulation_n3.h5,2026-08-19 09:27:48,16000,120,30,0.0,331.1,330.6
openmc_runs/case_0040/dep_00/openmc_simulation_n4.h5,2026-08-19 09:33:12,16000,120,30,0.0,314.0,313.6
openmc_runs/case_0040/dep_00/openmc_simulation_n5.h5,2026-08-19 09:38:37,16000,120,30,0.0,316.8,316.4
openmc_runs/case_0040/dep_00/statepoint.120.h5,2026-08-19 09:38:37,16000,120,30,0.0,316.8,316.4
openmc_runs/case_0040/dep_01/openmc_simulation_n6.h5,2026-08-19 09:44:49,16000,120,30,6.6,315.6,315.1
openmc_runs/case_0040/dep_01/openmc_simulation_n7.h5,2026-08-19 09:50:13,16000,120,30,0.0,315.2,314.7
openmc_runs/case_0040/dep_01/statepoint.120.h5,2026-08-19 09:50:13,16000,120,30,0.0,315.2,314.7
openmc_runs/case_0040/dep_02/openmc_simulation_n8.h5,2026-08-19 09:56:24,16000,120,30,6.3,315.5,315.0
openmc_runs/case_0040/dep_02/openmc_simulation_n9.h5,2026-08-19 10:01:48,16000,120,30,0.0,314.6,314.1
openmc_runs/case_0040/dep_02/statepoint.120.h5,2026-08-19 10:01:48,16000,120,30,0.0,314.6,314.1
openmc_runs/case_0040/dep_03/openmc_simulation_n10.h5,2026-08-19 10:07:56,16000,120,30,6.4,310.2,309.7
openmc_runs/case_0040/dep_03/openmc_simulation_n11.h5,2026-08-19 10:13:22,16000,120,30,0.0,318.2,317.7
openmc_runs/case_0040/dep_03/statepoint.120.h5,2026-08-19 10:13:22,16000,120,30,0.0,318.2,317.7
openmc_runs/case_0040/dep_04/openmc_simulation_n12.h5,2026-08-19 10:19:37,16000,120,30,6.3,318.9,318.4
openmc_runs/case_0040/dep_04/openmc_simulation_n13.h5,2026-08-19 10:24:59,16000,120,30,0.0,312.9,312.5
openmc_runs/case_0040/dep_04/statepoint.120.h5,2026-08-19 10:24:59,16000,120,30,0.0,312.9,312.5
openmc_runs/case_0040/dep_05/openmc_simulation_n14.h5,2026-08-19 10:31:20,16000,120,30,6.5,323.7,323.2
openmc_runs/case_0040/dep_05/openmc_simulation_n15.h5,2026-08-19 10:36:50,16000,120,30,0.0,321.4,320.9
openmc_runs/case_0040/dep_05/statepoint.120.h5,2026-08-19 10:36:50,16000,120,30,0.0,321.4,320.9
openmc_runs/case_0040/dep_06/openmc_simulation_n16.h5,2026-08-19 10:43:03,16000,120,30,6.4,314.7,314.2
openmc_runs/case_0040/dep_06/openmc_simulation_n17.h5,2026-08-19 10:48:32,16000,120,30,0.0,321.0,320.5
openmc_runs/case_0040/dep_06/statepoint.120.h5,2026-08-19 10:48:32,16000,120,30,0.0,321.0,320.5
openmc_runs/case_0040/dep_07/openmc_simulation_n18.h5,2026-08-19 10:54:45,16000,120,30,6.3,314.4,313.9
openmc_runs/case_0040/dep_07/openmc_simulation_n19.h5,2026-08-19 11:00:14,16000,120,30,0.0,319.5,319.0
openmc_runs/case_0040/dep_07/statepoint.120.h5,2026-08-19 11:00:14,16000,120,30,0.0,319.5,319.0
openmc_runs/case_0040/dep_08/openmc_simulation_n20.h5,2026-08-19 11:06:36,16000,120,30,6.3,323.2,322.6
openmc_runs/case_0040/dep_08/openmc_simulation_n21.h5,2026-08-19 11:12:07,16000,120,30,0.0,322.5,322.0
openmc_runs/case_0040/dep_08/statepoint.120.h5,2026-08-19 11:12:07,16000,120,30,0.0,322.5,322.0
openmc_runs/case_0041/bol/statepoint.120.h5,2026-08-19 11:12:34,16000,120,30,5.9,11.5,11.1
openmc_runs/case_0041/core_bol/statepoint.170.h5,2026-08-19 11:14:22,100000,170,60,7.4,97.2,94.8
openmc_runs/case_0041/dep_00/openmc_simulation_n0.h5,2026-08-19 11:19:44,16000,120,30,6.5,274.1,273.6
openmc_runs/case_0041/dep_00/openmc_simulation_n1.h5,2026-08-19 11:25:13,16000,120,30,0.0,321.3,320.8
openmc_runs/case_0041/dep_00/openmc_simulation_n2.h5,2026-08-19 11:30:43,16000,120,30,0.0,321.9,321.4
openmc_runs/case_0041/dep_00/openmc_simulation_n3.h5,2026-08-19 11:36:15,16000,120,30,0.0,322.3,321.8
openmc_runs/case_0041/dep_00/openmc_simulation_n4.h5,2026-08-19 11:41:45,16000,120,30,0.0,321.3,320.8
openmc_runs/case_0041/dep_00/openmc_simulation_n5.h5,2026-08-19 11:47:11,16000,120,30,0.0,318.5,318.1
openmc_runs/case_0041/dep_00/statepoint.120.h5,2026-08-19 11:47:11,16000,120,30,0.0,318.5,318.1
openmc_runs/case_0041/dep_01/openmc_simulation_n6.h5,2026-08-19 11:53:27,16000,120,30,6.5,318.0,317.5
openmc_runs/case_0041/dep_01/statepoint.120.h5,2026-08-19 11:58:46,16000,120,30,0.0,311.1,310.6
openmc_runs/case_0041/dep_01/openmc_simulation_n7.h5,2026-08-19 11:58:47,16000,120,30,0.0,311.1,310.6
openmc_runs/case_0041/dep_02/openmc_simulation_n8.h5,2026-08-19 12:04:51,16000,120,30,6.4,309.4,308.9
openmc_runs/case_0041/dep_02/openmc_simulation_n9.h5,2026-08-19 12:10:17,16000,120,30,0.0,317.0,316.5
openmc_runs/case_0041/dep_02/statepoint.120.h5,2026-08-19 12:10:17,16000,120,30,0.0,317.0,316.5
openmc_runs/case_0041/dep_03/openmc_simulation_n10.h5,2026-08-19 12:16:25,16000,120,30,6.4,312.7,312.2
openmc_runs/case_0041/dep_03/openmc_simulation_n11.h5,2026-08-19 12:21:51,16000,120,30,0.0,317.3,316.8
openmc_runs/case_0041/dep_03/statepoint.120.h5,2026-08-19 12:21:51,16000,120,30,0.0,317.3,316.8
openmc_runs/case_0041/dep_04/openmc_simulation_n12.h5,2026-08-19 12:28:01,16000,120,30,6.3,313.6,313.1
openmc_runs/case_0041/dep_04/statepoint.120.h5,2026-08-19 12:33:26,16000,120,30,0.0,316.7,316.3
openmc_runs/case_0041/dep_04/openmc_simulation_n13.h5,2026-08-19 12:33:27,16000,120,30,0.0,316.7,316.3
openmc_runs/case_0041/dep_05/openmc_simulation_n14.h5,2026-08-19 12:39:44,16000,120,30,6.5,319.5,319.0
openmc_runs/case_0041/dep_05/openmc_simulation_n15.h5,2026-08-19 12:45:07,16000,120,30,0.0,314.8,314.3
openmc_runs/case_0041/dep_05/statepoint.120.h5,2026-08-19 12:45:07,16000,120,30,0.0,314.8,314.3
openmc_runs/case_0041/dep_06/openmc_simulation_n16.h5,2026-08-19 12:51:22,16000,120,30,6.4,316.9,316.4
openmc_runs/case_0041/dep_06/openmc_simulation_n17.h5,2026-08-19 12:56:47,16000,120,30,0.0,316.5,316.0
openmc_runs/case_0041/dep_06/statepoint.120.h5,2026-08-19 12:56:47,16000,120,30,0.0,316.5,316.0
openmc_runs/case_0041/dep_07/openmc_simulation_n18.h5,2026-08-19 13:02:57,16000,120,30,6.5,310.9,310.4
openmc_runs/case_0041/dep_07/openmc_simulation_n19.h5,2026-08-19 13:08:28,16000,120,30,0.0,322.2,321.7
openmc_runs/case_0041/dep_07/statepoint.120.h5,2026-08-19 13:08:28,16000,120,30,0.0,322.2,321.7
openmc_runs/case_0041/dep_08/openmc_simulation_n20.h5,2026-08-19 13:14:48,16000,120,30,6.5,320.8,320.3
openmc_runs/case_0041/dep_08/openmc_simulation_n21.h5,2026-08-19 13:20:18,16000,120,30,0.0,321.3,320.8
openmc_runs/case_0041/dep_08/statepoint.120.h5,2026-08-19 13:20:18,16000,120,30,0.0,321.3,320.8
openmc_runs/case_0042/bol/statepoint.120.h5,2026-08-19 13:20:47,16000,120,30,6.1,11.4,11.1
openmc_runs/case_0042/core_bol/statepoint.170.h5,2026-08-19 13:22:36,100000,170,60,7.8,97.6,94.8
openmc_runs/case_0042/dep_00/openmc_simulation_n0.h5,2026-08-19 13:27:45,16000,120,30,6.5,261.4,260.9
openmc_runs/case_0042/dep_00/openmc_simulation_n1.h5,2026-08-19 13:33:03,16000,120,30,0.0,309.5,309.0
openmc_runs/case_0042/dep_00/openmc_simulation_n2.h5,2026-08-19 13:38:21,16000,120,30,0.0,309.1,308.6
openmc_runs/case_0042/dep_00/openmc_simulation_n3.h5,2026-08-19 13:43:45,16000,120,30,0.0,315.5,315.0
openmc_runs/case_0042/dep_00/openmc_simulation_n4.h5,2026-08-19 13:49:10,16000,120,30,0.0,316.0,315.5
openmc_runs/case_0042/dep_00/openmc_simulation_n5.h5,2026-08-19 13:54:35,16000,120,30,0.0,316.9,316.4
openmc_runs/case_0042/dep_00/statepoint.120.h5,2026-08-19 13:54:35,16000,120,30,0.0,316.9,316.4
openmc_runs/case_0042/dep_01/openmc_simulation_n6.h5,2026-08-19 14:00:52,16000,120,30,6.5,320.6,320.1
openmc_runs/case_0042/dep_01/openmc_simulation_n7.h5,2026-08-19 14:06:16,16000,120,30,0.0,316.1,315.6
openmc_runs/case_0042/dep_01/statepoint.120.h5,2026-08-19 14:06:16,16000,120,30,0.0,316.1,315.6
openmc_runs/case_0042/dep_02/openmc_simulation_n8.h5,2026-08-19 14:12:36,16000,120,30,6.4,324.1,323.6
openmc_runs/case_0042/dep_02/openmc_simulation_n9.h5,2026-08-19 14:17:57,16000,120,30,0.0,311.8,311.3
openmc_runs/case_0042/dep_02/statepoint.120.h5,2026-08-19 14:17:57,16000,120,30,0.0,311.8,311.3
openmc_runs/case_0042/dep_03/openmc_simulation_n10.h5,2026-08-19 14:24:07,16000,120,30,6.4,313.5,313.0
openmc_runs/case_0042/dep_03/openmc_simulation_n11.h5,2026-08-19 14:29:31,16000,120,30,0.0,315.3,314.8
openmc_runs/case_0042/dep_03/statepoint.120.h5,2026-08-19 14:29:31,16000,120,30,0.0,315.3,314.8
openmc_runs/case_0042/dep_04/openmc_simulation_n12.h5,2026-08-19 14:35:57,16000,120,30,6.4,328.8,328.3
openmc_runs/case_0042/dep_04/openmc_simulation_n13.h5,2026-08-19 14:41:25,16000,120,30,0.0,318.7,318.2
openmc_runs/case_0042/dep_04/statepoint.120.h5,2026-08-19 14:41:25,16000,120,30,0.0,318.7,318.2
openmc_runs/case_0042/dep_05/openmc_simulation_n14.h5,2026-08-19 14:47:39,16000,120,30,6.4,316.0,315.5
openmc_runs/case_0042/dep_05/openmc_simulation_n15.h5,2026-08-19 14:53:03,16000,120,30,0.0,315.1,314.6
openmc_runs/case_0042/dep_05/statepoint.120.h5,2026-08-19 14:53:03,16000,120,30,0.0,315.1,314.6
openmc_runs/case_0042/dep_06/openmc_simulation_n16.h5,2026-08-19 14:59:17,16000,120,30,6.4,316.0,315.5
openmc_runs/case_0042/dep_06/openmc_simulation_n17.h5,2026-08-19 15:04:50,16000,120,30,0.0,323.7,323.2
openmc_runs/case_0042/dep_06/statepoint.120.h5,2026-08-19 15:04:50,16000,120,30,0.0,323.7,323.2
openmc_runs/case_0042/dep_07/openmc_simulation_n18.h5,2026-08-19 15:11:01,16000,120,30,6.3,312.5,312.0
openmc_runs/case_0042/dep_07/openmc_simulation_n19.h5,2026-08-19 15:16:34,16000,120,30,0.0,323.6,323.1
openmc_runs/case_0042/dep_07/statepoint.120.h5,2026-08-19 15:16:34,16000,120,30,0.0,323.6,323.1
openmc_runs/case_0042/dep_08/openmc_simulation_n20.h5,2026-08-19 15:22:49,16000,120,30,6.3,315.1,314.6
openmc_runs/case_0042/dep_08/openmc_simulation_n21.h5,2026-08-19 15:28:22,16000,120,30,0.0,324.0,323.5
openmc_runs/case_0042/dep_08/statepoint.120.h5,2026-08-19 15:28:22,16000,120,30,0.0,324.0,323.5
openmc_runs/case_0043/bol/statepoint.120.h5,2026-08-19 15:28:48,16000,120,30,6.1,11.6,11.2
openmc_runs/case_0043/core_bol/statepoint.170.h5,2026-08-19 15:30:38,100000,170,60,7.5,98.5,96.0
openmc_runs/case_0043/dep_00/openmc_simulation_n0.h5,2026-08-19 15:35:33,16000,120,30,6.6,246.5,246.1
openmc_runs/case_0043/dep_00/openmc_simulation_n1.h5,2026-08-19 15:40:54,16000,120,30,0.0,312.2,311.7
openmc_runs/case_0043/dep_00/openmc_simulation_n2.h5,2026-08-19 15:46:17,16000,120,30,0.0,313.2,312.7
openmc_runs/case_0043/dep_00/openmc_simulation_n3.h5,2026-08-19 15:51:42,16000,120,30,0.0,316.6,316.1
openmc_runs/case_0043/dep_00/openmc_simulation_n4.h5,2026-08-19 15:57:05,16000,120,30,0.0,314.3,313.8
openmc_runs/case_0043/dep_00/openmc_simulation_n5.h5,2026-08-19 16:02:31,16000,120,30,0.0,316.4,315.9
openmc_runs/case_0043/dep_00/statepoint.120.h5,2026-08-19 16:02:31,16000,120,30,0.0,316.4,315.9
openmc_runs/case_0043/dep_01/openmc_simulation_n6.h5,2026-08-19 16:08:38,16000,120,30,6.4,311.0,310.5
openmc_runs/case_0043/dep_01/openmc_simulation_n7.h5,2026-08-19 16:14:02,16000,120,30,0.0,315.5,315.0
openmc_runs/case_0043/dep_01/statepoint.120.h5,2026-08-19 16:14:02,16000,120,30,0.0,315.4,315.0
openmc_runs/case_0043/dep_02/openmc_simulation_n8.h5,2026-08-19 16:20:21,16000,120,30,6.4,322.0,321.5
openmc_runs/case_0043/dep_02/openmc_simulation_n9.h5,2026-08-19 16:25:50,16000,120,30,0.0,320.6,320.1
openmc_runs/case_0043/dep_02/statepoint.120.h5,2026-08-19 16:25:50,16000,120,30,0.0,320.6,320.1
openmc_runs/case_0043/dep_03/openmc_simulation_n10.h5,2026-08-19 16:32:00,16000,120,30,6.5,311.9,311.4
openmc_runs/case_0043/dep_03/openmc_simulation_n11.h5,2026-08-19 16:37:31,16000,120,30,0.0,322.1,321.6
openmc_runs/case_0043/dep_03/statepoint.120.h5,2026-08-19 16:37:31,16000,120,30,0.0,322.1,321.6
openmc_runs/case_0043/dep_04/openmc_simulation_n12.h5,2026-08-19 16:43:46,16000,120,30,6.6,315.8,315.3
openmc_runs/case_0043/dep_04/openmc_simulation_n13.h5,2026-08-19 16:49:20,16000,120,30,0.0,324.4,324.0
openmc_runs/case_0043/dep_04/statepoint.120.h5,2026-08-19 16:49:20,16000,120,30,0.0,324.4,324.0
openmc_runs/case_0043/dep_05/openmc_simulation_n14.h5,2026-08-19 16:56:05,16000,120,30,6.5,344.4,343.9
openmc_runs/case_0043/dep_05/openmc_simulation_n15.h5,2026-08-19 17:01:37,16000,120,30,0.0,323.2,322.8
openmc_runs/case_0043/dep_05/statepoint.120.h5,2026-08-19 17:01:37,16000,120,30,0.0,323.2,322.8
openmc_runs/case_0043/dep_06/openmc_simulation_n16.h5,2026-08-19 17:08:03,16000,120,30,6.4,327.1,326.6
openmc_runs/case_0043/dep_06/openmc_simulation_n17.h5,2026-08-19 17:13:33,16000,120,30,0.0,320.1,319.6
openmc_runs/case_0043/dep_06/statepoint.120.h5,2026-08-19 17:13:33,16000,120,30,0.0,320.1,319.6
openmc_runs/case_0043/dep_07/openmc_simulation_n18.h5,2026-08-19 17:20:00,16000,120,30,6.5,327.5,327.0
openmc_runs/case_0043/dep_07/openmc_simulation_n19.h5,2026-08-19 17:25:37,16000,120,30,0.0,327.9,327.4
openmc_runs/case_0043/dep_07/statepoint.120.h5,2026-08-19 17:25:37,16000,120,30,0.0,327.9,327.4
openmc_runs/case_0043/dep_08/openmc_simulation_n20.h5,2026-08-19 17:32:01,16000,120,30,6.4,323.8,323.3
openmc_runs/case_0043/dep_08/openmc_simulation_n21.h5,2026-08-19 17:37:40,16000,120,30,0.0,329.6,328.9
openmc_runs/case_0043/dep_08/statepoint.120.h5,2026-08-19 17:37:40,16000,120,30,0.0,329.6,328.9
openmc_runs/case_0044/bol/statepoint.120.h5,2026-08-19 17:38:07,16000,120,30,6.1,11.6,11.2
openmc_runs/case_0044/core_bol/statepoint.170.h5,2026-08-19 17:40:00,100000,170,60,7.8,101.0,98.3
openmc_runs/case_0044/dep_00/openmc_simulation_n0.h5,2026-08-19 17:45:01,16000,120,30,6.4,255.2,254.7
openmc_runs/case_0044/dep_00/openmc_simulation_n1.h5,2026-08-19 17:50:26,16000,120,30,0.0,314.7,314.2
openmc_runs/case_0044/dep_00/openmc_simulation_n2.h5,2026-08-19 17:55:56,16000,120,30,0.0,320.8,320.3
openmc_runs/case_0044/dep_00/openmc_simulation_n3.h5,2026-08-19 18:01:26,16000,120,30,0.0,320.2,319.7
openmc_runs/case_0044/dep_00/openmc_simulation_n4.h5,2026-08-19 18:06:56,16000,120,30,0.0,321.0,320.5
openmc_runs/case_0044/dep_00/openmc_simulation_n5.h5,2026-08-19 18:12:26,16000,120,30,0.0,321.0,320.5
openmc_runs/case_0044/dep_00/statepoint.120.h5,2026-08-19 18:12:26,16000,120,30,0.0,321.0,320.5
openmc_runs/case_0044/dep_01/openmc_simulation_n6.h5,2026-08-19 18:18:38,16000,120,30,6.4,315.8,315.3
openmc_runs/case_0044/dep_01/openmc_simulation_n7.h5,2026-08-19 18:24:10,16000,120,30,0.0,322.8,322.3
openmc_runs/case_0044/dep_01/statepoint.120.h5,2026-08-19 18:24:10,16000,120,30,0.0,322.8,322.3
openmc_runs/case_0044/dep_02/openmc_simulation_n8.h5,2026-08-19 18:30:20,16000,120,30,6.4,312.9,312.5
openmc_runs/case_0044/dep_02/openmc_simulation_n9.h5,2026-08-19 18:35:53,16000,120,30,0.0,323.5,323.1
openmc_runs/case_0044/dep_02/statepoint.120.h5,2026-08-19 18:35:53,16000,120,30,0.0,323.5,323.1
openmc_runs/case_0044/dep_03/openmc_simulation_n10.h5,2026-08-19 18:42:19,16000,120,30,6.5,328.2,327.7
openmc_runs/case_0044/dep_03/openmc_simulation_n11.h5,2026-08-19 18:47:51,16000,120,30,0.0,322.0,321.3
openmc_runs/case_0044/dep_03/statepoint.120.h5,2026-08-19 18:47:51,16000,120,30,0.0,322.0,321.3
openmc_runs/case_0044/dep_04/openmc_simulation_n12.h5,2026-08-19 18:54:16,16000,120,30,6.4,326.7,326.2
openmc_runs/case_0044/dep_04/openmc_simulation_n13.h5,2026-08-19 18:59:49,16000,120,30,0.0,323.3,322.8
openmc_runs/case_0044/dep_04/statepoint.120.h5,2026-08-19 18:59:49,16000,120,30,0.0,323.3,322.8
openmc_runs/case_0044/dep_05/openmc_simulation_n14.h5,2026-08-19 19:06:06,16000,120,30,6.4,318.3,317.8
openmc_runs/case_0044/dep_05/openmc_simulation_n15.h5,2026-08-19 19:11:42,16000,120,30,0.0,326.7,326.2
openmc_runs/case_0044/dep_05/statepoint.120.h5,2026-08-19 19:11:42,16000,120,30,0.0,326.6,326.2
openmc_runs/case_0044/dep_06/openmc_simulation_n16.h5,2026-08-19 19:18:06,16000,120,30,6.5,325.2,324.7
openmc_runs/case_0044/dep_06/openmc_simulation_n17.h5,2026-08-19 19:23:46,16000,120,30,0.0,329.7,329.2
openmc_runs/case_0044/dep_06/statepoint.120.h5,2026-08-19 19:23:46,16000,120,30,0.0,329.7,329.2
openmc_runs/case_0044/dep_07/openmc_simulation_n18.h5,2026-08-19 19:30:04,16000,120,30,6.4,318.3,317.8
openmc_runs/case_0044/dep_07/openmc_simulation_n19.h5,2026-08-19 19:35:41,16000,120,30,0.0,328.1,327.7
openmc_runs/case_0044/dep_07/statepoint.120.h5,2026-08-19 19:35:41,16000,120,30,0.0,328.1,327.7
openmc_runs/case_0044/dep_08/openmc_simulation_n20.h5,2026-08-19 19:41:59,16000,120,30,6.5,317.2,316.7
openmc_runs/case_0044/dep_08/openmc_simulation_n21.h5,2026-08-19 19:47:36,16000,120,30,0.0,327.2,326.7
openmc_runs/case_0044/dep_08/statepoint.120.h5,2026-08-19 19:47:36,16000,120,30,0.0,327.2,326.7
openmc_runs/case_0045/bol/statepoint.120.h5,2026-08-19 19:48:03,16000,120,30,6.2,11.6,11.2
openmc_runs/case_0045/core_bol/statepoint.170.h5,2026-08-19 19:49:55,100000,170,60,7.5,100.7,98.3
openmc_runs/case_0045/dep_00/openmc_simulation_n0.h5,2026-08-19 19:54:59,16000,120,30,6.4,257.0,256.5
openmc_runs/case_0045/dep_00/openmc_simulation_n1.h5,2026-08-19 20:00:23,16000,120,30,0.0,314.5,314.0
openmc_runs/case_0045/dep_00/openmc_simulation_n2.h5,2026-08-19 20:05:52,16000,120,30,0.0,319.7,319.2
openmc_runs/case_0045/dep_00/openmc_simulation_n3.h5,2026-08-19 20:11:21,16000,120,30,0.0,319.6,319.1
openmc_runs/case_0045/dep_00/openmc_simulation_n4.h5,2026-08-19 20:16:50,16000,120,30,0.0,319.3,318.9
openmc_runs/case_0045/dep_00/openmc_simulation_n5.h5,2026-08-19 20:22:18,16000,120,30,0.0,318.7,318.3
openmc_runs/case_0045/dep_00/statepoint.120.h5,2026-08-19 20:22:18,16000,120,30,0.0,318.7,318.3
openmc_runs/case_0045/dep_01/openmc_simulation_n6.h5,2026-08-19 20:28:37,16000,120,30,6.6,319.1,318.5
openmc_runs/case_0045/dep_01/openmc_simulation_n7.h5,2026-08-19 20:34:09,16000,120,30,0.0,322.2,321.8
openmc_runs/case_0045/dep_01/statepoint.120.h5,2026-08-19 20:34:09,16000,120,30,0.0,322.2,321.8
openmc_runs/case_0045/dep_02/openmc_simulation_n8.h5,2026-08-19 20:40:31,16000,120,30,6.5,325.1,324.6
openmc_runs/case_0045/dep_02/openmc_simulation_n9.h5,2026-08-19 20:46:03,16000,120,30,0.0,321.7,321.2
openmc_runs/case_0045/dep_02/statepoint.120.h5,2026-08-19 20:46:03,16000,120,30,0.0,321.7,321.2
openmc_runs/case_0045/dep_03/openmc_simulation_n10.h5,2026-08-19 20:52:18,16000,120,30,6.4,317.6,317.2
openmc_runs/case_0045/dep_03/openmc_simulation_n11.h5,2026-08-19 20:57:56,16000,120,30,0.0,328.5,328.0
openmc_runs/case_0045/dep_03/statepoint.120.h5,2026-08-19 20:57:56,16000,120,30,0.0,328.5,328.0
openmc_runs/case_0045/dep_04/openmc_simulation_n12.h5,2026-08-19 21:04:24,16000,120,30,6.5,329.2,328.8
openmc_runs/case_0045/dep_04/openmc_simulation_n13.h5,2026-08-19 21:10:00,16000,120,30,0.0,325.9,325.4
openmc_runs/case_0045/dep_04/statepoint.120.h5,2026-08-19 21:10:00,16000,120,30,0.0,325.9,325.4
openmc_runs/case_0045/dep_05/openmc_simulation_n14.h5,2026-08-19 21:16:24,16000,120,30,6.5,324.4,323.9
openmc_runs/case_0045/dep_05/openmc_simulation_n15.h5,2026-08-19 21:22:00,16000,120,30,0.0,326.4,325.9
openmc_runs/case_0045/dep_05/statepoint.120.h5,2026-08-19 21:22:00,16000,120,30,0.0,326.4,325.9
openmc_runs/case_0045/dep_06/openmc_simulation_n16.h5,2026-08-19 21:28:28,16000,120,30,6.5,328.2,327.7
openmc_runs/case_0045/dep_06/openmc_simulation_n17.h5,2026-08-19 21:33:57,16000,120,30,0.0,318.8,318.3
openmc_runs/case_0045/dep_06/statepoint.120.h5,2026-08-19 21:33:57,16000,120,30,0.0,318.8,318.3
openmc_runs/case_0045/dep_07/openmc_simulation_n18.h5,2026-08-19 21:40:13,16000,120,30,6.5,316.0,315.5
openmc_runs/case_0045/dep_07/openmc_simulation_n19.h5,2026-08-19 21:45:44,16000,120,30,0.0,321.3,320.8
openmc_runs/case_0045/dep_07/statepoint.120.h5,2026-08-19 21:45:44,16000,120,30,0.0,321.3,320.8
openmc_runs/case_0045/dep_08/openmc_simulation_n20.h5,2026-08-19 21:52:10,16000,120,30,6.5,325.6,325.1
openmc_runs/case_0045/dep_08/openmc_simulation_n21.h5,2026-08-19 21:57:45,16000,120,30,0.0,325.4,324.9
openmc_runs/case_0045/dep_08/statepoint.120.h5,2026-08-19 21:57:45,16000,120,30,0.0,325.4,324.9
openmc_runs/case_0046/bol/statepoint.120.h5,2026-08-19 21:58:12,16000,120,30,6.3,11.6,11.2
openmc_runs/case_0046/core_bol/statepoint.170.h5,2026-08-19 22:00:05,100000,170,60,7.6,101.3,98.5
openmc_runs/case_0046/dep_00/openmc_simulation_n0.h5,2026-08-19 22:05:28,16000,120,30,6.7,274.4,274.0
openmc_runs/case_0046/dep_00/openmc_simulation_n1.h5,2026-08-19 22:10:57,16000,120,30,0.0,318.7,318.2
openmc_runs/case_0046/dep_00/openmc_simulation_n2.h5,2026-08-19 22:16:29,16000,120,30,0.0,321.8,321.3
openmc_runs/case_0046/dep_00/openmc_simulation_n3.h5,2026-08-19 22:22:00,16000,120,30,0.0,322.2,321.7
openmc_runs/case_0046/dep_00/openmc_simulation_n4.h5,2026-08-19 22:27:33,16000,120,30,0.0,323.1,322.7
openmc_runs/case_0046/dep_00/openmc_simulation_n5.h5,2026-08-19 22:33:29,16000,120,30,0.0,346.0,345.5
openmc_runs/case_0046/dep_00/statepoint.120.h5,2026-08-19 22:33:29,16000,120,30,0.0,346.0,345.5
openmc_runs/case_0046/dep_01/openmc_simulation_n6.h5,2026-08-19 22:39:47,16000,120,30,6.5,320.9,320.4
openmc_runs/case_0046/dep_01/openmc_simulation_n7.h5,2026-08-19 22:45:20,16000,120,30,0.0,323.4,322.9
openmc_runs/case_0046/dep_01/statepoint.120.h5,2026-08-19 22:45:20,16000,120,30,0.0,323.4,322.9
openmc_runs/case_0046/dep_02/openmc_simulation_n8.h5,2026-08-19 22:51:34,16000,120,30,6.6,317.2,316.8
openmc_runs/case_0046/dep_02/openmc_simulation_n9.h5,2026-08-19 22:57:07,16000,120,30,0.0,321.6,321.1
openmc_runs/case_0046/dep_02/statepoint.120.h5,2026-08-19 22:57:07,16000,120,30,0.0,321.6,321.1
openmc_runs/case_0046/dep_03/openmc_simulation_n10.h5,2026-08-19 23:03:33,16000,120,30,6.4,326.5,326.0
openmc_runs/case_0046/dep_03/openmc_simulation_n11.h5,2026-08-19 23:09:09,16000,120,30,0.0,325.9,325.4
openmc_runs/case_0046/dep_03/statepoint.120.h5,2026-08-19 23:09:09,16000,120,30,0.0,325.9,325.4
openmc_runs/case_0046/dep_04/openmc_simulation_n12.h5,2026-08-19 23:15:52,16000,120,30,6.6,341.7,341.2
openmc_runs/case_0046/dep_04/openmc_simulation_n13.h5,2026-08-19 23:21:29,16000,120,30,0.0,326.1,325.6
openmc_runs/case_0046/dep_04/statepoint.120.h5,2026-08-19 23:21:29,16000,120,30,0.0,326.1,325.6
openmc_runs/case_0046/dep_05/openmc_simulation_n14.h5,2026-08-19 23:27:51,16000,120,30,6.5,322.8,322.3
openmc_runs/case_0046/dep_05/openmc_simulation_n15.h5,2026-08-19 23:33:26,16000,120,30,0.0,324.6,324.1
openmc_runs/case_0046/dep_05/statepoint.120.h5,2026-08-19 23:33:26,16000,120,30,0.0,324.6,324.1
openmc_runs/case_0046/dep_06/openmc_simulation_n16.h5,2026-08-19 23:39:46,16000,120,30,6.5,320.3,319.9
openmc_runs/case_0046/dep_06/openmc_simulation_n17.h5,2026-08-19 23:45:20,16000,120,30,0.0,323.9,323.4
openmc_runs/case_0046/dep_06/statepoint.120.h5,2026-08-19 23:45:20,16000,120,30,0.0,323.9,323.4
openmc_runs/case_0046/dep_07/openmc_simulation_n18.h5,2026-08-19 23:52:00,16000,120,30,6.4,338.9,338.4
openmc_runs/case_0046/dep_07/statepoint.120.h5,2026-08-19 23:57:35,16000,120,30,0.0,325.5,325.0
openmc_runs/case_0046/dep_07/openmc_simulation_n19.h5,2026-08-19 23:57:36,16000,120,30,0.0,325.5,325.0
openmc_runs/case_0046/dep_08/openmc_simulation_n20.h5,2026-08-20 00:04:11,16000,120,30,6.5,335.0,334.4
openmc_runs/case_0046/dep_08/openmc_simulation_n21.h5,2026-08-20 00:10:02,16000,120,30,0.0,340.4,339.9
openmc_runs/case_0046/dep_08/statepoint.120.h5,2026-08-20 00:10:02,16000,120,30,0.0,340.4,339.9
openmc_runs/case_0047/bol/statepoint.120.h5,2026-08-20 00:10:31,16000,120,30,6.2,13.9,13.4
openmc_runs/case_0047/core_bol/statepoint.170.h5,2026-08-20 00:12:35,100000,170,60,7.8,112.3,109.4
openmc_runs/case_0047/dep_00/openmc_simulation_n0.h5,2026-08-20 00:17:36,16000,120,30,6.8,251.1,250.6
openmc_runs/case_0047/dep_00/openmc_simulation_n1.h5,2026-08-20 00:23:11,16000,120,30,0.0,324.7,324.1
openmc_runs/case_0047/dep_00/openmc_simulation_n2.h5,2026-08-20 00:28:46,16000,120,30,0.0,325.3,324.8
openmc_runs/case_0047/dep_00/openmc_simulation_n3.h5,2026-08-20 00:34:20,16000,120,30,0.0,324.7,324.2
openmc_runs/case_0047/dep_00/openmc_simulation_n4.h5,2026-08-20 00:39:55,16000,120,30,0.0,325.1,324.6
openmc_runs/case_0047/dep_00/openmc_simulation_n5.h5,2026-08-20 00:45:59,16000,120,30,0.0,351.9,351.5
openmc_runs/case_0047/dep_00/statepoint.120.h5,2026-08-20 00:45:59,16000,120,30,0.0,351.9,351.5
openmc_runs/case_0047/dep_01/openmc_simulation_n6.h5,2026-08-20 00:52:28,16000,120,30,6.6,331.4,330.9
openmc_runs/case_0047/dep_01/openmc_simulation_n7.h5,2026-08-20 00:58:11,16000,120,30,0.0,332.9,332.4
openmc_runs/case_0047/dep_01/statepoint.120.h5,2026-08-20 00:58:11,16000,120,30,0.0,332.9,332.4
openmc_runs/case_0047/dep_02/openmc_simulation_n8.h5,2026-08-20 01:04:38,16000,120,30,6.5,329.2,328.7
openmc_runs/case_0047/dep_02/openmc_simulation_n9.h5,2026-08-20 01:10:35,16000,120,30,0.0,345.8,345.2
openmc_runs/case_0047/dep_02/statepoint.120.h5,2026-08-20 01:10:35,16000,120,30,0.0,345.8,345.2
openmc_runs/case_0047/dep_03/openmc_simulation_n10.h5,2026-08-20 01:17:08,16000,120,30,6.5,333.7,333.2
openmc_runs/case_0047/dep_03/openmc_simulation_n11.h5,2026-08-20 01:22:51,16000,120,30,0.0,333.4,333.0
openmc_runs/case_0047/dep_03/statepoint.120.h5,2026-08-20 01:22:51,16000,120,30,0.0,333.4,333.0
openmc_runs/case_0047/dep_04/openmc_simulation_n12.h5,2026-08-20 01:29:39,16000,120,30,6.7,345.9,345.4
openmc_runs/case_0047/dep_04/openmc_simulation_n13.h5,2026-08-20 01:35:16,16000,120,30,0.0,326.9,326.4
openmc_runs/case_0047/dep_04/statepoint.120.h5,2026-08-20 01:35:16,16000,120,30,0.0,326.9,326.4
openmc_runs/case_0047/dep_05/openmc_simulation_n14.h5,2026-08-20 01:41:51,16000,120,30,6.5,334.4,333.9
openmc_runs/case_0047/dep_05/openmc_simulation_n15.h5,2026-08-20 01:47:41,16000,120,30,0.0,340.0,339.5
openmc_runs/case_0047/dep_05/statepoint.120.h5,2026-08-20 01:47:41,16000,120,30,0.0,340.0,339.5
openmc_runs/case_0047/dep_06/openmc_simulation_n16.h5,2026-08-20 01:54:10,16000,120,30,6.5,327.9,327.4
openmc_runs/case_0047/dep_06/openmc_simulation_n17.h5,2026-08-20 01:59:48,16000,120,30,0.0,326.9,326.4
openmc_runs/case_0047/dep_06/statepoint.120.h5,2026-08-20 01:59:48,16000,120,30,0.0,326.9,326.4
openmc_runs/case_0047/dep_07/openmc_simulation_n18.h5,2026-08-20 02:06:25,16000,120,30,6.7,333.4,332.8
openmc_runs/case_0047/dep_07/openmc_simulation_n19.h5,2026-08-20 02:12:11,16000,120,30,0.0,335.9,335.4
openmc_runs/case_0047/dep_07/statepoint.120.h5,2026-08-20 02:12:11,16000,120,30,0.0,335.9,335.4
openmc_runs/case_0047/dep_08/openmc_simulation_n20.h5,2026-08-20 02:18:41,16000,120,30,6.6,327.8,327.3
openmc_runs/case_0047/dep_08/openmc_simulation_n21.h5,2026-08-20 02:24:27,16000,120,30,0.0,336.1,335.6
openmc_runs/case_0047/dep_08/statepoint.120.h5,2026-08-20 02:24:27,16000,120,30,0.0,336.1,335.6
openmc_runs/case_0048/bol/statepoint.120.h5,2026-08-20 02:24:59,16000,120,30,6.2,13.5,13.1
openmc_runs/case_0048/core_bol/statepoint.170.h5,2026-08-20 02:27:02,100000,170,60,7.8,111.1,108.5
openmc_runs/case_0048/dep_00/openmc_simulation_n0.h5,2026-08-20 02:32:18,16000,120,30,6.7,265.7,265.3
openmc_runs/case_0048/dep_00/openmc_simulation_n1.h5,2026-08-20 02:38:05,16000,120,30,0.0,337.8,337.4
openmc_runs/case_0048/dep_00/openmc_simulation_n2.h5,2026-08-20 02:43:36,16000,120,30,0.0,321.8,321.3
openmc_runs/case_0048/dep_00/openmc_simulation_n3.h5,2026-08-20 02:49:17,16000,120,30,0.0,330.5,330.2
openmc_runs/case_0048/dep_00/openmc_simulation_n4.h5,2026-08-20 02:54:50,16000,120,30,0.0,324.3,323.9
openmc_runs/case_0048/dep_00/openmc_simulation_n5.h5,2026-08-20 03:00:28,16000,120,30,0.0,328.4,328.0
openmc_runs/case_0048/dep_00/statepoint.120.h5,2026-08-20 03:00:28,16000,120,30,0.0,328.4,328.0
openmc_runs/case_0048/dep_01/openmc_simulation_n6.h5,2026-08-20 03:06:51,16000,120,30,6.5,325.2,324.8
openmc_runs/case_0048/dep_01/openmc_simulation_n7.h5,2026-08-20 03:12:28,16000,120,30,0.0,328.0,327.6
openmc_runs/case_0048/dep_01/statepoint.120.h5,2026-08-20 03:12:28,16000,120,30,0.0,328.0,327.6
openmc_runs/case_0048/dep_02/openmc_simulation_n8.h5,2026-08-20 03:18:50,16000,120,30,6.5,321.9,321.4
openmc_runs/case_0048/dep_02/openmc_simulation_n9.h5,2026-08-20 03:24:37,16000,120,30,0.0,337.9,337.4
openmc_runs/case_0048/dep_02/statepoint.120.h5,2026-08-20 03:24:37,16000,120,30,0.0,337.9,337.4
openmc_runs/case_0048/dep_03/openmc_simulation_n10.h5,2026-08-20 03:30:57,16000,120,30,6.5,321.9,321.4
openmc_runs/case_0048/dep_03/openmc_simulation_n11.h5,2026-08-20 03:36:37,16000,120,30,0.0,329.2,328.7
openmc_runs/case_0048/dep_03/statepoint.120.h5,2026-08-20 03:36:37,16000,120,30,0.0,329.2,328.7
openmc_runs/case_0048/dep_04/openmc_simulation_n12.h5,2026-08-20 03:43:00,16000,120,30,6.5,324.4,323.9
openmc_runs/case_0048/dep_04/openmc_simulation_n13.h5,2026-08-20 03:48:53,16000,120,30,0.0,342.2,341.7
openmc_runs/case_0048/dep_04/statepoint.120.h5,2026-08-20 03:48:53,16000,120,30,0.0,342.2,341.7
openmc_runs/case_0048/dep_05/openmc_simulation_n14.h5,2026-08-20 03:55:26,16000,120,30,6.7,330.3,329.8
openmc_runs/case_0048/dep_05/openmc_simulation_n15.h5,2026-08-20 04:01:07,16000,120,30,0.0,331.8,331.3
openmc_runs/case_0048/dep_05/statepoint.120.h5,2026-08-20 04:01:07,16000,120,30,0.0,331.8,331.3
openmc_runs/case_0048/dep_06/openmc_simulation_n16.h5,2026-08-20 04:07:32,16000,120,30,6.5,325.1,324.6
openmc_runs/case_0048/dep_06/openmc_simulation_n17.h5,2026-08-20 04:13:10,16000,120,30,0.0,328.1,327.6
openmc_runs/case_0048/dep_06/statepoint.120.h5,2026-08-20 04:13:10,16000,120,30,0.0,328.1,327.6
openmc_runs/case_0048/dep_07/openmc_simulation_n18.h5,2026-08-20 04:19:46,16000,120,30,6.6,335.0,334.5
openmc_runs/case_0048/dep_07/openmc_simulation_n19.h5,2026-08-20 04:25:33,16000,120,30,0.0,337.7,337.2
openmc_runs/case_0048/dep_07/statepoint.120.h5,2026-08-20 04:25:33,16000,120,30,0.0,337.7,337.2
openmc_runs/case_0048/dep_08/openmc_simulation_n20.h5,2026-08-20 04:32:11,16000,120,30,6.6,335.9,335.4
openmc_runs/case_0048/dep_08/openmc_simulation_n21.h5,2026-08-20 04:37:55,16000,120,30,0.0,334.3,333.8
openmc_runs/case_0048/dep_08/statepoint.120.h5,2026-08-20 04:37:55,16000,120,30,0.0,334.3,333.8
openmc_runs/case_0049/bol/statepoint.120.h5,2026-08-20 04:38:24,16000,120,30,6.2,13.4,13.0
openmc_runs/case_0049/core_bol/statepoint.170.h5,2026-08-20 04:40:27,100000,170,60,7.8,111.2,108.7
openmc_runs/case_0049/dep_00/openmc_simulation_n0.h5,2026-08-20 04:45:59,16000,120,30,6.7,282.7,282.2
openmc_runs/case_0049/dep_00/openmc_simulation_n1.h5,2026-08-20 04:52:00,16000,120,30,0.0,350.0,349.5
openmc_runs/case_0049/dep_00/openmc_simulation_n2.h5,2026-08-20 04:57:39,16000,120,30,0.0,329.0,328.6
openmc_runs/case_0049/dep_00/openmc_simulation_n3.h5,2026-08-20 05:03:15,16000,120,30,0.0,326.1,325.6
openmc_runs/case_0049/dep_00/openmc_simulation_n4.h5,2026-08-20 05:09:13,16000,120,30,0.0,348.6,348.2
openmc_runs/case_0049/dep_00/openmc_simulation_n5.h5,2026-08-20 05:14:52,16000,120,30,0.0,329.4,328.9
openmc_runs/case_0049/dep_00/statepoint.120.h5,2026-08-20 05:14:52,16000,120,30,0.0,329.4,328.9
openmc_runs/case_0049/dep_01/openmc_simulation_n6.h5,2026-08-20 05:21:16,16000,120,30,6.6,326.1,325.6
openmc_runs/case_0049/dep_01/openmc_simulation_n7.h5,2026-08-20 05:27:00,16000,120,30,0.0,332.8,332.3
openmc_runs/case_0049/dep_01/statepoint.120.h5,2026-08-20 05:27:00,16000,120,30,0.0,332.8,332.3
openmc_runs/case_0049/dep_02/openmc_simulation_n8.h5,2026-08-20 05:33:24,16000,120,30,6.6,325.5,325.1
openmc_runs/case_0049/dep_02/openmc_simulation_n9.h5,2026-08-20 05:39:04,16000,120,30,0.0,330.4,329.9
openmc_runs/case_0049/dep_02/statepoint.120.h5,2026-08-20 05:39:04,16000,120,30,0.0,330.4,329.9
openmc_runs/case_0049/dep_03/openmc_simulation_n10.h5,2026-08-20 05:45:31,16000,120,30,6.7,324.1,323.6
openmc_runs/case_0049/dep_03/openmc_simulation_n11.h5,2026-08-20 05:51:10,16000,120,30,0.0,329.9,329.4
openmc_runs/case_0049/dep_03/statepoint.120.h5,2026-08-20 05:51:10,16000,120,30,0.0,329.9,329.4
openmc_runs/case_0049/dep_04/openmc_simulation_n12.h5,2026-08-20 05:57:37,16000,120,30,6.7,327.0,326.5
openmc_runs/case_0049/dep_04/openmc_simulation_n13.h5,2026-08-20 06:03:18,16000,120,30,0.0,330.0,329.5
openmc_runs/case_0049/dep_04/statepoint.120.h5,2026-08-20 06:03:18,16000,120,30,0.0,330.0,329.5
openmc_runs/case_0049/dep_05/openmc_simulation_n14.h5,2026-08-20 06:09:52,16000,120,30,6.7,331.6,331.1
openmc_runs/case_0049/dep_05/openmc_simulation_n15.h5,2026-08-20 06:15:37,16000,120,30,0.0,335.2,334.7
openmc_runs/case_0049/dep_05/statepoint.120.h5,2026-08-20 06:15:37,16000,120,30,0.0,335.2,334.7
openmc_runs/case_0049/dep_06/openmc_simulation_n16.h5,2026-08-20 06:22:12,16000,120,30,6.7,333.1,332.5
openmc_runs/case_0049/dep_06/openmc_simulation_n17.h5,2026-08-20 06:27:57,16000,120,30,0.0,335.7,335.2
openmc_runs/case_0049/dep_06/statepoint.120.h5,2026-08-20 06:27:57,16000,120,30,0.0,335.7,335.2
openmc_runs/case_0049/dep_07/openmc_simulation_n18.h5,2026-08-20 06:34:34,16000,120,30,6.5,335.5,335.0
openmc_runs/case_0049/dep_07/openmc_simulation_n19.h5,2026-08-20 06:40:15,16000,120,30,0.0,330.0,329.5
openmc_runs/case_0049/dep_07/statepoint.120.h5,2026-08-20 06:40:15,16000,120,30,0.0,330.0,329.5
openmc_runs/case_0049/dep_08/openmc_simulation_n20.h5,2026-08-20 06:46:58,16000,120,30,6.5,341.4,340.9
openmc_runs/case_0049/dep_08/openmc_simulation_n21.h5,2026-08-20 06:52:53,16000,120,30,0.0,343.7,343.2
openmc_runs/case_0049/dep_08/statepoint.120.h5,2026-08-20 06:52:53,16000,120,30,0.0,343.7,343.2
openmc_runs/case_0050/bol/statepoint.120.h5,2026-08-20 06:53:22,16000,120,30,6.2,13.4,13.0
openmc_runs/case_0050/core_bol/statepoint.170.h5,2026-08-20 06:55:25,100000,170,60,7.7,111.8,109.1
openmc_runs/case_0050/dep_00/openmc_simulation_n0.h5,2026-08-20 07:00:39,16000,120,30,6.6,266.4,265.9
openmc_runs/case_0050/dep_00/openmc_simulation_n1.h5,2026-08-20 07:06:19,16000,120,30,0.0,327.5,327.0
openmc_runs/case_0050/dep_00/openmc_simulation_n2.h5,2026-08-20 07:12:08,16000,120,30,0.0,338.2,337.7
openmc_runs/case_0050/dep_00/openmc_simulation_n3.h5,2026-08-20 07:17:51,16000,120,30,0.0,332.3,331.8
openmc_runs/case_0050/dep_00/openmc_simulation_n4.h5,2026-08-20 07:23:36,16000,120,30,0.0,333.3,332.8
openmc_runs/case_0050/dep_00/openmc_simulation_n5.h5,2026-08-20 07:29:20,16000,120,30,0.0,333.6,333.1
openmc_runs/case_0050/dep_00/statepoint.120.h5,2026-08-20 07:29:20,16000,120,30,0.0,333.6,333.1
openmc_runs/case_0050/dep_01/openmc_simulation_n6.h5,2026-08-20 07:35:44,16000,120,30,6.8,324.9,324.4
openmc_runs/case_0050/dep_01/openmc_simulation_n7.h5,2026-08-20 07:41:25,16000,120,30,0.0,330.2,329.7
openmc_runs/case_0050/dep_01/statepoint.120.h5,2026-08-20 07:41:25,16000,120,30,0.0,330.2,329.7
openmc_runs/case_0050/dep_02/openmc_simulation_n8.h5,2026-08-20 07:47:54,16000,120,30,6.6,329.4,328.9
openmc_runs/case_0050/dep_02/openmc_simulation_n9.h5,2026-08-20 07:53:36,16000,120,30,0.0,332.1,331.6
openmc_runs/case_0050/dep_02/statepoint.120.h5,2026-08-20 07:53:36,16000,120,30,0.0,332.1,331.6
openmc_runs/case_0050/dep_03/openmc_simulation_n10.h5,2026-08-20 07:59:56,16000,120,30,6.5,320.8,320.3
openmc_runs/case_0050/dep_03/openmc_simulation_n11.h5,2026-08-20 08:05:37,16000,120,30,0.0,331.6,331.1
openmc_runs/case_0050/dep_03/statepoint.120.h5,2026-08-20 08:05:37,16000,120,30,0.0,331.6,331.1
openmc_runs/case_0050/dep_04/openmc_simulation_n12.h5,2026-08-20 08:12:05,16000,120,30,6.7,325.1,324.6
openmc_runs/case_0050/dep_04/openmc_simulation_n13.h5,2026-08-20 08:17:49,16000,120,30,0.0,333.3,332.8
openmc_runs/case_0050/dep_04/statepoint.120.h5,2026-08-20 08:17:49,16000,120,30,0.0,333.3,332.8
openmc_runs/case_0050/dep_05/openmc_simulation_n14.h5,2026-08-20 08:24:23,16000,120,30,6.7,332.7,332.3
openmc_runs/case_0050/dep_05/openmc_simulation_n15.h5,2026-08-20 08:30:04,16000,120,30,0.0,330.9,330.4
openmc_runs/case_0050/dep_05/statepoint.120.h5,2026-08-20 08:30:04,16000,120,30,0.0,330.9,330.4
openmc_runs/case_0050/dep_06/openmc_simulation_n16.h5,2026-08-20 08:37:01,16000,120,30,6.7,352.8,352.3
openmc_runs/case_0050/dep_06/openmc_simulation_n17.h5,2026-08-20 08:42:47,16000,120,30,0.0,334.8,334.3
openmc_runs/case_0050/dep_06/statepoint.120.h5,2026-08-20 08:42:47,16000,120,30,0.0,334.7,334.3
openmc_runs/case_0050/dep_07/openmc_simulation_n18.h5,2026-08-20 08:49:13,16000,120,30,6.3,322.9,322.4
openmc_runs/case_0050/dep_07/openmc_simulation_n19.h5,2026-08-20 08:55:13,16000,120,30,0.0,349.7,349.3
openmc_runs/case_0050/dep_07/statepoint.120.h5,2026-08-20 08:55:13,16000,120,30,0.0,349.7,349.3
openmc_runs/case_0050/dep_08/openmc_simulation_n20.h5,2026-08-20 09:01:45,16000,120,30,6.6,330.1,329.6
openmc_runs/case_0050/dep_08/openmc_simulation_n21.h5,2026-08-20 09:07:29,16000,120,30,0.0,334.5,334.0
openmc_runs/case_0050/dep_08/statepoint.120.h5,2026-08-20 09:07:29,16000,120,30,0.0,334.5,334.0
openmc_runs/case_0051/bol/statepoint.120.h5,2026-08-20 09:07:58,16000,120,30,6.4,13.6,13.1
openmc_runs/case_0051/core_bol/statepoint.170.h5,2026-08-20 09:09:58,100000,170,60,7.9,108.3,105.7
openmc_runs/case_0051/dep_00/openmc_simulation_n0.h5,2026-08-20 09:15:02,16000,120,30,6.5,255.9,255.4
openmc_runs/case_0051/dep_00/openmc_simulation_n1.h5,2026-08-20 09:20:34,16000,120,30,0.0,321.6,320.9
openmc_runs/case_0051/dep_00/openmc_simulation_n2.h5,2026-08-20 09:26:12,16000,120,30,0.0,327.8,327.3
openmc_runs/case_0051/dep_00/openmc_simulation_n3.h5,2026-08-20 09:31:49,16000,120,30,0.0,326.0,325.5
openmc_runs/case_0051/dep_00/openmc_simulation_n4.h5,2026-08-20 09:37:23,16000,120,30,0.0,324.7,324.2
openmc_runs/case_0051/dep_00/openmc_simulation_n5.h5,2026-08-20 09:42:58,16000,120,30,0.0,325.0,324.4
openmc_runs/case_0051/dep_00/statepoint.120.h5,2026-08-20 09:42:58,16000,120,30,0.0,325.0,324.4
openmc_runs/case_0051/dep_01/openmc_simulation_n6.h5,2026-08-20 09:49:21,16000,120,30,6.5,324.3,323.8
openmc_runs/case_0051/dep_01/openmc_simulation_n7.h5,2026-08-20 09:54:59,16000,120,30,0.0,328.4,327.9
openmc_runs/case_0051/dep_01/statepoint.120.h5,2026-08-20 09:54:59,16000,120,30,0.0,328.4,327.9
openmc_runs/case_0051/dep_02/openmc_simulation_n8.h5,2026-08-20 10:01:27,16000,120,30,6.6,329.4,328.9
openmc_runs/case_0051/dep_02/openmc_simulation_n9.h5,2026-08-20 10:07:11,16000,120,30,0.0,333.9,333.4
openmc_runs/case_0051/dep_02/statepoint.120.h5,2026-08-20 10:07:11,16000,120,30,0.0,333.9,333.4
openmc_runs/case_0051/dep_03/openmc_simulation_n10.h5,2026-08-20 10:13:56,16000,120,30,6.8,342.2,341.7
openmc_runs/case_0051/dep_03/openmc_simulation_n11.h5,2026-08-20 10:19:59,16000,120,30,0.0,353.0,352.5
openmc_runs/case_0051/dep_03/statepoint.120.h5,2026-08-20 10:19:59,16000,120,30,0.0,353.0,352.5
openmc_runs/case_0051/dep_04/openmc_simulation_n12.h5,2026-08-20 10:26:30,16000,120,30,6.6,330.9,330.4
openmc_runs/case_0051/dep_04/openmc_simulation_n13.h5,2026-08-20 10:32:38,16000,120,30,0.0,355.9,355.4
openmc_runs/case_0051/dep_04/statepoint.120.h5,2026-08-20 10:32:38,16000,120,30,0.0,355.9,355.4
openmc_runs/case_0051/dep_05/openmc_simulation_n14.h5,2026-08-20 10:39:14,16000,120,30,6.5,335.7,335.2
openmc_runs/case_0051/dep_05/openmc_simulation_n15.h5,2026-08-20 10:45:00,16000,120,30,0.0,334.8,334.3
openmc_runs/case_0051/dep_05/statepoint.120.h5,2026-08-20 10:45:00,16000,120,30,0.0,334.8,334.3
openmc_runs/case_0051/dep_06/openmc_simulation_n16.h5,2026-08-20 10:51:32,16000,120,30,6.7,326.4,325.9
openmc_runs/case_0051/dep_06/openmc_simulation_n17.h5,2026-08-20 10:57:18,16000,120,30,0.0,335.9,335.4
openmc_runs/case_0051/dep_06/statepoint.120.h5,2026-08-20 10:57:18,16000,120,30,0.0,335.9,335.4
openmc_runs/case_0051/dep_07/openmc_simulation_n18.h5,2026-08-20 11:03:52,16000,120,30,6.5,330.4,329.9
openmc_runs/case_0051/dep_07/openmc_simulation_n19.h5,2026-08-20 11:09:43,16000,120,30,0.0,339.6,339.1
openmc_runs/case_0051/dep_07/statepoint.120.h5,2026-08-20 11:09:43,16000,120,30,0.0,339.6,339.1
openmc_runs/case_0051/dep_08/openmc_simulation_n20.h5,2026-08-20 11:16:18,16000,120,30,6.5,333.2,332.7
openmc_runs/case_0051/dep_08/openmc_simulation_n21.h5,2026-08-20 11:22:04,16000,120,30,0.0,335.6,335.1
openmc_runs/case_0051/dep_08/statepoint.120.h5,2026-08-20 11:22:04,16000,120,30,0.0,335.5,335.1
openmc_runs/case_0052/bol/statepoint.120.h5,2026-08-20 11:22:32,16000,120,30,6.2,13.3,12.8
openmc_runs/case_0052/core_bol/statepoint.170.h5,2026-08-20 11:24:36,100000,170,60,7.7,111.7,109.2
openmc_runs/case_0052/dep_00/openmc_simulation_n0.h5,2026-08-20 11:29:46,16000,120,30,6.5,261.7,261.2
openmc_runs/case_0052/dep_00/openmc_simulation_n1.h5,2026-08-20 11:35:21,16000,120,30,0.0,324.7,324.2
openmc_runs/case_0052/dep_00/openmc_simulation_n2.h5,2026-08-20 11:41:19,16000,120,30,0.0,345.5,345.1
openmc_runs/case_0052/dep_00/openmc_simulation_n3.h5,2026-08-20 11:47:01,16000,120,30,0.0,331.9,331.4
openmc_runs/case_0052/dep_00/openmc_simulation_n4.h5,2026-08-20 11:52:44,16000,120,30,0.0,332.4,331.9
openmc_runs/case_0052/dep_00/openmc_simulation_n5.h5,2026-08-20 11:58:27,16000,120,30,0.0,332.4,331.9
openmc_runs/case_0052/dep_00/statepoint.120.h5,2026-08-20 11:58:27,16000,120,30,0.0,332.4,331.9
openmc_runs/case_0052/dep_01/openmc_simulation_n6.h5,2026-08-20 12:04:51,16000,120,30,6.7,325.3,324.8
openmc_runs/case_0052/dep_01/openmc_simulation_n7.h5,2026-08-20 12:10:29,16000,120,30,0.0,327.9,327.4
openmc_runs/case_0052/dep_01/statepoint.120.h5,2026-08-20 12:10:29,16000,120,30,0.0,327.9,327.4
openmc_runs/case_0052/dep_02/openmc_simulation_n8.h5,2026-08-20 12:16:55,16000,120,30,6.6,327.1,326.6
openmc_runs/case_0052/dep_02/openmc_simulation_n9.h5,2026-08-20 12:22:39,16000,120,30,0.0,333.0,332.6
openmc_runs/case_0052/dep_02/statepoint.120.h5,2026-08-20 12:22:39,16000,120,30,0.0,333.0,332.6
openmc_runs/case_0052/dep_03/openmc_simulation_n10.h5,2026-08-20 12:29:01,16000,120,30,6.6,322.6,322.1
openmc_runs/case_0052/dep_03/openmc_simulation_n11.h5,2026-08-20 12:34:36,16000,120,30,0.0,324.6,324.1
openmc_runs/case_0052/dep_03/statepoint.120.h5,2026-08-20 12:34:36,16000,120,30,0.0,324.6,324.1
openmc_runs/case_0052/dep_04/openmc_simulation_n12.h5,2026-08-20 12:41:10,16000,120,30,6.7,333.2,332.7
openmc_runs/case_0052/dep_04/openmc_simulation_n13.h5,2026-08-20 12:46:54,16000,120,30,0.0,332.1,331.6
openmc_runs/case_0052/dep_04/statepoint.120.h5,2026-08-20 12:46:54,16000,120,30,0.0,332.1,331.6
openmc_runs/case_0052/dep_05/openmc_simulation_n14.h5,2026-08-20 12:53:22,16000,120,30,6.5,327.4,327.0
openmc_runs/case_0052/dep_05/openmc_simulation_n15.h5,2026-08-20 12:58:58,16000,120,30,0.0,326.0,325.5
openmc_runs/case_0052/dep_05/statepoint.120.h5,2026-08-20 12:58:58,16000,120,30,0.0,326.0,325.5
openmc_runs/case_0052/dep_06/openmc_simulation_n16.h5,2026-08-20 13:05:21,16000,120,30,6.5,322.4,321.9
openmc_runs/case_0052/dep_06/openmc_simulation_n17.h5,2026-08-20 13:11:00,16000,120,30,0.0,328.0,327.5
openmc_runs/case_0052/dep_06/statepoint.120.h5,2026-08-20 13:11:00,16000,120,30,0.0,328.0,327.5
openmc_runs/case_0052/dep_07/openmc_simulation_n18.h5,2026-08-20 13:17:23,16000,120,30,6.4,321.9,321.4
openmc_runs/case_0052/dep_07/openmc_simulation_n19.h5,2026-08-20 13:23:03,16000,120,30,0.0,329.9,329.4
openmc_runs/case_0052/dep_07/statepoint.120.h5,2026-08-20 13:23:03,16000,120,30,0.0,329.9,329.4
openmc_runs/case_0052/dep_08/openmc_simulation_n20.h5,2026-08-20 13:29:49,16000,120,30,6.5,343.3,342.8
openmc_runs/case_0052/dep_08/openmc_simulation_n21.h5,2026-08-20 13:35:28,16000,120,30,0.0,328.4,327.9
openmc_runs/case_0052/dep_08/statepoint.120.h5,2026-08-20 13:35:28,16000,120,30,0.0,328.4,327.9
openmc_runs/case_0053/bol/statepoint.120.h5,2026-08-20 13:35:55,16000,120,30,6.1,11.9,11.5
openmc_runs/case_0053/core_bol/statepoint.170.h5,2026-08-20 13:37:45,100000,170,60,7.6,98.8,96.1
openmc_runs/case_0053/dep_00/openmc_simulation_n0.h5,2026-08-20 13:42:50,16000,120,30,6.5,257.4,256.9
openmc_runs/case_0053/dep_00/openmc_simulation_n1.h5,2026-08-20 13:48:16,16000,120,30,0.0,314.9,314.4
openmc_runs/case_0053/dep_00/openmc_simulation_n2.h5,2026-08-20 13:53:47,16000,120,30,0.0,320.9,320.4
openmc_runs/case_0053/dep_00/openmc_simulation_n3.h5,2026-08-20 13:59:19,16000,120,30,0.0,321.4,320.9
openmc_runs/case_0053/dep_00/openmc_simulation_n4.h5,2026-08-20 14:04:49,16000,120,30,0.0,319.1,318.7
openmc_runs/case_0053/dep_00/openmc_simulation_n5.h5,2026-08-20 14:10:21,16000,120,30,0.0,322.3,321.8
openmc_runs/case_0053/dep_00/statepoint.120.h5,2026-08-20 14:10:21,16000,120,30,0.0,322.2,321.8
openmc_runs/case_0053/dep_01/openmc_simulation_n6.h5,2026-08-20 14:16:38,16000,120,30,6.5,318.2,317.7
openmc_runs/case_0053/dep_01/openmc_simulation_n7.h5,2026-08-20 14:22:13,16000,120,30,0.0,324.6,324.1
openmc_runs/case_0053/dep_01/statepoint.120.h5,2026-08-20 14:22:13,16000,120,30,0.0,324.6,324.1
openmc_runs/case_0053/dep_02/openmc_simulation_n8.h5,2026-08-20 14:28:43,16000,120,30,6.5,331.5,331.0
openmc_runs/case_0053/dep_02/openmc_simulation_n9.h5,2026-08-20 14:34:20,16000,120,30,0.0,326.1,325.6
openmc_runs/case_0053/dep_02/statepoint.120.h5,2026-08-20 14:34:20,16000,120,30,0.0,326.1,325.6
openmc_runs/case_0053/dep_03/openmc_simulation_n10.h5,2026-08-20 14:40:35,16000,120,30,6.5,317.0,316.5
openmc_runs/case_0053/dep_03/openmc_simulation_n11.h5,2026-08-20 14:46:08,16000,120,30,0.0,322.2,321.8
openmc_runs/case_0053/dep_03/statepoint.120.h5,2026-08-20 14:46:08,16000,120,30,0.0,322.2,321.8
openmc_runs/case_0053/dep_04/openmc_simulation_n12.h5,2026-08-20 14:52:29,16000,120,30,6.5,321.5,321.0
openmc_runs/case_0053/dep_04/openmc_simulation_n13.h5,2026-08-20 14:58:07,16000,120,30,0.0,327.3,326.8
openmc_runs/case_0053/dep_04/statepoint.120.h5,2026-08-20 14:58:07,16000,120,30,0.0,327.2,326.8
openmc_runs/case_0053/dep_05/openmc_simulation_n14.h5,2026-08-20 15:04:38,16000,120,30,6.5,330.4,329.9
openmc_runs/case_0053/dep_05/openmc_simulation_n15.h5,2026-08-20 15:10:12,16000,120,30,0.0,323.5,323.1
openmc_runs/case_0053/dep_05/statepoint.120.h5,2026-08-20 15:10:12,16000,120,30,0.0,323.5,323.1
openmc_runs/case_0053/dep_06/openmc_simulation_n16.h5,2026-08-20 15:16:37,16000,120,30,6.5,324.1,323.6
openmc_runs/case_0053/dep_06/openmc_simulation_n17.h5,2026-08-20 15:22:14,16000,120,30,0.0,325.8,325.3
openmc_runs/case_0053/dep_06/statepoint.120.h5,2026-08-20 15:22:14,16000,120,30,0.0,325.8,325.3
openmc_runs/case_0053/dep_07/openmc_simulation_n18.h5,2026-08-20 15:28:41,16000,120,30,6.5,325.3,324.8
openmc_runs/case_0053/dep_07/openmc_simulation_n19.h5,2026-08-20 15:34:20,16000,120,30,0.0,328.8,328.4
openmc_runs/case_0053/dep_07/statepoint.120.h5,2026-08-20 15:34:20,16000,120,30,0.0,328.8,328.4
openmc_runs/case_0053/dep_08/openmc_simulation_n20.h5,2026-08-20 15:40:46,16000,120,30,6.4,323.8,323.3
openmc_runs/case_0053/dep_08/openmc_simulation_n21.h5,2026-08-20 15:46:26,16000,120,30,0.0,329.4,328.9
openmc_runs/case_0053/dep_08/statepoint.120.h5,2026-08-20 15:46:26,16000,120,30,0.0,329.4,328.9
