--------------------------------------------------------------------------
 STAGE P. Preflight  (2026-09-26 20:00:43)
--------------------------------------------------------------------------
selftest OK
  threads     : 64 of 64
  other jobs  : 0 transport processes running
preflight OK
--------------------------------------------------------------------------
 STAGE T. Thread reproducibility of the depletion, C9-47  (2026-09-26 20:00:45)
--------------------------------------------------------------------------
                                %%%%%%%%%%%%%%%
                           %%%%%%%%%%%%%%%%%%%%%%%%
                        %%%%%%%%%%%%%%%%%%%%%%%%%%%%%%
                      %%%%%%%%%%%%%%%%%%%%%%%%%%%%%%%%%%
                    %%%%%%%%%%%%%%%%%%%%%%%%%%%%%%%%%%%%%%
                   %%%%%%%%%%%%%%%%%%%%%%%%%%%%%%%%%%%%%%%%
                                    %%%%%%%%%%%%%%%%%%%%%%%%
                                     %%%%%%%%%%%%%%%%%%%%%%%%
                 ###############      %%%%%%%%%%%%%%%%%%%%%%%%
                ##################     %%%%%%%%%%%%%%%%%%%%%%%
                ###################     %%%%%%%%%%%%%%%%%%%%%%%
                ####################     %%%%%%%%%%%%%%%%%%%%%%
                #####################     %%%%%%%%%%%%%%%%%%%%%
                ######################     %%%%%%%%%%%%%%%%%%%%
                #######################     %%%%%%%%%%%%%%%%%%
                 #######################     %%%%%%%%%%%%%%%%%
                 ######################     %%%%%%%%%%%%%%%%%
                  ####################     %%%%%%%%%%%%%%%%%
                    #################     %%%%%%%%%%%%%%%%%
                     ###############     %%%%%%%%%%%%%%%%
                       ############     %%%%%%%%%%%%%%%
                          ########     %%%%%%%%%%%%%%
                                      %%%%%%%%%%%

                 | The OpenMC Monte Carlo Code
       Copyright | 2011-2025 MIT, UChicago Argonne LLC, and contributors
         License | https://docs.openmc.org/en/latest/license.html
         Version | 0.15.3
     Commit Hash | 27e38e894697bb32a1dac7848d2618818b6b8daf
       Date/Time | 2026-09-26 20:00:49
   MPI Processes | 1
  OpenMP Threads | 64

 Reading settings XML file...
 Reading cross sections XML file...
 Reading chain file: /home/diogo/openmc_data/chain_endfb71_pwr.xml...
 Reading materials XML file...
 Reading geometry XML file...
 Reading H1 from /home/diogo/openmc_data/endfb-vii.1-hdf5/neutron/H1.h5
 Reading H2 from /home/diogo/openmc_data/endfb-vii.1-hdf5/neutron/H2.h5
 Reading B10 from /home/diogo/openmc_data/endfb-vii.1-hdf5/neutron/B10.h5
 Reading B11 from /home/diogo/openmc_data/endfb-vii.1-hdf5/neutron/B11.h5
 Reading O16 from /home/diogo/openmc_data/endfb-vii.1-hdf5/neutron/O16.h5
 Reading O17 from /home/diogo/openmc_data/endfb-vii.1-hdf5/neutron/O17.h5
 Reading Cr50 from /home/diogo/openmc_data/endfb-vii.1-hdf5/neutron/Cr50.h5
 Reading Cr52 from /home/diogo/openmc_data/endfb-vii.1-hdf5/neutron/Cr52.h5
 Reading Cr53 from /home/diogo/openmc_data/endfb-vii.1-hdf5/neutron/Cr53.h5
 Reading Cr54 from /home/diogo/openmc_data/endfb-vii.1-hdf5/neutron/Cr54.h5
 Reading Fe54 from /home/diogo/openmc_data/endfb-vii.1-hdf5/neutron/Fe54.h5
 Reading Fe56 from /home/diogo/openmc_data/endfb-vii.1-hdf5/neutron/Fe56.h5
 Reading Fe57 from /home/diogo/openmc_data/endfb-vii.1-hdf5/neutron/Fe57.h5
 Reading Fe58 from /home/diogo/openmc_data/endfb-vii.1-hdf5/neutron/Fe58.h5
 Reading Zr90 from /home/diogo/openmc_data/endfb-vii.1-hdf5/neutron/Zr90.h5
 Reading Zr91 from /home/diogo/openmc_data/endfb-vii.1-hdf5/neutron/Zr91.h5
 Reading Zr92 from /home/diogo/openmc_data/endfb-vii.1-hdf5/neutron/Zr92.h5
 Reading Zr94 from /home/diogo/openmc_data/endfb-vii.1-hdf5/neutron/Zr94.h5
 Reading Zr96 from /home/diogo/openmc_data/endfb-vii.1-hdf5/neutron/Zr96.h5
 Reading Sn112 from /home/diogo/openmc_data/endfb-vii.1-hdf5/neutron/Sn112.h5
 Reading Sn114 from /home/diogo/openmc_data/endfb-vii.1-hdf5/neutron/Sn114.h5
 Reading Sn115 from /home/diogo/openmc_data/endfb-vii.1-hdf5/neutron/Sn115.h5
 Reading Sn116 from /home/diogo/openmc_data/endfb-vii.1-hdf5/neutron/Sn116.h5
 Reading Sn117 from /home/diogo/openmc_data/endfb-vii.1-hdf5/neutron/Sn117.h5
 Reading Sn118 from /home/diogo/openmc_data/endfb-vii.1-hdf5/neutron/Sn118.h5
 Reading Sn119 from /home/diogo/openmc_data/endfb-vii.1-hdf5/neutron/Sn119.h5
 Reading Sn120 from /home/diogo/openmc_data/endfb-vii.1-hdf5/neutron/Sn120.h5
 Reading Sn122 from /home/diogo/openmc_data/endfb-vii.1-hdf5/neutron/Sn122.h5
 Reading Sn124 from /home/diogo/openmc_data/endfb-vii.1-hdf5/neutron/Sn124.h5
 Reading He3 from /home/diogo/openmc_data/endfb-vii.1-hdf5/neutron/He3.h5
 Reading He4 from /home/diogo/openmc_data/endfb-vii.1-hdf5/neutron/He4.h5
 Reading U234 from /home/diogo/openmc_data/endfb-vii.1-hdf5/neutron/U234.h5
 Reading U235 from /home/diogo/openmc_data/endfb-vii.1-hdf5/neutron/U235.h5
 Reading U238 from /home/diogo/openmc_data/endfb-vii.1-hdf5/neutron/U238.h5
 Reading Gd152 from /home/diogo/openmc_data/endfb-vii.1-hdf5/neutron/Gd152.h5
 Reading Gd154 from /home/diogo/openmc_data/endfb-vii.1-hdf5/neutron/Gd154.h5
 Reading Gd155 from /home/diogo/openmc_data/endfb-vii.1-hdf5/neutron/Gd155.h5
 Reading Gd156 from /home/diogo/openmc_data/endfb-vii.1-hdf5/neutron/Gd156.h5
 Reading Gd157 from /home/diogo/openmc_data/endfb-vii.1-hdf5/neutron/Gd157.h5
 Reading Gd158 from /home/diogo/openmc_data/endfb-vii.1-hdf5/neutron/Gd158.h5
 Reading Gd160 from /home/diogo/openmc_data/endfb-vii.1-hdf5/neutron/Gd160.h5
 Reading c_H_in_H2O from
 /home/diogo/openmc_data/endfb-vii.1-hdf5/neutron/c_H_in_H2O.h5
 Minimum neutron data temperature: 294 K
 Maximum neutron data temperature: 2500 K
 Reading tallies XML file...
 Preparing distributed cell instances...
 Reading plot XML file...
 Writing summary.h5 file...
[openmc.deplete] t=0.0 s, dt=4327203.051553669 s, source=1491105.972264863
 Reading H3 from /home/diogo/openmc_data/endfb-vii.1-hdf5/neutron/H3.h5
 Reading Li6 from /home/diogo/openmc_data/endfb-vii.1-hdf5/neutron/Li6.h5
 Reading Li7 from /home/diogo/openmc_data/endfb-vii.1-hdf5/neutron/Li7.h5
 Reading Be9 from /home/diogo/openmc_data/endfb-vii.1-hdf5/neutron/Be9.h5
 Reading N14 from /home/diogo/openmc_data/endfb-vii.1-hdf5/neutron/N14.h5
 Reading N15 from /home/diogo/openmc_data/endfb-vii.1-hdf5/neutron/N15.h5
 Reading F19 from /home/diogo/openmc_data/endfb-vii.1-hdf5/neutron/F19.h5
 Reading Na22 from /home/diogo/openmc_data/endfb-vii.1-hdf5/neutron/Na22.h5
 WARNING: Negative value(s) found on probability table for nuclide Na22 at 250K
 WARNING: Negative value(s) found on probability table for nuclide Na22 at 294K
 WARNING: Negative value(s) found on probability table for nuclide Na22 at 600K
 WARNING: Negative value(s) found on probability table for nuclide Na22 at 900K
 WARNING: Negative value(s) found on probability table for nuclide Na22 at 1200K
 WARNING: Negative value(s) found on probability table for nuclide Na22 at 2500K
 Reading Na23 from /home/diogo/openmc_data/endfb-vii.1-hdf5/neutron/Na23.h5
 Reading Mg24 from /home/diogo/openmc_data/endfb-vii.1-hdf5/neutron/Mg24.h5
 Reading Mg25 from /home/diogo/openmc_data/endfb-vii.1-hdf5/neutron/Mg25.h5
 Reading Mg26 from /home/diogo/openmc_data/endfb-vii.1-hdf5/neutron/Mg26.h5
 Reading Al27 from /home/diogo/openmc_data/endfb-vii.1-hdf5/neutron/Al27.h5
 Reading Si28 from /home/diogo/openmc_data/endfb-vii.1-hdf5/neutron/Si28.h5
 Reading Si29 from /home/diogo/openmc_data/endfb-vii.1-hdf5/neutron/Si29.h5
 Reading Si30 from /home/diogo/openmc_data/endfb-vii.1-hdf5/neutron/Si30.h5
 Reading P31 from /home/diogo/openmc_data/endfb-vii.1-hdf5/neutron/P31.h5
 Reading S32 from /home/diogo/openmc_data/endfb-vii.1-hdf5/neutron/S32.h5
 Reading S33 from /home/diogo/openmc_data/endfb-vii.1-hdf5/neutron/S33.h5
 Reading S34 from /home/diogo/openmc_data/endfb-vii.1-hdf5/neutron/S34.h5
 Reading S36 from /home/diogo/openmc_data/endfb-vii.1-hdf5/neutron/S36.h5
 Reading Cl35 from /home/diogo/openmc_data/endfb-vii.1-hdf5/neutron/Cl35.h5
 Reading Cl37 from /home/diogo/openmc_data/endfb-vii.1-hdf5/neutron/Cl37.h5
 Reading Ar36 from /home/diogo/openmc_data/endfb-vii.1-hdf5/neutron/Ar36.h5
 WARNING: Negative value(s) found on probability table for nuclide Ar36 at 250K
 WARNING: Negative value(s) found on probability table for nuclide Ar36 at 294K
 WARNING: Negative value(s) found on probability table for nuclide Ar36 at 600K
 WARNING: Negative value(s) found on probability table for nuclide Ar36 at 900K
 WARNING: Negative value(s) found on probability table for nuclide Ar36 at 1200K
 WARNING: Negative value(s) found on probability table for nuclide Ar36 at 2500K
 Reading Ar38 from /home/diogo/openmc_data/endfb-vii.1-hdf5/neutron/Ar38.h5
 Reading Ar40 from /home/diogo/openmc_data/endfb-vii.1-hdf5/neutron/Ar40.h5
 Reading K39 from /home/diogo/openmc_data/endfb-vii.1-hdf5/neutron/K39.h5
 Reading K40 from /home/diogo/openmc_data/endfb-vii.1-hdf5/neutron/K40.h5
 Reading K41 from /home/diogo/openmc_data/endfb-vii.1-hdf5/neutron/K41.h5
 Reading Ca40 from /home/diogo/openmc_data/endfb-vii.1-hdf5/neutron/Ca40.h5
 Reading Ca42 from /home/diogo/openmc_data/endfb-vii.1-hdf5/neutron/Ca42.h5
 Reading Ca43 from /home/diogo/openmc_data/endfb-vii.1-hdf5/neutron/Ca43.h5
 Reading Ca44 from /home/diogo/openmc_data/endfb-vii.1-hdf5/neutron/Ca44.h5
 Reading Ca46 from /home/diogo/openmc_data/endfb-vii.1-hdf5/neutron/Ca46.h5
 Reading Ca48 from /home/diogo/openmc_data/endfb-vii.1-hdf5/neutron/Ca48.h5
 Reading Sc45 from /home/diogo/openmc_data/endfb-vii.1-hdf5/neutron/Sc45.h5
 Reading Ti46 from /home/diogo/openmc_data/endfb-vii.1-hdf5/neutron/Ti46.h5
 Reading Ti47 from /home/diogo/openmc_data/endfb-vii.1-hdf5/neutron/Ti47.h5
 Reading Ti48 from /home/diogo/openmc_data/endfb-vii.1-hdf5/neutron/Ti48.h5
 Reading Ti49 from /home/diogo/openmc_data/endfb-vii.1-hdf5/neutron/Ti49.h5
 Reading Ti50 from /home/diogo/openmc_data/endfb-vii.1-hdf5/neutron/Ti50.h5
 Reading V50 from /home/diogo/openmc_data/endfb-vii.1-hdf5/neutron/V50.h5
 Reading V51 from /home/diogo/openmc_data/endfb-vii.1-hdf5/neutron/V51.h5
 Reading Mn55 from /home/diogo/openmc_data/endfb-vii.1-hdf5/neutron/Mn55.h5
 Reading Co58 from /home/diogo/openmc_data/endfb-vii.1-hdf5/neutron/Co58.h5
 Reading Co58_m1 from
 /home/diogo/openmc_data/endfb-vii.1-hdf5/neutron/Co58_m1.h5
 Reading Co59 from /home/diogo/openmc_data/endfb-vii.1-hdf5/neutron/Co59.h5
 Reading Ni58 from /home/diogo/openmc_data/endfb-vii.1-hdf5/neutron/Ni58.h5
 Reading Ni59 from /home/diogo/openmc_data/endfb-vii.1-hdf5/neutron/Ni59.h5
 Reading Ni60 from /home/diogo/openmc_data/endfb-vii.1-hdf5/neutron/Ni60.h5
 Reading Ni61 from /home/diogo/openmc_data/endfb-vii.1-hdf5/neutron/Ni61.h5
 Reading Ni62 from /home/diogo/openmc_data/endfb-vii.1-hdf5/neutron/Ni62.h5
 Reading Ni64 from /home/diogo/openmc_data/endfb-vii.1-hdf5/neutron/Ni64.h5
 Reading Cu63 from /home/diogo/openmc_data/endfb-vii.1-hdf5/neutron/Cu63.h5
 Reading Cu65 from /home/diogo/openmc_data/endfb-vii.1-hdf5/neutron/Cu65.h5
 Reading Zn64 from /home/diogo/openmc_data/endfb-vii.1-hdf5/neutron/Zn64.h5
 Reading Zn65 from /home/diogo/openmc_data/endfb-vii.1-hdf5/neutron/Zn65.h5
 Reading Zn66 from /home/diogo/openmc_data/endfb-vii.1-hdf5/neutron/Zn66.h5
 Reading Zn67 from /home/diogo/openmc_data/endfb-vii.1-hdf5/neutron/Zn67.h5
 Reading Zn68 from /home/diogo/openmc_data/endfb-vii.1-hdf5/neutron/Zn68.h5
 Reading Zn70 from /home/diogo/openmc_data/endfb-vii.1-hdf5/neutron/Zn70.h5
 Reading Ga69 from /home/diogo/openmc_data/endfb-vii.1-hdf5/neutron/Ga69.h5
 Reading Ga71 from /home/diogo/openmc_data/endfb-vii.1-hdf5/neutron/Ga71.h5
 Reading Ge70 from /home/diogo/openmc_data/endfb-vii.1-hdf5/neutron/Ge70.h5
 Reading Ge72 from /home/diogo/openmc_data/endfb-vii.1-hdf5/neutron/Ge72.h5
 Reading Ge73 from /home/diogo/openmc_data/endfb-vii.1-hdf5/neutron/Ge73.h5
 Reading Ge74 from /home/diogo/openmc_data/endfb-vii.1-hdf5/neutron/Ge74.h5
 Reading Ge76 from /home/diogo/openmc_data/endfb-vii.1-hdf5/neutron/Ge76.h5
 Reading As74 from /home/diogo/openmc_data/endfb-vii.1-hdf5/neutron/As74.h5
 Reading As75 from /home/diogo/openmc_data/endfb-vii.1-hdf5/neutron/As75.h5
 Reading Se74 from /home/diogo/openmc_data/endfb-vii.1-hdf5/neutron/Se74.h5
 Reading Se76 from /home/diogo/openmc_data/endfb-vii.1-hdf5/neutron/Se76.h5
 Reading Se77 from /home/diogo/openmc_data/endfb-vii.1-hdf5/neutron/Se77.h5
 Reading Se78 from /home/diogo/openmc_data/endfb-vii.1-hdf5/neutron/Se78.h5
 Reading Se79 from /home/diogo/openmc_data/endfb-vii.1-hdf5/neutron/Se79.h5
 WARNING: Negative value(s) found on probability table for nuclide Se79 at 250K
 WARNING: Negative value(s) found on probability table for nuclide Se79 at 294K
 WARNING: Negative value(s) found on probability table for nuclide Se79 at 600K
 WARNING: Negative value(s) found on probability table for nuclide Se79 at 900K
 WARNING: Negative value(s) found on probability table for nuclide Se79 at 1200K
 Reading Se80 from /home/diogo/openmc_data/endfb-vii.1-hdf5/neutron/Se80.h5
 Reading Se82 from /home/diogo/openmc_data/endfb-vii.1-hdf5/neutron/Se82.h5
 Reading Br79 from /home/diogo/openmc_data/endfb-vii.1-hdf5/neutron/Br79.h5
 Reading Br81 from /home/diogo/openmc_data/endfb-vii.1-hdf5/neutron/Br81.h5
 Reading Kr78 from /home/diogo/openmc_data/endfb-vii.1-hdf5/neutron/Kr78.h5
 Reading Kr80 from /home/diogo/openmc_data/endfb-vii.1-hdf5/neutron/Kr80.h5
 Reading Kr82 from /home/diogo/openmc_data/endfb-vii.1-hdf5/neutron/Kr82.h5
 Reading Kr83 from /home/diogo/openmc_data/endfb-vii.1-hdf5/neutron/Kr83.h5
 Reading Kr84 from /home/diogo/openmc_data/endfb-vii.1-hdf5/neutron/Kr84.h5
 Reading Kr85 from /home/diogo/openmc_data/endfb-vii.1-hdf5/neutron/Kr85.h5
 Reading Kr86 from /home/diogo/openmc_data/endfb-vii.1-hdf5/neutron/Kr86.h5
 Reading Rb85 from /home/diogo/openmc_data/endfb-vii.1-hdf5/neutron/Rb85.h5
 Reading Rb86 from /home/diogo/openmc_data/endfb-vii.1-hdf5/neutron/Rb86.h5
 Reading Rb87 from /home/diogo/openmc_data/endfb-vii.1-hdf5/neutron/Rb87.h5
 Reading Sr84 from /home/diogo/openmc_data/endfb-vii.1-hdf5/neutron/Sr84.h5
 Reading Sr86 from /home/diogo/openmc_data/endfb-vii.1-hdf5/neutron/Sr86.h5
 Reading Sr87 from /home/diogo/openmc_data/endfb-vii.1-hdf5/neutron/Sr87.h5
 Reading Sr88 from /home/diogo/openmc_data/endfb-vii.1-hdf5/neutron/Sr88.h5
 Reading Sr89 from /home/diogo/openmc_data/endfb-vii.1-hdf5/neutron/Sr89.h5
 Reading Sr90 from /home/diogo/openmc_data/endfb-vii.1-hdf5/neutron/Sr90.h5
 Reading Y89 from /home/diogo/openmc_data/endfb-vii.1-hdf5/neutron/Y89.h5
 Reading Y90 from /home/diogo/openmc_data/endfb-vii.1-hdf5/neutron/Y90.h5
 Reading Y91 from /home/diogo/openmc_data/endfb-vii.1-hdf5/neutron/Y91.h5
 Reading Zr93 from /home/diogo/openmc_data/endfb-vii.1-hdf5/neutron/Zr93.h5
 Reading Zr95 from /home/diogo/openmc_data/endfb-vii.1-hdf5/neutron/Zr95.h5
 Reading Nb93 from /home/diogo/openmc_data/endfb-vii.1-hdf5/neutron/Nb93.h5
 Reading Nb94 from /home/diogo/openmc_data/endfb-vii.1-hdf5/neutron/Nb94.h5
 WARNING: Negative value(s) found on probability table for nuclide Nb94 at 250K
 WARNING: Negative value(s) found on probability table for nuclide Nb94 at 294K
 WARNING: Negative value(s) found on probability table for nuclide Nb94 at 600K
 WARNING: Negative value(s) found on probability table for nuclide Nb94 at 900K
 WARNING: Negative value(s) found on probability table for nuclide Nb94 at 1200K
 WARNING: Negative value(s) found on probability table for nuclide Nb94 at 2500K
 Reading Nb95 from /home/diogo/openmc_data/endfb-vii.1-hdf5/neutron/Nb95.h5
 WARNING: Negative value(s) found on probability table for nuclide Nb95 at 250K
 WARNING: Negative value(s) found on probability table for nuclide Nb95 at 294K
 WARNING: Negative value(s) found on probability table for nuclide Nb95 at 600K
 WARNING: Negative value(s) found on probability table for nuclide Nb95 at 900K
 WARNING: Negative value(s) found on probability table for nuclide Nb95 at 1200K
 Reading Mo92 from /home/diogo/openmc_data/endfb-vii.1-hdf5/neutron/Mo92.h5
 Reading Mo94 from /home/diogo/openmc_data/endfb-vii.1-hdf5/neutron/Mo94.h5
 Reading Mo95 from /home/diogo/openmc_data/endfb-vii.1-hdf5/neutron/Mo95.h5
 Reading Mo96 from /home/diogo/openmc_data/endfb-vii.1-hdf5/neutron/Mo96.h5
 Reading Mo97 from /home/diogo/openmc_data/endfb-vii.1-hdf5/neutron/Mo97.h5
 Reading Mo98 from /home/diogo/openmc_data/endfb-vii.1-hdf5/neutron/Mo98.h5
 Reading Mo99 from /home/diogo/openmc_data/endfb-vii.1-hdf5/neutron/Mo99.h5
 WARNING: Negative value(s) found on probability table for nuclide Mo99 at 250K
 WARNING: Negative value(s) found on probability table for nuclide Mo99 at 294K
 WARNING: Negative value(s) found on probability table for nuclide Mo99 at 600K
 WARNING: Negative value(s) found on probability table for nuclide Mo99 at 900K
 WARNING: Negative value(s) found on probability table for nuclide Mo99 at 1200K
 WARNING: Negative value(s) found on probability table for nuclide Mo99 at 2500K
 Reading Mo100 from /home/diogo/openmc_data/endfb-vii.1-hdf5/neutron/Mo100.h5
 Reading Tc99 from /home/diogo/openmc_data/endfb-vii.1-hdf5/neutron/Tc99.h5
 Reading Ru96 from /home/diogo/openmc_data/endfb-vii.1-hdf5/neutron/Ru96.h5
 Reading Ru98 from /home/diogo/openmc_data/endfb-vii.1-hdf5/neutron/Ru98.h5
 Reading Ru99 from /home/diogo/openmc_data/endfb-vii.1-hdf5/neutron/Ru99.h5
 Reading Ru100 from /home/diogo/openmc_data/endfb-vii.1-hdf5/neutron/Ru100.h5
 Reading Ru101 from /home/diogo/openmc_data/endfb-vii.1-hdf5/neutron/Ru101.h5
 Reading Ru102 from /home/diogo/openmc_data/endfb-vii.1-hdf5/neutron/Ru102.h5
 Reading Ru103 from /home/diogo/openmc_data/endfb-vii.1-hdf5/neutron/Ru103.h5
 Reading Ru104 from /home/diogo/openmc_data/endfb-vii.1-hdf5/neutron/Ru104.h5
 Reading Ru105 from /home/diogo/openmc_data/endfb-vii.1-hdf5/neutron/Ru105.h5
 Reading Ru106 from /home/diogo/openmc_data/endfb-vii.1-hdf5/neutron/Ru106.h5
 Reading Rh103 from /home/diogo/openmc_data/endfb-vii.1-hdf5/neutron/Rh103.h5
 Reading Rh105 from /home/diogo/openmc_data/endfb-vii.1-hdf5/neutron/Rh105.h5
 Reading Pd102 from /home/diogo/openmc_data/endfb-vii.1-hdf5/neutron/Pd102.h5
 Reading Pd104 from /home/diogo/openmc_data/endfb-vii.1-hdf5/neutron/Pd104.h5
 Reading Pd105 from /home/diogo/openmc_data/endfb-vii.1-hdf5/neutron/Pd105.h5
 Reading Pd106 from /home/diogo/openmc_data/endfb-vii.1-hdf5/neutron/Pd106.h5
 Reading Pd107 from /home/diogo/openmc_data/endfb-vii.1-hdf5/neutron/Pd107.h5
 Reading Pd108 from /home/diogo/openmc_data/endfb-vii.1-hdf5/neutron/Pd108.h5
 Reading Pd110 from /home/diogo/openmc_data/endfb-vii.1-hdf5/neutron/Pd110.h5
 Reading Ag107 from /home/diogo/openmc_data/endfb-vii.1-hdf5/neutron/Ag107.h5
 Reading Ag109 from /home/diogo/openmc_data/endfb-vii.1-hdf5/neutron/Ag109.h5
 Reading Ag110_m1 from
 /home/diogo/openmc_data/endfb-vii.1-hdf5/neutron/Ag110_m1.h5
 Reading Ag111 from /home/diogo/openmc_data/endfb-vii.1-hdf5/neutron/Ag111.h5
 Reading Cd106 from /home/diogo/openmc_data/endfb-vii.1-hdf5/neutron/Cd106.h5
 WARNING: Negative value(s) found on probability table for nuclide Cd106 at 250K
 WARNING: Negative value(s) found on probability table for nuclide Cd106 at 294K
 WARNING: Negative value(s) found on probability table for nuclide Cd106 at 600K
 WARNING: Negative value(s) found on probability table for nuclide Cd106 at 900K
 WARNING: Negative value(s) found on probability table for nuclide Cd106 at
          1200K
 WARNING: Negative value(s) found on probability table for nuclide Cd106 at
          2500K
 Reading Cd108 from /home/diogo/openmc_data/endfb-vii.1-hdf5/neutron/Cd108.h5
 Reading Cd110 from /home/diogo/openmc_data/endfb-vii.1-hdf5/neutron/Cd110.h5
 Reading Cd111 from /home/diogo/openmc_data/endfb-vii.1-hdf5/neutron/Cd111.h5
 Reading Cd112 from /home/diogo/openmc_data/endfb-vii.1-hdf5/neutron/Cd112.h5
 Reading Cd113 from /home/diogo/openmc_data/endfb-vii.1-hdf5/neutron/Cd113.h5
 Reading Cd114 from /home/diogo/openmc_data/endfb-vii.1-hdf5/neutron/Cd114.h5
 Reading Cd115_m1 from
 /home/diogo/openmc_data/endfb-vii.1-hdf5/neutron/Cd115_m1.h5
 Reading Cd116 from /home/diogo/openmc_data/endfb-vii.1-hdf5/neutron/Cd116.h5
 Reading In113 from /home/diogo/openmc_data/endfb-vii.1-hdf5/neutron/In113.h5
 Reading In115 from /home/diogo/openmc_data/endfb-vii.1-hdf5/neutron/In115.h5
 Reading Sn113 from /home/diogo/openmc_data/endfb-vii.1-hdf5/neutron/Sn113.h5
 Reading Sn123 from /home/diogo/openmc_data/endfb-vii.1-hdf5/neutron/Sn123.h5
 WARNING: Negative value(s) found on probability table for nuclide Sn123 at 250K
 WARNING: Negative value(s) found on probability table for nuclide Sn123 at 294K
 WARNING: Negative value(s) found on probability table for nuclide Sn123 at 600K
 WARNING: Negative value(s) found on probability table for nuclide Sn123 at 900K
 WARNING: Negative value(s) found on probability table for nuclide Sn123 at
          1200K
 WARNING: Negative value(s) found on probability table for nuclide Sn123 at
          2500K
 Reading Sn125 from /home/diogo/openmc_data/endfb-vii.1-hdf5/neutron/Sn125.h5
 Reading Sn126 from /home/diogo/openmc_data/endfb-vii.1-hdf5/neutron/Sn126.h5
 Reading Sb121 from /home/diogo/openmc_data/endfb-vii.1-hdf5/neutron/Sb121.h5
 Reading Sb123 from /home/diogo/openmc_data/endfb-vii.1-hdf5/neutron/Sb123.h5
 Reading Sb124 from /home/diogo/openmc_data/endfb-vii.1-hdf5/neutron/Sb124.h5
 Reading Sb125 from /home/diogo/openmc_data/endfb-vii.1-hdf5/neutron/Sb125.h5
 Reading Sb126 from /home/diogo/openmc_data/endfb-vii.1-hdf5/neutron/Sb126.h5
 Reading Te120 from /home/diogo/openmc_data/endfb-vii.1-hdf5/neutron/Te120.h5
 WARNING: Negative value(s) found on probability table for nuclide Te120 at 600K
 WARNING: Negative value(s) found on probability table for nuclide Te120 at 900K
 WARNING: Negative value(s) found on probability table for nuclide Te120 at
          1200K
 WARNING: Negative value(s) found on probability table for nuclide Te120 at
          2500K
 Reading Te122 from /home/diogo/openmc_data/endfb-vii.1-hdf5/neutron/Te122.h5
 Reading Te123 from /home/diogo/openmc_data/endfb-vii.1-hdf5/neutron/Te123.h5
 Reading Te124 from /home/diogo/openmc_data/endfb-vii.1-hdf5/neutron/Te124.h5
 Reading Te125 from /home/diogo/openmc_data/endfb-vii.1-hdf5/neutron/Te125.h5
 Reading Te126 from /home/diogo/openmc_data/endfb-vii.1-hdf5/neutron/Te126.h5
 Reading Te127_m1 from
 /home/diogo/openmc_data/endfb-vii.1-hdf5/neutron/Te127_m1.h5
 Reading Te128 from /home/diogo/openmc_data/endfb-vii.1-hdf5/neutron/Te128.h5
 Reading Te129_m1 from
 /home/diogo/openmc_data/endfb-vii.1-hdf5/neutron/Te129_m1.h5
 Reading Te130 from /home/diogo/openmc_data/endfb-vii.1-hdf5/neutron/Te130.h5
 Reading Te132 from /home/diogo/openmc_data/endfb-vii.1-hdf5/neutron/Te132.h5
 Reading I127 from /home/diogo/openmc_data/endfb-vii.1-hdf5/neutron/I127.h5
 Reading I129 from /home/diogo/openmc_data/endfb-vii.1-hdf5/neutron/I129.h5
 Reading I130 from /home/diogo/openmc_data/endfb-vii.1-hdf5/neutron/I130.h5
 Reading I131 from /home/diogo/openmc_data/endfb-vii.1-hdf5/neutron/I131.h5
 WARNING: Negative value(s) found on probability table for nuclide I131 at 250K
 WARNING: Negative value(s) found on probability table for nuclide I131 at 294K
 WARNING: Negative value(s) found on probability table for nuclide I131 at 600K
 WARNING: Negative value(s) found on probability table for nuclide I131 at 900K
 WARNING: Negative value(s) found on probability table for nuclide I131 at 1200K
 WARNING: Negative value(s) found on probability table for nuclide I131 at 2500K
 Reading I135 from /home/diogo/openmc_data/endfb-vii.1-hdf5/neutron/I135.h5
 Reading Xe123 from /home/diogo/openmc_data/endfb-vii.1-hdf5/neutron/Xe123.h5
 Reading Xe124 from /home/diogo/openmc_data/endfb-vii.1-hdf5/neutron/Xe124.h5
 Reading Xe126 from /home/diogo/openmc_data/endfb-vii.1-hdf5/neutron/Xe126.h5
 Reading Xe128 from /home/diogo/openmc_data/endfb-vii.1-hdf5/neutron/Xe128.h5
 Reading Xe129 from /home/diogo/openmc_data/endfb-vii.1-hdf5/neutron/Xe129.h5
 Reading Xe130 from /home/diogo/openmc_data/endfb-vii.1-hdf5/neutron/Xe130.h5
 Reading Xe131 from /home/diogo/openmc_data/endfb-vii.1-hdf5/neutron/Xe131.h5
 Reading Xe132 from /home/diogo/openmc_data/endfb-vii.1-hdf5/neutron/Xe132.h5
 Reading Xe133 from /home/diogo/openmc_data/endfb-vii.1-hdf5/neutron/Xe133.h5
 WARNING: Negative value(s) found on probability table for nuclide Xe133 at
          2500K
 Reading Xe134 from /home/diogo/openmc_data/endfb-vii.1-hdf5/neutron/Xe134.h5
 Reading Xe135 from /home/diogo/openmc_data/endfb-vii.1-hdf5/neutron/Xe135.h5
 Reading Xe136 from /home/diogo/openmc_data/endfb-vii.1-hdf5/neutron/Xe136.h5
 Reading Cs133 from /home/diogo/openmc_data/endfb-vii.1-hdf5/neutron/Cs133.h5
 Reading Cs134 from /home/diogo/openmc_data/endfb-vii.1-hdf5/neutron/Cs134.h5
 Reading Cs135 from /home/diogo/openmc_data/endfb-vii.1-hdf5/neutron/Cs135.h5
 Reading Cs136 from /home/diogo/openmc_data/endfb-vii.1-hdf5/neutron/Cs136.h5
 WARNING: Negative value(s) found on probability table for nuclide Cs136 at 250K
 WARNING: Negative value(s) found on probability table for nuclide Cs136 at 294K
 WARNING: Negative value(s) found on probability table for nuclide Cs136 at 600K
 WARNING: Negative value(s) found on probability table for nuclide Cs136 at 900K
 WARNING: Negative value(s) found on probability table for nuclide Cs136 at
          1200K
 WARNING: Negative value(s) found on probability table for nuclide Cs136 at
          2500K
 Reading Cs137 from /home/diogo/openmc_data/endfb-vii.1-hdf5/neutron/Cs137.h5
 Reading Ba130 from /home/diogo/openmc_data/endfb-vii.1-hdf5/neutron/Ba130.h5
 Reading Ba132 from /home/diogo/openmc_data/endfb-vii.1-hdf5/neutron/Ba132.h5
 Reading Ba133 from /home/diogo/openmc_data/endfb-vii.1-hdf5/neutron/Ba133.h5
 Reading Ba134 from /home/diogo/openmc_data/endfb-vii.1-hdf5/neutron/Ba134.h5
 Reading Ba135 from /home/diogo/openmc_data/endfb-vii.1-hdf5/neutron/Ba135.h5
 Reading Ba136 from /home/diogo/openmc_data/endfb-vii.1-hdf5/neutron/Ba136.h5
 Reading Ba137 from /home/diogo/openmc_data/endfb-vii.1-hdf5/neutron/Ba137.h5
 Reading Ba138 from /home/diogo/openmc_data/endfb-vii.1-hdf5/neutron/Ba138.h5
 Reading Ba140 from /home/diogo/openmc_data/endfb-vii.1-hdf5/neutron/Ba140.h5
 Reading La138 from /home/diogo/openmc_data/endfb-vii.1-hdf5/neutron/La138.h5
 Reading La139 from /home/diogo/openmc_data/endfb-vii.1-hdf5/neutron/La139.h5
 Reading La140 from /home/diogo/openmc_data/endfb-vii.1-hdf5/neutron/La140.h5
 Reading Ce136 from /home/diogo/openmc_data/endfb-vii.1-hdf5/neutron/Ce136.h5
 Reading Ce138 from /home/diogo/openmc_data/endfb-vii.1-hdf5/neutron/Ce138.h5
 Reading Ce139 from /home/diogo/openmc_data/endfb-vii.1-hdf5/neutron/Ce139.h5
 Reading Ce140 from /home/diogo/openmc_data/endfb-vii.1-hdf5/neutron/Ce140.h5
 Reading Ce141 from /home/diogo/openmc_data/endfb-vii.1-hdf5/neutron/Ce141.h5
 Reading Ce142 from /home/diogo/openmc_data/endfb-vii.1-hdf5/neutron/Ce142.h5
 Reading Ce143 from /home/diogo/openmc_data/endfb-vii.1-hdf5/neutron/Ce143.h5
 Reading Ce144 from /home/diogo/openmc_data/endfb-vii.1-hdf5/neutron/Ce144.h5
 Reading Pr141 from /home/diogo/openmc_data/endfb-vii.1-hdf5/neutron/Pr141.h5
 Reading Pr142 from /home/diogo/openmc_data/endfb-vii.1-hdf5/neutron/Pr142.h5
 Reading Pr143 from /home/diogo/openmc_data/endfb-vii.1-hdf5/neutron/Pr143.h5
 Reading Nd142 from /home/diogo/openmc_data/endfb-vii.1-hdf5/neutron/Nd142.h5
 Reading Nd143 from /home/diogo/openmc_data/endfb-vii.1-hdf5/neutron/Nd143.h5
 Reading Nd144 from /home/diogo/openmc_data/endfb-vii.1-hdf5/neutron/Nd144.h5
 Reading Nd145 from /home/diogo/openmc_data/endfb-vii.1-hdf5/neutron/Nd145.h5
 Reading Nd146 from /home/diogo/openmc_data/endfb-vii.1-hdf5/neutron/Nd146.h5
 Reading Nd147 from /home/diogo/openmc_data/endfb-vii.1-hdf5/neutron/Nd147.h5
 Reading Nd148 from /home/diogo/openmc_data/endfb-vii.1-hdf5/neutron/Nd148.h5
 Reading Nd150 from /home/diogo/openmc_data/endfb-vii.1-hdf5/neutron/Nd150.h5
 Reading Pm147 from /home/diogo/openmc_data/endfb-vii.1-hdf5/neutron/Pm147.h5
 Reading Pm148 from /home/diogo/openmc_data/endfb-vii.1-hdf5/neutron/Pm148.h5
 Reading Pm148_m1 from
 /home/diogo/openmc_data/endfb-vii.1-hdf5/neutron/Pm148_m1.h5
 Reading Pm149 from /home/diogo/openmc_data/endfb-vii.1-hdf5/neutron/Pm149.h5
 Reading Pm151 from /home/diogo/openmc_data/endfb-vii.1-hdf5/neutron/Pm151.h5
 Reading Sm144 from /home/diogo/openmc_data/endfb-vii.1-hdf5/neutron/Sm144.h5
 Reading Sm147 from /home/diogo/openmc_data/endfb-vii.1-hdf5/neutron/Sm147.h5
 Reading Sm148 from /home/diogo/openmc_data/endfb-vii.1-hdf5/neutron/Sm148.h5
 Reading Sm149 from /home/diogo/openmc_data/endfb-vii.1-hdf5/neutron/Sm149.h5
 Reading Sm150 from /home/diogo/openmc_data/endfb-vii.1-hdf5/neutron/Sm150.h5
 Reading Sm151 from /home/diogo/openmc_data/endfb-vii.1-hdf5/neutron/Sm151.h5
 Reading Sm152 from /home/diogo/openmc_data/endfb-vii.1-hdf5/neutron/Sm152.h5
 Reading Sm153 from /home/diogo/openmc_data/endfb-vii.1-hdf5/neutron/Sm153.h5
 Reading Sm154 from /home/diogo/openmc_data/endfb-vii.1-hdf5/neutron/Sm154.h5
 Reading Eu151 from /home/diogo/openmc_data/endfb-vii.1-hdf5/neutron/Eu151.h5
 Reading Eu152 from /home/diogo/openmc_data/endfb-vii.1-hdf5/neutron/Eu152.h5
 Reading Eu153 from /home/diogo/openmc_data/endfb-vii.1-hdf5/neutron/Eu153.h5
 Reading Eu154 from /home/diogo/openmc_data/endfb-vii.1-hdf5/neutron/Eu154.h5
 Reading Eu155 from /home/diogo/openmc_data/endfb-vii.1-hdf5/neutron/Eu155.h5
 Reading Eu156 from /home/diogo/openmc_data/endfb-vii.1-hdf5/neutron/Eu156.h5
 WARNING: Negative value(s) found on probability table for nuclide Eu156 at 250K
 WARNING: Negative value(s) found on probability table for nuclide Eu156 at 294K
 WARNING: Negative value(s) found on probability table for nuclide Eu156 at 600K
 WARNING: Negative value(s) found on probability table for nuclide Eu156 at 900K
 WARNING: Negative value(s) found on probability table for nuclide Eu156 at
          1200K
 WARNING: Negative value(s) found on probability table for nuclide Eu156 at
          2500K
 Reading Eu157 from /home/diogo/openmc_data/endfb-vii.1-hdf5/neutron/Eu157.h5
 Reading Gd153 from /home/diogo/openmc_data/endfb-vii.1-hdf5/neutron/Gd153.h5
 Reading Tb159 from /home/diogo/openmc_data/endfb-vii.1-hdf5/neutron/Tb159.h5
 Reading Tb160 from /home/diogo/openmc_data/endfb-vii.1-hdf5/neutron/Tb160.h5
 Reading Dy156 from /home/diogo/openmc_data/endfb-vii.1-hdf5/neutron/Dy156.h5
 Reading Dy158 from /home/diogo/openmc_data/endfb-vii.1-hdf5/neutron/Dy158.h5
 Reading Dy160 from /home/diogo/openmc_data/endfb-vii.1-hdf5/neutron/Dy160.h5
 Reading Dy161 from /home/diogo/openmc_data/endfb-vii.1-hdf5/neutron/Dy161.h5
 Reading Dy162 from /home/diogo/openmc_data/endfb-vii.1-hdf5/neutron/Dy162.h5
 Reading Dy163 from /home/diogo/openmc_data/endfb-vii.1-hdf5/neutron/Dy163.h5
 Reading Dy164 from /home/diogo/openmc_data/endfb-vii.1-hdf5/neutron/Dy164.h5
 Reading Ho165 from /home/diogo/openmc_data/endfb-vii.1-hdf5/neutron/Ho165.h5
 Reading Ho166_m1 from
 /home/diogo/openmc_data/endfb-vii.1-hdf5/neutron/Ho166_m1.h5
 Reading Er162 from /home/diogo/openmc_data/endfb-vii.1-hdf5/neutron/Er162.h5
 Reading Er164 from /home/diogo/openmc_data/endfb-vii.1-hdf5/neutron/Er164.h5
 Reading Er166 from /home/diogo/openmc_data/endfb-vii.1-hdf5/neutron/Er166.h5
 Reading Er167 from /home/diogo/openmc_data/endfb-vii.1-hdf5/neutron/Er167.h5
 Reading Er168 from /home/diogo/openmc_data/endfb-vii.1-hdf5/neutron/Er168.h5
 Reading Er170 from /home/diogo/openmc_data/endfb-vii.1-hdf5/neutron/Er170.h5
 Reading Tm168 from /home/diogo/openmc_data/endfb-vii.1-hdf5/neutron/Tm168.h5
 Reading Tm169 from /home/diogo/openmc_data/endfb-vii.1-hdf5/neutron/Tm169.h5
 Reading Tm170 from /home/diogo/openmc_data/endfb-vii.1-hdf5/neutron/Tm170.h5
 Reading Lu175 from /home/diogo/openmc_data/endfb-vii.1-hdf5/neutron/Lu175.h5
 Reading Lu176 from /home/diogo/openmc_data/endfb-vii.1-hdf5/neutron/Lu176.h5
 Reading Hf174 from /home/diogo/openmc_data/endfb-vii.1-hdf5/neutron/Hf174.h5
 Reading Hf176 from /home/diogo/openmc_data/endfb-vii.1-hdf5/neutron/Hf176.h5
 Reading Hf177 from /home/diogo/openmc_data/endfb-vii.1-hdf5/neutron/Hf177.h5
 Reading Hf178 from /home/diogo/openmc_data/endfb-vii.1-hdf5/neutron/Hf178.h5
 Reading Hf179 from /home/diogo/openmc_data/endfb-vii.1-hdf5/neutron/Hf179.h5
 Reading Hf180 from /home/diogo/openmc_data/endfb-vii.1-hdf5/neutron/Hf180.h5
 Reading Ta180 from /home/diogo/openmc_data/endfb-vii.1-hdf5/neutron/Ta180.h5
 Reading Ta181 from /home/diogo/openmc_data/endfb-vii.1-hdf5/neutron/Ta181.h5
 Reading Ta182 from /home/diogo/openmc_data/endfb-vii.1-hdf5/neutron/Ta182.h5
 Reading W180 from /home/diogo/openmc_data/endfb-vii.1-hdf5/neutron/W180.h5
 Reading W182 from /home/diogo/openmc_data/endfb-vii.1-hdf5/neutron/W182.h5
 Reading W183 from /home/diogo/openmc_data/endfb-vii.1-hdf5/neutron/W183.h5
 Reading W184 from /home/diogo/openmc_data/endfb-vii.1-hdf5/neutron/W184.h5
 Reading W186 from /home/diogo/openmc_data/endfb-vii.1-hdf5/neutron/W186.h5
 Reading Re185 from /home/diogo/openmc_data/endfb-vii.1-hdf5/neutron/Re185.h5
 Reading Re187 from /home/diogo/openmc_data/endfb-vii.1-hdf5/neutron/Re187.h5
 Reading Ir191 from /home/diogo/openmc_data/endfb-vii.1-hdf5/neutron/Ir191.h5
 Reading Ir193 from /home/diogo/openmc_data/endfb-vii.1-hdf5/neutron/Ir193.h5
 Reading Au197 from /home/diogo/openmc_data/endfb-vii.1-hdf5/neutron/Au197.h5
 Reading Hg196 from /home/diogo/openmc_data/endfb-vii.1-hdf5/neutron/Hg196.h5
 Reading Hg198 from /home/diogo/openmc_data/endfb-vii.1-hdf5/neutron/Hg198.h5
 Reading Hg199 from /home/diogo/openmc_data/endfb-vii.1-hdf5/neutron/Hg199.h5
 Reading Hg200 from /home/diogo/openmc_data/endfb-vii.1-hdf5/neutron/Hg200.h5
 Reading Hg201 from /home/diogo/openmc_data/endfb-vii.1-hdf5/neutron/Hg201.h5
 Reading Hg202 from /home/diogo/openmc_data/endfb-vii.1-hdf5/neutron/Hg202.h5
 Reading Hg204 from /home/diogo/openmc_data/endfb-vii.1-hdf5/neutron/Hg204.h5
 Reading Tl203 from /home/diogo/openmc_data/endfb-vii.1-hdf5/neutron/Tl203.h5
 Reading Tl205 from /home/diogo/openmc_data/endfb-vii.1-hdf5/neutron/Tl205.h5
 Reading Pb204 from /home/diogo/openmc_data/endfb-vii.1-hdf5/neutron/Pb204.h5
 Reading Pb206 from /home/diogo/openmc_data/endfb-vii.1-hdf5/neutron/Pb206.h5
 Reading Pb207 from /home/diogo/openmc_data/endfb-vii.1-hdf5/neutron/Pb207.h5
 Reading Pb208 from /home/diogo/openmc_data/endfb-vii.1-hdf5/neutron/Pb208.h5
 Reading Bi209 from /home/diogo/openmc_data/endfb-vii.1-hdf5/neutron/Bi209.h5
 Reading Ra223 from /home/diogo/openmc_data/endfb-vii.1-hdf5/neutron/Ra223.h5
 Reading Ra224 from /home/diogo/openmc_data/endfb-vii.1-hdf5/neutron/Ra224.h5
 Reading Ra225 from /home/diogo/openmc_data/endfb-vii.1-hdf5/neutron/Ra225.h5
 Reading Ra226 from /home/diogo/openmc_data/endfb-vii.1-hdf5/neutron/Ra226.h5
 Reading Ac225 from /home/diogo/openmc_data/endfb-vii.1-hdf5/neutron/Ac225.h5
 Reading Ac226 from /home/diogo/openmc_data/endfb-vii.1-hdf5/neutron/Ac226.h5
 Reading Ac227 from /home/diogo/openmc_data/endfb-vii.1-hdf5/neutron/Ac227.h5
 Reading Th227 from /home/diogo/openmc_data/endfb-vii.1-hdf5/neutron/Th227.h5
 Reading Th228 from /home/diogo/openmc_data/endfb-vii.1-hdf5/neutron/Th228.h5
 Reading Th229 from /home/diogo/openmc_data/endfb-vii.1-hdf5/neutron/Th229.h5
 Reading Th230 from /home/diogo/openmc_data/endfb-vii.1-hdf5/neutron/Th230.h5
 Reading Th231 from /home/diogo/openmc_data/endfb-vii.1-hdf5/neutron/Th231.h5
 Reading Th232 from /home/diogo/openmc_data/endfb-vii.1-hdf5/neutron/Th232.h5
 Reading Th233 from /home/diogo/openmc_data/endfb-vii.1-hdf5/neutron/Th233.h5
 Reading Th234 from /home/diogo/openmc_data/endfb-vii.1-hdf5/neutron/Th234.h5
 Reading Pa229 from /home/diogo/openmc_data/endfb-vii.1-hdf5/neutron/Pa229.h5
 Reading Pa230 from /home/diogo/openmc_data/endfb-vii.1-hdf5/neutron/Pa230.h5
 Reading Pa231 from /home/diogo/openmc_data/endfb-vii.1-hdf5/neutron/Pa231.h5
 Reading Pa232 from /home/diogo/openmc_data/endfb-vii.1-hdf5/neutron/Pa232.h5
 Reading Pa233 from /home/diogo/openmc_data/endfb-vii.1-hdf5/neutron/Pa233.h5
 Reading U230 from /home/diogo/openmc_data/endfb-vii.1-hdf5/neutron/U230.h5
 Reading U231 from /home/diogo/openmc_data/endfb-vii.1-hdf5/neutron/U231.h5
 Reading U232 from /home/diogo/openmc_data/endfb-vii.1-hdf5/neutron/U232.h5
 Reading U233 from /home/diogo/openmc_data/endfb-vii.1-hdf5/neutron/U233.h5
 Reading U236 from /home/diogo/openmc_data/endfb-vii.1-hdf5/neutron/U236.h5
 Reading U237 from /home/diogo/openmc_data/endfb-vii.1-hdf5/neutron/U237.h5
 Reading U239 from /home/diogo/openmc_data/endfb-vii.1-hdf5/neutron/U239.h5
 Reading U240 from /home/diogo/openmc_data/endfb-vii.1-hdf5/neutron/U240.h5
 Reading U241 from /home/diogo/openmc_data/endfb-vii.1-hdf5/neutron/U241.h5
 Reading Np234 from /home/diogo/openmc_data/endfb-vii.1-hdf5/neutron/Np234.h5
 Reading Np235 from /home/diogo/openmc_data/endfb-vii.1-hdf5/neutron/Np235.h5
 Reading Np236 from /home/diogo/openmc_data/endfb-vii.1-hdf5/neutron/Np236.h5
 Reading Np237 from /home/diogo/openmc_data/endfb-vii.1-hdf5/neutron/Np237.h5
 Reading Np238 from /home/diogo/openmc_data/endfb-vii.1-hdf5/neutron/Np238.h5
 Reading Np239 from /home/diogo/openmc_data/endfb-vii.1-hdf5/neutron/Np239.h5
 Reading Pu236 from /home/diogo/openmc_data/endfb-vii.1-hdf5/neutron/Pu236.h5
 Reading Pu237 from /home/diogo/openmc_data/endfb-vii.1-hdf5/neutron/Pu237.h5
 Reading Pu238 from /home/diogo/openmc_data/endfb-vii.1-hdf5/neutron/Pu238.h5
 Reading Pu239 from /home/diogo/openmc_data/endfb-vii.1-hdf5/neutron/Pu239.h5
 Reading Pu240 from /home/diogo/openmc_data/endfb-vii.1-hdf5/neutron/Pu240.h5
 Reading Pu241 from /home/diogo/openmc_data/endfb-vii.1-hdf5/neutron/Pu241.h5
 Reading Pu242 from /home/diogo/openmc_data/endfb-vii.1-hdf5/neutron/Pu242.h5
 Reading Pu243 from /home/diogo/openmc_data/endfb-vii.1-hdf5/neutron/Pu243.h5
 Reading Pu244 from /home/diogo/openmc_data/endfb-vii.1-hdf5/neutron/Pu244.h5
 Reading Pu246 from /home/diogo/openmc_data/endfb-vii.1-hdf5/neutron/Pu246.h5
 Reading Am240 from /home/diogo/openmc_data/endfb-vii.1-hdf5/neutron/Am240.h5
 Reading Am241 from /home/diogo/openmc_data/endfb-vii.1-hdf5/neutron/Am241.h5
 Reading Am242 from /home/diogo/openmc_data/endfb-vii.1-hdf5/neutron/Am242.h5
 Reading Am242_m1 from
 /home/diogo/openmc_data/endfb-vii.1-hdf5/neutron/Am242_m1.h5
 Reading Am243 from /home/diogo/openmc_data/endfb-vii.1-hdf5/neutron/Am243.h5
 Reading Am244 from /home/diogo/openmc_data/endfb-vii.1-hdf5/neutron/Am244.h5
 Reading Am244_m1 from
 /home/diogo/openmc_data/endfb-vii.1-hdf5/neutron/Am244_m1.h5
 Reading Cm240 from /home/diogo/openmc_data/endfb-vii.1-hdf5/neutron/Cm240.h5
 Reading Cm241 from /home/diogo/openmc_data/endfb-vii.1-hdf5/neutron/Cm241.h5
 Reading Cm242 from /home/diogo/openmc_data/endfb-vii.1-hdf5/neutron/Cm242.h5
 Reading Cm243 from /home/diogo/openmc_data/endfb-vii.1-hdf5/neutron/Cm243.h5
 Reading Cm244 from /home/diogo/openmc_data/endfb-vii.1-hdf5/neutron/Cm244.h5
 Reading Cm245 from /home/diogo/openmc_data/endfb-vii.1-hdf5/neutron/Cm245.h5
 Reading Cm246 from /home/diogo/openmc_data/endfb-vii.1-hdf5/neutron/Cm246.h5
 Reading Cm247 from /home/diogo/openmc_data/endfb-vii.1-hdf5/neutron/Cm247.h5
 Reading Cm248 from /home/diogo/openmc_data/endfb-vii.1-hdf5/neutron/Cm248.h5
 Reading Cm249 from /home/diogo/openmc_data/endfb-vii.1-hdf5/neutron/Cm249.h5
 Reading Cm250 from /home/diogo/openmc_data/endfb-vii.1-hdf5/neutron/Cm250.h5
 Reading Bk245 from /home/diogo/openmc_data/endfb-vii.1-hdf5/neutron/Bk245.h5
 Reading Bk246 from /home/diogo/openmc_data/endfb-vii.1-hdf5/neutron/Bk246.h5
 Reading Bk247 from /home/diogo/openmc_data/endfb-vii.1-hdf5/neutron/Bk247.h5
 Reading Bk248 from /home/diogo/openmc_data/endfb-vii.1-hdf5/neutron/Bk248.h5
 Reading Bk249 from /home/diogo/openmc_data/endfb-vii.1-hdf5/neutron/Bk249.h5
 Reading Bk250 from /home/diogo/openmc_data/endfb-vii.1-hdf5/neutron/Bk250.h5
 Reading Cf246 from /home/diogo/openmc_data/endfb-vii.1-hdf5/neutron/Cf246.h5
 Reading Cf248 from /home/diogo/openmc_data/endfb-vii.1-hdf5/neutron/Cf248.h5
 Reading Cf249 from /home/diogo/openmc_data/endfb-vii.1-hdf5/neutron/Cf249.h5
 Reading Cf250 from /home/diogo/openmc_data/endfb-vii.1-hdf5/neutron/Cf250.h5
 WARNING: Negative value(s) found on probability table for nuclide Cf250 at 250K
 WARNING: Negative value(s) found on probability table for nuclide Cf250 at 294K
 WARNING: Negative value(s) found on probability table for nuclide Cf250 at 900K
 WARNING: Negative value(s) found on probability table for nuclide Cf250 at
          1200K
 Reading Cf251 from /home/diogo/openmc_data/endfb-vii.1-hdf5/neutron/Cf251.h5
 Reading Cf252 from /home/diogo/openmc_data/endfb-vii.1-hdf5/neutron/Cf252.h5
 Reading Cf253 from /home/diogo/openmc_data/endfb-vii.1-hdf5/neutron/Cf253.h5
 Reading Cf254 from /home/diogo/openmc_data/endfb-vii.1-hdf5/neutron/Cf254.h5
 Reading Es251 from /home/diogo/openmc_data/endfb-vii.1-hdf5/neutron/Es251.h5
 Reading Es252 from /home/diogo/openmc_data/endfb-vii.1-hdf5/neutron/Es252.h5
 Reading Es253 from /home/diogo/openmc_data/endfb-vii.1-hdf5/neutron/Es253.h5
 Reading Es254 from /home/diogo/openmc_data/endfb-vii.1-hdf5/neutron/Es254.h5
 Reading Es254_m1 from
 /home/diogo/openmc_data/endfb-vii.1-hdf5/neutron/Es254_m1.h5
 Reading Es255 from /home/diogo/openmc_data/endfb-vii.1-hdf5/neutron/Es255.h5
 Reading Fm255 from /home/diogo/openmc_data/endfb-vii.1-hdf5/neutron/Fm255.h5
 Maximum neutron transport energy: 20000000 eV for H1
 Initializing source particles...

 ====================>     K EIGENVALUE SIMULATION     <====================

  Bat./Gen.      k       Entropy         Average k 
  =========   ========   ========   ====================
        1/1    1.12247    5.97238
        2/1    1.09976    5.96749
        3/1    1.09782    5.96881
        4/1    1.07326    5.97156
        5/1    1.12415    5.96412
        6/1    1.13125    5.96861
        7/1    1.11403    5.96428
        8/1    1.10971    5.96220
        9/1    1.09615    5.96588
       10/1    1.08772    5.96480
       11/1    1.08223    5.96088
       12/1    1.12118    5.96581
       13/1    1.10799    5.97795
       14/1    1.14606    5.95900
       15/1    1.13239    5.97015
       16/1    1.14128    5.96479
       17/1    1.09792    5.96621
       18/1    1.07752    5.95814
       19/1    1.12055    5.96331
       20/1    1.07894    5.95557
       21/1    1.09286    5.96858
       22/1    1.14899    5.97394    1.12093 +/- 0.02807
       23/1    1.13474    5.95707    1.12553 +/- 0.01684
       24/1    1.13572    5.96509    1.12808 +/- 0.01218
       25/1    1.07075    5.96533    1.11661 +/- 0.01485
       26/1    1.11026    5.97076    1.11555 +/- 0.01217
       27/1    1.14157    5.96426    1.11927 +/- 0.01094
       28/1    1.08049    5.96788    1.11442 +/- 0.01064
       29/1    1.07793    5.96366    1.11037 +/- 0.01022
       30/1    1.12011    5.96405    1.11134 +/- 0.00919
       31/1    1.14801    5.96666    1.11467 +/- 0.00896
       32/1    1.15660    5.96854    1.11817 +/- 0.00889
       33/1    1.14761    5.96000    1.12043 +/- 0.00849
       34/1    1.12248    5.96969    1.12058 +/- 0.00786
       35/1    1.12700    5.97004    1.12101 +/- 0.00733
       36/1    1.08624    5.97387    1.11883 +/- 0.00719
       37/1    1.10077    5.96170    1.11777 +/- 0.00684
       38/1    1.11202    5.97141    1.11745 +/- 0.00646
       39/1    1.11824    5.96437    1.11749 +/- 0.00611
       40/1    1.08846    5.96261    1.11604 +/- 0.00597
       41/1    1.11606    5.96821    1.11604 +/- 0.00568
       42/1    1.13435    5.95644    1.11688 +/- 0.00548
       43/1    1.08389    5.97082    1.11544 +/- 0.00543
       44/1    1.11145    5.96796    1.11527 +/- 0.00520
       45/1    1.13063    5.96655    1.11589 +/- 0.00503
       46/1    1.10639    5.96436    1.11552 +/- 0.00484
       47/1    1.11974    5.96179    1.11568 +/- 0.00466
       48/1    1.13525    5.97038    1.11638 +/- 0.00455
       49/1    1.08581    5.97006    1.11532 +/- 0.00451
       50/1    1.08941    5.96447    1.11446 +/- 0.00444
       51/1    1.09972    5.96642    1.11399 +/- 0.00432
       52/1    1.10970    5.96033    1.11385 +/- 0.00419
       53/1    1.10545    5.96164    1.11360 +/- 0.00407
       54/1    1.08523    5.96397    1.11276 +/- 0.00403
       55/1    1.14039    5.96824    1.11355 +/- 0.00400
       56/1    1.12568    5.97075    1.11389 +/- 0.00390
       57/1    1.04803    5.97122    1.11211 +/- 0.00419
       58/1    1.11581    5.97432    1.11221 +/- 0.00408
       59/1    1.08543    5.95729    1.11152 +/- 0.00403
       60/1    1.05130    5.96979    1.11001 +/- 0.00421
 Creating state point statepoint.60.h5...

 =======================>     TIMING STATISTICS     <=======================

 Total time for initialization     = 5.9645e+00 seconds
   Reading cross sections          = 5.1589e+00 seconds
 Total time in simulation          = 2.6092e+01 seconds
   Time in transport only          = 2.5970e+01 seconds
   Time in inactive batches        = 5.5914e-01 seconds
   Time in active batches          = 2.5532e+01 seconds
   Time synchronizing fission bank = 2.2079e-02 seconds
     Sampling source sites         = 1.8342e-02 seconds
     SEND/RECV source sites        = 3.5156e-03 seconds
   Time accumulating tallies       = 4.8355e-02 seconds
   Time writing statepoints        = 2.3853e-02 seconds
 Total time for finalization       = 3.7801e-04 seconds
 Total time elapsed                = 3.2513e+01 seconds
 Calculation Rate (inactive)       = 143078 particles/second
 Calculation Rate (active)         = 6266.53 particles/second

 ============================>     RESULTS     <============================

 k-effective (Collision)     = 1.11263 +/- 0.00397
 k-effective (Track-length)  = 1.11001 +/- 0.00421
 k-effective (Absorption)    = 1.11790 +/- 0.00287
 Combined k-effective        = 1.11579 +/- 0.00281
 Leakage Fraction            = 0.00000 +/- 0.00000

 Creating state point openmc_simulation_n0.h5...
[openmc.deplete] t=4327203.051553669 s, dt=8654406.103107339 s, source=1491105.972264863
 Maximum neutron transport energy: 20000000 eV for H1
 Initializing source particles...

 ====================>     K EIGENVALUE SIMULATION     <====================

  Bat./Gen.      k       Entropy         Average k 
  =========   ========   ========   ====================
        1/1    1.09552    5.96507
        2/1    1.10094    5.97237
        3/1    1.10900    5.96774
        4/1    1.09716    5.95504
        5/1    1.11339    5.97296
        6/1    1.08835    5.96768
        7/1    1.11989    5.96560
        8/1    1.08835    5.97074
        9/1    1.07503    5.96161
       10/1    1.12225    5.96964
       11/1    1.12174    5.96551
       12/1    1.07344    5.96367
       13/1    1.11275    5.96290
       14/1    1.09335    5.96037
       15/1    1.09610    5.96694
       16/1    1.09584    5.97846
       17/1    1.11110    5.97061
       18/1    1.07954    5.97216
       19/1    1.10505    5.96490
       20/1    1.04257    5.96812
       21/1    1.08243    5.97488
       22/1    1.13462    5.96646    1.10853 +/- 0.02610
       23/1    1.10441    5.96059    1.10715 +/- 0.01513
       24/1    1.09174    5.96739    1.10330 +/- 0.01137
       25/1    1.06850    5.96147    1.09634 +/- 0.01123
       26/1    1.03968    5.95868    1.08690 +/- 0.01316
       27/1    1.09449    5.96484    1.08798 +/- 0.01118
       28/1    1.08769    5.96952    1.08795 +/- 0.00968
       29/1    1.09208    5.96807    1.08840 +/- 0.00855
       30/1    1.03987    5.96486    1.08355 +/- 0.00906
       31/1    1.10719    5.96971    1.08570 +/- 0.00847
       32/1    1.08446    5.95800    1.08560 +/- 0.00773
       33/1    1.07923    5.95712    1.08511 +/- 0.00713
       34/1    1.10106    5.96069    1.08625 +/- 0.00670
       35/1    1.12049    5.95628    1.08853 +/- 0.00664
       36/1    1.09771    5.96361    1.08910 +/- 0.00624
       37/1    1.11330    5.96130    1.09053 +/- 0.00603
       38/1    1.10260    5.96713    1.09120 +/- 0.00572
       39/1    1.06914    5.97484    1.09004 +/- 0.00554
       40/1    1.09297    5.96406    1.09018 +/- 0.00526
       41/1    1.09001    5.96998    1.09017 +/- 0.00500
       42/1    1.12090    5.96685    1.09157 +/- 0.00497
       43/1    1.08977    5.95489    1.09149 +/- 0.00475
       44/1    1.07336    5.96089    1.09074 +/- 0.00461
       45/1    1.12784    5.96930    1.09222 +/- 0.00466
       46/1    1.08496    5.97158    1.09194 +/- 0.00449
       47/1    1.05822    5.95334    1.09069 +/- 0.00449
       48/1    1.11777    5.96131    1.09166 +/- 0.00444
       49/1    1.10561    5.96790    1.09214 +/- 0.00431
       50/1    1.05274    5.96580    1.09083 +/- 0.00437
       51/1    1.11547    5.96509    1.09162 +/- 0.00430
       52/1    1.10648    5.96173    1.09209 +/- 0.00419
       53/1    1.11908    5.96242    1.09291 +/- 0.00414
       54/1    1.10979    5.96528    1.09340 +/- 0.00405
       55/1    1.07882    5.96906    1.09299 +/- 0.00395
       56/1    1.05183    5.96231    1.09184 +/- 0.00401
       57/1    1.08722    5.95995    1.09172 +/- 0.00390
       58/1    1.09888    5.96593    1.09191 +/- 0.00380
       59/1    1.10156    5.97246    1.09215 +/- 0.00371
       60/1    1.07956    5.95753    1.09184 +/- 0.00363
 Creating state point statepoint.60.h5...

 =======================>     TIMING STATISTICS     <=======================

 Total time for initialization     = 0.0000e+00 seconds
   Reading cross sections          = 0.0000e+00 seconds
 Total time in simulation          = 3.5399e+01 seconds
   Time in transport only          = 3.5262e+01 seconds
   Time in inactive batches        = 6.8669e+00 seconds
   Time in active batches          = 2.8532e+01 seconds
   Time synchronizing fission bank = 2.5632e-02 seconds
     Sampling source sites         = 2.2415e-02 seconds
     SEND/RECV source sites        = 2.9877e-03 seconds
   Time accumulating tallies       = 6.8584e-02 seconds
   Time writing statepoints        = 1.1368e-02 seconds
 Total time for finalization       = 4.9286e-04 seconds
 Total time elapsed                = 3.5873e+01 seconds
 Calculation Rate (inactive)       = 11650.2 particles/second
 Calculation Rate (active)         = 5607.75 particles/second

 ============================>     RESULTS     <============================

 k-effective (Collision)     = 1.09680 +/- 0.00318
 k-effective (Track-length)  = 1.09184 +/- 0.00363
 k-effective (Absorption)    = 1.09344 +/- 0.00266
 Combined k-effective        = 1.09410 +/- 0.00244
 Leakage Fraction            = 0.00000 +/- 0.00000

 Creating state point openmc_simulation_n1.h5...
[openmc.deplete] t=12981609.154661007 (final operator evaluation)
 Maximum neutron transport energy: 20000000 eV for H1
 Initializing source particles...

 ====================>     K EIGENVALUE SIMULATION     <====================

  Bat./Gen.      k       Entropy         Average k 
  =========   ========   ========   ====================
        1/1    1.06468    5.96652
        2/1    1.06386    5.96224
        3/1    1.09804    5.96686
        4/1    1.08369    5.96651
        5/1    1.08048    5.96387
        6/1    1.09864    5.96358
        7/1    1.11609    5.96206
        8/1    1.10729    5.96883
        9/1    1.12108    5.95736
       10/1    1.08974    5.97644
       11/1    1.13141    5.96930
       12/1    1.11712    5.97290
       13/1    1.08666    5.97182
       14/1    1.08853    5.97643
       15/1    1.13077    5.97337
       16/1    1.09474    5.97242
       17/1    1.14560    5.96636
       18/1    1.08892    5.96917
       19/1    1.08118    5.97201
       20/1    1.11197    5.95947
       21/1    1.10090    5.95910
       22/1    1.11259    5.97422    1.10674 +/- 0.00584
       23/1    1.10106    5.96024    1.10485 +/- 0.00387
       24/1    1.11279    5.97615    1.10683 +/- 0.00338
       25/1    1.06923    5.97112    1.09931 +/- 0.00796
       26/1    1.09986    5.95728    1.09940 +/- 0.00650
       27/1    1.06659    5.96643    1.09472 +/- 0.00722
       28/1    1.09034    5.97000    1.09417 +/- 0.00628
       29/1    1.09550    5.96530    1.09432 +/- 0.00554
       30/1    1.08583    5.96822    1.09347 +/- 0.00503
       31/1    1.07793    5.96637    1.09206 +/- 0.00476
       32/1    1.10469    5.95619    1.09311 +/- 0.00447
       33/1    1.08603    5.97152    1.09256 +/- 0.00415
       34/1    1.07899    5.96691    1.09159 +/- 0.00396
       35/1    1.10449    5.96753    1.09245 +/- 0.00379
       36/1    1.08148    5.96511    1.09177 +/- 0.00361
       37/1    1.10899    5.96432    1.09278 +/- 0.00354
       38/1    1.08083    5.95830    1.09212 +/- 0.00340
       39/1    1.06597    5.96101    1.09074 +/- 0.00350
       40/1    1.12407    5.96375    1.09241 +/- 0.00371
       41/1    1.12709    5.97574    1.09406 +/- 0.00390
       42/1    1.12273    5.97721    1.09536 +/- 0.00394
       43/1    1.10480    5.96496    1.09577 +/- 0.00379
       44/1    1.08954    5.96959    1.09551 +/- 0.00364
       45/1    1.10650    5.96169    1.09595 +/- 0.00351
       46/1    1.08251    5.97242    1.09544 +/- 0.00342
       47/1    1.07973    5.96935    1.09485 +/- 0.00334
       48/1    1.08075    5.96250    1.09435 +/- 0.00326
       49/1    1.07126    5.97274    1.09355 +/- 0.00324
       50/1    1.09922    5.96315    1.09374 +/- 0.00314
       51/1    1.09744    5.97026    1.09386 +/- 0.00304
       52/1    1.06565    5.97072    1.09298 +/- 0.00307
       53/1    1.11025    5.96621    1.09350 +/- 0.00302
       54/1    1.04676    5.96521    1.09213 +/- 0.00324
       55/1    1.10126    5.96542    1.09239 +/- 0.00315
       56/1    1.09868    5.96206    1.09256 +/- 0.00307
       57/1    1.08521    5.97168    1.09237 +/- 0.00299
       58/1    1.09970    5.96476    1.09256 +/- 0.00292
       59/1    1.06191    5.96613    1.09177 +/- 0.00295
       60/1    1.10223    5.96151    1.09203 +/- 0.00289
 Creating state point statepoint.60.h5...

 =======================>     TIMING STATISTICS     <=======================

 Total time for initialization     = 0.0000e+00 seconds
   Reading cross sections          = 0.0000e+00 seconds
 Total time in simulation          = 3.5010e+01 seconds
   Time in transport only          = 3.4897e+01 seconds
   Time in inactive batches        = 7.0179e+00 seconds
   Time in active batches          = 2.7992e+01 seconds
   Time synchronizing fission bank = 2.2791e-02 seconds
     Sampling source sites         = 1.9771e-02 seconds
     SEND/RECV source sites        = 2.8234e-03 seconds
   Time accumulating tallies       = 4.2290e-02 seconds
   Time writing statepoints        = 1.8104e-02 seconds
 Total time for finalization       = 5.0950e-04 seconds
 Total time elapsed                = 3.5593e+01 seconds
 Calculation Rate (inactive)       = 11399.4 particles/second
 Calculation Rate (active)         = 5715.96 particles/second

 ============================>     RESULTS     <============================

 k-effective (Collision)     = 1.09253 +/- 0.00293
 k-effective (Track-length)  = 1.09203 +/- 0.00289
 k-effective (Absorption)    = 1.08956 +/- 0.00248
 Combined k-effective        = 1.09052 +/- 0.00205
 Leakage Fraction            = 0.00000 +/- 0.00000

 Creating state point openmc_simulation_n2.h5...
                                %%%%%%%%%%%%%%%
                           %%%%%%%%%%%%%%%%%%%%%%%%
                        %%%%%%%%%%%%%%%%%%%%%%%%%%%%%%
                      %%%%%%%%%%%%%%%%%%%%%%%%%%%%%%%%%%
                    %%%%%%%%%%%%%%%%%%%%%%%%%%%%%%%%%%%%%%
                   %%%%%%%%%%%%%%%%%%%%%%%%%%%%%%%%%%%%%%%%
                                    %%%%%%%%%%%%%%%%%%%%%%%%
                                     %%%%%%%%%%%%%%%%%%%%%%%%
                 ###############      %%%%%%%%%%%%%%%%%%%%%%%%
                ##################     %%%%%%%%%%%%%%%%%%%%%%%
                ###################     %%%%%%%%%%%%%%%%%%%%%%%
                ####################     %%%%%%%%%%%%%%%%%%%%%%
                #####################     %%%%%%%%%%%%%%%%%%%%%
                ######################     %%%%%%%%%%%%%%%%%%%%
                #######################     %%%%%%%%%%%%%%%%%%
                 #######################     %%%%%%%%%%%%%%%%%
                 ######################     %%%%%%%%%%%%%%%%%
                  ####################     %%%%%%%%%%%%%%%%%
                    #################     %%%%%%%%%%%%%%%%%
                     ###############     %%%%%%%%%%%%%%%%
                       ############     %%%%%%%%%%%%%%%
                          ########     %%%%%%%%%%%%%%
                                      %%%%%%%%%%%

                 | The OpenMC Monte Carlo Code
       Copyright | 2011-2025 MIT, UChicago Argonne LLC, and contributors
         License | https://docs.openmc.org/en/latest/license.html
         Version | 0.15.3
     Commit Hash | 27e38e894697bb32a1dac7848d2618818b6b8daf
       Date/Time | 2026-09-26 20:03:26
   MPI Processes | 1
  OpenMP Threads | 64

 Reading settings XML file...
 Reading cross sections XML file...
 Reading chain file: /home/diogo/openmc_data/chain_endfb71_pwr.xml...
 Reading materials XML file...
 Reading geometry XML file...
 Reading H1 from /home/diogo/openmc_data/endfb-vii.1-hdf5/neutron/H1.h5
 Reading H2 from /home/diogo/openmc_data/endfb-vii.1-hdf5/neutron/H2.h5
 Reading B10 from /home/diogo/openmc_data/endfb-vii.1-hdf5/neutron/B10.h5
 Reading B11 from /home/diogo/openmc_data/endfb-vii.1-hdf5/neutron/B11.h5
 Reading O16 from /home/diogo/openmc_data/endfb-vii.1-hdf5/neutron/O16.h5
 Reading O17 from /home/diogo/openmc_data/endfb-vii.1-hdf5/neutron/O17.h5
 Reading Cr50 from /home/diogo/openmc_data/endfb-vii.1-hdf5/neutron/Cr50.h5
 Reading Cr52 from /home/diogo/openmc_data/endfb-vii.1-hdf5/neutron/Cr52.h5
 Reading Cr53 from /home/diogo/openmc_data/endfb-vii.1-hdf5/neutron/Cr53.h5
 Reading Cr54 from /home/diogo/openmc_data/endfb-vii.1-hdf5/neutron/Cr54.h5
 Reading Fe54 from /home/diogo/openmc_data/endfb-vii.1-hdf5/neutron/Fe54.h5
 Reading Fe56 from /home/diogo/openmc_data/endfb-vii.1-hdf5/neutron/Fe56.h5
 Reading Fe57 from /home/diogo/openmc_data/endfb-vii.1-hdf5/neutron/Fe57.h5
 Reading Fe58 from /home/diogo/openmc_data/endfb-vii.1-hdf5/neutron/Fe58.h5
 Reading Zr90 from /home/diogo/openmc_data/endfb-vii.1-hdf5/neutron/Zr90.h5
 Reading Zr91 from /home/diogo/openmc_data/endfb-vii.1-hdf5/neutron/Zr91.h5
 Reading Zr92 from /home/diogo/openmc_data/endfb-vii.1-hdf5/neutron/Zr92.h5
 Reading Zr94 from /home/diogo/openmc_data/endfb-vii.1-hdf5/neutron/Zr94.h5
 Reading Zr96 from /home/diogo/openmc_data/endfb-vii.1-hdf5/neutron/Zr96.h5
 Reading Sn112 from /home/diogo/openmc_data/endfb-vii.1-hdf5/neutron/Sn112.h5
 Reading Sn114 from /home/diogo/openmc_data/endfb-vii.1-hdf5/neutron/Sn114.h5
 Reading Sn115 from /home/diogo/openmc_data/endfb-vii.1-hdf5/neutron/Sn115.h5
 Reading Sn116 from /home/diogo/openmc_data/endfb-vii.1-hdf5/neutron/Sn116.h5
 Reading Sn117 from /home/diogo/openmc_data/endfb-vii.1-hdf5/neutron/Sn117.h5
 Reading Sn118 from /home/diogo/openmc_data/endfb-vii.1-hdf5/neutron/Sn118.h5
 Reading Sn119 from /home/diogo/openmc_data/endfb-vii.1-hdf5/neutron/Sn119.h5
 Reading Sn120 from /home/diogo/openmc_data/endfb-vii.1-hdf5/neutron/Sn120.h5
 Reading Sn122 from /home/diogo/openmc_data/endfb-vii.1-hdf5/neutron/Sn122.h5
 Reading Sn124 from /home/diogo/openmc_data/endfb-vii.1-hdf5/neutron/Sn124.h5
 Reading He3 from /home/diogo/openmc_data/endfb-vii.1-hdf5/neutron/He3.h5
 Reading He4 from /home/diogo/openmc_data/endfb-vii.1-hdf5/neutron/He4.h5
 Reading U234 from /home/diogo/openmc_data/endfb-vii.1-hdf5/neutron/U234.h5
 Reading U235 from /home/diogo/openmc_data/endfb-vii.1-hdf5/neutron/U235.h5
 Reading U238 from /home/diogo/openmc_data/endfb-vii.1-hdf5/neutron/U238.h5
 Reading Gd152 from /home/diogo/openmc_data/endfb-vii.1-hdf5/neutron/Gd152.h5
 Reading Gd154 from /home/diogo/openmc_data/endfb-vii.1-hdf5/neutron/Gd154.h5
 Reading Gd155 from /home/diogo/openmc_data/endfb-vii.1-hdf5/neutron/Gd155.h5
 Reading Gd156 from /home/diogo/openmc_data/endfb-vii.1-hdf5/neutron/Gd156.h5
 Reading Gd157 from /home/diogo/openmc_data/endfb-vii.1-hdf5/neutron/Gd157.h5
 Reading Gd158 from /home/diogo/openmc_data/endfb-vii.1-hdf5/neutron/Gd158.h5
 Reading Gd160 from /home/diogo/openmc_data/endfb-vii.1-hdf5/neutron/Gd160.h5
 Reading c_H_in_H2O from
 /home/diogo/openmc_data/endfb-vii.1-hdf5/neutron/c_H_in_H2O.h5
 Minimum neutron data temperature: 0 K
 Maximum neutron data temperature: 1.7976931348623157e+308 K
 Reading tallies XML file...
 Preparing distributed cell instances...
 Reading plot XML file...
 Writing summary.h5 file...
[openmc.deplete] t=12981609.154661007 s, dt=865440.6103107346 s, source=1491105.972264863
[openmc.deplete] t=13847049.764971742 (final operator evaluation)
 Reading H3 from /home/diogo/openmc_data/endfb-vii.1-hdf5/neutron/H3.h5
 Reading Li6 from /home/diogo/openmc_data/endfb-vii.1-hdf5/neutron/Li6.h5
 Reading Li7 from /home/diogo/openmc_data/endfb-vii.1-hdf5/neutron/Li7.h5
 Reading N14 from /home/diogo/openmc_data/endfb-vii.1-hdf5/neutron/N14.h5
 Reading N15 from /home/diogo/openmc_data/endfb-vii.1-hdf5/neutron/N15.h5
 Reading F19 from /home/diogo/openmc_data/endfb-vii.1-hdf5/neutron/F19.h5
 Reading Na22 from /home/diogo/openmc_data/endfb-vii.1-hdf5/neutron/Na22.h5
 WARNING: Negative value(s) found on probability table for nuclide Na22 at 250K
 WARNING: Negative value(s) found on probability table for nuclide Na22 at 294K
 WARNING: Negative value(s) found on probability table for nuclide Na22 at 600K
 WARNING: Negative value(s) found on probability table for nuclide Na22 at 900K
 WARNING: Negative value(s) found on probability table for nuclide Na22 at 1200K
 WARNING: Negative value(s) found on probability table for nuclide Na22 at 2500K
 Reading Na23 from /home/diogo/openmc_data/endfb-vii.1-hdf5/neutron/Na23.h5
 Reading Mg24 from /home/diogo/openmc_data/endfb-vii.1-hdf5/neutron/Mg24.h5
 Reading Mg25 from /home/diogo/openmc_data/endfb-vii.1-hdf5/neutron/Mg25.h5
 Reading Mg26 from /home/diogo/openmc_data/endfb-vii.1-hdf5/neutron/Mg26.h5
 Reading Al27 from /home/diogo/openmc_data/endfb-vii.1-hdf5/neutron/Al27.h5
 Reading Si28 from /home/diogo/openmc_data/endfb-vii.1-hdf5/neutron/Si28.h5
 Reading Si29 from /home/diogo/openmc_data/endfb-vii.1-hdf5/neutron/Si29.h5
 Reading Si30 from /home/diogo/openmc_data/endfb-vii.1-hdf5/neutron/Si30.h5
 Reading P31 from /home/diogo/openmc_data/endfb-vii.1-hdf5/neutron/P31.h5
 Reading S32 from /home/diogo/openmc_data/endfb-vii.1-hdf5/neutron/S32.h5
 Reading S33 from /home/diogo/openmc_data/endfb-vii.1-hdf5/neutron/S33.h5
 Reading S34 from /home/diogo/openmc_data/endfb-vii.1-hdf5/neutron/S34.h5
 Reading S36 from /home/diogo/openmc_data/endfb-vii.1-hdf5/neutron/S36.h5
 Reading Cl35 from /home/diogo/openmc_data/endfb-vii.1-hdf5/neutron/Cl35.h5
 Reading Cl37 from /home/diogo/openmc_data/endfb-vii.1-hdf5/neutron/Cl37.h5
 Reading Ar36 from /home/diogo/openmc_data/endfb-vii.1-hdf5/neutron/Ar36.h5
 WARNING: Negative value(s) found on probability table for nuclide Ar36 at 250K
 WARNING: Negative value(s) found on probability table for nuclide Ar36 at 294K
 WARNING: Negative value(s) found on probability table for nuclide Ar36 at 600K
 WARNING: Negative value(s) found on probability table for nuclide Ar36 at 900K
 WARNING: Negative value(s) found on probability table for nuclide Ar36 at 1200K
 WARNING: Negative value(s) found on probability table for nuclide Ar36 at 2500K
 Reading Ar38 from /home/diogo/openmc_data/endfb-vii.1-hdf5/neutron/Ar38.h5
 Reading Ar40 from /home/diogo/openmc_data/endfb-vii.1-hdf5/neutron/Ar40.h5
 Reading K39 from /home/diogo/openmc_data/endfb-vii.1-hdf5/neutron/K39.h5
 Reading K40 from /home/diogo/openmc_data/endfb-vii.1-hdf5/neutron/K40.h5
 Reading K41 from /home/diogo/openmc_data/endfb-vii.1-hdf5/neutron/K41.h5
 Reading Ca40 from /home/diogo/openmc_data/endfb-vii.1-hdf5/neutron/Ca40.h5
 Reading Ca42 from /home/diogo/openmc_data/endfb-vii.1-hdf5/neutron/Ca42.h5
 Reading Ca43 from /home/diogo/openmc_data/endfb-vii.1-hdf5/neutron/Ca43.h5
 Reading Ca44 from /home/diogo/openmc_data/endfb-vii.1-hdf5/neutron/Ca44.h5
 Reading Ca46 from /home/diogo/openmc_data/endfb-vii.1-hdf5/neutron/Ca46.h5
 Reading Sc45 from /home/diogo/openmc_data/endfb-vii.1-hdf5/neutron/Sc45.h5
 Reading Ti46 from /home/diogo/openmc_data/endfb-vii.1-hdf5/neutron/Ti46.h5
 Reading Ti47 from /home/diogo/openmc_data/endfb-vii.1-hdf5/neutron/Ti47.h5
 Reading Ti48 from /home/diogo/openmc_data/endfb-vii.1-hdf5/neutron/Ti48.h5
 Reading Ti49 from /home/diogo/openmc_data/endfb-vii.1-hdf5/neutron/Ti49.h5
 Reading Ti50 from /home/diogo/openmc_data/endfb-vii.1-hdf5/neutron/Ti50.h5
 Reading V50 from /home/diogo/openmc_data/endfb-vii.1-hdf5/neutron/V50.h5
 Reading V51 from /home/diogo/openmc_data/endfb-vii.1-hdf5/neutron/V51.h5
 Reading Mn55 from /home/diogo/openmc_data/endfb-vii.1-hdf5/neutron/Mn55.h5
 Reading Co58 from /home/diogo/openmc_data/endfb-vii.1-hdf5/neutron/Co58.h5
 Reading Co59 from /home/diogo/openmc_data/endfb-vii.1-hdf5/neutron/Co59.h5
 Reading Ni58 from /home/diogo/openmc_data/endfb-vii.1-hdf5/neutron/Ni58.h5
 Reading Ni59 from /home/diogo/openmc_data/endfb-vii.1-hdf5/neutron/Ni59.h5
 Reading Ni60 from /home/diogo/openmc_data/endfb-vii.1-hdf5/neutron/Ni60.h5
 Reading Ni61 from /home/diogo/openmc_data/endfb-vii.1-hdf5/neutron/Ni61.h5
 Reading Ni62 from /home/diogo/openmc_data/endfb-vii.1-hdf5/neutron/Ni62.h5
 Reading Ni64 from /home/diogo/openmc_data/endfb-vii.1-hdf5/neutron/Ni64.h5
 Reading Cu63 from /home/diogo/openmc_data/endfb-vii.1-hdf5/neutron/Cu63.h5
 Reading Cu65 from /home/diogo/openmc_data/endfb-vii.1-hdf5/neutron/Cu65.h5
 Reading Zn64 from /home/diogo/openmc_data/endfb-vii.1-hdf5/neutron/Zn64.h5
 Reading Zn65 from /home/diogo/openmc_data/endfb-vii.1-hdf5/neutron/Zn65.h5
 Reading Zn66 from /home/diogo/openmc_data/endfb-vii.1-hdf5/neutron/Zn66.h5
 Reading Zn67 from /home/diogo/openmc_data/endfb-vii.1-hdf5/neutron/Zn67.h5
 Reading Zn68 from /home/diogo/openmc_data/endfb-vii.1-hdf5/neutron/Zn68.h5
 Reading Zn70 from /home/diogo/openmc_data/endfb-vii.1-hdf5/neutron/Zn70.h5
 Reading Ga69 from /home/diogo/openmc_data/endfb-vii.1-hdf5/neutron/Ga69.h5
 Reading Ga71 from /home/diogo/openmc_data/endfb-vii.1-hdf5/neutron/Ga71.h5
 Reading Ge70 from /home/diogo/openmc_data/endfb-vii.1-hdf5/neutron/Ge70.h5
 Reading Ge72 from /home/diogo/openmc_data/endfb-vii.1-hdf5/neutron/Ge72.h5
 Reading Ge73 from /home/diogo/openmc_data/endfb-vii.1-hdf5/neutron/Ge73.h5
 Reading Ge74 from /home/diogo/openmc_data/endfb-vii.1-hdf5/neutron/Ge74.h5
 Reading Ge76 from /home/diogo/openmc_data/endfb-vii.1-hdf5/neutron/Ge76.h5
 Reading As74 from /home/diogo/openmc_data/endfb-vii.1-hdf5/neutron/As74.h5
 Reading As75 from /home/diogo/openmc_data/endfb-vii.1-hdf5/neutron/As75.h5
 Reading Se74 from /home/diogo/openmc_data/endfb-vii.1-hdf5/neutron/Se74.h5
 Reading Se76 from /home/diogo/openmc_data/endfb-vii.1-hdf5/neutron/Se76.h5
 Reading Se77 from /home/diogo/openmc_data/endfb-vii.1-hdf5/neutron/Se77.h5
 Reading Se78 from /home/diogo/openmc_data/endfb-vii.1-hdf5/neutron/Se78.h5
 Reading Se79 from /home/diogo/openmc_data/endfb-vii.1-hdf5/neutron/Se79.h5
 WARNING: Negative value(s) found on probability table for nuclide Se79 at 250K
 WARNING: Negative value(s) found on probability table for nuclide Se79 at 294K
 WARNING: Negative value(s) found on probability table for nuclide Se79 at 600K
 WARNING: Negative value(s) found on probability table for nuclide Se79 at 900K
 WARNING: Negative value(s) found on probability table for nuclide Se79 at 1200K
 Reading Se80 from /home/diogo/openmc_data/endfb-vii.1-hdf5/neutron/Se80.h5
 Reading Se82 from /home/diogo/openmc_data/endfb-vii.1-hdf5/neutron/Se82.h5
 Reading Br79 from /home/diogo/openmc_data/endfb-vii.1-hdf5/neutron/Br79.h5
 Reading Br81 from /home/diogo/openmc_data/endfb-vii.1-hdf5/neutron/Br81.h5
 Reading Kr78 from /home/diogo/openmc_data/endfb-vii.1-hdf5/neutron/Kr78.h5
 Reading Kr80 from /home/diogo/openmc_data/endfb-vii.1-hdf5/neutron/Kr80.h5
 Reading Kr82 from /home/diogo/openmc_data/endfb-vii.1-hdf5/neutron/Kr82.h5
 Reading Kr83 from /home/diogo/openmc_data/endfb-vii.1-hdf5/neutron/Kr83.h5
 Reading Kr84 from /home/diogo/openmc_data/endfb-vii.1-hdf5/neutron/Kr84.h5
 Reading Kr85 from /home/diogo/openmc_data/endfb-vii.1-hdf5/neutron/Kr85.h5
 Reading Kr86 from /home/diogo/openmc_data/endfb-vii.1-hdf5/neutron/Kr86.h5
 Reading Rb85 from /home/diogo/openmc_data/endfb-vii.1-hdf5/neutron/Rb85.h5
 Reading Rb86 from /home/diogo/openmc_data/endfb-vii.1-hdf5/neutron/Rb86.h5
 Reading Rb87 from /home/diogo/openmc_data/endfb-vii.1-hdf5/neutron/Rb87.h5
 Reading Sr84 from /home/diogo/openmc_data/endfb-vii.1-hdf5/neutron/Sr84.h5
 Reading Sr86 from /home/diogo/openmc_data/endfb-vii.1-hdf5/neutron/Sr86.h5
 Reading Sr87 from /home/diogo/openmc_data/endfb-vii.1-hdf5/neutron/Sr87.h5
 Reading Sr88 from /home/diogo/openmc_data/endfb-vii.1-hdf5/neutron/Sr88.h5
 Reading Sr89 from /home/diogo/openmc_data/endfb-vii.1-hdf5/neutron/Sr89.h5
 Reading Sr90 from /home/diogo/openmc_data/endfb-vii.1-hdf5/neutron/Sr90.h5
 Reading Y89 from /home/diogo/openmc_data/endfb-vii.1-hdf5/neutron/Y89.h5
 Reading Y90 from /home/diogo/openmc_data/endfb-vii.1-hdf5/neutron/Y90.h5
 Reading Y91 from /home/diogo/openmc_data/endfb-vii.1-hdf5/neutron/Y91.h5
 Reading Zr93 from /home/diogo/openmc_data/endfb-vii.1-hdf5/neutron/Zr93.h5
 Reading Zr95 from /home/diogo/openmc_data/endfb-vii.1-hdf5/neutron/Zr95.h5
 Reading Nb93 from /home/diogo/openmc_data/endfb-vii.1-hdf5/neutron/Nb93.h5
 Reading Nb94 from /home/diogo/openmc_data/endfb-vii.1-hdf5/neutron/Nb94.h5
 WARNING: Negative value(s) found on probability table for nuclide Nb94 at 250K
 WARNING: Negative value(s) found on probability table for nuclide Nb94 at 294K
 WARNING: Negative value(s) found on probability table for nuclide Nb94 at 600K
 WARNING: Negative value(s) found on probability table for nuclide Nb94 at 900K
 WARNING: Negative value(s) found on probability table for nuclide Nb94 at 1200K
 WARNING: Negative value(s) found on probability table for nuclide Nb94 at 2500K
 Reading Nb95 from /home/diogo/openmc_data/endfb-vii.1-hdf5/neutron/Nb95.h5
 WARNING: Negative value(s) found on probability table for nuclide Nb95 at 250K
 WARNING: Negative value(s) found on probability table for nuclide Nb95 at 294K
 WARNING: Negative value(s) found on probability table for nuclide Nb95 at 600K
 WARNING: Negative value(s) found on probability table for nuclide Nb95 at 900K
 WARNING: Negative value(s) found on probability table for nuclide Nb95 at 1200K
 Reading Mo92 from /home/diogo/openmc_data/endfb-vii.1-hdf5/neutron/Mo92.h5
 Reading Mo94 from /home/diogo/openmc_data/endfb-vii.1-hdf5/neutron/Mo94.h5
 Reading Mo95 from /home/diogo/openmc_data/endfb-vii.1-hdf5/neutron/Mo95.h5
 Reading Mo96 from /home/diogo/openmc_data/endfb-vii.1-hdf5/neutron/Mo96.h5
 Reading Mo97 from /home/diogo/openmc_data/endfb-vii.1-hdf5/neutron/Mo97.h5
 Reading Mo98 from /home/diogo/openmc_data/endfb-vii.1-hdf5/neutron/Mo98.h5
 Reading Mo99 from /home/diogo/openmc_data/endfb-vii.1-hdf5/neutron/Mo99.h5
 WARNING: Negative value(s) found on probability table for nuclide Mo99 at 250K
 WARNING: Negative value(s) found on probability table for nuclide Mo99 at 294K
 WARNING: Negative value(s) found on probability table for nuclide Mo99 at 600K
 WARNING: Negative value(s) found on probability table for nuclide Mo99 at 900K
 WARNING: Negative value(s) found on probability table for nuclide Mo99 at 1200K
 WARNING: Negative value(s) found on probability table for nuclide Mo99 at 2500K
 Reading Mo100 from /home/diogo/openmc_data/endfb-vii.1-hdf5/neutron/Mo100.h5
 Reading Tc99 from /home/diogo/openmc_data/endfb-vii.1-hdf5/neutron/Tc99.h5
 Reading Ru98 from /home/diogo/openmc_data/endfb-vii.1-hdf5/neutron/Ru98.h5
 Reading Ru99 from /home/diogo/openmc_data/endfb-vii.1-hdf5/neutron/Ru99.h5
 Reading Ru100 from /home/diogo/openmc_data/endfb-vii.1-hdf5/neutron/Ru100.h5
 Reading Ru101 from /home/diogo/openmc_data/endfb-vii.1-hdf5/neutron/Ru101.h5
 Reading Ru102 from /home/diogo/openmc_data/endfb-vii.1-hdf5/neutron/Ru102.h5
 Reading Ru103 from /home/diogo/openmc_data/endfb-vii.1-hdf5/neutron/Ru103.h5
 Reading Ru104 from /home/diogo/openmc_data/endfb-vii.1-hdf5/neutron/Ru104.h5
 Reading Ru105 from /home/diogo/openmc_data/endfb-vii.1-hdf5/neutron/Ru105.h5
 Reading Ru106 from /home/diogo/openmc_data/endfb-vii.1-hdf5/neutron/Ru106.h5
 Reading Rh103 from /home/diogo/openmc_data/endfb-vii.1-hdf5/neutron/Rh103.h5
 Reading Rh105 from /home/diogo/openmc_data/endfb-vii.1-hdf5/neutron/Rh105.h5
 Reading Pd102 from /home/diogo/openmc_data/endfb-vii.1-hdf5/neutron/Pd102.h5
 Reading Pd104 from /home/diogo/openmc_data/endfb-vii.1-hdf5/neutron/Pd104.h5
 Reading Pd105 from /home/diogo/openmc_data/endfb-vii.1-hdf5/neutron/Pd105.h5
 Reading Pd106 from /home/diogo/openmc_data/endfb-vii.1-hdf5/neutron/Pd106.h5
 Reading Pd107 from /home/diogo/openmc_data/endfb-vii.1-hdf5/neutron/Pd107.h5
 Reading Pd108 from /home/diogo/openmc_data/endfb-vii.1-hdf5/neutron/Pd108.h5
 Reading Pd110 from /home/diogo/openmc_data/endfb-vii.1-hdf5/neutron/Pd110.h5
 Reading Ag107 from /home/diogo/openmc_data/endfb-vii.1-hdf5/neutron/Ag107.h5
 Reading Ag109 from /home/diogo/openmc_data/endfb-vii.1-hdf5/neutron/Ag109.h5
 Reading Ag110_m1 from
 /home/diogo/openmc_data/endfb-vii.1-hdf5/neutron/Ag110_m1.h5
 Reading Ag111 from /home/diogo/openmc_data/endfb-vii.1-hdf5/neutron/Ag111.h5
 Reading Cd106 from /home/diogo/openmc_data/endfb-vii.1-hdf5/neutron/Cd106.h5
 WARNING: Negative value(s) found on probability table for nuclide Cd106 at 250K
 WARNING: Negative value(s) found on probability table for nuclide Cd106 at 294K
 WARNING: Negative value(s) found on probability table for nuclide Cd106 at 600K
 WARNING: Negative value(s) found on probability table for nuclide Cd106 at 900K
 WARNING: Negative value(s) found on probability table for nuclide Cd106 at
          1200K
 WARNING: Negative value(s) found on probability table for nuclide Cd106 at
          2500K
 Reading Cd108 from /home/diogo/openmc_data/endfb-vii.1-hdf5/neutron/Cd108.h5
 Reading Cd110 from /home/diogo/openmc_data/endfb-vii.1-hdf5/neutron/Cd110.h5
 Reading Cd111 from /home/diogo/openmc_data/endfb-vii.1-hdf5/neutron/Cd111.h5
 Reading Cd112 from /home/diogo/openmc_data/endfb-vii.1-hdf5/neutron/Cd112.h5
 Reading Cd113 from /home/diogo/openmc_data/endfb-vii.1-hdf5/neutron/Cd113.h5
 Reading Cd114 from /home/diogo/openmc_data/endfb-vii.1-hdf5/neutron/Cd114.h5
 Reading Cd115_m1 from
 /home/diogo/openmc_data/endfb-vii.1-hdf5/neutron/Cd115_m1.h5
 Reading Cd116 from /home/diogo/openmc_data/endfb-vii.1-hdf5/neutron/Cd116.h5
 Reading In113 from /home/diogo/openmc_data/endfb-vii.1-hdf5/neutron/In113.h5
 Reading In115 from /home/diogo/openmc_data/endfb-vii.1-hdf5/neutron/In115.h5
 Reading Sn113 from /home/diogo/openmc_data/endfb-vii.1-hdf5/neutron/Sn113.h5
 Reading Sn123 from /home/diogo/openmc_data/endfb-vii.1-hdf5/neutron/Sn123.h5
 WARNING: Negative value(s) found on probability table for nuclide Sn123 at 250K
 WARNING: Negative value(s) found on probability table for nuclide Sn123 at 294K
 WARNING: Negative value(s) found on probability table for nuclide Sn123 at 600K
 WARNING: Negative value(s) found on probability table for nuclide Sn123 at 900K
 WARNING: Negative value(s) found on probability table for nuclide Sn123 at
          1200K
 WARNING: Negative value(s) found on probability table for nuclide Sn123 at
          2500K
 Reading Sn125 from /home/diogo/openmc_data/endfb-vii.1-hdf5/neutron/Sn125.h5
 Reading Sn126 from /home/diogo/openmc_data/endfb-vii.1-hdf5/neutron/Sn126.h5
 Reading Sb121 from /home/diogo/openmc_data/endfb-vii.1-hdf5/neutron/Sb121.h5
 Reading Sb123 from /home/diogo/openmc_data/endfb-vii.1-hdf5/neutron/Sb123.h5
 Reading Sb124 from /home/diogo/openmc_data/endfb-vii.1-hdf5/neutron/Sb124.h5
 Reading Sb125 from /home/diogo/openmc_data/endfb-vii.1-hdf5/neutron/Sb125.h5
 Reading Sb126 from /home/diogo/openmc_data/endfb-vii.1-hdf5/neutron/Sb126.h5
 Reading Te120 from /home/diogo/openmc_data/endfb-vii.1-hdf5/neutron/Te120.h5
 WARNING: Negative value(s) found on probability table for nuclide Te120 at 600K
 WARNING: Negative value(s) found on probability table for nuclide Te120 at 900K
 WARNING: Negative value(s) found on probability table for nuclide Te120 at
          1200K
 WARNING: Negative value(s) found on probability table for nuclide Te120 at
          2500K
 Reading Te122 from /home/diogo/openmc_data/endfb-vii.1-hdf5/neutron/Te122.h5
 Reading Te123 from /home/diogo/openmc_data/endfb-vii.1-hdf5/neutron/Te123.h5
 Reading Te124 from /home/diogo/openmc_data/endfb-vii.1-hdf5/neutron/Te124.h5
 Reading Te125 from /home/diogo/openmc_data/endfb-vii.1-hdf5/neutron/Te125.h5
 Reading Te126 from /home/diogo/openmc_data/endfb-vii.1-hdf5/neutron/Te126.h5
 Reading Te127_m1 from
 /home/diogo/openmc_data/endfb-vii.1-hdf5/neutron/Te127_m1.h5
 Reading Te128 from /home/diogo/openmc_data/endfb-vii.1-hdf5/neutron/Te128.h5
 Reading Te129_m1 from
 /home/diogo/openmc_data/endfb-vii.1-hdf5/neutron/Te129_m1.h5
 Reading Te130 from /home/diogo/openmc_data/endfb-vii.1-hdf5/neutron/Te130.h5
 Reading Te132 from /home/diogo/openmc_data/endfb-vii.1-hdf5/neutron/Te132.h5
 Reading I127 from /home/diogo/openmc_data/endfb-vii.1-hdf5/neutron/I127.h5
 Reading I129 from /home/diogo/openmc_data/endfb-vii.1-hdf5/neutron/I129.h5
 Reading I130 from /home/diogo/openmc_data/endfb-vii.1-hdf5/neutron/I130.h5
 Reading I131 from /home/diogo/openmc_data/endfb-vii.1-hdf5/neutron/I131.h5
 WARNING: Negative value(s) found on probability table for nuclide I131 at 250K
 WARNING: Negative value(s) found on probability table for nuclide I131 at 294K
 WARNING: Negative value(s) found on probability table for nuclide I131 at 600K
 WARNING: Negative value(s) found on probability table for nuclide I131 at 900K
 WARNING: Negative value(s) found on probability table for nuclide I131 at 1200K
 WARNING: Negative value(s) found on probability table for nuclide I131 at 2500K
 Reading I135 from /home/diogo/openmc_data/endfb-vii.1-hdf5/neutron/I135.h5
 Reading Xe126 from /home/diogo/openmc_data/endfb-vii.1-hdf5/neutron/Xe126.h5
 Reading Xe128 from /home/diogo/openmc_data/endfb-vii.1-hdf5/neutron/Xe128.h5
 Reading Xe129 from /home/diogo/openmc_data/endfb-vii.1-hdf5/neutron/Xe129.h5
 Reading Xe130 from /home/diogo/openmc_data/endfb-vii.1-hdf5/neutron/Xe130.h5
 Reading Xe131 from /home/diogo/openmc_data/endfb-vii.1-hdf5/neutron/Xe131.h5
 Reading Xe132 from /home/diogo/openmc_data/endfb-vii.1-hdf5/neutron/Xe132.h5
 Reading Xe133 from /home/diogo/openmc_data/endfb-vii.1-hdf5/neutron/Xe133.h5
 WARNING: Negative value(s) found on probability table for nuclide Xe133 at
          2500K
 Reading Xe134 from /home/diogo/openmc_data/endfb-vii.1-hdf5/neutron/Xe134.h5
 Reading Xe135 from /home/diogo/openmc_data/endfb-vii.1-hdf5/neutron/Xe135.h5
 Reading Xe136 from /home/diogo/openmc_data/endfb-vii.1-hdf5/neutron/Xe136.h5
 Reading Cs133 from /home/diogo/openmc_data/endfb-vii.1-hdf5/neutron/Cs133.h5
 Reading Cs134 from /home/diogo/openmc_data/endfb-vii.1-hdf5/neutron/Cs134.h5
 Reading Cs135 from /home/diogo/openmc_data/endfb-vii.1-hdf5/neutron/Cs135.h5
 Reading Cs136 from /home/diogo/openmc_data/endfb-vii.1-hdf5/neutron/Cs136.h5
 WARNING: Negative value(s) found on probability table for nuclide Cs136 at 250K
 WARNING: Negative value(s) found on probability table for nuclide Cs136 at 294K
 WARNING: Negative value(s) found on probability table for nuclide Cs136 at 600K
 WARNING: Negative value(s) found on probability table for nuclide Cs136 at 900K
 WARNING: Negative value(s) found on probability table for nuclide Cs136 at
          1200K
 WARNING: Negative value(s) found on probability table for nuclide Cs136 at
          2500K
 Reading Cs137 from /home/diogo/openmc_data/endfb-vii.1-hdf5/neutron/Cs137.h5
 Reading Ba132 from /home/diogo/openmc_data/endfb-vii.1-hdf5/neutron/Ba132.h5
 Reading Ba133 from /home/diogo/openmc_data/endfb-vii.1-hdf5/neutron/Ba133.h5
 Reading Ba134 from /home/diogo/openmc_data/endfb-vii.1-hdf5/neutron/Ba134.h5
 Reading Ba135 from /home/diogo/openmc_data/endfb-vii.1-hdf5/neutron/Ba135.h5
 Reading Ba136 from /home/diogo/openmc_data/endfb-vii.1-hdf5/neutron/Ba136.h5
 Reading Ba137 from /home/diogo/openmc_data/endfb-vii.1-hdf5/neutron/Ba137.h5
 Reading Ba138 from /home/diogo/openmc_data/endfb-vii.1-hdf5/neutron/Ba138.h5
 Reading Ba140 from /home/diogo/openmc_data/endfb-vii.1-hdf5/neutron/Ba140.h5
 Reading La138 from /home/diogo/openmc_data/endfb-vii.1-hdf5/neutron/La138.h5
 Reading La139 from /home/diogo/openmc_data/endfb-vii.1-hdf5/neutron/La139.h5
 Reading La140 from /home/diogo/openmc_data/endfb-vii.1-hdf5/neutron/La140.h5
 Reading Ce138 from /home/diogo/openmc_data/endfb-vii.1-hdf5/neutron/Ce138.h5
 Reading Ce139 from /home/diogo/openmc_data/endfb-vii.1-hdf5/neutron/Ce139.h5
 Reading Ce140 from /home/diogo/openmc_data/endfb-vii.1-hdf5/neutron/Ce140.h5
 Reading Ce141 from /home/diogo/openmc_data/endfb-vii.1-hdf5/neutron/Ce141.h5
 Reading Ce142 from /home/diogo/openmc_data/endfb-vii.1-hdf5/neutron/Ce142.h5
 Reading Ce143 from /home/diogo/openmc_data/endfb-vii.1-hdf5/neutron/Ce143.h5
 Reading Ce144 from /home/diogo/openmc_data/endfb-vii.1-hdf5/neutron/Ce144.h5
 Reading Pr141 from /home/diogo/openmc_data/endfb-vii.1-hdf5/neutron/Pr141.h5
 Reading Pr142 from /home/diogo/openmc_data/endfb-vii.1-hdf5/neutron/Pr142.h5
 Reading Pr143 from /home/diogo/openmc_data/endfb-vii.1-hdf5/neutron/Pr143.h5
 Reading Nd142 from /home/diogo/openmc_data/endfb-vii.1-hdf5/neutron/Nd142.h5
 Reading Nd143 from /home/diogo/openmc_data/endfb-vii.1-hdf5/neutron/Nd143.h5
 Reading Nd144 from /home/diogo/openmc_data/endfb-vii.1-hdf5/neutron/Nd144.h5
 Reading Nd145 from /home/diogo/openmc_data/endfb-vii.1-hdf5/neutron/Nd145.h5
 Reading Nd146 from /home/diogo/openmc_data/endfb-vii.1-hdf5/neutron/Nd146.h5
 Reading Nd147 from /home/diogo/openmc_data/endfb-vii.1-hdf5/neutron/Nd147.h5
 Reading Nd148 from /home/diogo/openmc_data/endfb-vii.1-hdf5/neutron/Nd148.h5
 Reading Nd150 from /home/diogo/openmc_data/endfb-vii.1-hdf5/neutron/Nd150.h5
 Reading Pm147 from /home/diogo/openmc_data/endfb-vii.1-hdf5/neutron/Pm147.h5
 Reading Pm148 from /home/diogo/openmc_data/endfb-vii.1-hdf5/neutron/Pm148.h5
 Reading Pm148_m1 from
 /home/diogo/openmc_data/endfb-vii.1-hdf5/neutron/Pm148_m1.h5
 Reading Pm149 from /home/diogo/openmc_data/endfb-vii.1-hdf5/neutron/Pm149.h5
 Reading Pm151 from /home/diogo/openmc_data/endfb-vii.1-hdf5/neutron/Pm151.h5
 Reading Sm147 from /home/diogo/openmc_data/endfb-vii.1-hdf5/neutron/Sm147.h5
 Reading Sm148 from /home/diogo/openmc_data/endfb-vii.1-hdf5/neutron/Sm148.h5
 Reading Sm149 from /home/diogo/openmc_data/endfb-vii.1-hdf5/neutron/Sm149.h5
 Reading Sm150 from /home/diogo/openmc_data/endfb-vii.1-hdf5/neutron/Sm150.h5
 Reading Sm151 from /home/diogo/openmc_data/endfb-vii.1-hdf5/neutron/Sm151.h5
 Reading Sm152 from /home/diogo/openmc_data/endfb-vii.1-hdf5/neutron/Sm152.h5
 Reading Sm153 from /home/diogo/openmc_data/endfb-vii.1-hdf5/neutron/Sm153.h5
 Reading Sm154 from /home/diogo/openmc_data/endfb-vii.1-hdf5/neutron/Sm154.h5
 Reading Eu151 from /home/diogo/openmc_data/endfb-vii.1-hdf5/neutron/Eu151.h5
 Reading Eu152 from /home/diogo/openmc_data/endfb-vii.1-hdf5/neutron/Eu152.h5
 Reading Eu153 from /home/diogo/openmc_data/endfb-vii.1-hdf5/neutron/Eu153.h5
 Reading Eu154 from /home/diogo/openmc_data/endfb-vii.1-hdf5/neutron/Eu154.h5
 Reading Eu155 from /home/diogo/openmc_data/endfb-vii.1-hdf5/neutron/Eu155.h5
 Reading Eu156 from /home/diogo/openmc_data/endfb-vii.1-hdf5/neutron/Eu156.h5
 WARNING: Negative value(s) found on probability table for nuclide Eu156 at 250K
 WARNING: Negative value(s) found on probability table for nuclide Eu156 at 294K
 WARNING: Negative value(s) found on probability table for nuclide Eu156 at 600K
 WARNING: Negative value(s) found on probability table for nuclide Eu156 at 900K
 WARNING: Negative value(s) found on probability table for nuclide Eu156 at
          1200K
 WARNING: Negative value(s) found on probability table for nuclide Eu156 at
          2500K
 Reading Eu157 from /home/diogo/openmc_data/endfb-vii.1-hdf5/neutron/Eu157.h5
 Reading Gd153 from /home/diogo/openmc_data/endfb-vii.1-hdf5/neutron/Gd153.h5
 Reading Tb159 from /home/diogo/openmc_data/endfb-vii.1-hdf5/neutron/Tb159.h5
 Reading Tb160 from /home/diogo/openmc_data/endfb-vii.1-hdf5/neutron/Tb160.h5
 Reading Dy156 from /home/diogo/openmc_data/endfb-vii.1-hdf5/neutron/Dy156.h5
 Reading Dy158 from /home/diogo/openmc_data/endfb-vii.1-hdf5/neutron/Dy158.h5
 Reading Dy160 from /home/diogo/openmc_data/endfb-vii.1-hdf5/neutron/Dy160.h5
 Reading Dy161 from /home/diogo/openmc_data/endfb-vii.1-hdf5/neutron/Dy161.h5
 Reading Dy162 from /home/diogo/openmc_data/endfb-vii.1-hdf5/neutron/Dy162.h5
 Reading Dy163 from /home/diogo/openmc_data/endfb-vii.1-hdf5/neutron/Dy163.h5
 Reading Dy164 from /home/diogo/openmc_data/endfb-vii.1-hdf5/neutron/Dy164.h5
 Reading Ho165 from /home/diogo/openmc_data/endfb-vii.1-hdf5/neutron/Ho165.h5
 Reading Ho166_m1 from
 /home/diogo/openmc_data/endfb-vii.1-hdf5/neutron/Ho166_m1.h5
 Reading Er162 from /home/diogo/openmc_data/endfb-vii.1-hdf5/neutron/Er162.h5
 Reading Er164 from /home/diogo/openmc_data/endfb-vii.1-hdf5/neutron/Er164.h5
 Reading Er166 from /home/diogo/openmc_data/endfb-vii.1-hdf5/neutron/Er166.h5
 Reading Er167 from /home/diogo/openmc_data/endfb-vii.1-hdf5/neutron/Er167.h5
 Reading Er168 from /home/diogo/openmc_data/endfb-vii.1-hdf5/neutron/Er168.h5
 Reading Er170 from /home/diogo/openmc_data/endfb-vii.1-hdf5/neutron/Er170.h5
 Reading Tm168 from /home/diogo/openmc_data/endfb-vii.1-hdf5/neutron/Tm168.h5
 Reading Tm169 from /home/diogo/openmc_data/endfb-vii.1-hdf5/neutron/Tm169.h5
 Reading Tm170 from /home/diogo/openmc_data/endfb-vii.1-hdf5/neutron/Tm170.h5
 Reading Ir191 from /home/diogo/openmc_data/endfb-vii.1-hdf5/neutron/Ir191.h5
 Reading Ir193 from /home/diogo/openmc_data/endfb-vii.1-hdf5/neutron/Ir193.h5
 Reading Hg198 from /home/diogo/openmc_data/endfb-vii.1-hdf5/neutron/Hg198.h5
 Reading Hg200 from /home/diogo/openmc_data/endfb-vii.1-hdf5/neutron/Hg200.h5
 Reading Hg201 from /home/diogo/openmc_data/endfb-vii.1-hdf5/neutron/Hg201.h5
 Reading Hg204 from /home/diogo/openmc_data/endfb-vii.1-hdf5/neutron/Hg204.h5
 Reading Tl205 from /home/diogo/openmc_data/endfb-vii.1-hdf5/neutron/Tl205.h5
 Reading Pb207 from /home/diogo/openmc_data/endfb-vii.1-hdf5/neutron/Pb207.h5
 Reading Pb208 from /home/diogo/openmc_data/endfb-vii.1-hdf5/neutron/Pb208.h5
 Reading Bi209 from /home/diogo/openmc_data/endfb-vii.1-hdf5/neutron/Bi209.h5
 Reading Ra223 from /home/diogo/openmc_data/endfb-vii.1-hdf5/neutron/Ra223.h5
 Reading Ra224 from /home/diogo/openmc_data/endfb-vii.1-hdf5/neutron/Ra224.h5
 Reading Ra225 from /home/diogo/openmc_data/endfb-vii.1-hdf5/neutron/Ra225.h5
 Reading Ra226 from /home/diogo/openmc_data/endfb-vii.1-hdf5/neutron/Ra226.h5
 Reading Ac225 from /home/diogo/openmc_data/endfb-vii.1-hdf5/neutron/Ac225.h5
 Reading Ac226 from /home/diogo/openmc_data/endfb-vii.1-hdf5/neutron/Ac226.h5
 Reading Ac227 from /home/diogo/openmc_data/endfb-vii.1-hdf5/neutron/Ac227.h5
 Reading Th227 from /home/diogo/openmc_data/endfb-vii.1-hdf5/neutron/Th227.h5
 Reading Th228 from /home/diogo/openmc_data/endfb-vii.1-hdf5/neutron/Th228.h5
 Reading Th229 from /home/diogo/openmc_data/endfb-vii.1-hdf5/neutron/Th229.h5
 Reading Th230 from /home/diogo/openmc_data/endfb-vii.1-hdf5/neutron/Th230.h5
 Reading Th231 from /home/diogo/openmc_data/endfb-vii.1-hdf5/neutron/Th231.h5
 Reading Th232 from /home/diogo/openmc_data/endfb-vii.1-hdf5/neutron/Th232.h5
 Reading Th233 from /home/diogo/openmc_data/endfb-vii.1-hdf5/neutron/Th233.h5
 Reading Th234 from /home/diogo/openmc_data/endfb-vii.1-hdf5/neutron/Th234.h5
 Reading Pa229 from /home/diogo/openmc_data/endfb-vii.1-hdf5/neutron/Pa229.h5
 Reading Pa230 from /home/diogo/openmc_data/endfb-vii.1-hdf5/neutron/Pa230.h5
 Reading Pa231 from /home/diogo/openmc_data/endfb-vii.1-hdf5/neutron/Pa231.h5
 Reading Pa232 from /home/diogo/openmc_data/endfb-vii.1-hdf5/neutron/Pa232.h5
 Reading Pa233 from /home/diogo/openmc_data/endfb-vii.1-hdf5/neutron/Pa233.h5
 Reading U230 from /home/diogo/openmc_data/endfb-vii.1-hdf5/neutron/U230.h5
 Reading U231 from /home/diogo/openmc_data/endfb-vii.1-hdf5/neutron/U231.h5
 Reading U232 from /home/diogo/openmc_data/endfb-vii.1-hdf5/neutron/U232.h5
 Reading U233 from /home/diogo/openmc_data/endfb-vii.1-hdf5/neutron/U233.h5
 Reading U236 from /home/diogo/openmc_data/endfb-vii.1-hdf5/neutron/U236.h5
 Reading U237 from /home/diogo/openmc_data/endfb-vii.1-hdf5/neutron/U237.h5
 Reading U239 from /home/diogo/openmc_data/endfb-vii.1-hdf5/neutron/U239.h5
 Reading U240 from /home/diogo/openmc_data/endfb-vii.1-hdf5/neutron/U240.h5
 Reading U241 from /home/diogo/openmc_data/endfb-vii.1-hdf5/neutron/U241.h5
 Reading Np234 from /home/diogo/openmc_data/endfb-vii.1-hdf5/neutron/Np234.h5
 Reading Np235 from /home/diogo/openmc_data/endfb-vii.1-hdf5/neutron/Np235.h5
 Reading Np236 from /home/diogo/openmc_data/endfb-vii.1-hdf5/neutron/Np236.h5
 Reading Np237 from /home/diogo/openmc_data/endfb-vii.1-hdf5/neutron/Np237.h5
 Reading Np238 from /home/diogo/openmc_data/endfb-vii.1-hdf5/neutron/Np238.h5
 Reading Np239 from /home/diogo/openmc_data/endfb-vii.1-hdf5/neutron/Np239.h5
 Reading Pu236 from /home/diogo/openmc_data/endfb-vii.1-hdf5/neutron/Pu236.h5
 Reading Pu237 from /home/diogo/openmc_data/endfb-vii.1-hdf5/neutron/Pu237.h5
 Reading Pu238 from /home/diogo/openmc_data/endfb-vii.1-hdf5/neutron/Pu238.h5
 Reading Pu239 from /home/diogo/openmc_data/endfb-vii.1-hdf5/neutron/Pu239.h5
 Reading Pu240 from /home/diogo/openmc_data/endfb-vii.1-hdf5/neutron/Pu240.h5
 Reading Pu241 from /home/diogo/openmc_data/endfb-vii.1-hdf5/neutron/Pu241.h5
 Reading Pu242 from /home/diogo/openmc_data/endfb-vii.1-hdf5/neutron/Pu242.h5
 Reading Pu243 from /home/diogo/openmc_data/endfb-vii.1-hdf5/neutron/Pu243.h5
 Reading Pu244 from /home/diogo/openmc_data/endfb-vii.1-hdf5/neutron/Pu244.h5
 Reading Pu246 from /home/diogo/openmc_data/endfb-vii.1-hdf5/neutron/Pu246.h5
 Reading Am240 from /home/diogo/openmc_data/endfb-vii.1-hdf5/neutron/Am240.h5
 Reading Am241 from /home/diogo/openmc_data/endfb-vii.1-hdf5/neutron/Am241.h5
 Reading Am242 from /home/diogo/openmc_data/endfb-vii.1-hdf5/neutron/Am242.h5
 Reading Am242_m1 from
 /home/diogo/openmc_data/endfb-vii.1-hdf5/neutron/Am242_m1.h5
 Reading Am243 from /home/diogo/openmc_data/endfb-vii.1-hdf5/neutron/Am243.h5
 Reading Am244 from /home/diogo/openmc_data/endfb-vii.1-hdf5/neutron/Am244.h5
 Reading Am244_m1 from
 /home/diogo/openmc_data/endfb-vii.1-hdf5/neutron/Am244_m1.h5
 Reading Cm240 from /home/diogo/openmc_data/endfb-vii.1-hdf5/neutron/Cm240.h5
 Reading Cm241 from /home/diogo/openmc_data/endfb-vii.1-hdf5/neutron/Cm241.h5
 Reading Cm242 from /home/diogo/openmc_data/endfb-vii.1-hdf5/neutron/Cm242.h5
 Reading Cm243 from /home/diogo/openmc_data/endfb-vii.1-hdf5/neutron/Cm243.h5
 Reading Cm244 from /home/diogo/openmc_data/endfb-vii.1-hdf5/neutron/Cm244.h5
 Reading Cm245 from /home/diogo/openmc_data/endfb-vii.1-hdf5/neutron/Cm245.h5
 Reading Cm246 from /home/diogo/openmc_data/endfb-vii.1-hdf5/neutron/Cm246.h5
 Reading Cm247 from /home/diogo/openmc_data/endfb-vii.1-hdf5/neutron/Cm247.h5
 Reading Cm248 from /home/diogo/openmc_data/endfb-vii.1-hdf5/neutron/Cm248.h5
 Reading Cm249 from /home/diogo/openmc_data/endfb-vii.1-hdf5/neutron/Cm249.h5
 Reading Cm250 from /home/diogo/openmc_data/endfb-vii.1-hdf5/neutron/Cm250.h5
 Reading Bk245 from /home/diogo/openmc_data/endfb-vii.1-hdf5/neutron/Bk245.h5
 Reading Bk246 from /home/diogo/openmc_data/endfb-vii.1-hdf5/neutron/Bk246.h5
 Reading Bk247 from /home/diogo/openmc_data/endfb-vii.1-hdf5/neutron/Bk247.h5
 Reading Bk248 from /home/diogo/openmc_data/endfb-vii.1-hdf5/neutron/Bk248.h5
 Reading Bk249 from /home/diogo/openmc_data/endfb-vii.1-hdf5/neutron/Bk249.h5
 Reading Bk250 from /home/diogo/openmc_data/endfb-vii.1-hdf5/neutron/Bk250.h5
 Reading Cf246 from /home/diogo/openmc_data/endfb-vii.1-hdf5/neutron/Cf246.h5
 Reading Cf248 from /home/diogo/openmc_data/endfb-vii.1-hdf5/neutron/Cf248.h5
 Reading Cf249 from /home/diogo/openmc_data/endfb-vii.1-hdf5/neutron/Cf249.h5
 Reading Cf251 from /home/diogo/openmc_data/endfb-vii.1-hdf5/neutron/Cf251.h5
 Reading Cf252 from /home/diogo/openmc_data/endfb-vii.1-hdf5/neutron/Cf252.h5
 Reading Cf253 from /home/diogo/openmc_data/endfb-vii.1-hdf5/neutron/Cf253.h5
 Reading Ba130 from /home/diogo/openmc_data/endfb-vii.1-hdf5/neutron/Ba130.h5
 Reading Ce136 from /home/diogo/openmc_data/endfb-vii.1-hdf5/neutron/Ce136.h5
 Reading Sm144 from /home/diogo/openmc_data/endfb-vii.1-hdf5/neutron/Sm144.h5
 Reading Au197 from /home/diogo/openmc_data/endfb-vii.1-hdf5/neutron/Au197.h5
 Reading Hg196 from /home/diogo/openmc_data/endfb-vii.1-hdf5/neutron/Hg196.h5
 Reading Hg199 from /home/diogo/openmc_data/endfb-vii.1-hdf5/neutron/Hg199.h5
 Reading Hg202 from /home/diogo/openmc_data/endfb-vii.1-hdf5/neutron/Hg202.h5
 Reading Tl203 from /home/diogo/openmc_data/endfb-vii.1-hdf5/neutron/Tl203.h5
 Reading Pb204 from /home/diogo/openmc_data/endfb-vii.1-hdf5/neutron/Pb204.h5
 Reading Pb206 from /home/diogo/openmc_data/endfb-vii.1-hdf5/neutron/Pb206.h5
 Reading Cf250 from /home/diogo/openmc_data/endfb-vii.1-hdf5/neutron/Cf250.h5
 WARNING: Negative value(s) found on probability table for nuclide Cf250 at 250K
 WARNING: Negative value(s) found on probability table for nuclide Cf250 at 294K
 WARNING: Negative value(s) found on probability table for nuclide Cf250 at 900K
 WARNING: Negative value(s) found on probability table for nuclide Cf250 at
          1200K
 Reading Cf254 from /home/diogo/openmc_data/endfb-vii.1-hdf5/neutron/Cf254.h5
 Reading Es251 from /home/diogo/openmc_data/endfb-vii.1-hdf5/neutron/Es251.h5
 Reading Es252 from /home/diogo/openmc_data/endfb-vii.1-hdf5/neutron/Es252.h5
 Reading Es253 from /home/diogo/openmc_data/endfb-vii.1-hdf5/neutron/Es253.h5
 Reading Es254 from /home/diogo/openmc_data/endfb-vii.1-hdf5/neutron/Es254.h5
 Reading Es254_m1 from
 /home/diogo/openmc_data/endfb-vii.1-hdf5/neutron/Es254_m1.h5
 Reading Es255 from /home/diogo/openmc_data/endfb-vii.1-hdf5/neutron/Es255.h5
 Reading Fm255 from /home/diogo/openmc_data/endfb-vii.1-hdf5/neutron/Fm255.h5
 Reading Be9 from /home/diogo/openmc_data/endfb-vii.1-hdf5/neutron/Be9.h5
 Reading Ca48 from /home/diogo/openmc_data/endfb-vii.1-hdf5/neutron/Ca48.h5
 Reading Co58_m1 from
 /home/diogo/openmc_data/endfb-vii.1-hdf5/neutron/Co58_m1.h5
 Reading Ru96 from /home/diogo/openmc_data/endfb-vii.1-hdf5/neutron/Ru96.h5
 Reading Xe123 from /home/diogo/openmc_data/endfb-vii.1-hdf5/neutron/Xe123.h5
 Reading Xe124 from /home/diogo/openmc_data/endfb-vii.1-hdf5/neutron/Xe124.h5
 Reading Lu175 from /home/diogo/openmc_data/endfb-vii.1-hdf5/neutron/Lu175.h5
 Reading Lu176 from /home/diogo/openmc_data/endfb-vii.1-hdf5/neutron/Lu176.h5
 Reading Hf174 from /home/diogo/openmc_data/endfb-vii.1-hdf5/neutron/Hf174.h5
 Reading Hf176 from /home/diogo/openmc_data/endfb-vii.1-hdf5/neutron/Hf176.h5
 Reading Hf177 from /home/diogo/openmc_data/endfb-vii.1-hdf5/neutron/Hf177.h5
 Reading Hf178 from /home/diogo/openmc_data/endfb-vii.1-hdf5/neutron/Hf178.h5
 Reading Hf179 from /home/diogo/openmc_data/endfb-vii.1-hdf5/neutron/Hf179.h5
 Reading Hf180 from /home/diogo/openmc_data/endfb-vii.1-hdf5/neutron/Hf180.h5
 Reading Ta180 from /home/diogo/openmc_data/endfb-vii.1-hdf5/neutron/Ta180.h5
 Reading Ta181 from /home/diogo/openmc_data/endfb-vii.1-hdf5/neutron/Ta181.h5
 Reading Ta182 from /home/diogo/openmc_data/endfb-vii.1-hdf5/neutron/Ta182.h5
 Reading W180 from /home/diogo/openmc_data/endfb-vii.1-hdf5/neutron/W180.h5
 Reading W182 from /home/diogo/openmc_data/endfb-vii.1-hdf5/neutron/W182.h5
 Reading W183 from /home/diogo/openmc_data/endfb-vii.1-hdf5/neutron/W183.h5
 Reading W184 from /home/diogo/openmc_data/endfb-vii.1-hdf5/neutron/W184.h5
 Reading W186 from /home/diogo/openmc_data/endfb-vii.1-hdf5/neutron/W186.h5
 Reading Re185 from /home/diogo/openmc_data/endfb-vii.1-hdf5/neutron/Re185.h5
 Reading Re187 from /home/diogo/openmc_data/endfb-vii.1-hdf5/neutron/Re187.h5
 Maximum neutron transport energy: 20000000 eV for H1
 Initializing source particles...

 ====================>     K EIGENVALUE SIMULATION     <====================

  Bat./Gen.      k       Entropy         Average k 
  =========   ========   ========   ====================
        1/1    1.08608    5.97519
        2/1    1.04857    5.96549
        3/1    1.10515    5.96456
        4/1    1.13372    5.97019
        5/1    1.06353    5.97210
        6/1    1.08740    5.96501
        7/1    1.10608    5.97376
        8/1    1.07625    5.94951
        9/1    1.10393    5.96359
       10/1    1.10800    5.97096
       11/1    1.08776    5.96999
       12/1    1.09013    5.96694
       13/1    1.07431    5.96986
       14/1    1.09840    5.96764
       15/1    1.11002    5.95479
       16/1    1.10633    5.96115
       17/1    1.10912    5.97076
       18/1    1.09163    5.96284
       19/1    1.10679    5.96676
       20/1    1.14737    5.96849
       21/1    1.09510    5.97114
       22/1    1.09878    5.95853    1.09694 +/- 0.00184
       23/1    1.14999    5.96294    1.11463 +/- 0.01772
       24/1    1.10005    5.96009    1.11098 +/- 0.01305
       25/1    1.12883    5.96948    1.11455 +/- 0.01072
       26/1    1.12897    5.96365    1.11695 +/- 0.00907
       27/1    1.07330    5.96409    1.11072 +/- 0.00989
       28/1    1.09634    5.96583    1.10892 +/- 0.00875
       29/1    1.08692    5.97029    1.10647 +/- 0.00809
       30/1    1.08296    5.96494    1.10412 +/- 0.00761
       31/1    1.08662    5.96599    1.10253 +/- 0.00707
       32/1    1.07447    5.97604    1.10019 +/- 0.00686
       33/1    1.11862    5.97810    1.10161 +/- 0.00647
       34/1    1.11224    5.95955    1.10237 +/- 0.00604
       35/1    1.08977    5.96111    1.10153 +/- 0.00568
       36/1    1.07275    5.96269    1.09973 +/- 0.00561
       37/1    1.12194    5.96480    1.10104 +/- 0.00543
       38/1    1.09898    5.96423    1.10092 +/- 0.00512
       39/1    1.07375    5.97474    1.09949 +/- 0.00505
       40/1    1.07358    5.96234    1.09820 +/- 0.00496
       41/1    1.13615    5.97105    1.10001 +/- 0.00506
       42/1    1.11388    5.96435    1.10064 +/- 0.00486
       43/1    1.10432    5.96439    1.10080 +/- 0.00465
       44/1    1.08545    5.96796    1.10016 +/- 0.00450
       45/1    1.05392    5.96804    1.09831 +/- 0.00469
       46/1    1.07082    5.96393    1.09725 +/- 0.00463
       47/1    1.08672    5.97053    1.09686 +/- 0.00447
       48/1    1.10022    5.96176    1.09698 +/- 0.00431
       49/1    1.05306    5.97417    1.09547 +/- 0.00443
       50/1    1.09832    5.97470    1.09556 +/- 0.00428
       51/1    1.12548    5.96491    1.09653 +/- 0.00425
       52/1    1.08911    5.96266    1.09629 +/- 0.00412
       53/1    1.09159    5.97028    1.09615 +/- 0.00400
       54/1    1.12331    5.95818    1.09695 +/- 0.00396
       55/1    1.05648    5.96844    1.09579 +/- 0.00401
       56/1    1.10320    5.97351    1.09600 +/- 0.00391
       57/1    1.06817    5.96716    1.09525 +/- 0.00387
       58/1    1.07366    5.97212    1.09468 +/- 0.00381
       59/1    1.11424    5.95906    1.09518 +/- 0.00375
       60/1    1.07399    5.96034    1.09465 +/- 0.00369
 Creating state point statepoint.60.h5...

 =======================>     TIMING STATISTICS     <=======================

 Total time for initialization     = 6.0773e+00 seconds
   Reading cross sections          = 5.2534e+00 seconds
 Total time in simulation          = 3.5365e+01 seconds
   Time in transport only          = 3.5237e+01 seconds
   Time in inactive batches        = 7.0960e+00 seconds
   Time in active batches          = 2.8269e+01 seconds
   Time synchronizing fission bank = 2.3406e-02 seconds
     Sampling source sites         = 2.0401e-02 seconds
     SEND/RECV source sites        = 2.7552e-03 seconds
   Time accumulating tallies       = 5.6956e-02 seconds
   Time writing statepoints        = 1.7865e-02 seconds
 Total time for finalization       = 3.6807e-04 seconds
 Total time elapsed                = 4.1886e+01 seconds
 Calculation Rate (inactive)       = 11273.9 particles/second
 Calculation Rate (active)         = 5659.98 particles/second

 ============================>     RESULTS     <============================

 k-effective (Collision)     = 1.09526 +/- 0.00287
 k-effective (Track-length)  = 1.09465 +/- 0.00369
 k-effective (Absorption)    = 1.09309 +/- 0.00190
 Combined k-effective        = 1.09345 +/- 0.00170
 Leakage Fraction            = 0.00000 +/- 0.00000

 Creating state point openmc_simulation_n3.h5...
[t64a] threads 64, seed 1130245551, bu [0.0, 0.5, 1.5, 1.6]
[t64a] k 1.1157872707434484  1.094100498600056  1.090515619719172  1.0934489050782   (4.1 min)
                                %%%%%%%%%%%%%%%
                           %%%%%%%%%%%%%%%%%%%%%%%%
                        %%%%%%%%%%%%%%%%%%%%%%%%%%%%%%
                      %%%%%%%%%%%%%%%%%%%%%%%%%%%%%%%%%%
                    %%%%%%%%%%%%%%%%%%%%%%%%%%%%%%%%%%%%%%
                   %%%%%%%%%%%%%%%%%%%%%%%%%%%%%%%%%%%%%%%%
                                    %%%%%%%%%%%%%%%%%%%%%%%%
                                     %%%%%%%%%%%%%%%%%%%%%%%%
                 ###############      %%%%%%%%%%%%%%%%%%%%%%%%
                ##################     %%%%%%%%%%%%%%%%%%%%%%%
                ###################     %%%%%%%%%%%%%%%%%%%%%%%
                ####################     %%%%%%%%%%%%%%%%%%%%%%
                #####################     %%%%%%%%%%%%%%%%%%%%%
                ######################     %%%%%%%%%%%%%%%%%%%%
                #######################     %%%%%%%%%%%%%%%%%%
                 #######################     %%%%%%%%%%%%%%%%%
                 ######################     %%%%%%%%%%%%%%%%%
                  ####################     %%%%%%%%%%%%%%%%%
                    #################     %%%%%%%%%%%%%%%%%
                     ###############     %%%%%%%%%%%%%%%%
                       ############     %%%%%%%%%%%%%%%
                          ########     %%%%%%%%%%%%%%
                                      %%%%%%%%%%%

                 | The OpenMC Monte Carlo Code
       Copyright | 2011-2025 MIT, UChicago Argonne LLC, and contributors
         License | https://docs.openmc.org/en/latest/license.html
         Version | 0.15.3
     Commit Hash | 27e38e894697bb32a1dac7848d2618818b6b8daf
       Date/Time | 2026-09-26 20:04:57
   MPI Processes | 1
  OpenMP Threads | 64

 Reading settings XML file...
 Reading cross sections XML file...
 Reading chain file: /home/diogo/openmc_data/chain_endfb71_pwr.xml...
 Reading materials XML file...
 Reading geometry XML file...
 Reading H1 from /home/diogo/openmc_data/endfb-vii.1-hdf5/neutron/H1.h5
 Reading H2 from /home/diogo/openmc_data/endfb-vii.1-hdf5/neutron/H2.h5
 Reading B10 from /home/diogo/openmc_data/endfb-vii.1-hdf5/neutron/B10.h5
 Reading B11 from /home/diogo/openmc_data/endfb-vii.1-hdf5/neutron/B11.h5
 Reading O16 from /home/diogo/openmc_data/endfb-vii.1-hdf5/neutron/O16.h5
 Reading O17 from /home/diogo/openmc_data/endfb-vii.1-hdf5/neutron/O17.h5
 Reading Cr50 from /home/diogo/openmc_data/endfb-vii.1-hdf5/neutron/Cr50.h5
 Reading Cr52 from /home/diogo/openmc_data/endfb-vii.1-hdf5/neutron/Cr52.h5
 Reading Cr53 from /home/diogo/openmc_data/endfb-vii.1-hdf5/neutron/Cr53.h5
 Reading Cr54 from /home/diogo/openmc_data/endfb-vii.1-hdf5/neutron/Cr54.h5
 Reading Fe54 from /home/diogo/openmc_data/endfb-vii.1-hdf5/neutron/Fe54.h5
 Reading Fe56 from /home/diogo/openmc_data/endfb-vii.1-hdf5/neutron/Fe56.h5
 Reading Fe57 from /home/diogo/openmc_data/endfb-vii.1-hdf5/neutron/Fe57.h5
 Reading Fe58 from /home/diogo/openmc_data/endfb-vii.1-hdf5/neutron/Fe58.h5
 Reading Zr90 from /home/diogo/openmc_data/endfb-vii.1-hdf5/neutron/Zr90.h5
 Reading Zr91 from /home/diogo/openmc_data/endfb-vii.1-hdf5/neutron/Zr91.h5
 Reading Zr92 from /home/diogo/openmc_data/endfb-vii.1-hdf5/neutron/Zr92.h5
 Reading Zr94 from /home/diogo/openmc_data/endfb-vii.1-hdf5/neutron/Zr94.h5
 Reading Zr96 from /home/diogo/openmc_data/endfb-vii.1-hdf5/neutron/Zr96.h5
 Reading Sn112 from /home/diogo/openmc_data/endfb-vii.1-hdf5/neutron/Sn112.h5
 Reading Sn114 from /home/diogo/openmc_data/endfb-vii.1-hdf5/neutron/Sn114.h5
 Reading Sn115 from /home/diogo/openmc_data/endfb-vii.1-hdf5/neutron/Sn115.h5
 Reading Sn116 from /home/diogo/openmc_data/endfb-vii.1-hdf5/neutron/Sn116.h5
 Reading Sn117 from /home/diogo/openmc_data/endfb-vii.1-hdf5/neutron/Sn117.h5
 Reading Sn118 from /home/diogo/openmc_data/endfb-vii.1-hdf5/neutron/Sn118.h5
 Reading Sn119 from /home/diogo/openmc_data/endfb-vii.1-hdf5/neutron/Sn119.h5
 Reading Sn120 from /home/diogo/openmc_data/endfb-vii.1-hdf5/neutron/Sn120.h5
 Reading Sn122 from /home/diogo/openmc_data/endfb-vii.1-hdf5/neutron/Sn122.h5
 Reading Sn124 from /home/diogo/openmc_data/endfb-vii.1-hdf5/neutron/Sn124.h5
 Reading He3 from /home/diogo/openmc_data/endfb-vii.1-hdf5/neutron/He3.h5
 Reading He4 from /home/diogo/openmc_data/endfb-vii.1-hdf5/neutron/He4.h5
 Reading U234 from /home/diogo/openmc_data/endfb-vii.1-hdf5/neutron/U234.h5
 Reading U235 from /home/diogo/openmc_data/endfb-vii.1-hdf5/neutron/U235.h5
 Reading U238 from /home/diogo/openmc_data/endfb-vii.1-hdf5/neutron/U238.h5
 Reading Gd152 from /home/diogo/openmc_data/endfb-vii.1-hdf5/neutron/Gd152.h5
 Reading Gd154 from /home/diogo/openmc_data/endfb-vii.1-hdf5/neutron/Gd154.h5
 Reading Gd155 from /home/diogo/openmc_data/endfb-vii.1-hdf5/neutron/Gd155.h5
 Reading Gd156 from /home/diogo/openmc_data/endfb-vii.1-hdf5/neutron/Gd156.h5
 Reading Gd157 from /home/diogo/openmc_data/endfb-vii.1-hdf5/neutron/Gd157.h5
 Reading Gd158 from /home/diogo/openmc_data/endfb-vii.1-hdf5/neutron/Gd158.h5
 Reading Gd160 from /home/diogo/openmc_data/endfb-vii.1-hdf5/neutron/Gd160.h5
 Reading c_H_in_H2O from
 /home/diogo/openmc_data/endfb-vii.1-hdf5/neutron/c_H_in_H2O.h5
 Minimum neutron data temperature: 294 K
 Maximum neutron data temperature: 2500 K
 Reading tallies XML file...
 Preparing distributed cell instances...
 Reading plot XML file...
 Writing summary.h5 file...
[openmc.deplete] t=0.0 s, dt=4327203.051553669 s, source=1491105.972264863
 Reading H3 from /home/diogo/openmc_data/endfb-vii.1-hdf5/neutron/H3.h5
 Reading Li6 from /home/diogo/openmc_data/endfb-vii.1-hdf5/neutron/Li6.h5
 Reading Li7 from /home/diogo/openmc_data/endfb-vii.1-hdf5/neutron/Li7.h5
 Reading Be9 from /home/diogo/openmc_data/endfb-vii.1-hdf5/neutron/Be9.h5
 Reading N14 from /home/diogo/openmc_data/endfb-vii.1-hdf5/neutron/N14.h5
 Reading N15 from /home/diogo/openmc_data/endfb-vii.1-hdf5/neutron/N15.h5
 Reading F19 from /home/diogo/openmc_data/endfb-vii.1-hdf5/neutron/F19.h5
 Reading Na22 from /home/diogo/openmc_data/endfb-vii.1-hdf5/neutron/Na22.h5
 WARNING: Negative value(s) found on probability table for nuclide Na22 at 250K
 WARNING: Negative value(s) found on probability table for nuclide Na22 at 294K
 WARNING: Negative value(s) found on probability table for nuclide Na22 at 600K
 WARNING: Negative value(s) found on probability table for nuclide Na22 at 900K
 WARNING: Negative value(s) found on probability table for nuclide Na22 at 1200K
 WARNING: Negative value(s) found on probability table for nuclide Na22 at 2500K
 Reading Na23 from /home/diogo/openmc_data/endfb-vii.1-hdf5/neutron/Na23.h5
 Reading Mg24 from /home/diogo/openmc_data/endfb-vii.1-hdf5/neutron/Mg24.h5
 Reading Mg25 from /home/diogo/openmc_data/endfb-vii.1-hdf5/neutron/Mg25.h5
 Reading Mg26 from /home/diogo/openmc_data/endfb-vii.1-hdf5/neutron/Mg26.h5
 Reading Al27 from /home/diogo/openmc_data/endfb-vii.1-hdf5/neutron/Al27.h5
 Reading Si28 from /home/diogo/openmc_data/endfb-vii.1-hdf5/neutron/Si28.h5
 Reading Si29 from /home/diogo/openmc_data/endfb-vii.1-hdf5/neutron/Si29.h5
 Reading Si30 from /home/diogo/openmc_data/endfb-vii.1-hdf5/neutron/Si30.h5
 Reading P31 from /home/diogo/openmc_data/endfb-vii.1-hdf5/neutron/P31.h5
 Reading S32 from /home/diogo/openmc_data/endfb-vii.1-hdf5/neutron/S32.h5
 Reading S33 from /home/diogo/openmc_data/endfb-vii.1-hdf5/neutron/S33.h5
 Reading S34 from /home/diogo/openmc_data/endfb-vii.1-hdf5/neutron/S34.h5
 Reading S36 from /home/diogo/openmc_data/endfb-vii.1-hdf5/neutron/S36.h5
 Reading Cl35 from /home/diogo/openmc_data/endfb-vii.1-hdf5/neutron/Cl35.h5
 Reading Cl37 from /home/diogo/openmc_data/endfb-vii.1-hdf5/neutron/Cl37.h5
 Reading Ar36 from /home/diogo/openmc_data/endfb-vii.1-hdf5/neutron/Ar36.h5
 WARNING: Negative value(s) found on probability table for nuclide Ar36 at 250K
 WARNING: Negative value(s) found on probability table for nuclide Ar36 at 294K
 WARNING: Negative value(s) found on probability table for nuclide Ar36 at 600K
 WARNING: Negative value(s) found on probability table for nuclide Ar36 at 900K
 WARNING: Negative value(s) found on probability table for nuclide Ar36 at 1200K
 WARNING: Negative value(s) found on probability table for nuclide Ar36 at 2500K
 Reading Ar38 from /home/diogo/openmc_data/endfb-vii.1-hdf5/neutron/Ar38.h5
 Reading Ar40 from /home/diogo/openmc_data/endfb-vii.1-hdf5/neutron/Ar40.h5
 Reading K39 from /home/diogo/openmc_data/endfb-vii.1-hdf5/neutron/K39.h5
 Reading K40 from /home/diogo/openmc_data/endfb-vii.1-hdf5/neutron/K40.h5
 Reading K41 from /home/diogo/openmc_data/endfb-vii.1-hdf5/neutron/K41.h5
 Reading Ca40 from /home/diogo/openmc_data/endfb-vii.1-hdf5/neutron/Ca40.h5
 Reading Ca42 from /home/diogo/openmc_data/endfb-vii.1-hdf5/neutron/Ca42.h5
 Reading Ca43 from /home/diogo/openmc_data/endfb-vii.1-hdf5/neutron/Ca43.h5
 Reading Ca44 from /home/diogo/openmc_data/endfb-vii.1-hdf5/neutron/Ca44.h5
 Reading Ca46 from /home/diogo/openmc_data/endfb-vii.1-hdf5/neutron/Ca46.h5
 Reading Ca48 from /home/diogo/openmc_data/endfb-vii.1-hdf5/neutron/Ca48.h5
 Reading Sc45 from /home/diogo/openmc_data/endfb-vii.1-hdf5/neutron/Sc45.h5
 Reading Ti46 from /home/diogo/openmc_data/endfb-vii.1-hdf5/neutron/Ti46.h5
 Reading Ti47 from /home/diogo/openmc_data/endfb-vii.1-hdf5/neutron/Ti47.h5
 Reading Ti48 from /home/diogo/openmc_data/endfb-vii.1-hdf5/neutron/Ti48.h5
 Reading Ti49 from /home/diogo/openmc_data/endfb-vii.1-hdf5/neutron/Ti49.h5
 Reading Ti50 from /home/diogo/openmc_data/endfb-vii.1-hdf5/neutron/Ti50.h5
 Reading V50 from /home/diogo/openmc_data/endfb-vii.1-hdf5/neutron/V50.h5
 Reading V51 from /home/diogo/openmc_data/endfb-vii.1-hdf5/neutron/V51.h5
 Reading Mn55 from /home/diogo/openmc_data/endfb-vii.1-hdf5/neutron/Mn55.h5
 Reading Co58 from /home/diogo/openmc_data/endfb-vii.1-hdf5/neutron/Co58.h5
 Reading Co58_m1 from
 /home/diogo/openmc_data/endfb-vii.1-hdf5/neutron/Co58_m1.h5
 Reading Co59 from /home/diogo/openmc_data/endfb-vii.1-hdf5/neutron/Co59.h5
 Reading Ni58 from /home/diogo/openmc_data/endfb-vii.1-hdf5/neutron/Ni58.h5
 Reading Ni59 from /home/diogo/openmc_data/endfb-vii.1-hdf5/neutron/Ni59.h5
 Reading Ni60 from /home/diogo/openmc_data/endfb-vii.1-hdf5/neutron/Ni60.h5
 Reading Ni61 from /home/diogo/openmc_data/endfb-vii.1-hdf5/neutron/Ni61.h5
 Reading Ni62 from /home/diogo/openmc_data/endfb-vii.1-hdf5/neutron/Ni62.h5
 Reading Ni64 from /home/diogo/openmc_data/endfb-vii.1-hdf5/neutron/Ni64.h5
 Reading Cu63 from /home/diogo/openmc_data/endfb-vii.1-hdf5/neutron/Cu63.h5
 Reading Cu65 from /home/diogo/openmc_data/endfb-vii.1-hdf5/neutron/Cu65.h5
 Reading Zn64 from /home/diogo/openmc_data/endfb-vii.1-hdf5/neutron/Zn64.h5
 Reading Zn65 from /home/diogo/openmc_data/endfb-vii.1-hdf5/neutron/Zn65.h5
 Reading Zn66 from /home/diogo/openmc_data/endfb-vii.1-hdf5/neutron/Zn66.h5
 Reading Zn67 from /home/diogo/openmc_data/endfb-vii.1-hdf5/neutron/Zn67.h5
 Reading Zn68 from /home/diogo/openmc_data/endfb-vii.1-hdf5/neutron/Zn68.h5
 Reading Zn70 from /home/diogo/openmc_data/endfb-vii.1-hdf5/neutron/Zn70.h5
 Reading Ga69 from /home/diogo/openmc_data/endfb-vii.1-hdf5/neutron/Ga69.h5
 Reading Ga71 from /home/diogo/openmc_data/endfb-vii.1-hdf5/neutron/Ga71.h5
 Reading Ge70 from /home/diogo/openmc_data/endfb-vii.1-hdf5/neutron/Ge70.h5
 Reading Ge72 from /home/diogo/openmc_data/endfb-vii.1-hdf5/neutron/Ge72.h5
 Reading Ge73 from /home/diogo/openmc_data/endfb-vii.1-hdf5/neutron/Ge73.h5
 Reading Ge74 from /home/diogo/openmc_data/endfb-vii.1-hdf5/neutron/Ge74.h5
 Reading Ge76 from /home/diogo/openmc_data/endfb-vii.1-hdf5/neutron/Ge76.h5
 Reading As74 from /home/diogo/openmc_data/endfb-vii.1-hdf5/neutron/As74.h5
 Reading As75 from /home/diogo/openmc_data/endfb-vii.1-hdf5/neutron/As75.h5
 Reading Se74 from /home/diogo/openmc_data/endfb-vii.1-hdf5/neutron/Se74.h5
 Reading Se76 from /home/diogo/openmc_data/endfb-vii.1-hdf5/neutron/Se76.h5
 Reading Se77 from /home/diogo/openmc_data/endfb-vii.1-hdf5/neutron/Se77.h5
 Reading Se78 from /home/diogo/openmc_data/endfb-vii.1-hdf5/neutron/Se78.h5
 Reading Se79 from /home/diogo/openmc_data/endfb-vii.1-hdf5/neutron/Se79.h5
 WARNING: Negative value(s) found on probability table for nuclide Se79 at 250K
 WARNING: Negative value(s) found on probability table for nuclide Se79 at 294K
 WARNING: Negative value(s) found on probability table for nuclide Se79 at 600K
 WARNING: Negative value(s) found on probability table for nuclide Se79 at 900K
 WARNING: Negative value(s) found on probability table for nuclide Se79 at 1200K
 Reading Se80 from /home/diogo/openmc_data/endfb-vii.1-hdf5/neutron/Se80.h5
 Reading Se82 from /home/diogo/openmc_data/endfb-vii.1-hdf5/neutron/Se82.h5
 Reading Br79 from /home/diogo/openmc_data/endfb-vii.1-hdf5/neutron/Br79.h5
 Reading Br81 from /home/diogo/openmc_data/endfb-vii.1-hdf5/neutron/Br81.h5
 Reading Kr78 from /home/diogo/openmc_data/endfb-vii.1-hdf5/neutron/Kr78.h5
 Reading Kr80 from /home/diogo/openmc_data/endfb-vii.1-hdf5/neutron/Kr80.h5
 Reading Kr82 from /home/diogo/openmc_data/endfb-vii.1-hdf5/neutron/Kr82.h5
 Reading Kr83 from /home/diogo/openmc_data/endfb-vii.1-hdf5/neutron/Kr83.h5
 Reading Kr84 from /home/diogo/openmc_data/endfb-vii.1-hdf5/neutron/Kr84.h5
 Reading Kr85 from /home/diogo/openmc_data/endfb-vii.1-hdf5/neutron/Kr85.h5
 Reading Kr86 from /home/diogo/openmc_data/endfb-vii.1-hdf5/neutron/Kr86.h5
 Reading Rb85 from /home/diogo/openmc_data/endfb-vii.1-hdf5/neutron/Rb85.h5
 Reading Rb86 from /home/diogo/openmc_data/endfb-vii.1-hdf5/neutron/Rb86.h5
 Reading Rb87 from /home/diogo/openmc_data/endfb-vii.1-hdf5/neutron/Rb87.h5
 Reading Sr84 from /home/diogo/openmc_data/endfb-vii.1-hdf5/neutron/Sr84.h5
 Reading Sr86 from /home/diogo/openmc_data/endfb-vii.1-hdf5/neutron/Sr86.h5
 Reading Sr87 from /home/diogo/openmc_data/endfb-vii.1-hdf5/neutron/Sr87.h5
 Reading Sr88 from /home/diogo/openmc_data/endfb-vii.1-hdf5/neutron/Sr88.h5
 Reading Sr89 from /home/diogo/openmc_data/endfb-vii.1-hdf5/neutron/Sr89.h5
 Reading Sr90 from /home/diogo/openmc_data/endfb-vii.1-hdf5/neutron/Sr90.h5
 Reading Y89 from /home/diogo/openmc_data/endfb-vii.1-hdf5/neutron/Y89.h5
 Reading Y90 from /home/diogo/openmc_data/endfb-vii.1-hdf5/neutron/Y90.h5
 Reading Y91 from /home/diogo/openmc_data/endfb-vii.1-hdf5/neutron/Y91.h5
 Reading Zr93 from /home/diogo/openmc_data/endfb-vii.1-hdf5/neutron/Zr93.h5
 Reading Zr95 from /home/diogo/openmc_data/endfb-vii.1-hdf5/neutron/Zr95.h5
 Reading Nb93 from /home/diogo/openmc_data/endfb-vii.1-hdf5/neutron/Nb93.h5
 Reading Nb94 from /home/diogo/openmc_data/endfb-vii.1-hdf5/neutron/Nb94.h5
 WARNING: Negative value(s) found on probability table for nuclide Nb94 at 250K
 WARNING: Negative value(s) found on probability table for nuclide Nb94 at 294K
 WARNING: Negative value(s) found on probability table for nuclide Nb94 at 600K
 WARNING: Negative value(s) found on probability table for nuclide Nb94 at 900K
 WARNING: Negative value(s) found on probability table for nuclide Nb94 at 1200K
 WARNING: Negative value(s) found on probability table for nuclide Nb94 at 2500K
 Reading Nb95 from /home/diogo/openmc_data/endfb-vii.1-hdf5/neutron/Nb95.h5
 WARNING: Negative value(s) found on probability table for nuclide Nb95 at 250K
 WARNING: Negative value(s) found on probability table for nuclide Nb95 at 294K
 WARNING: Negative value(s) found on probability table for nuclide Nb95 at 600K
 WARNING: Negative value(s) found on probability table for nuclide Nb95 at 900K
 WARNING: Negative value(s) found on probability table for nuclide Nb95 at 1200K
 Reading Mo92 from /home/diogo/openmc_data/endfb-vii.1-hdf5/neutron/Mo92.h5
 Reading Mo94 from /home/diogo/openmc_data/endfb-vii.1-hdf5/neutron/Mo94.h5
 Reading Mo95 from /home/diogo/openmc_data/endfb-vii.1-hdf5/neutron/Mo95.h5
 Reading Mo96 from /home/diogo/openmc_data/endfb-vii.1-hdf5/neutron/Mo96.h5
 Reading Mo97 from /home/diogo/openmc_data/endfb-vii.1-hdf5/neutron/Mo97.h5
 Reading Mo98 from /home/diogo/openmc_data/endfb-vii.1-hdf5/neutron/Mo98.h5
 Reading Mo99 from /home/diogo/openmc_data/endfb-vii.1-hdf5/neutron/Mo99.h5
 WARNING: Negative value(s) found on probability table for nuclide Mo99 at 250K
 WARNING: Negative value(s) found on probability table for nuclide Mo99 at 294K
 WARNING: Negative value(s) found on probability table for nuclide Mo99 at 600K
 WARNING: Negative value(s) found on probability table for nuclide Mo99 at 900K
 WARNING: Negative value(s) found on probability table for nuclide Mo99 at 1200K
 WARNING: Negative value(s) found on probability table for nuclide Mo99 at 2500K
 Reading Mo100 from /home/diogo/openmc_data/endfb-vii.1-hdf5/neutron/Mo100.h5
 Reading Tc99 from /home/diogo/openmc_data/endfb-vii.1-hdf5/neutron/Tc99.h5
 Reading Ru96 from /home/diogo/openmc_data/endfb-vii.1-hdf5/neutron/Ru96.h5
 Reading Ru98 from /home/diogo/openmc_data/endfb-vii.1-hdf5/neutron/Ru98.h5
 Reading Ru99 from /home/diogo/openmc_data/endfb-vii.1-hdf5/neutron/Ru99.h5
 Reading Ru100 from /home/diogo/openmc_data/endfb-vii.1-hdf5/neutron/Ru100.h5
 Reading Ru101 from /home/diogo/openmc_data/endfb-vii.1-hdf5/neutron/Ru101.h5
 Reading Ru102 from /home/diogo/openmc_data/endfb-vii.1-hdf5/neutron/Ru102.h5
 Reading Ru103 from /home/diogo/openmc_data/endfb-vii.1-hdf5/neutron/Ru103.h5
 Reading Ru104 from /home/diogo/openmc_data/endfb-vii.1-hdf5/neutron/Ru104.h5
 Reading Ru105 from /home/diogo/openmc_data/endfb-vii.1-hdf5/neutron/Ru105.h5
 Reading Ru106 from /home/diogo/openmc_data/endfb-vii.1-hdf5/neutron/Ru106.h5
 Reading Rh103 from /home/diogo/openmc_data/endfb-vii.1-hdf5/neutron/Rh103.h5
 Reading Rh105 from /home/diogo/openmc_data/endfb-vii.1-hdf5/neutron/Rh105.h5
 Reading Pd102 from /home/diogo/openmc_data/endfb-vii.1-hdf5/neutron/Pd102.h5
 Reading Pd104 from /home/diogo/openmc_data/endfb-vii.1-hdf5/neutron/Pd104.h5
 Reading Pd105 from /home/diogo/openmc_data/endfb-vii.1-hdf5/neutron/Pd105.h5
 Reading Pd106 from /home/diogo/openmc_data/endfb-vii.1-hdf5/neutron/Pd106.h5
 Reading Pd107 from /home/diogo/openmc_data/endfb-vii.1-hdf5/neutron/Pd107.h5
 Reading Pd108 from /home/diogo/openmc_data/endfb-vii.1-hdf5/neutron/Pd108.h5
 Reading Pd110 from /home/diogo/openmc_data/endfb-vii.1-hdf5/neutron/Pd110.h5
 Reading Ag107 from /home/diogo/openmc_data/endfb-vii.1-hdf5/neutron/Ag107.h5
 Reading Ag109 from /home/diogo/openmc_data/endfb-vii.1-hdf5/neutron/Ag109.h5
 Reading Ag110_m1 from
 /home/diogo/openmc_data/endfb-vii.1-hdf5/neutron/Ag110_m1.h5
 Reading Ag111 from /home/diogo/openmc_data/endfb-vii.1-hdf5/neutron/Ag111.h5
 Reading Cd106 from /home/diogo/openmc_data/endfb-vii.1-hdf5/neutron/Cd106.h5
 WARNING: Negative value(s) found on probability table for nuclide Cd106 at 250K
 WARNING: Negative value(s) found on probability table for nuclide Cd106 at 294K
 WARNING: Negative value(s) found on probability table for nuclide Cd106 at 600K
 WARNING: Negative value(s) found on probability table for nuclide Cd106 at 900K
 WARNING: Negative value(s) found on probability table for nuclide Cd106 at
          1200K
 WARNING: Negative value(s) found on probability table for nuclide Cd106 at
          2500K
 Reading Cd108 from /home/diogo/openmc_data/endfb-vii.1-hdf5/neutron/Cd108.h5
 Reading Cd110 from /home/diogo/openmc_data/endfb-vii.1-hdf5/neutron/Cd110.h5
 Reading Cd111 from /home/diogo/openmc_data/endfb-vii.1-hdf5/neutron/Cd111.h5
 Reading Cd112 from /home/diogo/openmc_data/endfb-vii.1-hdf5/neutron/Cd112.h5
 Reading Cd113 from /home/diogo/openmc_data/endfb-vii.1-hdf5/neutron/Cd113.h5
 Reading Cd114 from /home/diogo/openmc_data/endfb-vii.1-hdf5/neutron/Cd114.h5
 Reading Cd115_m1 from
 /home/diogo/openmc_data/endfb-vii.1-hdf5/neutron/Cd115_m1.h5
 Reading Cd116 from /home/diogo/openmc_data/endfb-vii.1-hdf5/neutron/Cd116.h5
 Reading In113 from /home/diogo/openmc_data/endfb-vii.1-hdf5/neutron/In113.h5
 Reading In115 from /home/diogo/openmc_data/endfb-vii.1-hdf5/neutron/In115.h5
 Reading Sn113 from /home/diogo/openmc_data/endfb-vii.1-hdf5/neutron/Sn113.h5
 Reading Sn123 from /home/diogo/openmc_data/endfb-vii.1-hdf5/neutron/Sn123.h5
 WARNING: Negative value(s) found on probability table for nuclide Sn123 at 250K
 WARNING: Negative value(s) found on probability table for nuclide Sn123 at 294K
 WARNING: Negative value(s) found on probability table for nuclide Sn123 at 600K
 WARNING: Negative value(s) found on probability table for nuclide Sn123 at 900K
 WARNING: Negative value(s) found on probability table for nuclide Sn123 at
          1200K
 WARNING: Negative value(s) found on probability table for nuclide Sn123 at
          2500K
 Reading Sn125 from /home/diogo/openmc_data/endfb-vii.1-hdf5/neutron/Sn125.h5
 Reading Sn126 from /home/diogo/openmc_data/endfb-vii.1-hdf5/neutron/Sn126.h5
 Reading Sb121 from /home/diogo/openmc_data/endfb-vii.1-hdf5/neutron/Sb121.h5
 Reading Sb123 from /home/diogo/openmc_data/endfb-vii.1-hdf5/neutron/Sb123.h5
 Reading Sb124 from /home/diogo/openmc_data/endfb-vii.1-hdf5/neutron/Sb124.h5
 Reading Sb125 from /home/diogo/openmc_data/endfb-vii.1-hdf5/neutron/Sb125.h5
 Reading Sb126 from /home/diogo/openmc_data/endfb-vii.1-hdf5/neutron/Sb126.h5
 Reading Te120 from /home/diogo/openmc_data/endfb-vii.1-hdf5/neutron/Te120.h5
 WARNING: Negative value(s) found on probability table for nuclide Te120 at 600K
 WARNING: Negative value(s) found on probability table for nuclide Te120 at 900K
 WARNING: Negative value(s) found on probability table for nuclide Te120 at
          1200K
 WARNING: Negative value(s) found on probability table for nuclide Te120 at
          2500K
 Reading Te122 from /home/diogo/openmc_data/endfb-vii.1-hdf5/neutron/Te122.h5
 Reading Te123 from /home/diogo/openmc_data/endfb-vii.1-hdf5/neutron/Te123.h5
 Reading Te124 from /home/diogo/openmc_data/endfb-vii.1-hdf5/neutron/Te124.h5
 Reading Te125 from /home/diogo/openmc_data/endfb-vii.1-hdf5/neutron/Te125.h5
 Reading Te126 from /home/diogo/openmc_data/endfb-vii.1-hdf5/neutron/Te126.h5
 Reading Te127_m1 from
 /home/diogo/openmc_data/endfb-vii.1-hdf5/neutron/Te127_m1.h5
 Reading Te128 from /home/diogo/openmc_data/endfb-vii.1-hdf5/neutron/Te128.h5
 Reading Te129_m1 from
 /home/diogo/openmc_data/endfb-vii.1-hdf5/neutron/Te129_m1.h5
 Reading Te130 from /home/diogo/openmc_data/endfb-vii.1-hdf5/neutron/Te130.h5
 Reading Te132 from /home/diogo/openmc_data/endfb-vii.1-hdf5/neutron/Te132.h5
 Reading I127 from /home/diogo/openmc_data/endfb-vii.1-hdf5/neutron/I127.h5
 Reading I129 from /home/diogo/openmc_data/endfb-vii.1-hdf5/neutron/I129.h5
 Reading I130 from /home/diogo/openmc_data/endfb-vii.1-hdf5/neutron/I130.h5
 Reading I131 from /home/diogo/openmc_data/endfb-vii.1-hdf5/neutron/I131.h5
 WARNING: Negative value(s) found on probability table for nuclide I131 at 250K
 WARNING: Negative value(s) found on probability table for nuclide I131 at 294K
 WARNING: Negative value(s) found on probability table for nuclide I131 at 600K
 WARNING: Negative value(s) found on probability table for nuclide I131 at 900K
 WARNING: Negative value(s) found on probability table for nuclide I131 at 1200K
 WARNING: Negative value(s) found on probability table for nuclide I131 at 2500K
 Reading I135 from /home/diogo/openmc_data/endfb-vii.1-hdf5/neutron/I135.h5
 Reading Xe123 from /home/diogo/openmc_data/endfb-vii.1-hdf5/neutron/Xe123.h5
 Reading Xe124 from /home/diogo/openmc_data/endfb-vii.1-hdf5/neutron/Xe124.h5
 Reading Xe126 from /home/diogo/openmc_data/endfb-vii.1-hdf5/neutron/Xe126.h5
 Reading Xe128 from /home/diogo/openmc_data/endfb-vii.1-hdf5/neutron/Xe128.h5
 Reading Xe129 from /home/diogo/openmc_data/endfb-vii.1-hdf5/neutron/Xe129.h5
 Reading Xe130 from /home/diogo/openmc_data/endfb-vii.1-hdf5/neutron/Xe130.h5
 Reading Xe131 from /home/diogo/openmc_data/endfb-vii.1-hdf5/neutron/Xe131.h5
 Reading Xe132 from /home/diogo/openmc_data/endfb-vii.1-hdf5/neutron/Xe132.h5
 Reading Xe133 from /home/diogo/openmc_data/endfb-vii.1-hdf5/neutron/Xe133.h5
 WARNING: Negative value(s) found on probability table for nuclide Xe133 at
          2500K
 Reading Xe134 from /home/diogo/openmc_data/endfb-vii.1-hdf5/neutron/Xe134.h5
 Reading Xe135 from /home/diogo/openmc_data/endfb-vii.1-hdf5/neutron/Xe135.h5
 Reading Xe136 from /home/diogo/openmc_data/endfb-vii.1-hdf5/neutron/Xe136.h5
 Reading Cs133 from /home/diogo/openmc_data/endfb-vii.1-hdf5/neutron/Cs133.h5
 Reading Cs134 from /home/diogo/openmc_data/endfb-vii.1-hdf5/neutron/Cs134.h5
 Reading Cs135 from /home/diogo/openmc_data/endfb-vii.1-hdf5/neutron/Cs135.h5
 Reading Cs136 from /home/diogo/openmc_data/endfb-vii.1-hdf5/neutron/Cs136.h5
 WARNING: Negative value(s) found on probability table for nuclide Cs136 at 250K
 WARNING: Negative value(s) found on probability table for nuclide Cs136 at 294K
 WARNING: Negative value(s) found on probability table for nuclide Cs136 at 600K
 WARNING: Negative value(s) found on probability table for nuclide Cs136 at 900K
 WARNING: Negative value(s) found on probability table for nuclide Cs136 at
          1200K
 WARNING: Negative value(s) found on probability table for nuclide Cs136 at
          2500K
 Reading Cs137 from /home/diogo/openmc_data/endfb-vii.1-hdf5/neutron/Cs137.h5
 Reading Ba130 from /home/diogo/openmc_data/endfb-vii.1-hdf5/neutron/Ba130.h5
 Reading Ba132 from /home/diogo/openmc_data/endfb-vii.1-hdf5/neutron/Ba132.h5
 Reading Ba133 from /home/diogo/openmc_data/endfb-vii.1-hdf5/neutron/Ba133.h5
 Reading Ba134 from /home/diogo/openmc_data/endfb-vii.1-hdf5/neutron/Ba134.h5
 Reading Ba135 from /home/diogo/openmc_data/endfb-vii.1-hdf5/neutron/Ba135.h5
 Reading Ba136 from /home/diogo/openmc_data/endfb-vii.1-hdf5/neutron/Ba136.h5
 Reading Ba137 from /home/diogo/openmc_data/endfb-vii.1-hdf5/neutron/Ba137.h5
 Reading Ba138 from /home/diogo/openmc_data/endfb-vii.1-hdf5/neutron/Ba138.h5
 Reading Ba140 from /home/diogo/openmc_data/endfb-vii.1-hdf5/neutron/Ba140.h5
 Reading La138 from /home/diogo/openmc_data/endfb-vii.1-hdf5/neutron/La138.h5
 Reading La139 from /home/diogo/openmc_data/endfb-vii.1-hdf5/neutron/La139.h5
 Reading La140 from /home/diogo/openmc_data/endfb-vii.1-hdf5/neutron/La140.h5
 Reading Ce136 from /home/diogo/openmc_data/endfb-vii.1-hdf5/neutron/Ce136.h5
 Reading Ce138 from /home/diogo/openmc_data/endfb-vii.1-hdf5/neutron/Ce138.h5
 Reading Ce139 from /home/diogo/openmc_data/endfb-vii.1-hdf5/neutron/Ce139.h5
 Reading Ce140 from /home/diogo/openmc_data/endfb-vii.1-hdf5/neutron/Ce140.h5
 Reading Ce141 from /home/diogo/openmc_data/endfb-vii.1-hdf5/neutron/Ce141.h5
 Reading Ce142 from /home/diogo/openmc_data/endfb-vii.1-hdf5/neutron/Ce142.h5
 Reading Ce143 from /home/diogo/openmc_data/endfb-vii.1-hdf5/neutron/Ce143.h5
 Reading Ce144 from /home/diogo/openmc_data/endfb-vii.1-hdf5/neutron/Ce144.h5
 Reading Pr141 from /home/diogo/openmc_data/endfb-vii.1-hdf5/neutron/Pr141.h5
 Reading Pr142 from /home/diogo/openmc_data/endfb-vii.1-hdf5/neutron/Pr142.h5
 Reading Pr143 from /home/diogo/openmc_data/endfb-vii.1-hdf5/neutron/Pr143.h5
 Reading Nd142 from /home/diogo/openmc_data/endfb-vii.1-hdf5/neutron/Nd142.h5
 Reading Nd143 from /home/diogo/openmc_data/endfb-vii.1-hdf5/neutron/Nd143.h5
 Reading Nd144 from /home/diogo/openmc_data/endfb-vii.1-hdf5/neutron/Nd144.h5
 Reading Nd145 from /home/diogo/openmc_data/endfb-vii.1-hdf5/neutron/Nd145.h5
 Reading Nd146 from /home/diogo/openmc_data/endfb-vii.1-hdf5/neutron/Nd146.h5
 Reading Nd147 from /home/diogo/openmc_data/endfb-vii.1-hdf5/neutron/Nd147.h5
 Reading Nd148 from /home/diogo/openmc_data/endfb-vii.1-hdf5/neutron/Nd148.h5
 Reading Nd150 from /home/diogo/openmc_data/endfb-vii.1-hdf5/neutron/Nd150.h5
 Reading Pm147 from /home/diogo/openmc_data/endfb-vii.1-hdf5/neutron/Pm147.h5
 Reading Pm148 from /home/diogo/openmc_data/endfb-vii.1-hdf5/neutron/Pm148.h5
 Reading Pm148_m1 from
 /home/diogo/openmc_data/endfb-vii.1-hdf5/neutron/Pm148_m1.h5
 Reading Pm149 from /home/diogo/openmc_data/endfb-vii.1-hdf5/neutron/Pm149.h5
 Reading Pm151 from /home/diogo/openmc_data/endfb-vii.1-hdf5/neutron/Pm151.h5
 Reading Sm144 from /home/diogo/openmc_data/endfb-vii.1-hdf5/neutron/Sm144.h5
 Reading Sm147 from /home/diogo/openmc_data/endfb-vii.1-hdf5/neutron/Sm147.h5
 Reading Sm148 from /home/diogo/openmc_data/endfb-vii.1-hdf5/neutron/Sm148.h5
 Reading Sm149 from /home/diogo/openmc_data/endfb-vii.1-hdf5/neutron/Sm149.h5
 Reading Sm150 from /home/diogo/openmc_data/endfb-vii.1-hdf5/neutron/Sm150.h5
 Reading Sm151 from /home/diogo/openmc_data/endfb-vii.1-hdf5/neutron/Sm151.h5
 Reading Sm152 from /home/diogo/openmc_data/endfb-vii.1-hdf5/neutron/Sm152.h5
 Reading Sm153 from /home/diogo/openmc_data/endfb-vii.1-hdf5/neutron/Sm153.h5
 Reading Sm154 from /home/diogo/openmc_data/endfb-vii.1-hdf5/neutron/Sm154.h5
 Reading Eu151 from /home/diogo/openmc_data/endfb-vii.1-hdf5/neutron/Eu151.h5
 Reading Eu152 from /home/diogo/openmc_data/endfb-vii.1-hdf5/neutron/Eu152.h5
 Reading Eu153 from /home/diogo/openmc_data/endfb-vii.1-hdf5/neutron/Eu153.h5
 Reading Eu154 from /home/diogo/openmc_data/endfb-vii.1-hdf5/neutron/Eu154.h5
 Reading Eu155 from /home/diogo/openmc_data/endfb-vii.1-hdf5/neutron/Eu155.h5
 Reading Eu156 from /home/diogo/openmc_data/endfb-vii.1-hdf5/neutron/Eu156.h5
 WARNING: Negative value(s) found on probability table for nuclide Eu156 at 250K
 WARNING: Negative value(s) found on probability table for nuclide Eu156 at 294K
 WARNING: Negative value(s) found on probability table for nuclide Eu156 at 600K
 WARNING: Negative value(s) found on probability table for nuclide Eu156 at 900K
 WARNING: Negative value(s) found on probability table for nuclide Eu156 at
          1200K
 WARNING: Negative value(s) found on probability table for nuclide Eu156 at
          2500K
 Reading Eu157 from /home/diogo/openmc_data/endfb-vii.1-hdf5/neutron/Eu157.h5
 Reading Gd153 from /home/diogo/openmc_data/endfb-vii.1-hdf5/neutron/Gd153.h5
 Reading Tb159 from /home/diogo/openmc_data/endfb-vii.1-hdf5/neutron/Tb159.h5
 Reading Tb160 from /home/diogo/openmc_data/endfb-vii.1-hdf5/neutron/Tb160.h5
 Reading Dy156 from /home/diogo/openmc_data/endfb-vii.1-hdf5/neutron/Dy156.h5
 Reading Dy158 from /home/diogo/openmc_data/endfb-vii.1-hdf5/neutron/Dy158.h5
 Reading Dy160 from /home/diogo/openmc_data/endfb-vii.1-hdf5/neutron/Dy160.h5
 Reading Dy161 from /home/diogo/openmc_data/endfb-vii.1-hdf5/neutron/Dy161.h5
 Reading Dy162 from /home/diogo/openmc_data/endfb-vii.1-hdf5/neutron/Dy162.h5
 Reading Dy163 from /home/diogo/openmc_data/endfb-vii.1-hdf5/neutron/Dy163.h5
 Reading Dy164 from /home/diogo/openmc_data/endfb-vii.1-hdf5/neutron/Dy164.h5
 Reading Ho165 from /home/diogo/openmc_data/endfb-vii.1-hdf5/neutron/Ho165.h5
 Reading Ho166_m1 from
 /home/diogo/openmc_data/endfb-vii.1-hdf5/neutron/Ho166_m1.h5
 Reading Er162 from /home/diogo/openmc_data/endfb-vii.1-hdf5/neutron/Er162.h5
 Reading Er164 from /home/diogo/openmc_data/endfb-vii.1-hdf5/neutron/Er164.h5
 Reading Er166 from /home/diogo/openmc_data/endfb-vii.1-hdf5/neutron/Er166.h5
 Reading Er167 from /home/diogo/openmc_data/endfb-vii.1-hdf5/neutron/Er167.h5
 Reading Er168 from /home/diogo/openmc_data/endfb-vii.1-hdf5/neutron/Er168.h5
 Reading Er170 from /home/diogo/openmc_data/endfb-vii.1-hdf5/neutron/Er170.h5
 Reading Tm168 from /home/diogo/openmc_data/endfb-vii.1-hdf5/neutron/Tm168.h5
 Reading Tm169 from /home/diogo/openmc_data/endfb-vii.1-hdf5/neutron/Tm169.h5
 Reading Tm170 from /home/diogo/openmc_data/endfb-vii.1-hdf5/neutron/Tm170.h5
 Reading Lu175 from /home/diogo/openmc_data/endfb-vii.1-hdf5/neutron/Lu175.h5
 Reading Lu176 from /home/diogo/openmc_data/endfb-vii.1-hdf5/neutron/Lu176.h5
 Reading Hf174 from /home/diogo/openmc_data/endfb-vii.1-hdf5/neutron/Hf174.h5
 Reading Hf176 from /home/diogo/openmc_data/endfb-vii.1-hdf5/neutron/Hf176.h5
 Reading Hf177 from /home/diogo/openmc_data/endfb-vii.1-hdf5/neutron/Hf177.h5
 Reading Hf178 from /home/diogo/openmc_data/endfb-vii.1-hdf5/neutron/Hf178.h5
 Reading Hf179 from /home/diogo/openmc_data/endfb-vii.1-hdf5/neutron/Hf179.h5
 Reading Hf180 from /home/diogo/openmc_data/endfb-vii.1-hdf5/neutron/Hf180.h5
 Reading Ta180 from /home/diogo/openmc_data/endfb-vii.1-hdf5/neutron/Ta180.h5
 Reading Ta181 from /home/diogo/openmc_data/endfb-vii.1-hdf5/neutron/Ta181.h5
 Reading Ta182 from /home/diogo/openmc_data/endfb-vii.1-hdf5/neutron/Ta182.h5
 Reading W180 from /home/diogo/openmc_data/endfb-vii.1-hdf5/neutron/W180.h5
 Reading W182 from /home/diogo/openmc_data/endfb-vii.1-hdf5/neutron/W182.h5
 Reading W183 from /home/diogo/openmc_data/endfb-vii.1-hdf5/neutron/W183.h5
 Reading W184 from /home/diogo/openmc_data/endfb-vii.1-hdf5/neutron/W184.h5
 Reading W186 from /home/diogo/openmc_data/endfb-vii.1-hdf5/neutron/W186.h5
 Reading Re185 from /home/diogo/openmc_data/endfb-vii.1-hdf5/neutron/Re185.h5
 Reading Re187 from /home/diogo/openmc_data/endfb-vii.1-hdf5/neutron/Re187.h5
 Reading Ir191 from /home/diogo/openmc_data/endfb-vii.1-hdf5/neutron/Ir191.h5
 Reading Ir193 from /home/diogo/openmc_data/endfb-vii.1-hdf5/neutron/Ir193.h5
 Reading Au197 from /home/diogo/openmc_data/endfb-vii.1-hdf5/neutron/Au197.h5
 Reading Hg196 from /home/diogo/openmc_data/endfb-vii.1-hdf5/neutron/Hg196.h5
 Reading Hg198 from /home/diogo/openmc_data/endfb-vii.1-hdf5/neutron/Hg198.h5
 Reading Hg199 from /home/diogo/openmc_data/endfb-vii.1-hdf5/neutron/Hg199.h5
 Reading Hg200 from /home/diogo/openmc_data/endfb-vii.1-hdf5/neutron/Hg200.h5
 Reading Hg201 from /home/diogo/openmc_data/endfb-vii.1-hdf5/neutron/Hg201.h5
 Reading Hg202 from /home/diogo/openmc_data/endfb-vii.1-hdf5/neutron/Hg202.h5
 Reading Hg204 from /home/diogo/openmc_data/endfb-vii.1-hdf5/neutron/Hg204.h5
 Reading Tl203 from /home/diogo/openmc_data/endfb-vii.1-hdf5/neutron/Tl203.h5
 Reading Tl205 from /home/diogo/openmc_data/endfb-vii.1-hdf5/neutron/Tl205.h5
 Reading Pb204 from /home/diogo/openmc_data/endfb-vii.1-hdf5/neutron/Pb204.h5
 Reading Pb206 from /home/diogo/openmc_data/endfb-vii.1-hdf5/neutron/Pb206.h5
 Reading Pb207 from /home/diogo/openmc_data/endfb-vii.1-hdf5/neutron/Pb207.h5
 Reading Pb208 from /home/diogo/openmc_data/endfb-vii.1-hdf5/neutron/Pb208.h5
 Reading Bi209 from /home/diogo/openmc_data/endfb-vii.1-hdf5/neutron/Bi209.h5
 Reading Ra223 from /home/diogo/openmc_data/endfb-vii.1-hdf5/neutron/Ra223.h5
 Reading Ra224 from /home/diogo/openmc_data/endfb-vii.1-hdf5/neutron/Ra224.h5
 Reading Ra225 from /home/diogo/openmc_data/endfb-vii.1-hdf5/neutron/Ra225.h5
 Reading Ra226 from /home/diogo/openmc_data/endfb-vii.1-hdf5/neutron/Ra226.h5
 Reading Ac225 from /home/diogo/openmc_data/endfb-vii.1-hdf5/neutron/Ac225.h5
 Reading Ac226 from /home/diogo/openmc_data/endfb-vii.1-hdf5/neutron/Ac226.h5
 Reading Ac227 from /home/diogo/openmc_data/endfb-vii.1-hdf5/neutron/Ac227.h5
 Reading Th227 from /home/diogo/openmc_data/endfb-vii.1-hdf5/neutron/Th227.h5
 Reading Th228 from /home/diogo/openmc_data/endfb-vii.1-hdf5/neutron/Th228.h5
 Reading Th229 from /home/diogo/openmc_data/endfb-vii.1-hdf5/neutron/Th229.h5
 Reading Th230 from /home/diogo/openmc_data/endfb-vii.1-hdf5/neutron/Th230.h5
 Reading Th231 from /home/diogo/openmc_data/endfb-vii.1-hdf5/neutron/Th231.h5
 Reading Th232 from /home/diogo/openmc_data/endfb-vii.1-hdf5/neutron/Th232.h5
 Reading Th233 from /home/diogo/openmc_data/endfb-vii.1-hdf5/neutron/Th233.h5
 Reading Th234 from /home/diogo/openmc_data/endfb-vii.1-hdf5/neutron/Th234.h5
 Reading Pa229 from /home/diogo/openmc_data/endfb-vii.1-hdf5/neutron/Pa229.h5
 Reading Pa230 from /home/diogo/openmc_data/endfb-vii.1-hdf5/neutron/Pa230.h5
 Reading Pa231 from /home/diogo/openmc_data/endfb-vii.1-hdf5/neutron/Pa231.h5
 Reading Pa232 from /home/diogo/openmc_data/endfb-vii.1-hdf5/neutron/Pa232.h5
 Reading Pa233 from /home/diogo/openmc_data/endfb-vii.1-hdf5/neutron/Pa233.h5
 Reading U230 from /home/diogo/openmc_data/endfb-vii.1-hdf5/neutron/U230.h5
 Reading U231 from /home/diogo/openmc_data/endfb-vii.1-hdf5/neutron/U231.h5
 Reading U232 from /home/diogo/openmc_data/endfb-vii.1-hdf5/neutron/U232.h5
 Reading U233 from /home/diogo/openmc_data/endfb-vii.1-hdf5/neutron/U233.h5
 Reading U236 from /home/diogo/openmc_data/endfb-vii.1-hdf5/neutron/U236.h5
 Reading U237 from /home/diogo/openmc_data/endfb-vii.1-hdf5/neutron/U237.h5
 Reading U239 from /home/diogo/openmc_data/endfb-vii.1-hdf5/neutron/U239.h5
 Reading U240 from /home/diogo/openmc_data/endfb-vii.1-hdf5/neutron/U240.h5
 Reading U241 from /home/diogo/openmc_data/endfb-vii.1-hdf5/neutron/U241.h5
 Reading Np234 from /home/diogo/openmc_data/endfb-vii.1-hdf5/neutron/Np234.h5
 Reading Np235 from /home/diogo/openmc_data/endfb-vii.1-hdf5/neutron/Np235.h5
 Reading Np236 from /home/diogo/openmc_data/endfb-vii.1-hdf5/neutron/Np236.h5
 Reading Np237 from /home/diogo/openmc_data/endfb-vii.1-hdf5/neutron/Np237.h5
 Reading Np238 from /home/diogo/openmc_data/endfb-vii.1-hdf5/neutron/Np238.h5
 Reading Np239 from /home/diogo/openmc_data/endfb-vii.1-hdf5/neutron/Np239.h5
 Reading Pu236 from /home/diogo/openmc_data/endfb-vii.1-hdf5/neutron/Pu236.h5
 Reading Pu237 from /home/diogo/openmc_data/endfb-vii.1-hdf5/neutron/Pu237.h5
 Reading Pu238 from /home/diogo/openmc_data/endfb-vii.1-hdf5/neutron/Pu238.h5
 Reading Pu239 from /home/diogo/openmc_data/endfb-vii.1-hdf5/neutron/Pu239.h5
 Reading Pu240 from /home/diogo/openmc_data/endfb-vii.1-hdf5/neutron/Pu240.h5
 Reading Pu241 from /home/diogo/openmc_data/endfb-vii.1-hdf5/neutron/Pu241.h5
 Reading Pu242 from /home/diogo/openmc_data/endfb-vii.1-hdf5/neutron/Pu242.h5
 Reading Pu243 from /home/diogo/openmc_data/endfb-vii.1-hdf5/neutron/Pu243.h5
 Reading Pu244 from /home/diogo/openmc_data/endfb-vii.1-hdf5/neutron/Pu244.h5
 Reading Pu246 from /home/diogo/openmc_data/endfb-vii.1-hdf5/neutron/Pu246.h5
 Reading Am240 from /home/diogo/openmc_data/endfb-vii.1-hdf5/neutron/Am240.h5
 Reading Am241 from /home/diogo/openmc_data/endfb-vii.1-hdf5/neutron/Am241.h5
 Reading Am242 from /home/diogo/openmc_data/endfb-vii.1-hdf5/neutron/Am242.h5
 Reading Am242_m1 from
 /home/diogo/openmc_data/endfb-vii.1-hdf5/neutron/Am242_m1.h5
 Reading Am243 from /home/diogo/openmc_data/endfb-vii.1-hdf5/neutron/Am243.h5
 Reading Am244 from /home/diogo/openmc_data/endfb-vii.1-hdf5/neutron/Am244.h5
 Reading Am244_m1 from
 /home/diogo/openmc_data/endfb-vii.1-hdf5/neutron/Am244_m1.h5
 Reading Cm240 from /home/diogo/openmc_data/endfb-vii.1-hdf5/neutron/Cm240.h5
 Reading Cm241 from /home/diogo/openmc_data/endfb-vii.1-hdf5/neutron/Cm241.h5
 Reading Cm242 from /home/diogo/openmc_data/endfb-vii.1-hdf5/neutron/Cm242.h5
 Reading Cm243 from /home/diogo/openmc_data/endfb-vii.1-hdf5/neutron/Cm243.h5
 Reading Cm244 from /home/diogo/openmc_data/endfb-vii.1-hdf5/neutron/Cm244.h5
 Reading Cm245 from /home/diogo/openmc_data/endfb-vii.1-hdf5/neutron/Cm245.h5
 Reading Cm246 from /home/diogo/openmc_data/endfb-vii.1-hdf5/neutron/Cm246.h5
 Reading Cm247 from /home/diogo/openmc_data/endfb-vii.1-hdf5/neutron/Cm247.h5
 Reading Cm248 from /home/diogo/openmc_data/endfb-vii.1-hdf5/neutron/Cm248.h5
 Reading Cm249 from /home/diogo/openmc_data/endfb-vii.1-hdf5/neutron/Cm249.h5
 Reading Cm250 from /home/diogo/openmc_data/endfb-vii.1-hdf5/neutron/Cm250.h5
 Reading Bk245 from /home/diogo/openmc_data/endfb-vii.1-hdf5/neutron/Bk245.h5
 Reading Bk246 from /home/diogo/openmc_data/endfb-vii.1-hdf5/neutron/Bk246.h5
 Reading Bk247 from /home/diogo/openmc_data/endfb-vii.1-hdf5/neutron/Bk247.h5
 Reading Bk248 from /home/diogo/openmc_data/endfb-vii.1-hdf5/neutron/Bk248.h5
 Reading Bk249 from /home/diogo/openmc_data/endfb-vii.1-hdf5/neutron/Bk249.h5
 Reading Bk250 from /home/diogo/openmc_data/endfb-vii.1-hdf5/neutron/Bk250.h5
 Reading Cf246 from /home/diogo/openmc_data/endfb-vii.1-hdf5/neutron/Cf246.h5
 Reading Cf248 from /home/diogo/openmc_data/endfb-vii.1-hdf5/neutron/Cf248.h5
 Reading Cf249 from /home/diogo/openmc_data/endfb-vii.1-hdf5/neutron/Cf249.h5
 Reading Cf250 from /home/diogo/openmc_data/endfb-vii.1-hdf5/neutron/Cf250.h5
 WARNING: Negative value(s) found on probability table for nuclide Cf250 at 250K
 WARNING: Negative value(s) found on probability table for nuclide Cf250 at 294K
 WARNING: Negative value(s) found on probability table for nuclide Cf250 at 900K
 WARNING: Negative value(s) found on probability table for nuclide Cf250 at
          1200K
 Reading Cf251 from /home/diogo/openmc_data/endfb-vii.1-hdf5/neutron/Cf251.h5
 Reading Cf252 from /home/diogo/openmc_data/endfb-vii.1-hdf5/neutron/Cf252.h5
 Reading Cf253 from /home/diogo/openmc_data/endfb-vii.1-hdf5/neutron/Cf253.h5
 Reading Cf254 from /home/diogo/openmc_data/endfb-vii.1-hdf5/neutron/Cf254.h5
 Reading Es251 from /home/diogo/openmc_data/endfb-vii.1-hdf5/neutron/Es251.h5
 Reading Es252 from /home/diogo/openmc_data/endfb-vii.1-hdf5/neutron/Es252.h5
 Reading Es253 from /home/diogo/openmc_data/endfb-vii.1-hdf5/neutron/Es253.h5
 Reading Es254 from /home/diogo/openmc_data/endfb-vii.1-hdf5/neutron/Es254.h5
 Reading Es254_m1 from
 /home/diogo/openmc_data/endfb-vii.1-hdf5/neutron/Es254_m1.h5
 Reading Es255 from /home/diogo/openmc_data/endfb-vii.1-hdf5/neutron/Es255.h5
 Reading Fm255 from /home/diogo/openmc_data/endfb-vii.1-hdf5/neutron/Fm255.h5
 Maximum neutron transport energy: 20000000 eV for H1
 Initializing source particles...

 ====================>     K EIGENVALUE SIMULATION     <====================

  Bat./Gen.      k       Entropy         Average k 
  =========   ========   ========   ====================
        1/1    1.12247    5.97238
        2/1    1.09976    5.96749
        3/1    1.09782    5.96881
        4/1    1.07326    5.97156
        5/1    1.12415    5.96412
        6/1    1.13125    5.96861
        7/1    1.11403    5.96428
        8/1    1.10971    5.96220
        9/1    1.09615    5.96588
       10/1    1.08772    5.96480
       11/1    1.08223    5.96088
       12/1    1.12118    5.96581
       13/1    1.10799    5.97795
       14/1    1.14606    5.95900
       15/1    1.13239    5.97015
       16/1    1.14128    5.96479
       17/1    1.09792    5.96621
       18/1    1.07752    5.95814
       19/1    1.12055    5.96331
       20/1    1.07894    5.95557
       21/1    1.09286    5.96858
       22/1    1.14899    5.97394    1.12093 +/- 0.02807
       23/1    1.13474    5.95707    1.12553 +/- 0.01684
       24/1    1.13572    5.96509    1.12808 +/- 0.01218
       25/1    1.07075    5.96533    1.11661 +/- 0.01485
       26/1    1.11026    5.97076    1.11555 +/- 0.01217
       27/1    1.14157    5.96426    1.11927 +/- 0.01094
       28/1    1.08049    5.96788    1.11442 +/- 0.01064
       29/1    1.07793    5.96366    1.11037 +/- 0.01022
       30/1    1.12011    5.96405    1.11134 +/- 0.00919
       31/1    1.14801    5.96666    1.11467 +/- 0.00896
       32/1    1.15660    5.96854    1.11817 +/- 0.00889
       33/1    1.14761    5.96000    1.12043 +/- 0.00849
       34/1    1.12248    5.96969    1.12058 +/- 0.00786
       35/1    1.12700    5.97004    1.12101 +/- 0.00733
       36/1    1.08624    5.97387    1.11883 +/- 0.00719
       37/1    1.10077    5.96170    1.11777 +/- 0.00684
       38/1    1.11202    5.97141    1.11745 +/- 0.00646
       39/1    1.11824    5.96437    1.11749 +/- 0.00611
       40/1    1.08846    5.96261    1.11604 +/- 0.00597
       41/1    1.11606    5.96821    1.11604 +/- 0.00568
       42/1    1.13435    5.95644    1.11688 +/- 0.00548
       43/1    1.08389    5.97082    1.11544 +/- 0.00543
       44/1    1.11145    5.96796    1.11527 +/- 0.00520
       45/1    1.13063    5.96655    1.11589 +/- 0.00503
       46/1    1.10639    5.96436    1.11552 +/- 0.00484
       47/1    1.11974    5.96179    1.11568 +/- 0.00466
       48/1    1.13525    5.97038    1.11638 +/- 0.00455
       49/1    1.08581    5.97006    1.11532 +/- 0.00451
       50/1    1.08941    5.96447    1.11446 +/- 0.00444
       51/1    1.09972    5.96642    1.11399 +/- 0.00432
       52/1    1.10970    5.96033    1.11385 +/- 0.00419
       53/1    1.10545    5.96164    1.11360 +/- 0.00407
       54/1    1.08523    5.96397    1.11276 +/- 0.00403
       55/1    1.14039    5.96824    1.11355 +/- 0.00400
       56/1    1.12568    5.97075    1.11389 +/- 0.00390
       57/1    1.04803    5.97122    1.11211 +/- 0.00419
       58/1    1.11581    5.97432    1.11221 +/- 0.00408
       59/1    1.08543    5.95729    1.11152 +/- 0.00403
       60/1    1.05130    5.96979    1.11001 +/- 0.00421
 Creating state point statepoint.60.h5...

 =======================>     TIMING STATISTICS     <=======================

 Total time for initialization     = 5.9834e+00 seconds
   Reading cross sections          = 5.1994e+00 seconds
 Total time in simulation          = 2.6008e+01 seconds
   Time in transport only          = 2.5886e+01 seconds
   Time in inactive batches        = 5.9870e-01 seconds
   Time in active batches          = 2.5409e+01 seconds
   Time synchronizing fission bank = 2.2556e-02 seconds
     Sampling source sites         = 1.9005e-02 seconds
     SEND/RECV source sites        = 3.3146e-03 seconds
   Time accumulating tallies       = 4.7234e-02 seconds
   Time writing statepoints        = 2.3253e-02 seconds
 Total time for finalization       = 3.8337e-04 seconds
 Total time elapsed                = 3.2456e+01 seconds
 Calculation Rate (inactive)       = 133622 particles/second
 Calculation Rate (active)         = 6297.02 particles/second

 ============================>     RESULTS     <============================

 k-effective (Collision)     = 1.11263 +/- 0.00397
 k-effective (Track-length)  = 1.11001 +/- 0.00421
 k-effective (Absorption)    = 1.11790 +/- 0.00287
 Combined k-effective        = 1.11579 +/- 0.00281
 Leakage Fraction            = 0.00000 +/- 0.00000

 Creating state point openmc_simulation_n0.h5...
[openmc.deplete] t=4327203.051553669 s, dt=8654406.103107339 s, source=1491105.972264863
 Maximum neutron transport energy: 20000000 eV for H1
 Initializing source particles...

 ====================>     K EIGENVALUE SIMULATION     <====================

  Bat./Gen.      k       Entropy         Average k 
  =========   ========   ========   ====================
        1/1    1.11396    5.95506
        2/1    1.07343    5.96421
        3/1    1.07074    5.96717
        4/1    1.07353    5.95652
        5/1    1.10862    5.96791
        6/1    1.11020    5.95925
        7/1    1.09425    5.95308
        8/1    1.13719    5.95968
        9/1    1.11663    5.96915
       10/1    1.11883    5.96535
       11/1    1.07650    5.95925
       12/1    1.12618    5.95871
       13/1    1.12492    5.96559
       14/1    1.08665    5.97416
       15/1    1.09971    5.96876
       16/1    1.10383    5.96635
       17/1    1.12289    5.96592
       18/1    1.11557    5.96316
       19/1    1.09115    5.96708
       20/1    1.11773    5.96866
       21/1    1.08414    5.96166
       22/1    1.10898    5.97295    1.09656 +/- 0.01242
       23/1    1.14295    5.96510    1.11203 +/- 0.01705
       24/1    1.09968    5.96135    1.10894 +/- 0.01244
       25/1    1.09345    5.96646    1.10584 +/- 0.01012
       26/1    1.09224    5.96567    1.10357 +/- 0.00857
       27/1    1.11301    5.95465    1.10492 +/- 0.00737
       28/1    1.10539    5.96386    1.10498 +/- 0.00638
       29/1    1.09515    5.96783    1.10389 +/- 0.00573
       30/1    1.09548    5.96671    1.10305 +/- 0.00520
       31/1    1.11050    5.96952    1.10373 +/- 0.00475
       32/1    1.06578    5.95756    1.10056 +/- 0.00537
       33/1    1.07972    5.97204    1.09896 +/- 0.00519
       34/1    1.08463    5.97151    1.09794 +/- 0.00491
       35/1    1.05982    5.96485    1.09539 +/- 0.00523
       36/1    1.09933    5.95529    1.09564 +/- 0.00490
       37/1    1.12512    5.97182    1.09737 +/- 0.00492
       38/1    1.07419    5.95946    1.09609 +/- 0.00481
       39/1    1.15983    5.97036    1.09944 +/- 0.00566
       40/1    1.07126    5.97556    1.09803 +/- 0.00555
       41/1    1.09965    5.96780    1.09811 +/- 0.00528
       42/1    1.08566    5.96411    1.09754 +/- 0.00506
       43/1    1.10250    5.96205    1.09776 +/- 0.00484
       44/1    1.09747    5.96282    1.09775 +/- 0.00464
       45/1    1.07207    5.97327    1.09672 +/- 0.00456
       46/1    1.07374    5.95738    1.09584 +/- 0.00447
       47/1    1.13271    5.97488    1.09720 +/- 0.00452
       48/1    1.07147    5.95814    1.09628 +/- 0.00445
       49/1    1.10327    5.95573    1.09652 +/- 0.00430
       50/1    1.08598    5.96680    1.09617 +/- 0.00417
       51/1    1.07391    5.96538    1.09545 +/- 0.00409
       52/1    1.09977    5.95838    1.09559 +/- 0.00397
       53/1    1.04210    5.95836    1.09397 +/- 0.00417
       54/1    1.09677    5.96853    1.09405 +/- 0.00405
       55/1    1.10875    5.96249    1.09447 +/- 0.00395
       56/1    1.09611    5.97195    1.09452 +/- 0.00384
       57/1    1.08902    5.96884    1.09437 +/- 0.00374
       58/1    1.06401    5.97139    1.09357 +/- 0.00373
       59/1    1.10552    5.96310    1.09388 +/- 0.00364
       60/1    1.09703    5.97088    1.09395 +/- 0.00355
 Creating state point statepoint.60.h5...

 =======================>     TIMING STATISTICS     <=======================

 Total time for initialization     = 0.0000e+00 seconds
   Reading cross sections          = 0.0000e+00 seconds
 Total time in simulation          = 3.5043e+01 seconds
   Time in transport only          = 3.4912e+01 seconds
   Time in inactive batches        = 6.7022e+00 seconds
   Time in active batches          = 2.8341e+01 seconds
   Time synchronizing fission bank = 2.3883e-02 seconds
     Sampling source sites         = 2.0705e-02 seconds
     SEND/RECV source sites        = 2.8886e-03 seconds
   Time accumulating tallies       = 5.7706e-02 seconds
   Time writing statepoints        = 2.0751e-02 seconds
 Total time for finalization       = 4.2150e-04 seconds
 Total time elapsed                = 3.5518e+01 seconds
 Calculation Rate (inactive)       = 11936.5 particles/second
 Calculation Rate (active)         = 5645.56 particles/second

 ============================>     RESULTS     <============================

 k-effective (Collision)     = 1.09257 +/- 0.00269
 k-effective (Track-length)  = 1.09395 +/- 0.00355
 k-effective (Absorption)    = 1.09495 +/- 0.00224
 Combined k-effective        = 1.09409 +/- 0.00192
 Leakage Fraction            = 0.00000 +/- 0.00000

 Creating state point openmc_simulation_n1.h5...
[openmc.deplete] t=12981609.154661007 (final operator evaluation)
 Maximum neutron transport energy: 20000000 eV for H1
 Initializing source particles...

 ====================>     K EIGENVALUE SIMULATION     <====================

  Bat./Gen.      k       Entropy         Average k 
  =========   ========   ========   ====================
        1/1    1.07993    5.97061
        2/1    1.06922    5.97726
        3/1    1.11028    5.96907
        4/1    1.07729    5.96611
        5/1    1.10472    5.96114
        6/1    1.11833    5.97166
        7/1    1.09242    5.96853
        8/1    1.13001    5.95483
        9/1    1.05179    5.97098
       10/1    1.13275    5.96040
       11/1    1.09167    5.95454
       12/1    1.08417    5.96914
       13/1    1.04293    5.96245
       14/1    1.10635    5.96443
       15/1    1.07747    5.96643
       16/1    1.09627    5.96812
       17/1    1.12227    5.95340
       18/1    1.09065    5.96317
       19/1    1.09089    5.96389
       20/1    1.07908    5.96600
       21/1    1.09987    5.96872
       22/1    1.08807    5.96027    1.09397 +/- 0.00590
       23/1    1.05256    5.96576    1.08016 +/- 0.01422
       24/1    1.08657    5.97031    1.08177 +/- 0.01018
       25/1    1.09680    5.96733    1.08477 +/- 0.00844
       26/1    1.08644    5.96760    1.08505 +/- 0.00690
       27/1    1.09906    5.96377    1.08705 +/- 0.00616
       28/1    1.08744    5.96951    1.08710 +/- 0.00534
       29/1    1.05377    5.97056    1.08340 +/- 0.00599
       30/1    1.10215    5.96809    1.08527 +/- 0.00568
       31/1    1.05282    5.97172    1.08232 +/- 0.00592
       32/1    1.09341    5.97006    1.08325 +/- 0.00548
       33/1    1.13830    5.97450    1.08748 +/- 0.00659
       34/1    1.07919    5.97321    1.08689 +/- 0.00613
       35/1    1.11369    5.96032    1.08868 +/- 0.00598
       36/1    1.11769    5.96351    1.09049 +/- 0.00588
       37/1    1.08401    5.96632    1.09011 +/- 0.00553
       38/1    1.09724    5.96736    1.09050 +/- 0.00523
       39/1    1.12101    5.95866    1.09211 +/- 0.00520
       40/1    1.13518    5.95910    1.09426 +/- 0.00539
       41/1    1.09430    5.95175    1.09427 +/- 0.00512
       42/1    1.08283    5.96994    1.09375 +/- 0.00491
       43/1    1.09231    5.97473    1.09368 +/- 0.00469
       44/1    1.10182    5.96187    1.09402 +/- 0.00451
       45/1    1.07098    5.97329    1.09310 +/- 0.00442
       46/1    1.07077    5.97103    1.09224 +/- 0.00433
       47/1    1.07724    5.97258    1.09169 +/- 0.00421
       48/1    1.11911    5.96576    1.09267 +/- 0.00417
       49/1    1.10090    5.96565    1.09295 +/- 0.00403
       50/1    1.06536    5.96750    1.09203 +/- 0.00400
       51/1    1.13992    5.96871    1.09357 +/- 0.00417
       52/1    1.10690    5.97120    1.09399 +/- 0.00406
       53/1    1.11304    5.96543    1.09457 +/- 0.00398
       54/1    1.09134    5.96887    1.09447 +/- 0.00386
       55/1    1.14006    5.97243    1.09578 +/- 0.00397
       56/1    1.07909    5.96562    1.09531 +/- 0.00388
       57/1    1.14805    5.96835    1.09674 +/- 0.00404
       58/1    1.07725    5.96208    1.09622 +/- 0.00396
       59/1    1.08809    5.95636    1.09602 +/- 0.00386
       60/1    1.09599    5.95460    1.09602 +/- 0.00377
 Creating state point statepoint.60.h5...

 =======================>     TIMING STATISTICS     <=======================

 Total time for initialization     = 0.0000e+00 seconds
   Reading cross sections          = 0.0000e+00 seconds
 Total time in simulation          = 3.6145e+01 seconds
   Time in transport only          = 3.6029e+01 seconds
   Time in inactive batches        = 7.0923e+00 seconds
   Time in active batches          = 2.9053e+01 seconds
   Time synchronizing fission bank = 2.3487e-02 seconds
     Sampling source sites         = 2.0022e-02 seconds
     SEND/RECV source sites        = 3.1420e-03 seconds
   Time accumulating tallies       = 5.5552e-02 seconds
   Time writing statepoints        = 7.3786e-03 seconds
 Total time for finalization       = 4.9663e-04 seconds
 Total time elapsed                = 3.6618e+01 seconds
 Calculation Rate (inactive)       = 11279.9 particles/second
 Calculation Rate (active)         = 5507.23 particles/second

 ============================>     RESULTS     <============================

 k-effective (Collision)     = 1.09482 +/- 0.00287
 k-effective (Track-length)  = 1.09602 +/- 0.00377
 k-effective (Absorption)    = 1.09871 +/- 0.00258
 Combined k-effective        = 1.09721 +/- 0.00246
 Leakage Fraction            = 0.00000 +/- 0.00000

 Creating state point openmc_simulation_n2.h5...
                                %%%%%%%%%%%%%%%
                           %%%%%%%%%%%%%%%%%%%%%%%%
                        %%%%%%%%%%%%%%%%%%%%%%%%%%%%%%
                      %%%%%%%%%%%%%%%%%%%%%%%%%%%%%%%%%%
                    %%%%%%%%%%%%%%%%%%%%%%%%%%%%%%%%%%%%%%
                   %%%%%%%%%%%%%%%%%%%%%%%%%%%%%%%%%%%%%%%%
                                    %%%%%%%%%%%%%%%%%%%%%%%%
                                     %%%%%%%%%%%%%%%%%%%%%%%%
                 ###############      %%%%%%%%%%%%%%%%%%%%%%%%
                ##################     %%%%%%%%%%%%%%%%%%%%%%%
                ###################     %%%%%%%%%%%%%%%%%%%%%%%
                ####################     %%%%%%%%%%%%%%%%%%%%%%
                #####################     %%%%%%%%%%%%%%%%%%%%%
                ######################     %%%%%%%%%%%%%%%%%%%%
                #######################     %%%%%%%%%%%%%%%%%%
                 #######################     %%%%%%%%%%%%%%%%%
                 ######################     %%%%%%%%%%%%%%%%%
                  ####################     %%%%%%%%%%%%%%%%%
                    #################     %%%%%%%%%%%%%%%%%
                     ###############     %%%%%%%%%%%%%%%%
                       ############     %%%%%%%%%%%%%%%
                          ########     %%%%%%%%%%%%%%
                                      %%%%%%%%%%%

                 | The OpenMC Monte Carlo Code
       Copyright | 2011-2025 MIT, UChicago Argonne LLC, and contributors
         License | https://docs.openmc.org/en/latest/license.html
         Version | 0.15.3
     Commit Hash | 27e38e894697bb32a1dac7848d2618818b6b8daf
       Date/Time | 2026-09-26 20:07:34
   MPI Processes | 1
  OpenMP Threads | 64

 Reading settings XML file...
 Reading cross sections XML file...
 Reading chain file: /home/diogo/openmc_data/chain_endfb71_pwr.xml...
 Reading materials XML file...
 Reading geometry XML file...
 Reading H1 from /home/diogo/openmc_data/endfb-vii.1-hdf5/neutron/H1.h5
 Reading H2 from /home/diogo/openmc_data/endfb-vii.1-hdf5/neutron/H2.h5
 Reading B10 from /home/diogo/openmc_data/endfb-vii.1-hdf5/neutron/B10.h5
 Reading B11 from /home/diogo/openmc_data/endfb-vii.1-hdf5/neutron/B11.h5
 Reading O16 from /home/diogo/openmc_data/endfb-vii.1-hdf5/neutron/O16.h5
 Reading O17 from /home/diogo/openmc_data/endfb-vii.1-hdf5/neutron/O17.h5
 Reading Cr50 from /home/diogo/openmc_data/endfb-vii.1-hdf5/neutron/Cr50.h5
 Reading Cr52 from /home/diogo/openmc_data/endfb-vii.1-hdf5/neutron/Cr52.h5
 Reading Cr53 from /home/diogo/openmc_data/endfb-vii.1-hdf5/neutron/Cr53.h5
 Reading Cr54 from /home/diogo/openmc_data/endfb-vii.1-hdf5/neutron/Cr54.h5
 Reading Fe54 from /home/diogo/openmc_data/endfb-vii.1-hdf5/neutron/Fe54.h5
 Reading Fe56 from /home/diogo/openmc_data/endfb-vii.1-hdf5/neutron/Fe56.h5
 Reading Fe57 from /home/diogo/openmc_data/endfb-vii.1-hdf5/neutron/Fe57.h5
 Reading Fe58 from /home/diogo/openmc_data/endfb-vii.1-hdf5/neutron/Fe58.h5
 Reading Zr90 from /home/diogo/openmc_data/endfb-vii.1-hdf5/neutron/Zr90.h5
 Reading Zr91 from /home/diogo/openmc_data/endfb-vii.1-hdf5/neutron/Zr91.h5
 Reading Zr92 from /home/diogo/openmc_data/endfb-vii.1-hdf5/neutron/Zr92.h5
 Reading Zr94 from /home/diogo/openmc_data/endfb-vii.1-hdf5/neutron/Zr94.h5
 Reading Zr96 from /home/diogo/openmc_data/endfb-vii.1-hdf5/neutron/Zr96.h5
 Reading Sn112 from /home/diogo/openmc_data/endfb-vii.1-hdf5/neutron/Sn112.h5
 Reading Sn114 from /home/diogo/openmc_data/endfb-vii.1-hdf5/neutron/Sn114.h5
 Reading Sn115 from /home/diogo/openmc_data/endfb-vii.1-hdf5/neutron/Sn115.h5
 Reading Sn116 from /home/diogo/openmc_data/endfb-vii.1-hdf5/neutron/Sn116.h5
 Reading Sn117 from /home/diogo/openmc_data/endfb-vii.1-hdf5/neutron/Sn117.h5
 Reading Sn118 from /home/diogo/openmc_data/endfb-vii.1-hdf5/neutron/Sn118.h5
 Reading Sn119 from /home/diogo/openmc_data/endfb-vii.1-hdf5/neutron/Sn119.h5
 Reading Sn120 from /home/diogo/openmc_data/endfb-vii.1-hdf5/neutron/Sn120.h5
 Reading Sn122 from /home/diogo/openmc_data/endfb-vii.1-hdf5/neutron/Sn122.h5
 Reading Sn124 from /home/diogo/openmc_data/endfb-vii.1-hdf5/neutron/Sn124.h5
 Reading He3 from /home/diogo/openmc_data/endfb-vii.1-hdf5/neutron/He3.h5
 Reading He4 from /home/diogo/openmc_data/endfb-vii.1-hdf5/neutron/He4.h5
 Reading U234 from /home/diogo/openmc_data/endfb-vii.1-hdf5/neutron/U234.h5
 Reading U235 from /home/diogo/openmc_data/endfb-vii.1-hdf5/neutron/U235.h5
 Reading U238 from /home/diogo/openmc_data/endfb-vii.1-hdf5/neutron/U238.h5
 Reading Gd152 from /home/diogo/openmc_data/endfb-vii.1-hdf5/neutron/Gd152.h5
 Reading Gd154 from /home/diogo/openmc_data/endfb-vii.1-hdf5/neutron/Gd154.h5
 Reading Gd155 from /home/diogo/openmc_data/endfb-vii.1-hdf5/neutron/Gd155.h5
 Reading Gd156 from /home/diogo/openmc_data/endfb-vii.1-hdf5/neutron/Gd156.h5
 Reading Gd157 from /home/diogo/openmc_data/endfb-vii.1-hdf5/neutron/Gd157.h5
 Reading Gd158 from /home/diogo/openmc_data/endfb-vii.1-hdf5/neutron/Gd158.h5
 Reading Gd160 from /home/diogo/openmc_data/endfb-vii.1-hdf5/neutron/Gd160.h5
 Reading c_H_in_H2O from
 /home/diogo/openmc_data/endfb-vii.1-hdf5/neutron/c_H_in_H2O.h5
 Minimum neutron data temperature: 0 K
 Maximum neutron data temperature: 1.7976931348623157e+308 K
 Reading tallies XML file...
 Preparing distributed cell instances...
 Reading plot XML file...
 Writing summary.h5 file...
[openmc.deplete] t=12981609.154661007 s, dt=865440.6103107346 s, source=1491105.972264863
[openmc.deplete] t=13847049.764971742 (final operator evaluation)
 Reading H3 from /home/diogo/openmc_data/endfb-vii.1-hdf5/neutron/H3.h5
 Reading Li6 from /home/diogo/openmc_data/endfb-vii.1-hdf5/neutron/Li6.h5
 Reading Li7 from /home/diogo/openmc_data/endfb-vii.1-hdf5/neutron/Li7.h5
 Reading N14 from /home/diogo/openmc_data/endfb-vii.1-hdf5/neutron/N14.h5
 Reading N15 from /home/diogo/openmc_data/endfb-vii.1-hdf5/neutron/N15.h5
 Reading F19 from /home/diogo/openmc_data/endfb-vii.1-hdf5/neutron/F19.h5
 Reading Na22 from /home/diogo/openmc_data/endfb-vii.1-hdf5/neutron/Na22.h5
 WARNING: Negative value(s) found on probability table for nuclide Na22 at 250K
 WARNING: Negative value(s) found on probability table for nuclide Na22 at 294K
 WARNING: Negative value(s) found on probability table for nuclide Na22 at 600K
 WARNING: Negative value(s) found on probability table for nuclide Na22 at 900K
 WARNING: Negative value(s) found on probability table for nuclide Na22 at 1200K
 WARNING: Negative value(s) found on probability table for nuclide Na22 at 2500K
 Reading Na23 from /home/diogo/openmc_data/endfb-vii.1-hdf5/neutron/Na23.h5
 Reading Mg24 from /home/diogo/openmc_data/endfb-vii.1-hdf5/neutron/Mg24.h5
 Reading Mg25 from /home/diogo/openmc_data/endfb-vii.1-hdf5/neutron/Mg25.h5
 Reading Mg26 from /home/diogo/openmc_data/endfb-vii.1-hdf5/neutron/Mg26.h5
 Reading Al27 from /home/diogo/openmc_data/endfb-vii.1-hdf5/neutron/Al27.h5
 Reading Si28 from /home/diogo/openmc_data/endfb-vii.1-hdf5/neutron/Si28.h5
 Reading Si29 from /home/diogo/openmc_data/endfb-vii.1-hdf5/neutron/Si29.h5
 Reading Si30 from /home/diogo/openmc_data/endfb-vii.1-hdf5/neutron/Si30.h5
 Reading P31 from /home/diogo/openmc_data/endfb-vii.1-hdf5/neutron/P31.h5
 Reading S32 from /home/diogo/openmc_data/endfb-vii.1-hdf5/neutron/S32.h5
 Reading S33 from /home/diogo/openmc_data/endfb-vii.1-hdf5/neutron/S33.h5
 Reading S34 from /home/diogo/openmc_data/endfb-vii.1-hdf5/neutron/S34.h5
 Reading S36 from /home/diogo/openmc_data/endfb-vii.1-hdf5/neutron/S36.h5
 Reading Cl35 from /home/diogo/openmc_data/endfb-vii.1-hdf5/neutron/Cl35.h5
 Reading Cl37 from /home/diogo/openmc_data/endfb-vii.1-hdf5/neutron/Cl37.h5
 Reading Ar36 from /home/diogo/openmc_data/endfb-vii.1-hdf5/neutron/Ar36.h5
 WARNING: Negative value(s) found on probability table for nuclide Ar36 at 250K
 WARNING: Negative value(s) found on probability table for nuclide Ar36 at 294K
 WARNING: Negative value(s) found on probability table for nuclide Ar36 at 600K
 WARNING: Negative value(s) found on probability table for nuclide Ar36 at 900K
 WARNING: Negative value(s) found on probability table for nuclide Ar36 at 1200K
 WARNING: Negative value(s) found on probability table for nuclide Ar36 at 2500K
 Reading Ar38 from /home/diogo/openmc_data/endfb-vii.1-hdf5/neutron/Ar38.h5
 Reading Ar40 from /home/diogo/openmc_data/endfb-vii.1-hdf5/neutron/Ar40.h5
 Reading K39 from /home/diogo/openmc_data/endfb-vii.1-hdf5/neutron/K39.h5
 Reading K40 from /home/diogo/openmc_data/endfb-vii.1-hdf5/neutron/K40.h5
 Reading K41 from /home/diogo/openmc_data/endfb-vii.1-hdf5/neutron/K41.h5
 Reading Ca40 from /home/diogo/openmc_data/endfb-vii.1-hdf5/neutron/Ca40.h5
 Reading Ca42 from /home/diogo/openmc_data/endfb-vii.1-hdf5/neutron/Ca42.h5
 Reading Ca43 from /home/diogo/openmc_data/endfb-vii.1-hdf5/neutron/Ca43.h5
 Reading Ca44 from /home/diogo/openmc_data/endfb-vii.1-hdf5/neutron/Ca44.h5
 Reading Ca46 from /home/diogo/openmc_data/endfb-vii.1-hdf5/neutron/Ca46.h5
 Reading Sc45 from /home/diogo/openmc_data/endfb-vii.1-hdf5/neutron/Sc45.h5
 Reading Ti46 from /home/diogo/openmc_data/endfb-vii.1-hdf5/neutron/Ti46.h5
 Reading Ti47 from /home/diogo/openmc_data/endfb-vii.1-hdf5/neutron/Ti47.h5
 Reading Ti48 from /home/diogo/openmc_data/endfb-vii.1-hdf5/neutron/Ti48.h5
 Reading Ti49 from /home/diogo/openmc_data/endfb-vii.1-hdf5/neutron/Ti49.h5
 Reading Ti50 from /home/diogo/openmc_data/endfb-vii.1-hdf5/neutron/Ti50.h5
 Reading V50 from /home/diogo/openmc_data/endfb-vii.1-hdf5/neutron/V50.h5
 Reading V51 from /home/diogo/openmc_data/endfb-vii.1-hdf5/neutron/V51.h5
 Reading Mn55 from /home/diogo/openmc_data/endfb-vii.1-hdf5/neutron/Mn55.h5
 Reading Co58 from /home/diogo/openmc_data/endfb-vii.1-hdf5/neutron/Co58.h5
 Reading Co59 from /home/diogo/openmc_data/endfb-vii.1-hdf5/neutron/Co59.h5
 Reading Ni58 from /home/diogo/openmc_data/endfb-vii.1-hdf5/neutron/Ni58.h5
 Reading Ni59 from /home/diogo/openmc_data/endfb-vii.1-hdf5/neutron/Ni59.h5
 Reading Ni60 from /home/diogo/openmc_data/endfb-vii.1-hdf5/neutron/Ni60.h5
 Reading Ni61 from /home/diogo/openmc_data/endfb-vii.1-hdf5/neutron/Ni61.h5
 Reading Ni62 from /home/diogo/openmc_data/endfb-vii.1-hdf5/neutron/Ni62.h5
 Reading Ni64 from /home/diogo/openmc_data/endfb-vii.1-hdf5/neutron/Ni64.h5
 Reading Cu63 from /home/diogo/openmc_data/endfb-vii.1-hdf5/neutron/Cu63.h5
 Reading Cu65 from /home/diogo/openmc_data/endfb-vii.1-hdf5/neutron/Cu65.h5
 Reading Zn64 from /home/diogo/openmc_data/endfb-vii.1-hdf5/neutron/Zn64.h5
 Reading Zn65 from /home/diogo/openmc_data/endfb-vii.1-hdf5/neutron/Zn65.h5
 Reading Zn66 from /home/diogo/openmc_data/endfb-vii.1-hdf5/neutron/Zn66.h5
 Reading Zn67 from /home/diogo/openmc_data/endfb-vii.1-hdf5/neutron/Zn67.h5
 Reading Zn68 from /home/diogo/openmc_data/endfb-vii.1-hdf5/neutron/Zn68.h5
 Reading Zn70 from /home/diogo/openmc_data/endfb-vii.1-hdf5/neutron/Zn70.h5
 Reading Ga69 from /home/diogo/openmc_data/endfb-vii.1-hdf5/neutron/Ga69.h5
 Reading Ga71 from /home/diogo/openmc_data/endfb-vii.1-hdf5/neutron/Ga71.h5
 Reading Ge70 from /home/diogo/openmc_data/endfb-vii.1-hdf5/neutron/Ge70.h5
 Reading Ge72 from /home/diogo/openmc_data/endfb-vii.1-hdf5/neutron/Ge72.h5
 Reading Ge73 from /home/diogo/openmc_data/endfb-vii.1-hdf5/neutron/Ge73.h5
 Reading Ge74 from /home/diogo/openmc_data/endfb-vii.1-hdf5/neutron/Ge74.h5
 Reading Ge76 from /home/diogo/openmc_data/endfb-vii.1-hdf5/neutron/Ge76.h5
 Reading As74 from /home/diogo/openmc_data/endfb-vii.1-hdf5/neutron/As74.h5
 Reading As75 from /home/diogo/openmc_data/endfb-vii.1-hdf5/neutron/As75.h5
 Reading Se74 from /home/diogo/openmc_data/endfb-vii.1-hdf5/neutron/Se74.h5
 Reading Se76 from /home/diogo/openmc_data/endfb-vii.1-hdf5/neutron/Se76.h5
 Reading Se77 from /home/diogo/openmc_data/endfb-vii.1-hdf5/neutron/Se77.h5
 Reading Se78 from /home/diogo/openmc_data/endfb-vii.1-hdf5/neutron/Se78.h5
 Reading Se79 from /home/diogo/openmc_data/endfb-vii.1-hdf5/neutron/Se79.h5
 WARNING: Negative value(s) found on probability table for nuclide Se79 at 250K
 WARNING: Negative value(s) found on probability table for nuclide Se79 at 294K
 WARNING: Negative value(s) found on probability table for nuclide Se79 at 600K
 WARNING: Negative value(s) found on probability table for nuclide Se79 at 900K
 WARNING: Negative value(s) found on probability table for nuclide Se79 at 1200K
 Reading Se80 from /home/diogo/openmc_data/endfb-vii.1-hdf5/neutron/Se80.h5
 Reading Se82 from /home/diogo/openmc_data/endfb-vii.1-hdf5/neutron/Se82.h5
 Reading Br79 from /home/diogo/openmc_data/endfb-vii.1-hdf5/neutron/Br79.h5
 Reading Br81 from /home/diogo/openmc_data/endfb-vii.1-hdf5/neutron/Br81.h5
 Reading Kr78 from /home/diogo/openmc_data/endfb-vii.1-hdf5/neutron/Kr78.h5
 Reading Kr80 from /home/diogo/openmc_data/endfb-vii.1-hdf5/neutron/Kr80.h5
 Reading Kr82 from /home/diogo/openmc_data/endfb-vii.1-hdf5/neutron/Kr82.h5
 Reading Kr83 from /home/diogo/openmc_data/endfb-vii.1-hdf5/neutron/Kr83.h5
 Reading Kr84 from /home/diogo/openmc_data/endfb-vii.1-hdf5/neutron/Kr84.h5
 Reading Kr85 from /home/diogo/openmc_data/endfb-vii.1-hdf5/neutron/Kr85.h5
 Reading Kr86 from /home/diogo/openmc_data/endfb-vii.1-hdf5/neutron/Kr86.h5
 Reading Rb85 from /home/diogo/openmc_data/endfb-vii.1-hdf5/neutron/Rb85.h5
 Reading Rb86 from /home/diogo/openmc_data/endfb-vii.1-hdf5/neutron/Rb86.h5
 Reading Rb87 from /home/diogo/openmc_data/endfb-vii.1-hdf5/neutron/Rb87.h5
 Reading Sr84 from /home/diogo/openmc_data/endfb-vii.1-hdf5/neutron/Sr84.h5
 Reading Sr86 from /home/diogo/openmc_data/endfb-vii.1-hdf5/neutron/Sr86.h5
 Reading Sr87 from /home/diogo/openmc_data/endfb-vii.1-hdf5/neutron/Sr87.h5
 Reading Sr88 from /home/diogo/openmc_data/endfb-vii.1-hdf5/neutron/Sr88.h5
 Reading Sr89 from /home/diogo/openmc_data/endfb-vii.1-hdf5/neutron/Sr89.h5
 Reading Sr90 from /home/diogo/openmc_data/endfb-vii.1-hdf5/neutron/Sr90.h5
 Reading Y89 from /home/diogo/openmc_data/endfb-vii.1-hdf5/neutron/Y89.h5
 Reading Y90 from /home/diogo/openmc_data/endfb-vii.1-hdf5/neutron/Y90.h5
 Reading Y91 from /home/diogo/openmc_data/endfb-vii.1-hdf5/neutron/Y91.h5
 Reading Zr93 from /home/diogo/openmc_data/endfb-vii.1-hdf5/neutron/Zr93.h5
 Reading Zr95 from /home/diogo/openmc_data/endfb-vii.1-hdf5/neutron/Zr95.h5
 Reading Nb93 from /home/diogo/openmc_data/endfb-vii.1-hdf5/neutron/Nb93.h5
 Reading Nb94 from /home/diogo/openmc_data/endfb-vii.1-hdf5/neutron/Nb94.h5
 WARNING: Negative value(s) found on probability table for nuclide Nb94 at 250K
 WARNING: Negative value(s) found on probability table for nuclide Nb94 at 294K
 WARNING: Negative value(s) found on probability table for nuclide Nb94 at 600K
 WARNING: Negative value(s) found on probability table for nuclide Nb94 at 900K
 WARNING: Negative value(s) found on probability table for nuclide Nb94 at 1200K
 WARNING: Negative value(s) found on probability table for nuclide Nb94 at 2500K
 Reading Nb95 from /home/diogo/openmc_data/endfb-vii.1-hdf5/neutron/Nb95.h5
 WARNING: Negative value(s) found on probability table for nuclide Nb95 at 250K
 WARNING: Negative value(s) found on probability table for nuclide Nb95 at 294K
 WARNING: Negative value(s) found on probability table for nuclide Nb95 at 600K
 WARNING: Negative value(s) found on probability table for nuclide Nb95 at 900K
 WARNING: Negative value(s) found on probability table for nuclide Nb95 at 1200K
 Reading Mo92 from /home/diogo/openmc_data/endfb-vii.1-hdf5/neutron/Mo92.h5
 Reading Mo94 from /home/diogo/openmc_data/endfb-vii.1-hdf5/neutron/Mo94.h5
 Reading Mo95 from /home/diogo/openmc_data/endfb-vii.1-hdf5/neutron/Mo95.h5
 Reading Mo96 from /home/diogo/openmc_data/endfb-vii.1-hdf5/neutron/Mo96.h5
 Reading Mo97 from /home/diogo/openmc_data/endfb-vii.1-hdf5/neutron/Mo97.h5
 Reading Mo98 from /home/diogo/openmc_data/endfb-vii.1-hdf5/neutron/Mo98.h5
 Reading Mo99 from /home/diogo/openmc_data/endfb-vii.1-hdf5/neutron/Mo99.h5
 WARNING: Negative value(s) found on probability table for nuclide Mo99 at 250K
 WARNING: Negative value(s) found on probability table for nuclide Mo99 at 294K
 WARNING: Negative value(s) found on probability table for nuclide Mo99 at 600K
 WARNING: Negative value(s) found on probability table for nuclide Mo99 at 900K
 WARNING: Negative value(s) found on probability table for nuclide Mo99 at 1200K
 WARNING: Negative value(s) found on probability table for nuclide Mo99 at 2500K
 Reading Mo100 from /home/diogo/openmc_data/endfb-vii.1-hdf5/neutron/Mo100.h5
 Reading Tc99 from /home/diogo/openmc_data/endfb-vii.1-hdf5/neutron/Tc99.h5
 Reading Ru96 from /home/diogo/openmc_data/endfb-vii.1-hdf5/neutron/Ru96.h5
 Reading Ru98 from /home/diogo/openmc_data/endfb-vii.1-hdf5/neutron/Ru98.h5
 Reading Ru99 from /home/diogo/openmc_data/endfb-vii.1-hdf5/neutron/Ru99.h5
 Reading Ru100 from /home/diogo/openmc_data/endfb-vii.1-hdf5/neutron/Ru100.h5
 Reading Ru101 from /home/diogo/openmc_data/endfb-vii.1-hdf5/neutron/Ru101.h5
 Reading Ru102 from /home/diogo/openmc_data/endfb-vii.1-hdf5/neutron/Ru102.h5
 Reading Ru103 from /home/diogo/openmc_data/endfb-vii.1-hdf5/neutron/Ru103.h5
 Reading Ru104 from /home/diogo/openmc_data/endfb-vii.1-hdf5/neutron/Ru104.h5
 Reading Ru105 from /home/diogo/openmc_data/endfb-vii.1-hdf5/neutron/Ru105.h5
 Reading Ru106 from /home/diogo/openmc_data/endfb-vii.1-hdf5/neutron/Ru106.h5
 Reading Rh103 from /home/diogo/openmc_data/endfb-vii.1-hdf5/neutron/Rh103.h5
 Reading Rh105 from /home/diogo/openmc_data/endfb-vii.1-hdf5/neutron/Rh105.h5
 Reading Pd102 from /home/diogo/openmc_data/endfb-vii.1-hdf5/neutron/Pd102.h5
 Reading Pd104 from /home/diogo/openmc_data/endfb-vii.1-hdf5/neutron/Pd104.h5
 Reading Pd105 from /home/diogo/openmc_data/endfb-vii.1-hdf5/neutron/Pd105.h5
 Reading Pd106 from /home/diogo/openmc_data/endfb-vii.1-hdf5/neutron/Pd106.h5
 Reading Pd107 from /home/diogo/openmc_data/endfb-vii.1-hdf5/neutron/Pd107.h5
 Reading Pd108 from /home/diogo/openmc_data/endfb-vii.1-hdf5/neutron/Pd108.h5
 Reading Pd110 from /home/diogo/openmc_data/endfb-vii.1-hdf5/neutron/Pd110.h5
 Reading Ag107 from /home/diogo/openmc_data/endfb-vii.1-hdf5/neutron/Ag107.h5
 Reading Ag109 from /home/diogo/openmc_data/endfb-vii.1-hdf5/neutron/Ag109.h5
 Reading Ag110_m1 from
 /home/diogo/openmc_data/endfb-vii.1-hdf5/neutron/Ag110_m1.h5
 Reading Ag111 from /home/diogo/openmc_data/endfb-vii.1-hdf5/neutron/Ag111.h5
 Reading Cd106 from /home/diogo/openmc_data/endfb-vii.1-hdf5/neutron/Cd106.h5
 WARNING: Negative value(s) found on probability table for nuclide Cd106 at 250K
 WARNING: Negative value(s) found on probability table for nuclide Cd106 at 294K
 WARNING: Negative value(s) found on probability table for nuclide Cd106 at 600K
 WARNING: Negative value(s) found on probability table for nuclide Cd106 at 900K
 WARNING: Negative value(s) found on probability table for nuclide Cd106 at
          1200K
 WARNING: Negative value(s) found on probability table for nuclide Cd106 at
          2500K
 Reading Cd108 from /home/diogo/openmc_data/endfb-vii.1-hdf5/neutron/Cd108.h5
 Reading Cd110 from /home/diogo/openmc_data/endfb-vii.1-hdf5/neutron/Cd110.h5
 Reading Cd111 from /home/diogo/openmc_data/endfb-vii.1-hdf5/neutron/Cd111.h5
 Reading Cd112 from /home/diogo/openmc_data/endfb-vii.1-hdf5/neutron/Cd112.h5
 Reading Cd113 from /home/diogo/openmc_data/endfb-vii.1-hdf5/neutron/Cd113.h5
 Reading Cd114 from /home/diogo/openmc_data/endfb-vii.1-hdf5/neutron/Cd114.h5
 Reading Cd115_m1 from
 /home/diogo/openmc_data/endfb-vii.1-hdf5/neutron/Cd115_m1.h5
 Reading Cd116 from /home/diogo/openmc_data/endfb-vii.1-hdf5/neutron/Cd116.h5
 Reading In113 from /home/diogo/openmc_data/endfb-vii.1-hdf5/neutron/In113.h5
 Reading In115 from /home/diogo/openmc_data/endfb-vii.1-hdf5/neutron/In115.h5
 Reading Sn113 from /home/diogo/openmc_data/endfb-vii.1-hdf5/neutron/Sn113.h5
 Reading Sn123 from /home/diogo/openmc_data/endfb-vii.1-hdf5/neutron/Sn123.h5
 WARNING: Negative value(s) found on probability table for nuclide Sn123 at 250K
 WARNING: Negative value(s) found on probability table for nuclide Sn123 at 294K
 WARNING: Negative value(s) found on probability table for nuclide Sn123 at 600K
 WARNING: Negative value(s) found on probability table for nuclide Sn123 at 900K
 WARNING: Negative value(s) found on probability table for nuclide Sn123 at
          1200K
 WARNING: Negative value(s) found on probability table for nuclide Sn123 at
          2500K
 Reading Sn125 from /home/diogo/openmc_data/endfb-vii.1-hdf5/neutron/Sn125.h5
 Reading Sn126 from /home/diogo/openmc_data/endfb-vii.1-hdf5/neutron/Sn126.h5
 Reading Sb121 from /home/diogo/openmc_data/endfb-vii.1-hdf5/neutron/Sb121.h5
 Reading Sb123 from /home/diogo/openmc_data/endfb-vii.1-hdf5/neutron/Sb123.h5
 Reading Sb124 from /home/diogo/openmc_data/endfb-vii.1-hdf5/neutron/Sb124.h5
 Reading Sb125 from /home/diogo/openmc_data/endfb-vii.1-hdf5/neutron/Sb125.h5
 Reading Sb126 from /home/diogo/openmc_data/endfb-vii.1-hdf5/neutron/Sb126.h5
 Reading Te120 from /home/diogo/openmc_data/endfb-vii.1-hdf5/neutron/Te120.h5
 WARNING: Negative value(s) found on probability table for nuclide Te120 at 600K
 WARNING: Negative value(s) found on probability table for nuclide Te120 at 900K
 WARNING: Negative value(s) found on probability table for nuclide Te120 at
          1200K
 WARNING: Negative value(s) found on probability table for nuclide Te120 at
          2500K
 Reading Te122 from /home/diogo/openmc_data/endfb-vii.1-hdf5/neutron/Te122.h5
 Reading Te123 from /home/diogo/openmc_data/endfb-vii.1-hdf5/neutron/Te123.h5
 Reading Te124 from /home/diogo/openmc_data/endfb-vii.1-hdf5/neutron/Te124.h5
 Reading Te125 from /home/diogo/openmc_data/endfb-vii.1-hdf5/neutron/Te125.h5
 Reading Te126 from /home/diogo/openmc_data/endfb-vii.1-hdf5/neutron/Te126.h5
 Reading Te127_m1 from
 /home/diogo/openmc_data/endfb-vii.1-hdf5/neutron/Te127_m1.h5
 Reading Te128 from /home/diogo/openmc_data/endfb-vii.1-hdf5/neutron/Te128.h5
 Reading Te129_m1 from
 /home/diogo/openmc_data/endfb-vii.1-hdf5/neutron/Te129_m1.h5
 Reading Te130 from /home/diogo/openmc_data/endfb-vii.1-hdf5/neutron/Te130.h5
 Reading Te132 from /home/diogo/openmc_data/endfb-vii.1-hdf5/neutron/Te132.h5
 Reading I127 from /home/diogo/openmc_data/endfb-vii.1-hdf5/neutron/I127.h5
 Reading I129 from /home/diogo/openmc_data/endfb-vii.1-hdf5/neutron/I129.h5
 Reading I130 from /home/diogo/openmc_data/endfb-vii.1-hdf5/neutron/I130.h5
 Reading I131 from /home/diogo/openmc_data/endfb-vii.1-hdf5/neutron/I131.h5
 WARNING: Negative value(s) found on probability table for nuclide I131 at 250K
 WARNING: Negative value(s) found on probability table for nuclide I131 at 294K
 WARNING: Negative value(s) found on probability table for nuclide I131 at 600K
 WARNING: Negative value(s) found on probability table for nuclide I131 at 900K
 WARNING: Negative value(s) found on probability table for nuclide I131 at 1200K
 WARNING: Negative value(s) found on probability table for nuclide I131 at 2500K
 Reading I135 from /home/diogo/openmc_data/endfb-vii.1-hdf5/neutron/I135.h5
 Reading Xe123 from /home/diogo/openmc_data/endfb-vii.1-hdf5/neutron/Xe123.h5
 Reading Xe124 from /home/diogo/openmc_data/endfb-vii.1-hdf5/neutron/Xe124.h5
 Reading Xe126 from /home/diogo/openmc_data/endfb-vii.1-hdf5/neutron/Xe126.h5
 Reading Xe128 from /home/diogo/openmc_data/endfb-vii.1-hdf5/neutron/Xe128.h5
 Reading Xe129 from /home/diogo/openmc_data/endfb-vii.1-hdf5/neutron/Xe129.h5
 Reading Xe130 from /home/diogo/openmc_data/endfb-vii.1-hdf5/neutron/Xe130.h5
 Reading Xe131 from /home/diogo/openmc_data/endfb-vii.1-hdf5/neutron/Xe131.h5
 Reading Xe132 from /home/diogo/openmc_data/endfb-vii.1-hdf5/neutron/Xe132.h5
 Reading Xe133 from /home/diogo/openmc_data/endfb-vii.1-hdf5/neutron/Xe133.h5
 WARNING: Negative value(s) found on probability table for nuclide Xe133 at
          2500K
 Reading Xe134 from /home/diogo/openmc_data/endfb-vii.1-hdf5/neutron/Xe134.h5
 Reading Xe135 from /home/diogo/openmc_data/endfb-vii.1-hdf5/neutron/Xe135.h5
 Reading Xe136 from /home/diogo/openmc_data/endfb-vii.1-hdf5/neutron/Xe136.h5
 Reading Cs133 from /home/diogo/openmc_data/endfb-vii.1-hdf5/neutron/Cs133.h5
 Reading Cs134 from /home/diogo/openmc_data/endfb-vii.1-hdf5/neutron/Cs134.h5
 Reading Cs135 from /home/diogo/openmc_data/endfb-vii.1-hdf5/neutron/Cs135.h5
 Reading Cs136 from /home/diogo/openmc_data/endfb-vii.1-hdf5/neutron/Cs136.h5
 WARNING: Negative value(s) found on probability table for nuclide Cs136 at 250K
 WARNING: Negative value(s) found on probability table for nuclide Cs136 at 294K
 WARNING: Negative value(s) found on probability table for nuclide Cs136 at 600K
 WARNING: Negative value(s) found on probability table for nuclide Cs136 at 900K
 WARNING: Negative value(s) found on probability table for nuclide Cs136 at
          1200K
 WARNING: Negative value(s) found on probability table for nuclide Cs136 at
          2500K
 Reading Cs137 from /home/diogo/openmc_data/endfb-vii.1-hdf5/neutron/Cs137.h5
 Reading Ba130 from /home/diogo/openmc_data/endfb-vii.1-hdf5/neutron/Ba130.h5
 Reading Ba132 from /home/diogo/openmc_data/endfb-vii.1-hdf5/neutron/Ba132.h5
 Reading Ba133 from /home/diogo/openmc_data/endfb-vii.1-hdf5/neutron/Ba133.h5
 Reading Ba134 from /home/diogo/openmc_data/endfb-vii.1-hdf5/neutron/Ba134.h5
 Reading Ba135 from /home/diogo/openmc_data/endfb-vii.1-hdf5/neutron/Ba135.h5
 Reading Ba136 from /home/diogo/openmc_data/endfb-vii.1-hdf5/neutron/Ba136.h5
 Reading Ba137 from /home/diogo/openmc_data/endfb-vii.1-hdf5/neutron/Ba137.h5
 Reading Ba138 from /home/diogo/openmc_data/endfb-vii.1-hdf5/neutron/Ba138.h5
 Reading Ba140 from /home/diogo/openmc_data/endfb-vii.1-hdf5/neutron/Ba140.h5
 Reading La138 from /home/diogo/openmc_data/endfb-vii.1-hdf5/neutron/La138.h5
 Reading La139 from /home/diogo/openmc_data/endfb-vii.1-hdf5/neutron/La139.h5
 Reading La140 from /home/diogo/openmc_data/endfb-vii.1-hdf5/neutron/La140.h5
 Reading Ce136 from /home/diogo/openmc_data/endfb-vii.1-hdf5/neutron/Ce136.h5
 Reading Ce138 from /home/diogo/openmc_data/endfb-vii.1-hdf5/neutron/Ce138.h5
 Reading Ce139 from /home/diogo/openmc_data/endfb-vii.1-hdf5/neutron/Ce139.h5
 Reading Ce140 from /home/diogo/openmc_data/endfb-vii.1-hdf5/neutron/Ce140.h5
 Reading Ce141 from /home/diogo/openmc_data/endfb-vii.1-hdf5/neutron/Ce141.h5
 Reading Ce142 from /home/diogo/openmc_data/endfb-vii.1-hdf5/neutron/Ce142.h5
 Reading Ce143 from /home/diogo/openmc_data/endfb-vii.1-hdf5/neutron/Ce143.h5
 Reading Ce144 from /home/diogo/openmc_data/endfb-vii.1-hdf5/neutron/Ce144.h5
 Reading Pr141 from /home/diogo/openmc_data/endfb-vii.1-hdf5/neutron/Pr141.h5
 Reading Pr142 from /home/diogo/openmc_data/endfb-vii.1-hdf5/neutron/Pr142.h5
 Reading Pr143 from /home/diogo/openmc_data/endfb-vii.1-hdf5/neutron/Pr143.h5
 Reading Nd142 from /home/diogo/openmc_data/endfb-vii.1-hdf5/neutron/Nd142.h5
 Reading Nd143 from /home/diogo/openmc_data/endfb-vii.1-hdf5/neutron/Nd143.h5
 Reading Nd144 from /home/diogo/openmc_data/endfb-vii.1-hdf5/neutron/Nd144.h5
 Reading Nd145 from /home/diogo/openmc_data/endfb-vii.1-hdf5/neutron/Nd145.h5
 Reading Nd146 from /home/diogo/openmc_data/endfb-vii.1-hdf5/neutron/Nd146.h5
 Reading Nd147 from /home/diogo/openmc_data/endfb-vii.1-hdf5/neutron/Nd147.h5
 Reading Nd148 from /home/diogo/openmc_data/endfb-vii.1-hdf5/neutron/Nd148.h5
 Reading Nd150 from /home/diogo/openmc_data/endfb-vii.1-hdf5/neutron/Nd150.h5
 Reading Pm147 from /home/diogo/openmc_data/endfb-vii.1-hdf5/neutron/Pm147.h5
 Reading Pm148 from /home/diogo/openmc_data/endfb-vii.1-hdf5/neutron/Pm148.h5
 Reading Pm148_m1 from
 /home/diogo/openmc_data/endfb-vii.1-hdf5/neutron/Pm148_m1.h5
 Reading Pm149 from /home/diogo/openmc_data/endfb-vii.1-hdf5/neutron/Pm149.h5
 Reading Pm151 from /home/diogo/openmc_data/endfb-vii.1-hdf5/neutron/Pm151.h5
 Reading Sm144 from /home/diogo/openmc_data/endfb-vii.1-hdf5/neutron/Sm144.h5
 Reading Sm147 from /home/diogo/openmc_data/endfb-vii.1-hdf5/neutron/Sm147.h5
 Reading Sm148 from /home/diogo/openmc_data/endfb-vii.1-hdf5/neutron/Sm148.h5
 Reading Sm149 from /home/diogo/openmc_data/endfb-vii.1-hdf5/neutron/Sm149.h5
 Reading Sm150 from /home/diogo/openmc_data/endfb-vii.1-hdf5/neutron/Sm150.h5
 Reading Sm151 from /home/diogo/openmc_data/endfb-vii.1-hdf5/neutron/Sm151.h5
 Reading Sm152 from /home/diogo/openmc_data/endfb-vii.1-hdf5/neutron/Sm152.h5
 Reading Sm153 from /home/diogo/openmc_data/endfb-vii.1-hdf5/neutron/Sm153.h5
 Reading Sm154 from /home/diogo/openmc_data/endfb-vii.1-hdf5/neutron/Sm154.h5
 Reading Eu151 from /home/diogo/openmc_data/endfb-vii.1-hdf5/neutron/Eu151.h5
 Reading Eu152 from /home/diogo/openmc_data/endfb-vii.1-hdf5/neutron/Eu152.h5
 Reading Eu153 from /home/diogo/openmc_data/endfb-vii.1-hdf5/neutron/Eu153.h5
 Reading Eu154 from /home/diogo/openmc_data/endfb-vii.1-hdf5/neutron/Eu154.h5
 Reading Eu155 from /home/diogo/openmc_data/endfb-vii.1-hdf5/neutron/Eu155.h5
 Reading Eu156 from /home/diogo/openmc_data/endfb-vii.1-hdf5/neutron/Eu156.h5
 WARNING: Negative value(s) found on probability table for nuclide Eu156 at 250K
 WARNING: Negative value(s) found on probability table for nuclide Eu156 at 294K
 WARNING: Negative value(s) found on probability table for nuclide Eu156 at 600K
 WARNING: Negative value(s) found on probability table for nuclide Eu156 at 900K
 WARNING: Negative value(s) found on probability table for nuclide Eu156 at
          1200K
 WARNING: Negative value(s) found on probability table for nuclide Eu156 at
          2500K
 Reading Eu157 from /home/diogo/openmc_data/endfb-vii.1-hdf5/neutron/Eu157.h5
 Reading Gd153 from /home/diogo/openmc_data/endfb-vii.1-hdf5/neutron/Gd153.h5
 Reading Tb159 from /home/diogo/openmc_data/endfb-vii.1-hdf5/neutron/Tb159.h5
 Reading Tb160 from /home/diogo/openmc_data/endfb-vii.1-hdf5/neutron/Tb160.h5
 Reading Dy156 from /home/diogo/openmc_data/endfb-vii.1-hdf5/neutron/Dy156.h5
 Reading Dy158 from /home/diogo/openmc_data/endfb-vii.1-hdf5/neutron/Dy158.h5
 Reading Dy160 from /home/diogo/openmc_data/endfb-vii.1-hdf5/neutron/Dy160.h5
 Reading Dy161 from /home/diogo/openmc_data/endfb-vii.1-hdf5/neutron/Dy161.h5
 Reading Dy162 from /home/diogo/openmc_data/endfb-vii.1-hdf5/neutron/Dy162.h5
 Reading Dy163 from /home/diogo/openmc_data/endfb-vii.1-hdf5/neutron/Dy163.h5
 Reading Dy164 from /home/diogo/openmc_data/endfb-vii.1-hdf5/neutron/Dy164.h5
 Reading Ho165 from /home/diogo/openmc_data/endfb-vii.1-hdf5/neutron/Ho165.h5
 Reading Ho166_m1 from
 /home/diogo/openmc_data/endfb-vii.1-hdf5/neutron/Ho166_m1.h5
 Reading Er162 from /home/diogo/openmc_data/endfb-vii.1-hdf5/neutron/Er162.h5
 Reading Er164 from /home/diogo/openmc_data/endfb-vii.1-hdf5/neutron/Er164.h5
 Reading Er166 from /home/diogo/openmc_data/endfb-vii.1-hdf5/neutron/Er166.h5
 Reading Er167 from /home/diogo/openmc_data/endfb-vii.1-hdf5/neutron/Er167.h5
 Reading Er168 from /home/diogo/openmc_data/endfb-vii.1-hdf5/neutron/Er168.h5
 Reading Er170 from /home/diogo/openmc_data/endfb-vii.1-hdf5/neutron/Er170.h5
 Reading Tm168 from /home/diogo/openmc_data/endfb-vii.1-hdf5/neutron/Tm168.h5
 Reading Tm169 from /home/diogo/openmc_data/endfb-vii.1-hdf5/neutron/Tm169.h5
 Reading Tm170 from /home/diogo/openmc_data/endfb-vii.1-hdf5/neutron/Tm170.h5
 Reading Hg202 from /home/diogo/openmc_data/endfb-vii.1-hdf5/neutron/Hg202.h5
 Reading Hg204 from /home/diogo/openmc_data/endfb-vii.1-hdf5/neutron/Hg204.h5
 Reading Tl205 from /home/diogo/openmc_data/endfb-vii.1-hdf5/neutron/Tl205.h5
 Reading Pb207 from /home/diogo/openmc_data/endfb-vii.1-hdf5/neutron/Pb207.h5
 Reading Pb208 from /home/diogo/openmc_data/endfb-vii.1-hdf5/neutron/Pb208.h5
 Reading Bi209 from /home/diogo/openmc_data/endfb-vii.1-hdf5/neutron/Bi209.h5
 Reading Ra223 from /home/diogo/openmc_data/endfb-vii.1-hdf5/neutron/Ra223.h5
 Reading Ra224 from /home/diogo/openmc_data/endfb-vii.1-hdf5/neutron/Ra224.h5
 Reading Ra225 from /home/diogo/openmc_data/endfb-vii.1-hdf5/neutron/Ra225.h5
 Reading Ra226 from /home/diogo/openmc_data/endfb-vii.1-hdf5/neutron/Ra226.h5
 Reading Ac225 from /home/diogo/openmc_data/endfb-vii.1-hdf5/neutron/Ac225.h5
 Reading Ac226 from /home/diogo/openmc_data/endfb-vii.1-hdf5/neutron/Ac226.h5
 Reading Ac227 from /home/diogo/openmc_data/endfb-vii.1-hdf5/neutron/Ac227.h5
 Reading Th227 from /home/diogo/openmc_data/endfb-vii.1-hdf5/neutron/Th227.h5
 Reading Th228 from /home/diogo/openmc_data/endfb-vii.1-hdf5/neutron/Th228.h5
 Reading Th229 from /home/diogo/openmc_data/endfb-vii.1-hdf5/neutron/Th229.h5
 Reading Th230 from /home/diogo/openmc_data/endfb-vii.1-hdf5/neutron/Th230.h5
 Reading Th231 from /home/diogo/openmc_data/endfb-vii.1-hdf5/neutron/Th231.h5
 Reading Th232 from /home/diogo/openmc_data/endfb-vii.1-hdf5/neutron/Th232.h5
 Reading Th233 from /home/diogo/openmc_data/endfb-vii.1-hdf5/neutron/Th233.h5
 Reading Th234 from /home/diogo/openmc_data/endfb-vii.1-hdf5/neutron/Th234.h5
 Reading Pa229 from /home/diogo/openmc_data/endfb-vii.1-hdf5/neutron/Pa229.h5
 Reading Pa230 from /home/diogo/openmc_data/endfb-vii.1-hdf5/neutron/Pa230.h5
 Reading Pa231 from /home/diogo/openmc_data/endfb-vii.1-hdf5/neutron/Pa231.h5
 Reading Pa232 from /home/diogo/openmc_data/endfb-vii.1-hdf5/neutron/Pa232.h5
 Reading Pa233 from /home/diogo/openmc_data/endfb-vii.1-hdf5/neutron/Pa233.h5
 Reading U230 from /home/diogo/openmc_data/endfb-vii.1-hdf5/neutron/U230.h5
 Reading U231 from /home/diogo/openmc_data/endfb-vii.1-hdf5/neutron/U231.h5
 Reading U232 from /home/diogo/openmc_data/endfb-vii.1-hdf5/neutron/U232.h5
 Reading U233 from /home/diogo/openmc_data/endfb-vii.1-hdf5/neutron/U233.h5
 Reading U236 from /home/diogo/openmc_data/endfb-vii.1-hdf5/neutron/U236.h5
 Reading U237 from /home/diogo/openmc_data/endfb-vii.1-hdf5/neutron/U237.h5
 Reading U239 from /home/diogo/openmc_data/endfb-vii.1-hdf5/neutron/U239.h5
 Reading U240 from /home/diogo/openmc_data/endfb-vii.1-hdf5/neutron/U240.h5
 Reading U241 from /home/diogo/openmc_data/endfb-vii.1-hdf5/neutron/U241.h5
 Reading Np234 from /home/diogo/openmc_data/endfb-vii.1-hdf5/neutron/Np234.h5
 Reading Np235 from /home/diogo/openmc_data/endfb-vii.1-hdf5/neutron/Np235.h5
 Reading Np236 from /home/diogo/openmc_data/endfb-vii.1-hdf5/neutron/Np236.h5
 Reading Np237 from /home/diogo/openmc_data/endfb-vii.1-hdf5/neutron/Np237.h5
 Reading Np238 from /home/diogo/openmc_data/endfb-vii.1-hdf5/neutron/Np238.h5
 Reading Np239 from /home/diogo/openmc_data/endfb-vii.1-hdf5/neutron/Np239.h5
 Reading Pu236 from /home/diogo/openmc_data/endfb-vii.1-hdf5/neutron/Pu236.h5
 Reading Pu237 from /home/diogo/openmc_data/endfb-vii.1-hdf5/neutron/Pu237.h5
 Reading Pu238 from /home/diogo/openmc_data/endfb-vii.1-hdf5/neutron/Pu238.h5
 Reading Pu239 from /home/diogo/openmc_data/endfb-vii.1-hdf5/neutron/Pu239.h5
 Reading Pu240 from /home/diogo/openmc_data/endfb-vii.1-hdf5/neutron/Pu240.h5
 Reading Pu241 from /home/diogo/openmc_data/endfb-vii.1-hdf5/neutron/Pu241.h5
 Reading Pu242 from /home/diogo/openmc_data/endfb-vii.1-hdf5/neutron/Pu242.h5
 Reading Pu243 from /home/diogo/openmc_data/endfb-vii.1-hdf5/neutron/Pu243.h5
 Reading Pu244 from /home/diogo/openmc_data/endfb-vii.1-hdf5/neutron/Pu244.h5
 Reading Pu246 from /home/diogo/openmc_data/endfb-vii.1-hdf5/neutron/Pu246.h5
 Reading Am240 from /home/diogo/openmc_data/endfb-vii.1-hdf5/neutron/Am240.h5
 Reading Am241 from /home/diogo/openmc_data/endfb-vii.1-hdf5/neutron/Am241.h5
 Reading Am242 from /home/diogo/openmc_data/endfb-vii.1-hdf5/neutron/Am242.h5
 Reading Am242_m1 from
 /home/diogo/openmc_data/endfb-vii.1-hdf5/neutron/Am242_m1.h5
 Reading Am243 from /home/diogo/openmc_data/endfb-vii.1-hdf5/neutron/Am243.h5
 Reading Am244 from /home/diogo/openmc_data/endfb-vii.1-hdf5/neutron/Am244.h5
 Reading Am244_m1 from
 /home/diogo/openmc_data/endfb-vii.1-hdf5/neutron/Am244_m1.h5
 Reading Cm240 from /home/diogo/openmc_data/endfb-vii.1-hdf5/neutron/Cm240.h5
 Reading Cm241 from /home/diogo/openmc_data/endfb-vii.1-hdf5/neutron/Cm241.h5
 Reading Cm242 from /home/diogo/openmc_data/endfb-vii.1-hdf5/neutron/Cm242.h5
 Reading Cm243 from /home/diogo/openmc_data/endfb-vii.1-hdf5/neutron/Cm243.h5
 Reading Cm244 from /home/diogo/openmc_data/endfb-vii.1-hdf5/neutron/Cm244.h5
 Reading Cm245 from /home/diogo/openmc_data/endfb-vii.1-hdf5/neutron/Cm245.h5
 Reading Cm246 from /home/diogo/openmc_data/endfb-vii.1-hdf5/neutron/Cm246.h5
 Reading Cm247 from /home/diogo/openmc_data/endfb-vii.1-hdf5/neutron/Cm247.h5
 Reading Cm248 from /home/diogo/openmc_data/endfb-vii.1-hdf5/neutron/Cm248.h5
 Reading Cm249 from /home/diogo/openmc_data/endfb-vii.1-hdf5/neutron/Cm249.h5
 Reading Cm250 from /home/diogo/openmc_data/endfb-vii.1-hdf5/neutron/Cm250.h5
 Reading Bk245 from /home/diogo/openmc_data/endfb-vii.1-hdf5/neutron/Bk245.h5
 Reading Bk246 from /home/diogo/openmc_data/endfb-vii.1-hdf5/neutron/Bk246.h5
 Reading Bk247 from /home/diogo/openmc_data/endfb-vii.1-hdf5/neutron/Bk247.h5
 Reading Bk248 from /home/diogo/openmc_data/endfb-vii.1-hdf5/neutron/Bk248.h5
 Reading Bk249 from /home/diogo/openmc_data/endfb-vii.1-hdf5/neutron/Bk249.h5
 Reading Bk250 from /home/diogo/openmc_data/endfb-vii.1-hdf5/neutron/Bk250.h5
 Reading Cf246 from /home/diogo/openmc_data/endfb-vii.1-hdf5/neutron/Cf246.h5
 Reading Cf248 from /home/diogo/openmc_data/endfb-vii.1-hdf5/neutron/Cf248.h5
 Reading Cf249 from /home/diogo/openmc_data/endfb-vii.1-hdf5/neutron/Cf249.h5
 Reading Cf250 from /home/diogo/openmc_data/endfb-vii.1-hdf5/neutron/Cf250.h5
 WARNING: Negative value(s) found on probability table for nuclide Cf250 at 250K
 WARNING: Negative value(s) found on probability table for nuclide Cf250 at 294K
 WARNING: Negative value(s) found on probability table for nuclide Cf250 at 900K
 WARNING: Negative value(s) found on probability table for nuclide Cf250 at
          1200K
 Reading Cf251 from /home/diogo/openmc_data/endfb-vii.1-hdf5/neutron/Cf251.h5
 Reading Cf252 from /home/diogo/openmc_data/endfb-vii.1-hdf5/neutron/Cf252.h5
 Reading Cf253 from /home/diogo/openmc_data/endfb-vii.1-hdf5/neutron/Cf253.h5
 Reading Es253 from /home/diogo/openmc_data/endfb-vii.1-hdf5/neutron/Es253.h5
 Reading Ir191 from /home/diogo/openmc_data/endfb-vii.1-hdf5/neutron/Ir191.h5
 Reading Ir193 from /home/diogo/openmc_data/endfb-vii.1-hdf5/neutron/Ir193.h5
 Reading Hg198 from /home/diogo/openmc_data/endfb-vii.1-hdf5/neutron/Hg198.h5
 Reading Hg199 from /home/diogo/openmc_data/endfb-vii.1-hdf5/neutron/Hg199.h5
 Reading Hg200 from /home/diogo/openmc_data/endfb-vii.1-hdf5/neutron/Hg200.h5
 Reading Hg201 from /home/diogo/openmc_data/endfb-vii.1-hdf5/neutron/Hg201.h5
 Reading Tl203 from /home/diogo/openmc_data/endfb-vii.1-hdf5/neutron/Tl203.h5
 Reading Pb204 from /home/diogo/openmc_data/endfb-vii.1-hdf5/neutron/Pb204.h5
 Reading Pb206 from /home/diogo/openmc_data/endfb-vii.1-hdf5/neutron/Pb206.h5
 Reading Cf254 from /home/diogo/openmc_data/endfb-vii.1-hdf5/neutron/Cf254.h5
 Reading Es251 from /home/diogo/openmc_data/endfb-vii.1-hdf5/neutron/Es251.h5
 Reading Es252 from /home/diogo/openmc_data/endfb-vii.1-hdf5/neutron/Es252.h5
 Reading Es254 from /home/diogo/openmc_data/endfb-vii.1-hdf5/neutron/Es254.h5
 Reading Es254_m1 from
 /home/diogo/openmc_data/endfb-vii.1-hdf5/neutron/Es254_m1.h5
 Reading Es255 from /home/diogo/openmc_data/endfb-vii.1-hdf5/neutron/Es255.h5
 Reading Fm255 from /home/diogo/openmc_data/endfb-vii.1-hdf5/neutron/Fm255.h5
 Reading Au197 from /home/diogo/openmc_data/endfb-vii.1-hdf5/neutron/Au197.h5
 Reading Hg196 from /home/diogo/openmc_data/endfb-vii.1-hdf5/neutron/Hg196.h5
 Reading Be9 from /home/diogo/openmc_data/endfb-vii.1-hdf5/neutron/Be9.h5
 Reading Ca48 from /home/diogo/openmc_data/endfb-vii.1-hdf5/neutron/Ca48.h5
 Reading Co58_m1 from
 /home/diogo/openmc_data/endfb-vii.1-hdf5/neutron/Co58_m1.h5
 Reading Lu175 from /home/diogo/openmc_data/endfb-vii.1-hdf5/neutron/Lu175.h5
 Reading Lu176 from /home/diogo/openmc_data/endfb-vii.1-hdf5/neutron/Lu176.h5
 Reading Hf174 from /home/diogo/openmc_data/endfb-vii.1-hdf5/neutron/Hf174.h5
 Reading Hf176 from /home/diogo/openmc_data/endfb-vii.1-hdf5/neutron/Hf176.h5
 Reading Hf177 from /home/diogo/openmc_data/endfb-vii.1-hdf5/neutron/Hf177.h5
 Reading Hf178 from /home/diogo/openmc_data/endfb-vii.1-hdf5/neutron/Hf178.h5
 Reading Hf179 from /home/diogo/openmc_data/endfb-vii.1-hdf5/neutron/Hf179.h5
 Reading Hf180 from /home/diogo/openmc_data/endfb-vii.1-hdf5/neutron/Hf180.h5
 Reading Ta180 from /home/diogo/openmc_data/endfb-vii.1-hdf5/neutron/Ta180.h5
 Reading Ta181 from /home/diogo/openmc_data/endfb-vii.1-hdf5/neutron/Ta181.h5
 Reading Ta182 from /home/diogo/openmc_data/endfb-vii.1-hdf5/neutron/Ta182.h5
 Reading W180 from /home/diogo/openmc_data/endfb-vii.1-hdf5/neutron/W180.h5
 Reading W182 from /home/diogo/openmc_data/endfb-vii.1-hdf5/neutron/W182.h5
 Reading W183 from /home/diogo/openmc_data/endfb-vii.1-hdf5/neutron/W183.h5
 Reading W184 from /home/diogo/openmc_data/endfb-vii.1-hdf5/neutron/W184.h5
 Reading W186 from /home/diogo/openmc_data/endfb-vii.1-hdf5/neutron/W186.h5
 Reading Re185 from /home/diogo/openmc_data/endfb-vii.1-hdf5/neutron/Re185.h5
 Reading Re187 from /home/diogo/openmc_data/endfb-vii.1-hdf5/neutron/Re187.h5
 Maximum neutron transport energy: 20000000 eV for H1
 Initializing source particles...

 ====================>     K EIGENVALUE SIMULATION     <====================

  Bat./Gen.      k       Entropy         Average k 
  =========   ========   ========   ====================
        1/1    1.10061    5.95751
        2/1    1.10089    5.96747
        3/1    1.11023    5.96507
        4/1    1.09518    5.96910
        5/1    1.08424    5.96930
        6/1    1.13805    5.96686
        7/1    1.07880    5.96516
        8/1    1.09670    5.96297
        9/1    1.09644    5.97408
       10/1    1.10215    5.96911
       11/1    1.07919    5.96317
       12/1    1.08223    5.96202
       13/1    1.11686    5.96006
       14/1    1.10633    5.96491
       15/1    1.11064    5.96744
       16/1    1.09042    5.96213
       17/1    1.12829    5.96599
       18/1    1.05829    5.97387
       19/1    1.05696    5.97065
       20/1    1.05298    5.96349
       21/1    1.06845    5.96861
       22/1    1.12953    5.95853    1.09899 +/- 0.03054
       23/1    1.04146    5.97250    1.07981 +/- 0.02605
       24/1    1.07757    5.96423    1.07925 +/- 0.01843
       25/1    1.09177    5.96410    1.08176 +/- 0.01449
       26/1    1.14293    5.97120    1.09195 +/- 0.01562
       27/1    1.10143    5.96526    1.09331 +/- 0.01327
       28/1    1.11505    5.97553    1.09602 +/- 0.01181
       29/1    1.14275    5.96009    1.10122 +/- 0.01164
       30/1    1.06614    5.96531    1.09771 +/- 0.01098
       31/1    1.04150    5.96293    1.09260 +/- 0.01117
       32/1    1.04819    5.95630    1.08890 +/- 0.01085
       33/1    1.09433    5.97123    1.08932 +/- 0.00999
       34/1    1.10107    5.96905    1.09016 +/- 0.00929
       35/1    1.11844    5.96611    1.09204 +/- 0.00885
       36/1    1.11612    5.97823    1.09355 +/- 0.00841
       37/1    1.09934    5.97433    1.09389 +/- 0.00791
       38/1    1.09200    5.97122    1.09378 +/- 0.00746
       39/1    1.10988    5.96523    1.09463 +/- 0.00710
       40/1    1.09566    5.96823    1.09468 +/- 0.00674
       41/1    1.09358    5.97789    1.09463 +/- 0.00641
       42/1    1.08045    5.96876    1.09398 +/- 0.00615
       43/1    1.09166    5.97097    1.09388 +/- 0.00587
       44/1    1.06151    5.96994    1.09253 +/- 0.00578
       45/1    1.07592    5.97258    1.09187 +/- 0.00559
       46/1    1.09569    5.96433    1.09202 +/- 0.00537
       47/1    1.10152    5.95894    1.09237 +/- 0.00518
       48/1    1.11807    5.96985    1.09329 +/- 0.00507
       49/1    1.10042    5.95670    1.09353 +/- 0.00490
       50/1    1.08204    5.96798    1.09315 +/- 0.00475
       51/1    1.09653    5.96777    1.09326 +/- 0.00460
       52/1    1.12035    5.97014    1.09411 +/- 0.00453
       53/1    1.11591    5.97167    1.09477 +/- 0.00444
       54/1    1.10848    5.96660    1.09517 +/- 0.00433
       55/1    1.10874    5.97356    1.09556 +/- 0.00422
       56/1    1.08245    5.96906    1.09519 +/- 0.00412
       57/1    1.10240    5.96966    1.09539 +/- 0.00401
       58/1    1.12527    5.96215    1.09617 +/- 0.00398
       59/1    1.07942    5.96194    1.09574 +/- 0.00390
       60/1    1.10840    5.96545    1.09606 +/- 0.00382
 Creating state point statepoint.60.h5...

 =======================>     TIMING STATISTICS     <=======================

 Total time for initialization     = 6.2025e+00 seconds
   Reading cross sections          = 5.3785e+00 seconds
 Total time in simulation          = 4.0722e+01 seconds
   Time in transport only          = 4.0559e+01 seconds
   Time in inactive batches        = 8.0078e+00 seconds
   Time in active batches          = 3.2714e+01 seconds
   Time synchronizing fission bank = 2.3173e-02 seconds
     Sampling source sites         = 2.0580e-02 seconds
     SEND/RECV source sites        = 2.3173e-03 seconds
   Time accumulating tallies       = 8.2925e-02 seconds
   Time writing statepoints        = 2.8250e-02 seconds
 Total time for finalization       = 7.2508e-04 seconds
 Total time elapsed                = 4.7397e+01 seconds
 Calculation Rate (inactive)       = 9990.22 particles/second
 Calculation Rate (active)         = 4890.91 particles/second

 ============================>     RESULTS     <============================

 k-effective (Collision)     = 1.09431 +/- 0.00311
 k-effective (Track-length)  = 1.09606 +/- 0.00382
 k-effective (Absorption)    = 1.09514 +/- 0.00292
 Combined k-effective        = 1.09497 +/- 0.00253
 Leakage Fraction            = 0.00000 +/- 0.00000

 Creating state point openmc_simulation_n3.h5...
[t64b] threads 64, seed 1130245551, bu [0.0, 0.5, 1.5, 1.6]
[t64b] k 1.1157872707434457  1.0940851780042467  1.0972093940929866  1.0949663942647758   (4.2 min)
                                %%%%%%%%%%%%%%%
                           %%%%%%%%%%%%%%%%%%%%%%%%
                        %%%%%%%%%%%%%%%%%%%%%%%%%%%%%%
                      %%%%%%%%%%%%%%%%%%%%%%%%%%%%%%%%%%
                    %%%%%%%%%%%%%%%%%%%%%%%%%%%%%%%%%%%%%%
                   %%%%%%%%%%%%%%%%%%%%%%%%%%%%%%%%%%%%%%%%
                                    %%%%%%%%%%%%%%%%%%%%%%%%
                                     %%%%%%%%%%%%%%%%%%%%%%%%
                 ###############      %%%%%%%%%%%%%%%%%%%%%%%%
                ##################     %%%%%%%%%%%%%%%%%%%%%%%
                ###################     %%%%%%%%%%%%%%%%%%%%%%%
                ####################     %%%%%%%%%%%%%%%%%%%%%%
                #####################     %%%%%%%%%%%%%%%%%%%%%
                ######################     %%%%%%%%%%%%%%%%%%%%
                #######################     %%%%%%%%%%%%%%%%%%
                 #######################     %%%%%%%%%%%%%%%%%
                 ######################     %%%%%%%%%%%%%%%%%
                  ####################     %%%%%%%%%%%%%%%%%
                    #################     %%%%%%%%%%%%%%%%%
                     ###############     %%%%%%%%%%%%%%%%
                       ############     %%%%%%%%%%%%%%%
                          ########     %%%%%%%%%%%%%%
                                      %%%%%%%%%%%

                 | The OpenMC Monte Carlo Code
       Copyright | 2011-2025 MIT, UChicago Argonne LLC, and contributors
         License | https://docs.openmc.org/en/latest/license.html
         Version | 0.15.3
     Commit Hash | 27e38e894697bb32a1dac7848d2618818b6b8daf
       Date/Time | 2026-09-26 20:09:12
   MPI Processes | 1
  OpenMP Threads | 1

 Reading settings XML file...
 Reading cross sections XML file...
 Reading chain file: /home/diogo/openmc_data/chain_endfb71_pwr.xml...
 Reading materials XML file...
 Reading geometry XML file...
 Reading H1 from /home/diogo/openmc_data/endfb-vii.1-hdf5/neutron/H1.h5
 Reading H2 from /home/diogo/openmc_data/endfb-vii.1-hdf5/neutron/H2.h5
 Reading B10 from /home/diogo/openmc_data/endfb-vii.1-hdf5/neutron/B10.h5
 Reading B11 from /home/diogo/openmc_data/endfb-vii.1-hdf5/neutron/B11.h5
 Reading O16 from /home/diogo/openmc_data/endfb-vii.1-hdf5/neutron/O16.h5
 Reading O17 from /home/diogo/openmc_data/endfb-vii.1-hdf5/neutron/O17.h5
 Reading Cr50 from /home/diogo/openmc_data/endfb-vii.1-hdf5/neutron/Cr50.h5
 Reading Cr52 from /home/diogo/openmc_data/endfb-vii.1-hdf5/neutron/Cr52.h5
 Reading Cr53 from /home/diogo/openmc_data/endfb-vii.1-hdf5/neutron/Cr53.h5
 Reading Cr54 from /home/diogo/openmc_data/endfb-vii.1-hdf5/neutron/Cr54.h5
 Reading Fe54 from /home/diogo/openmc_data/endfb-vii.1-hdf5/neutron/Fe54.h5
 Reading Fe56 from /home/diogo/openmc_data/endfb-vii.1-hdf5/neutron/Fe56.h5
 Reading Fe57 from /home/diogo/openmc_data/endfb-vii.1-hdf5/neutron/Fe57.h5
 Reading Fe58 from /home/diogo/openmc_data/endfb-vii.1-hdf5/neutron/Fe58.h5
 Reading Zr90 from /home/diogo/openmc_data/endfb-vii.1-hdf5/neutron/Zr90.h5
 Reading Zr91 from /home/diogo/openmc_data/endfb-vii.1-hdf5/neutron/Zr91.h5
 Reading Zr92 from /home/diogo/openmc_data/endfb-vii.1-hdf5/neutron/Zr92.h5
 Reading Zr94 from /home/diogo/openmc_data/endfb-vii.1-hdf5/neutron/Zr94.h5
 Reading Zr96 from /home/diogo/openmc_data/endfb-vii.1-hdf5/neutron/Zr96.h5
 Reading Sn112 from /home/diogo/openmc_data/endfb-vii.1-hdf5/neutron/Sn112.h5
 Reading Sn114 from /home/diogo/openmc_data/endfb-vii.1-hdf5/neutron/Sn114.h5
 Reading Sn115 from /home/diogo/openmc_data/endfb-vii.1-hdf5/neutron/Sn115.h5
 Reading Sn116 from /home/diogo/openmc_data/endfb-vii.1-hdf5/neutron/Sn116.h5
 Reading Sn117 from /home/diogo/openmc_data/endfb-vii.1-hdf5/neutron/Sn117.h5
 Reading Sn118 from /home/diogo/openmc_data/endfb-vii.1-hdf5/neutron/Sn118.h5
 Reading Sn119 from /home/diogo/openmc_data/endfb-vii.1-hdf5/neutron/Sn119.h5
 Reading Sn120 from /home/diogo/openmc_data/endfb-vii.1-hdf5/neutron/Sn120.h5
 Reading Sn122 from /home/diogo/openmc_data/endfb-vii.1-hdf5/neutron/Sn122.h5
 Reading Sn124 from /home/diogo/openmc_data/endfb-vii.1-hdf5/neutron/Sn124.h5
 Reading He3 from /home/diogo/openmc_data/endfb-vii.1-hdf5/neutron/He3.h5
 Reading He4 from /home/diogo/openmc_data/endfb-vii.1-hdf5/neutron/He4.h5
 Reading U234 from /home/diogo/openmc_data/endfb-vii.1-hdf5/neutron/U234.h5
 Reading U235 from /home/diogo/openmc_data/endfb-vii.1-hdf5/neutron/U235.h5
 Reading U238 from /home/diogo/openmc_data/endfb-vii.1-hdf5/neutron/U238.h5
 Reading Gd152 from /home/diogo/openmc_data/endfb-vii.1-hdf5/neutron/Gd152.h5
 Reading Gd154 from /home/diogo/openmc_data/endfb-vii.1-hdf5/neutron/Gd154.h5
 Reading Gd155 from /home/diogo/openmc_data/endfb-vii.1-hdf5/neutron/Gd155.h5
 Reading Gd156 from /home/diogo/openmc_data/endfb-vii.1-hdf5/neutron/Gd156.h5
 Reading Gd157 from /home/diogo/openmc_data/endfb-vii.1-hdf5/neutron/Gd157.h5
 Reading Gd158 from /home/diogo/openmc_data/endfb-vii.1-hdf5/neutron/Gd158.h5
 Reading Gd160 from /home/diogo/openmc_data/endfb-vii.1-hdf5/neutron/Gd160.h5
 Reading c_H_in_H2O from
 /home/diogo/openmc_data/endfb-vii.1-hdf5/neutron/c_H_in_H2O.h5
 Minimum neutron data temperature: 294 K
 Maximum neutron data temperature: 2500 K
 Reading tallies XML file...
 Preparing distributed cell instances...
 Reading plot XML file...
 Writing summary.h5 file...
[openmc.deplete] t=0.0 s, dt=4327203.051553669 s, source=1491105.972264863
 Reading H3 from /home/diogo/openmc_data/endfb-vii.1-hdf5/neutron/H3.h5
 Reading Li6 from /home/diogo/openmc_data/endfb-vii.1-hdf5/neutron/Li6.h5
 Reading Li7 from /home/diogo/openmc_data/endfb-vii.1-hdf5/neutron/Li7.h5
 Reading Be9 from /home/diogo/openmc_data/endfb-vii.1-hdf5/neutron/Be9.h5
 Reading N14 from /home/diogo/openmc_data/endfb-vii.1-hdf5/neutron/N14.h5
 Reading N15 from /home/diogo/openmc_data/endfb-vii.1-hdf5/neutron/N15.h5
 Reading F19 from /home/diogo/openmc_data/endfb-vii.1-hdf5/neutron/F19.h5
 Reading Na22 from /home/diogo/openmc_data/endfb-vii.1-hdf5/neutron/Na22.h5
 WARNING: Negative value(s) found on probability table for nuclide Na22 at 250K
 WARNING: Negative value(s) found on probability table for nuclide Na22 at 294K
 WARNING: Negative value(s) found on probability table for nuclide Na22 at 600K
 WARNING: Negative value(s) found on probability table for nuclide Na22 at 900K
 WARNING: Negative value(s) found on probability table for nuclide Na22 at 1200K
 WARNING: Negative value(s) found on probability table for nuclide Na22 at 2500K
 Reading Na23 from /home/diogo/openmc_data/endfb-vii.1-hdf5/neutron/Na23.h5
 Reading Mg24 from /home/diogo/openmc_data/endfb-vii.1-hdf5/neutron/Mg24.h5
 Reading Mg25 from /home/diogo/openmc_data/endfb-vii.1-hdf5/neutron/Mg25.h5
 Reading Mg26 from /home/diogo/openmc_data/endfb-vii.1-hdf5/neutron/Mg26.h5
 Reading Al27 from /home/diogo/openmc_data/endfb-vii.1-hdf5/neutron/Al27.h5
 Reading Si28 from /home/diogo/openmc_data/endfb-vii.1-hdf5/neutron/Si28.h5
 Reading Si29 from /home/diogo/openmc_data/endfb-vii.1-hdf5/neutron/Si29.h5
 Reading Si30 from /home/diogo/openmc_data/endfb-vii.1-hdf5/neutron/Si30.h5
 Reading P31 from /home/diogo/openmc_data/endfb-vii.1-hdf5/neutron/P31.h5
 Reading S32 from /home/diogo/openmc_data/endfb-vii.1-hdf5/neutron/S32.h5
 Reading S33 from /home/diogo/openmc_data/endfb-vii.1-hdf5/neutron/S33.h5
 Reading S34 from /home/diogo/openmc_data/endfb-vii.1-hdf5/neutron/S34.h5
 Reading S36 from /home/diogo/openmc_data/endfb-vii.1-hdf5/neutron/S36.h5
 Reading Cl35 from /home/diogo/openmc_data/endfb-vii.1-hdf5/neutron/Cl35.h5
 Reading Cl37 from /home/diogo/openmc_data/endfb-vii.1-hdf5/neutron/Cl37.h5
 Reading Ar36 from /home/diogo/openmc_data/endfb-vii.1-hdf5/neutron/Ar36.h5
 WARNING: Negative value(s) found on probability table for nuclide Ar36 at 250K
 WARNING: Negative value(s) found on probability table for nuclide Ar36 at 294K
 WARNING: Negative value(s) found on probability table for nuclide Ar36 at 600K
 WARNING: Negative value(s) found on probability table for nuclide Ar36 at 900K
 WARNING: Negative value(s) found on probability table for nuclide Ar36 at 1200K
 WARNING: Negative value(s) found on probability table for nuclide Ar36 at 2500K
 Reading Ar38 from /home/diogo/openmc_data/endfb-vii.1-hdf5/neutron/Ar38.h5
 Reading Ar40 from /home/diogo/openmc_data/endfb-vii.1-hdf5/neutron/Ar40.h5
 Reading K39 from /home/diogo/openmc_data/endfb-vii.1-hdf5/neutron/K39.h5
 Reading K40 from /home/diogo/openmc_data/endfb-vii.1-hdf5/neutron/K40.h5
 Reading K41 from /home/diogo/openmc_data/endfb-vii.1-hdf5/neutron/K41.h5
 Reading Ca40 from /home/diogo/openmc_data/endfb-vii.1-hdf5/neutron/Ca40.h5
 Reading Ca42 from /home/diogo/openmc_data/endfb-vii.1-hdf5/neutron/Ca42.h5
 Reading Ca43 from /home/diogo/openmc_data/endfb-vii.1-hdf5/neutron/Ca43.h5
 Reading Ca44 from /home/diogo/openmc_data/endfb-vii.1-hdf5/neutron/Ca44.h5
 Reading Ca46 from /home/diogo/openmc_data/endfb-vii.1-hdf5/neutron/Ca46.h5
 Reading Ca48 from /home/diogo/openmc_data/endfb-vii.1-hdf5/neutron/Ca48.h5
 Reading Sc45 from /home/diogo/openmc_data/endfb-vii.1-hdf5/neutron/Sc45.h5
 Reading Ti46 from /home/diogo/openmc_data/endfb-vii.1-hdf5/neutron/Ti46.h5
 Reading Ti47 from /home/diogo/openmc_data/endfb-vii.1-hdf5/neutron/Ti47.h5
 Reading Ti48 from /home/diogo/openmc_data/endfb-vii.1-hdf5/neutron/Ti48.h5
 Reading Ti49 from /home/diogo/openmc_data/endfb-vii.1-hdf5/neutron/Ti49.h5
 Reading Ti50 from /home/diogo/openmc_data/endfb-vii.1-hdf5/neutron/Ti50.h5
 Reading V50 from /home/diogo/openmc_data/endfb-vii.1-hdf5/neutron/V50.h5
 Reading V51 from /home/diogo/openmc_data/endfb-vii.1-hdf5/neutron/V51.h5
 Reading Mn55 from /home/diogo/openmc_data/endfb-vii.1-hdf5/neutron/Mn55.h5
 Reading Co58 from /home/diogo/openmc_data/endfb-vii.1-hdf5/neutron/Co58.h5
 Reading Co58_m1 from
 /home/diogo/openmc_data/endfb-vii.1-hdf5/neutron/Co58_m1.h5
 Reading Co59 from /home/diogo/openmc_data/endfb-vii.1-hdf5/neutron/Co59.h5
 Reading Ni58 from /home/diogo/openmc_data/endfb-vii.1-hdf5/neutron/Ni58.h5
 Reading Ni59 from /home/diogo/openmc_data/endfb-vii.1-hdf5/neutron/Ni59.h5
 Reading Ni60 from /home/diogo/openmc_data/endfb-vii.1-hdf5/neutron/Ni60.h5
 Reading Ni61 from /home/diogo/openmc_data/endfb-vii.1-hdf5/neutron/Ni61.h5
 Reading Ni62 from /home/diogo/openmc_data/endfb-vii.1-hdf5/neutron/Ni62.h5
 Reading Ni64 from /home/diogo/openmc_data/endfb-vii.1-hdf5/neutron/Ni64.h5
 Reading Cu63 from /home/diogo/openmc_data/endfb-vii.1-hdf5/neutron/Cu63.h5
 Reading Cu65 from /home/diogo/openmc_data/endfb-vii.1-hdf5/neutron/Cu65.h5
 Reading Zn64 from /home/diogo/openmc_data/endfb-vii.1-hdf5/neutron/Zn64.h5
 Reading Zn65 from /home/diogo/openmc_data/endfb-vii.1-hdf5/neutron/Zn65.h5
 Reading Zn66 from /home/diogo/openmc_data/endfb-vii.1-hdf5/neutron/Zn66.h5
 Reading Zn67 from /home/diogo/openmc_data/endfb-vii.1-hdf5/neutron/Zn67.h5
 Reading Zn68 from /home/diogo/openmc_data/endfb-vii.1-hdf5/neutron/Zn68.h5
 Reading Zn70 from /home/diogo/openmc_data/endfb-vii.1-hdf5/neutron/Zn70.h5
 Reading Ga69 from /home/diogo/openmc_data/endfb-vii.1-hdf5/neutron/Ga69.h5
 Reading Ga71 from /home/diogo/openmc_data/endfb-vii.1-hdf5/neutron/Ga71.h5
 Reading Ge70 from /home/diogo/openmc_data/endfb-vii.1-hdf5/neutron/Ge70.h5
 Reading Ge72 from /home/diogo/openmc_data/endfb-vii.1-hdf5/neutron/Ge72.h5
 Reading Ge73 from /home/diogo/openmc_data/endfb-vii.1-hdf5/neutron/Ge73.h5
 Reading Ge74 from /home/diogo/openmc_data/endfb-vii.1-hdf5/neutron/Ge74.h5
 Reading Ge76 from /home/diogo/openmc_data/endfb-vii.1-hdf5/neutron/Ge76.h5
 Reading As74 from /home/diogo/openmc_data/endfb-vii.1-hdf5/neutron/As74.h5
 Reading As75 from /home/diogo/openmc_data/endfb-vii.1-hdf5/neutron/As75.h5
 Reading Se74 from /home/diogo/openmc_data/endfb-vii.1-hdf5/neutron/Se74.h5
 Reading Se76 from /home/diogo/openmc_data/endfb-vii.1-hdf5/neutron/Se76.h5
 Reading Se77 from /home/diogo/openmc_data/endfb-vii.1-hdf5/neutron/Se77.h5
 Reading Se78 from /home/diogo/openmc_data/endfb-vii.1-hdf5/neutron/Se78.h5
 Reading Se79 from /home/diogo/openmc_data/endfb-vii.1-hdf5/neutron/Se79.h5
 WARNING: Negative value(s) found on probability table for nuclide Se79 at 250K
 WARNING: Negative value(s) found on probability table for nuclide Se79 at 294K
 WARNING: Negative value(s) found on probability table for nuclide Se79 at 600K
 WARNING: Negative value(s) found on probability table for nuclide Se79 at 900K
 WARNING: Negative value(s) found on probability table for nuclide Se79 at 1200K
 Reading Se80 from /home/diogo/openmc_data/endfb-vii.1-hdf5/neutron/Se80.h5
 Reading Se82 from /home/diogo/openmc_data/endfb-vii.1-hdf5/neutron/Se82.h5
 Reading Br79 from /home/diogo/openmc_data/endfb-vii.1-hdf5/neutron/Br79.h5
 Reading Br81 from /home/diogo/openmc_data/endfb-vii.1-hdf5/neutron/Br81.h5
 Reading Kr78 from /home/diogo/openmc_data/endfb-vii.1-hdf5/neutron/Kr78.h5
 Reading Kr80 from /home/diogo/openmc_data/endfb-vii.1-hdf5/neutron/Kr80.h5
 Reading Kr82 from /home/diogo/openmc_data/endfb-vii.1-hdf5/neutron/Kr82.h5
 Reading Kr83 from /home/diogo/openmc_data/endfb-vii.1-hdf5/neutron/Kr83.h5
 Reading Kr84 from /home/diogo/openmc_data/endfb-vii.1-hdf5/neutron/Kr84.h5
 Reading Kr85 from /home/diogo/openmc_data/endfb-vii.1-hdf5/neutron/Kr85.h5
 Reading Kr86 from /home/diogo/openmc_data/endfb-vii.1-hdf5/neutron/Kr86.h5
 Reading Rb85 from /home/diogo/openmc_data/endfb-vii.1-hdf5/neutron/Rb85.h5
 Reading Rb86 from /home/diogo/openmc_data/endfb-vii.1-hdf5/neutron/Rb86.h5
 Reading Rb87 from /home/diogo/openmc_data/endfb-vii.1-hdf5/neutron/Rb87.h5
 Reading Sr84 from /home/diogo/openmc_data/endfb-vii.1-hdf5/neutron/Sr84.h5
 Reading Sr86 from /home/diogo/openmc_data/endfb-vii.1-hdf5/neutron/Sr86.h5
 Reading Sr87 from /home/diogo/openmc_data/endfb-vii.1-hdf5/neutron/Sr87.h5
 Reading Sr88 from /home/diogo/openmc_data/endfb-vii.1-hdf5/neutron/Sr88.h5
 Reading Sr89 from /home/diogo/openmc_data/endfb-vii.1-hdf5/neutron/Sr89.h5
 Reading Sr90 from /home/diogo/openmc_data/endfb-vii.1-hdf5/neutron/Sr90.h5
 Reading Y89 from /home/diogo/openmc_data/endfb-vii.1-hdf5/neutron/Y89.h5
 Reading Y90 from /home/diogo/openmc_data/endfb-vii.1-hdf5/neutron/Y90.h5
 Reading Y91 from /home/diogo/openmc_data/endfb-vii.1-hdf5/neutron/Y91.h5
 Reading Zr93 from /home/diogo/openmc_data/endfb-vii.1-hdf5/neutron/Zr93.h5
 Reading Zr95 from /home/diogo/openmc_data/endfb-vii.1-hdf5/neutron/Zr95.h5
 Reading Nb93 from /home/diogo/openmc_data/endfb-vii.1-hdf5/neutron/Nb93.h5
 Reading Nb94 from /home/diogo/openmc_data/endfb-vii.1-hdf5/neutron/Nb94.h5
 WARNING: Negative value(s) found on probability table for nuclide Nb94 at 250K
 WARNING: Negative value(s) found on probability table for nuclide Nb94 at 294K
 WARNING: Negative value(s) found on probability table for nuclide Nb94 at 600K
 WARNING: Negative value(s) found on probability table for nuclide Nb94 at 900K
 WARNING: Negative value(s) found on probability table for nuclide Nb94 at 1200K
 WARNING: Negative value(s) found on probability table for nuclide Nb94 at 2500K
 Reading Nb95 from /home/diogo/openmc_data/endfb-vii.1-hdf5/neutron/Nb95.h5
 WARNING: Negative value(s) found on probability table for nuclide Nb95 at 250K
 WARNING: Negative value(s) found on probability table for nuclide Nb95 at 294K
 WARNING: Negative value(s) found on probability table for nuclide Nb95 at 600K
 WARNING: Negative value(s) found on probability table for nuclide Nb95 at 900K
 WARNING: Negative value(s) found on probability table for nuclide Nb95 at 1200K
 Reading Mo92 from /home/diogo/openmc_data/endfb-vii.1-hdf5/neutron/Mo92.h5
 Reading Mo94 from /home/diogo/openmc_data/endfb-vii.1-hdf5/neutron/Mo94.h5
 Reading Mo95 from /home/diogo/openmc_data/endfb-vii.1-hdf5/neutron/Mo95.h5
 Reading Mo96 from /home/diogo/openmc_data/endfb-vii.1-hdf5/neutron/Mo96.h5
 Reading Mo97 from /home/diogo/openmc_data/endfb-vii.1-hdf5/neutron/Mo97.h5
 Reading Mo98 from /home/diogo/openmc_data/endfb-vii.1-hdf5/neutron/Mo98.h5
 Reading Mo99 from /home/diogo/openmc_data/endfb-vii.1-hdf5/neutron/Mo99.h5
 WARNING: Negative value(s) found on probability table for nuclide Mo99 at 250K
 WARNING: Negative value(s) found on probability table for nuclide Mo99 at 294K
 WARNING: Negative value(s) found on probability table for nuclide Mo99 at 600K
 WARNING: Negative value(s) found on probability table for nuclide Mo99 at 900K
 WARNING: Negative value(s) found on probability table for nuclide Mo99 at 1200K
 WARNING: Negative value(s) found on probability table for nuclide Mo99 at 2500K
 Reading Mo100 from /home/diogo/openmc_data/endfb-vii.1-hdf5/neutron/Mo100.h5
 Reading Tc99 from /home/diogo/openmc_data/endfb-vii.1-hdf5/neutron/Tc99.h5
 Reading Ru96 from /home/diogo/openmc_data/endfb-vii.1-hdf5/neutron/Ru96.h5
 Reading Ru98 from /home/diogo/openmc_data/endfb-vii.1-hdf5/neutron/Ru98.h5
 Reading Ru99 from /home/diogo/openmc_data/endfb-vii.1-hdf5/neutron/Ru99.h5
 Reading Ru100 from /home/diogo/openmc_data/endfb-vii.1-hdf5/neutron/Ru100.h5
 Reading Ru101 from /home/diogo/openmc_data/endfb-vii.1-hdf5/neutron/Ru101.h5
 Reading Ru102 from /home/diogo/openmc_data/endfb-vii.1-hdf5/neutron/Ru102.h5
 Reading Ru103 from /home/diogo/openmc_data/endfb-vii.1-hdf5/neutron/Ru103.h5
 Reading Ru104 from /home/diogo/openmc_data/endfb-vii.1-hdf5/neutron/Ru104.h5
 Reading Ru105 from /home/diogo/openmc_data/endfb-vii.1-hdf5/neutron/Ru105.h5
 Reading Ru106 from /home/diogo/openmc_data/endfb-vii.1-hdf5/neutron/Ru106.h5
 Reading Rh103 from /home/diogo/openmc_data/endfb-vii.1-hdf5/neutron/Rh103.h5
 Reading Rh105 from /home/diogo/openmc_data/endfb-vii.1-hdf5/neutron/Rh105.h5
 Reading Pd102 from /home/diogo/openmc_data/endfb-vii.1-hdf5/neutron/Pd102.h5
 Reading Pd104 from /home/diogo/openmc_data/endfb-vii.1-hdf5/neutron/Pd104.h5
 Reading Pd105 from /home/diogo/openmc_data/endfb-vii.1-hdf5/neutron/Pd105.h5
 Reading Pd106 from /home/diogo/openmc_data/endfb-vii.1-hdf5/neutron/Pd106.h5
 Reading Pd107 from /home/diogo/openmc_data/endfb-vii.1-hdf5/neutron/Pd107.h5
 Reading Pd108 from /home/diogo/openmc_data/endfb-vii.1-hdf5/neutron/Pd108.h5
 Reading Pd110 from /home/diogo/openmc_data/endfb-vii.1-hdf5/neutron/Pd110.h5
 Reading Ag107 from /home/diogo/openmc_data/endfb-vii.1-hdf5/neutron/Ag107.h5
 Reading Ag109 from /home/diogo/openmc_data/endfb-vii.1-hdf5/neutron/Ag109.h5
 Reading Ag110_m1 from
 /home/diogo/openmc_data/endfb-vii.1-hdf5/neutron/Ag110_m1.h5
 Reading Ag111 from /home/diogo/openmc_data/endfb-vii.1-hdf5/neutron/Ag111.h5
 Reading Cd106 from /home/diogo/openmc_data/endfb-vii.1-hdf5/neutron/Cd106.h5
 WARNING: Negative value(s) found on probability table for nuclide Cd106 at 250K
 WARNING: Negative value(s) found on probability table for nuclide Cd106 at 294K
 WARNING: Negative value(s) found on probability table for nuclide Cd106 at 600K
 WARNING: Negative value(s) found on probability table for nuclide Cd106 at 900K
 WARNING: Negative value(s) found on probability table for nuclide Cd106 at
          1200K
 WARNING: Negative value(s) found on probability table for nuclide Cd106 at
          2500K
 Reading Cd108 from /home/diogo/openmc_data/endfb-vii.1-hdf5/neutron/Cd108.h5
 Reading Cd110 from /home/diogo/openmc_data/endfb-vii.1-hdf5/neutron/Cd110.h5
 Reading Cd111 from /home/diogo/openmc_data/endfb-vii.1-hdf5/neutron/Cd111.h5
 Reading Cd112 from /home/diogo/openmc_data/endfb-vii.1-hdf5/neutron/Cd112.h5
 Reading Cd113 from /home/diogo/openmc_data/endfb-vii.1-hdf5/neutron/Cd113.h5
 Reading Cd114 from /home/diogo/openmc_data/endfb-vii.1-hdf5/neutron/Cd114.h5
 Reading Cd115_m1 from
 /home/diogo/openmc_data/endfb-vii.1-hdf5/neutron/Cd115_m1.h5
 Reading Cd116 from /home/diogo/openmc_data/endfb-vii.1-hdf5/neutron/Cd116.h5
 Reading In113 from /home/diogo/openmc_data/endfb-vii.1-hdf5/neutron/In113.h5
 Reading In115 from /home/diogo/openmc_data/endfb-vii.1-hdf5/neutron/In115.h5
 Reading Sn113 from /home/diogo/openmc_data/endfb-vii.1-hdf5/neutron/Sn113.h5
 Reading Sn123 from /home/diogo/openmc_data/endfb-vii.1-hdf5/neutron/Sn123.h5
 WARNING: Negative value(s) found on probability table for nuclide Sn123 at 250K
 WARNING: Negative value(s) found on probability table for nuclide Sn123 at 294K
 WARNING: Negative value(s) found on probability table for nuclide Sn123 at 600K
 WARNING: Negative value(s) found on probability table for nuclide Sn123 at 900K
 WARNING: Negative value(s) found on probability table for nuclide Sn123 at
          1200K
 WARNING: Negative value(s) found on probability table for nuclide Sn123 at
          2500K
 Reading Sn125 from /home/diogo/openmc_data/endfb-vii.1-hdf5/neutron/Sn125.h5
 Reading Sn126 from /home/diogo/openmc_data/endfb-vii.1-hdf5/neutron/Sn126.h5
 Reading Sb121 from /home/diogo/openmc_data/endfb-vii.1-hdf5/neutron/Sb121.h5
 Reading Sb123 from /home/diogo/openmc_data/endfb-vii.1-hdf5/neutron/Sb123.h5
 Reading Sb124 from /home/diogo/openmc_data/endfb-vii.1-hdf5/neutron/Sb124.h5
 Reading Sb125 from /home/diogo/openmc_data/endfb-vii.1-hdf5/neutron/Sb125.h5
 Reading Sb126 from /home/diogo/openmc_data/endfb-vii.1-hdf5/neutron/Sb126.h5
 Reading Te120 from /home/diogo/openmc_data/endfb-vii.1-hdf5/neutron/Te120.h5
 WARNING: Negative value(s) found on probability table for nuclide Te120 at 600K
 WARNING: Negative value(s) found on probability table for nuclide Te120 at 900K
 WARNING: Negative value(s) found on probability table for nuclide Te120 at
          1200K
 WARNING: Negative value(s) found on probability table for nuclide Te120 at
          2500K
 Reading Te122 from /home/diogo/openmc_data/endfb-vii.1-hdf5/neutron/Te122.h5
 Reading Te123 from /home/diogo/openmc_data/endfb-vii.1-hdf5/neutron/Te123.h5
 Reading Te124 from /home/diogo/openmc_data/endfb-vii.1-hdf5/neutron/Te124.h5
 Reading Te125 from /home/diogo/openmc_data/endfb-vii.1-hdf5/neutron/Te125.h5
 Reading Te126 from /home/diogo/openmc_data/endfb-vii.1-hdf5/neutron/Te126.h5
 Reading Te127_m1 from
 /home/diogo/openmc_data/endfb-vii.1-hdf5/neutron/Te127_m1.h5
 Reading Te128 from /home/diogo/openmc_data/endfb-vii.1-hdf5/neutron/Te128.h5
 Reading Te129_m1 from
 /home/diogo/openmc_data/endfb-vii.1-hdf5/neutron/Te129_m1.h5
 Reading Te130 from /home/diogo/openmc_data/endfb-vii.1-hdf5/neutron/Te130.h5
 Reading Te132 from /home/diogo/openmc_data/endfb-vii.1-hdf5/neutron/Te132.h5
 Reading I127 from /home/diogo/openmc_data/endfb-vii.1-hdf5/neutron/I127.h5
 Reading I129 from /home/diogo/openmc_data/endfb-vii.1-hdf5/neutron/I129.h5
 Reading I130 from /home/diogo/openmc_data/endfb-vii.1-hdf5/neutron/I130.h5
 Reading I131 from /home/diogo/openmc_data/endfb-vii.1-hdf5/neutron/I131.h5
 WARNING: Negative value(s) found on probability table for nuclide I131 at 250K
 WARNING: Negative value(s) found on probability table for nuclide I131 at 294K
 WARNING: Negative value(s) found on probability table for nuclide I131 at 600K
 WARNING: Negative value(s) found on probability table for nuclide I131 at 900K
 WARNING: Negative value(s) found on probability table for nuclide I131 at 1200K
 WARNING: Negative value(s) found on probability table for nuclide I131 at 2500K
 Reading I135 from /home/diogo/openmc_data/endfb-vii.1-hdf5/neutron/I135.h5
 Reading Xe123 from /home/diogo/openmc_data/endfb-vii.1-hdf5/neutron/Xe123.h5
 Reading Xe124 from /home/diogo/openmc_data/endfb-vii.1-hdf5/neutron/Xe124.h5
 Reading Xe126 from /home/diogo/openmc_data/endfb-vii.1-hdf5/neutron/Xe126.h5
 Reading Xe128 from /home/diogo/openmc_data/endfb-vii.1-hdf5/neutron/Xe128.h5
 Reading Xe129 from /home/diogo/openmc_data/endfb-vii.1-hdf5/neutron/Xe129.h5
 Reading Xe130 from /home/diogo/openmc_data/endfb-vii.1-hdf5/neutron/Xe130.h5
 Reading Xe131 from /home/diogo/openmc_data/endfb-vii.1-hdf5/neutron/Xe131.h5
 Reading Xe132 from /home/diogo/openmc_data/endfb-vii.1-hdf5/neutron/Xe132.h5
 Reading Xe133 from /home/diogo/openmc_data/endfb-vii.1-hdf5/neutron/Xe133.h5
 WARNING: Negative value(s) found on probability table for nuclide Xe133 at
          2500K
 Reading Xe134 from /home/diogo/openmc_data/endfb-vii.1-hdf5/neutron/Xe134.h5
 Reading Xe135 from /home/diogo/openmc_data/endfb-vii.1-hdf5/neutron/Xe135.h5
 Reading Xe136 from /home/diogo/openmc_data/endfb-vii.1-hdf5/neutron/Xe136.h5
 Reading Cs133 from /home/diogo/openmc_data/endfb-vii.1-hdf5/neutron/Cs133.h5
 Reading Cs134 from /home/diogo/openmc_data/endfb-vii.1-hdf5/neutron/Cs134.h5
 Reading Cs135 from /home/diogo/openmc_data/endfb-vii.1-hdf5/neutron/Cs135.h5
 Reading Cs136 from /home/diogo/openmc_data/endfb-vii.1-hdf5/neutron/Cs136.h5
 WARNING: Negative value(s) found on probability table for nuclide Cs136 at 250K
 WARNING: Negative value(s) found on probability table for nuclide Cs136 at 294K
 WARNING: Negative value(s) found on probability table for nuclide Cs136 at 600K
 WARNING: Negative value(s) found on probability table for nuclide Cs136 at 900K
 WARNING: Negative value(s) found on probability table for nuclide Cs136 at
          1200K
 WARNING: Negative value(s) found on probability table for nuclide Cs136 at
          2500K
 Reading Cs137 from /home/diogo/openmc_data/endfb-vii.1-hdf5/neutron/Cs137.h5
 Reading Ba130 from /home/diogo/openmc_data/endfb-vii.1-hdf5/neutron/Ba130.h5
 Reading Ba132 from /home/diogo/openmc_data/endfb-vii.1-hdf5/neutron/Ba132.h5
 Reading Ba133 from /home/diogo/openmc_data/endfb-vii.1-hdf5/neutron/Ba133.h5
 Reading Ba134 from /home/diogo/openmc_data/endfb-vii.1-hdf5/neutron/Ba134.h5
 Reading Ba135 from /home/diogo/openmc_data/endfb-vii.1-hdf5/neutron/Ba135.h5
 Reading Ba136 from /home/diogo/openmc_data/endfb-vii.1-hdf5/neutron/Ba136.h5
 Reading Ba137 from /home/diogo/openmc_data/endfb-vii.1-hdf5/neutron/Ba137.h5
 Reading Ba138 from /home/diogo/openmc_data/endfb-vii.1-hdf5/neutron/Ba138.h5
 Reading Ba140 from /home/diogo/openmc_data/endfb-vii.1-hdf5/neutron/Ba140.h5
 Reading La138 from /home/diogo/openmc_data/endfb-vii.1-hdf5/neutron/La138.h5
 Reading La139 from /home/diogo/openmc_data/endfb-vii.1-hdf5/neutron/La139.h5
 Reading La140 from /home/diogo/openmc_data/endfb-vii.1-hdf5/neutron/La140.h5
 Reading Ce136 from /home/diogo/openmc_data/endfb-vii.1-hdf5/neutron/Ce136.h5
 Reading Ce138 from /home/diogo/openmc_data/endfb-vii.1-hdf5/neutron/Ce138.h5
 Reading Ce139 from /home/diogo/openmc_data/endfb-vii.1-hdf5/neutron/Ce139.h5
 Reading Ce140 from /home/diogo/openmc_data/endfb-vii.1-hdf5/neutron/Ce140.h5
 Reading Ce141 from /home/diogo/openmc_data/endfb-vii.1-hdf5/neutron/Ce141.h5
 Reading Ce142 from /home/diogo/openmc_data/endfb-vii.1-hdf5/neutron/Ce142.h5
 Reading Ce143 from /home/diogo/openmc_data/endfb-vii.1-hdf5/neutron/Ce143.h5
 Reading Ce144 from /home/diogo/openmc_data/endfb-vii.1-hdf5/neutron/Ce144.h5
 Reading Pr141 from /home/diogo/openmc_data/endfb-vii.1-hdf5/neutron/Pr141.h5
 Reading Pr142 from /home/diogo/openmc_data/endfb-vii.1-hdf5/neutron/Pr142.h5
 Reading Pr143 from /home/diogo/openmc_data/endfb-vii.1-hdf5/neutron/Pr143.h5
 Reading Nd142 from /home/diogo/openmc_data/endfb-vii.1-hdf5/neutron/Nd142.h5
 Reading Nd143 from /home/diogo/openmc_data/endfb-vii.1-hdf5/neutron/Nd143.h5
 Reading Nd144 from /home/diogo/openmc_data/endfb-vii.1-hdf5/neutron/Nd144.h5
 Reading Nd145 from /home/diogo/openmc_data/endfb-vii.1-hdf5/neutron/Nd145.h5
 Reading Nd146 from /home/diogo/openmc_data/endfb-vii.1-hdf5/neutron/Nd146.h5
 Reading Nd147 from /home/diogo/openmc_data/endfb-vii.1-hdf5/neutron/Nd147.h5
 Reading Nd148 from /home/diogo/openmc_data/endfb-vii.1-hdf5/neutron/Nd148.h5
 Reading Nd150 from /home/diogo/openmc_data/endfb-vii.1-hdf5/neutron/Nd150.h5
 Reading Pm147 from /home/diogo/openmc_data/endfb-vii.1-hdf5/neutron/Pm147.h5
 Reading Pm148 from /home/diogo/openmc_data/endfb-vii.1-hdf5/neutron/Pm148.h5
 Reading Pm148_m1 from
 /home/diogo/openmc_data/endfb-vii.1-hdf5/neutron/Pm148_m1.h5
 Reading Pm149 from /home/diogo/openmc_data/endfb-vii.1-hdf5/neutron/Pm149.h5
 Reading Pm151 from /home/diogo/openmc_data/endfb-vii.1-hdf5/neutron/Pm151.h5
 Reading Sm144 from /home/diogo/openmc_data/endfb-vii.1-hdf5/neutron/Sm144.h5
 Reading Sm147 from /home/diogo/openmc_data/endfb-vii.1-hdf5/neutron/Sm147.h5
 Reading Sm148 from /home/diogo/openmc_data/endfb-vii.1-hdf5/neutron/Sm148.h5
 Reading Sm149 from /home/diogo/openmc_data/endfb-vii.1-hdf5/neutron/Sm149.h5
 Reading Sm150 from /home/diogo/openmc_data/endfb-vii.1-hdf5/neutron/Sm150.h5
 Reading Sm151 from /home/diogo/openmc_data/endfb-vii.1-hdf5/neutron/Sm151.h5
 Reading Sm152 from /home/diogo/openmc_data/endfb-vii.1-hdf5/neutron/Sm152.h5
 Reading Sm153 from /home/diogo/openmc_data/endfb-vii.1-hdf5/neutron/Sm153.h5
 Reading Sm154 from /home/diogo/openmc_data/endfb-vii.1-hdf5/neutron/Sm154.h5
 Reading Eu151 from /home/diogo/openmc_data/endfb-vii.1-hdf5/neutron/Eu151.h5
 Reading Eu152 from /home/diogo/openmc_data/endfb-vii.1-hdf5/neutron/Eu152.h5
 Reading Eu153 from /home/diogo/openmc_data/endfb-vii.1-hdf5/neutron/Eu153.h5
 Reading Eu154 from /home/diogo/openmc_data/endfb-vii.1-hdf5/neutron/Eu154.h5
 Reading Eu155 from /home/diogo/openmc_data/endfb-vii.1-hdf5/neutron/Eu155.h5
 Reading Eu156 from /home/diogo/openmc_data/endfb-vii.1-hdf5/neutron/Eu156.h5
 WARNING: Negative value(s) found on probability table for nuclide Eu156 at 250K
 WARNING: Negative value(s) found on probability table for nuclide Eu156 at 294K
 WARNING: Negative value(s) found on probability table for nuclide Eu156 at 600K
 WARNING: Negative value(s) found on probability table for nuclide Eu156 at 900K
 WARNING: Negative value(s) found on probability table for nuclide Eu156 at
          1200K
 WARNING: Negative value(s) found on probability table for nuclide Eu156 at
          2500K
 Reading Eu157 from /home/diogo/openmc_data/endfb-vii.1-hdf5/neutron/Eu157.h5
 Reading Gd153 from /home/diogo/openmc_data/endfb-vii.1-hdf5/neutron/Gd153.h5
 Reading Tb159 from /home/diogo/openmc_data/endfb-vii.1-hdf5/neutron/Tb159.h5
 Reading Tb160 from /home/diogo/openmc_data/endfb-vii.1-hdf5/neutron/Tb160.h5
 Reading Dy156 from /home/diogo/openmc_data/endfb-vii.1-hdf5/neutron/Dy156.h5
 Reading Dy158 from /home/diogo/openmc_data/endfb-vii.1-hdf5/neutron/Dy158.h5
 Reading Dy160 from /home/diogo/openmc_data/endfb-vii.1-hdf5/neutron/Dy160.h5
 Reading Dy161 from /home/diogo/openmc_data/endfb-vii.1-hdf5/neutron/Dy161.h5
 Reading Dy162 from /home/diogo/openmc_data/endfb-vii.1-hdf5/neutron/Dy162.h5
 Reading Dy163 from /home/diogo/openmc_data/endfb-vii.1-hdf5/neutron/Dy163.h5
 Reading Dy164 from /home/diogo/openmc_data/endfb-vii.1-hdf5/neutron/Dy164.h5
 Reading Ho165 from /home/diogo/openmc_data/endfb-vii.1-hdf5/neutron/Ho165.h5
 Reading Ho166_m1 from
 /home/diogo/openmc_data/endfb-vii.1-hdf5/neutron/Ho166_m1.h5
 Reading Er162 from /home/diogo/openmc_data/endfb-vii.1-hdf5/neutron/Er162.h5
 Reading Er164 from /home/diogo/openmc_data/endfb-vii.1-hdf5/neutron/Er164.h5
 Reading Er166 from /home/diogo/openmc_data/endfb-vii.1-hdf5/neutron/Er166.h5
 Reading Er167 from /home/diogo/openmc_data/endfb-vii.1-hdf5/neutron/Er167.h5
 Reading Er168 from /home/diogo/openmc_data/endfb-vii.1-hdf5/neutron/Er168.h5
 Reading Er170 from /home/diogo/openmc_data/endfb-vii.1-hdf5/neutron/Er170.h5
 Reading Tm168 from /home/diogo/openmc_data/endfb-vii.1-hdf5/neutron/Tm168.h5
 Reading Tm169 from /home/diogo/openmc_data/endfb-vii.1-hdf5/neutron/Tm169.h5
 Reading Tm170 from /home/diogo/openmc_data/endfb-vii.1-hdf5/neutron/Tm170.h5
 Reading Lu175 from /home/diogo/openmc_data/endfb-vii.1-hdf5/neutron/Lu175.h5
 Reading Lu176 from /home/diogo/openmc_data/endfb-vii.1-hdf5/neutron/Lu176.h5
 Reading Hf174 from /home/diogo/openmc_data/endfb-vii.1-hdf5/neutron/Hf174.h5
 Reading Hf176 from /home/diogo/openmc_data/endfb-vii.1-hdf5/neutron/Hf176.h5
 Reading Hf177 from /home/diogo/openmc_data/endfb-vii.1-hdf5/neutron/Hf177.h5
 Reading Hf178 from /home/diogo/openmc_data/endfb-vii.1-hdf5/neutron/Hf178.h5
 Reading Hf179 from /home/diogo/openmc_data/endfb-vii.1-hdf5/neutron/Hf179.h5
 Reading Hf180 from /home/diogo/openmc_data/endfb-vii.1-hdf5/neutron/Hf180.h5
 Reading Ta180 from /home/diogo/openmc_data/endfb-vii.1-hdf5/neutron/Ta180.h5
 Reading Ta181 from /home/diogo/openmc_data/endfb-vii.1-hdf5/neutron/Ta181.h5
 Reading Ta182 from /home/diogo/openmc_data/endfb-vii.1-hdf5/neutron/Ta182.h5
 Reading W180 from /home/diogo/openmc_data/endfb-vii.1-hdf5/neutron/W180.h5
 Reading W182 from /home/diogo/openmc_data/endfb-vii.1-hdf5/neutron/W182.h5
 Reading W183 from /home/diogo/openmc_data/endfb-vii.1-hdf5/neutron/W183.h5
 Reading W184 from /home/diogo/openmc_data/endfb-vii.1-hdf5/neutron/W184.h5
 Reading W186 from /home/diogo/openmc_data/endfb-vii.1-hdf5/neutron/W186.h5
 Reading Re185 from /home/diogo/openmc_data/endfb-vii.1-hdf5/neutron/Re185.h5
 Reading Re187 from /home/diogo/openmc_data/endfb-vii.1-hdf5/neutron/Re187.h5
 Reading Ir191 from /home/diogo/openmc_data/endfb-vii.1-hdf5/neutron/Ir191.h5
 Reading Ir193 from /home/diogo/openmc_data/endfb-vii.1-hdf5/neutron/Ir193.h5
 Reading Au197 from /home/diogo/openmc_data/endfb-vii.1-hdf5/neutron/Au197.h5
 Reading Hg196 from /home/diogo/openmc_data/endfb-vii.1-hdf5/neutron/Hg196.h5
 Reading Hg198 from /home/diogo/openmc_data/endfb-vii.1-hdf5/neutron/Hg198.h5
 Reading Hg199 from /home/diogo/openmc_data/endfb-vii.1-hdf5/neutron/Hg199.h5
 Reading Hg200 from /home/diogo/openmc_data/endfb-vii.1-hdf5/neutron/Hg200.h5
 Reading Hg201 from /home/diogo/openmc_data/endfb-vii.1-hdf5/neutron/Hg201.h5
 Reading Hg202 from /home/diogo/openmc_data/endfb-vii.1-hdf5/neutron/Hg202.h5
 Reading Hg204 from /home/diogo/openmc_data/endfb-vii.1-hdf5/neutron/Hg204.h5
 Reading Tl203 from /home/diogo/openmc_data/endfb-vii.1-hdf5/neutron/Tl203.h5
 Reading Tl205 from /home/diogo/openmc_data/endfb-vii.1-hdf5/neutron/Tl205.h5
 Reading Pb204 from /home/diogo/openmc_data/endfb-vii.1-hdf5/neutron/Pb204.h5
 Reading Pb206 from /home/diogo/openmc_data/endfb-vii.1-hdf5/neutron/Pb206.h5
 Reading Pb207 from /home/diogo/openmc_data/endfb-vii.1-hdf5/neutron/Pb207.h5
 Reading Pb208 from /home/diogo/openmc_data/endfb-vii.1-hdf5/neutron/Pb208.h5
 Reading Bi209 from /home/diogo/openmc_data/endfb-vii.1-hdf5/neutron/Bi209.h5
 Reading Ra223 from /home/diogo/openmc_data/endfb-vii.1-hdf5/neutron/Ra223.h5
 Reading Ra224 from /home/diogo/openmc_data/endfb-vii.1-hdf5/neutron/Ra224.h5
 Reading Ra225 from /home/diogo/openmc_data/endfb-vii.1-hdf5/neutron/Ra225.h5
 Reading Ra226 from /home/diogo/openmc_data/endfb-vii.1-hdf5/neutron/Ra226.h5
 Reading Ac225 from /home/diogo/openmc_data/endfb-vii.1-hdf5/neutron/Ac225.h5
 Reading Ac226 from /home/diogo/openmc_data/endfb-vii.1-hdf5/neutron/Ac226.h5
 Reading Ac227 from /home/diogo/openmc_data/endfb-vii.1-hdf5/neutron/Ac227.h5
 Reading Th227 from /home/diogo/openmc_data/endfb-vii.1-hdf5/neutron/Th227.h5
 Reading Th228 from /home/diogo/openmc_data/endfb-vii.1-hdf5/neutron/Th228.h5
 Reading Th229 from /home/diogo/openmc_data/endfb-vii.1-hdf5/neutron/Th229.h5
 Reading Th230 from /home/diogo/openmc_data/endfb-vii.1-hdf5/neutron/Th230.h5
 Reading Th231 from /home/diogo/openmc_data/endfb-vii.1-hdf5/neutron/Th231.h5
 Reading Th232 from /home/diogo/openmc_data/endfb-vii.1-hdf5/neutron/Th232.h5
 Reading Th233 from /home/diogo/openmc_data/endfb-vii.1-hdf5/neutron/Th233.h5
 Reading Th234 from /home/diogo/openmc_data/endfb-vii.1-hdf5/neutron/Th234.h5
 Reading Pa229 from /home/diogo/openmc_data/endfb-vii.1-hdf5/neutron/Pa229.h5
 Reading Pa230 from /home/diogo/openmc_data/endfb-vii.1-hdf5/neutron/Pa230.h5
 Reading Pa231 from /home/diogo/openmc_data/endfb-vii.1-hdf5/neutron/Pa231.h5
 Reading Pa232 from /home/diogo/openmc_data/endfb-vii.1-hdf5/neutron/Pa232.h5
 Reading Pa233 from /home/diogo/openmc_data/endfb-vii.1-hdf5/neutron/Pa233.h5
 Reading U230 from /home/diogo/openmc_data/endfb-vii.1-hdf5/neutron/U230.h5
 Reading U231 from /home/diogo/openmc_data/endfb-vii.1-hdf5/neutron/U231.h5
 Reading U232 from /home/diogo/openmc_data/endfb-vii.1-hdf5/neutron/U232.h5
 Reading U233 from /home/diogo/openmc_data/endfb-vii.1-hdf5/neutron/U233.h5
 Reading U236 from /home/diogo/openmc_data/endfb-vii.1-hdf5/neutron/U236.h5
 Reading U237 from /home/diogo/openmc_data/endfb-vii.1-hdf5/neutron/U237.h5
 Reading U239 from /home/diogo/openmc_data/endfb-vii.1-hdf5/neutron/U239.h5
 Reading U240 from /home/diogo/openmc_data/endfb-vii.1-hdf5/neutron/U240.h5
 Reading U241 from /home/diogo/openmc_data/endfb-vii.1-hdf5/neutron/U241.h5
 Reading Np234 from /home/diogo/openmc_data/endfb-vii.1-hdf5/neutron/Np234.h5
 Reading Np235 from /home/diogo/openmc_data/endfb-vii.1-hdf5/neutron/Np235.h5
 Reading Np236 from /home/diogo/openmc_data/endfb-vii.1-hdf5/neutron/Np236.h5
 Reading Np237 from /home/diogo/openmc_data/endfb-vii.1-hdf5/neutron/Np237.h5
 Reading Np238 from /home/diogo/openmc_data/endfb-vii.1-hdf5/neutron/Np238.h5
 Reading Np239 from /home/diogo/openmc_data/endfb-vii.1-hdf5/neutron/Np239.h5
 Reading Pu236 from /home/diogo/openmc_data/endfb-vii.1-hdf5/neutron/Pu236.h5
 Reading Pu237 from /home/diogo/openmc_data/endfb-vii.1-hdf5/neutron/Pu237.h5
 Reading Pu238 from /home/diogo/openmc_data/endfb-vii.1-hdf5/neutron/Pu238.h5
 Reading Pu239 from /home/diogo/openmc_data/endfb-vii.1-hdf5/neutron/Pu239.h5
 Reading Pu240 from /home/diogo/openmc_data/endfb-vii.1-hdf5/neutron/Pu240.h5
 Reading Pu241 from /home/diogo/openmc_data/endfb-vii.1-hdf5/neutron/Pu241.h5
 Reading Pu242 from /home/diogo/openmc_data/endfb-vii.1-hdf5/neutron/Pu242.h5
 Reading Pu243 from /home/diogo/openmc_data/endfb-vii.1-hdf5/neutron/Pu243.h5
 Reading Pu244 from /home/diogo/openmc_data/endfb-vii.1-hdf5/neutron/Pu244.h5
 Reading Pu246 from /home/diogo/openmc_data/endfb-vii.1-hdf5/neutron/Pu246.h5
 Reading Am240 from /home/diogo/openmc_data/endfb-vii.1-hdf5/neutron/Am240.h5
 Reading Am241 from /home/diogo/openmc_data/endfb-vii.1-hdf5/neutron/Am241.h5
 Reading Am242 from /home/diogo/openmc_data/endfb-vii.1-hdf5/neutron/Am242.h5
 Reading Am242_m1 from
 /home/diogo/openmc_data/endfb-vii.1-hdf5/neutron/Am242_m1.h5
 Reading Am243 from /home/diogo/openmc_data/endfb-vii.1-hdf5/neutron/Am243.h5
 Reading Am244 from /home/diogo/openmc_data/endfb-vii.1-hdf5/neutron/Am244.h5
 Reading Am244_m1 from
 /home/diogo/openmc_data/endfb-vii.1-hdf5/neutron/Am244_m1.h5
 Reading Cm240 from /home/diogo/openmc_data/endfb-vii.1-hdf5/neutron/Cm240.h5
 Reading Cm241 from /home/diogo/openmc_data/endfb-vii.1-hdf5/neutron/Cm241.h5
 Reading Cm242 from /home/diogo/openmc_data/endfb-vii.1-hdf5/neutron/Cm242.h5
 Reading Cm243 from /home/diogo/openmc_data/endfb-vii.1-hdf5/neutron/Cm243.h5
 Reading Cm244 from /home/diogo/openmc_data/endfb-vii.1-hdf5/neutron/Cm244.h5
 Reading Cm245 from /home/diogo/openmc_data/endfb-vii.1-hdf5/neutron/Cm245.h5
 Reading Cm246 from /home/diogo/openmc_data/endfb-vii.1-hdf5/neutron/Cm246.h5
 Reading Cm247 from /home/diogo/openmc_data/endfb-vii.1-hdf5/neutron/Cm247.h5
 Reading Cm248 from /home/diogo/openmc_data/endfb-vii.1-hdf5/neutron/Cm248.h5
 Reading Cm249 from /home/diogo/openmc_data/endfb-vii.1-hdf5/neutron/Cm249.h5
 Reading Cm250 from /home/diogo/openmc_data/endfb-vii.1-hdf5/neutron/Cm250.h5
 Reading Bk245 from /home/diogo/openmc_data/endfb-vii.1-hdf5/neutron/Bk245.h5
 Reading Bk246 from /home/diogo/openmc_data/endfb-vii.1-hdf5/neutron/Bk246.h5
 Reading Bk247 from /home/diogo/openmc_data/endfb-vii.1-hdf5/neutron/Bk247.h5
 Reading Bk248 from /home/diogo/openmc_data/endfb-vii.1-hdf5/neutron/Bk248.h5
 Reading Bk249 from /home/diogo/openmc_data/endfb-vii.1-hdf5/neutron/Bk249.h5
 Reading Bk250 from /home/diogo/openmc_data/endfb-vii.1-hdf5/neutron/Bk250.h5
 Reading Cf246 from /home/diogo/openmc_data/endfb-vii.1-hdf5/neutron/Cf246.h5
 Reading Cf248 from /home/diogo/openmc_data/endfb-vii.1-hdf5/neutron/Cf248.h5
 Reading Cf249 from /home/diogo/openmc_data/endfb-vii.1-hdf5/neutron/Cf249.h5
 Reading Cf250 from /home/diogo/openmc_data/endfb-vii.1-hdf5/neutron/Cf250.h5
 WARNING: Negative value(s) found on probability table for nuclide Cf250 at 250K
 WARNING: Negative value(s) found on probability table for nuclide Cf250 at 294K
 WARNING: Negative value(s) found on probability table for nuclide Cf250 at 900K
 WARNING: Negative value(s) found on probability table for nuclide Cf250 at
          1200K
 Reading Cf251 from /home/diogo/openmc_data/endfb-vii.1-hdf5/neutron/Cf251.h5
 Reading Cf252 from /home/diogo/openmc_data/endfb-vii.1-hdf5/neutron/Cf252.h5
 Reading Cf253 from /home/diogo/openmc_data/endfb-vii.1-hdf5/neutron/Cf253.h5
 Reading Cf254 from /home/diogo/openmc_data/endfb-vii.1-hdf5/neutron/Cf254.h5
 Reading Es251 from /home/diogo/openmc_data/endfb-vii.1-hdf5/neutron/Es251.h5
 Reading Es252 from /home/diogo/openmc_data/endfb-vii.1-hdf5/neutron/Es252.h5
 Reading Es253 from /home/diogo/openmc_data/endfb-vii.1-hdf5/neutron/Es253.h5
 Reading Es254 from /home/diogo/openmc_data/endfb-vii.1-hdf5/neutron/Es254.h5
 Reading Es254_m1 from
 /home/diogo/openmc_data/endfb-vii.1-hdf5/neutron/Es254_m1.h5
 Reading Es255 from /home/diogo/openmc_data/endfb-vii.1-hdf5/neutron/Es255.h5
 Reading Fm255 from /home/diogo/openmc_data/endfb-vii.1-hdf5/neutron/Fm255.h5
 Maximum neutron transport energy: 20000000 eV for H1
 Initializing source particles...

 ====================>     K EIGENVALUE SIMULATION     <====================

  Bat./Gen.      k       Entropy         Average k 
  =========   ========   ========   ====================
        1/1    1.12537    5.89637
        2/1    1.13352    5.93664
        3/1    1.20205    5.92084
        4/1    1.06665    5.91471
        5/1    1.13712    5.90216
        6/1    1.10056    5.87644
        7/1    1.15649    5.90022
        8/1    1.06218    5.90409
        9/1    1.18749    5.87731
       10/1    1.16468    5.89412
       11/1    1.12093    5.92083
       12/1    1.16297    5.92416    1.14195 +/- 0.02102
       13/1    1.11496    5.89910    1.13295 +/- 0.01511
       14/1    1.14206    5.93788    1.13523 +/- 0.01092
       15/1    1.09670    5.90784    1.12752 +/- 0.01144
       16/1    1.20776    5.90836    1.14090 +/- 0.01631
       17/1    1.17112    5.90831    1.14521 +/- 0.01445
       18/1    1.03367    5.92068    1.13127 +/- 0.01873
       19/1    1.09581    5.90740    1.12733 +/- 0.01699
       20/1    1.14736    5.91089    1.12933 +/- 0.01532
       21/1    1.10617    5.89529    1.12723 +/- 0.01402
       22/1    1.13340    5.86304    1.12774 +/- 0.01281
       23/1    1.01146    5.91194    1.11880 +/- 0.01479
       24/1    1.04786    5.89461    1.11373 +/- 0.01460
       25/1    1.19811    5.88291    1.11936 +/- 0.01471
       26/1    1.13318    5.88327    1.12022 +/- 0.01379
       27/1    1.17530    5.88471    1.12346 +/- 0.01335
       28/1    1.17115    5.89826    1.12611 +/- 0.01286
       29/1    1.11389    5.88618    1.12547 +/- 0.01218
       30/1    1.08045    5.88514    1.12322 +/- 0.01178
 Creating state point statepoint.30.h5...

 =======================>     TIMING STATISTICS     <=======================

 Total time for initialization     = 5.9822e+00 seconds
   Reading cross sections          = 5.1904e+00 seconds
 Total time in simulation          = 6.5555e+01 seconds
   Time in transport only          = 6.5538e+01 seconds
   Time in inactive batches        = 1.6164e+00 seconds
   Time in active batches          = 6.3939e+01 seconds
   Time synchronizing fission bank = 1.5878e-03 seconds
     Sampling source sites         = 1.1869e-03 seconds
     SEND/RECV source sites        = 3.0203e-04 seconds
   Time accumulating tallies       = 4.8794e-04 seconds
   Time writing statepoints        = 1.2100e-02 seconds
 Total time for finalization       = 3.4784e-04 seconds
 Total time elapsed                = 7.2002e+01 seconds
 Calculation Rate (inactive)       = 6186.51 particles/second
 Calculation Rate (active)         = 312.8 particles/second

 ============================>     RESULTS     <============================

 k-effective (Collision)     = 1.11875 +/- 0.00844
 k-effective (Track-length)  = 1.12322 +/- 0.01178
 k-effective (Absorption)    = 1.12295 +/- 0.00748
 Combined k-effective        = 1.12194 +/- 0.00694
 Leakage Fraction            = 0.00000 +/- 0.00000

 Creating state point openmc_simulation_n0.h5...
[openmc.deplete] t=4327203.051553669 s, dt=8654406.103107339 s, source=1491105.972264863
 Maximum neutron transport energy: 20000000 eV for H1
 Initializing source particles...

 ====================>     K EIGENVALUE SIMULATION     <====================

  Bat./Gen.      k       Entropy         Average k 
  =========   ========   ========   ====================
        1/1    1.10818    5.87487
        2/1    1.13854    5.91014
        3/1    1.13739    5.87537
        4/1    1.08077    5.90848
        5/1    1.15353    5.91878
        6/1    1.05648    5.87833
        7/1    1.10879    5.91275
        8/1    1.09704    5.90842
        9/1    1.12076    5.89366
       10/1    1.05877    5.91872
       11/1    1.00599    5.90738
       12/1    1.04935    5.89973    1.02767 +/- 0.02168
       13/1    1.09192    5.88850    1.04909 +/- 0.02481
       14/1    1.14087    5.89917    1.07203 +/- 0.02888
       15/1    1.10966    5.91659    1.07956 +/- 0.02360
       16/1    1.06994    5.90894    1.07796 +/- 0.01934
       17/1    1.00596    5.89342    1.06767 +/- 0.01931
       18/1    1.02024    5.89716    1.06174 +/- 0.01774
       19/1    1.08698    5.89612    1.06455 +/- 0.01590
       20/1    1.14377    5.90174    1.07247 +/- 0.01628
       21/1    1.06325    5.90203    1.07163 +/- 0.01475
       22/1    1.09886    5.89027    1.07390 +/- 0.01365
       23/1    1.03836    5.92716    1.07117 +/- 0.01285
       24/1    1.07492    5.89836    1.07143 +/- 0.01190
       25/1    1.00595    5.90924    1.06707 +/- 0.01191
       26/1    1.07231    5.90103    1.06740 +/- 0.01114
       27/1    1.03321    5.91396    1.06538 +/- 0.01066
       28/1    1.16090    5.89665    1.07069 +/- 0.01137
       29/1    1.10008    5.88551    1.07224 +/- 0.01086
       30/1    0.99252    5.90908    1.06825 +/- 0.01105
 Creating state point statepoint.30.h5...

 =======================>     TIMING STATISTICS     <=======================

 Total time for initialization     = 0.0000e+00 seconds
   Reading cross sections          = 0.0000e+00 seconds
 Total time in simulation          = 8.4558e+01 seconds
   Time in transport only          = 8.4547e+01 seconds
   Time in inactive batches        = 2.2339e+01 seconds
   Time in active batches          = 6.2219e+01 seconds
   Time synchronizing fission bank = 1.7389e-03 seconds
     Sampling source sites         = 1.3586e-03 seconds
     SEND/RECV source sites        = 2.9083e-04 seconds
   Time accumulating tallies       = 4.6833e-04 seconds
   Time writing statepoints        = 6.3137e-03 seconds
 Total time for finalization       = 3.9855e-04 seconds
 Total time elapsed                = 8.5024e+01 seconds
 Calculation Rate (inactive)       = 447.645 particles/second
 Calculation Rate (active)         = 321.445 particles/second

 ============================>     RESULTS     <============================

 k-effective (Collision)     = 1.07674 +/- 0.00999
 k-effective (Track-length)  = 1.06825 +/- 0.01105
 k-effective (Absorption)    = 1.08981 +/- 0.00664
 Combined k-effective        = 1.08309 +/- 0.00555
 Leakage Fraction            = 0.00000 +/- 0.00000

 Creating state point openmc_simulation_n1.h5...
[openmc.deplete] t=12981609.154661007 (final operator evaluation)
 Maximum neutron transport energy: 20000000 eV for H1
 Initializing source particles...

 ====================>     K EIGENVALUE SIMULATION     <====================

  Bat./Gen.      k       Entropy         Average k 
  =========   ========   ========   ====================
        1/1    1.11124    5.89841
        2/1    1.09911    5.91118
        3/1    1.05309    5.91952
        4/1    1.08854    5.92265
        5/1    1.07048    5.90253
        6/1    1.06559    5.90794
        7/1    1.14387    5.88163
        8/1    1.09369    5.91735
        9/1    1.06722    5.91510
       10/1    1.11009    5.91095
       11/1    1.06668    5.90408
       12/1    1.05904    5.90583    1.06286 +/- 0.00382
       13/1    1.17092    5.90368    1.09888 +/- 0.03609
       14/1    1.04981    5.91615    1.08661 +/- 0.02831
       15/1    1.04179    5.91370    1.07765 +/- 0.02369
       16/1    1.09098    5.90046    1.07987 +/- 0.01947
       17/1    1.09746    5.91476    1.08238 +/- 0.01665
       18/1    1.10285    5.90757    1.08494 +/- 0.01464
       19/1    1.11213    5.94267    1.08796 +/- 0.01326
       20/1    1.06418    5.90349    1.08558 +/- 0.01210
       21/1    1.08225    5.91150    1.08528 +/- 0.01095
       22/1    1.10038    5.91200    1.08654 +/- 0.01007
       23/1    1.08841    5.91816    1.08668 +/- 0.00927
       24/1    1.06449    5.88755    1.08510 +/- 0.00872
       25/1    1.14290    5.91707    1.08895 +/- 0.00899
       26/1    1.14838    5.92357    1.09266 +/- 0.00919
       27/1    1.08173    5.89949    1.09202 +/- 0.00866
       28/1    1.14236    5.90911    1.09482 +/- 0.00863
       29/1    1.11182    5.91884    1.09571 +/- 0.00821
       30/1    1.09583    5.87119    1.09572 +/- 0.00779
 Creating state point statepoint.30.h5...

 =======================>     TIMING STATISTICS     <=======================

 Total time for initialization     = 0.0000e+00 seconds
   Reading cross sections          = 0.0000e+00 seconds
 Total time in simulation          = 8.6273e+01 seconds
   Time in transport only          = 8.6250e+01 seconds
   Time in inactive batches        = 2.2994e+01 seconds
   Time in active batches          = 6.3279e+01 seconds
   Time synchronizing fission bank = 1.6969e-03 seconds
     Sampling source sites         = 1.2966e-03 seconds
     SEND/RECV source sites        = 2.8860e-04 seconds
   Time accumulating tallies       = 4.7367e-04 seconds
   Time writing statepoints        = 1.8566e-02 seconds
 Total time for finalization       = 3.7339e-04 seconds
 Total time elapsed                = 8.6738e+01 seconds
 Calculation Rate (inactive)       = 434.893 particles/second
 Calculation Rate (active)         = 316.06 particles/second

 ============================>     RESULTS     <============================

 k-effective (Collision)     = 1.10247 +/- 0.00818
 k-effective (Track-length)  = 1.09572 +/- 0.00779
 k-effective (Absorption)    = 1.11512 +/- 0.00803
 Combined k-effective        = 1.10509 +/- 0.00655
 Leakage Fraction            = 0.00000 +/- 0.00000

 Creating state point openmc_simulation_n2.h5...
                                %%%%%%%%%%%%%%%
                           %%%%%%%%%%%%%%%%%%%%%%%%
                        %%%%%%%%%%%%%%%%%%%%%%%%%%%%%%
                      %%%%%%%%%%%%%%%%%%%%%%%%%%%%%%%%%%
                    %%%%%%%%%%%%%%%%%%%%%%%%%%%%%%%%%%%%%%
                   %%%%%%%%%%%%%%%%%%%%%%%%%%%%%%%%%%%%%%%%
                                    %%%%%%%%%%%%%%%%%%%%%%%%
                                     %%%%%%%%%%%%%%%%%%%%%%%%
                 ###############      %%%%%%%%%%%%%%%%%%%%%%%%
                ##################     %%%%%%%%%%%%%%%%%%%%%%%
                ###################     %%%%%%%%%%%%%%%%%%%%%%%
                ####################     %%%%%%%%%%%%%%%%%%%%%%
                #####################     %%%%%%%%%%%%%%%%%%%%%
                ######################     %%%%%%%%%%%%%%%%%%%%
                #######################     %%%%%%%%%%%%%%%%%%
                 #######################     %%%%%%%%%%%%%%%%%
                 ######################     %%%%%%%%%%%%%%%%%
                  ####################     %%%%%%%%%%%%%%%%%
                    #################     %%%%%%%%%%%%%%%%%
                     ###############     %%%%%%%%%%%%%%%%
                       ############     %%%%%%%%%%%%%%%
                          ########     %%%%%%%%%%%%%%
                                      %%%%%%%%%%%

                 | The OpenMC Monte Carlo Code
       Copyright | 2011-2025 MIT, UChicago Argonne LLC, and contributors
         License | https://docs.openmc.org/en/latest/license.html
         Version | 0.15.3
     Commit Hash | 27e38e894697bb32a1dac7848d2618818b6b8daf
       Date/Time | 2026-09-26 20:14:08
   MPI Processes | 1
  OpenMP Threads | 1

 Reading settings XML file...
 Reading cross sections XML file...
 Reading chain file: /home/diogo/openmc_data/chain_endfb71_pwr.xml...
 Reading materials XML file...
 Reading geometry XML file...
 Reading H1 from /home/diogo/openmc_data/endfb-vii.1-hdf5/neutron/H1.h5
 Reading H2 from /home/diogo/openmc_data/endfb-vii.1-hdf5/neutron/H2.h5
 Reading B10 from /home/diogo/openmc_data/endfb-vii.1-hdf5/neutron/B10.h5
 Reading B11 from /home/diogo/openmc_data/endfb-vii.1-hdf5/neutron/B11.h5
 Reading O16 from /home/diogo/openmc_data/endfb-vii.1-hdf5/neutron/O16.h5
 Reading O17 from /home/diogo/openmc_data/endfb-vii.1-hdf5/neutron/O17.h5
 Reading Cr50 from /home/diogo/openmc_data/endfb-vii.1-hdf5/neutron/Cr50.h5
 Reading Cr52 from /home/diogo/openmc_data/endfb-vii.1-hdf5/neutron/Cr52.h5
 Reading Cr53 from /home/diogo/openmc_data/endfb-vii.1-hdf5/neutron/Cr53.h5
 Reading Cr54 from /home/diogo/openmc_data/endfb-vii.1-hdf5/neutron/Cr54.h5
 Reading Fe54 from /home/diogo/openmc_data/endfb-vii.1-hdf5/neutron/Fe54.h5
 Reading Fe56 from /home/diogo/openmc_data/endfb-vii.1-hdf5/neutron/Fe56.h5
 Reading Fe57 from /home/diogo/openmc_data/endfb-vii.1-hdf5/neutron/Fe57.h5
 Reading Fe58 from /home/diogo/openmc_data/endfb-vii.1-hdf5/neutron/Fe58.h5
 Reading Zr90 from /home/diogo/openmc_data/endfb-vii.1-hdf5/neutron/Zr90.h5
 Reading Zr91 from /home/diogo/openmc_data/endfb-vii.1-hdf5/neutron/Zr91.h5
 Reading Zr92 from /home/diogo/openmc_data/endfb-vii.1-hdf5/neutron/Zr92.h5
 Reading Zr94 from /home/diogo/openmc_data/endfb-vii.1-hdf5/neutron/Zr94.h5
 Reading Zr96 from /home/diogo/openmc_data/endfb-vii.1-hdf5/neutron/Zr96.h5
 Reading Sn112 from /home/diogo/openmc_data/endfb-vii.1-hdf5/neutron/Sn112.h5
 Reading Sn114 from /home/diogo/openmc_data/endfb-vii.1-hdf5/neutron/Sn114.h5
 Reading Sn115 from /home/diogo/openmc_data/endfb-vii.1-hdf5/neutron/Sn115.h5
 Reading Sn116 from /home/diogo/openmc_data/endfb-vii.1-hdf5/neutron/Sn116.h5
 Reading Sn117 from /home/diogo/openmc_data/endfb-vii.1-hdf5/neutron/Sn117.h5
 Reading Sn118 from /home/diogo/openmc_data/endfb-vii.1-hdf5/neutron/Sn118.h5
 Reading Sn119 from /home/diogo/openmc_data/endfb-vii.1-hdf5/neutron/Sn119.h5
 Reading Sn120 from /home/diogo/openmc_data/endfb-vii.1-hdf5/neutron/Sn120.h5
 Reading Sn122 from /home/diogo/openmc_data/endfb-vii.1-hdf5/neutron/Sn122.h5
 Reading Sn124 from /home/diogo/openmc_data/endfb-vii.1-hdf5/neutron/Sn124.h5
 Reading He3 from /home/diogo/openmc_data/endfb-vii.1-hdf5/neutron/He3.h5
 Reading He4 from /home/diogo/openmc_data/endfb-vii.1-hdf5/neutron/He4.h5
 Reading U234 from /home/diogo/openmc_data/endfb-vii.1-hdf5/neutron/U234.h5
 Reading U235 from /home/diogo/openmc_data/endfb-vii.1-hdf5/neutron/U235.h5
 Reading U238 from /home/diogo/openmc_data/endfb-vii.1-hdf5/neutron/U238.h5
 Reading Gd152 from /home/diogo/openmc_data/endfb-vii.1-hdf5/neutron/Gd152.h5
 Reading Gd154 from /home/diogo/openmc_data/endfb-vii.1-hdf5/neutron/Gd154.h5
 Reading Gd155 from /home/diogo/openmc_data/endfb-vii.1-hdf5/neutron/Gd155.h5
 Reading Gd156 from /home/diogo/openmc_data/endfb-vii.1-hdf5/neutron/Gd156.h5
 Reading Gd157 from /home/diogo/openmc_data/endfb-vii.1-hdf5/neutron/Gd157.h5
 Reading Gd158 from /home/diogo/openmc_data/endfb-vii.1-hdf5/neutron/Gd158.h5
 Reading Gd160 from /home/diogo/openmc_data/endfb-vii.1-hdf5/neutron/Gd160.h5
 Reading c_H_in_H2O from
 /home/diogo/openmc_data/endfb-vii.1-hdf5/neutron/c_H_in_H2O.h5
 Minimum neutron data temperature: 0 K
 Maximum neutron data temperature: 1.7976931348623157e+308 K
 Reading tallies XML file...
 Preparing distributed cell instances...
 Reading plot XML file...
 Writing summary.h5 file...
[openmc.deplete] t=12981609.154661007 s, dt=865440.6103107346 s, source=1491105.972264863
[openmc.deplete] t=13847049.764971742 (final operator evaluation)
 Reading H3 from /home/diogo/openmc_data/endfb-vii.1-hdf5/neutron/H3.h5
 Reading Li6 from /home/diogo/openmc_data/endfb-vii.1-hdf5/neutron/Li6.h5
 Reading Li7 from /home/diogo/openmc_data/endfb-vii.1-hdf5/neutron/Li7.h5
 Reading N14 from /home/diogo/openmc_data/endfb-vii.1-hdf5/neutron/N14.h5
 Reading N15 from /home/diogo/openmc_data/endfb-vii.1-hdf5/neutron/N15.h5
 Reading F19 from /home/diogo/openmc_data/endfb-vii.1-hdf5/neutron/F19.h5
 Reading Na22 from /home/diogo/openmc_data/endfb-vii.1-hdf5/neutron/Na22.h5
 WARNING: Negative value(s) found on probability table for nuclide Na22 at 250K
 WARNING: Negative value(s) found on probability table for nuclide Na22 at 294K
 WARNING: Negative value(s) found on probability table for nuclide Na22 at 600K
 WARNING: Negative value(s) found on probability table for nuclide Na22 at 900K
 WARNING: Negative value(s) found on probability table for nuclide Na22 at 1200K
 WARNING: Negative value(s) found on probability table for nuclide Na22 at 2500K
 Reading Na23 from /home/diogo/openmc_data/endfb-vii.1-hdf5/neutron/Na23.h5
 Reading Mg24 from /home/diogo/openmc_data/endfb-vii.1-hdf5/neutron/Mg24.h5
 Reading Mg25 from /home/diogo/openmc_data/endfb-vii.1-hdf5/neutron/Mg25.h5
 Reading Mg26 from /home/diogo/openmc_data/endfb-vii.1-hdf5/neutron/Mg26.h5
 Reading Al27 from /home/diogo/openmc_data/endfb-vii.1-hdf5/neutron/Al27.h5
 Reading Si28 from /home/diogo/openmc_data/endfb-vii.1-hdf5/neutron/Si28.h5
 Reading Si29 from /home/diogo/openmc_data/endfb-vii.1-hdf5/neutron/Si29.h5
 Reading Si30 from /home/diogo/openmc_data/endfb-vii.1-hdf5/neutron/Si30.h5
 Reading P31 from /home/diogo/openmc_data/endfb-vii.1-hdf5/neutron/P31.h5
 Reading S32 from /home/diogo/openmc_data/endfb-vii.1-hdf5/neutron/S32.h5
 Reading S33 from /home/diogo/openmc_data/endfb-vii.1-hdf5/neutron/S33.h5
 Reading S34 from /home/diogo/openmc_data/endfb-vii.1-hdf5/neutron/S34.h5
 Reading S36 from /home/diogo/openmc_data/endfb-vii.1-hdf5/neutron/S36.h5
 Reading Cl35 from /home/diogo/openmc_data/endfb-vii.1-hdf5/neutron/Cl35.h5
 Reading Cl37 from /home/diogo/openmc_data/endfb-vii.1-hdf5/neutron/Cl37.h5
 Reading Ar36 from /home/diogo/openmc_data/endfb-vii.1-hdf5/neutron/Ar36.h5
 WARNING: Negative value(s) found on probability table for nuclide Ar36 at 250K
 WARNING: Negative value(s) found on probability table for nuclide Ar36 at 294K
 WARNING: Negative value(s) found on probability table for nuclide Ar36 at 600K
 WARNING: Negative value(s) found on probability table for nuclide Ar36 at 900K
 WARNING: Negative value(s) found on probability table for nuclide Ar36 at 1200K
 WARNING: Negative value(s) found on probability table for nuclide Ar36 at 2500K
 Reading Ar38 from /home/diogo/openmc_data/endfb-vii.1-hdf5/neutron/Ar38.h5
 Reading Ar40 from /home/diogo/openmc_data/endfb-vii.1-hdf5/neutron/Ar40.h5
 Reading K39 from /home/diogo/openmc_data/endfb-vii.1-hdf5/neutron/K39.h5
 Reading K40 from /home/diogo/openmc_data/endfb-vii.1-hdf5/neutron/K40.h5
 Reading K41 from /home/diogo/openmc_data/endfb-vii.1-hdf5/neutron/K41.h5
 Reading Ca40 from /home/diogo/openmc_data/endfb-vii.1-hdf5/neutron/Ca40.h5
 Reading Ca42 from /home/diogo/openmc_data/endfb-vii.1-hdf5/neutron/Ca42.h5
 Reading Ca43 from /home/diogo/openmc_data/endfb-vii.1-hdf5/neutron/Ca43.h5
 Reading Ca44 from /home/diogo/openmc_data/endfb-vii.1-hdf5/neutron/Ca44.h5
 Reading Ca46 from /home/diogo/openmc_data/endfb-vii.1-hdf5/neutron/Ca46.h5
 Reading Sc45 from /home/diogo/openmc_data/endfb-vii.1-hdf5/neutron/Sc45.h5
 Reading Ti46 from /home/diogo/openmc_data/endfb-vii.1-hdf5/neutron/Ti46.h5
 Reading Ti47 from /home/diogo/openmc_data/endfb-vii.1-hdf5/neutron/Ti47.h5
 Reading Ti48 from /home/diogo/openmc_data/endfb-vii.1-hdf5/neutron/Ti48.h5
 Reading Ti49 from /home/diogo/openmc_data/endfb-vii.1-hdf5/neutron/Ti49.h5
 Reading Ti50 from /home/diogo/openmc_data/endfb-vii.1-hdf5/neutron/Ti50.h5
 Reading V50 from /home/diogo/openmc_data/endfb-vii.1-hdf5/neutron/V50.h5
 Reading V51 from /home/diogo/openmc_data/endfb-vii.1-hdf5/neutron/V51.h5
 Reading Mn55 from /home/diogo/openmc_data/endfb-vii.1-hdf5/neutron/Mn55.h5
 Reading Co58 from /home/diogo/openmc_data/endfb-vii.1-hdf5/neutron/Co58.h5
 Reading Co59 from /home/diogo/openmc_data/endfb-vii.1-hdf5/neutron/Co59.h5
 Reading Ni58 from /home/diogo/openmc_data/endfb-vii.1-hdf5/neutron/Ni58.h5
 Reading Ni59 from /home/diogo/openmc_data/endfb-vii.1-hdf5/neutron/Ni59.h5
 Reading Ni60 from /home/diogo/openmc_data/endfb-vii.1-hdf5/neutron/Ni60.h5
 Reading Ni61 from /home/diogo/openmc_data/endfb-vii.1-hdf5/neutron/Ni61.h5
 Reading Ni62 from /home/diogo/openmc_data/endfb-vii.1-hdf5/neutron/Ni62.h5
 Reading Ni64 from /home/diogo/openmc_data/endfb-vii.1-hdf5/neutron/Ni64.h5
 Reading Cu63 from /home/diogo/openmc_data/endfb-vii.1-hdf5/neutron/Cu63.h5
 Reading Cu65 from /home/diogo/openmc_data/endfb-vii.1-hdf5/neutron/Cu65.h5
 Reading Zn64 from /home/diogo/openmc_data/endfb-vii.1-hdf5/neutron/Zn64.h5
 Reading Zn65 from /home/diogo/openmc_data/endfb-vii.1-hdf5/neutron/Zn65.h5
 Reading Zn66 from /home/diogo/openmc_data/endfb-vii.1-hdf5/neutron/Zn66.h5
 Reading Zn67 from /home/diogo/openmc_data/endfb-vii.1-hdf5/neutron/Zn67.h5
 Reading Zn68 from /home/diogo/openmc_data/endfb-vii.1-hdf5/neutron/Zn68.h5
 Reading Zn70 from /home/diogo/openmc_data/endfb-vii.1-hdf5/neutron/Zn70.h5
 Reading Ga69 from /home/diogo/openmc_data/endfb-vii.1-hdf5/neutron/Ga69.h5
 Reading Ga71 from /home/diogo/openmc_data/endfb-vii.1-hdf5/neutron/Ga71.h5
 Reading Ge70 from /home/diogo/openmc_data/endfb-vii.1-hdf5/neutron/Ge70.h5
 Reading Ge72 from /home/diogo/openmc_data/endfb-vii.1-hdf5/neutron/Ge72.h5
 Reading Ge73 from /home/diogo/openmc_data/endfb-vii.1-hdf5/neutron/Ge73.h5
 Reading Ge74 from /home/diogo/openmc_data/endfb-vii.1-hdf5/neutron/Ge74.h5
 Reading Ge76 from /home/diogo/openmc_data/endfb-vii.1-hdf5/neutron/Ge76.h5
 Reading As74 from /home/diogo/openmc_data/endfb-vii.1-hdf5/neutron/As74.h5
 Reading As75 from /home/diogo/openmc_data/endfb-vii.1-hdf5/neutron/As75.h5
 Reading Se74 from /home/diogo/openmc_data/endfb-vii.1-hdf5/neutron/Se74.h5
 Reading Se76 from /home/diogo/openmc_data/endfb-vii.1-hdf5/neutron/Se76.h5
 Reading Se77 from /home/diogo/openmc_data/endfb-vii.1-hdf5/neutron/Se77.h5
 Reading Se78 from /home/diogo/openmc_data/endfb-vii.1-hdf5/neutron/Se78.h5
 Reading Se79 from /home/diogo/openmc_data/endfb-vii.1-hdf5/neutron/Se79.h5
 WARNING: Negative value(s) found on probability table for nuclide Se79 at 250K
 WARNING: Negative value(s) found on probability table for nuclide Se79 at 294K
 WARNING: Negative value(s) found on probability table for nuclide Se79 at 600K
 WARNING: Negative value(s) found on probability table for nuclide Se79 at 900K
 WARNING: Negative value(s) found on probability table for nuclide Se79 at 1200K
 Reading Se80 from /home/diogo/openmc_data/endfb-vii.1-hdf5/neutron/Se80.h5
 Reading Se82 from /home/diogo/openmc_data/endfb-vii.1-hdf5/neutron/Se82.h5
 Reading Br79 from /home/diogo/openmc_data/endfb-vii.1-hdf5/neutron/Br79.h5
 Reading Br81 from /home/diogo/openmc_data/endfb-vii.1-hdf5/neutron/Br81.h5
 Reading Kr78 from /home/diogo/openmc_data/endfb-vii.1-hdf5/neutron/Kr78.h5
 Reading Kr80 from /home/diogo/openmc_data/endfb-vii.1-hdf5/neutron/Kr80.h5
 Reading Kr82 from /home/diogo/openmc_data/endfb-vii.1-hdf5/neutron/Kr82.h5
 Reading Kr83 from /home/diogo/openmc_data/endfb-vii.1-hdf5/neutron/Kr83.h5
 Reading Kr84 from /home/diogo/openmc_data/endfb-vii.1-hdf5/neutron/Kr84.h5
 Reading Kr85 from /home/diogo/openmc_data/endfb-vii.1-hdf5/neutron/Kr85.h5
 Reading Kr86 from /home/diogo/openmc_data/endfb-vii.1-hdf5/neutron/Kr86.h5
 Reading Rb85 from /home/diogo/openmc_data/endfb-vii.1-hdf5/neutron/Rb85.h5
 Reading Rb86 from /home/diogo/openmc_data/endfb-vii.1-hdf5/neutron/Rb86.h5
 Reading Rb87 from /home/diogo/openmc_data/endfb-vii.1-hdf5/neutron/Rb87.h5
 Reading Sr84 from /home/diogo/openmc_data/endfb-vii.1-hdf5/neutron/Sr84.h5
 Reading Sr86 from /home/diogo/openmc_data/endfb-vii.1-hdf5/neutron/Sr86.h5
 Reading Sr87 from /home/diogo/openmc_data/endfb-vii.1-hdf5/neutron/Sr87.h5
 Reading Sr88 from /home/diogo/openmc_data/endfb-vii.1-hdf5/neutron/Sr88.h5
 Reading Sr89 from /home/diogo/openmc_data/endfb-vii.1-hdf5/neutron/Sr89.h5
 Reading Sr90 from /home/diogo/openmc_data/endfb-vii.1-hdf5/neutron/Sr90.h5
 Reading Y89 from /home/diogo/openmc_data/endfb-vii.1-hdf5/neutron/Y89.h5
 Reading Y90 from /home/diogo/openmc_data/endfb-vii.1-hdf5/neutron/Y90.h5
 Reading Y91 from /home/diogo/openmc_data/endfb-vii.1-hdf5/neutron/Y91.h5
 Reading Zr93 from /home/diogo/openmc_data/endfb-vii.1-hdf5/neutron/Zr93.h5
 Reading Zr95 from /home/diogo/openmc_data/endfb-vii.1-hdf5/neutron/Zr95.h5
 Reading Nb93 from /home/diogo/openmc_data/endfb-vii.1-hdf5/neutron/Nb93.h5
 Reading Nb94 from /home/diogo/openmc_data/endfb-vii.1-hdf5/neutron/Nb94.h5
 WARNING: Negative value(s) found on probability table for nuclide Nb94 at 250K
 WARNING: Negative value(s) found on probability table for nuclide Nb94 at 294K
 WARNING: Negative value(s) found on probability table for nuclide Nb94 at 600K
 WARNING: Negative value(s) found on probability table for nuclide Nb94 at 900K
 WARNING: Negative value(s) found on probability table for nuclide Nb94 at 1200K
 WARNING: Negative value(s) found on probability table for nuclide Nb94 at 2500K
 Reading Nb95 from /home/diogo/openmc_data/endfb-vii.1-hdf5/neutron/Nb95.h5
 WARNING: Negative value(s) found on probability table for nuclide Nb95 at 250K
 WARNING: Negative value(s) found on probability table for nuclide Nb95 at 294K
 WARNING: Negative value(s) found on probability table for nuclide Nb95 at 600K
 WARNING: Negative value(s) found on probability table for nuclide Nb95 at 900K
 WARNING: Negative value(s) found on probability table for nuclide Nb95 at 1200K
 Reading Mo92 from /home/diogo/openmc_data/endfb-vii.1-hdf5/neutron/Mo92.h5
 Reading Mo94 from /home/diogo/openmc_data/endfb-vii.1-hdf5/neutron/Mo94.h5
 Reading Mo95 from /home/diogo/openmc_data/endfb-vii.1-hdf5/neutron/Mo95.h5
 Reading Mo96 from /home/diogo/openmc_data/endfb-vii.1-hdf5/neutron/Mo96.h5
 Reading Mo97 from /home/diogo/openmc_data/endfb-vii.1-hdf5/neutron/Mo97.h5
 Reading Mo98 from /home/diogo/openmc_data/endfb-vii.1-hdf5/neutron/Mo98.h5
 Reading Mo99 from /home/diogo/openmc_data/endfb-vii.1-hdf5/neutron/Mo99.h5
 WARNING: Negative value(s) found on probability table for nuclide Mo99 at 250K
 WARNING: Negative value(s) found on probability table for nuclide Mo99 at 294K
 WARNING: Negative value(s) found on probability table for nuclide Mo99 at 600K
 WARNING: Negative value(s) found on probability table for nuclide Mo99 at 900K
 WARNING: Negative value(s) found on probability table for nuclide Mo99 at 1200K
 WARNING: Negative value(s) found on probability table for nuclide Mo99 at 2500K
 Reading Mo100 from /home/diogo/openmc_data/endfb-vii.1-hdf5/neutron/Mo100.h5
 Reading Tc99 from /home/diogo/openmc_data/endfb-vii.1-hdf5/neutron/Tc99.h5
 Reading Ru98 from /home/diogo/openmc_data/endfb-vii.1-hdf5/neutron/Ru98.h5
 Reading Ru99 from /home/diogo/openmc_data/endfb-vii.1-hdf5/neutron/Ru99.h5
 Reading Ru100 from /home/diogo/openmc_data/endfb-vii.1-hdf5/neutron/Ru100.h5
 Reading Ru101 from /home/diogo/openmc_data/endfb-vii.1-hdf5/neutron/Ru101.h5
 Reading Ru102 from /home/diogo/openmc_data/endfb-vii.1-hdf5/neutron/Ru102.h5
 Reading Ru103 from /home/diogo/openmc_data/endfb-vii.1-hdf5/neutron/Ru103.h5
 Reading Ru104 from /home/diogo/openmc_data/endfb-vii.1-hdf5/neutron/Ru104.h5
 Reading Ru105 from /home/diogo/openmc_data/endfb-vii.1-hdf5/neutron/Ru105.h5
 Reading Ru106 from /home/diogo/openmc_data/endfb-vii.1-hdf5/neutron/Ru106.h5
 Reading Rh103 from /home/diogo/openmc_data/endfb-vii.1-hdf5/neutron/Rh103.h5
 Reading Rh105 from /home/diogo/openmc_data/endfb-vii.1-hdf5/neutron/Rh105.h5
 Reading Pd102 from /home/diogo/openmc_data/endfb-vii.1-hdf5/neutron/Pd102.h5
 Reading Pd104 from /home/diogo/openmc_data/endfb-vii.1-hdf5/neutron/Pd104.h5
 Reading Pd105 from /home/diogo/openmc_data/endfb-vii.1-hdf5/neutron/Pd105.h5
 Reading Pd106 from /home/diogo/openmc_data/endfb-vii.1-hdf5/neutron/Pd106.h5
 Reading Pd107 from /home/diogo/openmc_data/endfb-vii.1-hdf5/neutron/Pd107.h5
 Reading Pd108 from /home/diogo/openmc_data/endfb-vii.1-hdf5/neutron/Pd108.h5
 Reading Pd110 from /home/diogo/openmc_data/endfb-vii.1-hdf5/neutron/Pd110.h5
 Reading Ag107 from /home/diogo/openmc_data/endfb-vii.1-hdf5/neutron/Ag107.h5
 Reading Ag109 from /home/diogo/openmc_data/endfb-vii.1-hdf5/neutron/Ag109.h5
 Reading Ag110_m1 from
 /home/diogo/openmc_data/endfb-vii.1-hdf5/neutron/Ag110_m1.h5
 Reading Ag111 from /home/diogo/openmc_data/endfb-vii.1-hdf5/neutron/Ag111.h5
 Reading Cd106 from /home/diogo/openmc_data/endfb-vii.1-hdf5/neutron/Cd106.h5
 WARNING: Negative value(s) found on probability table for nuclide Cd106 at 250K
 WARNING: Negative value(s) found on probability table for nuclide Cd106 at 294K
 WARNING: Negative value(s) found on probability table for nuclide Cd106 at 600K
 WARNING: Negative value(s) found on probability table for nuclide Cd106 at 900K
 WARNING: Negative value(s) found on probability table for nuclide Cd106 at
          1200K
 WARNING: Negative value(s) found on probability table for nuclide Cd106 at
          2500K
 Reading Cd108 from /home/diogo/openmc_data/endfb-vii.1-hdf5/neutron/Cd108.h5
 Reading Cd110 from /home/diogo/openmc_data/endfb-vii.1-hdf5/neutron/Cd110.h5
 Reading Cd111 from /home/diogo/openmc_data/endfb-vii.1-hdf5/neutron/Cd111.h5
 Reading Cd112 from /home/diogo/openmc_data/endfb-vii.1-hdf5/neutron/Cd112.h5
 Reading Cd113 from /home/diogo/openmc_data/endfb-vii.1-hdf5/neutron/Cd113.h5
 Reading Cd114 from /home/diogo/openmc_data/endfb-vii.1-hdf5/neutron/Cd114.h5
 Reading Cd115_m1 from
 /home/diogo/openmc_data/endfb-vii.1-hdf5/neutron/Cd115_m1.h5
 Reading Cd116 from /home/diogo/openmc_data/endfb-vii.1-hdf5/neutron/Cd116.h5
 Reading In113 from /home/diogo/openmc_data/endfb-vii.1-hdf5/neutron/In113.h5
 Reading In115 from /home/diogo/openmc_data/endfb-vii.1-hdf5/neutron/In115.h5
 Reading Sn113 from /home/diogo/openmc_data/endfb-vii.1-hdf5/neutron/Sn113.h5
 Reading Sn123 from /home/diogo/openmc_data/endfb-vii.1-hdf5/neutron/Sn123.h5
 WARNING: Negative value(s) found on probability table for nuclide Sn123 at 250K
 WARNING: Negative value(s) found on probability table for nuclide Sn123 at 294K
 WARNING: Negative value(s) found on probability table for nuclide Sn123 at 600K
 WARNING: Negative value(s) found on probability table for nuclide Sn123 at 900K
 WARNING: Negative value(s) found on probability table for nuclide Sn123 at
          1200K
 WARNING: Negative value(s) found on probability table for nuclide Sn123 at
          2500K
 Reading Sn125 from /home/diogo/openmc_data/endfb-vii.1-hdf5/neutron/Sn125.h5
 Reading Sn126 from /home/diogo/openmc_data/endfb-vii.1-hdf5/neutron/Sn126.h5
 Reading Sb121 from /home/diogo/openmc_data/endfb-vii.1-hdf5/neutron/Sb121.h5
 Reading Sb123 from /home/diogo/openmc_data/endfb-vii.1-hdf5/neutron/Sb123.h5
 Reading Sb124 from /home/diogo/openmc_data/endfb-vii.1-hdf5/neutron/Sb124.h5
 Reading Sb125 from /home/diogo/openmc_data/endfb-vii.1-hdf5/neutron/Sb125.h5
 Reading Sb126 from /home/diogo/openmc_data/endfb-vii.1-hdf5/neutron/Sb126.h5
 Reading Te120 from /home/diogo/openmc_data/endfb-vii.1-hdf5/neutron/Te120.h5
 WARNING: Negative value(s) found on probability table for nuclide Te120 at 600K
 WARNING: Negative value(s) found on probability table for nuclide Te120 at 900K
 WARNING: Negative value(s) found on probability table for nuclide Te120 at
          1200K
 WARNING: Negative value(s) found on probability table for nuclide Te120 at
          2500K
 Reading Te122 from /home/diogo/openmc_data/endfb-vii.1-hdf5/neutron/Te122.h5
 Reading Te123 from /home/diogo/openmc_data/endfb-vii.1-hdf5/neutron/Te123.h5
 Reading Te124 from /home/diogo/openmc_data/endfb-vii.1-hdf5/neutron/Te124.h5
 Reading Te125 from /home/diogo/openmc_data/endfb-vii.1-hdf5/neutron/Te125.h5
 Reading Te126 from /home/diogo/openmc_data/endfb-vii.1-hdf5/neutron/Te126.h5
 Reading Te127_m1 from
 /home/diogo/openmc_data/endfb-vii.1-hdf5/neutron/Te127_m1.h5
 Reading Te128 from /home/diogo/openmc_data/endfb-vii.1-hdf5/neutron/Te128.h5
 Reading Te129_m1 from
 /home/diogo/openmc_data/endfb-vii.1-hdf5/neutron/Te129_m1.h5
 Reading Te130 from /home/diogo/openmc_data/endfb-vii.1-hdf5/neutron/Te130.h5
 Reading Te132 from /home/diogo/openmc_data/endfb-vii.1-hdf5/neutron/Te132.h5
 Reading I127 from /home/diogo/openmc_data/endfb-vii.1-hdf5/neutron/I127.h5
 Reading I129 from /home/diogo/openmc_data/endfb-vii.1-hdf5/neutron/I129.h5
 Reading I130 from /home/diogo/openmc_data/endfb-vii.1-hdf5/neutron/I130.h5
 Reading I131 from /home/diogo/openmc_data/endfb-vii.1-hdf5/neutron/I131.h5
 WARNING: Negative value(s) found on probability table for nuclide I131 at 250K
 WARNING: Negative value(s) found on probability table for nuclide I131 at 294K
 WARNING: Negative value(s) found on probability table for nuclide I131 at 600K
 WARNING: Negative value(s) found on probability table for nuclide I131 at 900K
 WARNING: Negative value(s) found on probability table for nuclide I131 at 1200K
 WARNING: Negative value(s) found on probability table for nuclide I131 at 2500K
 Reading I135 from /home/diogo/openmc_data/endfb-vii.1-hdf5/neutron/I135.h5
 Reading Xe126 from /home/diogo/openmc_data/endfb-vii.1-hdf5/neutron/Xe126.h5
 Reading Xe128 from /home/diogo/openmc_data/endfb-vii.1-hdf5/neutron/Xe128.h5
 Reading Xe129 from /home/diogo/openmc_data/endfb-vii.1-hdf5/neutron/Xe129.h5
 Reading Xe130 from /home/diogo/openmc_data/endfb-vii.1-hdf5/neutron/Xe130.h5
 Reading Xe131 from /home/diogo/openmc_data/endfb-vii.1-hdf5/neutron/Xe131.h5
 Reading Xe132 from /home/diogo/openmc_data/endfb-vii.1-hdf5/neutron/Xe132.h5
 Reading Xe133 from /home/diogo/openmc_data/endfb-vii.1-hdf5/neutron/Xe133.h5
 WARNING: Negative value(s) found on probability table for nuclide Xe133 at
          2500K
 Reading Xe134 from /home/diogo/openmc_data/endfb-vii.1-hdf5/neutron/Xe134.h5
 Reading Xe135 from /home/diogo/openmc_data/endfb-vii.1-hdf5/neutron/Xe135.h5
 Reading Xe136 from /home/diogo/openmc_data/endfb-vii.1-hdf5/neutron/Xe136.h5
 Reading Cs133 from /home/diogo/openmc_data/endfb-vii.1-hdf5/neutron/Cs133.h5
 Reading Cs134 from /home/diogo/openmc_data/endfb-vii.1-hdf5/neutron/Cs134.h5
 Reading Cs135 from /home/diogo/openmc_data/endfb-vii.1-hdf5/neutron/Cs135.h5
 Reading Cs136 from /home/diogo/openmc_data/endfb-vii.1-hdf5/neutron/Cs136.h5
 WARNING: Negative value(s) found on probability table for nuclide Cs136 at 250K
 WARNING: Negative value(s) found on probability table for nuclide Cs136 at 294K
 WARNING: Negative value(s) found on probability table for nuclide Cs136 at 600K
 WARNING: Negative value(s) found on probability table for nuclide Cs136 at 900K
 WARNING: Negative value(s) found on probability table for nuclide Cs136 at
          1200K
 WARNING: Negative value(s) found on probability table for nuclide Cs136 at
          2500K
 Reading Cs137 from /home/diogo/openmc_data/endfb-vii.1-hdf5/neutron/Cs137.h5
 Reading Ba132 from /home/diogo/openmc_data/endfb-vii.1-hdf5/neutron/Ba132.h5
 Reading Ba133 from /home/diogo/openmc_data/endfb-vii.1-hdf5/neutron/Ba133.h5
 Reading Ba134 from /home/diogo/openmc_data/endfb-vii.1-hdf5/neutron/Ba134.h5
 Reading Ba135 from /home/diogo/openmc_data/endfb-vii.1-hdf5/neutron/Ba135.h5
 Reading Ba136 from /home/diogo/openmc_data/endfb-vii.1-hdf5/neutron/Ba136.h5
 Reading Ba137 from /home/diogo/openmc_data/endfb-vii.1-hdf5/neutron/Ba137.h5
 Reading Ba138 from /home/diogo/openmc_data/endfb-vii.1-hdf5/neutron/Ba138.h5
 Reading Ba140 from /home/diogo/openmc_data/endfb-vii.1-hdf5/neutron/Ba140.h5
 Reading La138 from /home/diogo/openmc_data/endfb-vii.1-hdf5/neutron/La138.h5
 Reading La139 from /home/diogo/openmc_data/endfb-vii.1-hdf5/neutron/La139.h5
 Reading La140 from /home/diogo/openmc_data/endfb-vii.1-hdf5/neutron/La140.h5
 Reading Ce138 from /home/diogo/openmc_data/endfb-vii.1-hdf5/neutron/Ce138.h5
 Reading Ce139 from /home/diogo/openmc_data/endfb-vii.1-hdf5/neutron/Ce139.h5
 Reading Ce140 from /home/diogo/openmc_data/endfb-vii.1-hdf5/neutron/Ce140.h5
 Reading Ce141 from /home/diogo/openmc_data/endfb-vii.1-hdf5/neutron/Ce141.h5
 Reading Ce142 from /home/diogo/openmc_data/endfb-vii.1-hdf5/neutron/Ce142.h5
 Reading Ce143 from /home/diogo/openmc_data/endfb-vii.1-hdf5/neutron/Ce143.h5
 Reading Ce144 from /home/diogo/openmc_data/endfb-vii.1-hdf5/neutron/Ce144.h5
 Reading Pr141 from /home/diogo/openmc_data/endfb-vii.1-hdf5/neutron/Pr141.h5
 Reading Pr142 from /home/diogo/openmc_data/endfb-vii.1-hdf5/neutron/Pr142.h5
 Reading Pr143 from /home/diogo/openmc_data/endfb-vii.1-hdf5/neutron/Pr143.h5
 Reading Nd142 from /home/diogo/openmc_data/endfb-vii.1-hdf5/neutron/Nd142.h5
 Reading Nd143 from /home/diogo/openmc_data/endfb-vii.1-hdf5/neutron/Nd143.h5
 Reading Nd144 from /home/diogo/openmc_data/endfb-vii.1-hdf5/neutron/Nd144.h5
 Reading Nd145 from /home/diogo/openmc_data/endfb-vii.1-hdf5/neutron/Nd145.h5
 Reading Nd146 from /home/diogo/openmc_data/endfb-vii.1-hdf5/neutron/Nd146.h5
 Reading Nd147 from /home/diogo/openmc_data/endfb-vii.1-hdf5/neutron/Nd147.h5
 Reading Nd148 from /home/diogo/openmc_data/endfb-vii.1-hdf5/neutron/Nd148.h5
 Reading Nd150 from /home/diogo/openmc_data/endfb-vii.1-hdf5/neutron/Nd150.h5
 Reading Pm147 from /home/diogo/openmc_data/endfb-vii.1-hdf5/neutron/Pm147.h5
 Reading Pm148 from /home/diogo/openmc_data/endfb-vii.1-hdf5/neutron/Pm148.h5
 Reading Pm148_m1 from
 /home/diogo/openmc_data/endfb-vii.1-hdf5/neutron/Pm148_m1.h5
 Reading Pm149 from /home/diogo/openmc_data/endfb-vii.1-hdf5/neutron/Pm149.h5
 Reading Pm151 from /home/diogo/openmc_data/endfb-vii.1-hdf5/neutron/Pm151.h5
 Reading Sm144 from /home/diogo/openmc_data/endfb-vii.1-hdf5/neutron/Sm144.h5
 Reading Sm147 from /home/diogo/openmc_data/endfb-vii.1-hdf5/neutron/Sm147.h5
 Reading Sm148 from /home/diogo/openmc_data/endfb-vii.1-hdf5/neutron/Sm148.h5
 Reading Sm149 from /home/diogo/openmc_data/endfb-vii.1-hdf5/neutron/Sm149.h5
 Reading Sm150 from /home/diogo/openmc_data/endfb-vii.1-hdf5/neutron/Sm150.h5
 Reading Sm151 from /home/diogo/openmc_data/endfb-vii.1-hdf5/neutron/Sm151.h5
 Reading Sm152 from /home/diogo/openmc_data/endfb-vii.1-hdf5/neutron/Sm152.h5
 Reading Sm153 from /home/diogo/openmc_data/endfb-vii.1-hdf5/neutron/Sm153.h5
 Reading Sm154 from /home/diogo/openmc_data/endfb-vii.1-hdf5/neutron/Sm154.h5
 Reading Eu151 from /home/diogo/openmc_data/endfb-vii.1-hdf5/neutron/Eu151.h5
 Reading Eu152 from /home/diogo/openmc_data/endfb-vii.1-hdf5/neutron/Eu152.h5
 Reading Eu153 from /home/diogo/openmc_data/endfb-vii.1-hdf5/neutron/Eu153.h5
 Reading Eu154 from /home/diogo/openmc_data/endfb-vii.1-hdf5/neutron/Eu154.h5
 Reading Eu155 from /home/diogo/openmc_data/endfb-vii.1-hdf5/neutron/Eu155.h5
 Reading Eu156 from /home/diogo/openmc_data/endfb-vii.1-hdf5/neutron/Eu156.h5
 WARNING: Negative value(s) found on probability table for nuclide Eu156 at 250K
 WARNING: Negative value(s) found on probability table for nuclide Eu156 at 294K
 WARNING: Negative value(s) found on probability table for nuclide Eu156 at 600K
 WARNING: Negative value(s) found on probability table for nuclide Eu156 at 900K
 WARNING: Negative value(s) found on probability table for nuclide Eu156 at
          1200K
 WARNING: Negative value(s) found on probability table for nuclide Eu156 at
          2500K
 Reading Eu157 from /home/diogo/openmc_data/endfb-vii.1-hdf5/neutron/Eu157.h5
 Reading Gd153 from /home/diogo/openmc_data/endfb-vii.1-hdf5/neutron/Gd153.h5
 Reading Tb159 from /home/diogo/openmc_data/endfb-vii.1-hdf5/neutron/Tb159.h5
 Reading Tb160 from /home/diogo/openmc_data/endfb-vii.1-hdf5/neutron/Tb160.h5
 Reading Dy156 from /home/diogo/openmc_data/endfb-vii.1-hdf5/neutron/Dy156.h5
 Reading Dy158 from /home/diogo/openmc_data/endfb-vii.1-hdf5/neutron/Dy158.h5
 Reading Dy160 from /home/diogo/openmc_data/endfb-vii.1-hdf5/neutron/Dy160.h5
 Reading Dy161 from /home/diogo/openmc_data/endfb-vii.1-hdf5/neutron/Dy161.h5
 Reading Dy162 from /home/diogo/openmc_data/endfb-vii.1-hdf5/neutron/Dy162.h5
 Reading Dy163 from /home/diogo/openmc_data/endfb-vii.1-hdf5/neutron/Dy163.h5
 Reading Dy164 from /home/diogo/openmc_data/endfb-vii.1-hdf5/neutron/Dy164.h5
 Reading Ho165 from /home/diogo/openmc_data/endfb-vii.1-hdf5/neutron/Ho165.h5
 Reading Ho166_m1 from
 /home/diogo/openmc_data/endfb-vii.1-hdf5/neutron/Ho166_m1.h5
 Reading Er162 from /home/diogo/openmc_data/endfb-vii.1-hdf5/neutron/Er162.h5
 Reading Er164 from /home/diogo/openmc_data/endfb-vii.1-hdf5/neutron/Er164.h5
 Reading Er166 from /home/diogo/openmc_data/endfb-vii.1-hdf5/neutron/Er166.h5
 Reading Er167 from /home/diogo/openmc_data/endfb-vii.1-hdf5/neutron/Er167.h5
 Reading Er168 from /home/diogo/openmc_data/endfb-vii.1-hdf5/neutron/Er168.h5
 Reading Er170 from /home/diogo/openmc_data/endfb-vii.1-hdf5/neutron/Er170.h5
 Reading Tm168 from /home/diogo/openmc_data/endfb-vii.1-hdf5/neutron/Tm168.h5
 Reading Tm169 from /home/diogo/openmc_data/endfb-vii.1-hdf5/neutron/Tm169.h5
 Reading Tm170 from /home/diogo/openmc_data/endfb-vii.1-hdf5/neutron/Tm170.h5
 Reading Ir193 from /home/diogo/openmc_data/endfb-vii.1-hdf5/neutron/Ir193.h5
 Reading Au197 from /home/diogo/openmc_data/endfb-vii.1-hdf5/neutron/Au197.h5
 Reading Hg196 from /home/diogo/openmc_data/endfb-vii.1-hdf5/neutron/Hg196.h5
 Reading Hg198 from /home/diogo/openmc_data/endfb-vii.1-hdf5/neutron/Hg198.h5
 Reading Hg199 from /home/diogo/openmc_data/endfb-vii.1-hdf5/neutron/Hg199.h5
 Reading Hg200 from /home/diogo/openmc_data/endfb-vii.1-hdf5/neutron/Hg200.h5
 Reading Hg201 from /home/diogo/openmc_data/endfb-vii.1-hdf5/neutron/Hg201.h5
 Reading Hg202 from /home/diogo/openmc_data/endfb-vii.1-hdf5/neutron/Hg202.h5
 Reading Hg204 from /home/diogo/openmc_data/endfb-vii.1-hdf5/neutron/Hg204.h5
 Reading Tl203 from /home/diogo/openmc_data/endfb-vii.1-hdf5/neutron/Tl203.h5
 Reading Tl205 from /home/diogo/openmc_data/endfb-vii.1-hdf5/neutron/Tl205.h5
 Reading Pb204 from /home/diogo/openmc_data/endfb-vii.1-hdf5/neutron/Pb204.h5
 Reading Pb206 from /home/diogo/openmc_data/endfb-vii.1-hdf5/neutron/Pb206.h5
 Reading Pb207 from /home/diogo/openmc_data/endfb-vii.1-hdf5/neutron/Pb207.h5
 Reading Pb208 from /home/diogo/openmc_data/endfb-vii.1-hdf5/neutron/Pb208.h5
 Reading Bi209 from /home/diogo/openmc_data/endfb-vii.1-hdf5/neutron/Bi209.h5
 Reading Ra223 from /home/diogo/openmc_data/endfb-vii.1-hdf5/neutron/Ra223.h5
 Reading Ra224 from /home/diogo/openmc_data/endfb-vii.1-hdf5/neutron/Ra224.h5
 Reading Ra225 from /home/diogo/openmc_data/endfb-vii.1-hdf5/neutron/Ra225.h5
 Reading Ra226 from /home/diogo/openmc_data/endfb-vii.1-hdf5/neutron/Ra226.h5
 Reading Ac225 from /home/diogo/openmc_data/endfb-vii.1-hdf5/neutron/Ac225.h5
 Reading Ac226 from /home/diogo/openmc_data/endfb-vii.1-hdf5/neutron/Ac226.h5
 Reading Ac227 from /home/diogo/openmc_data/endfb-vii.1-hdf5/neutron/Ac227.h5
 Reading Th227 from /home/diogo/openmc_data/endfb-vii.1-hdf5/neutron/Th227.h5
 Reading Th228 from /home/diogo/openmc_data/endfb-vii.1-hdf5/neutron/Th228.h5
 Reading Th229 from /home/diogo/openmc_data/endfb-vii.1-hdf5/neutron/Th229.h5
 Reading Th230 from /home/diogo/openmc_data/endfb-vii.1-hdf5/neutron/Th230.h5
 Reading Th231 from /home/diogo/openmc_data/endfb-vii.1-hdf5/neutron/Th231.h5
 Reading Th232 from /home/diogo/openmc_data/endfb-vii.1-hdf5/neutron/Th232.h5
 Reading Th233 from /home/diogo/openmc_data/endfb-vii.1-hdf5/neutron/Th233.h5
 Reading Th234 from /home/diogo/openmc_data/endfb-vii.1-hdf5/neutron/Th234.h5
 Reading Pa229 from /home/diogo/openmc_data/endfb-vii.1-hdf5/neutron/Pa229.h5
 Reading Pa230 from /home/diogo/openmc_data/endfb-vii.1-hdf5/neutron/Pa230.h5
 Reading Pa231 from /home/diogo/openmc_data/endfb-vii.1-hdf5/neutron/Pa231.h5
 Reading Pa232 from /home/diogo/openmc_data/endfb-vii.1-hdf5/neutron/Pa232.h5
 Reading Pa233 from /home/diogo/openmc_data/endfb-vii.1-hdf5/neutron/Pa233.h5
 Reading U230 from /home/diogo/openmc_data/endfb-vii.1-hdf5/neutron/U230.h5
 Reading U231 from /home/diogo/openmc_data/endfb-vii.1-hdf5/neutron/U231.h5
 Reading U232 from /home/diogo/openmc_data/endfb-vii.1-hdf5/neutron/U232.h5
 Reading U233 from /home/diogo/openmc_data/endfb-vii.1-hdf5/neutron/U233.h5
 Reading U236 from /home/diogo/openmc_data/endfb-vii.1-hdf5/neutron/U236.h5
 Reading U237 from /home/diogo/openmc_data/endfb-vii.1-hdf5/neutron/U237.h5
 Reading U239 from /home/diogo/openmc_data/endfb-vii.1-hdf5/neutron/U239.h5
 Reading U240 from /home/diogo/openmc_data/endfb-vii.1-hdf5/neutron/U240.h5
 Reading U241 from /home/diogo/openmc_data/endfb-vii.1-hdf5/neutron/U241.h5
 Reading Np234 from /home/diogo/openmc_data/endfb-vii.1-hdf5/neutron/Np234.h5
 Reading Np235 from /home/diogo/openmc_data/endfb-vii.1-hdf5/neutron/Np235.h5
 Reading Np236 from /home/diogo/openmc_data/endfb-vii.1-hdf5/neutron/Np236.h5
 Reading Np237 from /home/diogo/openmc_data/endfb-vii.1-hdf5/neutron/Np237.h5
 Reading Np238 from /home/diogo/openmc_data/endfb-vii.1-hdf5/neutron/Np238.h5
 Reading Np239 from /home/diogo/openmc_data/endfb-vii.1-hdf5/neutron/Np239.h5
 Reading Pu236 from /home/diogo/openmc_data/endfb-vii.1-hdf5/neutron/Pu236.h5
 Reading Pu237 from /home/diogo/openmc_data/endfb-vii.1-hdf5/neutron/Pu237.h5
 Reading Pu238 from /home/diogo/openmc_data/endfb-vii.1-hdf5/neutron/Pu238.h5
 Reading Pu239 from /home/diogo/openmc_data/endfb-vii.1-hdf5/neutron/Pu239.h5
 Reading Pu240 from /home/diogo/openmc_data/endfb-vii.1-hdf5/neutron/Pu240.h5
 Reading Pu241 from /home/diogo/openmc_data/endfb-vii.1-hdf5/neutron/Pu241.h5
 Reading Pu242 from /home/diogo/openmc_data/endfb-vii.1-hdf5/neutron/Pu242.h5
 Reading Pu243 from /home/diogo/openmc_data/endfb-vii.1-hdf5/neutron/Pu243.h5
 Reading Pu244 from /home/diogo/openmc_data/endfb-vii.1-hdf5/neutron/Pu244.h5
 Reading Pu246 from /home/diogo/openmc_data/endfb-vii.1-hdf5/neutron/Pu246.h5
 Reading Am240 from /home/diogo/openmc_data/endfb-vii.1-hdf5/neutron/Am240.h5
 Reading Am241 from /home/diogo/openmc_data/endfb-vii.1-hdf5/neutron/Am241.h5
 Reading Am242 from /home/diogo/openmc_data/endfb-vii.1-hdf5/neutron/Am242.h5
 Reading Am242_m1 from
 /home/diogo/openmc_data/endfb-vii.1-hdf5/neutron/Am242_m1.h5
 Reading Am243 from /home/diogo/openmc_data/endfb-vii.1-hdf5/neutron/Am243.h5
 Reading Am244 from /home/diogo/openmc_data/endfb-vii.1-hdf5/neutron/Am244.h5
 Reading Am244_m1 from
 /home/diogo/openmc_data/endfb-vii.1-hdf5/neutron/Am244_m1.h5
 Reading Cm240 from /home/diogo/openmc_data/endfb-vii.1-hdf5/neutron/Cm240.h5
 Reading Cm241 from /home/diogo/openmc_data/endfb-vii.1-hdf5/neutron/Cm241.h5
 Reading Cm242 from /home/diogo/openmc_data/endfb-vii.1-hdf5/neutron/Cm242.h5
 Reading Cm243 from /home/diogo/openmc_data/endfb-vii.1-hdf5/neutron/Cm243.h5
 Reading Cm244 from /home/diogo/openmc_data/endfb-vii.1-hdf5/neutron/Cm244.h5
 Reading Cm245 from /home/diogo/openmc_data/endfb-vii.1-hdf5/neutron/Cm245.h5
 Reading Cm246 from /home/diogo/openmc_data/endfb-vii.1-hdf5/neutron/Cm246.h5
 Reading Cm247 from /home/diogo/openmc_data/endfb-vii.1-hdf5/neutron/Cm247.h5
 Reading Cm248 from /home/diogo/openmc_data/endfb-vii.1-hdf5/neutron/Cm248.h5
 Reading Cm249 from /home/diogo/openmc_data/endfb-vii.1-hdf5/neutron/Cm249.h5
 Reading Cm250 from /home/diogo/openmc_data/endfb-vii.1-hdf5/neutron/Cm250.h5
 Reading Bk245 from /home/diogo/openmc_data/endfb-vii.1-hdf5/neutron/Bk245.h5
 Reading Bk247 from /home/diogo/openmc_data/endfb-vii.1-hdf5/neutron/Bk247.h5
 Reading Bk249 from /home/diogo/openmc_data/endfb-vii.1-hdf5/neutron/Bk249.h5
 Reading Bk250 from /home/diogo/openmc_data/endfb-vii.1-hdf5/neutron/Bk250.h5
 Reading Cf250 from /home/diogo/openmc_data/endfb-vii.1-hdf5/neutron/Cf250.h5
 WARNING: Negative value(s) found on probability table for nuclide Cf250 at 250K
 WARNING: Negative value(s) found on probability table for nuclide Cf250 at 294K
 WARNING: Negative value(s) found on probability table for nuclide Cf250 at 900K
 WARNING: Negative value(s) found on probability table for nuclide Cf250 at
          1200K
 Reading Cf251 from /home/diogo/openmc_data/endfb-vii.1-hdf5/neutron/Cf251.h5
 Reading Cf252 from /home/diogo/openmc_data/endfb-vii.1-hdf5/neutron/Cf252.h5
 Reading Ir191 from /home/diogo/openmc_data/endfb-vii.1-hdf5/neutron/Ir191.h5
 Reading Bk246 from /home/diogo/openmc_data/endfb-vii.1-hdf5/neutron/Bk246.h5
 Reading Bk248 from /home/diogo/openmc_data/endfb-vii.1-hdf5/neutron/Bk248.h5
 Reading Cf248 from /home/diogo/openmc_data/endfb-vii.1-hdf5/neutron/Cf248.h5
 Reading Cf253 from /home/diogo/openmc_data/endfb-vii.1-hdf5/neutron/Cf253.h5
 Reading Cf254 from /home/diogo/openmc_data/endfb-vii.1-hdf5/neutron/Cf254.h5
 Reading Es251 from /home/diogo/openmc_data/endfb-vii.1-hdf5/neutron/Es251.h5
 Reading Es252 from /home/diogo/openmc_data/endfb-vii.1-hdf5/neutron/Es252.h5
 Reading Es253 from /home/diogo/openmc_data/endfb-vii.1-hdf5/neutron/Es253.h5
 Reading Es254 from /home/diogo/openmc_data/endfb-vii.1-hdf5/neutron/Es254.h5
 Reading Es254_m1 from
 /home/diogo/openmc_data/endfb-vii.1-hdf5/neutron/Es254_m1.h5
 Reading Es255 from /home/diogo/openmc_data/endfb-vii.1-hdf5/neutron/Es255.h5
 Reading Fm255 from /home/diogo/openmc_data/endfb-vii.1-hdf5/neutron/Fm255.h5
 Reading Cf249 from /home/diogo/openmc_data/endfb-vii.1-hdf5/neutron/Cf249.h5
 Reading Cf246 from /home/diogo/openmc_data/endfb-vii.1-hdf5/neutron/Cf246.h5
 Reading Be9 from /home/diogo/openmc_data/endfb-vii.1-hdf5/neutron/Be9.h5
 Reading Ca48 from /home/diogo/openmc_data/endfb-vii.1-hdf5/neutron/Ca48.h5
 Reading Co58_m1 from
 /home/diogo/openmc_data/endfb-vii.1-hdf5/neutron/Co58_m1.h5
 Reading Ru96 from /home/diogo/openmc_data/endfb-vii.1-hdf5/neutron/Ru96.h5
 Reading Xe123 from /home/diogo/openmc_data/endfb-vii.1-hdf5/neutron/Xe123.h5
 Reading Xe124 from /home/diogo/openmc_data/endfb-vii.1-hdf5/neutron/Xe124.h5
 Reading Ba130 from /home/diogo/openmc_data/endfb-vii.1-hdf5/neutron/Ba130.h5
 Reading Ce136 from /home/diogo/openmc_data/endfb-vii.1-hdf5/neutron/Ce136.h5
 Reading Lu175 from /home/diogo/openmc_data/endfb-vii.1-hdf5/neutron/Lu175.h5
 Reading Lu176 from /home/diogo/openmc_data/endfb-vii.1-hdf5/neutron/Lu176.h5
 Reading Hf174 from /home/diogo/openmc_data/endfb-vii.1-hdf5/neutron/Hf174.h5
 Reading Hf176 from /home/diogo/openmc_data/endfb-vii.1-hdf5/neutron/Hf176.h5
 Reading Hf177 from /home/diogo/openmc_data/endfb-vii.1-hdf5/neutron/Hf177.h5
 Reading Hf178 from /home/diogo/openmc_data/endfb-vii.1-hdf5/neutron/Hf178.h5
 Reading Hf179 from /home/diogo/openmc_data/endfb-vii.1-hdf5/neutron/Hf179.h5
 Reading Hf180 from /home/diogo/openmc_data/endfb-vii.1-hdf5/neutron/Hf180.h5
 Reading Ta180 from /home/diogo/openmc_data/endfb-vii.1-hdf5/neutron/Ta180.h5
 Reading Ta181 from /home/diogo/openmc_data/endfb-vii.1-hdf5/neutron/Ta181.h5
 Reading Ta182 from /home/diogo/openmc_data/endfb-vii.1-hdf5/neutron/Ta182.h5
 Reading W180 from /home/diogo/openmc_data/endfb-vii.1-hdf5/neutron/W180.h5
 Reading W182 from /home/diogo/openmc_data/endfb-vii.1-hdf5/neutron/W182.h5
 Reading W183 from /home/diogo/openmc_data/endfb-vii.1-hdf5/neutron/W183.h5
 Reading W184 from /home/diogo/openmc_data/endfb-vii.1-hdf5/neutron/W184.h5
 Reading W186 from /home/diogo/openmc_data/endfb-vii.1-hdf5/neutron/W186.h5
 Reading Re185 from /home/diogo/openmc_data/endfb-vii.1-hdf5/neutron/Re185.h5
 Reading Re187 from /home/diogo/openmc_data/endfb-vii.1-hdf5/neutron/Re187.h5
 Maximum neutron transport energy: 20000000 eV for H1
 Initializing source particles...

 ====================>     K EIGENVALUE SIMULATION     <====================

  Bat./Gen.      k       Entropy         Average k 
  =========   ========   ========   ====================
        1/1    1.11359    5.92977
        2/1    1.08330    5.92027
        3/1    1.09640    5.91828
        4/1    1.06978    5.90270
        5/1    1.14458    5.88867
        6/1    1.06705    5.89878
        7/1    1.05957    5.93239
        8/1    1.15693    5.91846
        9/1    1.08195    5.91827
       10/1    1.11675    5.91686
       11/1    1.19255    5.90120
       12/1    1.08883    5.90077    1.14069 +/- 0.05186
       13/1    1.04754    5.91039    1.10964 +/- 0.04314
       14/1    1.02843    5.90695    1.08933 +/- 0.03664
       15/1    1.07824    5.90903    1.08712 +/- 0.02847
       16/1    1.13959    5.91742    1.09586 +/- 0.02484
       17/1    1.09265    5.90132    1.09540 +/- 0.02099
       18/1    1.05959    5.91997    1.09093 +/- 0.01873
       19/1    1.09494    5.89226    1.09137 +/- 0.01652
       20/1    1.14072    5.90777    1.09631 +/- 0.01558
       21/1    1.08223    5.91051    1.09503 +/- 0.01415
       22/1    1.09428    5.84898    1.09496 +/- 0.01292
       23/1    1.12639    5.90385    1.09738 +/- 0.01212
       24/1    1.09025    5.91544    1.09687 +/- 0.01124
       25/1    1.09984    5.90817    1.09707 +/- 0.01046
       26/1    1.08858    5.88593    1.09654 +/- 0.00980
       27/1    1.11428    5.91772    1.09758 +/- 0.00927
       28/1    1.14250    5.89284    1.10008 +/- 0.00909
       29/1    1.07996    5.90075    1.09902 +/- 0.00866
       30/1    1.11037    5.91833    1.09959 +/- 0.00823
 Creating state point statepoint.30.h5...

 =======================>     TIMING STATISTICS     <=======================

 Total time for initialization     = 5.9019e+00 seconds
   Reading cross sections          = 5.1048e+00 seconds
 Total time in simulation          = 8.1997e+01 seconds
   Time in transport only          = 8.1982e+01 seconds
   Time in inactive batches        = 2.2108e+01 seconds
   Time in active batches          = 5.9889e+01 seconds
   Time synchronizing fission bank = 1.7009e-03 seconds
     Sampling source sites         = 1.3225e-03 seconds
     SEND/RECV source sites        = 2.7518e-04 seconds
   Time accumulating tallies       = 4.6844e-04 seconds
   Time writing statepoints        = 9.9635e-03 seconds
 Total time for finalization       = 3.6397e-04 seconds
 Total time elapsed                = 8.8343e+01 seconds
 Calculation Rate (inactive)       = 452.327 particles/second
 Calculation Rate (active)         = 333.953 particles/second

 ============================>     RESULTS     <============================

 k-effective (Collision)     = 1.09271 +/- 0.00851
 k-effective (Track-length)  = 1.09959 +/- 0.00823
 k-effective (Absorption)    = 1.09113 +/- 0.00525
 Combined k-effective        = 1.09397 +/- 0.00481
 Leakage Fraction            = 0.00000 +/- 0.00000

 Creating state point openmc_simulation_n3.h5...
[t1a] threads 1, seed 1130245551, bu [0.0, 0.5, 1.5, 1.6]
[t1a] k 1.1219357299534725  1.0830905485737723  1.1050911644377635  1.0939749311203377   (7.2 min)
                                %%%%%%%%%%%%%%%
                           %%%%%%%%%%%%%%%%%%%%%%%%
                        %%%%%%%%%%%%%%%%%%%%%%%%%%%%%%
                      %%%%%%%%%%%%%%%%%%%%%%%%%%%%%%%%%%
                    %%%%%%%%%%%%%%%%%%%%%%%%%%%%%%%%%%%%%%
                   %%%%%%%%%%%%%%%%%%%%%%%%%%%%%%%%%%%%%%%%
                                    %%%%%%%%%%%%%%%%%%%%%%%%
                                     %%%%%%%%%%%%%%%%%%%%%%%%
                 ###############      %%%%%%%%%%%%%%%%%%%%%%%%
                ##################     %%%%%%%%%%%%%%%%%%%%%%%
                ###################     %%%%%%%%%%%%%%%%%%%%%%%
                ####################     %%%%%%%%%%%%%%%%%%%%%%
                #####################     %%%%%%%%%%%%%%%%%%%%%
                ######################     %%%%%%%%%%%%%%%%%%%%
                #######################     %%%%%%%%%%%%%%%%%%
                 #######################     %%%%%%%%%%%%%%%%%
                 ######################     %%%%%%%%%%%%%%%%%
                  ####################     %%%%%%%%%%%%%%%%%
                    #################     %%%%%%%%%%%%%%%%%
                     ###############     %%%%%%%%%%%%%%%%
                       ############     %%%%%%%%%%%%%%%
                          ########     %%%%%%%%%%%%%%
                                      %%%%%%%%%%%

                 | The OpenMC Monte Carlo Code
       Copyright | 2011-2025 MIT, UChicago Argonne LLC, and contributors
         License | https://docs.openmc.org/en/latest/license.html
         Version | 0.15.3
     Commit Hash | 27e38e894697bb32a1dac7848d2618818b6b8daf
       Date/Time | 2026-09-26 20:16:25
   MPI Processes | 1
  OpenMP Threads | 1

 Reading settings XML file...
 Reading cross sections XML file...
 Reading chain file: /home/diogo/openmc_data/chain_endfb71_pwr.xml...
 Reading materials XML file...
 Reading geometry XML file...
 Reading H1 from /home/diogo/openmc_data/endfb-vii.1-hdf5/neutron/H1.h5
 Reading H2 from /home/diogo/openmc_data/endfb-vii.1-hdf5/neutron/H2.h5
 Reading B10 from /home/diogo/openmc_data/endfb-vii.1-hdf5/neutron/B10.h5
 Reading B11 from /home/diogo/openmc_data/endfb-vii.1-hdf5/neutron/B11.h5
 Reading O16 from /home/diogo/openmc_data/endfb-vii.1-hdf5/neutron/O16.h5
 Reading O17 from /home/diogo/openmc_data/endfb-vii.1-hdf5/neutron/O17.h5
 Reading Cr50 from /home/diogo/openmc_data/endfb-vii.1-hdf5/neutron/Cr50.h5
 Reading Cr52 from /home/diogo/openmc_data/endfb-vii.1-hdf5/neutron/Cr52.h5
 Reading Cr53 from /home/diogo/openmc_data/endfb-vii.1-hdf5/neutron/Cr53.h5
 Reading Cr54 from /home/diogo/openmc_data/endfb-vii.1-hdf5/neutron/Cr54.h5
 Reading Fe54 from /home/diogo/openmc_data/endfb-vii.1-hdf5/neutron/Fe54.h5
 Reading Fe56 from /home/diogo/openmc_data/endfb-vii.1-hdf5/neutron/Fe56.h5
 Reading Fe57 from /home/diogo/openmc_data/endfb-vii.1-hdf5/neutron/Fe57.h5
 Reading Fe58 from /home/diogo/openmc_data/endfb-vii.1-hdf5/neutron/Fe58.h5
 Reading Zr90 from /home/diogo/openmc_data/endfb-vii.1-hdf5/neutron/Zr90.h5
 Reading Zr91 from /home/diogo/openmc_data/endfb-vii.1-hdf5/neutron/Zr91.h5
 Reading Zr92 from /home/diogo/openmc_data/endfb-vii.1-hdf5/neutron/Zr92.h5
 Reading Zr94 from /home/diogo/openmc_data/endfb-vii.1-hdf5/neutron/Zr94.h5
 Reading Zr96 from /home/diogo/openmc_data/endfb-vii.1-hdf5/neutron/Zr96.h5
 Reading Sn112 from /home/diogo/openmc_data/endfb-vii.1-hdf5/neutron/Sn112.h5
 Reading Sn114 from /home/diogo/openmc_data/endfb-vii.1-hdf5/neutron/Sn114.h5
 Reading Sn115 from /home/diogo/openmc_data/endfb-vii.1-hdf5/neutron/Sn115.h5
 Reading Sn116 from /home/diogo/openmc_data/endfb-vii.1-hdf5/neutron/Sn116.h5
 Reading Sn117 from /home/diogo/openmc_data/endfb-vii.1-hdf5/neutron/Sn117.h5
 Reading Sn118 from /home/diogo/openmc_data/endfb-vii.1-hdf5/neutron/Sn118.h5
 Reading Sn119 from /home/diogo/openmc_data/endfb-vii.1-hdf5/neutron/Sn119.h5
 Reading Sn120 from /home/diogo/openmc_data/endfb-vii.1-hdf5/neutron/Sn120.h5
 Reading Sn122 from /home/diogo/openmc_data/endfb-vii.1-hdf5/neutron/Sn122.h5
 Reading Sn124 from /home/diogo/openmc_data/endfb-vii.1-hdf5/neutron/Sn124.h5
 Reading He3 from /home/diogo/openmc_data/endfb-vii.1-hdf5/neutron/He3.h5
 Reading He4 from /home/diogo/openmc_data/endfb-vii.1-hdf5/neutron/He4.h5
 Reading U234 from /home/diogo/openmc_data/endfb-vii.1-hdf5/neutron/U234.h5
 Reading U235 from /home/diogo/openmc_data/endfb-vii.1-hdf5/neutron/U235.h5
 Reading U238 from /home/diogo/openmc_data/endfb-vii.1-hdf5/neutron/U238.h5
 Reading Gd152 from /home/diogo/openmc_data/endfb-vii.1-hdf5/neutron/Gd152.h5
 Reading Gd154 from /home/diogo/openmc_data/endfb-vii.1-hdf5/neutron/Gd154.h5
 Reading Gd155 from /home/diogo/openmc_data/endfb-vii.1-hdf5/neutron/Gd155.h5
 Reading Gd156 from /home/diogo/openmc_data/endfb-vii.1-hdf5/neutron/Gd156.h5
 Reading Gd157 from /home/diogo/openmc_data/endfb-vii.1-hdf5/neutron/Gd157.h5
 Reading Gd158 from /home/diogo/openmc_data/endfb-vii.1-hdf5/neutron/Gd158.h5
 Reading Gd160 from /home/diogo/openmc_data/endfb-vii.1-hdf5/neutron/Gd160.h5
 Reading c_H_in_H2O from
 /home/diogo/openmc_data/endfb-vii.1-hdf5/neutron/c_H_in_H2O.h5
 Minimum neutron data temperature: 294 K
 Maximum neutron data temperature: 2500 K
 Reading tallies XML file...
 Preparing distributed cell instances...
 Reading plot XML file...
 Writing summary.h5 file...
[openmc.deplete] t=0.0 s, dt=4327203.051553669 s, source=1491105.972264863
 Reading H3 from /home/diogo/openmc_data/endfb-vii.1-hdf5/neutron/H3.h5
 Reading Li6 from /home/diogo/openmc_data/endfb-vii.1-hdf5/neutron/Li6.h5
 Reading Li7 from /home/diogo/openmc_data/endfb-vii.1-hdf5/neutron/Li7.h5
 Reading Be9 from /home/diogo/openmc_data/endfb-vii.1-hdf5/neutron/Be9.h5
 Reading N14 from /home/diogo/openmc_data/endfb-vii.1-hdf5/neutron/N14.h5
 Reading N15 from /home/diogo/openmc_data/endfb-vii.1-hdf5/neutron/N15.h5
 Reading F19 from /home/diogo/openmc_data/endfb-vii.1-hdf5/neutron/F19.h5
 Reading Na22 from /home/diogo/openmc_data/endfb-vii.1-hdf5/neutron/Na22.h5
 WARNING: Negative value(s) found on probability table for nuclide Na22 at 250K
 WARNING: Negative value(s) found on probability table for nuclide Na22 at 294K
 WARNING: Negative value(s) found on probability table for nuclide Na22 at 600K
 WARNING: Negative value(s) found on probability table for nuclide Na22 at 900K
 WARNING: Negative value(s) found on probability table for nuclide Na22 at 1200K
 WARNING: Negative value(s) found on probability table for nuclide Na22 at 2500K
 Reading Na23 from /home/diogo/openmc_data/endfb-vii.1-hdf5/neutron/Na23.h5
 Reading Mg24 from /home/diogo/openmc_data/endfb-vii.1-hdf5/neutron/Mg24.h5
 Reading Mg25 from /home/diogo/openmc_data/endfb-vii.1-hdf5/neutron/Mg25.h5
 Reading Mg26 from /home/diogo/openmc_data/endfb-vii.1-hdf5/neutron/Mg26.h5
 Reading Al27 from /home/diogo/openmc_data/endfb-vii.1-hdf5/neutron/Al27.h5
 Reading Si28 from /home/diogo/openmc_data/endfb-vii.1-hdf5/neutron/Si28.h5
 Reading Si29 from /home/diogo/openmc_data/endfb-vii.1-hdf5/neutron/Si29.h5
 Reading Si30 from /home/diogo/openmc_data/endfb-vii.1-hdf5/neutron/Si30.h5
 Reading P31 from /home/diogo/openmc_data/endfb-vii.1-hdf5/neutron/P31.h5
 Reading S32 from /home/diogo/openmc_data/endfb-vii.1-hdf5/neutron/S32.h5
 Reading S33 from /home/diogo/openmc_data/endfb-vii.1-hdf5/neutron/S33.h5
 Reading S34 from /home/diogo/openmc_data/endfb-vii.1-hdf5/neutron/S34.h5
 Reading S36 from /home/diogo/openmc_data/endfb-vii.1-hdf5/neutron/S36.h5
 Reading Cl35 from /home/diogo/openmc_data/endfb-vii.1-hdf5/neutron/Cl35.h5
 Reading Cl37 from /home/diogo/openmc_data/endfb-vii.1-hdf5/neutron/Cl37.h5
 Reading Ar36 from /home/diogo/openmc_data/endfb-vii.1-hdf5/neutron/Ar36.h5
 WARNING: Negative value(s) found on probability table for nuclide Ar36 at 250K
 WARNING: Negative value(s) found on probability table for nuclide Ar36 at 294K
 WARNING: Negative value(s) found on probability table for nuclide Ar36 at 600K
 WARNING: Negative value(s) found on probability table for nuclide Ar36 at 900K
 WARNING: Negative value(s) found on probability table for nuclide Ar36 at 1200K
 WARNING: Negative value(s) found on probability table for nuclide Ar36 at 2500K
 Reading Ar38 from /home/diogo/openmc_data/endfb-vii.1-hdf5/neutron/Ar38.h5
 Reading Ar40 from /home/diogo/openmc_data/endfb-vii.1-hdf5/neutron/Ar40.h5
 Reading K39 from /home/diogo/openmc_data/endfb-vii.1-hdf5/neutron/K39.h5
 Reading K40 from /home/diogo/openmc_data/endfb-vii.1-hdf5/neutron/K40.h5
 Reading K41 from /home/diogo/openmc_data/endfb-vii.1-hdf5/neutron/K41.h5
 Reading Ca40 from /home/diogo/openmc_data/endfb-vii.1-hdf5/neutron/Ca40.h5
 Reading Ca42 from /home/diogo/openmc_data/endfb-vii.1-hdf5/neutron/Ca42.h5
 Reading Ca43 from /home/diogo/openmc_data/endfb-vii.1-hdf5/neutron/Ca43.h5
 Reading Ca44 from /home/diogo/openmc_data/endfb-vii.1-hdf5/neutron/Ca44.h5
 Reading Ca46 from /home/diogo/openmc_data/endfb-vii.1-hdf5/neutron/Ca46.h5
 Reading Ca48 from /home/diogo/openmc_data/endfb-vii.1-hdf5/neutron/Ca48.h5
 Reading Sc45 from /home/diogo/openmc_data/endfb-vii.1-hdf5/neutron/Sc45.h5
 Reading Ti46 from /home/diogo/openmc_data/endfb-vii.1-hdf5/neutron/Ti46.h5
 Reading Ti47 from /home/diogo/openmc_data/endfb-vii.1-hdf5/neutron/Ti47.h5
 Reading Ti48 from /home/diogo/openmc_data/endfb-vii.1-hdf5/neutron/Ti48.h5
 Reading Ti49 from /home/diogo/openmc_data/endfb-vii.1-hdf5/neutron/Ti49.h5
 Reading Ti50 from /home/diogo/openmc_data/endfb-vii.1-hdf5/neutron/Ti50.h5
 Reading V50 from /home/diogo/openmc_data/endfb-vii.1-hdf5/neutron/V50.h5
 Reading V51 from /home/diogo/openmc_data/endfb-vii.1-hdf5/neutron/V51.h5
 Reading Mn55 from /home/diogo/openmc_data/endfb-vii.1-hdf5/neutron/Mn55.h5
 Reading Co58 from /home/diogo/openmc_data/endfb-vii.1-hdf5/neutron/Co58.h5
 Reading Co58_m1 from
 /home/diogo/openmc_data/endfb-vii.1-hdf5/neutron/Co58_m1.h5
 Reading Co59 from /home/diogo/openmc_data/endfb-vii.1-hdf5/neutron/Co59.h5
 Reading Ni58 from /home/diogo/openmc_data/endfb-vii.1-hdf5/neutron/Ni58.h5
 Reading Ni59 from /home/diogo/openmc_data/endfb-vii.1-hdf5/neutron/Ni59.h5
 Reading Ni60 from /home/diogo/openmc_data/endfb-vii.1-hdf5/neutron/Ni60.h5
 Reading Ni61 from /home/diogo/openmc_data/endfb-vii.1-hdf5/neutron/Ni61.h5
 Reading Ni62 from /home/diogo/openmc_data/endfb-vii.1-hdf5/neutron/Ni62.h5
 Reading Ni64 from /home/diogo/openmc_data/endfb-vii.1-hdf5/neutron/Ni64.h5
 Reading Cu63 from /home/diogo/openmc_data/endfb-vii.1-hdf5/neutron/Cu63.h5
 Reading Cu65 from /home/diogo/openmc_data/endfb-vii.1-hdf5/neutron/Cu65.h5
 Reading Zn64 from /home/diogo/openmc_data/endfb-vii.1-hdf5/neutron/Zn64.h5
 Reading Zn65 from /home/diogo/openmc_data/endfb-vii.1-hdf5/neutron/Zn65.h5
 Reading Zn66 from /home/diogo/openmc_data/endfb-vii.1-hdf5/neutron/Zn66.h5
 Reading Zn67 from /home/diogo/openmc_data/endfb-vii.1-hdf5/neutron/Zn67.h5
 Reading Zn68 from /home/diogo/openmc_data/endfb-vii.1-hdf5/neutron/Zn68.h5
 Reading Zn70 from /home/diogo/openmc_data/endfb-vii.1-hdf5/neutron/Zn70.h5
 Reading Ga69 from /home/diogo/openmc_data/endfb-vii.1-hdf5/neutron/Ga69.h5
 Reading Ga71 from /home/diogo/openmc_data/endfb-vii.1-hdf5/neutron/Ga71.h5
 Reading Ge70 from /home/diogo/openmc_data/endfb-vii.1-hdf5/neutron/Ge70.h5
 Reading Ge72 from /home/diogo/openmc_data/endfb-vii.1-hdf5/neutron/Ge72.h5
 Reading Ge73 from /home/diogo/openmc_data/endfb-vii.1-hdf5/neutron/Ge73.h5
 Reading Ge74 from /home/diogo/openmc_data/endfb-vii.1-hdf5/neutron/Ge74.h5
 Reading Ge76 from /home/diogo/openmc_data/endfb-vii.1-hdf5/neutron/Ge76.h5
 Reading As74 from /home/diogo/openmc_data/endfb-vii.1-hdf5/neutron/As74.h5
 Reading As75 from /home/diogo/openmc_data/endfb-vii.1-hdf5/neutron/As75.h5
 Reading Se74 from /home/diogo/openmc_data/endfb-vii.1-hdf5/neutron/Se74.h5
 Reading Se76 from /home/diogo/openmc_data/endfb-vii.1-hdf5/neutron/Se76.h5
 Reading Se77 from /home/diogo/openmc_data/endfb-vii.1-hdf5/neutron/Se77.h5
 Reading Se78 from /home/diogo/openmc_data/endfb-vii.1-hdf5/neutron/Se78.h5
 Reading Se79 from /home/diogo/openmc_data/endfb-vii.1-hdf5/neutron/Se79.h5
 WARNING: Negative value(s) found on probability table for nuclide Se79 at 250K
 WARNING: Negative value(s) found on probability table for nuclide Se79 at 294K
 WARNING: Negative value(s) found on probability table for nuclide Se79 at 600K
 WARNING: Negative value(s) found on probability table for nuclide Se79 at 900K
 WARNING: Negative value(s) found on probability table for nuclide Se79 at 1200K
 Reading Se80 from /home/diogo/openmc_data/endfb-vii.1-hdf5/neutron/Se80.h5
 Reading Se82 from /home/diogo/openmc_data/endfb-vii.1-hdf5/neutron/Se82.h5
 Reading Br79 from /home/diogo/openmc_data/endfb-vii.1-hdf5/neutron/Br79.h5
 Reading Br81 from /home/diogo/openmc_data/endfb-vii.1-hdf5/neutron/Br81.h5
 Reading Kr78 from /home/diogo/openmc_data/endfb-vii.1-hdf5/neutron/Kr78.h5
 Reading Kr80 from /home/diogo/openmc_data/endfb-vii.1-hdf5/neutron/Kr80.h5
 Reading Kr82 from /home/diogo/openmc_data/endfb-vii.1-hdf5/neutron/Kr82.h5
 Reading Kr83 from /home/diogo/openmc_data/endfb-vii.1-hdf5/neutron/Kr83.h5
 Reading Kr84 from /home/diogo/openmc_data/endfb-vii.1-hdf5/neutron/Kr84.h5
 Reading Kr85 from /home/diogo/openmc_data/endfb-vii.1-hdf5/neutron/Kr85.h5
 Reading Kr86 from /home/diogo/openmc_data/endfb-vii.1-hdf5/neutron/Kr86.h5
 Reading Rb85 from /home/diogo/openmc_data/endfb-vii.1-hdf5/neutron/Rb85.h5
 Reading Rb86 from /home/diogo/openmc_data/endfb-vii.1-hdf5/neutron/Rb86.h5
 Reading Rb87 from /home/diogo/openmc_data/endfb-vii.1-hdf5/neutron/Rb87.h5
 Reading Sr84 from /home/diogo/openmc_data/endfb-vii.1-hdf5/neutron/Sr84.h5
 Reading Sr86 from /home/diogo/openmc_data/endfb-vii.1-hdf5/neutron/Sr86.h5
 Reading Sr87 from /home/diogo/openmc_data/endfb-vii.1-hdf5/neutron/Sr87.h5
 Reading Sr88 from /home/diogo/openmc_data/endfb-vii.1-hdf5/neutron/Sr88.h5
 Reading Sr89 from /home/diogo/openmc_data/endfb-vii.1-hdf5/neutron/Sr89.h5
 Reading Sr90 from /home/diogo/openmc_data/endfb-vii.1-hdf5/neutron/Sr90.h5
 Reading Y89 from /home/diogo/openmc_data/endfb-vii.1-hdf5/neutron/Y89.h5
 Reading Y90 from /home/diogo/openmc_data/endfb-vii.1-hdf5/neutron/Y90.h5
 Reading Y91 from /home/diogo/openmc_data/endfb-vii.1-hdf5/neutron/Y91.h5
 Reading Zr93 from /home/diogo/openmc_data/endfb-vii.1-hdf5/neutron/Zr93.h5
 Reading Zr95 from /home/diogo/openmc_data/endfb-vii.1-hdf5/neutron/Zr95.h5
 Reading Nb93 from /home/diogo/openmc_data/endfb-vii.1-hdf5/neutron/Nb93.h5
 Reading Nb94 from /home/diogo/openmc_data/endfb-vii.1-hdf5/neutron/Nb94.h5
 WARNING: Negative value(s) found on probability table for nuclide Nb94 at 250K
 WARNING: Negative value(s) found on probability table for nuclide Nb94 at 294K
 WARNING: Negative value(s) found on probability table for nuclide Nb94 at 600K
 WARNING: Negative value(s) found on probability table for nuclide Nb94 at 900K
 WARNING: Negative value(s) found on probability table for nuclide Nb94 at 1200K
 WARNING: Negative value(s) found on probability table for nuclide Nb94 at 2500K
 Reading Nb95 from /home/diogo/openmc_data/endfb-vii.1-hdf5/neutron/Nb95.h5
 WARNING: Negative value(s) found on probability table for nuclide Nb95 at 250K
 WARNING: Negative value(s) found on probability table for nuclide Nb95 at 294K
 WARNING: Negative value(s) found on probability table for nuclide Nb95 at 600K
 WARNING: Negative value(s) found on probability table for nuclide Nb95 at 900K
 WARNING: Negative value(s) found on probability table for nuclide Nb95 at 1200K
 Reading Mo92 from /home/diogo/openmc_data/endfb-vii.1-hdf5/neutron/Mo92.h5
 Reading Mo94 from /home/diogo/openmc_data/endfb-vii.1-hdf5/neutron/Mo94.h5
 Reading Mo95 from /home/diogo/openmc_data/endfb-vii.1-hdf5/neutron/Mo95.h5
 Reading Mo96 from /home/diogo/openmc_data/endfb-vii.1-hdf5/neutron/Mo96.h5
 Reading Mo97 from /home/diogo/openmc_data/endfb-vii.1-hdf5/neutron/Mo97.h5
 Reading Mo98 from /home/diogo/openmc_data/endfb-vii.1-hdf5/neutron/Mo98.h5
 Reading Mo99 from /home/diogo/openmc_data/endfb-vii.1-hdf5/neutron/Mo99.h5
 WARNING: Negative value(s) found on probability table for nuclide Mo99 at 250K
 WARNING: Negative value(s) found on probability table for nuclide Mo99 at 294K
 WARNING: Negative value(s) found on probability table for nuclide Mo99 at 600K
 WARNING: Negative value(s) found on probability table for nuclide Mo99 at 900K
 WARNING: Negative value(s) found on probability table for nuclide Mo99 at 1200K
 WARNING: Negative value(s) found on probability table for nuclide Mo99 at 2500K
 Reading Mo100 from /home/diogo/openmc_data/endfb-vii.1-hdf5/neutron/Mo100.h5
 Reading Tc99 from /home/diogo/openmc_data/endfb-vii.1-hdf5/neutron/Tc99.h5
 Reading Ru96 from /home/diogo/openmc_data/endfb-vii.1-hdf5/neutron/Ru96.h5
 Reading Ru98 from /home/diogo/openmc_data/endfb-vii.1-hdf5/neutron/Ru98.h5
 Reading Ru99 from /home/diogo/openmc_data/endfb-vii.1-hdf5/neutron/Ru99.h5
 Reading Ru100 from /home/diogo/openmc_data/endfb-vii.1-hdf5/neutron/Ru100.h5
 Reading Ru101 from /home/diogo/openmc_data/endfb-vii.1-hdf5/neutron/Ru101.h5
 Reading Ru102 from /home/diogo/openmc_data/endfb-vii.1-hdf5/neutron/Ru102.h5
 Reading Ru103 from /home/diogo/openmc_data/endfb-vii.1-hdf5/neutron/Ru103.h5
 Reading Ru104 from /home/diogo/openmc_data/endfb-vii.1-hdf5/neutron/Ru104.h5
 Reading Ru105 from /home/diogo/openmc_data/endfb-vii.1-hdf5/neutron/Ru105.h5
 Reading Ru106 from /home/diogo/openmc_data/endfb-vii.1-hdf5/neutron/Ru106.h5
 Reading Rh103 from /home/diogo/openmc_data/endfb-vii.1-hdf5/neutron/Rh103.h5
 Reading Rh105 from /home/diogo/openmc_data/endfb-vii.1-hdf5/neutron/Rh105.h5
 Reading Pd102 from /home/diogo/openmc_data/endfb-vii.1-hdf5/neutron/Pd102.h5
 Reading Pd104 from /home/diogo/openmc_data/endfb-vii.1-hdf5/neutron/Pd104.h5
 Reading Pd105 from /home/diogo/openmc_data/endfb-vii.1-hdf5/neutron/Pd105.h5
 Reading Pd106 from /home/diogo/openmc_data/endfb-vii.1-hdf5/neutron/Pd106.h5
 Reading Pd107 from /home/diogo/openmc_data/endfb-vii.1-hdf5/neutron/Pd107.h5
 Reading Pd108 from /home/diogo/openmc_data/endfb-vii.1-hdf5/neutron/Pd108.h5
 Reading Pd110 from /home/diogo/openmc_data/endfb-vii.1-hdf5/neutron/Pd110.h5
 Reading Ag107 from /home/diogo/openmc_data/endfb-vii.1-hdf5/neutron/Ag107.h5
 Reading Ag109 from /home/diogo/openmc_data/endfb-vii.1-hdf5/neutron/Ag109.h5
 Reading Ag110_m1 from
 /home/diogo/openmc_data/endfb-vii.1-hdf5/neutron/Ag110_m1.h5
 Reading Ag111 from /home/diogo/openmc_data/endfb-vii.1-hdf5/neutron/Ag111.h5
 Reading Cd106 from /home/diogo/openmc_data/endfb-vii.1-hdf5/neutron/Cd106.h5
 WARNING: Negative value(s) found on probability table for nuclide Cd106 at 250K
 WARNING: Negative value(s) found on probability table for nuclide Cd106 at 294K
 WARNING: Negative value(s) found on probability table for nuclide Cd106 at 600K
 WARNING: Negative value(s) found on probability table for nuclide Cd106 at 900K
 WARNING: Negative value(s) found on probability table for nuclide Cd106 at
          1200K
 WARNING: Negative value(s) found on probability table for nuclide Cd106 at
          2500K
 Reading Cd108 from /home/diogo/openmc_data/endfb-vii.1-hdf5/neutron/Cd108.h5
 Reading Cd110 from /home/diogo/openmc_data/endfb-vii.1-hdf5/neutron/Cd110.h5
 Reading Cd111 from /home/diogo/openmc_data/endfb-vii.1-hdf5/neutron/Cd111.h5
 Reading Cd112 from /home/diogo/openmc_data/endfb-vii.1-hdf5/neutron/Cd112.h5
 Reading Cd113 from /home/diogo/openmc_data/endfb-vii.1-hdf5/neutron/Cd113.h5
 Reading Cd114 from /home/diogo/openmc_data/endfb-vii.1-hdf5/neutron/Cd114.h5
 Reading Cd115_m1 from
 /home/diogo/openmc_data/endfb-vii.1-hdf5/neutron/Cd115_m1.h5
 Reading Cd116 from /home/diogo/openmc_data/endfb-vii.1-hdf5/neutron/Cd116.h5
 Reading In113 from /home/diogo/openmc_data/endfb-vii.1-hdf5/neutron/In113.h5
 Reading In115 from /home/diogo/openmc_data/endfb-vii.1-hdf5/neutron/In115.h5
 Reading Sn113 from /home/diogo/openmc_data/endfb-vii.1-hdf5/neutron/Sn113.h5
 Reading Sn123 from /home/diogo/openmc_data/endfb-vii.1-hdf5/neutron/Sn123.h5
 WARNING: Negative value(s) found on probability table for nuclide Sn123 at 250K
 WARNING: Negative value(s) found on probability table for nuclide Sn123 at 294K
 WARNING: Negative value(s) found on probability table for nuclide Sn123 at 600K
 WARNING: Negative value(s) found on probability table for nuclide Sn123 at 900K
 WARNING: Negative value(s) found on probability table for nuclide Sn123 at
          1200K
 WARNING: Negative value(s) found on probability table for nuclide Sn123 at
          2500K
 Reading Sn125 from /home/diogo/openmc_data/endfb-vii.1-hdf5/neutron/Sn125.h5
 Reading Sn126 from /home/diogo/openmc_data/endfb-vii.1-hdf5/neutron/Sn126.h5
 Reading Sb121 from /home/diogo/openmc_data/endfb-vii.1-hdf5/neutron/Sb121.h5
 Reading Sb123 from /home/diogo/openmc_data/endfb-vii.1-hdf5/neutron/Sb123.h5
 Reading Sb124 from /home/diogo/openmc_data/endfb-vii.1-hdf5/neutron/Sb124.h5
 Reading Sb125 from /home/diogo/openmc_data/endfb-vii.1-hdf5/neutron/Sb125.h5
 Reading Sb126 from /home/diogo/openmc_data/endfb-vii.1-hdf5/neutron/Sb126.h5
 Reading Te120 from /home/diogo/openmc_data/endfb-vii.1-hdf5/neutron/Te120.h5
 WARNING: Negative value(s) found on probability table for nuclide Te120 at 600K
 WARNING: Negative value(s) found on probability table for nuclide Te120 at 900K
 WARNING: Negative value(s) found on probability table for nuclide Te120 at
          1200K
 WARNING: Negative value(s) found on probability table for nuclide Te120 at
          2500K
 Reading Te122 from /home/diogo/openmc_data/endfb-vii.1-hdf5/neutron/Te122.h5
 Reading Te123 from /home/diogo/openmc_data/endfb-vii.1-hdf5/neutron/Te123.h5
 Reading Te124 from /home/diogo/openmc_data/endfb-vii.1-hdf5/neutron/Te124.h5
 Reading Te125 from /home/diogo/openmc_data/endfb-vii.1-hdf5/neutron/Te125.h5
 Reading Te126 from /home/diogo/openmc_data/endfb-vii.1-hdf5/neutron/Te126.h5
 Reading Te127_m1 from
 /home/diogo/openmc_data/endfb-vii.1-hdf5/neutron/Te127_m1.h5
 Reading Te128 from /home/diogo/openmc_data/endfb-vii.1-hdf5/neutron/Te128.h5
 Reading Te129_m1 from
 /home/diogo/openmc_data/endfb-vii.1-hdf5/neutron/Te129_m1.h5
 Reading Te130 from /home/diogo/openmc_data/endfb-vii.1-hdf5/neutron/Te130.h5
 Reading Te132 from /home/diogo/openmc_data/endfb-vii.1-hdf5/neutron/Te132.h5
 Reading I127 from /home/diogo/openmc_data/endfb-vii.1-hdf5/neutron/I127.h5
 Reading I129 from /home/diogo/openmc_data/endfb-vii.1-hdf5/neutron/I129.h5
 Reading I130 from /home/diogo/openmc_data/endfb-vii.1-hdf5/neutron/I130.h5
 Reading I131 from /home/diogo/openmc_data/endfb-vii.1-hdf5/neutron/I131.h5
 WARNING: Negative value(s) found on probability table for nuclide I131 at 250K
 WARNING: Negative value(s) found on probability table for nuclide I131 at 294K
 WARNING: Negative value(s) found on probability table for nuclide I131 at 600K
 WARNING: Negative value(s) found on probability table for nuclide I131 at 900K
 WARNING: Negative value(s) found on probability table for nuclide I131 at 1200K
 WARNING: Negative value(s) found on probability table for nuclide I131 at 2500K
 Reading I135 from /home/diogo/openmc_data/endfb-vii.1-hdf5/neutron/I135.h5
 Reading Xe123 from /home/diogo/openmc_data/endfb-vii.1-hdf5/neutron/Xe123.h5
 Reading Xe124 from /home/diogo/openmc_data/endfb-vii.1-hdf5/neutron/Xe124.h5
 Reading Xe126 from /home/diogo/openmc_data/endfb-vii.1-hdf5/neutron/Xe126.h5
 Reading Xe128 from /home/diogo/openmc_data/endfb-vii.1-hdf5/neutron/Xe128.h5
 Reading Xe129 from /home/diogo/openmc_data/endfb-vii.1-hdf5/neutron/Xe129.h5
 Reading Xe130 from /home/diogo/openmc_data/endfb-vii.1-hdf5/neutron/Xe130.h5
 Reading Xe131 from /home/diogo/openmc_data/endfb-vii.1-hdf5/neutron/Xe131.h5
 Reading Xe132 from /home/diogo/openmc_data/endfb-vii.1-hdf5/neutron/Xe132.h5
 Reading Xe133 from /home/diogo/openmc_data/endfb-vii.1-hdf5/neutron/Xe133.h5
 WARNING: Negative value(s) found on probability table for nuclide Xe133 at
          2500K
 Reading Xe134 from /home/diogo/openmc_data/endfb-vii.1-hdf5/neutron/Xe134.h5
 Reading Xe135 from /home/diogo/openmc_data/endfb-vii.1-hdf5/neutron/Xe135.h5
 Reading Xe136 from /home/diogo/openmc_data/endfb-vii.1-hdf5/neutron/Xe136.h5
 Reading Cs133 from /home/diogo/openmc_data/endfb-vii.1-hdf5/neutron/Cs133.h5
 Reading Cs134 from /home/diogo/openmc_data/endfb-vii.1-hdf5/neutron/Cs134.h5
 Reading Cs135 from /home/diogo/openmc_data/endfb-vii.1-hdf5/neutron/Cs135.h5
 Reading Cs136 from /home/diogo/openmc_data/endfb-vii.1-hdf5/neutron/Cs136.h5
 WARNING: Negative value(s) found on probability table for nuclide Cs136 at 250K
 WARNING: Negative value(s) found on probability table for nuclide Cs136 at 294K
 WARNING: Negative value(s) found on probability table for nuclide Cs136 at 600K
 WARNING: Negative value(s) found on probability table for nuclide Cs136 at 900K
 WARNING: Negative value(s) found on probability table for nuclide Cs136 at
          1200K
 WARNING: Negative value(s) found on probability table for nuclide Cs136 at
          2500K
 Reading Cs137 from /home/diogo/openmc_data/endfb-vii.1-hdf5/neutron/Cs137.h5
 Reading Ba130 from /home/diogo/openmc_data/endfb-vii.1-hdf5/neutron/Ba130.h5
 Reading Ba132 from /home/diogo/openmc_data/endfb-vii.1-hdf5/neutron/Ba132.h5
 Reading Ba133 from /home/diogo/openmc_data/endfb-vii.1-hdf5/neutron/Ba133.h5
 Reading Ba134 from /home/diogo/openmc_data/endfb-vii.1-hdf5/neutron/Ba134.h5
 Reading Ba135 from /home/diogo/openmc_data/endfb-vii.1-hdf5/neutron/Ba135.h5
 Reading Ba136 from /home/diogo/openmc_data/endfb-vii.1-hdf5/neutron/Ba136.h5
 Reading Ba137 from /home/diogo/openmc_data/endfb-vii.1-hdf5/neutron/Ba137.h5
 Reading Ba138 from /home/diogo/openmc_data/endfb-vii.1-hdf5/neutron/Ba138.h5
 Reading Ba140 from /home/diogo/openmc_data/endfb-vii.1-hdf5/neutron/Ba140.h5
 Reading La138 from /home/diogo/openmc_data/endfb-vii.1-hdf5/neutron/La138.h5
 Reading La139 from /home/diogo/openmc_data/endfb-vii.1-hdf5/neutron/La139.h5
 Reading La140 from /home/diogo/openmc_data/endfb-vii.1-hdf5/neutron/La140.h5
 Reading Ce136 from /home/diogo/openmc_data/endfb-vii.1-hdf5/neutron/Ce136.h5
 Reading Ce138 from /home/diogo/openmc_data/endfb-vii.1-hdf5/neutron/Ce138.h5
 Reading Ce139 from /home/diogo/openmc_data/endfb-vii.1-hdf5/neutron/Ce139.h5
 Reading Ce140 from /home/diogo/openmc_data/endfb-vii.1-hdf5/neutron/Ce140.h5
 Reading Ce141 from /home/diogo/openmc_data/endfb-vii.1-hdf5/neutron/Ce141.h5
 Reading Ce142 from /home/diogo/openmc_data/endfb-vii.1-hdf5/neutron/Ce142.h5
 Reading Ce143 from /home/diogo/openmc_data/endfb-vii.1-hdf5/neutron/Ce143.h5
 Reading Ce144 from /home/diogo/openmc_data/endfb-vii.1-hdf5/neutron/Ce144.h5
 Reading Pr141 from /home/diogo/openmc_data/endfb-vii.1-hdf5/neutron/Pr141.h5
 Reading Pr142 from /home/diogo/openmc_data/endfb-vii.1-hdf5/neutron/Pr142.h5
 Reading Pr143 from /home/diogo/openmc_data/endfb-vii.1-hdf5/neutron/Pr143.h5
 Reading Nd142 from /home/diogo/openmc_data/endfb-vii.1-hdf5/neutron/Nd142.h5
 Reading Nd143 from /home/diogo/openmc_data/endfb-vii.1-hdf5/neutron/Nd143.h5
 Reading Nd144 from /home/diogo/openmc_data/endfb-vii.1-hdf5/neutron/Nd144.h5
 Reading Nd145 from /home/diogo/openmc_data/endfb-vii.1-hdf5/neutron/Nd145.h5
 Reading Nd146 from /home/diogo/openmc_data/endfb-vii.1-hdf5/neutron/Nd146.h5
 Reading Nd147 from /home/diogo/openmc_data/endfb-vii.1-hdf5/neutron/Nd147.h5
 Reading Nd148 from /home/diogo/openmc_data/endfb-vii.1-hdf5/neutron/Nd148.h5
 Reading Nd150 from /home/diogo/openmc_data/endfb-vii.1-hdf5/neutron/Nd150.h5
 Reading Pm147 from /home/diogo/openmc_data/endfb-vii.1-hdf5/neutron/Pm147.h5
 Reading Pm148 from /home/diogo/openmc_data/endfb-vii.1-hdf5/neutron/Pm148.h5
 Reading Pm148_m1 from
 /home/diogo/openmc_data/endfb-vii.1-hdf5/neutron/Pm148_m1.h5
 Reading Pm149 from /home/diogo/openmc_data/endfb-vii.1-hdf5/neutron/Pm149.h5
 Reading Pm151 from /home/diogo/openmc_data/endfb-vii.1-hdf5/neutron/Pm151.h5
 Reading Sm144 from /home/diogo/openmc_data/endfb-vii.1-hdf5/neutron/Sm144.h5
 Reading Sm147 from /home/diogo/openmc_data/endfb-vii.1-hdf5/neutron/Sm147.h5
 Reading Sm148 from /home/diogo/openmc_data/endfb-vii.1-hdf5/neutron/Sm148.h5
 Reading Sm149 from /home/diogo/openmc_data/endfb-vii.1-hdf5/neutron/Sm149.h5
 Reading Sm150 from /home/diogo/openmc_data/endfb-vii.1-hdf5/neutron/Sm150.h5
 Reading Sm151 from /home/diogo/openmc_data/endfb-vii.1-hdf5/neutron/Sm151.h5
 Reading Sm152 from /home/diogo/openmc_data/endfb-vii.1-hdf5/neutron/Sm152.h5
 Reading Sm153 from /home/diogo/openmc_data/endfb-vii.1-hdf5/neutron/Sm153.h5
 Reading Sm154 from /home/diogo/openmc_data/endfb-vii.1-hdf5/neutron/Sm154.h5
 Reading Eu151 from /home/diogo/openmc_data/endfb-vii.1-hdf5/neutron/Eu151.h5
 Reading Eu152 from /home/diogo/openmc_data/endfb-vii.1-hdf5/neutron/Eu152.h5
 Reading Eu153 from /home/diogo/openmc_data/endfb-vii.1-hdf5/neutron/Eu153.h5
 Reading Eu154 from /home/diogo/openmc_data/endfb-vii.1-hdf5/neutron/Eu154.h5
 Reading Eu155 from /home/diogo/openmc_data/endfb-vii.1-hdf5/neutron/Eu155.h5
 Reading Eu156 from /home/diogo/openmc_data/endfb-vii.1-hdf5/neutron/Eu156.h5
 WARNING: Negative value(s) found on probability table for nuclide Eu156 at 250K
 WARNING: Negative value(s) found on probability table for nuclide Eu156 at 294K
 WARNING: Negative value(s) found on probability table for nuclide Eu156 at 600K
 WARNING: Negative value(s) found on probability table for nuclide Eu156 at 900K
 WARNING: Negative value(s) found on probability table for nuclide Eu156 at
          1200K
 WARNING: Negative value(s) found on probability table for nuclide Eu156 at
          2500K
 Reading Eu157 from /home/diogo/openmc_data/endfb-vii.1-hdf5/neutron/Eu157.h5
 Reading Gd153 from /home/diogo/openmc_data/endfb-vii.1-hdf5/neutron/Gd153.h5
 Reading Tb159 from /home/diogo/openmc_data/endfb-vii.1-hdf5/neutron/Tb159.h5
 Reading Tb160 from /home/diogo/openmc_data/endfb-vii.1-hdf5/neutron/Tb160.h5
 Reading Dy156 from /home/diogo/openmc_data/endfb-vii.1-hdf5/neutron/Dy156.h5
 Reading Dy158 from /home/diogo/openmc_data/endfb-vii.1-hdf5/neutron/Dy158.h5
 Reading Dy160 from /home/diogo/openmc_data/endfb-vii.1-hdf5/neutron/Dy160.h5
 Reading Dy161 from /home/diogo/openmc_data/endfb-vii.1-hdf5/neutron/Dy161.h5
 Reading Dy162 from /home/diogo/openmc_data/endfb-vii.1-hdf5/neutron/Dy162.h5
 Reading Dy163 from /home/diogo/openmc_data/endfb-vii.1-hdf5/neutron/Dy163.h5
 Reading Dy164 from /home/diogo/openmc_data/endfb-vii.1-hdf5/neutron/Dy164.h5
 Reading Ho165 from /home/diogo/openmc_data/endfb-vii.1-hdf5/neutron/Ho165.h5
 Reading Ho166_m1 from
 /home/diogo/openmc_data/endfb-vii.1-hdf5/neutron/Ho166_m1.h5
 Reading Er162 from /home/diogo/openmc_data/endfb-vii.1-hdf5/neutron/Er162.h5
 Reading Er164 from /home/diogo/openmc_data/endfb-vii.1-hdf5/neutron/Er164.h5
 Reading Er166 from /home/diogo/openmc_data/endfb-vii.1-hdf5/neutron/Er166.h5
 Reading Er167 from /home/diogo/openmc_data/endfb-vii.1-hdf5/neutron/Er167.h5
 Reading Er168 from /home/diogo/openmc_data/endfb-vii.1-hdf5/neutron/Er168.h5
 Reading Er170 from /home/diogo/openmc_data/endfb-vii.1-hdf5/neutron/Er170.h5
 Reading Tm168 from /home/diogo/openmc_data/endfb-vii.1-hdf5/neutron/Tm168.h5
 Reading Tm169 from /home/diogo/openmc_data/endfb-vii.1-hdf5/neutron/Tm169.h5
 Reading Tm170 from /home/diogo/openmc_data/endfb-vii.1-hdf5/neutron/Tm170.h5
 Reading Lu175 from /home/diogo/openmc_data/endfb-vii.1-hdf5/neutron/Lu175.h5
 Reading Lu176 from /home/diogo/openmc_data/endfb-vii.1-hdf5/neutron/Lu176.h5
 Reading Hf174 from /home/diogo/openmc_data/endfb-vii.1-hdf5/neutron/Hf174.h5
 Reading Hf176 from /home/diogo/openmc_data/endfb-vii.1-hdf5/neutron/Hf176.h5
 Reading Hf177 from /home/diogo/openmc_data/endfb-vii.1-hdf5/neutron/Hf177.h5
 Reading Hf178 from /home/diogo/openmc_data/endfb-vii.1-hdf5/neutron/Hf178.h5
 Reading Hf179 from /home/diogo/openmc_data/endfb-vii.1-hdf5/neutron/Hf179.h5
 Reading Hf180 from /home/diogo/openmc_data/endfb-vii.1-hdf5/neutron/Hf180.h5
 Reading Ta180 from /home/diogo/openmc_data/endfb-vii.1-hdf5/neutron/Ta180.h5
 Reading Ta181 from /home/diogo/openmc_data/endfb-vii.1-hdf5/neutron/Ta181.h5
 Reading Ta182 from /home/diogo/openmc_data/endfb-vii.1-hdf5/neutron/Ta182.h5
 Reading W180 from /home/diogo/openmc_data/endfb-vii.1-hdf5/neutron/W180.h5
 Reading W182 from /home/diogo/openmc_data/endfb-vii.1-hdf5/neutron/W182.h5
 Reading W183 from /home/diogo/openmc_data/endfb-vii.1-hdf5/neutron/W183.h5
 Reading W184 from /home/diogo/openmc_data/endfb-vii.1-hdf5/neutron/W184.h5
 Reading W186 from /home/diogo/openmc_data/endfb-vii.1-hdf5/neutron/W186.h5
 Reading Re185 from /home/diogo/openmc_data/endfb-vii.1-hdf5/neutron/Re185.h5
 Reading Re187 from /home/diogo/openmc_data/endfb-vii.1-hdf5/neutron/Re187.h5
 Reading Ir191 from /home/diogo/openmc_data/endfb-vii.1-hdf5/neutron/Ir191.h5
 Reading Ir193 from /home/diogo/openmc_data/endfb-vii.1-hdf5/neutron/Ir193.h5
 Reading Au197 from /home/diogo/openmc_data/endfb-vii.1-hdf5/neutron/Au197.h5
 Reading Hg196 from /home/diogo/openmc_data/endfb-vii.1-hdf5/neutron/Hg196.h5
 Reading Hg198 from /home/diogo/openmc_data/endfb-vii.1-hdf5/neutron/Hg198.h5
 Reading Hg199 from /home/diogo/openmc_data/endfb-vii.1-hdf5/neutron/Hg199.h5
 Reading Hg200 from /home/diogo/openmc_data/endfb-vii.1-hdf5/neutron/Hg200.h5
 Reading Hg201 from /home/diogo/openmc_data/endfb-vii.1-hdf5/neutron/Hg201.h5
 Reading Hg202 from /home/diogo/openmc_data/endfb-vii.1-hdf5/neutron/Hg202.h5
 Reading Hg204 from /home/diogo/openmc_data/endfb-vii.1-hdf5/neutron/Hg204.h5
 Reading Tl203 from /home/diogo/openmc_data/endfb-vii.1-hdf5/neutron/Tl203.h5
 Reading Tl205 from /home/diogo/openmc_data/endfb-vii.1-hdf5/neutron/Tl205.h5
 Reading Pb204 from /home/diogo/openmc_data/endfb-vii.1-hdf5/neutron/Pb204.h5
 Reading Pb206 from /home/diogo/openmc_data/endfb-vii.1-hdf5/neutron/Pb206.h5
 Reading Pb207 from /home/diogo/openmc_data/endfb-vii.1-hdf5/neutron/Pb207.h5
 Reading Pb208 from /home/diogo/openmc_data/endfb-vii.1-hdf5/neutron/Pb208.h5
 Reading Bi209 from /home/diogo/openmc_data/endfb-vii.1-hdf5/neutron/Bi209.h5
 Reading Ra223 from /home/diogo/openmc_data/endfb-vii.1-hdf5/neutron/Ra223.h5
 Reading Ra224 from /home/diogo/openmc_data/endfb-vii.1-hdf5/neutron/Ra224.h5
 Reading Ra225 from /home/diogo/openmc_data/endfb-vii.1-hdf5/neutron/Ra225.h5
 Reading Ra226 from /home/diogo/openmc_data/endfb-vii.1-hdf5/neutron/Ra226.h5
 Reading Ac225 from /home/diogo/openmc_data/endfb-vii.1-hdf5/neutron/Ac225.h5
 Reading Ac226 from /home/diogo/openmc_data/endfb-vii.1-hdf5/neutron/Ac226.h5
 Reading Ac227 from /home/diogo/openmc_data/endfb-vii.1-hdf5/neutron/Ac227.h5
 Reading Th227 from /home/diogo/openmc_data/endfb-vii.1-hdf5/neutron/Th227.h5
 Reading Th228 from /home/diogo/openmc_data/endfb-vii.1-hdf5/neutron/Th228.h5
 Reading Th229 from /home/diogo/openmc_data/endfb-vii.1-hdf5/neutron/Th229.h5
 Reading Th230 from /home/diogo/openmc_data/endfb-vii.1-hdf5/neutron/Th230.h5
 Reading Th231 from /home/diogo/openmc_data/endfb-vii.1-hdf5/neutron/Th231.h5
 Reading Th232 from /home/diogo/openmc_data/endfb-vii.1-hdf5/neutron/Th232.h5
 Reading Th233 from /home/diogo/openmc_data/endfb-vii.1-hdf5/neutron/Th233.h5
 Reading Th234 from /home/diogo/openmc_data/endfb-vii.1-hdf5/neutron/Th234.h5
 Reading Pa229 from /home/diogo/openmc_data/endfb-vii.1-hdf5/neutron/Pa229.h5
 Reading Pa230 from /home/diogo/openmc_data/endfb-vii.1-hdf5/neutron/Pa230.h5
 Reading Pa231 from /home/diogo/openmc_data/endfb-vii.1-hdf5/neutron/Pa231.h5
 Reading Pa232 from /home/diogo/openmc_data/endfb-vii.1-hdf5/neutron/Pa232.h5
 Reading Pa233 from /home/diogo/openmc_data/endfb-vii.1-hdf5/neutron/Pa233.h5
 Reading U230 from /home/diogo/openmc_data/endfb-vii.1-hdf5/neutron/U230.h5
 Reading U231 from /home/diogo/openmc_data/endfb-vii.1-hdf5/neutron/U231.h5
 Reading U232 from /home/diogo/openmc_data/endfb-vii.1-hdf5/neutron/U232.h5
 Reading U233 from /home/diogo/openmc_data/endfb-vii.1-hdf5/neutron/U233.h5
 Reading U236 from /home/diogo/openmc_data/endfb-vii.1-hdf5/neutron/U236.h5
 Reading U237 from /home/diogo/openmc_data/endfb-vii.1-hdf5/neutron/U237.h5
 Reading U239 from /home/diogo/openmc_data/endfb-vii.1-hdf5/neutron/U239.h5
 Reading U240 from /home/diogo/openmc_data/endfb-vii.1-hdf5/neutron/U240.h5
 Reading U241 from /home/diogo/openmc_data/endfb-vii.1-hdf5/neutron/U241.h5
 Reading Np234 from /home/diogo/openmc_data/endfb-vii.1-hdf5/neutron/Np234.h5
 Reading Np235 from /home/diogo/openmc_data/endfb-vii.1-hdf5/neutron/Np235.h5
 Reading Np236 from /home/diogo/openmc_data/endfb-vii.1-hdf5/neutron/Np236.h5
 Reading Np237 from /home/diogo/openmc_data/endfb-vii.1-hdf5/neutron/Np237.h5
 Reading Np238 from /home/diogo/openmc_data/endfb-vii.1-hdf5/neutron/Np238.h5
 Reading Np239 from /home/diogo/openmc_data/endfb-vii.1-hdf5/neutron/Np239.h5
 Reading Pu236 from /home/diogo/openmc_data/endfb-vii.1-hdf5/neutron/Pu236.h5
 Reading Pu237 from /home/diogo/openmc_data/endfb-vii.1-hdf5/neutron/Pu237.h5
 Reading Pu238 from /home/diogo/openmc_data/endfb-vii.1-hdf5/neutron/Pu238.h5
 Reading Pu239 from /home/diogo/openmc_data/endfb-vii.1-hdf5/neutron/Pu239.h5
 Reading Pu240 from /home/diogo/openmc_data/endfb-vii.1-hdf5/neutron/Pu240.h5
 Reading Pu241 from /home/diogo/openmc_data/endfb-vii.1-hdf5/neutron/Pu241.h5
 Reading Pu242 from /home/diogo/openmc_data/endfb-vii.1-hdf5/neutron/Pu242.h5
 Reading Pu243 from /home/diogo/openmc_data/endfb-vii.1-hdf5/neutron/Pu243.h5
 Reading Pu244 from /home/diogo/openmc_data/endfb-vii.1-hdf5/neutron/Pu244.h5
 Reading Pu246 from /home/diogo/openmc_data/endfb-vii.1-hdf5/neutron/Pu246.h5
 Reading Am240 from /home/diogo/openmc_data/endfb-vii.1-hdf5/neutron/Am240.h5
 Reading Am241 from /home/diogo/openmc_data/endfb-vii.1-hdf5/neutron/Am241.h5
 Reading Am242 from /home/diogo/openmc_data/endfb-vii.1-hdf5/neutron/Am242.h5
 Reading Am242_m1 from
 /home/diogo/openmc_data/endfb-vii.1-hdf5/neutron/Am242_m1.h5
 Reading Am243 from /home/diogo/openmc_data/endfb-vii.1-hdf5/neutron/Am243.h5
 Reading Am244 from /home/diogo/openmc_data/endfb-vii.1-hdf5/neutron/Am244.h5
 Reading Am244_m1 from
 /home/diogo/openmc_data/endfb-vii.1-hdf5/neutron/Am244_m1.h5
 Reading Cm240 from /home/diogo/openmc_data/endfb-vii.1-hdf5/neutron/Cm240.h5
 Reading Cm241 from /home/diogo/openmc_data/endfb-vii.1-hdf5/neutron/Cm241.h5
 Reading Cm242 from /home/diogo/openmc_data/endfb-vii.1-hdf5/neutron/Cm242.h5
 Reading Cm243 from /home/diogo/openmc_data/endfb-vii.1-hdf5/neutron/Cm243.h5
 Reading Cm244 from /home/diogo/openmc_data/endfb-vii.1-hdf5/neutron/Cm244.h5
 Reading Cm245 from /home/diogo/openmc_data/endfb-vii.1-hdf5/neutron/Cm245.h5
 Reading Cm246 from /home/diogo/openmc_data/endfb-vii.1-hdf5/neutron/Cm246.h5
 Reading Cm247 from /home/diogo/openmc_data/endfb-vii.1-hdf5/neutron/Cm247.h5
 Reading Cm248 from /home/diogo/openmc_data/endfb-vii.1-hdf5/neutron/Cm248.h5
 Reading Cm249 from /home/diogo/openmc_data/endfb-vii.1-hdf5/neutron/Cm249.h5
 Reading Cm250 from /home/diogo/openmc_data/endfb-vii.1-hdf5/neutron/Cm250.h5
 Reading Bk245 from /home/diogo/openmc_data/endfb-vii.1-hdf5/neutron/Bk245.h5
 Reading Bk246 from /home/diogo/openmc_data/endfb-vii.1-hdf5/neutron/Bk246.h5
 Reading Bk247 from /home/diogo/openmc_data/endfb-vii.1-hdf5/neutron/Bk247.h5
 Reading Bk248 from /home/diogo/openmc_data/endfb-vii.1-hdf5/neutron/Bk248.h5
 Reading Bk249 from /home/diogo/openmc_data/endfb-vii.1-hdf5/neutron/Bk249.h5
 Reading Bk250 from /home/diogo/openmc_data/endfb-vii.1-hdf5/neutron/Bk250.h5
 Reading Cf246 from /home/diogo/openmc_data/endfb-vii.1-hdf5/neutron/Cf246.h5
 Reading Cf248 from /home/diogo/openmc_data/endfb-vii.1-hdf5/neutron/Cf248.h5
 Reading Cf249 from /home/diogo/openmc_data/endfb-vii.1-hdf5/neutron/Cf249.h5
 Reading Cf250 from /home/diogo/openmc_data/endfb-vii.1-hdf5/neutron/Cf250.h5
 WARNING: Negative value(s) found on probability table for nuclide Cf250 at 250K
 WARNING: Negative value(s) found on probability table for nuclide Cf250 at 294K
 WARNING: Negative value(s) found on probability table for nuclide Cf250 at 900K
 WARNING: Negative value(s) found on probability table for nuclide Cf250 at
          1200K
 Reading Cf251 from /home/diogo/openmc_data/endfb-vii.1-hdf5/neutron/Cf251.h5
 Reading Cf252 from /home/diogo/openmc_data/endfb-vii.1-hdf5/neutron/Cf252.h5
 Reading Cf253 from /home/diogo/openmc_data/endfb-vii.1-hdf5/neutron/Cf253.h5
 Reading Cf254 from /home/diogo/openmc_data/endfb-vii.1-hdf5/neutron/Cf254.h5
 Reading Es251 from /home/diogo/openmc_data/endfb-vii.1-hdf5/neutron/Es251.h5
 Reading Es252 from /home/diogo/openmc_data/endfb-vii.1-hdf5/neutron/Es252.h5
 Reading Es253 from /home/diogo/openmc_data/endfb-vii.1-hdf5/neutron/Es253.h5
 Reading Es254 from /home/diogo/openmc_data/endfb-vii.1-hdf5/neutron/Es254.h5
 Reading Es254_m1 from
 /home/diogo/openmc_data/endfb-vii.1-hdf5/neutron/Es254_m1.h5
 Reading Es255 from /home/diogo/openmc_data/endfb-vii.1-hdf5/neutron/Es255.h5
 Reading Fm255 from /home/diogo/openmc_data/endfb-vii.1-hdf5/neutron/Fm255.h5
 Maximum neutron transport energy: 20000000 eV for H1
 Initializing source particles...

 ====================>     K EIGENVALUE SIMULATION     <====================

  Bat./Gen.      k       Entropy         Average k 
  =========   ========   ========   ====================
        1/1    1.12537    5.89637
        2/1    1.13352    5.93664
        3/1    1.20205    5.92084
        4/1    1.06665    5.91471
        5/1    1.13712    5.90216
        6/1    1.10056    5.87644
        7/1    1.15649    5.90022
        8/1    1.06218    5.90409
        9/1    1.18749    5.87731
       10/1    1.16468    5.89412
       11/1    1.12093    5.92083
       12/1    1.16297    5.92416    1.14195 +/- 0.02102
       13/1    1.11496    5.89910    1.13295 +/- 0.01511
       14/1    1.14206    5.93788    1.13523 +/- 0.01092
       15/1    1.09670    5.90784    1.12752 +/- 0.01144
       16/1    1.20776    5.90836    1.14090 +/- 0.01631
       17/1    1.17112    5.90831    1.14521 +/- 0.01445
       18/1    1.03367    5.92068    1.13127 +/- 0.01873
       19/1    1.09581    5.90740    1.12733 +/- 0.01699
       20/1    1.14736    5.91089    1.12933 +/- 0.01532
       21/1    1.10617    5.89529    1.12723 +/- 0.01402
       22/1    1.13340    5.86304    1.12774 +/- 0.01281
       23/1    1.01146    5.91194    1.11880 +/- 0.01479
       24/1    1.04786    5.89461    1.11373 +/- 0.01460
       25/1    1.19811    5.88291    1.11936 +/- 0.01471
       26/1    1.13318    5.88327    1.12022 +/- 0.01379
       27/1    1.17530    5.88471    1.12346 +/- 0.01335
       28/1    1.17115    5.89826    1.12611 +/- 0.01286
       29/1    1.11389    5.88618    1.12547 +/- 0.01218
       30/1    1.08045    5.88514    1.12322 +/- 0.01178
 Creating state point statepoint.30.h5...

 =======================>     TIMING STATISTICS     <=======================

 Total time for initialization     = 5.9090e+00 seconds
   Reading cross sections          = 5.1355e+00 seconds
 Total time in simulation          = 6.6112e+01 seconds
   Time in transport only          = 6.6100e+01 seconds
   Time in inactive batches        = 1.6125e+00 seconds
   Time in active batches          = 6.4500e+01 seconds
   Time synchronizing fission bank = 1.6885e-03 seconds
     Sampling source sites         = 1.3252e-03 seconds
     SEND/RECV source sites        = 2.5872e-04 seconds
   Time accumulating tallies       = 4.9238e-04 seconds
   Time writing statepoints        = 7.1864e-03 seconds
 Total time for finalization       = 3.3966e-04 seconds
 Total time elapsed                = 7.2482e+01 seconds
 Calculation Rate (inactive)       = 6201.36 particles/second
 Calculation Rate (active)         = 310.079 particles/second

 ============================>     RESULTS     <============================

 k-effective (Collision)     = 1.11875 +/- 0.00844
 k-effective (Track-length)  = 1.12322 +/- 0.01178
 k-effective (Absorption)    = 1.12295 +/- 0.00748
 Combined k-effective        = 1.12194 +/- 0.00694
 Leakage Fraction            = 0.00000 +/- 0.00000

 Creating state point openmc_simulation_n0.h5...
[openmc.deplete] t=4327203.051553669 s, dt=8654406.103107339 s, source=1491105.972264863
 Maximum neutron transport energy: 20000000 eV for H1
 Initializing source particles...

 ====================>     K EIGENVALUE SIMULATION     <====================

  Bat./Gen.      k       Entropy         Average k 
  =========   ========   ========   ====================
        1/1    1.10818    5.87487
        2/1    1.13854    5.91014
        3/1    1.13739    5.87537
        4/1    1.08077    5.90848
        5/1    1.15353    5.91878
        6/1    1.05648    5.87833
        7/1    1.10879    5.91275
        8/1    1.09704    5.90842
        9/1    1.12076    5.89366
       10/1    1.05877    5.91872
       11/1    1.00599    5.90738
       12/1    1.04935    5.89973    1.02767 +/- 0.02168
       13/1    1.09192    5.88850    1.04909 +/- 0.02481
       14/1    1.14087    5.89917    1.07203 +/- 0.02888
       15/1    1.10966    5.91659    1.07956 +/- 0.02360
       16/1    1.06994    5.90894    1.07796 +/- 0.01934
       17/1    1.00596    5.89342    1.06767 +/- 0.01931
       18/1    1.02024    5.89716    1.06174 +/- 0.01774
       19/1    1.08698    5.89612    1.06455 +/- 0.01590
       20/1    1.14377    5.90174    1.07247 +/- 0.01628
       21/1    1.06325    5.90203    1.07163 +/- 0.01475
       22/1    1.09886    5.89027    1.07390 +/- 0.01365
       23/1    1.03836    5.92716    1.07117 +/- 0.01285
       24/1    1.07492    5.89836    1.07143 +/- 0.01190
       25/1    1.00595    5.90924    1.06707 +/- 0.01191
       26/1    1.07231    5.90103    1.06740 +/- 0.01114
       27/1    1.03321    5.91396    1.06538 +/- 0.01066
       28/1    1.16090    5.89665    1.07069 +/- 0.01137
       29/1    1.10008    5.88551    1.07224 +/- 0.01086
       30/1    0.99252    5.90908    1.06825 +/- 0.01105
 Creating state point statepoint.30.h5...

 =======================>     TIMING STATISTICS     <=======================

 Total time for initialization     = 0.0000e+00 seconds
   Reading cross sections          = 0.0000e+00 seconds
 Total time in simulation          = 8.5626e+01 seconds
   Time in transport only          = 8.5615e+01 seconds
   Time in inactive batches        = 2.3099e+01 seconds
   Time in active batches          = 6.2528e+01 seconds
   Time synchronizing fission bank = 2.0590e-03 seconds
     Sampling source sites         = 1.6312e-03 seconds
     SEND/RECV source sites        = 2.9118e-04 seconds
   Time accumulating tallies       = 4.7488e-04 seconds
   Time writing statepoints        = 6.5625e-03 seconds
 Total time for finalization       = 3.9631e-04 seconds
 Total time elapsed                = 8.6096e+01 seconds
 Calculation Rate (inactive)       = 432.926 particles/second
 Calculation Rate (active)         = 319.858 particles/second

 ============================>     RESULTS     <============================

 k-effective (Collision)     = 1.07674 +/- 0.00999
 k-effective (Track-length)  = 1.06825 +/- 0.01105
 k-effective (Absorption)    = 1.08981 +/- 0.00664
 Combined k-effective        = 1.08309 +/- 0.00555
 Leakage Fraction            = 0.00000 +/- 0.00000

 Creating state point openmc_simulation_n1.h5...
[openmc.deplete] t=12981609.154661007 (final operator evaluation)
 Maximum neutron transport energy: 20000000 eV for H1
 Initializing source particles...

 ====================>     K EIGENVALUE SIMULATION     <====================

  Bat./Gen.      k       Entropy         Average k 
  =========   ========   ========   ====================
        1/1    1.11124    5.89841
        2/1    1.09911    5.91118
        3/1    1.05309    5.91952
        4/1    1.08854    5.92265
        5/1    1.07048    5.90253
        6/1    1.06559    5.90794
        7/1    1.14387    5.88163
        8/1    1.09369    5.91735
        9/1    1.06722    5.91510
       10/1    1.11009    5.91095
       11/1    1.06668    5.90408
       12/1    1.05904    5.90583    1.06286 +/- 0.00382
       13/1    1.17092    5.90368    1.09888 +/- 0.03609
       14/1    1.04981    5.91615    1.08661 +/- 0.02831
       15/1    1.04179    5.91370    1.07765 +/- 0.02369
       16/1    1.09098    5.90046    1.07987 +/- 0.01947
       17/1    1.09746    5.91476    1.08238 +/- 0.01665
       18/1    1.10285    5.90757    1.08494 +/- 0.01464
       19/1    1.11213    5.94267    1.08796 +/- 0.01326
       20/1    1.06418    5.90349    1.08558 +/- 0.01210
       21/1    1.08225    5.91150    1.08528 +/- 0.01095
       22/1    1.10038    5.91200    1.08654 +/- 0.01007
       23/1    1.08841    5.91816    1.08668 +/- 0.00927
       24/1    1.06449    5.88755    1.08510 +/- 0.00872
       25/1    1.14290    5.91707    1.08895 +/- 0.00899
       26/1    1.14838    5.92357    1.09266 +/- 0.00919
       27/1    1.08173    5.89949    1.09202 +/- 0.00866
       28/1    1.14236    5.90911    1.09482 +/- 0.00863
       29/1    1.11182    5.91884    1.09571 +/- 0.00821
       30/1    1.09583    5.87119    1.09572 +/- 0.00779
 Creating state point statepoint.30.h5...

 =======================>     TIMING STATISTICS     <=======================

 Total time for initialization     = 0.0000e+00 seconds
   Reading cross sections          = 0.0000e+00 seconds
 Total time in simulation          = 8.4831e+01 seconds
   Time in transport only          = 8.4819e+01 seconds
   Time in inactive batches        = 2.3107e+01 seconds
   Time in active batches          = 6.1724e+01 seconds
   Time synchronizing fission bank = 2.1315e-03 seconds
     Sampling source sites         = 1.7264e-03 seconds
     SEND/RECV source sites        = 2.4809e-04 seconds
   Time accumulating tallies       = 4.7252e-04 seconds
   Time writing statepoints        = 6.7754e-03 seconds
 Total time for finalization       = 3.9170e-04 seconds
 Total time elapsed                = 8.5306e+01 seconds
 Calculation Rate (inactive)       = 432.774 particles/second
 Calculation Rate (active)         = 324.023 particles/second

 ============================>     RESULTS     <============================

 k-effective (Collision)     = 1.10247 +/- 0.00818
 k-effective (Track-length)  = 1.09572 +/- 0.00779
 k-effective (Absorption)    = 1.11512 +/- 0.00803
 Combined k-effective        = 1.10509 +/- 0.00655
 Leakage Fraction            = 0.00000 +/- 0.00000

 Creating state point openmc_simulation_n2.h5...
                                %%%%%%%%%%%%%%%
                           %%%%%%%%%%%%%%%%%%%%%%%%
                        %%%%%%%%%%%%%%%%%%%%%%%%%%%%%%
                      %%%%%%%%%%%%%%%%%%%%%%%%%%%%%%%%%%
                    %%%%%%%%%%%%%%%%%%%%%%%%%%%%%%%%%%%%%%
                   %%%%%%%%%%%%%%%%%%%%%%%%%%%%%%%%%%%%%%%%
                                    %%%%%%%%%%%%%%%%%%%%%%%%
                                     %%%%%%%%%%%%%%%%%%%%%%%%
                 ###############      %%%%%%%%%%%%%%%%%%%%%%%%
                ##################     %%%%%%%%%%%%%%%%%%%%%%%
                ###################     %%%%%%%%%%%%%%%%%%%%%%%
                ####################     %%%%%%%%%%%%%%%%%%%%%%
                #####################     %%%%%%%%%%%%%%%%%%%%%
                ######################     %%%%%%%%%%%%%%%%%%%%
                #######################     %%%%%%%%%%%%%%%%%%
                 #######################     %%%%%%%%%%%%%%%%%
                 ######################     %%%%%%%%%%%%%%%%%
                  ####################     %%%%%%%%%%%%%%%%%
                    #################     %%%%%%%%%%%%%%%%%
                     ###############     %%%%%%%%%%%%%%%%
                       ############     %%%%%%%%%%%%%%%
                          ########     %%%%%%%%%%%%%%
                                      %%%%%%%%%%%

                 | The OpenMC Monte Carlo Code
       Copyright | 2011-2025 MIT, UChicago Argonne LLC, and contributors
         License | https://docs.openmc.org/en/latest/license.html
         Version | 0.15.3
     Commit Hash | 27e38e894697bb32a1dac7848d2618818b6b8daf
       Date/Time | 2026-09-26 20:21:21
   MPI Processes | 1
  OpenMP Threads | 1

 Reading settings XML file...
 Reading cross sections XML file...
 Reading chain file: /home/diogo/openmc_data/chain_endfb71_pwr.xml...
 Reading materials XML file...
 Reading geometry XML file...
 Reading H1 from /home/diogo/openmc_data/endfb-vii.1-hdf5/neutron/H1.h5
 Reading H2 from /home/diogo/openmc_data/endfb-vii.1-hdf5/neutron/H2.h5
 Reading B10 from /home/diogo/openmc_data/endfb-vii.1-hdf5/neutron/B10.h5
 Reading B11 from /home/diogo/openmc_data/endfb-vii.1-hdf5/neutron/B11.h5
 Reading O16 from /home/diogo/openmc_data/endfb-vii.1-hdf5/neutron/O16.h5
 Reading O17 from /home/diogo/openmc_data/endfb-vii.1-hdf5/neutron/O17.h5
 Reading Cr50 from /home/diogo/openmc_data/endfb-vii.1-hdf5/neutron/Cr50.h5
 Reading Cr52 from /home/diogo/openmc_data/endfb-vii.1-hdf5/neutron/Cr52.h5
 Reading Cr53 from /home/diogo/openmc_data/endfb-vii.1-hdf5/neutron/Cr53.h5
 Reading Cr54 from /home/diogo/openmc_data/endfb-vii.1-hdf5/neutron/Cr54.h5
 Reading Fe54 from /home/diogo/openmc_data/endfb-vii.1-hdf5/neutron/Fe54.h5
 Reading Fe56 from /home/diogo/openmc_data/endfb-vii.1-hdf5/neutron/Fe56.h5
 Reading Fe57 from /home/diogo/openmc_data/endfb-vii.1-hdf5/neutron/Fe57.h5
 Reading Fe58 from /home/diogo/openmc_data/endfb-vii.1-hdf5/neutron/Fe58.h5
 Reading Zr90 from /home/diogo/openmc_data/endfb-vii.1-hdf5/neutron/Zr90.h5
 Reading Zr91 from /home/diogo/openmc_data/endfb-vii.1-hdf5/neutron/Zr91.h5
 Reading Zr92 from /home/diogo/openmc_data/endfb-vii.1-hdf5/neutron/Zr92.h5
 Reading Zr94 from /home/diogo/openmc_data/endfb-vii.1-hdf5/neutron/Zr94.h5
 Reading Zr96 from /home/diogo/openmc_data/endfb-vii.1-hdf5/neutron/Zr96.h5
 Reading Sn112 from /home/diogo/openmc_data/endfb-vii.1-hdf5/neutron/Sn112.h5
 Reading Sn114 from /home/diogo/openmc_data/endfb-vii.1-hdf5/neutron/Sn114.h5
 Reading Sn115 from /home/diogo/openmc_data/endfb-vii.1-hdf5/neutron/Sn115.h5
 Reading Sn116 from /home/diogo/openmc_data/endfb-vii.1-hdf5/neutron/Sn116.h5
 Reading Sn117 from /home/diogo/openmc_data/endfb-vii.1-hdf5/neutron/Sn117.h5
 Reading Sn118 from /home/diogo/openmc_data/endfb-vii.1-hdf5/neutron/Sn118.h5
 Reading Sn119 from /home/diogo/openmc_data/endfb-vii.1-hdf5/neutron/Sn119.h5
 Reading Sn120 from /home/diogo/openmc_data/endfb-vii.1-hdf5/neutron/Sn120.h5
 Reading Sn122 from /home/diogo/openmc_data/endfb-vii.1-hdf5/neutron/Sn122.h5
 Reading Sn124 from /home/diogo/openmc_data/endfb-vii.1-hdf5/neutron/Sn124.h5
 Reading He3 from /home/diogo/openmc_data/endfb-vii.1-hdf5/neutron/He3.h5
 Reading He4 from /home/diogo/openmc_data/endfb-vii.1-hdf5/neutron/He4.h5
 Reading U234 from /home/diogo/openmc_data/endfb-vii.1-hdf5/neutron/U234.h5
 Reading U235 from /home/diogo/openmc_data/endfb-vii.1-hdf5/neutron/U235.h5
 Reading U238 from /home/diogo/openmc_data/endfb-vii.1-hdf5/neutron/U238.h5
 Reading Gd152 from /home/diogo/openmc_data/endfb-vii.1-hdf5/neutron/Gd152.h5
 Reading Gd154 from /home/diogo/openmc_data/endfb-vii.1-hdf5/neutron/Gd154.h5
 Reading Gd155 from /home/diogo/openmc_data/endfb-vii.1-hdf5/neutron/Gd155.h5
 Reading Gd156 from /home/diogo/openmc_data/endfb-vii.1-hdf5/neutron/Gd156.h5
 Reading Gd157 from /home/diogo/openmc_data/endfb-vii.1-hdf5/neutron/Gd157.h5
 Reading Gd158 from /home/diogo/openmc_data/endfb-vii.1-hdf5/neutron/Gd158.h5
 Reading Gd160 from /home/diogo/openmc_data/endfb-vii.1-hdf5/neutron/Gd160.h5
 Reading c_H_in_H2O from
 /home/diogo/openmc_data/endfb-vii.1-hdf5/neutron/c_H_in_H2O.h5
 Minimum neutron data temperature: 0 K
 Maximum neutron data temperature: 1.7976931348623157e+308 K
 Reading tallies XML file...
 Preparing distributed cell instances...
 Reading plot XML file...
 Writing summary.h5 file...
[openmc.deplete] t=12981609.154661007 s, dt=865440.6103107346 s, source=1491105.972264863
[openmc.deplete] t=13847049.764971742 (final operator evaluation)
 Reading H3 from /home/diogo/openmc_data/endfb-vii.1-hdf5/neutron/H3.h5
 Reading Li6 from /home/diogo/openmc_data/endfb-vii.1-hdf5/neutron/Li6.h5
 Reading Li7 from /home/diogo/openmc_data/endfb-vii.1-hdf5/neutron/Li7.h5
 Reading N14 from /home/diogo/openmc_data/endfb-vii.1-hdf5/neutron/N14.h5
 Reading N15 from /home/diogo/openmc_data/endfb-vii.1-hdf5/neutron/N15.h5
 Reading F19 from /home/diogo/openmc_data/endfb-vii.1-hdf5/neutron/F19.h5
 Reading Na22 from /home/diogo/openmc_data/endfb-vii.1-hdf5/neutron/Na22.h5
 WARNING: Negative value(s) found on probability table for nuclide Na22 at 250K
 WARNING: Negative value(s) found on probability table for nuclide Na22 at 294K
 WARNING: Negative value(s) found on probability table for nuclide Na22 at 600K
 WARNING: Negative value(s) found on probability table for nuclide Na22 at 900K
 WARNING: Negative value(s) found on probability table for nuclide Na22 at 1200K
 WARNING: Negative value(s) found on probability table for nuclide Na22 at 2500K
 Reading Na23 from /home/diogo/openmc_data/endfb-vii.1-hdf5/neutron/Na23.h5
 Reading Mg24 from /home/diogo/openmc_data/endfb-vii.1-hdf5/neutron/Mg24.h5
 Reading Mg25 from /home/diogo/openmc_data/endfb-vii.1-hdf5/neutron/Mg25.h5
 Reading Mg26 from /home/diogo/openmc_data/endfb-vii.1-hdf5/neutron/Mg26.h5
 Reading Al27 from /home/diogo/openmc_data/endfb-vii.1-hdf5/neutron/Al27.h5
 Reading Si28 from /home/diogo/openmc_data/endfb-vii.1-hdf5/neutron/Si28.h5
 Reading Si29 from /home/diogo/openmc_data/endfb-vii.1-hdf5/neutron/Si29.h5
 Reading Si30 from /home/diogo/openmc_data/endfb-vii.1-hdf5/neutron/Si30.h5
 Reading P31 from /home/diogo/openmc_data/endfb-vii.1-hdf5/neutron/P31.h5
 Reading S32 from /home/diogo/openmc_data/endfb-vii.1-hdf5/neutron/S32.h5
 Reading S33 from /home/diogo/openmc_data/endfb-vii.1-hdf5/neutron/S33.h5
 Reading S34 from /home/diogo/openmc_data/endfb-vii.1-hdf5/neutron/S34.h5
 Reading S36 from /home/diogo/openmc_data/endfb-vii.1-hdf5/neutron/S36.h5
 Reading Cl35 from /home/diogo/openmc_data/endfb-vii.1-hdf5/neutron/Cl35.h5
 Reading Cl37 from /home/diogo/openmc_data/endfb-vii.1-hdf5/neutron/Cl37.h5
 Reading Ar36 from /home/diogo/openmc_data/endfb-vii.1-hdf5/neutron/Ar36.h5
 WARNING: Negative value(s) found on probability table for nuclide Ar36 at 250K
 WARNING: Negative value(s) found on probability table for nuclide Ar36 at 294K
 WARNING: Negative value(s) found on probability table for nuclide Ar36 at 600K
 WARNING: Negative value(s) found on probability table for nuclide Ar36 at 900K
 WARNING: Negative value(s) found on probability table for nuclide Ar36 at 1200K
 WARNING: Negative value(s) found on probability table for nuclide Ar36 at 2500K
 Reading Ar38 from /home/diogo/openmc_data/endfb-vii.1-hdf5/neutron/Ar38.h5
 Reading Ar40 from /home/diogo/openmc_data/endfb-vii.1-hdf5/neutron/Ar40.h5
 Reading K39 from /home/diogo/openmc_data/endfb-vii.1-hdf5/neutron/K39.h5
 Reading K40 from /home/diogo/openmc_data/endfb-vii.1-hdf5/neutron/K40.h5
 Reading K41 from /home/diogo/openmc_data/endfb-vii.1-hdf5/neutron/K41.h5
 Reading Ca40 from /home/diogo/openmc_data/endfb-vii.1-hdf5/neutron/Ca40.h5
 Reading Ca42 from /home/diogo/openmc_data/endfb-vii.1-hdf5/neutron/Ca42.h5
 Reading Ca43 from /home/diogo/openmc_data/endfb-vii.1-hdf5/neutron/Ca43.h5
 Reading Ca44 from /home/diogo/openmc_data/endfb-vii.1-hdf5/neutron/Ca44.h5
 Reading Ca46 from /home/diogo/openmc_data/endfb-vii.1-hdf5/neutron/Ca46.h5
 Reading Sc45 from /home/diogo/openmc_data/endfb-vii.1-hdf5/neutron/Sc45.h5
 Reading Ti46 from /home/diogo/openmc_data/endfb-vii.1-hdf5/neutron/Ti46.h5
 Reading Ti47 from /home/diogo/openmc_data/endfb-vii.1-hdf5/neutron/Ti47.h5
 Reading Ti48 from /home/diogo/openmc_data/endfb-vii.1-hdf5/neutron/Ti48.h5
 Reading Ti49 from /home/diogo/openmc_data/endfb-vii.1-hdf5/neutron/Ti49.h5
 Reading Ti50 from /home/diogo/openmc_data/endfb-vii.1-hdf5/neutron/Ti50.h5
 Reading V50 from /home/diogo/openmc_data/endfb-vii.1-hdf5/neutron/V50.h5
 Reading V51 from /home/diogo/openmc_data/endfb-vii.1-hdf5/neutron/V51.h5
 Reading Mn55 from /home/diogo/openmc_data/endfb-vii.1-hdf5/neutron/Mn55.h5
 Reading Co58 from /home/diogo/openmc_data/endfb-vii.1-hdf5/neutron/Co58.h5
 Reading Co59 from /home/diogo/openmc_data/endfb-vii.1-hdf5/neutron/Co59.h5
 Reading Ni58 from /home/diogo/openmc_data/endfb-vii.1-hdf5/neutron/Ni58.h5
 Reading Ni59 from /home/diogo/openmc_data/endfb-vii.1-hdf5/neutron/Ni59.h5
 Reading Ni60 from /home/diogo/openmc_data/endfb-vii.1-hdf5/neutron/Ni60.h5
 Reading Ni61 from /home/diogo/openmc_data/endfb-vii.1-hdf5/neutron/Ni61.h5
 Reading Ni62 from /home/diogo/openmc_data/endfb-vii.1-hdf5/neutron/Ni62.h5
 Reading Ni64 from /home/diogo/openmc_data/endfb-vii.1-hdf5/neutron/Ni64.h5
 Reading Cu63 from /home/diogo/openmc_data/endfb-vii.1-hdf5/neutron/Cu63.h5
 Reading Cu65 from /home/diogo/openmc_data/endfb-vii.1-hdf5/neutron/Cu65.h5
 Reading Zn64 from /home/diogo/openmc_data/endfb-vii.1-hdf5/neutron/Zn64.h5
 Reading Zn65 from /home/diogo/openmc_data/endfb-vii.1-hdf5/neutron/Zn65.h5
 Reading Zn66 from /home/diogo/openmc_data/endfb-vii.1-hdf5/neutron/Zn66.h5
 Reading Zn67 from /home/diogo/openmc_data/endfb-vii.1-hdf5/neutron/Zn67.h5
 Reading Zn68 from /home/diogo/openmc_data/endfb-vii.1-hdf5/neutron/Zn68.h5
 Reading Zn70 from /home/diogo/openmc_data/endfb-vii.1-hdf5/neutron/Zn70.h5
 Reading Ga69 from /home/diogo/openmc_data/endfb-vii.1-hdf5/neutron/Ga69.h5
 Reading Ga71 from /home/diogo/openmc_data/endfb-vii.1-hdf5/neutron/Ga71.h5
 Reading Ge70 from /home/diogo/openmc_data/endfb-vii.1-hdf5/neutron/Ge70.h5
 Reading Ge72 from /home/diogo/openmc_data/endfb-vii.1-hdf5/neutron/Ge72.h5
 Reading Ge73 from /home/diogo/openmc_data/endfb-vii.1-hdf5/neutron/Ge73.h5
 Reading Ge74 from /home/diogo/openmc_data/endfb-vii.1-hdf5/neutron/Ge74.h5
 Reading Ge76 from /home/diogo/openmc_data/endfb-vii.1-hdf5/neutron/Ge76.h5
 Reading As74 from /home/diogo/openmc_data/endfb-vii.1-hdf5/neutron/As74.h5
 Reading As75 from /home/diogo/openmc_data/endfb-vii.1-hdf5/neutron/As75.h5
 Reading Se74 from /home/diogo/openmc_data/endfb-vii.1-hdf5/neutron/Se74.h5
 Reading Se76 from /home/diogo/openmc_data/endfb-vii.1-hdf5/neutron/Se76.h5
 Reading Se77 from /home/diogo/openmc_data/endfb-vii.1-hdf5/neutron/Se77.h5
 Reading Se78 from /home/diogo/openmc_data/endfb-vii.1-hdf5/neutron/Se78.h5
 Reading Se79 from /home/diogo/openmc_data/endfb-vii.1-hdf5/neutron/Se79.h5
 WARNING: Negative value(s) found on probability table for nuclide Se79 at 250K
 WARNING: Negative value(s) found on probability table for nuclide Se79 at 294K
 WARNING: Negative value(s) found on probability table for nuclide Se79 at 600K
 WARNING: Negative value(s) found on probability table for nuclide Se79 at 900K
 WARNING: Negative value(s) found on probability table for nuclide Se79 at 1200K
 Reading Se80 from /home/diogo/openmc_data/endfb-vii.1-hdf5/neutron/Se80.h5
 Reading Se82 from /home/diogo/openmc_data/endfb-vii.1-hdf5/neutron/Se82.h5
 Reading Br79 from /home/diogo/openmc_data/endfb-vii.1-hdf5/neutron/Br79.h5
 Reading Br81 from /home/diogo/openmc_data/endfb-vii.1-hdf5/neutron/Br81.h5
 Reading Kr78 from /home/diogo/openmc_data/endfb-vii.1-hdf5/neutron/Kr78.h5
 Reading Kr80 from /home/diogo/openmc_data/endfb-vii.1-hdf5/neutron/Kr80.h5
 Reading Kr82 from /home/diogo/openmc_data/endfb-vii.1-hdf5/neutron/Kr82.h5
 Reading Kr83 from /home/diogo/openmc_data/endfb-vii.1-hdf5/neutron/Kr83.h5
 Reading Kr84 from /home/diogo/openmc_data/endfb-vii.1-hdf5/neutron/Kr84.h5
 Reading Kr85 from /home/diogo/openmc_data/endfb-vii.1-hdf5/neutron/Kr85.h5
 Reading Kr86 from /home/diogo/openmc_data/endfb-vii.1-hdf5/neutron/Kr86.h5
 Reading Rb85 from /home/diogo/openmc_data/endfb-vii.1-hdf5/neutron/Rb85.h5
 Reading Rb86 from /home/diogo/openmc_data/endfb-vii.1-hdf5/neutron/Rb86.h5
 Reading Rb87 from /home/diogo/openmc_data/endfb-vii.1-hdf5/neutron/Rb87.h5
 Reading Sr84 from /home/diogo/openmc_data/endfb-vii.1-hdf5/neutron/Sr84.h5
 Reading Sr86 from /home/diogo/openmc_data/endfb-vii.1-hdf5/neutron/Sr86.h5
 Reading Sr87 from /home/diogo/openmc_data/endfb-vii.1-hdf5/neutron/Sr87.h5
 Reading Sr88 from /home/diogo/openmc_data/endfb-vii.1-hdf5/neutron/Sr88.h5
 Reading Sr89 from /home/diogo/openmc_data/endfb-vii.1-hdf5/neutron/Sr89.h5
 Reading Sr90 from /home/diogo/openmc_data/endfb-vii.1-hdf5/neutron/Sr90.h5
 Reading Y89 from /home/diogo/openmc_data/endfb-vii.1-hdf5/neutron/Y89.h5
 Reading Y90 from /home/diogo/openmc_data/endfb-vii.1-hdf5/neutron/Y90.h5
 Reading Y91 from /home/diogo/openmc_data/endfb-vii.1-hdf5/neutron/Y91.h5
 Reading Zr93 from /home/diogo/openmc_data/endfb-vii.1-hdf5/neutron/Zr93.h5
 Reading Zr95 from /home/diogo/openmc_data/endfb-vii.1-hdf5/neutron/Zr95.h5
 Reading Nb93 from /home/diogo/openmc_data/endfb-vii.1-hdf5/neutron/Nb93.h5
 Reading Nb94 from /home/diogo/openmc_data/endfb-vii.1-hdf5/neutron/Nb94.h5
 WARNING: Negative value(s) found on probability table for nuclide Nb94 at 250K
 WARNING: Negative value(s) found on probability table for nuclide Nb94 at 294K
 WARNING: Negative value(s) found on probability table for nuclide Nb94 at 600K
 WARNING: Negative value(s) found on probability table for nuclide Nb94 at 900K
 WARNING: Negative value(s) found on probability table for nuclide Nb94 at 1200K
 WARNING: Negative value(s) found on probability table for nuclide Nb94 at 2500K
 Reading Nb95 from /home/diogo/openmc_data/endfb-vii.1-hdf5/neutron/Nb95.h5
 WARNING: Negative value(s) found on probability table for nuclide Nb95 at 250K
 WARNING: Negative value(s) found on probability table for nuclide Nb95 at 294K
 WARNING: Negative value(s) found on probability table for nuclide Nb95 at 600K
 WARNING: Negative value(s) found on probability table for nuclide Nb95 at 900K
 WARNING: Negative value(s) found on probability table for nuclide Nb95 at 1200K
 Reading Mo92 from /home/diogo/openmc_data/endfb-vii.1-hdf5/neutron/Mo92.h5
 Reading Mo94 from /home/diogo/openmc_data/endfb-vii.1-hdf5/neutron/Mo94.h5
 Reading Mo95 from /home/diogo/openmc_data/endfb-vii.1-hdf5/neutron/Mo95.h5
 Reading Mo96 from /home/diogo/openmc_data/endfb-vii.1-hdf5/neutron/Mo96.h5
 Reading Mo97 from /home/diogo/openmc_data/endfb-vii.1-hdf5/neutron/Mo97.h5
 Reading Mo98 from /home/diogo/openmc_data/endfb-vii.1-hdf5/neutron/Mo98.h5
 Reading Mo99 from /home/diogo/openmc_data/endfb-vii.1-hdf5/neutron/Mo99.h5
 WARNING: Negative value(s) found on probability table for nuclide Mo99 at 250K
 WARNING: Negative value(s) found on probability table for nuclide Mo99 at 294K
 WARNING: Negative value(s) found on probability table for nuclide Mo99 at 600K
 WARNING: Negative value(s) found on probability table for nuclide Mo99 at 900K
 WARNING: Negative value(s) found on probability table for nuclide Mo99 at 1200K
 WARNING: Negative value(s) found on probability table for nuclide Mo99 at 2500K
 Reading Mo100 from /home/diogo/openmc_data/endfb-vii.1-hdf5/neutron/Mo100.h5
 Reading Tc99 from /home/diogo/openmc_data/endfb-vii.1-hdf5/neutron/Tc99.h5
 Reading Ru98 from /home/diogo/openmc_data/endfb-vii.1-hdf5/neutron/Ru98.h5
 Reading Ru99 from /home/diogo/openmc_data/endfb-vii.1-hdf5/neutron/Ru99.h5
 Reading Ru100 from /home/diogo/openmc_data/endfb-vii.1-hdf5/neutron/Ru100.h5
 Reading Ru101 from /home/diogo/openmc_data/endfb-vii.1-hdf5/neutron/Ru101.h5
 Reading Ru102 from /home/diogo/openmc_data/endfb-vii.1-hdf5/neutron/Ru102.h5
 Reading Ru103 from /home/diogo/openmc_data/endfb-vii.1-hdf5/neutron/Ru103.h5
 Reading Ru104 from /home/diogo/openmc_data/endfb-vii.1-hdf5/neutron/Ru104.h5
 Reading Ru105 from /home/diogo/openmc_data/endfb-vii.1-hdf5/neutron/Ru105.h5
 Reading Ru106 from /home/diogo/openmc_data/endfb-vii.1-hdf5/neutron/Ru106.h5
 Reading Rh103 from /home/diogo/openmc_data/endfb-vii.1-hdf5/neutron/Rh103.h5
 Reading Rh105 from /home/diogo/openmc_data/endfb-vii.1-hdf5/neutron/Rh105.h5
 Reading Pd102 from /home/diogo/openmc_data/endfb-vii.1-hdf5/neutron/Pd102.h5
 Reading Pd104 from /home/diogo/openmc_data/endfb-vii.1-hdf5/neutron/Pd104.h5
 Reading Pd105 from /home/diogo/openmc_data/endfb-vii.1-hdf5/neutron/Pd105.h5
 Reading Pd106 from /home/diogo/openmc_data/endfb-vii.1-hdf5/neutron/Pd106.h5
 Reading Pd107 from /home/diogo/openmc_data/endfb-vii.1-hdf5/neutron/Pd107.h5
 Reading Pd108 from /home/diogo/openmc_data/endfb-vii.1-hdf5/neutron/Pd108.h5
 Reading Pd110 from /home/diogo/openmc_data/endfb-vii.1-hdf5/neutron/Pd110.h5
 Reading Ag107 from /home/diogo/openmc_data/endfb-vii.1-hdf5/neutron/Ag107.h5
 Reading Ag109 from /home/diogo/openmc_data/endfb-vii.1-hdf5/neutron/Ag109.h5
 Reading Ag110_m1 from
 /home/diogo/openmc_data/endfb-vii.1-hdf5/neutron/Ag110_m1.h5
 Reading Ag111 from /home/diogo/openmc_data/endfb-vii.1-hdf5/neutron/Ag111.h5
 Reading Cd106 from /home/diogo/openmc_data/endfb-vii.1-hdf5/neutron/Cd106.h5
 WARNING: Negative value(s) found on probability table for nuclide Cd106 at 250K
 WARNING: Negative value(s) found on probability table for nuclide Cd106 at 294K
 WARNING: Negative value(s) found on probability table for nuclide Cd106 at 600K
 WARNING: Negative value(s) found on probability table for nuclide Cd106 at 900K
 WARNING: Negative value(s) found on probability table for nuclide Cd106 at
          1200K
 WARNING: Negative value(s) found on probability table for nuclide Cd106 at
          2500K
 Reading Cd108 from /home/diogo/openmc_data/endfb-vii.1-hdf5/neutron/Cd108.h5
 Reading Cd110 from /home/diogo/openmc_data/endfb-vii.1-hdf5/neutron/Cd110.h5
 Reading Cd111 from /home/diogo/openmc_data/endfb-vii.1-hdf5/neutron/Cd111.h5
 Reading Cd112 from /home/diogo/openmc_data/endfb-vii.1-hdf5/neutron/Cd112.h5
 Reading Cd113 from /home/diogo/openmc_data/endfb-vii.1-hdf5/neutron/Cd113.h5
 Reading Cd114 from /home/diogo/openmc_data/endfb-vii.1-hdf5/neutron/Cd114.h5
 Reading Cd115_m1 from
 /home/diogo/openmc_data/endfb-vii.1-hdf5/neutron/Cd115_m1.h5
 Reading Cd116 from /home/diogo/openmc_data/endfb-vii.1-hdf5/neutron/Cd116.h5
 Reading In113 from /home/diogo/openmc_data/endfb-vii.1-hdf5/neutron/In113.h5
 Reading In115 from /home/diogo/openmc_data/endfb-vii.1-hdf5/neutron/In115.h5
 Reading Sn113 from /home/diogo/openmc_data/endfb-vii.1-hdf5/neutron/Sn113.h5
 Reading Sn123 from /home/diogo/openmc_data/endfb-vii.1-hdf5/neutron/Sn123.h5
 WARNING: Negative value(s) found on probability table for nuclide Sn123 at 250K
 WARNING: Negative value(s) found on probability table for nuclide Sn123 at 294K
 WARNING: Negative value(s) found on probability table for nuclide Sn123 at 600K
 WARNING: Negative value(s) found on probability table for nuclide Sn123 at 900K
 WARNING: Negative value(s) found on probability table for nuclide Sn123 at
          1200K
 WARNING: Negative value(s) found on probability table for nuclide Sn123 at
          2500K
 Reading Sn125 from /home/diogo/openmc_data/endfb-vii.1-hdf5/neutron/Sn125.h5
 Reading Sn126 from /home/diogo/openmc_data/endfb-vii.1-hdf5/neutron/Sn126.h5
 Reading Sb121 from /home/diogo/openmc_data/endfb-vii.1-hdf5/neutron/Sb121.h5
 Reading Sb123 from /home/diogo/openmc_data/endfb-vii.1-hdf5/neutron/Sb123.h5
 Reading Sb124 from /home/diogo/openmc_data/endfb-vii.1-hdf5/neutron/Sb124.h5
 Reading Sb125 from /home/diogo/openmc_data/endfb-vii.1-hdf5/neutron/Sb125.h5
 Reading Sb126 from /home/diogo/openmc_data/endfb-vii.1-hdf5/neutron/Sb126.h5
 Reading Te120 from /home/diogo/openmc_data/endfb-vii.1-hdf5/neutron/Te120.h5
 WARNING: Negative value(s) found on probability table for nuclide Te120 at 600K
 WARNING: Negative value(s) found on probability table for nuclide Te120 at 900K
 WARNING: Negative value(s) found on probability table for nuclide Te120 at
          1200K
 WARNING: Negative value(s) found on probability table for nuclide Te120 at
          2500K
 Reading Te122 from /home/diogo/openmc_data/endfb-vii.1-hdf5/neutron/Te122.h5
 Reading Te123 from /home/diogo/openmc_data/endfb-vii.1-hdf5/neutron/Te123.h5
 Reading Te124 from /home/diogo/openmc_data/endfb-vii.1-hdf5/neutron/Te124.h5
 Reading Te125 from /home/diogo/openmc_data/endfb-vii.1-hdf5/neutron/Te125.h5
 Reading Te126 from /home/diogo/openmc_data/endfb-vii.1-hdf5/neutron/Te126.h5
 Reading Te127_m1 from
 /home/diogo/openmc_data/endfb-vii.1-hdf5/neutron/Te127_m1.h5
 Reading Te128 from /home/diogo/openmc_data/endfb-vii.1-hdf5/neutron/Te128.h5
 Reading Te129_m1 from
 /home/diogo/openmc_data/endfb-vii.1-hdf5/neutron/Te129_m1.h5
 Reading Te130 from /home/diogo/openmc_data/endfb-vii.1-hdf5/neutron/Te130.h5
 Reading Te132 from /home/diogo/openmc_data/endfb-vii.1-hdf5/neutron/Te132.h5
 Reading I127 from /home/diogo/openmc_data/endfb-vii.1-hdf5/neutron/I127.h5
 Reading I129 from /home/diogo/openmc_data/endfb-vii.1-hdf5/neutron/I129.h5
 Reading I130 from /home/diogo/openmc_data/endfb-vii.1-hdf5/neutron/I130.h5
 Reading I131 from /home/diogo/openmc_data/endfb-vii.1-hdf5/neutron/I131.h5
 WARNING: Negative value(s) found on probability table for nuclide I131 at 250K
 WARNING: Negative value(s) found on probability table for nuclide I131 at 294K
 WARNING: Negative value(s) found on probability table for nuclide I131 at 600K
 WARNING: Negative value(s) found on probability table for nuclide I131 at 900K
 WARNING: Negative value(s) found on probability table for nuclide I131 at 1200K
 WARNING: Negative value(s) found on probability table for nuclide I131 at 2500K
 Reading I135 from /home/diogo/openmc_data/endfb-vii.1-hdf5/neutron/I135.h5
 Reading Xe126 from /home/diogo/openmc_data/endfb-vii.1-hdf5/neutron/Xe126.h5
 Reading Xe128 from /home/diogo/openmc_data/endfb-vii.1-hdf5/neutron/Xe128.h5
 Reading Xe129 from /home/diogo/openmc_data/endfb-vii.1-hdf5/neutron/Xe129.h5
 Reading Xe130 from /home/diogo/openmc_data/endfb-vii.1-hdf5/neutron/Xe130.h5
 Reading Xe131 from /home/diogo/openmc_data/endfb-vii.1-hdf5/neutron/Xe131.h5
 Reading Xe132 from /home/diogo/openmc_data/endfb-vii.1-hdf5/neutron/Xe132.h5
 Reading Xe133 from /home/diogo/openmc_data/endfb-vii.1-hdf5/neutron/Xe133.h5
 WARNING: Negative value(s) found on probability table for nuclide Xe133 at
          2500K
 Reading Xe134 from /home/diogo/openmc_data/endfb-vii.1-hdf5/neutron/Xe134.h5
 Reading Xe135 from /home/diogo/openmc_data/endfb-vii.1-hdf5/neutron/Xe135.h5
 Reading Xe136 from /home/diogo/openmc_data/endfb-vii.1-hdf5/neutron/Xe136.h5
 Reading Cs133 from /home/diogo/openmc_data/endfb-vii.1-hdf5/neutron/Cs133.h5
 Reading Cs134 from /home/diogo/openmc_data/endfb-vii.1-hdf5/neutron/Cs134.h5
 Reading Cs135 from /home/diogo/openmc_data/endfb-vii.1-hdf5/neutron/Cs135.h5
 Reading Cs136 from /home/diogo/openmc_data/endfb-vii.1-hdf5/neutron/Cs136.h5
 WARNING: Negative value(s) found on probability table for nuclide Cs136 at 250K
 WARNING: Negative value(s) found on probability table for nuclide Cs136 at 294K
 WARNING: Negative value(s) found on probability table for nuclide Cs136 at 600K
 WARNING: Negative value(s) found on probability table for nuclide Cs136 at 900K
 WARNING: Negative value(s) found on probability table for nuclide Cs136 at
          1200K
 WARNING: Negative value(s) found on probability table for nuclide Cs136 at
          2500K
 Reading Cs137 from /home/diogo/openmc_data/endfb-vii.1-hdf5/neutron/Cs137.h5
 Reading Ba132 from /home/diogo/openmc_data/endfb-vii.1-hdf5/neutron/Ba132.h5
 Reading Ba133 from /home/diogo/openmc_data/endfb-vii.1-hdf5/neutron/Ba133.h5
 Reading Ba134 from /home/diogo/openmc_data/endfb-vii.1-hdf5/neutron/Ba134.h5
 Reading Ba135 from /home/diogo/openmc_data/endfb-vii.1-hdf5/neutron/Ba135.h5
 Reading Ba136 from /home/diogo/openmc_data/endfb-vii.1-hdf5/neutron/Ba136.h5
 Reading Ba137 from /home/diogo/openmc_data/endfb-vii.1-hdf5/neutron/Ba137.h5
 Reading Ba138 from /home/diogo/openmc_data/endfb-vii.1-hdf5/neutron/Ba138.h5
 Reading Ba140 from /home/diogo/openmc_data/endfb-vii.1-hdf5/neutron/Ba140.h5
 Reading La138 from /home/diogo/openmc_data/endfb-vii.1-hdf5/neutron/La138.h5
 Reading La139 from /home/diogo/openmc_data/endfb-vii.1-hdf5/neutron/La139.h5
 Reading La140 from /home/diogo/openmc_data/endfb-vii.1-hdf5/neutron/La140.h5
 Reading Ce138 from /home/diogo/openmc_data/endfb-vii.1-hdf5/neutron/Ce138.h5
 Reading Ce139 from /home/diogo/openmc_data/endfb-vii.1-hdf5/neutron/Ce139.h5
 Reading Ce140 from /home/diogo/openmc_data/endfb-vii.1-hdf5/neutron/Ce140.h5
 Reading Ce141 from /home/diogo/openmc_data/endfb-vii.1-hdf5/neutron/Ce141.h5
 Reading Ce142 from /home/diogo/openmc_data/endfb-vii.1-hdf5/neutron/Ce142.h5
 Reading Ce143 from /home/diogo/openmc_data/endfb-vii.1-hdf5/neutron/Ce143.h5
 Reading Ce144 from /home/diogo/openmc_data/endfb-vii.1-hdf5/neutron/Ce144.h5
 Reading Pr141 from /home/diogo/openmc_data/endfb-vii.1-hdf5/neutron/Pr141.h5
 Reading Pr142 from /home/diogo/openmc_data/endfb-vii.1-hdf5/neutron/Pr142.h5
 Reading Pr143 from /home/diogo/openmc_data/endfb-vii.1-hdf5/neutron/Pr143.h5
 Reading Nd142 from /home/diogo/openmc_data/endfb-vii.1-hdf5/neutron/Nd142.h5
 Reading Nd143 from /home/diogo/openmc_data/endfb-vii.1-hdf5/neutron/Nd143.h5
 Reading Nd144 from /home/diogo/openmc_data/endfb-vii.1-hdf5/neutron/Nd144.h5
 Reading Nd145 from /home/diogo/openmc_data/endfb-vii.1-hdf5/neutron/Nd145.h5
 Reading Nd146 from /home/diogo/openmc_data/endfb-vii.1-hdf5/neutron/Nd146.h5
 Reading Nd147 from /home/diogo/openmc_data/endfb-vii.1-hdf5/neutron/Nd147.h5
 Reading Nd148 from /home/diogo/openmc_data/endfb-vii.1-hdf5/neutron/Nd148.h5
 Reading Nd150 from /home/diogo/openmc_data/endfb-vii.1-hdf5/neutron/Nd150.h5
 Reading Pm147 from /home/diogo/openmc_data/endfb-vii.1-hdf5/neutron/Pm147.h5
 Reading Pm148 from /home/diogo/openmc_data/endfb-vii.1-hdf5/neutron/Pm148.h5
 Reading Pm148_m1 from
 /home/diogo/openmc_data/endfb-vii.1-hdf5/neutron/Pm148_m1.h5
 Reading Pm149 from /home/diogo/openmc_data/endfb-vii.1-hdf5/neutron/Pm149.h5
 Reading Pm151 from /home/diogo/openmc_data/endfb-vii.1-hdf5/neutron/Pm151.h5
 Reading Sm144 from /home/diogo/openmc_data/endfb-vii.1-hdf5/neutron/Sm144.h5
 Reading Sm147 from /home/diogo/openmc_data/endfb-vii.1-hdf5/neutron/Sm147.h5
 Reading Sm148 from /home/diogo/openmc_data/endfb-vii.1-hdf5/neutron/Sm148.h5
 Reading Sm149 from /home/diogo/openmc_data/endfb-vii.1-hdf5/neutron/Sm149.h5
 Reading Sm150 from /home/diogo/openmc_data/endfb-vii.1-hdf5/neutron/Sm150.h5
 Reading Sm151 from /home/diogo/openmc_data/endfb-vii.1-hdf5/neutron/Sm151.h5
 Reading Sm152 from /home/diogo/openmc_data/endfb-vii.1-hdf5/neutron/Sm152.h5
 Reading Sm153 from /home/diogo/openmc_data/endfb-vii.1-hdf5/neutron/Sm153.h5
 Reading Sm154 from /home/diogo/openmc_data/endfb-vii.1-hdf5/neutron/Sm154.h5
 Reading Eu151 from /home/diogo/openmc_data/endfb-vii.1-hdf5/neutron/Eu151.h5
 Reading Eu152 from /home/diogo/openmc_data/endfb-vii.1-hdf5/neutron/Eu152.h5
 Reading Eu153 from /home/diogo/openmc_data/endfb-vii.1-hdf5/neutron/Eu153.h5
 Reading Eu154 from /home/diogo/openmc_data/endfb-vii.1-hdf5/neutron/Eu154.h5
 Reading Eu155 from /home/diogo/openmc_data/endfb-vii.1-hdf5/neutron/Eu155.h5
 Reading Eu156 from /home/diogo/openmc_data/endfb-vii.1-hdf5/neutron/Eu156.h5
 WARNING: Negative value(s) found on probability table for nuclide Eu156 at 250K
 WARNING: Negative value(s) found on probability table for nuclide Eu156 at 294K
 WARNING: Negative value(s) found on probability table for nuclide Eu156 at 600K
 WARNING: Negative value(s) found on probability table for nuclide Eu156 at 900K
 WARNING: Negative value(s) found on probability table for nuclide Eu156 at
          1200K
 WARNING: Negative value(s) found on probability table for nuclide Eu156 at
          2500K
 Reading Eu157 from /home/diogo/openmc_data/endfb-vii.1-hdf5/neutron/Eu157.h5
 Reading Gd153 from /home/diogo/openmc_data/endfb-vii.1-hdf5/neutron/Gd153.h5
 Reading Tb159 from /home/diogo/openmc_data/endfb-vii.1-hdf5/neutron/Tb159.h5
 Reading Tb160 from /home/diogo/openmc_data/endfb-vii.1-hdf5/neutron/Tb160.h5
 Reading Dy156 from /home/diogo/openmc_data/endfb-vii.1-hdf5/neutron/Dy156.h5
 Reading Dy158 from /home/diogo/openmc_data/endfb-vii.1-hdf5/neutron/Dy158.h5
 Reading Dy160 from /home/diogo/openmc_data/endfb-vii.1-hdf5/neutron/Dy160.h5
 Reading Dy161 from /home/diogo/openmc_data/endfb-vii.1-hdf5/neutron/Dy161.h5
 Reading Dy162 from /home/diogo/openmc_data/endfb-vii.1-hdf5/neutron/Dy162.h5
 Reading Dy163 from /home/diogo/openmc_data/endfb-vii.1-hdf5/neutron/Dy163.h5
 Reading Dy164 from /home/diogo/openmc_data/endfb-vii.1-hdf5/neutron/Dy164.h5
 Reading Ho165 from /home/diogo/openmc_data/endfb-vii.1-hdf5/neutron/Ho165.h5
 Reading Ho166_m1 from
 /home/diogo/openmc_data/endfb-vii.1-hdf5/neutron/Ho166_m1.h5
 Reading Er162 from /home/diogo/openmc_data/endfb-vii.1-hdf5/neutron/Er162.h5
 Reading Er164 from /home/diogo/openmc_data/endfb-vii.1-hdf5/neutron/Er164.h5
 Reading Er166 from /home/diogo/openmc_data/endfb-vii.1-hdf5/neutron/Er166.h5
 Reading Er167 from /home/diogo/openmc_data/endfb-vii.1-hdf5/neutron/Er167.h5
 Reading Er168 from /home/diogo/openmc_data/endfb-vii.1-hdf5/neutron/Er168.h5
 Reading Er170 from /home/diogo/openmc_data/endfb-vii.1-hdf5/neutron/Er170.h5
 Reading Tm168 from /home/diogo/openmc_data/endfb-vii.1-hdf5/neutron/Tm168.h5
 Reading Tm169 from /home/diogo/openmc_data/endfb-vii.1-hdf5/neutron/Tm169.h5
 Reading Tm170 from /home/diogo/openmc_data/endfb-vii.1-hdf5/neutron/Tm170.h5
 Reading Ir193 from /home/diogo/openmc_data/endfb-vii.1-hdf5/neutron/Ir193.h5
 Reading Au197 from /home/diogo/openmc_data/endfb-vii.1-hdf5/neutron/Au197.h5
 Reading Hg196 from /home/diogo/openmc_data/endfb-vii.1-hdf5/neutron/Hg196.h5
 Reading Hg198 from /home/diogo/openmc_data/endfb-vii.1-hdf5/neutron/Hg198.h5
 Reading Hg199 from /home/diogo/openmc_data/endfb-vii.1-hdf5/neutron/Hg199.h5
 Reading Hg200 from /home/diogo/openmc_data/endfb-vii.1-hdf5/neutron/Hg200.h5
 Reading Hg201 from /home/diogo/openmc_data/endfb-vii.1-hdf5/neutron/Hg201.h5
 Reading Hg202 from /home/diogo/openmc_data/endfb-vii.1-hdf5/neutron/Hg202.h5
 Reading Hg204 from /home/diogo/openmc_data/endfb-vii.1-hdf5/neutron/Hg204.h5
 Reading Tl203 from /home/diogo/openmc_data/endfb-vii.1-hdf5/neutron/Tl203.h5
 Reading Tl205 from /home/diogo/openmc_data/endfb-vii.1-hdf5/neutron/Tl205.h5
 Reading Pb204 from /home/diogo/openmc_data/endfb-vii.1-hdf5/neutron/Pb204.h5
 Reading Pb206 from /home/diogo/openmc_data/endfb-vii.1-hdf5/neutron/Pb206.h5
 Reading Pb207 from /home/diogo/openmc_data/endfb-vii.1-hdf5/neutron/Pb207.h5
 Reading Pb208 from /home/diogo/openmc_data/endfb-vii.1-hdf5/neutron/Pb208.h5
 Reading Bi209 from /home/diogo/openmc_data/endfb-vii.1-hdf5/neutron/Bi209.h5
 Reading Ra223 from /home/diogo/openmc_data/endfb-vii.1-hdf5/neutron/Ra223.h5
 Reading Ra224 from /home/diogo/openmc_data/endfb-vii.1-hdf5/neutron/Ra224.h5
 Reading Ra225 from /home/diogo/openmc_data/endfb-vii.1-hdf5/neutron/Ra225.h5
 Reading Ra226 from /home/diogo/openmc_data/endfb-vii.1-hdf5/neutron/Ra226.h5
 Reading Ac225 from /home/diogo/openmc_data/endfb-vii.1-hdf5/neutron/Ac225.h5
 Reading Ac226 from /home/diogo/openmc_data/endfb-vii.1-hdf5/neutron/Ac226.h5
 Reading Ac227 from /home/diogo/openmc_data/endfb-vii.1-hdf5/neutron/Ac227.h5
 Reading Th227 from /home/diogo/openmc_data/endfb-vii.1-hdf5/neutron/Th227.h5
 Reading Th228 from /home/diogo/openmc_data/endfb-vii.1-hdf5/neutron/Th228.h5
 Reading Th229 from /home/diogo/openmc_data/endfb-vii.1-hdf5/neutron/Th229.h5
 Reading Th230 from /home/diogo/openmc_data/endfb-vii.1-hdf5/neutron/Th230.h5
 Reading Th231 from /home/diogo/openmc_data/endfb-vii.1-hdf5/neutron/Th231.h5
 Reading Th232 from /home/diogo/openmc_data/endfb-vii.1-hdf5/neutron/Th232.h5
 Reading Th233 from /home/diogo/openmc_data/endfb-vii.1-hdf5/neutron/Th233.h5
 Reading Th234 from /home/diogo/openmc_data/endfb-vii.1-hdf5/neutron/Th234.h5
 Reading Pa229 from /home/diogo/openmc_data/endfb-vii.1-hdf5/neutron/Pa229.h5
 Reading Pa230 from /home/diogo/openmc_data/endfb-vii.1-hdf5/neutron/Pa230.h5
 Reading Pa231 from /home/diogo/openmc_data/endfb-vii.1-hdf5/neutron/Pa231.h5
 Reading Pa232 from /home/diogo/openmc_data/endfb-vii.1-hdf5/neutron/Pa232.h5
 Reading Pa233 from /home/diogo/openmc_data/endfb-vii.1-hdf5/neutron/Pa233.h5
 Reading U230 from /home/diogo/openmc_data/endfb-vii.1-hdf5/neutron/U230.h5
 Reading U231 from /home/diogo/openmc_data/endfb-vii.1-hdf5/neutron/U231.h5
 Reading U232 from /home/diogo/openmc_data/endfb-vii.1-hdf5/neutron/U232.h5
 Reading U233 from /home/diogo/openmc_data/endfb-vii.1-hdf5/neutron/U233.h5
 Reading U236 from /home/diogo/openmc_data/endfb-vii.1-hdf5/neutron/U236.h5
 Reading U237 from /home/diogo/openmc_data/endfb-vii.1-hdf5/neutron/U237.h5
 Reading U239 from /home/diogo/openmc_data/endfb-vii.1-hdf5/neutron/U239.h5
 Reading U240 from /home/diogo/openmc_data/endfb-vii.1-hdf5/neutron/U240.h5
 Reading U241 from /home/diogo/openmc_data/endfb-vii.1-hdf5/neutron/U241.h5
 Reading Np234 from /home/diogo/openmc_data/endfb-vii.1-hdf5/neutron/Np234.h5
 Reading Np235 from /home/diogo/openmc_data/endfb-vii.1-hdf5/neutron/Np235.h5
 Reading Np236 from /home/diogo/openmc_data/endfb-vii.1-hdf5/neutron/Np236.h5
 Reading Np237 from /home/diogo/openmc_data/endfb-vii.1-hdf5/neutron/Np237.h5
 Reading Np238 from /home/diogo/openmc_data/endfb-vii.1-hdf5/neutron/Np238.h5
 Reading Np239 from /home/diogo/openmc_data/endfb-vii.1-hdf5/neutron/Np239.h5
 Reading Pu236 from /home/diogo/openmc_data/endfb-vii.1-hdf5/neutron/Pu236.h5
 Reading Pu237 from /home/diogo/openmc_data/endfb-vii.1-hdf5/neutron/Pu237.h5
 Reading Pu238 from /home/diogo/openmc_data/endfb-vii.1-hdf5/neutron/Pu238.h5
 Reading Pu239 from /home/diogo/openmc_data/endfb-vii.1-hdf5/neutron/Pu239.h5
 Reading Pu240 from /home/diogo/openmc_data/endfb-vii.1-hdf5/neutron/Pu240.h5
 Reading Pu241 from /home/diogo/openmc_data/endfb-vii.1-hdf5/neutron/Pu241.h5
 Reading Pu242 from /home/diogo/openmc_data/endfb-vii.1-hdf5/neutron/Pu242.h5
 Reading Pu243 from /home/diogo/openmc_data/endfb-vii.1-hdf5/neutron/Pu243.h5
 Reading Pu244 from /home/diogo/openmc_data/endfb-vii.1-hdf5/neutron/Pu244.h5
 Reading Pu246 from /home/diogo/openmc_data/endfb-vii.1-hdf5/neutron/Pu246.h5
 Reading Am240 from /home/diogo/openmc_data/endfb-vii.1-hdf5/neutron/Am240.h5
 Reading Am241 from /home/diogo/openmc_data/endfb-vii.1-hdf5/neutron/Am241.h5
 Reading Am242 from /home/diogo/openmc_data/endfb-vii.1-hdf5/neutron/Am242.h5
 Reading Am242_m1 from
 /home/diogo/openmc_data/endfb-vii.1-hdf5/neutron/Am242_m1.h5
 Reading Am243 from /home/diogo/openmc_data/endfb-vii.1-hdf5/neutron/Am243.h5
 Reading Am244 from /home/diogo/openmc_data/endfb-vii.1-hdf5/neutron/Am244.h5
 Reading Am244_m1 from
 /home/diogo/openmc_data/endfb-vii.1-hdf5/neutron/Am244_m1.h5
 Reading Cm240 from /home/diogo/openmc_data/endfb-vii.1-hdf5/neutron/Cm240.h5
 Reading Cm241 from /home/diogo/openmc_data/endfb-vii.1-hdf5/neutron/Cm241.h5
 Reading Cm242 from /home/diogo/openmc_data/endfb-vii.1-hdf5/neutron/Cm242.h5
 Reading Cm243 from /home/diogo/openmc_data/endfb-vii.1-hdf5/neutron/Cm243.h5
 Reading Cm244 from /home/diogo/openmc_data/endfb-vii.1-hdf5/neutron/Cm244.h5
 Reading Cm245 from /home/diogo/openmc_data/endfb-vii.1-hdf5/neutron/Cm245.h5
 Reading Cm246 from /home/diogo/openmc_data/endfb-vii.1-hdf5/neutron/Cm246.h5
 Reading Cm247 from /home/diogo/openmc_data/endfb-vii.1-hdf5/neutron/Cm247.h5
 Reading Cm248 from /home/diogo/openmc_data/endfb-vii.1-hdf5/neutron/Cm248.h5
 Reading Cm249 from /home/diogo/openmc_data/endfb-vii.1-hdf5/neutron/Cm249.h5
 Reading Cm250 from /home/diogo/openmc_data/endfb-vii.1-hdf5/neutron/Cm250.h5
 Reading Bk245 from /home/diogo/openmc_data/endfb-vii.1-hdf5/neutron/Bk245.h5
 Reading Bk247 from /home/diogo/openmc_data/endfb-vii.1-hdf5/neutron/Bk247.h5
 Reading Bk249 from /home/diogo/openmc_data/endfb-vii.1-hdf5/neutron/Bk249.h5
 Reading Bk250 from /home/diogo/openmc_data/endfb-vii.1-hdf5/neutron/Bk250.h5
 Reading Cf250 from /home/diogo/openmc_data/endfb-vii.1-hdf5/neutron/Cf250.h5
 WARNING: Negative value(s) found on probability table for nuclide Cf250 at 250K
 WARNING: Negative value(s) found on probability table for nuclide Cf250 at 294K
 WARNING: Negative value(s) found on probability table for nuclide Cf250 at 900K
 WARNING: Negative value(s) found on probability table for nuclide Cf250 at
          1200K
 Reading Cf251 from /home/diogo/openmc_data/endfb-vii.1-hdf5/neutron/Cf251.h5
 Reading Cf252 from /home/diogo/openmc_data/endfb-vii.1-hdf5/neutron/Cf252.h5
 Reading Ir191 from /home/diogo/openmc_data/endfb-vii.1-hdf5/neutron/Ir191.h5
 Reading Bk246 from /home/diogo/openmc_data/endfb-vii.1-hdf5/neutron/Bk246.h5
 Reading Bk248 from /home/diogo/openmc_data/endfb-vii.1-hdf5/neutron/Bk248.h5
 Reading Cf248 from /home/diogo/openmc_data/endfb-vii.1-hdf5/neutron/Cf248.h5
 Reading Cf253 from /home/diogo/openmc_data/endfb-vii.1-hdf5/neutron/Cf253.h5
 Reading Cf254 from /home/diogo/openmc_data/endfb-vii.1-hdf5/neutron/Cf254.h5
 Reading Es251 from /home/diogo/openmc_data/endfb-vii.1-hdf5/neutron/Es251.h5
 Reading Es252 from /home/diogo/openmc_data/endfb-vii.1-hdf5/neutron/Es252.h5
 Reading Es253 from /home/diogo/openmc_data/endfb-vii.1-hdf5/neutron/Es253.h5
 Reading Es254 from /home/diogo/openmc_data/endfb-vii.1-hdf5/neutron/Es254.h5
 Reading Es254_m1 from
 /home/diogo/openmc_data/endfb-vii.1-hdf5/neutron/Es254_m1.h5
 Reading Es255 from /home/diogo/openmc_data/endfb-vii.1-hdf5/neutron/Es255.h5
 Reading Fm255 from /home/diogo/openmc_data/endfb-vii.1-hdf5/neutron/Fm255.h5
 Reading Cf249 from /home/diogo/openmc_data/endfb-vii.1-hdf5/neutron/Cf249.h5
 Reading Cf246 from /home/diogo/openmc_data/endfb-vii.1-hdf5/neutron/Cf246.h5
 Reading Be9 from /home/diogo/openmc_data/endfb-vii.1-hdf5/neutron/Be9.h5
 Reading Ca48 from /home/diogo/openmc_data/endfb-vii.1-hdf5/neutron/Ca48.h5
 Reading Co58_m1 from
 /home/diogo/openmc_data/endfb-vii.1-hdf5/neutron/Co58_m1.h5
 Reading Ru96 from /home/diogo/openmc_data/endfb-vii.1-hdf5/neutron/Ru96.h5
 Reading Xe123 from /home/diogo/openmc_data/endfb-vii.1-hdf5/neutron/Xe123.h5
 Reading Xe124 from /home/diogo/openmc_data/endfb-vii.1-hdf5/neutron/Xe124.h5
 Reading Ba130 from /home/diogo/openmc_data/endfb-vii.1-hdf5/neutron/Ba130.h5
 Reading Ce136 from /home/diogo/openmc_data/endfb-vii.1-hdf5/neutron/Ce136.h5
 Reading Lu175 from /home/diogo/openmc_data/endfb-vii.1-hdf5/neutron/Lu175.h5
 Reading Lu176 from /home/diogo/openmc_data/endfb-vii.1-hdf5/neutron/Lu176.h5
 Reading Hf174 from /home/diogo/openmc_data/endfb-vii.1-hdf5/neutron/Hf174.h5
 Reading Hf176 from /home/diogo/openmc_data/endfb-vii.1-hdf5/neutron/Hf176.h5
 Reading Hf177 from /home/diogo/openmc_data/endfb-vii.1-hdf5/neutron/Hf177.h5
 Reading Hf178 from /home/diogo/openmc_data/endfb-vii.1-hdf5/neutron/Hf178.h5
 Reading Hf179 from /home/diogo/openmc_data/endfb-vii.1-hdf5/neutron/Hf179.h5
 Reading Hf180 from /home/diogo/openmc_data/endfb-vii.1-hdf5/neutron/Hf180.h5
 Reading Ta180 from /home/diogo/openmc_data/endfb-vii.1-hdf5/neutron/Ta180.h5
 Reading Ta181 from /home/diogo/openmc_data/endfb-vii.1-hdf5/neutron/Ta181.h5
 Reading Ta182 from /home/diogo/openmc_data/endfb-vii.1-hdf5/neutron/Ta182.h5
 Reading W180 from /home/diogo/openmc_data/endfb-vii.1-hdf5/neutron/W180.h5
 Reading W182 from /home/diogo/openmc_data/endfb-vii.1-hdf5/neutron/W182.h5
 Reading W183 from /home/diogo/openmc_data/endfb-vii.1-hdf5/neutron/W183.h5
 Reading W184 from /home/diogo/openmc_data/endfb-vii.1-hdf5/neutron/W184.h5
 Reading W186 from /home/diogo/openmc_data/endfb-vii.1-hdf5/neutron/W186.h5
 Reading Re185 from /home/diogo/openmc_data/endfb-vii.1-hdf5/neutron/Re185.h5
 Reading Re187 from /home/diogo/openmc_data/endfb-vii.1-hdf5/neutron/Re187.h5
 Maximum neutron transport energy: 20000000 eV for H1
 Initializing source particles...

 ====================>     K EIGENVALUE SIMULATION     <====================

  Bat./Gen.      k       Entropy         Average k 
  =========   ========   ========   ====================
        1/1    1.11359    5.92977
        2/1    1.08330    5.92027
        3/1    1.09640    5.91828
        4/1    1.06978    5.90270
        5/1    1.14458    5.88867
        6/1    1.06705    5.89878
        7/1    1.05957    5.93239
        8/1    1.15693    5.91846
        9/1    1.08195    5.91827
       10/1    1.11675    5.91686
       11/1    1.19255    5.90120
       12/1    1.08883    5.90077    1.14069 +/- 0.05186
       13/1    1.04754    5.91039    1.10964 +/- 0.04314
       14/1    1.02843    5.90695    1.08933 +/- 0.03664
       15/1    1.07824    5.90903    1.08712 +/- 0.02847
       16/1    1.13959    5.91742    1.09586 +/- 0.02484
       17/1    1.09265    5.90132    1.09540 +/- 0.02099
       18/1    1.05959    5.91997    1.09093 +/- 0.01873
       19/1    1.09494    5.89226    1.09137 +/- 0.01652
       20/1    1.14072    5.90777    1.09631 +/- 0.01558
       21/1    1.08223    5.91051    1.09503 +/- 0.01415
       22/1    1.09428    5.84898    1.09496 +/- 0.01292
       23/1    1.12639    5.90385    1.09738 +/- 0.01212
       24/1    1.09025    5.91544    1.09687 +/- 0.01124
       25/1    1.09984    5.90817    1.09707 +/- 0.01046
       26/1    1.08858    5.88593    1.09654 +/- 0.00980
       27/1    1.11428    5.91772    1.09758 +/- 0.00927
       28/1    1.14250    5.89284    1.10008 +/- 0.00909
       29/1    1.07996    5.90075    1.09902 +/- 0.00866
       30/1    1.11037    5.91833    1.09959 +/- 0.00823
 Creating state point statepoint.30.h5...

 =======================>     TIMING STATISTICS     <=======================

 Total time for initialization     = 5.9125e+00 seconds
   Reading cross sections          = 5.1190e+00 seconds
 Total time in simulation          = 8.3635e+01 seconds
   Time in transport only          = 8.3621e+01 seconds
   Time in inactive batches        = 2.2855e+01 seconds
   Time in active batches          = 6.0780e+01 seconds
   Time synchronizing fission bank = 1.6744e-03 seconds
     Sampling source sites         = 1.3445e-03 seconds
     SEND/RECV source sites        = 2.2128e-04 seconds
   Time accumulating tallies       = 4.5786e-04 seconds
   Time writing statepoints        = 9.5547e-03 seconds
 Total time for finalization       = 3.7977e-04 seconds
 Total time elapsed                = 8.9987e+01 seconds
 Calculation Rate (inactive)       = 437.543 particles/second
 Calculation Rate (active)         = 329.054 particles/second

 ============================>     RESULTS     <============================

 k-effective (Collision)     = 1.09271 +/- 0.00851
 k-effective (Track-length)  = 1.09959 +/- 0.00823
 k-effective (Absorption)    = 1.09113 +/- 0.00525
 Combined k-effective        = 1.09397 +/- 0.00481
 Leakage Fraction            = 0.00000 +/- 0.00000

 Creating state point openmc_simulation_n3.h5...
[t1b] threads 1, seed 1130245551, bu [0.0, 0.5, 1.5, 1.6]
[t1b] k 1.1219357299534725  1.0830905485737723  1.1050911644377635  1.0939749311203377   (7.2 min)
note: t1a ran at {'particles': 1000, 'batches': 30, 'inactive': 10}, compare it only with its own pair
note: t1b ran at {'particles': 1000, 'batches': 30, 'inactive': 10}, compare it only with its own pair
step                   t1a                   t1b                  t64a                  t64b               archive
   0    1.1219357299534725    1.1219357299534725    1.1157872707434484    1.1157872707434457    1.1157900000000001
   1    1.0830905485737723    1.0830905485737723    1.0941004986000560    1.0940851780042467    1.0922499999999999
   2    1.1050911644377635    1.1050911644377635    1.0905156197191721    1.0972093940929866    1.0938099999999999

pairwise difference per step, pcm (0 = bit-identical)
       t1a vs t1b     : 0 (identical)  0 (identical)  0 (identical)  0 (identical)
       t1a vs t64a    : +615  -1.1e+03  +1.46e+03  +52.6
       t1a vs t64b    : +615  -1.1e+03  +788  -99.1
       t1a vs archive : +615  -916  +1.13e+03
       t1b vs t64a    : +615  -1.1e+03  +1.46e+03  +52.6
       t1b vs t64b    : +615  -1.1e+03  +788  -99.1
       t1b vs archive : +615  -916  +1.13e+03
      t64a vs t64b    : +2.66e-10  +1.53  -669  -152
      t64a vs archive : -0.273  +185  -329
      t64b vs archive : -0.273  +184  +340
--------------------------------------------------------------------------
 STAGE L. Reduced-fidelity eight-layer depletion of four measured designs  (2026-09-26 20:23:36)
--------------------------------------------------------------------------
check 3: designs [24, 27], 8 layers (14 fuel segments, 96 depletable materials), transport {'particles': 10000, 'batches': 100, 'inactive': 50}, end of cycle relative, schedule {'bol_steps': [0.5, 1.0, 2.0, 4.0, 6.0], 'dep_step': 4.0, 'max_burnup': 100.0, 'chunk_steps': 2}, cached []
  C9-24: archive EFPD 2570 d, 10 depletion solves, c_max 1852 ppm
  C9-27: archive EFPD 2373 d, 10 depletion solves, c_max 1633 ppm
  openmc 0.15.3, chain /home/diogo/openmc_data/chain_endfb71_pwr.xml
[d24] 3D hardware core, 8 layers, 14 fuel segments, 96 depletable materials, seed 448550342, transport {'particles': 10000, 'batches': 100, 'inactive': 50}, end of cycle relative, ratio 0.95220
                                %%%%%%%%%%%%%%%
                           %%%%%%%%%%%%%%%%%%%%%%%%
                        %%%%%%%%%%%%%%%%%%%%%%%%%%%%%%
                      %%%%%%%%%%%%%%%%%%%%%%%%%%%%%%%%%%
                    %%%%%%%%%%%%%%%%%%%%%%%%%%%%%%%%%%%%%%
                   %%%%%%%%%%%%%%%%%%%%%%%%%%%%%%%%%%%%%%%%
                                    %%%%%%%%%%%%%%%%%%%%%%%%
                                     %%%%%%%%%%%%%%%%%%%%%%%%
                 ###############      %%%%%%%%%%%%%%%%%%%%%%%%
                ##################     %%%%%%%%%%%%%%%%%%%%%%%
                ###################     %%%%%%%%%%%%%%%%%%%%%%%
                ####################     %%%%%%%%%%%%%%%%%%%%%%
                #####################     %%%%%%%%%%%%%%%%%%%%%
                ######################     %%%%%%%%%%%%%%%%%%%%
                #######################     %%%%%%%%%%%%%%%%%%
                 #######################     %%%%%%%%%%%%%%%%%
                 ######################     %%%%%%%%%%%%%%%%%
                  ####################     %%%%%%%%%%%%%%%%%
                    #################     %%%%%%%%%%%%%%%%%
                     ###############     %%%%%%%%%%%%%%%%
                       ############     %%%%%%%%%%%%%%%
                          ########     %%%%%%%%%%%%%%
                                      %%%%%%%%%%%

                 | The OpenMC Monte Carlo Code
       Copyright | 2011-2025 MIT, UChicago Argonne LLC, and contributors
         License | https://docs.openmc.org/en/latest/license.html
         Version | 0.15.3
     Commit Hash | 27e38e894697bb32a1dac7848d2618818b6b8daf
       Date/Time | 2026-09-26 20:23:45
   MPI Processes | 1
  OpenMP Threads | 64

 Reading settings XML file...
 Reading cross sections XML file...
 Reading chain file: /home/diogo/openmc_data/chain_endfb71_pwr.xml...
 Reading materials XML file...
 Reading geometry XML file...
 Reading H1 from /home/diogo/openmc_data/endfb-vii.1-hdf5/neutron/H1.h5
 Reading H2 from /home/diogo/openmc_data/endfb-vii.1-hdf5/neutron/H2.h5
 Reading B10 from /home/diogo/openmc_data/endfb-vii.1-hdf5/neutron/B10.h5
 Reading B11 from /home/diogo/openmc_data/endfb-vii.1-hdf5/neutron/B11.h5
 Reading O16 from /home/diogo/openmc_data/endfb-vii.1-hdf5/neutron/O16.h5
 Reading O17 from /home/diogo/openmc_data/endfb-vii.1-hdf5/neutron/O17.h5
 Reading Cr50 from /home/diogo/openmc_data/endfb-vii.1-hdf5/neutron/Cr50.h5
 Reading Cr52 from /home/diogo/openmc_data/endfb-vii.1-hdf5/neutron/Cr52.h5
 Reading Cr53 from /home/diogo/openmc_data/endfb-vii.1-hdf5/neutron/Cr53.h5
 Reading Cr54 from /home/diogo/openmc_data/endfb-vii.1-hdf5/neutron/Cr54.h5
 Reading Mn55 from /home/diogo/openmc_data/endfb-vii.1-hdf5/neutron/Mn55.h5
 Reading Fe54 from /home/diogo/openmc_data/endfb-vii.1-hdf5/neutron/Fe54.h5
 Reading Fe56 from /home/diogo/openmc_data/endfb-vii.1-hdf5/neutron/Fe56.h5
 Reading Fe57 from /home/diogo/openmc_data/endfb-vii.1-hdf5/neutron/Fe57.h5
 Reading Fe58 from /home/diogo/openmc_data/endfb-vii.1-hdf5/neutron/Fe58.h5
 Reading Ni58 from /home/diogo/openmc_data/endfb-vii.1-hdf5/neutron/Ni58.h5
 Reading Ni60 from /home/diogo/openmc_data/endfb-vii.1-hdf5/neutron/Ni60.h5
 Reading Ni61 from /home/diogo/openmc_data/endfb-vii.1-hdf5/neutron/Ni61.h5
 Reading Ni62 from /home/diogo/openmc_data/endfb-vii.1-hdf5/neutron/Ni62.h5
 Reading Ni64 from /home/diogo/openmc_data/endfb-vii.1-hdf5/neutron/Ni64.h5
 Reading Zr90 from /home/diogo/openmc_data/endfb-vii.1-hdf5/neutron/Zr90.h5
 Reading Zr91 from /home/diogo/openmc_data/endfb-vii.1-hdf5/neutron/Zr91.h5
 Reading Zr92 from /home/diogo/openmc_data/endfb-vii.1-hdf5/neutron/Zr92.h5
 Reading Zr94 from /home/diogo/openmc_data/endfb-vii.1-hdf5/neutron/Zr94.h5
 Reading Zr96 from /home/diogo/openmc_data/endfb-vii.1-hdf5/neutron/Zr96.h5
 Reading Sn112 from /home/diogo/openmc_data/endfb-vii.1-hdf5/neutron/Sn112.h5
 Reading Sn114 from /home/diogo/openmc_data/endfb-vii.1-hdf5/neutron/Sn114.h5
 Reading Sn115 from /home/diogo/openmc_data/endfb-vii.1-hdf5/neutron/Sn115.h5
 Reading Sn116 from /home/diogo/openmc_data/endfb-vii.1-hdf5/neutron/Sn116.h5
 Reading Sn117 from /home/diogo/openmc_data/endfb-vii.1-hdf5/neutron/Sn117.h5
 Reading Sn118 from /home/diogo/openmc_data/endfb-vii.1-hdf5/neutron/Sn118.h5
 Reading Sn119 from /home/diogo/openmc_data/endfb-vii.1-hdf5/neutron/Sn119.h5
 Reading Sn120 from /home/diogo/openmc_data/endfb-vii.1-hdf5/neutron/Sn120.h5
 Reading Sn122 from /home/diogo/openmc_data/endfb-vii.1-hdf5/neutron/Sn122.h5
 Reading Sn124 from /home/diogo/openmc_data/endfb-vii.1-hdf5/neutron/Sn124.h5
 Reading He3 from /home/diogo/openmc_data/endfb-vii.1-hdf5/neutron/He3.h5
 Reading He4 from /home/diogo/openmc_data/endfb-vii.1-hdf5/neutron/He4.h5
 Reading U234 from /home/diogo/openmc_data/endfb-vii.1-hdf5/neutron/U234.h5
 Reading U235 from /home/diogo/openmc_data/endfb-vii.1-hdf5/neutron/U235.h5
 Reading U238 from /home/diogo/openmc_data/endfb-vii.1-hdf5/neutron/U238.h5
 Reading Gd152 from /home/diogo/openmc_data/endfb-vii.1-hdf5/neutron/Gd152.h5
 Reading Gd154 from /home/diogo/openmc_data/endfb-vii.1-hdf5/neutron/Gd154.h5
 Reading Gd155 from /home/diogo/openmc_data/endfb-vii.1-hdf5/neutron/Gd155.h5
 Reading Gd156 from /home/diogo/openmc_data/endfb-vii.1-hdf5/neutron/Gd156.h5
 Reading Gd157 from /home/diogo/openmc_data/endfb-vii.1-hdf5/neutron/Gd157.h5
 Reading Gd158 from /home/diogo/openmc_data/endfb-vii.1-hdf5/neutron/Gd158.h5
 Reading Gd160 from /home/diogo/openmc_data/endfb-vii.1-hdf5/neutron/Gd160.h5
 Reading Si28 from /home/diogo/openmc_data/endfb-vii.1-hdf5/neutron/Si28.h5
 Reading Si29 from /home/diogo/openmc_data/endfb-vii.1-hdf5/neutron/Si29.h5
 Reading Si30 from /home/diogo/openmc_data/endfb-vii.1-hdf5/neutron/Si30.h5
 Reading Ag107 from /home/diogo/openmc_data/endfb-vii.1-hdf5/neutron/Ag107.h5
 Reading Ag109 from /home/diogo/openmc_data/endfb-vii.1-hdf5/neutron/Ag109.h5
 Reading Cd106 from /home/diogo/openmc_data/endfb-vii.1-hdf5/neutron/Cd106.h5
 WARNING: Negative value(s) found on probability table for nuclide Cd106 at 294K
 WARNING: Negative value(s) found on probability table for nuclide Cd106 at 600K
 WARNING: Negative value(s) found on probability table for nuclide Cd106 at 900K
 WARNING: Negative value(s) found on probability table for nuclide Cd106 at
          1200K
 WARNING: Negative value(s) found on probability table for nuclide Cd106 at
          2500K
 Reading Cd108 from /home/diogo/openmc_data/endfb-vii.1-hdf5/neutron/Cd108.h5
 Reading Cd110 from /home/diogo/openmc_data/endfb-vii.1-hdf5/neutron/Cd110.h5
 Reading Cd111 from /home/diogo/openmc_data/endfb-vii.1-hdf5/neutron/Cd111.h5
 Reading Cd112 from /home/diogo/openmc_data/endfb-vii.1-hdf5/neutron/Cd112.h5
 Reading Cd113 from /home/diogo/openmc_data/endfb-vii.1-hdf5/neutron/Cd113.h5
 Reading Cd114 from /home/diogo/openmc_data/endfb-vii.1-hdf5/neutron/Cd114.h5
 Reading Cd116 from /home/diogo/openmc_data/endfb-vii.1-hdf5/neutron/Cd116.h5
 Reading In113 from /home/diogo/openmc_data/endfb-vii.1-hdf5/neutron/In113.h5
 Reading In115 from /home/diogo/openmc_data/endfb-vii.1-hdf5/neutron/In115.h5
 Reading c_H_in_H2O from
 /home/diogo/openmc_data/endfb-vii.1-hdf5/neutron/c_H_in_H2O.h5
 Minimum neutron data temperature: 294 K
 Maximum neutron data temperature: 2500 K
 Reading tallies XML file...
 Preparing distributed cell instances...
 Reading plot XML file...
 Writing summary.h5 file...
[openmc.deplete] t=0.0 s, dt=4327203.051553669 s, source=47530403.312130906
 Reading H3 from /home/diogo/openmc_data/endfb-vii.1-hdf5/neutron/H3.h5
 Reading Li6 from /home/diogo/openmc_data/endfb-vii.1-hdf5/neutron/Li6.h5
 Reading Li7 from /home/diogo/openmc_data/endfb-vii.1-hdf5/neutron/Li7.h5
 Reading Be9 from /home/diogo/openmc_data/endfb-vii.1-hdf5/neutron/Be9.h5
 Reading N14 from /home/diogo/openmc_data/endfb-vii.1-hdf5/neutron/N14.h5
 Reading N15 from /home/diogo/openmc_data/endfb-vii.1-hdf5/neutron/N15.h5
 Reading F19 from /home/diogo/openmc_data/endfb-vii.1-hdf5/neutron/F19.h5
 Reading Na22 from /home/diogo/openmc_data/endfb-vii.1-hdf5/neutron/Na22.h5
 WARNING: Negative value(s) found on probability table for nuclide Na22 at 250K
 WARNING: Negative value(s) found on probability table for nuclide Na22 at 294K
 WARNING: Negative value(s) found on probability table for nuclide Na22 at 600K
 WARNING: Negative value(s) found on probability table for nuclide Na22 at 900K
 WARNING: Negative value(s) found on probability table for nuclide Na22 at 1200K
 WARNING: Negative value(s) found on probability table for nuclide Na22 at 2500K
 Reading Na23 from /home/diogo/openmc_data/endfb-vii.1-hdf5/neutron/Na23.h5
 Reading Mg24 from /home/diogo/openmc_data/endfb-vii.1-hdf5/neutron/Mg24.h5
 Reading Mg25 from /home/diogo/openmc_data/endfb-vii.1-hdf5/neutron/Mg25.h5
 Reading Mg26 from /home/diogo/openmc_data/endfb-vii.1-hdf5/neutron/Mg26.h5
 Reading Al27 from /home/diogo/openmc_data/endfb-vii.1-hdf5/neutron/Al27.h5
 Reading P31 from /home/diogo/openmc_data/endfb-vii.1-hdf5/neutron/P31.h5
 Reading S32 from /home/diogo/openmc_data/endfb-vii.1-hdf5/neutron/S32.h5
 Reading S33 from /home/diogo/openmc_data/endfb-vii.1-hdf5/neutron/S33.h5
 Reading S34 from /home/diogo/openmc_data/endfb-vii.1-hdf5/neutron/S34.h5
 Reading S36 from /home/diogo/openmc_data/endfb-vii.1-hdf5/neutron/S36.h5
 Reading Cl35 from /home/diogo/openmc_data/endfb-vii.1-hdf5/neutron/Cl35.h5
 Reading Cl37 from /home/diogo/openmc_data/endfb-vii.1-hdf5/neutron/Cl37.h5
 Reading Ar36 from /home/diogo/openmc_data/endfb-vii.1-hdf5/neutron/Ar36.h5
 WARNING: Negative value(s) found on probability table for nuclide Ar36 at 250K
 WARNING: Negative value(s) found on probability table for nuclide Ar36 at 294K
 WARNING: Negative value(s) found on probability table for nuclide Ar36 at 600K
 WARNING: Negative value(s) found on probability table for nuclide Ar36 at 900K
 WARNING: Negative value(s) found on probability table for nuclide Ar36 at 1200K
 WARNING: Negative value(s) found on probability table for nuclide Ar36 at 2500K
 Reading Ar38 from /home/diogo/openmc_data/endfb-vii.1-hdf5/neutron/Ar38.h5
 Reading Ar40 from /home/diogo/openmc_data/endfb-vii.1-hdf5/neutron/Ar40.h5
 Reading K39 from /home/diogo/openmc_data/endfb-vii.1-hdf5/neutron/K39.h5
 Reading K40 from /home/diogo/openmc_data/endfb-vii.1-hdf5/neutron/K40.h5
 Reading K41 from /home/diogo/openmc_data/endfb-vii.1-hdf5/neutron/K41.h5
 Reading Ca40 from /home/diogo/openmc_data/endfb-vii.1-hdf5/neutron/Ca40.h5
 Reading Ca42 from /home/diogo/openmc_data/endfb-vii.1-hdf5/neutron/Ca42.h5
 Reading Ca43 from /home/diogo/openmc_data/endfb-vii.1-hdf5/neutron/Ca43.h5
 Reading Ca44 from /home/diogo/openmc_data/endfb-vii.1-hdf5/neutron/Ca44.h5
 Reading Ca46 from /home/diogo/openmc_data/endfb-vii.1-hdf5/neutron/Ca46.h5
 Reading Ca48 from /home/diogo/openmc_data/endfb-vii.1-hdf5/neutron/Ca48.h5
 Reading Sc45 from /home/diogo/openmc_data/endfb-vii.1-hdf5/neutron/Sc45.h5
 Reading Ti46 from /home/diogo/openmc_data/endfb-vii.1-hdf5/neutron/Ti46.h5
 Reading Ti47 from /home/diogo/openmc_data/endfb-vii.1-hdf5/neutron/Ti47.h5
 Reading Ti48 from /home/diogo/openmc_data/endfb-vii.1-hdf5/neutron/Ti48.h5
 Reading Ti49 from /home/diogo/openmc_data/endfb-vii.1-hdf5/neutron/Ti49.h5
 Reading Ti50 from /home/diogo/openmc_data/endfb-vii.1-hdf5/neutron/Ti50.h5
 Reading V50 from /home/diogo/openmc_data/endfb-vii.1-hdf5/neutron/V50.h5
 Reading V51 from /home/diogo/openmc_data/endfb-vii.1-hdf5/neutron/V51.h5
 Reading Co58 from /home/diogo/openmc_data/endfb-vii.1-hdf5/neutron/Co58.h5
 Reading Co58_m1 from
 /home/diogo/openmc_data/endfb-vii.1-hdf5/neutron/Co58_m1.h5
 Reading Co59 from /home/diogo/openmc_data/endfb-vii.1-hdf5/neutron/Co59.h5
 Reading Ni59 from /home/diogo/openmc_data/endfb-vii.1-hdf5/neutron/Ni59.h5
 Reading Cu63 from /home/diogo/openmc_data/endfb-vii.1-hdf5/neutron/Cu63.h5
 Reading Cu65 from /home/diogo/openmc_data/endfb-vii.1-hdf5/neutron/Cu65.h5
 Reading Zn64 from /home/diogo/openmc_data/endfb-vii.1-hdf5/neutron/Zn64.h5
 Reading Zn65 from /home/diogo/openmc_data/endfb-vii.1-hdf5/neutron/Zn65.h5
 Reading Zn66 from /home/diogo/openmc_data/endfb-vii.1-hdf5/neutron/Zn66.h5
 Reading Zn67 from /home/diogo/openmc_data/endfb-vii.1-hdf5/neutron/Zn67.h5
 Reading Zn68 from /home/diogo/openmc_data/endfb-vii.1-hdf5/neutron/Zn68.h5
 Reading Zn70 from /home/diogo/openmc_data/endfb-vii.1-hdf5/neutron/Zn70.h5
 Reading Ga69 from /home/diogo/openmc_data/endfb-vii.1-hdf5/neutron/Ga69.h5
 Reading Ga71 from /home/diogo/openmc_data/endfb-vii.1-hdf5/neutron/Ga71.h5
 Reading Ge70 from /home/diogo/openmc_data/endfb-vii.1-hdf5/neutron/Ge70.h5
 Reading Ge72 from /home/diogo/openmc_data/endfb-vii.1-hdf5/neutron/Ge72.h5
 Reading Ge73 from /home/diogo/openmc_data/endfb-vii.1-hdf5/neutron/Ge73.h5
 Reading Ge74 from /home/diogo/openmc_data/endfb-vii.1-hdf5/neutron/Ge74.h5
 Reading Ge76 from /home/diogo/openmc_data/endfb-vii.1-hdf5/neutron/Ge76.h5
 Reading As74 from /home/diogo/openmc_data/endfb-vii.1-hdf5/neutron/As74.h5
 Reading As75 from /home/diogo/openmc_data/endfb-vii.1-hdf5/neutron/As75.h5
 Reading Se74 from /home/diogo/openmc_data/endfb-vii.1-hdf5/neutron/Se74.h5
 Reading Se76 from /home/diogo/openmc_data/endfb-vii.1-hdf5/neutron/Se76.h5
 Reading Se77 from /home/diogo/openmc_data/endfb-vii.1-hdf5/neutron/Se77.h5
 Reading Se78 from /home/diogo/openmc_data/endfb-vii.1-hdf5/neutron/Se78.h5
 Reading Se79 from /home/diogo/openmc_data/endfb-vii.1-hdf5/neutron/Se79.h5
 WARNING: Negative value(s) found on probability table for nuclide Se79 at 250K
 WARNING: Negative value(s) found on probability table for nuclide Se79 at 294K
 WARNING: Negative value(s) found on probability table for nuclide Se79 at 600K
 WARNING: Negative value(s) found on probability table for nuclide Se79 at 900K
 WARNING: Negative value(s) found on probability table for nuclide Se79 at 1200K
 Reading Se80 from /home/diogo/openmc_data/endfb-vii.1-hdf5/neutron/Se80.h5
 Reading Se82 from /home/diogo/openmc_data/endfb-vii.1-hdf5/neutron/Se82.h5
 Reading Br79 from /home/diogo/openmc_data/endfb-vii.1-hdf5/neutron/Br79.h5
 Reading Br81 from /home/diogo/openmc_data/endfb-vii.1-hdf5/neutron/Br81.h5
 Reading Kr78 from /home/diogo/openmc_data/endfb-vii.1-hdf5/neutron/Kr78.h5
 Reading Kr80 from /home/diogo/openmc_data/endfb-vii.1-hdf5/neutron/Kr80.h5
 Reading Kr82 from /home/diogo/openmc_data/endfb-vii.1-hdf5/neutron/Kr82.h5
 Reading Kr83 from /home/diogo/openmc_data/endfb-vii.1-hdf5/neutron/Kr83.h5
 Reading Kr84 from /home/diogo/openmc_data/endfb-vii.1-hdf5/neutron/Kr84.h5
 Reading Kr85 from /home/diogo/openmc_data/endfb-vii.1-hdf5/neutron/Kr85.h5
 Reading Kr86 from /home/diogo/openmc_data/endfb-vii.1-hdf5/neutron/Kr86.h5
 Reading Rb85 from /home/diogo/openmc_data/endfb-vii.1-hdf5/neutron/Rb85.h5
 Reading Rb86 from /home/diogo/openmc_data/endfb-vii.1-hdf5/neutron/Rb86.h5
 Reading Rb87 from /home/diogo/openmc_data/endfb-vii.1-hdf5/neutron/Rb87.h5
 Reading Sr84 from /home/diogo/openmc_data/endfb-vii.1-hdf5/neutron/Sr84.h5
 Reading Sr86 from /home/diogo/openmc_data/endfb-vii.1-hdf5/neutron/Sr86.h5
 Reading Sr87 from /home/diogo/openmc_data/endfb-vii.1-hdf5/neutron/Sr87.h5
 Reading Sr88 from /home/diogo/openmc_data/endfb-vii.1-hdf5/neutron/Sr88.h5
 Reading Sr89 from /home/diogo/openmc_data/endfb-vii.1-hdf5/neutron/Sr89.h5
 Reading Sr90 from /home/diogo/openmc_data/endfb-vii.1-hdf5/neutron/Sr90.h5
 Reading Y89 from /home/diogo/openmc_data/endfb-vii.1-hdf5/neutron/Y89.h5
 Reading Y90 from /home/diogo/openmc_data/endfb-vii.1-hdf5/neutron/Y90.h5
 Reading Y91 from /home/diogo/openmc_data/endfb-vii.1-hdf5/neutron/Y91.h5
 Reading Zr93 from /home/diogo/openmc_data/endfb-vii.1-hdf5/neutron/Zr93.h5
 Reading Zr95 from /home/diogo/openmc_data/endfb-vii.1-hdf5/neutron/Zr95.h5
 Reading Nb93 from /home/diogo/openmc_data/endfb-vii.1-hdf5/neutron/Nb93.h5
 Reading Nb94 from /home/diogo/openmc_data/endfb-vii.1-hdf5/neutron/Nb94.h5
 WARNING: Negative value(s) found on probability table for nuclide Nb94 at 250K
 WARNING: Negative value(s) found on probability table for nuclide Nb94 at 294K
 WARNING: Negative value(s) found on probability table for nuclide Nb94 at 600K
 WARNING: Negative value(s) found on probability table for nuclide Nb94 at 900K
 WARNING: Negative value(s) found on probability table for nuclide Nb94 at 1200K
 WARNING: Negative value(s) found on probability table for nuclide Nb94 at 2500K
 Reading Nb95 from /home/diogo/openmc_data/endfb-vii.1-hdf5/neutron/Nb95.h5
 WARNING: Negative value(s) found on probability table for nuclide Nb95 at 250K
 WARNING: Negative value(s) found on probability table for nuclide Nb95 at 294K
 WARNING: Negative value(s) found on probability table for nuclide Nb95 at 600K
 WARNING: Negative value(s) found on probability table for nuclide Nb95 at 900K
 WARNING: Negative value(s) found on probability table for nuclide Nb95 at 1200K
 Reading Mo92 from /home/diogo/openmc_data/endfb-vii.1-hdf5/neutron/Mo92.h5
 Reading Mo94 from /home/diogo/openmc_data/endfb-vii.1-hdf5/neutron/Mo94.h5
 Reading Mo95 from /home/diogo/openmc_data/endfb-vii.1-hdf5/neutron/Mo95.h5
 Reading Mo96 from /home/diogo/openmc_data/endfb-vii.1-hdf5/neutron/Mo96.h5
 Reading Mo97 from /home/diogo/openmc_data/endfb-vii.1-hdf5/neutron/Mo97.h5
 Reading Mo98 from /home/diogo/openmc_data/endfb-vii.1-hdf5/neutron/Mo98.h5
 Reading Mo99 from /home/diogo/openmc_data/endfb-vii.1-hdf5/neutron/Mo99.h5
 WARNING: Negative value(s) found on probability table for nuclide Mo99 at 250K
 WARNING: Negative value(s) found on probability table for nuclide Mo99 at 294K
 WARNING: Negative value(s) found on probability table for nuclide Mo99 at 600K
 WARNING: Negative value(s) found on probability table for nuclide Mo99 at 900K
 WARNING: Negative value(s) found on probability table for nuclide Mo99 at 1200K
 WARNING: Negative value(s) found on probability table for nuclide Mo99 at 2500K
 Reading Mo100 from /home/diogo/openmc_data/endfb-vii.1-hdf5/neutron/Mo100.h5
 Reading Tc99 from /home/diogo/openmc_data/endfb-vii.1-hdf5/neutron/Tc99.h5
 Reading Ru96 from /home/diogo/openmc_data/endfb-vii.1-hdf5/neutron/Ru96.h5
 Reading Ru98 from /home/diogo/openmc_data/endfb-vii.1-hdf5/neutron/Ru98.h5
 Reading Ru99 from /home/diogo/openmc_data/endfb-vii.1-hdf5/neutron/Ru99.h5
 Reading Ru100 from /home/diogo/openmc_data/endfb-vii.1-hdf5/neutron/Ru100.h5
 Reading Ru101 from /home/diogo/openmc_data/endfb-vii.1-hdf5/neutron/Ru101.h5
 Reading Ru102 from /home/diogo/openmc_data/endfb-vii.1-hdf5/neutron/Ru102.h5
 Reading Ru103 from /home/diogo/openmc_data/endfb-vii.1-hdf5/neutron/Ru103.h5
 Reading Ru104 from /home/diogo/openmc_data/endfb-vii.1-hdf5/neutron/Ru104.h5
 Reading Ru105 from /home/diogo/openmc_data/endfb-vii.1-hdf5/neutron/Ru105.h5
 Reading Ru106 from /home/diogo/openmc_data/endfb-vii.1-hdf5/neutron/Ru106.h5
 Reading Rh103 from /home/diogo/openmc_data/endfb-vii.1-hdf5/neutron/Rh103.h5
 Reading Rh105 from /home/diogo/openmc_data/endfb-vii.1-hdf5/neutron/Rh105.h5
 Reading Pd102 from /home/diogo/openmc_data/endfb-vii.1-hdf5/neutron/Pd102.h5
 Reading Pd104 from /home/diogo/openmc_data/endfb-vii.1-hdf5/neutron/Pd104.h5
 Reading Pd105 from /home/diogo/openmc_data/endfb-vii.1-hdf5/neutron/Pd105.h5
 Reading Pd106 from /home/diogo/openmc_data/endfb-vii.1-hdf5/neutron/Pd106.h5
 Reading Pd107 from /home/diogo/openmc_data/endfb-vii.1-hdf5/neutron/Pd107.h5
 Reading Pd108 from /home/diogo/openmc_data/endfb-vii.1-hdf5/neutron/Pd108.h5
 Reading Pd110 from /home/diogo/openmc_data/endfb-vii.1-hdf5/neutron/Pd110.h5
 Reading Ag110_m1 from
 /home/diogo/openmc_data/endfb-vii.1-hdf5/neutron/Ag110_m1.h5
 Reading Ag111 from /home/diogo/openmc_data/endfb-vii.1-hdf5/neutron/Ag111.h5
 Reading Cd115_m1 from
 /home/diogo/openmc_data/endfb-vii.1-hdf5/neutron/Cd115_m1.h5
 Reading Sn113 from /home/diogo/openmc_data/endfb-vii.1-hdf5/neutron/Sn113.h5
 Reading Sn123 from /home/diogo/openmc_data/endfb-vii.1-hdf5/neutron/Sn123.h5
 WARNING: Negative value(s) found on probability table for nuclide Sn123 at 250K
 WARNING: Negative value(s) found on probability table for nuclide Sn123 at 294K
 WARNING: Negative value(s) found on probability table for nuclide Sn123 at 600K
 WARNING: Negative value(s) found on probability table for nuclide Sn123 at 900K
 WARNING: Negative value(s) found on probability table for nuclide Sn123 at
          1200K
 WARNING: Negative value(s) found on probability table for nuclide Sn123 at
          2500K
 Reading Sn125 from /home/diogo/openmc_data/endfb-vii.1-hdf5/neutron/Sn125.h5
 Reading Sn126 from /home/diogo/openmc_data/endfb-vii.1-hdf5/neutron/Sn126.h5
 Reading Sb121 from /home/diogo/openmc_data/endfb-vii.1-hdf5/neutron/Sb121.h5
 Reading Sb123 from /home/diogo/openmc_data/endfb-vii.1-hdf5/neutron/Sb123.h5
 Reading Sb124 from /home/diogo/openmc_data/endfb-vii.1-hdf5/neutron/Sb124.h5
 Reading Sb125 from /home/diogo/openmc_data/endfb-vii.1-hdf5/neutron/Sb125.h5
 Reading Sb126 from /home/diogo/openmc_data/endfb-vii.1-hdf5/neutron/Sb126.h5
 Reading Te120 from /home/diogo/openmc_data/endfb-vii.1-hdf5/neutron/Te120.h5
 WARNING: Negative value(s) found on probability table for nuclide Te120 at 600K
 WARNING: Negative value(s) found on probability table for nuclide Te120 at 900K
 WARNING: Negative value(s) found on probability table for nuclide Te120 at
          1200K
 WARNING: Negative value(s) found on probability table for nuclide Te120 at
          2500K
 Reading Te122 from /home/diogo/openmc_data/endfb-vii.1-hdf5/neutron/Te122.h5
 Reading Te123 from /home/diogo/openmc_data/endfb-vii.1-hdf5/neutron/Te123.h5
 Reading Te124 from /home/diogo/openmc_data/endfb-vii.1-hdf5/neutron/Te124.h5
 Reading Te125 from /home/diogo/openmc_data/endfb-vii.1-hdf5/neutron/Te125.h5
 Reading Te126 from /home/diogo/openmc_data/endfb-vii.1-hdf5/neutron/Te126.h5
 Reading Te127_m1 from
 /home/diogo/openmc_data/endfb-vii.1-hdf5/neutron/Te127_m1.h5
 Reading Te128 from /home/diogo/openmc_data/endfb-vii.1-hdf5/neutron/Te128.h5
 Reading Te129_m1 from
 /home/diogo/openmc_data/endfb-vii.1-hdf5/neutron/Te129_m1.h5
 Reading Te130 from /home/diogo/openmc_data/endfb-vii.1-hdf5/neutron/Te130.h5
 Reading Te132 from /home/diogo/openmc_data/endfb-vii.1-hdf5/neutron/Te132.h5
 Reading I127 from /home/diogo/openmc_data/endfb-vii.1-hdf5/neutron/I127.h5
 Reading I129 from /home/diogo/openmc_data/endfb-vii.1-hdf5/neutron/I129.h5
 Reading I130 from /home/diogo/openmc_data/endfb-vii.1-hdf5/neutron/I130.h5
 Reading I131 from /home/diogo/openmc_data/endfb-vii.1-hdf5/neutron/I131.h5
 WARNING: Negative value(s) found on probability table for nuclide I131 at 250K
 WARNING: Negative value(s) found on probability table for nuclide I131 at 294K
 WARNING: Negative value(s) found on probability table for nuclide I131 at 600K
 WARNING: Negative value(s) found on probability table for nuclide I131 at 900K
 WARNING: Negative value(s) found on probability table for nuclide I131 at 1200K
 WARNING: Negative value(s) found on probability table for nuclide I131 at 2500K
 Reading I135 from /home/diogo/openmc_data/endfb-vii.1-hdf5/neutron/I135.h5
 Reading Xe123 from /home/diogo/openmc_data/endfb-vii.1-hdf5/neutron/Xe123.h5
 Reading Xe124 from /home/diogo/openmc_data/endfb-vii.1-hdf5/neutron/Xe124.h5
 Reading Xe126 from /home/diogo/openmc_data/endfb-vii.1-hdf5/neutron/Xe126.h5
 Reading Xe128 from /home/diogo/openmc_data/endfb-vii.1-hdf5/neutron/Xe128.h5
 Reading Xe129 from /home/diogo/openmc_data/endfb-vii.1-hdf5/neutron/Xe129.h5
 Reading Xe130 from /home/diogo/openmc_data/endfb-vii.1-hdf5/neutron/Xe130.h5
 Reading Xe131 from /home/diogo/openmc_data/endfb-vii.1-hdf5/neutron/Xe131.h5
 Reading Xe132 from /home/diogo/openmc_data/endfb-vii.1-hdf5/neutron/Xe132.h5
 Reading Xe133 from /home/diogo/openmc_data/endfb-vii.1-hdf5/neutron/Xe133.h5
 WARNING: Negative value(s) found on probability table for nuclide Xe133 at
          2500K
 Reading Xe134 from /home/diogo/openmc_data/endfb-vii.1-hdf5/neutron/Xe134.h5
 Reading Xe135 from /home/diogo/openmc_data/endfb-vii.1-hdf5/neutron/Xe135.h5
 Reading Xe136 from /home/diogo/openmc_data/endfb-vii.1-hdf5/neutron/Xe136.h5
 Reading Cs133 from /home/diogo/openmc_data/endfb-vii.1-hdf5/neutron/Cs133.h5
 Reading Cs134 from /home/diogo/openmc_data/endfb-vii.1-hdf5/neutron/Cs134.h5
 Reading Cs135 from /home/diogo/openmc_data/endfb-vii.1-hdf5/neutron/Cs135.h5
 Reading Cs136 from /home/diogo/openmc_data/endfb-vii.1-hdf5/neutron/Cs136.h5
 WARNING: Negative value(s) found on probability table for nuclide Cs136 at 250K
 WARNING: Negative value(s) found on probability table for nuclide Cs136 at 294K
 WARNING: Negative value(s) found on probability table for nuclide Cs136 at 600K
 WARNING: Negative value(s) found on probability table for nuclide Cs136 at 900K
 WARNING: Negative value(s) found on probability table for nuclide Cs136 at
          1200K
 WARNING: Negative value(s) found on probability table for nuclide Cs136 at
          2500K
 Reading Cs137 from /home/diogo/openmc_data/endfb-vii.1-hdf5/neutron/Cs137.h5
 Reading Ba130 from /home/diogo/openmc_data/endfb-vii.1-hdf5/neutron/Ba130.h5
 Reading Ba132 from /home/diogo/openmc_data/endfb-vii.1-hdf5/neutron/Ba132.h5
 Reading Ba133 from /home/diogo/openmc_data/endfb-vii.1-hdf5/neutron/Ba133.h5
 Reading Ba134 from /home/diogo/openmc_data/endfb-vii.1-hdf5/neutron/Ba134.h5
 Reading Ba135 from /home/diogo/openmc_data/endfb-vii.1-hdf5/neutron/Ba135.h5
 Reading Ba136 from /home/diogo/openmc_data/endfb-vii.1-hdf5/neutron/Ba136.h5
 Reading Ba137 from /home/diogo/openmc_data/endfb-vii.1-hdf5/neutron/Ba137.h5
 Reading Ba138 from /home/diogo/openmc_data/endfb-vii.1-hdf5/neutron/Ba138.h5
 Reading Ba140 from /home/diogo/openmc_data/endfb-vii.1-hdf5/neutron/Ba140.h5
 Reading La138 from /home/diogo/openmc_data/endfb-vii.1-hdf5/neutron/La138.h5
 Reading La139 from /home/diogo/openmc_data/endfb-vii.1-hdf5/neutron/La139.h5
 Reading La140 from /home/diogo/openmc_data/endfb-vii.1-hdf5/neutron/La140.h5
 Reading Ce136 from /home/diogo/openmc_data/endfb-vii.1-hdf5/neutron/Ce136.h5
 Reading Ce138 from /home/diogo/openmc_data/endfb-vii.1-hdf5/neutron/Ce138.h5
 Reading Ce139 from /home/diogo/openmc_data/endfb-vii.1-hdf5/neutron/Ce139.h5
 Reading Ce140 from /home/diogo/openmc_data/endfb-vii.1-hdf5/neutron/Ce140.h5
 Reading Ce141 from /home/diogo/openmc_data/endfb-vii.1-hdf5/neutron/Ce141.h5
 Reading Ce142 from /home/diogo/openmc_data/endfb-vii.1-hdf5/neutron/Ce142.h5
 Reading Ce143 from /home/diogo/openmc_data/endfb-vii.1-hdf5/neutron/Ce143.h5
 Reading Ce144 from /home/diogo/openmc_data/endfb-vii.1-hdf5/neutron/Ce144.h5
 Reading Pr141 from /home/diogo/openmc_data/endfb-vii.1-hdf5/neutron/Pr141.h5
 Reading Pr142 from /home/diogo/openmc_data/endfb-vii.1-hdf5/neutron/Pr142.h5
 Reading Pr143 from /home/diogo/openmc_data/endfb-vii.1-hdf5/neutron/Pr143.h5
 Reading Nd142 from /home/diogo/openmc_data/endfb-vii.1-hdf5/neutron/Nd142.h5
 Reading Nd143 from /home/diogo/openmc_data/endfb-vii.1-hdf5/neutron/Nd143.h5
 Reading Nd144 from /home/diogo/openmc_data/endfb-vii.1-hdf5/neutron/Nd144.h5
 Reading Nd145 from /home/diogo/openmc_data/endfb-vii.1-hdf5/neutron/Nd145.h5
 Reading Nd146 from /home/diogo/openmc_data/endfb-vii.1-hdf5/neutron/Nd146.h5
 Reading Nd147 from /home/diogo/openmc_data/endfb-vii.1-hdf5/neutron/Nd147.h5
 Reading Nd148 from /home/diogo/openmc_data/endfb-vii.1-hdf5/neutron/Nd148.h5
 Reading Nd150 from /home/diogo/openmc_data/endfb-vii.1-hdf5/neutron/Nd150.h5
 Reading Pm147 from /home/diogo/openmc_data/endfb-vii.1-hdf5/neutron/Pm147.h5
 Reading Pm148 from /home/diogo/openmc_data/endfb-vii.1-hdf5/neutron/Pm148.h5
 Reading Pm148_m1 from
 /home/diogo/openmc_data/endfb-vii.1-hdf5/neutron/Pm148_m1.h5
 Reading Pm149 from /home/diogo/openmc_data/endfb-vii.1-hdf5/neutron/Pm149.h5
 Reading Pm151 from /home/diogo/openmc_data/endfb-vii.1-hdf5/neutron/Pm151.h5
 Reading Sm144 from /home/diogo/openmc_data/endfb-vii.1-hdf5/neutron/Sm144.h5
 Reading Sm147 from /home/diogo/openmc_data/endfb-vii.1-hdf5/neutron/Sm147.h5
 Reading Sm148 from /home/diogo/openmc_data/endfb-vii.1-hdf5/neutron/Sm148.h5
 Reading Sm149 from /home/diogo/openmc_data/endfb-vii.1-hdf5/neutron/Sm149.h5
 Reading Sm150 from /home/diogo/openmc_data/endfb-vii.1-hdf5/neutron/Sm150.h5
 Reading Sm151 from /home/diogo/openmc_data/endfb-vii.1-hdf5/neutron/Sm151.h5
 Reading Sm152 from /home/diogo/openmc_data/endfb-vii.1-hdf5/neutron/Sm152.h5
 Reading Sm153 from /home/diogo/openmc_data/endfb-vii.1-hdf5/neutron/Sm153.h5
 Reading Sm154 from /home/diogo/openmc_data/endfb-vii.1-hdf5/neutron/Sm154.h5
 Reading Eu151 from /home/diogo/openmc_data/endfb-vii.1-hdf5/neutron/Eu151.h5
 Reading Eu152 from /home/diogo/openmc_data/endfb-vii.1-hdf5/neutron/Eu152.h5
 Reading Eu153 from /home/diogo/openmc_data/endfb-vii.1-hdf5/neutron/Eu153.h5
 Reading Eu154 from /home/diogo/openmc_data/endfb-vii.1-hdf5/neutron/Eu154.h5
 Reading Eu155 from /home/diogo/openmc_data/endfb-vii.1-hdf5/neutron/Eu155.h5
 Reading Eu156 from /home/diogo/openmc_data/endfb-vii.1-hdf5/neutron/Eu156.h5
 WARNING: Negative value(s) found on probability table for nuclide Eu156 at 250K
 WARNING: Negative value(s) found on probability table for nuclide Eu156 at 294K
 WARNING: Negative value(s) found on probability table for nuclide Eu156 at 600K
 WARNING: Negative value(s) found on probability table for nuclide Eu156 at 900K
 WARNING: Negative value(s) found on probability table for nuclide Eu156 at
          1200K
 WARNING: Negative value(s) found on probability table for nuclide Eu156 at
          2500K
 Reading Eu157 from /home/diogo/openmc_data/endfb-vii.1-hdf5/neutron/Eu157.h5
 Reading Gd153 from /home/diogo/openmc_data/endfb-vii.1-hdf5/neutron/Gd153.h5
 Reading Tb159 from /home/diogo/openmc_data/endfb-vii.1-hdf5/neutron/Tb159.h5
 Reading Tb160 from /home/diogo/openmc_data/endfb-vii.1-hdf5/neutron/Tb160.h5
 Reading Dy156 from /home/diogo/openmc_data/endfb-vii.1-hdf5/neutron/Dy156.h5
 Reading Dy158 from /home/diogo/openmc_data/endfb-vii.1-hdf5/neutron/Dy158.h5
 Reading Dy160 from /home/diogo/openmc_data/endfb-vii.1-hdf5/neutron/Dy160.h5
 Reading Dy161 from /home/diogo/openmc_data/endfb-vii.1-hdf5/neutron/Dy161.h5
 Reading Dy162 from /home/diogo/openmc_data/endfb-vii.1-hdf5/neutron/Dy162.h5
 Reading Dy163 from /home/diogo/openmc_data/endfb-vii.1-hdf5/neutron/Dy163.h5
 Reading Dy164 from /home/diogo/openmc_data/endfb-vii.1-hdf5/neutron/Dy164.h5
 Reading Ho165 from /home/diogo/openmc_data/endfb-vii.1-hdf5/neutron/Ho165.h5
 Reading Ho166_m1 from
 /home/diogo/openmc_data/endfb-vii.1-hdf5/neutron/Ho166_m1.h5
 Reading Er162 from /home/diogo/openmc_data/endfb-vii.1-hdf5/neutron/Er162.h5
 Reading Er164 from /home/diogo/openmc_data/endfb-vii.1-hdf5/neutron/Er164.h5
 Reading Er166 from /home/diogo/openmc_data/endfb-vii.1-hdf5/neutron/Er166.h5
 Reading Er167 from /home/diogo/openmc_data/endfb-vii.1-hdf5/neutron/Er167.h5
 Reading Er168 from /home/diogo/openmc_data/endfb-vii.1-hdf5/neutron/Er168.h5
 Reading Er170 from /home/diogo/openmc_data/endfb-vii.1-hdf5/neutron/Er170.h5
 Reading Tm168 from /home/diogo/openmc_data/endfb-vii.1-hdf5/neutron/Tm168.h5
 Reading Tm169 from /home/diogo/openmc_data/endfb-vii.1-hdf5/neutron/Tm169.h5
 Reading Tm170 from /home/diogo/openmc_data/endfb-vii.1-hdf5/neutron/Tm170.h5
 Reading Lu175 from /home/diogo/openmc_data/endfb-vii.1-hdf5/neutron/Lu175.h5
 Reading Lu176 from /home/diogo/openmc_data/endfb-vii.1-hdf5/neutron/Lu176.h5
 Reading Hf174 from /home/diogo/openmc_data/endfb-vii.1-hdf5/neutron/Hf174.h5
 Reading Hf176 from /home/diogo/openmc_data/endfb-vii.1-hdf5/neutron/Hf176.h5
 Reading Hf177 from /home/diogo/openmc_data/endfb-vii.1-hdf5/neutron/Hf177.h5
 Reading Hf178 from /home/diogo/openmc_data/endfb-vii.1-hdf5/neutron/Hf178.h5
 Reading Hf179 from /home/diogo/openmc_data/endfb-vii.1-hdf5/neutron/Hf179.h5
 Reading Hf180 from /home/diogo/openmc_data/endfb-vii.1-hdf5/neutron/Hf180.h5
 Reading Ta180 from /home/diogo/openmc_data/endfb-vii.1-hdf5/neutron/Ta180.h5
 Reading Ta181 from /home/diogo/openmc_data/endfb-vii.1-hdf5/neutron/Ta181.h5
 Reading Ta182 from /home/diogo/openmc_data/endfb-vii.1-hdf5/neutron/Ta182.h5
 Reading W180 from /home/diogo/openmc_data/endfb-vii.1-hdf5/neutron/W180.h5
 Reading W182 from /home/diogo/openmc_data/endfb-vii.1-hdf5/neutron/W182.h5
 Reading W183 from /home/diogo/openmc_data/endfb-vii.1-hdf5/neutron/W183.h5
 Reading W184 from /home/diogo/openmc_data/endfb-vii.1-hdf5/neutron/W184.h5
 Reading W186 from /home/diogo/openmc_data/endfb-vii.1-hdf5/neutron/W186.h5
 Reading Re185 from /home/diogo/openmc_data/endfb-vii.1-hdf5/neutron/Re185.h5
 Reading Re187 from /home/diogo/openmc_data/endfb-vii.1-hdf5/neutron/Re187.h5
 Reading Ir191 from /home/diogo/openmc_data/endfb-vii.1-hdf5/neutron/Ir191.h5
 Reading Ir193 from /home/diogo/openmc_data/endfb-vii.1-hdf5/neutron/Ir193.h5
 Reading Au197 from /home/diogo/openmc_data/endfb-vii.1-hdf5/neutron/Au197.h5
 Reading Hg196 from /home/diogo/openmc_data/endfb-vii.1-hdf5/neutron/Hg196.h5
 Reading Hg198 from /home/diogo/openmc_data/endfb-vii.1-hdf5/neutron/Hg198.h5
 Reading Hg199 from /home/diogo/openmc_data/endfb-vii.1-hdf5/neutron/Hg199.h5
 Reading Hg200 from /home/diogo/openmc_data/endfb-vii.1-hdf5/neutron/Hg200.h5
 Reading Hg201 from /home/diogo/openmc_data/endfb-vii.1-hdf5/neutron/Hg201.h5
 Reading Hg202 from /home/diogo/openmc_data/endfb-vii.1-hdf5/neutron/Hg202.h5
 Reading Hg204 from /home/diogo/openmc_data/endfb-vii.1-hdf5/neutron/Hg204.h5
 Reading Tl203 from /home/diogo/openmc_data/endfb-vii.1-hdf5/neutron/Tl203.h5
 Reading Tl205 from /home/diogo/openmc_data/endfb-vii.1-hdf5/neutron/Tl205.h5
 Reading Pb204 from /home/diogo/openmc_data/endfb-vii.1-hdf5/neutron/Pb204.h5
 Reading Pb206 from /home/diogo/openmc_data/endfb-vii.1-hdf5/neutron/Pb206.h5
 Reading Pb207 from /home/diogo/openmc_data/endfb-vii.1-hdf5/neutron/Pb207.h5
 Reading Pb208 from /home/diogo/openmc_data/endfb-vii.1-hdf5/neutron/Pb208.h5
 Reading Bi209 from /home/diogo/openmc_data/endfb-vii.1-hdf5/neutron/Bi209.h5
 Reading Ra223 from /home/diogo/openmc_data/endfb-vii.1-hdf5/neutron/Ra223.h5
 Reading Ra224 from /home/diogo/openmc_data/endfb-vii.1-hdf5/neutron/Ra224.h5
 Reading Ra225 from /home/diogo/openmc_data/endfb-vii.1-hdf5/neutron/Ra225.h5
 Reading Ra226 from /home/diogo/openmc_data/endfb-vii.1-hdf5/neutron/Ra226.h5
 Reading Ac225 from /home/diogo/openmc_data/endfb-vii.1-hdf5/neutron/Ac225.h5
 Reading Ac226 from /home/diogo/openmc_data/endfb-vii.1-hdf5/neutron/Ac226.h5
 Reading Ac227 from /home/diogo/openmc_data/endfb-vii.1-hdf5/neutron/Ac227.h5
 Reading Th227 from /home/diogo/openmc_data/endfb-vii.1-hdf5/neutron/Th227.h5
 Reading Th228 from /home/diogo/openmc_data/endfb-vii.1-hdf5/neutron/Th228.h5
 Reading Th229 from /home/diogo/openmc_data/endfb-vii.1-hdf5/neutron/Th229.h5
 Reading Th230 from /home/diogo/openmc_data/endfb-vii.1-hdf5/neutron/Th230.h5
 Reading Th231 from /home/diogo/openmc_data/endfb-vii.1-hdf5/neutron/Th231.h5
 Reading Th232 from /home/diogo/openmc_data/endfb-vii.1-hdf5/neutron/Th232.h5
 Reading Th233 from /home/diogo/openmc_data/endfb-vii.1-hdf5/neutron/Th233.h5
 Reading Th234 from /home/diogo/openmc_data/endfb-vii.1-hdf5/neutron/Th234.h5
 Reading Pa229 from /home/diogo/openmc_data/endfb-vii.1-hdf5/neutron/Pa229.h5
 Reading Pa230 from /home/diogo/openmc_data/endfb-vii.1-hdf5/neutron/Pa230.h5
 Reading Pa231 from /home/diogo/openmc_data/endfb-vii.1-hdf5/neutron/Pa231.h5
 Reading Pa232 from /home/diogo/openmc_data/endfb-vii.1-hdf5/neutron/Pa232.h5
 Reading Pa233 from /home/diogo/openmc_data/endfb-vii.1-hdf5/neutron/Pa233.h5
 Reading U230 from /home/diogo/openmc_data/endfb-vii.1-hdf5/neutron/U230.h5
 Reading U231 from /home/diogo/openmc_data/endfb-vii.1-hdf5/neutron/U231.h5
 Reading U232 from /home/diogo/openmc_data/endfb-vii.1-hdf5/neutron/U232.h5
 Reading U233 from /home/diogo/openmc_data/endfb-vii.1-hdf5/neutron/U233.h5
 Reading U236 from /home/diogo/openmc_data/endfb-vii.1-hdf5/neutron/U236.h5
 Reading U237 from /home/diogo/openmc_data/endfb-vii.1-hdf5/neutron/U237.h5
 Reading U239 from /home/diogo/openmc_data/endfb-vii.1-hdf5/neutron/U239.h5
 Reading U240 from /home/diogo/openmc_data/endfb-vii.1-hdf5/neutron/U240.h5
 Reading U241 from /home/diogo/openmc_data/endfb-vii.1-hdf5/neutron/U241.h5
 Reading Np234 from /home/diogo/openmc_data/endfb-vii.1-hdf5/neutron/Np234.h5
 Reading Np235 from /home/diogo/openmc_data/endfb-vii.1-hdf5/neutron/Np235.h5
 Reading Np236 from /home/diogo/openmc_data/endfb-vii.1-hdf5/neutron/Np236.h5
 Reading Np237 from /home/diogo/openmc_data/endfb-vii.1-hdf5/neutron/Np237.h5
 Reading Np238 from /home/diogo/openmc_data/endfb-vii.1-hdf5/neutron/Np238.h5
 Reading Np239 from /home/diogo/openmc_data/endfb-vii.1-hdf5/neutron/Np239.h5
 Reading Pu236 from /home/diogo/openmc_data/endfb-vii.1-hdf5/neutron/Pu236.h5
 Reading Pu237 from /home/diogo/openmc_data/endfb-vii.1-hdf5/neutron/Pu237.h5
 Reading Pu238 from /home/diogo/openmc_data/endfb-vii.1-hdf5/neutron/Pu238.h5
 Reading Pu239 from /home/diogo/openmc_data/endfb-vii.1-hdf5/neutron/Pu239.h5
 Reading Pu240 from /home/diogo/openmc_data/endfb-vii.1-hdf5/neutron/Pu240.h5
 Reading Pu241 from /home/diogo/openmc_data/endfb-vii.1-hdf5/neutron/Pu241.h5
 Reading Pu242 from /home/diogo/openmc_data/endfb-vii.1-hdf5/neutron/Pu242.h5
 Reading Pu243 from /home/diogo/openmc_data/endfb-vii.1-hdf5/neutron/Pu243.h5
 Reading Pu244 from /home/diogo/openmc_data/endfb-vii.1-hdf5/neutron/Pu244.h5
 Reading Pu246 from /home/diogo/openmc_data/endfb-vii.1-hdf5/neutron/Pu246.h5
 Reading Am240 from /home/diogo/openmc_data/endfb-vii.1-hdf5/neutron/Am240.h5
 Reading Am241 from /home/diogo/openmc_data/endfb-vii.1-hdf5/neutron/Am241.h5
 Reading Am242 from /home/diogo/openmc_data/endfb-vii.1-hdf5/neutron/Am242.h5
 Reading Am242_m1 from
 /home/diogo/openmc_data/endfb-vii.1-hdf5/neutron/Am242_m1.h5
 Reading Am243 from /home/diogo/openmc_data/endfb-vii.1-hdf5/neutron/Am243.h5
 Reading Am244 from /home/diogo/openmc_data/endfb-vii.1-hdf5/neutron/Am244.h5
 Reading Am244_m1 from
 /home/diogo/openmc_data/endfb-vii.1-hdf5/neutron/Am244_m1.h5
 Reading Cm240 from /home/diogo/openmc_data/endfb-vii.1-hdf5/neutron/Cm240.h5
 Reading Cm241 from /home/diogo/openmc_data/endfb-vii.1-hdf5/neutron/Cm241.h5
 Reading Cm242 from /home/diogo/openmc_data/endfb-vii.1-hdf5/neutron/Cm242.h5
 Reading Cm243 from /home/diogo/openmc_data/endfb-vii.1-hdf5/neutron/Cm243.h5
 Reading Cm244 from /home/diogo/openmc_data/endfb-vii.1-hdf5/neutron/Cm244.h5
 Reading Cm245 from /home/diogo/openmc_data/endfb-vii.1-hdf5/neutron/Cm245.h5
 Reading Cm246 from /home/diogo/openmc_data/endfb-vii.1-hdf5/neutron/Cm246.h5
 Reading Cm247 from /home/diogo/openmc_data/endfb-vii.1-hdf5/neutron/Cm247.h5
 Reading Cm248 from /home/diogo/openmc_data/endfb-vii.1-hdf5/neutron/Cm248.h5
 Reading Cm249 from /home/diogo/openmc_data/endfb-vii.1-hdf5/neutron/Cm249.h5
 Reading Cm250 from /home/diogo/openmc_data/endfb-vii.1-hdf5/neutron/Cm250.h5
 Reading Bk245 from /home/diogo/openmc_data/endfb-vii.1-hdf5/neutron/Bk245.h5
 Reading Bk246 from /home/diogo/openmc_data/endfb-vii.1-hdf5/neutron/Bk246.h5
 Reading Bk247 from /home/diogo/openmc_data/endfb-vii.1-hdf5/neutron/Bk247.h5
 Reading Bk248 from /home/diogo/openmc_data/endfb-vii.1-hdf5/neutron/Bk248.h5
 Reading Bk249 from /home/diogo/openmc_data/endfb-vii.1-hdf5/neutron/Bk249.h5
 Reading Bk250 from /home/diogo/openmc_data/endfb-vii.1-hdf5/neutron/Bk250.h5
 Reading Cf246 from /home/diogo/openmc_data/endfb-vii.1-hdf5/neutron/Cf246.h5
 Reading Cf248 from /home/diogo/openmc_data/endfb-vii.1-hdf5/neutron/Cf248.h5
 Reading Cf249 from /home/diogo/openmc_data/endfb-vii.1-hdf5/neutron/Cf249.h5
 Reading Cf250 from /home/diogo/openmc_data/endfb-vii.1-hdf5/neutron/Cf250.h5
 WARNING: Negative value(s) found on probability table for nuclide Cf250 at 250K
 WARNING: Negative value(s) found on probability table for nuclide Cf250 at 294K
 WARNING: Negative value(s) found on probability table for nuclide Cf250 at 900K
 WARNING: Negative value(s) found on probability table for nuclide Cf250 at
          1200K
 Reading Cf251 from /home/diogo/openmc_data/endfb-vii.1-hdf5/neutron/Cf251.h5
 Reading Cf252 from /home/diogo/openmc_data/endfb-vii.1-hdf5/neutron/Cf252.h5
 Reading Cf253 from /home/diogo/openmc_data/endfb-vii.1-hdf5/neutron/Cf253.h5
 Reading Cf254 from /home/diogo/openmc_data/endfb-vii.1-hdf5/neutron/Cf254.h5
 Reading Es251 from /home/diogo/openmc_data/endfb-vii.1-hdf5/neutron/Es251.h5
 Reading Es252 from /home/diogo/openmc_data/endfb-vii.1-hdf5/neutron/Es252.h5
 Reading Es253 from /home/diogo/openmc_data/endfb-vii.1-hdf5/neutron/Es253.h5
 Reading Es254 from /home/diogo/openmc_data/endfb-vii.1-hdf5/neutron/Es254.h5
 Reading Es254_m1 from
 /home/diogo/openmc_data/endfb-vii.1-hdf5/neutron/Es254_m1.h5
 Reading Es255 from /home/diogo/openmc_data/endfb-vii.1-hdf5/neutron/Es255.h5
 Reading Fm255 from /home/diogo/openmc_data/endfb-vii.1-hdf5/neutron/Fm255.h5
 Maximum neutron transport energy: 20000000 eV for H1
 Initializing source particles...

 ====================>     K EIGENVALUE SIMULATION     <====================

  Bat./Gen.      k       Entropy         Average k 
  =========   ========   ========   ====================
        1/1    0.95308    5.55445
        2/1    0.98341    5.49639
        3/1    0.99198    5.51215
        4/1    1.00698    5.48915
        5/1    1.00584    5.47713
        6/1    0.98614    5.45170
        7/1    1.01584    5.44772
        8/1    0.99601    5.43440
        9/1    1.00770    5.46467
       10/1    1.00167    5.44490
       11/1    1.00141    5.44156
       12/1    1.02915    5.43187
       13/1    1.00555    5.40824
       14/1    1.02872    5.46160
       15/1    0.99796    5.44941
       16/1    1.04553    5.45529
       17/1    1.01227    5.45400
       18/1    0.99923    5.47222
       19/1    1.02730    5.46740
       20/1    1.01605    5.46106
       21/1    1.03054    5.45272
       22/1    1.02902    5.45010
       23/1    1.01943    5.45731
       24/1    1.02213    5.45473
       25/1    1.03205    5.42740
       26/1    1.02200    5.45143
       27/1    1.01455    5.45154
       28/1    1.01308    5.45419
       29/1    1.01685    5.45200
       30/1    1.03079    5.43407
       31/1    1.01732    5.43778
       32/1    1.01709    5.45854
       33/1    1.01741    5.46758
       34/1    1.02835    5.46931
       35/1    1.00470    5.47030
       36/1    1.02384    5.44581
       37/1    1.01098    5.44085
       38/1    1.00060    5.45332
       39/1    1.04024    5.46939
       40/1    1.02948    5.45138
       41/1    1.01858    5.45284
       42/1    0.98845    5.43111
       43/1    1.02472    5.44027
       44/1    1.02018    5.44438
       45/1    1.00660    5.43508
       46/1    1.03633    5.44990
       47/1    1.03680    5.45069
       48/1    1.02371    5.46922
       49/1    1.03315    5.45756
       50/1    1.02646    5.45472
       51/1    1.00070    5.44549
       52/1    1.02006    5.46104    1.01038 +/- 0.00968
       53/1    1.01368    5.45023    1.01148 +/- 0.00570
       54/1    1.01727    5.42937    1.01293 +/- 0.00428
       55/1    1.04631    5.43086    1.01960 +/- 0.00745
       56/1    1.01313    5.46561    1.01853 +/- 0.00618
       57/1    1.00712    5.45763    1.01690 +/- 0.00547
       58/1    1.04347    5.44350    1.02022 +/- 0.00579
       59/1    1.02269    5.44435    1.02049 +/- 0.00511
       60/1    1.03525    5.44969    1.02197 +/- 0.00480
       61/1    1.00299    5.45282    1.02024 +/- 0.00468
       62/1    1.02763    5.43028    1.02086 +/- 0.00431
       63/1    1.00231    5.43968    1.01943 +/- 0.00422
       64/1    1.00594    5.45590    1.01847 +/- 0.00402
       65/1    1.00428    5.44498    1.01752 +/- 0.00386
       66/1    1.02159    5.46609    1.01778 +/- 0.00362
       67/1    1.02382    5.46691    1.01813 +/- 0.00342
       68/1    1.03313    5.45759    1.01897 +/- 0.00333
       69/1    1.04640    5.45204    1.02041 +/- 0.00346
       70/1    1.01089    5.45523    1.01993 +/- 0.00332
       71/1    1.00866    5.43218    1.01940 +/- 0.00320
       72/1    0.99518    5.46163    1.01830 +/- 0.00325
       73/1    1.01828    5.44960    1.01830 +/- 0.00310
       74/1    1.01258    5.45367    1.01806 +/- 0.00298
       75/1    1.02184    5.45140    1.01821 +/- 0.00286
       76/1    1.01483    5.45642    1.01808 +/- 0.00275
       77/1    1.03737    5.46597    1.01879 +/- 0.00274
       78/1    1.04648    5.46113    1.01978 +/- 0.00282
       79/1    0.99095    5.45123    1.01879 +/- 0.00290
       80/1    1.04148    5.47127    1.01954 +/- 0.00290
       81/1    1.01622    5.46283    1.01944 +/- 0.00281
       82/1    1.01387    5.46369    1.01926 +/- 0.00273
       83/1    1.02017    5.44585    1.01929 +/- 0.00264
       84/1    1.02267    5.46400    1.01939 +/- 0.00256
       85/1    1.01740    5.47112    1.01933 +/- 0.00249
       86/1    1.02440    5.45047    1.01947 +/- 0.00242
       87/1    1.00927    5.44649    1.01920 +/- 0.00237
       88/1    1.01539    5.45917    1.01910 +/- 0.00231
       89/1    1.02249    5.44024    1.01919 +/- 0.00225
       90/1    1.01463    5.47218    1.01907 +/- 0.00220
       91/1    1.01308    5.46437    1.01892 +/- 0.00215
       92/1    1.01038    5.48945    1.01872 +/- 0.00211
       93/1    0.99913    5.45768    1.01827 +/- 0.00211
       94/1    1.02633    5.45029    1.01845 +/- 0.00207
       95/1    0.99998    5.44522    1.01804 +/- 0.00206
       96/1    1.02572    5.45911    1.01821 +/- 0.00203
       97/1    1.02930    5.44399    1.01844 +/- 0.00200
       98/1    1.00057    5.45368    1.01807 +/- 0.00199
       99/1    1.02353    5.44961    1.01818 +/- 0.00195
      100/1    1.02931    5.44689    1.01840 +/- 0.00192
 Creating state point statepoint.100.h5...

 =======================>     TIMING STATISTICS     <=======================

 Total time for initialization     = 5.1634e+01 seconds
   Reading cross sections          = 7.5564e+00 seconds
 Total time in simulation          = 7.4184e+01 seconds
   Time in transport only          = 7.3792e+01 seconds
   Time in inactive batches        = 4.5308e+00 seconds
   Time in active batches          = 6.9653e+01 seconds
   Time synchronizing fission bank = 8.9623e-02 seconds
     Sampling source sites         = 7.5056e-02 seconds
     SEND/RECV source sites        = 1.3991e-02 seconds
   Time accumulating tallies       = 1.8969e-01 seconds
   Time writing statepoints        = 1.9122e-02 seconds
 Total time for finalization       = 9.7809e-03 seconds
 Total time elapsed                = 1.2629e+02 seconds
 Calculation Rate (inactive)       = 110356 particles/second
 Calculation Rate (active)         = 7178.44 particles/second

 ============================>     RESULTS     <============================

 k-effective (Collision)     = 1.01799 +/- 0.00166
 k-effective (Track-length)  = 1.01840 +/- 0.00192
 k-effective (Absorption)    = 1.01789 +/- 0.00140
 Combined k-effective        = 1.01804 +/- 0.00125
 Leakage Fraction            = 0.00696 +/- 0.00013

 Creating state point openmc_simulation_n0.h5...
[openmc.deplete] t=4327203.051553669 s, dt=8654406.103107339 s, source=47530403.312130906
 Maximum neutron transport energy: 20000000 eV for H1
 Initializing source particles...

 ====================>     K EIGENVALUE SIMULATION     <====================

  Bat./Gen.      k       Entropy         Average k 
  =========   ========   ========   ====================
        1/1    0.95076    5.55802
        2/1    0.95017    5.52316
        3/1    0.98344    5.51523
        4/1    0.99957    5.47157
        5/1    0.98215    5.48250
        6/1    0.99120    5.45831
        7/1    0.99616    5.46473
        8/1    1.00054    5.47265
        9/1    0.99080    5.46134
       10/1    1.01325    5.46014
       11/1    0.99032    5.43537
       12/1    1.00087    5.44079
       13/1    0.99244    5.45050
       14/1    0.98961    5.46948
       15/1    0.99796    5.45018
       16/1    0.99825    5.46821
       17/1    0.98707    5.45943
       18/1    1.00306    5.46334
       19/1    0.98782    5.45902
       20/1    0.99502    5.47555
       21/1    0.98085    5.46711
       22/1    0.99862    5.45887
       23/1    0.99475    5.45315
       24/1    0.99064    5.43766
       25/1    1.00770    5.45601
       26/1    1.00815    5.43534
       27/1    1.00079    5.43240
       28/1    1.00659    5.43303
       29/1    1.01996    5.42178
       30/1    1.01031    5.44090
       31/1    0.99471    5.44186
       32/1    0.98836    5.45606
       33/1    0.98102    5.45521
       34/1    1.00678    5.44407
       35/1    1.00781    5.44567
       36/1    0.99761    5.43910
       37/1    0.99357    5.44823
       38/1    0.99713    5.44164
       39/1    0.99826    5.44021
       40/1    1.01419    5.46000
       41/1    1.00953    5.45668
       42/1    0.99476    5.45622
       43/1    0.99114    5.46239
       44/1    1.01330    5.46049
       45/1    0.98177    5.44297
       46/1    0.98865    5.45111
       47/1    1.00684    5.44272
       48/1    1.00296    5.44138
       49/1    1.01145    5.44659
       50/1    1.00926    5.45194
       51/1    0.99596    5.46061
       52/1    1.00185    5.45493    0.99890 +/- 0.00295
       53/1    0.99481    5.45910    0.99754 +/- 0.00218
       54/1    1.00030    5.44701    0.99823 +/- 0.00169
       55/1    1.00119    5.45104    0.99882 +/- 0.00144
       56/1    1.02943    5.44663    1.00392 +/- 0.00524
       57/1    1.00881    5.46501    1.00462 +/- 0.00448
       58/1    0.98640    5.45570    1.00234 +/- 0.00450
       59/1    1.00415    5.47524    1.00254 +/- 0.00397
       60/1    0.99094    5.44790    1.00138 +/- 0.00374
       61/1    1.00512    5.44346    1.00172 +/- 0.00340
       62/1    1.01746    5.44745    1.00303 +/- 0.00337
       63/1    0.98228    5.45045    1.00144 +/- 0.00349
       64/1    1.00151    5.43481    1.00144 +/- 0.00323
       65/1    1.00838    5.45359    1.00191 +/- 0.00304
       66/1    1.00570    5.44805    1.00214 +/- 0.00285
       67/1    1.02798    5.45550    1.00366 +/- 0.00308
       68/1    1.01110    5.44112    1.00408 +/- 0.00293
       69/1    0.99921    5.44673    1.00382 +/- 0.00279
       70/1    0.98350    5.46964    1.00280 +/- 0.00283
       71/1    0.97652    5.45856    1.00155 +/- 0.00297
       72/1    0.97601    5.47304    1.00039 +/- 0.00306
       73/1    0.98579    5.45102    0.99976 +/- 0.00299
       74/1    0.99767    5.47466    0.99967 +/- 0.00287
       75/1    0.98522    5.47641    0.99909 +/- 0.00281
       76/1    1.00265    5.45667    0.99923 +/- 0.00270
       77/1    1.00221    5.45654    0.99934 +/- 0.00260
       78/1    0.98613    5.45576    0.99887 +/- 0.00255
       79/1    0.96977    5.45393    0.99786 +/- 0.00266
       80/1    0.99522    5.46452    0.99778 +/- 0.00257
       81/1    0.99793    5.44242    0.99778 +/- 0.00249
       82/1    0.99763    5.45488    0.99778 +/- 0.00241
       83/1    1.00876    5.44319    0.99811 +/- 0.00236
       84/1    0.99189    5.45830    0.99793 +/- 0.00229
       85/1    1.01007    5.43139    0.99827 +/- 0.00225
       86/1    1.01312    5.45490    0.99869 +/- 0.00223
       87/1    0.99252    5.43998    0.99852 +/- 0.00217
       88/1    1.00542    5.44096    0.99870 +/- 0.00212
       89/1    1.01098    5.45307    0.99902 +/- 0.00209
       90/1    1.01034    5.44732    0.99930 +/- 0.00206
       91/1    0.98687    5.45570    0.99900 +/- 0.00203
       92/1    1.00851    5.45985    0.99922 +/- 0.00200
       93/1    1.00347    5.45036    0.99932 +/- 0.00195
       94/1    1.00145    5.44050    0.99937 +/- 0.00191
       95/1    0.99188    5.44689    0.99920 +/- 0.00187
       96/1    0.99501    5.45307    0.99911 +/- 0.00183
       97/1    0.99739    5.46138    0.99908 +/- 0.00179
       98/1    1.00149    5.44289    0.99913 +/- 0.00176
       99/1    0.98192    5.44208    0.99877 +/- 0.00176
      100/1    0.99845    5.44981    0.99877 +/- 0.00172
 Creating state point statepoint.100.h5...

 =======================>     TIMING STATISTICS     <=======================

 Total time for initialization     = 0.0000e+00 seconds
   Reading cross sections          = 0.0000e+00 seconds
 Total time in simulation          = 1.0883e+02 seconds
   Time in transport only          = 1.0842e+02 seconds
   Time in inactive batches        = 3.9311e+01 seconds
   Time in active batches          = 6.9517e+01 seconds
   Time synchronizing fission bank = 9.6587e-02 seconds
     Sampling source sites         = 8.3985e-02 seconds
     SEND/RECV source sites        = 1.2160e-02 seconds
   Time accumulating tallies       = 1.9322e-01 seconds
   Time writing statepoints        = 1.2670e-02 seconds
 Total time for finalization       = 1.1198e-02 seconds
 Total time elapsed                = 1.0939e+02 seconds
 Calculation Rate (inactive)       = 12719.2 particles/second
 Calculation Rate (active)         = 7192.53 particles/second

 ============================>     RESULTS     <============================

 k-effective (Collision)     = 0.99915 +/- 0.00140
 k-effective (Track-length)  = 0.99877 +/- 0.00172
 k-effective (Absorption)    = 1.00008 +/- 0.00147
 Combined k-effective        = 0.99956 +/- 0.00129
 Leakage Fraction            = 0.00713 +/- 0.00011

 Creating state point openmc_simulation_n1.h5...
[openmc.deplete] t=12981609.154661007 s, dt=17308812.206214678 s, source=47530403.312130906
 Maximum neutron transport energy: 20000000 eV for H1
 Initializing source particles...

 ====================>     K EIGENVALUE SIMULATION     <====================

  Bat./Gen.      k       Entropy         Average k 
  =========   ========   ========   ====================
        1/1    0.93463    5.54383
        2/1    0.95078    5.51994
        3/1    0.98649    5.49705
        4/1    0.99198    5.48990
        5/1    0.98544    5.50648
        6/1    0.96969    5.49221
        7/1    0.98897    5.46463
        8/1    1.00122    5.45909
        9/1    0.98564    5.45558
       10/1    0.99295    5.46072
       11/1    1.00137    5.44072
       12/1    0.99267    5.45504
       13/1    1.00166    5.43736
       14/1    1.01594    5.46107
       15/1    1.00819    5.44861
       16/1    0.96860    5.45530
       17/1    1.01705    5.44832
       18/1    0.98964    5.45917
       19/1    0.99400    5.46938
       20/1    1.00632    5.46246
       21/1    1.00823    5.47295
       22/1    1.01524    5.45705
       23/1    1.00065    5.47358
       24/1    1.01140    5.46951
       25/1    0.99100    5.44300
       26/1    1.02402    5.44446
       27/1    1.00081    5.44312
       28/1    1.01543    5.44259
       29/1    0.99475    5.44733
       30/1    0.97823    5.43001
       31/1    1.00357    5.45541
       32/1    1.00291    5.44740
       33/1    1.01842    5.44408
       34/1    0.98719    5.42516
       35/1    1.03516    5.45162
       36/1    0.99599    5.44207
       37/1    0.99407    5.45994
       38/1    0.99700    5.44006
       39/1    1.01050    5.44344
       40/1    0.99566    5.46221
       41/1    1.00433    5.44092
       42/1    1.00746    5.44087
       43/1    0.97337    5.45031
       44/1    1.01157    5.46172
       45/1    1.00385    5.45503
       46/1    0.97392    5.43712
       47/1    0.98826    5.45623
       48/1    1.00664    5.44259
       49/1    0.98266    5.48365
       50/1    0.99396    5.46680
       51/1    0.97772    5.44477
       52/1    1.00332    5.44442    0.99052 +/- 0.01280
       53/1    0.99324    5.45157    0.99142 +/- 0.00745
       54/1    0.97702    5.44669    0.98782 +/- 0.00638
       55/1    0.99630    5.45545    0.98952 +/- 0.00522
       56/1    1.00447    5.44397    0.99201 +/- 0.00494
       57/1    0.98757    5.42945    0.99138 +/- 0.00422
       58/1    1.00694    5.43835    0.99332 +/- 0.00414
       59/1    0.99273    5.45649    0.99326 +/- 0.00365
       60/1    0.97973    5.45949    0.99190 +/- 0.00354
       61/1    0.98896    5.45908    0.99164 +/- 0.00321
       62/1    0.99925    5.45049    0.99227 +/- 0.00300
       63/1    0.99285    5.45486    0.99232 +/- 0.00276
       64/1    0.99644    5.45393    0.99261 +/- 0.00257
       65/1    0.98059    5.42996    0.99181 +/- 0.00252
       66/1    0.99488    5.41713    0.99200 +/- 0.00237
       67/1    1.02403    5.41839    0.99388 +/- 0.00292
       68/1    1.00196    5.43669    0.99433 +/- 0.00279
       69/1    0.98465    5.43857    0.99382 +/- 0.00268
       70/1    1.01079    5.44898    0.99467 +/- 0.00268
       71/1    1.00388    5.46393    0.99511 +/- 0.00259
       72/1    0.98479    5.44128    0.99464 +/- 0.00251
       73/1    0.98004    5.44131    0.99401 +/- 0.00248
       74/1    1.02269    5.43649    0.99520 +/- 0.00266
       75/1    0.99931    5.41768    0.99536 +/- 0.00256
       76/1    0.99717    5.44272    0.99543 +/- 0.00246
       77/1    1.00645    5.44445    0.99584 +/- 0.00240
       78/1    0.99647    5.43547    0.99586 +/- 0.00231
       79/1    0.99797    5.44326    0.99594 +/- 0.00223
       80/1    0.99821    5.43828    0.99601 +/- 0.00216
       81/1    0.99360    5.46005    0.99594 +/- 0.00209
       82/1    1.00517    5.44095    0.99622 +/- 0.00204
       83/1    1.02149    5.43161    0.99699 +/- 0.00212
       84/1    1.01668    5.44219    0.99757 +/- 0.00214
       85/1    1.03623    5.43715    0.99867 +/- 0.00235
       86/1    1.04726    5.45143    1.00002 +/- 0.00266
       87/1    0.98086    5.45767    0.99951 +/- 0.00263
       88/1    0.97634    5.46995    0.99890 +/- 0.00264
       89/1    0.99273    5.47474    0.99874 +/- 0.00257
       90/1    0.99570    5.47663    0.99866 +/- 0.00251
       91/1    0.99199    5.47118    0.99850 +/- 0.00245
       92/1    0.98281    5.46858    0.99813 +/- 0.00242
       93/1    0.98262    5.44215    0.99776 +/- 0.00239
       94/1    1.00959    5.45315    0.99803 +/- 0.00235
       95/1    0.97338    5.43917    0.99749 +/- 0.00236
       96/1    0.99366    5.42743    0.99740 +/- 0.00231
       97/1    0.98006    5.42897    0.99703 +/- 0.00229
       98/1    0.99984    5.44156    0.99709 +/- 0.00225
       99/1    0.96736    5.42888    0.99649 +/- 0.00228
      100/1    0.99244    5.44583    0.99640 +/- 0.00224
 Creating state point statepoint.100.h5...

 =======================>     TIMING STATISTICS     <=======================

 Total time for initialization     = 0.0000e+00 seconds
   Reading cross sections          = 0.0000e+00 seconds
 Total time in simulation          = 1.1148e+02 seconds
   Time in transport only          = 1.1096e+02 seconds
   Time in inactive batches        = 4.0347e+01 seconds
   Time in active batches          = 7.1131e+01 seconds
   Time synchronizing fission bank = 9.7790e-02 seconds
     Sampling source sites         = 8.3025e-02 seconds
     SEND/RECV source sites        = 1.4369e-02 seconds
   Time accumulating tallies       = 2.9235e-01 seconds
   Time writing statepoints        = 1.8414e-02 seconds
 Total time for finalization       = 1.6664e-02 seconds
 Total time elapsed                = 1.1197e+02 seconds
 Calculation Rate (inactive)       = 12392.6 particles/second
 Calculation Rate (active)         = 7029.25 particles/second

 ============================>     RESULTS     <============================

 k-effective (Collision)     = 0.99589 +/- 0.00180
 k-effective (Track-length)  = 0.99640 +/- 0.00224
 k-effective (Absorption)    = 0.99753 +/- 0.00123
 Combined k-effective        = 0.99720 +/- 0.00121
 Leakage Fraction            = 0.00700 +/- 0.00013

 Creating state point openmc_simulation_n2.h5...
[openmc.deplete] t=30290421.360875685 s, dt=34617624.412429355 s, source=47530403.312130906
 Maximum neutron transport energy: 20000000 eV for H1
 Initializing source particles...

 ====================>     K EIGENVALUE SIMULATION     <====================

  Bat./Gen.      k       Entropy         Average k 
  =========   ========   ========   ====================
        1/1    0.93235    5.56295
        2/1    0.93377    5.53340
        3/1    0.98326    5.50285
        4/1    0.97917    5.50141
        5/1    1.00831    5.49466
        6/1    0.96770    5.47536
        7/1    0.98642    5.47363
        8/1    0.99769    5.45464
        9/1    0.98247    5.45294
       10/1    0.97110    5.46359
       11/1    0.96891    5.45380
       12/1    0.99630    5.47357
       13/1    0.99576    5.47370
       14/1    0.99132    5.45837
       15/1    0.99627    5.44698
       16/1    1.00357    5.43422
       17/1    1.00077    5.44384
       18/1    0.99191    5.44113
       19/1    1.00023    5.45490
       20/1    0.97832    5.44845
       21/1    0.98580    5.45411
       22/1    1.00005    5.46198
       23/1    0.96702    5.44894
       24/1    0.99883    5.46170
       25/1    0.99748    5.46298
       26/1    0.98620    5.45128
       27/1    0.99350    5.44293
       28/1    0.98844    5.43670
       29/1    0.97345    5.44660
       30/1    0.97698    5.45026
       31/1    0.99065    5.44904
       32/1    1.00762    5.44331
       33/1    0.99823    5.44565
       34/1    0.99139    5.46877
       35/1    0.97021    5.45647
       36/1    0.98749    5.44280
       37/1    0.96771    5.43937
       38/1    0.98743    5.43258
       39/1    0.97290    5.43745
       40/1    1.00072    5.45951
       41/1    0.98751    5.44927
       42/1    0.99721    5.45207
       43/1    0.99502    5.43607
       44/1    0.97714    5.43348
       45/1    0.98765    5.43842
       46/1    0.98289    5.45212
       47/1    1.03348    5.45968
       48/1    1.00353    5.43317
       49/1    0.99807    5.44424
       50/1    0.99759    5.44620
       51/1    1.02000    5.45240
       52/1    0.98155    5.45473    1.00077 +/- 0.01923
       53/1    0.99923    5.44303    1.00026 +/- 0.01111
       54/1    0.99303    5.44461    0.99845 +/- 0.00806
       55/1    0.96860    5.43033    0.99248 +/- 0.00864
       56/1    0.98135    5.43439    0.99062 +/- 0.00729
       57/1    1.00490    5.43522    0.99266 +/- 0.00649
       58/1    0.97830    5.43914    0.99087 +/- 0.00590
       59/1    1.00616    5.48011    0.99257 +/- 0.00548
       60/1    0.96747    5.44492    0.99006 +/- 0.00550
       61/1    0.97467    5.44832    0.98866 +/- 0.00517
       62/1    0.98895    5.44797    0.98868 +/- 0.00472
       63/1    0.99644    5.43395    0.98928 +/- 0.00438
       64/1    0.97796    5.44009    0.98847 +/- 0.00414
       65/1    0.98275    5.42840    0.98809 +/- 0.00387
       66/1    0.99197    5.43817    0.98833 +/- 0.00363
       67/1    0.97639    5.44101    0.98763 +/- 0.00348
       68/1    0.97551    5.44131    0.98696 +/- 0.00335
       69/1    1.01280    5.43766    0.98832 +/- 0.00345
       70/1    0.97297    5.42451    0.98755 +/- 0.00336
       71/1    1.00661    5.41880    0.98846 +/- 0.00332
       72/1    0.99548    5.42882    0.98878 +/- 0.00318
       73/1    1.00394    5.43658    0.98944 +/- 0.00311
       74/1    1.00687    5.44961    0.99016 +/- 0.00307
       75/1    0.98545    5.45812    0.98997 +/- 0.00295
       76/1    1.00302    5.47144    0.99048 +/- 0.00288
       77/1    0.99720    5.45483    0.99072 +/- 0.00278
       78/1    0.97579    5.47549    0.99019 +/- 0.00273
       79/1    0.96711    5.46640    0.98940 +/- 0.00275
       80/1    0.98901    5.46116    0.98938 +/- 0.00266
       81/1    0.99508    5.44220    0.98957 +/- 0.00258
       82/1    0.97399    5.44623    0.98908 +/- 0.00254
       83/1    0.99826    5.43900    0.98936 +/- 0.00248
       84/1    1.00377    5.43095    0.98978 +/- 0.00244
       85/1    0.97142    5.44309    0.98926 +/- 0.00243
       86/1    0.96349    5.44754    0.98854 +/- 0.00247
       87/1    0.98502    5.44577    0.98845 +/- 0.00240
       88/1    0.99657    5.45361    0.98866 +/- 0.00235
       89/1    0.99673    5.44844    0.98887 +/- 0.00230
       90/1    0.99213    5.44615    0.98895 +/- 0.00224
       91/1    0.98775    5.44971    0.98892 +/- 0.00218
       92/1    0.98602    5.44463    0.98885 +/- 0.00213
       93/1    0.98844    5.46569    0.98884 +/- 0.00208
       94/1    1.00009    5.45717    0.98910 +/- 0.00205
       95/1    0.97164    5.45350    0.98871 +/- 0.00204
       96/1    1.00496    5.43837    0.98906 +/- 0.00203
       97/1    0.97986    5.43644    0.98887 +/- 0.00199
       98/1    0.96507    5.43396    0.98837 +/- 0.00201
       99/1    0.99991    5.43584    0.98861 +/- 0.00199
      100/1    0.99314    5.45524    0.98870 +/- 0.00195
 Creating state point statepoint.100.h5...

 =======================>     TIMING STATISTICS     <=======================

 Total time for initialization     = 0.0000e+00 seconds
   Reading cross sections          = 0.0000e+00 seconds
 Total time in simulation          = 1.1223e+02 seconds
   Time in transport only          = 1.1180e+02 seconds
   Time in inactive batches        = 4.0967e+01 seconds
   Time in active batches          = 7.1262e+01 seconds
   Time synchronizing fission bank = 9.7363e-02 seconds
     Sampling source sites         = 8.3081e-02 seconds
     SEND/RECV source sites        = 1.3801e-02 seconds
   Time accumulating tallies       = 2.1009e-01 seconds
   Time writing statepoints        = 1.3149e-02 seconds
 Total time for finalization       = 1.2498e-02 seconds
 Total time elapsed                = 1.1270e+02 seconds
 Calculation Rate (inactive)       = 12205.1 particles/second
 Calculation Rate (active)         = 7016.36 particles/second

 ============================>     RESULTS     <============================

 k-effective (Collision)     = 0.99163 +/- 0.00153
 k-effective (Track-length)  = 0.98870 +/- 0.00195
 k-effective (Absorption)    = 0.99238 +/- 0.00110
 Combined k-effective        = 0.99173 +/- 0.00103
 Leakage Fraction            = 0.00689 +/- 0.00011

 Creating state point openmc_simulation_n3.h5...
[openmc.deplete] t=64908045.77330504 s, dt=51926436.61864404 s, source=47530403.312130906
 Maximum neutron transport energy: 20000000 eV for H1
 Initializing source particles...

 ====================>     K EIGENVALUE SIMULATION     <====================

  Bat./Gen.      k       Entropy         Average k 
  =========   ========   ========   ====================
        1/1    0.94666    5.56379
        2/1    0.94618    5.50600
        3/1    0.96863    5.46684
        4/1    0.96843    5.48151
        5/1    0.97086    5.48520
        6/1    0.99357    5.48408
        7/1    0.97355    5.49290
        8/1    0.97056    5.46912
        9/1    0.98781    5.48664
       10/1    0.99163    5.45324
       11/1    0.97477    5.45779
       12/1    0.98687    5.46543
       13/1    1.00897    5.45138
       14/1    0.98356    5.43195
       15/1    0.97263    5.43600
       16/1    0.99530    5.43421
       17/1    0.99127    5.43520
       18/1    1.00244    5.43122
       19/1    0.98697    5.44772
       20/1    0.97658    5.42674
       21/1    0.98592    5.44424
       22/1    0.94755    5.45001
       23/1    0.98249    5.43679
       24/1    0.99095    5.43542
       25/1    0.99440    5.42884
       26/1    0.96372    5.42014
       27/1    0.99445    5.45095
       28/1    0.98130    5.44222
       29/1    0.98641    5.43498
       30/1    0.98178    5.44738
       31/1    0.97354    5.43840
       32/1    0.98097    5.44322
       33/1    0.97308    5.44589
       34/1    0.97121    5.47346
       35/1    0.99284    5.47014
       36/1    0.99832    5.45458
       37/1    0.98240    5.43522
       38/1    0.97964    5.43872
       39/1    0.96595    5.44501
       40/1    0.97771    5.44778
       41/1    0.97238    5.45444
       42/1    0.98901    5.46135
       43/1    0.96563    5.47164
       44/1    0.99893    5.46092
       45/1    0.97931    5.45062
       46/1    0.98492    5.43097
       47/1    1.00701    5.42823
       48/1    0.96146    5.44165
       49/1    0.98116    5.43115
       50/1    1.01777    5.42766
       51/1    0.97277    5.44461
       52/1    0.98092    5.43839    0.97685 +/- 0.00407
       53/1    0.96998    5.42800    0.97456 +/- 0.00328
       54/1    1.00160    5.43029    0.98132 +/- 0.00715
       55/1    1.00547    5.45233    0.98615 +/- 0.00735
       56/1    0.99979    5.45553    0.98842 +/- 0.00642
       57/1    0.99774    5.44924    0.98975 +/- 0.00558
       58/1    0.97047    5.44887    0.98734 +/- 0.00540
       59/1    0.97932    5.46121    0.98645 +/- 0.00485
       60/1    0.97212    5.45263    0.98502 +/- 0.00457
       61/1    1.00541    5.43486    0.98687 +/- 0.00453
       62/1    0.99730    5.45534    0.98774 +/- 0.00422
       63/1    0.97643    5.45577    0.98687 +/- 0.00398
       64/1    0.98315    5.47292    0.98660 +/- 0.00370
       65/1    0.98068    5.46809    0.98621 +/- 0.00346
       66/1    0.99857    5.45715    0.98698 +/- 0.00333
       67/1    0.97400    5.44318    0.98622 +/- 0.00322
       68/1    0.97329    5.45575    0.98550 +/- 0.00312
       69/1    0.99931    5.43547    0.98623 +/- 0.00304
       70/1    1.00144    5.44436    0.98699 +/- 0.00298
       71/1    0.98788    5.42313    0.98703 +/- 0.00284
       72/1    0.97592    5.45503    0.98653 +/- 0.00275
       73/1    0.99148    5.45555    0.98674 +/- 0.00264
       74/1    0.98155    5.45090    0.98652 +/- 0.00253
       75/1    0.96374    5.42923    0.98561 +/- 0.00260
       76/1    0.98874    5.45649    0.98573 +/- 0.00250
       77/1    0.99658    5.47396    0.98613 +/- 0.00244
       78/1    0.97707    5.45672    0.98581 +/- 0.00237
       79/1    1.00195    5.43981    0.98637 +/- 0.00235
       80/1    0.99449    5.46847    0.98664 +/- 0.00229
       81/1    0.99149    5.46023    0.98680 +/- 0.00222
       82/1    0.99332    5.46063    0.98700 +/- 0.00216
       83/1    0.98719    5.43919    0.98700 +/- 0.00209
       84/1    0.98643    5.45776    0.98699 +/- 0.00203
       85/1    0.97713    5.44980    0.98671 +/- 0.00199
       86/1    0.97762    5.44159    0.98645 +/- 0.00195
       87/1    0.97780    5.45266    0.98622 +/- 0.00191
       88/1    0.97804    5.46250    0.98600 +/- 0.00187
       89/1    0.99774    5.44567    0.98631 +/- 0.00185
       90/1    1.00557    5.45102    0.98679 +/- 0.00187
       91/1    0.98105    5.44106    0.98665 +/- 0.00183
       92/1    0.98243    5.45209    0.98655 +/- 0.00178
       93/1    0.98517    5.42522    0.98651 +/- 0.00174
       94/1    0.99549    5.45436    0.98672 +/- 0.00172
       95/1    0.96350    5.45777    0.98620 +/- 0.00175
       96/1    0.98783    5.45364    0.98624 +/- 0.00172
       97/1    0.98425    5.44159    0.98620 +/- 0.00168
       98/1    0.99887    5.45378    0.98646 +/- 0.00167
       99/1    0.98915    5.43942    0.98651 +/- 0.00163
      100/1    0.97953    5.45048    0.98637 +/- 0.00161
 Creating state point statepoint.100.h5...

 =======================>     TIMING STATISTICS     <=======================

 Total time for initialization     = 0.0000e+00 seconds
   Reading cross sections          = 0.0000e+00 seconds
 Total time in simulation          = 1.1025e+02 seconds
   Time in transport only          = 1.0984e+02 seconds
   Time in inactive batches        = 4.1511e+01 seconds
   Time in active batches          = 6.8735e+01 seconds
   Time synchronizing fission bank = 9.5561e-02 seconds
     Sampling source sites         = 8.2387e-02 seconds
     SEND/RECV source sites        = 1.2835e-02 seconds
   Time accumulating tallies       = 1.8990e-01 seconds
   Time writing statepoints        = 1.4485e-02 seconds
 Total time for finalization       = 1.2128e-02 seconds
 Total time elapsed                = 1.1068e+02 seconds
 Calculation Rate (inactive)       = 12044.9 particles/second
 Calculation Rate (active)         = 7274.33 particles/second

 ============================>     RESULTS     <============================

 k-effective (Collision)     = 0.98636 +/- 0.00155
 k-effective (Track-length)  = 0.98637 +/- 0.00161
 k-effective (Absorption)    = 0.98775 +/- 0.00155
 Combined k-effective        = 0.98694 +/- 0.00139
 Leakage Fraction            = 0.00712 +/- 0.00011

 Creating state point openmc_simulation_n4.h5...
[openmc.deplete] t=116834482.39194909 (final operator evaluation)
 Maximum neutron transport energy: 20000000 eV for H1
 Initializing source particles...

 ====================>     K EIGENVALUE SIMULATION     <====================

  Bat./Gen.      k       Entropy         Average k 
  =========   ========   ========   ====================
        1/1    0.92172    5.54525
        2/1    0.95313    5.50852
        3/1    0.95661    5.50035
        4/1    0.97331    5.49477
        5/1    0.98381    5.47909
        6/1    0.96530    5.46481
        7/1    0.98360    5.46157
        8/1    0.98129    5.45198
        9/1    0.98520    5.45354
       10/1    0.99077    5.45985
       11/1    0.95417    5.44443
       12/1    0.99194    5.44721
       13/1    0.96163    5.42885
       14/1    0.97072    5.41923
       15/1    0.99059    5.43922
       16/1    0.97379    5.42753
       17/1    1.00041    5.42879
       18/1    0.98045    5.42061
       19/1    1.00425    5.43612
       20/1    0.97593    5.43496
       21/1    0.99658    5.40722
       22/1    0.98648    5.40025
       23/1    1.00865    5.41004
       24/1    0.97174    5.40488
       25/1    0.99250    5.42361
       26/1    0.97842    5.42451
       27/1    0.97901    5.43273
       28/1    0.96974    5.41611
       29/1    0.98763    5.41989
       30/1    0.97478    5.43878
       31/1    1.00080    5.43996
       32/1    0.99200    5.43127
       33/1    0.96696    5.43977
       34/1    0.97644    5.42825
       35/1    0.98727    5.43293
       36/1    0.97722    5.44364
       37/1    0.97714    5.42598
       38/1    0.99767    5.41152
       39/1    0.99875    5.42585
       40/1    0.97490    5.42910
       41/1    0.98254    5.40834
       42/1    0.99523    5.41001
       43/1    0.97817    5.43320
       44/1    0.98254    5.43745
       45/1    0.98060    5.44961
       46/1    0.97816    5.42930
       47/1    1.00174    5.44483
       48/1    0.99401    5.42692
       49/1    0.98014    5.41496
       50/1    1.01864    5.41731
       51/1    0.97489    5.40111
       52/1    0.99070    5.42187    0.98279 +/- 0.00790
       53/1    0.99000    5.40182    0.98519 +/- 0.00515
       54/1    0.99969    5.42780    0.98882 +/- 0.00514
       55/1    0.95488    5.43626    0.98203 +/- 0.00787
       56/1    0.96594    5.42521    0.97935 +/- 0.00696
       57/1    0.97560    5.41261    0.97881 +/- 0.00591
       58/1    1.00386    5.43938    0.98194 +/- 0.00600
       59/1    0.98533    5.40653    0.98232 +/- 0.00530
       60/1    0.96684    5.42305    0.98077 +/- 0.00499
       61/1    0.98248    5.42976    0.98093 +/- 0.00452
       62/1    0.98331    5.45106    0.98113 +/- 0.00413
       63/1    0.99570    5.43702    0.98225 +/- 0.00396
       64/1    0.97329    5.45438    0.98161 +/- 0.00372
       65/1    0.99513    5.42071    0.98251 +/- 0.00358
       66/1    0.99586    5.42484    0.98334 +/- 0.00345
       67/1    0.98566    5.42995    0.98348 +/- 0.00324
       68/1    0.98427    5.42024    0.98352 +/- 0.00306
       69/1    1.00789    5.43854    0.98481 +/- 0.00316
       70/1    0.96505    5.42441    0.98382 +/- 0.00316
       71/1    0.97867    5.39341    0.98357 +/- 0.00302
       72/1    0.99980    5.39616    0.98431 +/- 0.00297
       73/1    0.98951    5.40080    0.98454 +/- 0.00285
       74/1    0.99723    5.39164    0.98507 +/- 0.00278
       75/1    0.97572    5.41262    0.98469 +/- 0.00269
       76/1    0.98684    5.39549    0.98477 +/- 0.00258
       77/1    0.97984    5.41221    0.98459 +/- 0.00249
       78/1    1.00759    5.41309    0.98541 +/- 0.00254
       79/1    0.98255    5.42273    0.98531 +/- 0.00245
       80/1    0.99562    5.42291    0.98566 +/- 0.00239
       81/1    0.98703    5.42116    0.98570 +/- 0.00232
       82/1    0.97319    5.43648    0.98531 +/- 0.00228
       83/1    0.98736    5.43336    0.98537 +/- 0.00221
       84/1    0.98652    5.42384    0.98541 +/- 0.00214
       85/1    0.98299    5.41587    0.98534 +/- 0.00208
       86/1    0.98721    5.39902    0.98539 +/- 0.00202
       87/1    0.98176    5.40860    0.98529 +/- 0.00197
       88/1    0.98470    5.40106    0.98528 +/- 0.00192
       89/1    0.96378    5.41544    0.98473 +/- 0.00195
       90/1    0.96398    5.41706    0.98421 +/- 0.00197
       91/1    0.99392    5.40769    0.98444 +/- 0.00193
       92/1    0.96506    5.40339    0.98398 +/- 0.00194
       93/1    0.99017    5.40985    0.98413 +/- 0.00190
       94/1    0.98297    5.40042    0.98410 +/- 0.00186
       95/1    0.98077    5.42200    0.98403 +/- 0.00182
       96/1    0.99685    5.42335    0.98430 +/- 0.00180
       97/1    0.99333    5.41918    0.98450 +/- 0.00177
       98/1    1.01244    5.42291    0.98508 +/- 0.00183
       99/1    0.99134    5.41613    0.98521 +/- 0.00180
      100/1    0.97956    5.43040    0.98509 +/- 0.00176
 Creating state point statepoint.100.h5...

 =======================>     TIMING STATISTICS     <=======================

 Total time for initialization     = 0.0000e+00 seconds
   Reading cross sections          = 0.0000e+00 seconds
 Total time in simulation          = 1.1416e+02 seconds
   Time in transport only          = 1.1370e+02 seconds
   Time in inactive batches        = 4.2247e+01 seconds
   Time in active batches          = 7.1918e+01 seconds
   Time synchronizing fission bank = 9.2917e-02 seconds
     Sampling source sites         = 7.9519e-02 seconds
     SEND/RECV source sites        = 1.3063e-02 seconds
   Time accumulating tallies       = 2.5506e-01 seconds
   Time writing statepoints        = 1.1251e-02 seconds
 Total time for finalization       = 1.2399e-02 seconds
 Total time elapsed                = 1.1461e+02 seconds
 Calculation Rate (inactive)       = 11835.3 particles/second
 Calculation Rate (active)         = 6952.36 particles/second

 ============================>     RESULTS     <============================

 k-effective (Collision)     = 0.98433 +/- 0.00130
 k-effective (Track-length)  = 0.98509 +/- 0.00176
 k-effective (Absorption)    = 0.98717 +/- 0.00144
 Combined k-effective        = 0.98566 +/- 0.00112
 Leakage Fraction            = 0.00653 +/- 0.00012

 Creating state point openmc_simulation_n5.h5...
      k(BOL) 1.01804 x ratio 0.95220 -> end of cycle at k = 0.96937
      state 0: B   0.00 MWd/kgHM  k 1.01804  (target)
      state 1: B   0.50 MWd/kgHM  k 0.99956
      state 2: B   1.50 MWd/kgHM  k 0.99720
      state 3: B   3.50 MWd/kgHM  k 0.99173
      state 4: B   7.50 MWd/kgHM  k 0.98694
      state 5: B  13.50 MWd/kgHM  k 0.98566
                                %%%%%%%%%%%%%%%
                           %%%%%%%%%%%%%%%%%%%%%%%%
                        %%%%%%%%%%%%%%%%%%%%%%%%%%%%%%
                      %%%%%%%%%%%%%%%%%%%%%%%%%%%%%%%%%%
                    %%%%%%%%%%%%%%%%%%%%%%%%%%%%%%%%%%%%%%
                   %%%%%%%%%%%%%%%%%%%%%%%%%%%%%%%%%%%%%%%%
                                    %%%%%%%%%%%%%%%%%%%%%%%%
                                     %%%%%%%%%%%%%%%%%%%%%%%%
                 ###############      %%%%%%%%%%%%%%%%%%%%%%%%
                ##################     %%%%%%%%%%%%%%%%%%%%%%%
                ###################     %%%%%%%%%%%%%%%%%%%%%%%
                ####################     %%%%%%%%%%%%%%%%%%%%%%
                #####################     %%%%%%%%%%%%%%%%%%%%%
                ######################     %%%%%%%%%%%%%%%%%%%%
                #######################     %%%%%%%%%%%%%%%%%%
                 #######################     %%%%%%%%%%%%%%%%%
                 ######################     %%%%%%%%%%%%%%%%%
                  ####################     %%%%%%%%%%%%%%%%%
                    #################     %%%%%%%%%%%%%%%%%
                     ###############     %%%%%%%%%%%%%%%%
                       ############     %%%%%%%%%%%%%%%
                          ########     %%%%%%%%%%%%%%
                                      %%%%%%%%%%%

                 | The OpenMC Monte Carlo Code
       Copyright | 2011-2025 MIT, UChicago Argonne LLC, and contributors
         License | https://docs.openmc.org/en/latest/license.html
         Version | 0.15.3
     Commit Hash | 27e38e894697bb32a1dac7848d2618818b6b8daf
       Date/Time | 2026-09-26 20:37:35
   MPI Processes | 1
  OpenMP Threads | 64

 Reading settings XML file...
 Reading cross sections XML file...
 Reading chain file: /home/diogo/openmc_data/chain_endfb71_pwr.xml...
 Reading materials XML file...
 Reading geometry XML file...
 Reading H1 from /home/diogo/openmc_data/endfb-vii.1-hdf5/neutron/H1.h5
 Reading H2 from /home/diogo/openmc_data/endfb-vii.1-hdf5/neutron/H2.h5
 Reading B10 from /home/diogo/openmc_data/endfb-vii.1-hdf5/neutron/B10.h5
 Reading B11 from /home/diogo/openmc_data/endfb-vii.1-hdf5/neutron/B11.h5
 Reading O16 from /home/diogo/openmc_data/endfb-vii.1-hdf5/neutron/O16.h5
 Reading O17 from /home/diogo/openmc_data/endfb-vii.1-hdf5/neutron/O17.h5
 Reading Cr50 from /home/diogo/openmc_data/endfb-vii.1-hdf5/neutron/Cr50.h5
 Reading Cr52 from /home/diogo/openmc_data/endfb-vii.1-hdf5/neutron/Cr52.h5
 Reading Cr53 from /home/diogo/openmc_data/endfb-vii.1-hdf5/neutron/Cr53.h5
 Reading Cr54 from /home/diogo/openmc_data/endfb-vii.1-hdf5/neutron/Cr54.h5
 Reading Mn55 from /home/diogo/openmc_data/endfb-vii.1-hdf5/neutron/Mn55.h5
 Reading Fe54 from /home/diogo/openmc_data/endfb-vii.1-hdf5/neutron/Fe54.h5
 Reading Fe56 from /home/diogo/openmc_data/endfb-vii.1-hdf5/neutron/Fe56.h5
 Reading Fe57 from /home/diogo/openmc_data/endfb-vii.1-hdf5/neutron/Fe57.h5
 Reading Fe58 from /home/diogo/openmc_data/endfb-vii.1-hdf5/neutron/Fe58.h5
 Reading Ni58 from /home/diogo/openmc_data/endfb-vii.1-hdf5/neutron/Ni58.h5
 Reading Ni60 from /home/diogo/openmc_data/endfb-vii.1-hdf5/neutron/Ni60.h5
 Reading Ni61 from /home/diogo/openmc_data/endfb-vii.1-hdf5/neutron/Ni61.h5
 Reading Ni62 from /home/diogo/openmc_data/endfb-vii.1-hdf5/neutron/Ni62.h5
 Reading Ni64 from /home/diogo/openmc_data/endfb-vii.1-hdf5/neutron/Ni64.h5
 Reading Zr90 from /home/diogo/openmc_data/endfb-vii.1-hdf5/neutron/Zr90.h5
 Reading Zr91 from /home/diogo/openmc_data/endfb-vii.1-hdf5/neutron/Zr91.h5
 Reading Zr92 from /home/diogo/openmc_data/endfb-vii.1-hdf5/neutron/Zr92.h5
 Reading Zr94 from /home/diogo/openmc_data/endfb-vii.1-hdf5/neutron/Zr94.h5
 Reading Zr96 from /home/diogo/openmc_data/endfb-vii.1-hdf5/neutron/Zr96.h5
 Reading Sn112 from /home/diogo/openmc_data/endfb-vii.1-hdf5/neutron/Sn112.h5
 Reading Sn114 from /home/diogo/openmc_data/endfb-vii.1-hdf5/neutron/Sn114.h5
 Reading Sn115 from /home/diogo/openmc_data/endfb-vii.1-hdf5/neutron/Sn115.h5
 Reading Sn116 from /home/diogo/openmc_data/endfb-vii.1-hdf5/neutron/Sn116.h5
 Reading Sn117 from /home/diogo/openmc_data/endfb-vii.1-hdf5/neutron/Sn117.h5
 Reading Sn118 from /home/diogo/openmc_data/endfb-vii.1-hdf5/neutron/Sn118.h5
 Reading Sn119 from /home/diogo/openmc_data/endfb-vii.1-hdf5/neutron/Sn119.h5
 Reading Sn120 from /home/diogo/openmc_data/endfb-vii.1-hdf5/neutron/Sn120.h5
 Reading Sn122 from /home/diogo/openmc_data/endfb-vii.1-hdf5/neutron/Sn122.h5
 Reading Sn124 from /home/diogo/openmc_data/endfb-vii.1-hdf5/neutron/Sn124.h5
 Reading He3 from /home/diogo/openmc_data/endfb-vii.1-hdf5/neutron/He3.h5
 Reading He4 from /home/diogo/openmc_data/endfb-vii.1-hdf5/neutron/He4.h5
 Reading U234 from /home/diogo/openmc_data/endfb-vii.1-hdf5/neutron/U234.h5
 Reading U235 from /home/diogo/openmc_data/endfb-vii.1-hdf5/neutron/U235.h5
 Reading U238 from /home/diogo/openmc_data/endfb-vii.1-hdf5/neutron/U238.h5
 Reading Gd152 from /home/diogo/openmc_data/endfb-vii.1-hdf5/neutron/Gd152.h5
 Reading Gd154 from /home/diogo/openmc_data/endfb-vii.1-hdf5/neutron/Gd154.h5
 Reading Gd155 from /home/diogo/openmc_data/endfb-vii.1-hdf5/neutron/Gd155.h5
 Reading Gd156 from /home/diogo/openmc_data/endfb-vii.1-hdf5/neutron/Gd156.h5
 Reading Gd157 from /home/diogo/openmc_data/endfb-vii.1-hdf5/neutron/Gd157.h5
 Reading Gd158 from /home/diogo/openmc_data/endfb-vii.1-hdf5/neutron/Gd158.h5
 Reading Gd160 from /home/diogo/openmc_data/endfb-vii.1-hdf5/neutron/Gd160.h5
 Reading Si28 from /home/diogo/openmc_data/endfb-vii.1-hdf5/neutron/Si28.h5
 Reading Si29 from /home/diogo/openmc_data/endfb-vii.1-hdf5/neutron/Si29.h5
 Reading Si30 from /home/diogo/openmc_data/endfb-vii.1-hdf5/neutron/Si30.h5
 Reading Ag107 from /home/diogo/openmc_data/endfb-vii.1-hdf5/neutron/Ag107.h5
 Reading Ag109 from /home/diogo/openmc_data/endfb-vii.1-hdf5/neutron/Ag109.h5
 Reading Cd106 from /home/diogo/openmc_data/endfb-vii.1-hdf5/neutron/Cd106.h5
 WARNING: Negative value(s) found on probability table for nuclide Cd106 at 294K
 WARNING: Negative value(s) found on probability table for nuclide Cd106 at 600K
 WARNING: Negative value(s) found on probability table for nuclide Cd106 at 900K
 WARNING: Negative value(s) found on probability table for nuclide Cd106 at
          1200K
 WARNING: Negative value(s) found on probability table for nuclide Cd106 at
          2500K
 Reading Cd108 from /home/diogo/openmc_data/endfb-vii.1-hdf5/neutron/Cd108.h5
 Reading Cd110 from /home/diogo/openmc_data/endfb-vii.1-hdf5/neutron/Cd110.h5
 Reading Cd111 from /home/diogo/openmc_data/endfb-vii.1-hdf5/neutron/Cd111.h5
 Reading Cd112 from /home/diogo/openmc_data/endfb-vii.1-hdf5/neutron/Cd112.h5
 Reading Cd113 from /home/diogo/openmc_data/endfb-vii.1-hdf5/neutron/Cd113.h5
 Reading Cd114 from /home/diogo/openmc_data/endfb-vii.1-hdf5/neutron/Cd114.h5
 Reading Cd116 from /home/diogo/openmc_data/endfb-vii.1-hdf5/neutron/Cd116.h5
 Reading In113 from /home/diogo/openmc_data/endfb-vii.1-hdf5/neutron/In113.h5
 Reading In115 from /home/diogo/openmc_data/endfb-vii.1-hdf5/neutron/In115.h5
 Reading c_H_in_H2O from
 /home/diogo/openmc_data/endfb-vii.1-hdf5/neutron/c_H_in_H2O.h5
 Minimum neutron data temperature: 0 K
 Maximum neutron data temperature: 1.7976931348623157e+308 K
 Reading tallies XML file...
 Preparing distributed cell instances...
 Reading plot XML file...
 Writing summary.h5 file...
[openmc.deplete] t=116834482.39194909 s, dt=34617624.412429355 s, source=47530403.312130906
[openmc.deplete] t=151452106.80437845 s, dt=34617624.412429355 s, source=47530403.312130906
 Reading H3 from /home/diogo/openmc_data/endfb-vii.1-hdf5/neutron/H3.h5
 Reading Li6 from /home/diogo/openmc_data/endfb-vii.1-hdf5/neutron/Li6.h5
 Reading Li7 from /home/diogo/openmc_data/endfb-vii.1-hdf5/neutron/Li7.h5
 Reading N14 from /home/diogo/openmc_data/endfb-vii.1-hdf5/neutron/N14.h5
 Reading N15 from /home/diogo/openmc_data/endfb-vii.1-hdf5/neutron/N15.h5
 Reading F19 from /home/diogo/openmc_data/endfb-vii.1-hdf5/neutron/F19.h5
 Reading Na22 from /home/diogo/openmc_data/endfb-vii.1-hdf5/neutron/Na22.h5
 WARNING: Negative value(s) found on probability table for nuclide Na22 at 250K
 WARNING: Negative value(s) found on probability table for nuclide Na22 at 294K
 WARNING: Negative value(s) found on probability table for nuclide Na22 at 600K
 WARNING: Negative value(s) found on probability table for nuclide Na22 at 900K
 WARNING: Negative value(s) found on probability table for nuclide Na22 at 1200K
 WARNING: Negative value(s) found on probability table for nuclide Na22 at 2500K
 Reading Na23 from /home/diogo/openmc_data/endfb-vii.1-hdf5/neutron/Na23.h5
 Reading Mg24 from /home/diogo/openmc_data/endfb-vii.1-hdf5/neutron/Mg24.h5
 Reading Mg25 from /home/diogo/openmc_data/endfb-vii.1-hdf5/neutron/Mg25.h5
 Reading Mg26 from /home/diogo/openmc_data/endfb-vii.1-hdf5/neutron/Mg26.h5
 Reading Al27 from /home/diogo/openmc_data/endfb-vii.1-hdf5/neutron/Al27.h5
 Reading P31 from /home/diogo/openmc_data/endfb-vii.1-hdf5/neutron/P31.h5
 Reading S32 from /home/diogo/openmc_data/endfb-vii.1-hdf5/neutron/S32.h5
 Reading S33 from /home/diogo/openmc_data/endfb-vii.1-hdf5/neutron/S33.h5
 Reading S34 from /home/diogo/openmc_data/endfb-vii.1-hdf5/neutron/S34.h5
 Reading S36 from /home/diogo/openmc_data/endfb-vii.1-hdf5/neutron/S36.h5
 Reading Cl35 from /home/diogo/openmc_data/endfb-vii.1-hdf5/neutron/Cl35.h5
 Reading Cl37 from /home/diogo/openmc_data/endfb-vii.1-hdf5/neutron/Cl37.h5
 Reading Ar36 from /home/diogo/openmc_data/endfb-vii.1-hdf5/neutron/Ar36.h5
 WARNING: Negative value(s) found on probability table for nuclide Ar36 at 250K
 WARNING: Negative value(s) found on probability table for nuclide Ar36 at 294K
 WARNING: Negative value(s) found on probability table for nuclide Ar36 at 600K
 WARNING: Negative value(s) found on probability table for nuclide Ar36 at 900K
 WARNING: Negative value(s) found on probability table for nuclide Ar36 at 1200K
 WARNING: Negative value(s) found on probability table for nuclide Ar36 at 2500K
 Reading Ar38 from /home/diogo/openmc_data/endfb-vii.1-hdf5/neutron/Ar38.h5
 Reading Ar40 from /home/diogo/openmc_data/endfb-vii.1-hdf5/neutron/Ar40.h5
 Reading K39 from /home/diogo/openmc_data/endfb-vii.1-hdf5/neutron/K39.h5
 Reading K40 from /home/diogo/openmc_data/endfb-vii.1-hdf5/neutron/K40.h5
 Reading K41 from /home/diogo/openmc_data/endfb-vii.1-hdf5/neutron/K41.h5
 Reading Ca40 from /home/diogo/openmc_data/endfb-vii.1-hdf5/neutron/Ca40.h5
 Reading Ca42 from /home/diogo/openmc_data/endfb-vii.1-hdf5/neutron/Ca42.h5
 Reading Ca43 from /home/diogo/openmc_data/endfb-vii.1-hdf5/neutron/Ca43.h5
 Reading Ca44 from /home/diogo/openmc_data/endfb-vii.1-hdf5/neutron/Ca44.h5
 Reading Ca46 from /home/diogo/openmc_data/endfb-vii.1-hdf5/neutron/Ca46.h5
 Reading Sc45 from /home/diogo/openmc_data/endfb-vii.1-hdf5/neutron/Sc45.h5
 Reading Ti46 from /home/diogo/openmc_data/endfb-vii.1-hdf5/neutron/Ti46.h5
 Reading Ti47 from /home/diogo/openmc_data/endfb-vii.1-hdf5/neutron/Ti47.h5
 Reading Ti48 from /home/diogo/openmc_data/endfb-vii.1-hdf5/neutron/Ti48.h5
 Reading Ti49 from /home/diogo/openmc_data/endfb-vii.1-hdf5/neutron/Ti49.h5
 Reading Ti50 from /home/diogo/openmc_data/endfb-vii.1-hdf5/neutron/Ti50.h5
 Reading V50 from /home/diogo/openmc_data/endfb-vii.1-hdf5/neutron/V50.h5
 Reading V51 from /home/diogo/openmc_data/endfb-vii.1-hdf5/neutron/V51.h5
 Reading Co58 from /home/diogo/openmc_data/endfb-vii.1-hdf5/neutron/Co58.h5
 Reading Co59 from /home/diogo/openmc_data/endfb-vii.1-hdf5/neutron/Co59.h5
 Reading Ni59 from /home/diogo/openmc_data/endfb-vii.1-hdf5/neutron/Ni59.h5
 Reading Cu63 from /home/diogo/openmc_data/endfb-vii.1-hdf5/neutron/Cu63.h5
 Reading Cu65 from /home/diogo/openmc_data/endfb-vii.1-hdf5/neutron/Cu65.h5
 Reading Zn64 from /home/diogo/openmc_data/endfb-vii.1-hdf5/neutron/Zn64.h5
 Reading Zn65 from /home/diogo/openmc_data/endfb-vii.1-hdf5/neutron/Zn65.h5
 Reading Zn66 from /home/diogo/openmc_data/endfb-vii.1-hdf5/neutron/Zn66.h5
 Reading Zn67 from /home/diogo/openmc_data/endfb-vii.1-hdf5/neutron/Zn67.h5
 Reading Zn68 from /home/diogo/openmc_data/endfb-vii.1-hdf5/neutron/Zn68.h5
 Reading Zn70 from /home/diogo/openmc_data/endfb-vii.1-hdf5/neutron/Zn70.h5
 Reading Ga69 from /home/diogo/openmc_data/endfb-vii.1-hdf5/neutron/Ga69.h5
 Reading Ga71 from /home/diogo/openmc_data/endfb-vii.1-hdf5/neutron/Ga71.h5
 Reading Ge70 from /home/diogo/openmc_data/endfb-vii.1-hdf5/neutron/Ge70.h5
 Reading Ge72 from /home/diogo/openmc_data/endfb-vii.1-hdf5/neutron/Ge72.h5
 Reading Ge73 from /home/diogo/openmc_data/endfb-vii.1-hdf5/neutron/Ge73.h5
 Reading Ge74 from /home/diogo/openmc_data/endfb-vii.1-hdf5/neutron/Ge74.h5
 Reading Ge76 from /home/diogo/openmc_data/endfb-vii.1-hdf5/neutron/Ge76.h5
 Reading As74 from /home/diogo/openmc_data/endfb-vii.1-hdf5/neutron/As74.h5
 Reading As75 from /home/diogo/openmc_data/endfb-vii.1-hdf5/neutron/As75.h5
 Reading Se74 from /home/diogo/openmc_data/endfb-vii.1-hdf5/neutron/Se74.h5
 Reading Se76 from /home/diogo/openmc_data/endfb-vii.1-hdf5/neutron/Se76.h5
 Reading Se77 from /home/diogo/openmc_data/endfb-vii.1-hdf5/neutron/Se77.h5
 Reading Se78 from /home/diogo/openmc_data/endfb-vii.1-hdf5/neutron/Se78.h5
 Reading Se79 from /home/diogo/openmc_data/endfb-vii.1-hdf5/neutron/Se79.h5
 WARNING: Negative value(s) found on probability table for nuclide Se79 at 250K
 WARNING: Negative value(s) found on probability table for nuclide Se79 at 294K
 WARNING: Negative value(s) found on probability table for nuclide Se79 at 600K
 WARNING: Negative value(s) found on probability table for nuclide Se79 at 900K
 WARNING: Negative value(s) found on probability table for nuclide Se79 at 1200K
 Reading Se80 from /home/diogo/openmc_data/endfb-vii.1-hdf5/neutron/Se80.h5
 Reading Se82 from /home/diogo/openmc_data/endfb-vii.1-hdf5/neutron/Se82.h5
 Reading Br79 from /home/diogo/openmc_data/endfb-vii.1-hdf5/neutron/Br79.h5
 Reading Br81 from /home/diogo/openmc_data/endfb-vii.1-hdf5/neutron/Br81.h5
 Reading Kr78 from /home/diogo/openmc_data/endfb-vii.1-hdf5/neutron/Kr78.h5
 Reading Kr80 from /home/diogo/openmc_data/endfb-vii.1-hdf5/neutron/Kr80.h5
 Reading Kr82 from /home/diogo/openmc_data/endfb-vii.1-hdf5/neutron/Kr82.h5
 Reading Kr83 from /home/diogo/openmc_data/endfb-vii.1-hdf5/neutron/Kr83.h5
 Reading Kr84 from /home/diogo/openmc_data/endfb-vii.1-hdf5/neutron/Kr84.h5
 Reading Kr85 from /home/diogo/openmc_data/endfb-vii.1-hdf5/neutron/Kr85.h5
 Reading Kr86 from /home/diogo/openmc_data/endfb-vii.1-hdf5/neutron/Kr86.h5
 Reading Rb85 from /home/diogo/openmc_data/endfb-vii.1-hdf5/neutron/Rb85.h5
 Reading Rb86 from /home/diogo/openmc_data/endfb-vii.1-hdf5/neutron/Rb86.h5
 Reading Rb87 from /home/diogo/openmc_data/endfb-vii.1-hdf5/neutron/Rb87.h5
 Reading Sr84 from /home/diogo/openmc_data/endfb-vii.1-hdf5/neutron/Sr84.h5
 Reading Sr86 from /home/diogo/openmc_data/endfb-vii.1-hdf5/neutron/Sr86.h5
 Reading Sr87 from /home/diogo/openmc_data/endfb-vii.1-hdf5/neutron/Sr87.h5
 Reading Sr88 from /home/diogo/openmc_data/endfb-vii.1-hdf5/neutron/Sr88.h5
 Reading Sr89 from /home/diogo/openmc_data/endfb-vii.1-hdf5/neutron/Sr89.h5
 Reading Sr90 from /home/diogo/openmc_data/endfb-vii.1-hdf5/neutron/Sr90.h5
 Reading Y89 from /home/diogo/openmc_data/endfb-vii.1-hdf5/neutron/Y89.h5
 Reading Y90 from /home/diogo/openmc_data/endfb-vii.1-hdf5/neutron/Y90.h5
 Reading Y91 from /home/diogo/openmc_data/endfb-vii.1-hdf5/neutron/Y91.h5
 Reading Zr93 from /home/diogo/openmc_data/endfb-vii.1-hdf5/neutron/Zr93.h5
 Reading Zr95 from /home/diogo/openmc_data/endfb-vii.1-hdf5/neutron/Zr95.h5
 Reading Nb93 from /home/diogo/openmc_data/endfb-vii.1-hdf5/neutron/Nb93.h5
 Reading Nb94 from /home/diogo/openmc_data/endfb-vii.1-hdf5/neutron/Nb94.h5
 WARNING: Negative value(s) found on probability table for nuclide Nb94 at 250K
 WARNING: Negative value(s) found on probability table for nuclide Nb94 at 294K
 WARNING: Negative value(s) found on probability table for nuclide Nb94 at 600K
 WARNING: Negative value(s) found on probability table for nuclide Nb94 at 900K
 WARNING: Negative value(s) found on probability table for nuclide Nb94 at 1200K
 WARNING: Negative value(s) found on probability table for nuclide Nb94 at 2500K
 Reading Nb95 from /home/diogo/openmc_data/endfb-vii.1-hdf5/neutron/Nb95.h5
 WARNING: Negative value(s) found on probability table for nuclide Nb95 at 250K
 WARNING: Negative value(s) found on probability table for nuclide Nb95 at 294K
 WARNING: Negative value(s) found on probability table for nuclide Nb95 at 600K
 WARNING: Negative value(s) found on probability table for nuclide Nb95 at 900K
 WARNING: Negative value(s) found on probability table for nuclide Nb95 at 1200K
 Reading Mo92 from /home/diogo/openmc_data/endfb-vii.1-hdf5/neutron/Mo92.h5
 Reading Mo94 from /home/diogo/openmc_data/endfb-vii.1-hdf5/neutron/Mo94.h5
 Reading Mo95 from /home/diogo/openmc_data/endfb-vii.1-hdf5/neutron/Mo95.h5
 Reading Mo96 from /home/diogo/openmc_data/endfb-vii.1-hdf5/neutron/Mo96.h5
 Reading Mo97 from /home/diogo/openmc_data/endfb-vii.1-hdf5/neutron/Mo97.h5
 Reading Mo98 from /home/diogo/openmc_data/endfb-vii.1-hdf5/neutron/Mo98.h5
 Reading Mo99 from /home/diogo/openmc_data/endfb-vii.1-hdf5/neutron/Mo99.h5
 WARNING: Negative value(s) found on probability table for nuclide Mo99 at 250K
 WARNING: Negative value(s) found on probability table for nuclide Mo99 at 294K
 WARNING: Negative value(s) found on probability table for nuclide Mo99 at 600K
 WARNING: Negative value(s) found on probability table for nuclide Mo99 at 900K
 WARNING: Negative value(s) found on probability table for nuclide Mo99 at 1200K
 WARNING: Negative value(s) found on probability table for nuclide Mo99 at 2500K
 Reading Mo100 from /home/diogo/openmc_data/endfb-vii.1-hdf5/neutron/Mo100.h5
 Reading Tc99 from /home/diogo/openmc_data/endfb-vii.1-hdf5/neutron/Tc99.h5
 Reading Ru98 from /home/diogo/openmc_data/endfb-vii.1-hdf5/neutron/Ru98.h5
 Reading Ru99 from /home/diogo/openmc_data/endfb-vii.1-hdf5/neutron/Ru99.h5
 Reading Ru100 from /home/diogo/openmc_data/endfb-vii.1-hdf5/neutron/Ru100.h5
 Reading Ru101 from /home/diogo/openmc_data/endfb-vii.1-hdf5/neutron/Ru101.h5
 Reading Ru102 from /home/diogo/openmc_data/endfb-vii.1-hdf5/neutron/Ru102.h5
 Reading Ru103 from /home/diogo/openmc_data/endfb-vii.1-hdf5/neutron/Ru103.h5
 Reading Ru104 from /home/diogo/openmc_data/endfb-vii.1-hdf5/neutron/Ru104.h5
 Reading Ru105 from /home/diogo/openmc_data/endfb-vii.1-hdf5/neutron/Ru105.h5
 Reading Ru106 from /home/diogo/openmc_data/endfb-vii.1-hdf5/neutron/Ru106.h5
 Reading Rh103 from /home/diogo/openmc_data/endfb-vii.1-hdf5/neutron/Rh103.h5
 Reading Rh105 from /home/diogo/openmc_data/endfb-vii.1-hdf5/neutron/Rh105.h5
 Reading Pd102 from /home/diogo/openmc_data/endfb-vii.1-hdf5/neutron/Pd102.h5
 Reading Pd104 from /home/diogo/openmc_data/endfb-vii.1-hdf5/neutron/Pd104.h5
 Reading Pd105 from /home/diogo/openmc_data/endfb-vii.1-hdf5/neutron/Pd105.h5
 Reading Pd106 from /home/diogo/openmc_data/endfb-vii.1-hdf5/neutron/Pd106.h5
 Reading Pd107 from /home/diogo/openmc_data/endfb-vii.1-hdf5/neutron/Pd107.h5
 Reading Pd108 from /home/diogo/openmc_data/endfb-vii.1-hdf5/neutron/Pd108.h5
 Reading Pd110 from /home/diogo/openmc_data/endfb-vii.1-hdf5/neutron/Pd110.h5
 Reading Ag110_m1 from
 /home/diogo/openmc_data/endfb-vii.1-hdf5/neutron/Ag110_m1.h5
 Reading Ag111 from /home/diogo/openmc_data/endfb-vii.1-hdf5/neutron/Ag111.h5
 Reading Cd115_m1 from
 /home/diogo/openmc_data/endfb-vii.1-hdf5/neutron/Cd115_m1.h5
 Reading Sn113 from /home/diogo/openmc_data/endfb-vii.1-hdf5/neutron/Sn113.h5
 Reading Sn123 from /home/diogo/openmc_data/endfb-vii.1-hdf5/neutron/Sn123.h5
 WARNING: Negative value(s) found on probability table for nuclide Sn123 at 250K
 WARNING: Negative value(s) found on probability table for nuclide Sn123 at 294K
 WARNING: Negative value(s) found on probability table for nuclide Sn123 at 600K
 WARNING: Negative value(s) found on probability table for nuclide Sn123 at 900K
 WARNING: Negative value(s) found on probability table for nuclide Sn123 at
          1200K
 WARNING: Negative value(s) found on probability table for nuclide Sn123 at
          2500K
 Reading Sn125 from /home/diogo/openmc_data/endfb-vii.1-hdf5/neutron/Sn125.h5
 Reading Sn126 from /home/diogo/openmc_data/endfb-vii.1-hdf5/neutron/Sn126.h5
 Reading Sb121 from /home/diogo/openmc_data/endfb-vii.1-hdf5/neutron/Sb121.h5
 Reading Sb123 from /home/diogo/openmc_data/endfb-vii.1-hdf5/neutron/Sb123.h5
 Reading Sb124 from /home/diogo/openmc_data/endfb-vii.1-hdf5/neutron/Sb124.h5
 Reading Sb125 from /home/diogo/openmc_data/endfb-vii.1-hdf5/neutron/Sb125.h5
 Reading Sb126 from /home/diogo/openmc_data/endfb-vii.1-hdf5/neutron/Sb126.h5
 Reading Te120 from /home/diogo/openmc_data/endfb-vii.1-hdf5/neutron/Te120.h5
 WARNING: Negative value(s) found on probability table for nuclide Te120 at 600K
 WARNING: Negative value(s) found on probability table for nuclide Te120 at 900K
 WARNING: Negative value(s) found on probability table for nuclide Te120 at
          1200K
 WARNING: Negative value(s) found on probability table for nuclide Te120 at
          2500K
 Reading Te122 from /home/diogo/openmc_data/endfb-vii.1-hdf5/neutron/Te122.h5
 Reading Te123 from /home/diogo/openmc_data/endfb-vii.1-hdf5/neutron/Te123.h5
 Reading Te124 from /home/diogo/openmc_data/endfb-vii.1-hdf5/neutron/Te124.h5
 Reading Te125 from /home/diogo/openmc_data/endfb-vii.1-hdf5/neutron/Te125.h5
 Reading Te126 from /home/diogo/openmc_data/endfb-vii.1-hdf5/neutron/Te126.h5
 Reading Te127_m1 from
 /home/diogo/openmc_data/endfb-vii.1-hdf5/neutron/Te127_m1.h5
 Reading Te128 from /home/diogo/openmc_data/endfb-vii.1-hdf5/neutron/Te128.h5
 Reading Te129_m1 from
 /home/diogo/openmc_data/endfb-vii.1-hdf5/neutron/Te129_m1.h5
 Reading Te130 from /home/diogo/openmc_data/endfb-vii.1-hdf5/neutron/Te130.h5
 Reading Te132 from /home/diogo/openmc_data/endfb-vii.1-hdf5/neutron/Te132.h5
 Reading I127 from /home/diogo/openmc_data/endfb-vii.1-hdf5/neutron/I127.h5
 Reading I129 from /home/diogo/openmc_data/endfb-vii.1-hdf5/neutron/I129.h5
 Reading I130 from /home/diogo/openmc_data/endfb-vii.1-hdf5/neutron/I130.h5
 Reading I131 from /home/diogo/openmc_data/endfb-vii.1-hdf5/neutron/I131.h5
 WARNING: Negative value(s) found on probability table for nuclide I131 at 250K
 WARNING: Negative value(s) found on probability table for nuclide I131 at 294K
 WARNING: Negative value(s) found on probability table for nuclide I131 at 600K
 WARNING: Negative value(s) found on probability table for nuclide I131 at 900K
 WARNING: Negative value(s) found on probability table for nuclide I131 at 1200K
 WARNING: Negative value(s) found on probability table for nuclide I131 at 2500K
 Reading I135 from /home/diogo/openmc_data/endfb-vii.1-hdf5/neutron/I135.h5
 Reading Xe126 from /home/diogo/openmc_data/endfb-vii.1-hdf5/neutron/Xe126.h5
 Reading Xe128 from /home/diogo/openmc_data/endfb-vii.1-hdf5/neutron/Xe128.h5
 Reading Xe129 from /home/diogo/openmc_data/endfb-vii.1-hdf5/neutron/Xe129.h5
 Reading Xe130 from /home/diogo/openmc_data/endfb-vii.1-hdf5/neutron/Xe130.h5
 Reading Xe131 from /home/diogo/openmc_data/endfb-vii.1-hdf5/neutron/Xe131.h5
 Reading Xe132 from /home/diogo/openmc_data/endfb-vii.1-hdf5/neutron/Xe132.h5
 Reading Xe133 from /home/diogo/openmc_data/endfb-vii.1-hdf5/neutron/Xe133.h5
 WARNING: Negative value(s) found on probability table for nuclide Xe133 at
          2500K
 Reading Xe134 from /home/diogo/openmc_data/endfb-vii.1-hdf5/neutron/Xe134.h5
 Reading Xe135 from /home/diogo/openmc_data/endfb-vii.1-hdf5/neutron/Xe135.h5
 Reading Xe136 from /home/diogo/openmc_data/endfb-vii.1-hdf5/neutron/Xe136.h5
 Reading Cs133 from /home/diogo/openmc_data/endfb-vii.1-hdf5/neutron/Cs133.h5
 Reading Cs134 from /home/diogo/openmc_data/endfb-vii.1-hdf5/neutron/Cs134.h5
 Reading Cs135 from /home/diogo/openmc_data/endfb-vii.1-hdf5/neutron/Cs135.h5
 Reading Cs136 from /home/diogo/openmc_data/endfb-vii.1-hdf5/neutron/Cs136.h5
 WARNING: Negative value(s) found on probability table for nuclide Cs136 at 250K
 WARNING: Negative value(s) found on probability table for nuclide Cs136 at 294K
 WARNING: Negative value(s) found on probability table for nuclide Cs136 at 600K
 WARNING: Negative value(s) found on probability table for nuclide Cs136 at 900K
 WARNING: Negative value(s) found on probability table for nuclide Cs136 at
          1200K
 WARNING: Negative value(s) found on probability table for nuclide Cs136 at
          2500K
 Reading Cs137 from /home/diogo/openmc_data/endfb-vii.1-hdf5/neutron/Cs137.h5
 Reading Ba132 from /home/diogo/openmc_data/endfb-vii.1-hdf5/neutron/Ba132.h5
 Reading Ba133 from /home/diogo/openmc_data/endfb-vii.1-hdf5/neutron/Ba133.h5
 Reading Ba134 from /home/diogo/openmc_data/endfb-vii.1-hdf5/neutron/Ba134.h5
 Reading Ba135 from /home/diogo/openmc_data/endfb-vii.1-hdf5/neutron/Ba135.h5
 Reading Ba136 from /home/diogo/openmc_data/endfb-vii.1-hdf5/neutron/Ba136.h5
 Reading Ba137 from /home/diogo/openmc_data/endfb-vii.1-hdf5/neutron/Ba137.h5
 Reading Ba138 from /home/diogo/openmc_data/endfb-vii.1-hdf5/neutron/Ba138.h5
 Reading Ba140 from /home/diogo/openmc_data/endfb-vii.1-hdf5/neutron/Ba140.h5
 Reading La138 from /home/diogo/openmc_data/endfb-vii.1-hdf5/neutron/La138.h5
 Reading La139 from /home/diogo/openmc_data/endfb-vii.1-hdf5/neutron/La139.h5
 Reading La140 from /home/diogo/openmc_data/endfb-vii.1-hdf5/neutron/La140.h5
 Reading Ce138 from /home/diogo/openmc_data/endfb-vii.1-hdf5/neutron/Ce138.h5
 Reading Ce139 from /home/diogo/openmc_data/endfb-vii.1-hdf5/neutron/Ce139.h5
 Reading Ce140 from /home/diogo/openmc_data/endfb-vii.1-hdf5/neutron/Ce140.h5
 Reading Ce141 from /home/diogo/openmc_data/endfb-vii.1-hdf5/neutron/Ce141.h5
 Reading Ce142 from /home/diogo/openmc_data/endfb-vii.1-hdf5/neutron/Ce142.h5
 Reading Ce143 from /home/diogo/openmc_data/endfb-vii.1-hdf5/neutron/Ce143.h5
 Reading Ce144 from /home/diogo/openmc_data/endfb-vii.1-hdf5/neutron/Ce144.h5
 Reading Pr141 from /home/diogo/openmc_data/endfb-vii.1-hdf5/neutron/Pr141.h5
 Reading Pr142 from /home/diogo/openmc_data/endfb-vii.1-hdf5/neutron/Pr142.h5
 Reading Pr143 from /home/diogo/openmc_data/endfb-vii.1-hdf5/neutron/Pr143.h5
 Reading Nd142 from /home/diogo/openmc_data/endfb-vii.1-hdf5/neutron/Nd142.h5
 Reading Nd143 from /home/diogo/openmc_data/endfb-vii.1-hdf5/neutron/Nd143.h5
 Reading Nd144 from /home/diogo/openmc_data/endfb-vii.1-hdf5/neutron/Nd144.h5
 Reading Nd145 from /home/diogo/openmc_data/endfb-vii.1-hdf5/neutron/Nd145.h5
 Reading Nd146 from /home/diogo/openmc_data/endfb-vii.1-hdf5/neutron/Nd146.h5
 Reading Nd147 from /home/diogo/openmc_data/endfb-vii.1-hdf5/neutron/Nd147.h5
 Reading Nd148 from /home/diogo/openmc_data/endfb-vii.1-hdf5/neutron/Nd148.h5
 Reading Nd150 from /home/diogo/openmc_data/endfb-vii.1-hdf5/neutron/Nd150.h5
 Reading Pm147 from /home/diogo/openmc_data/endfb-vii.1-hdf5/neutron/Pm147.h5
 Reading Pm148 from /home/diogo/openmc_data/endfb-vii.1-hdf5/neutron/Pm148.h5
 Reading Pm148_m1 from
 /home/diogo/openmc_data/endfb-vii.1-hdf5/neutron/Pm148_m1.h5
 Reading Pm149 from /home/diogo/openmc_data/endfb-vii.1-hdf5/neutron/Pm149.h5
 Reading Pm151 from /home/diogo/openmc_data/endfb-vii.1-hdf5/neutron/Pm151.h5
 Reading Sm144 from /home/diogo/openmc_data/endfb-vii.1-hdf5/neutron/Sm144.h5
 Reading Sm147 from /home/diogo/openmc_data/endfb-vii.1-hdf5/neutron/Sm147.h5
 Reading Sm148 from /home/diogo/openmc_data/endfb-vii.1-hdf5/neutron/Sm148.h5
 Reading Sm149 from /home/diogo/openmc_data/endfb-vii.1-hdf5/neutron/Sm149.h5
 Reading Sm150 from /home/diogo/openmc_data/endfb-vii.1-hdf5/neutron/Sm150.h5
 Reading Sm151 from /home/diogo/openmc_data/endfb-vii.1-hdf5/neutron/Sm151.h5
 Reading Sm152 from /home/diogo/openmc_data/endfb-vii.1-hdf5/neutron/Sm152.h5
 Reading Sm153 from /home/diogo/openmc_data/endfb-vii.1-hdf5/neutron/Sm153.h5
 Reading Sm154 from /home/diogo/openmc_data/endfb-vii.1-hdf5/neutron/Sm154.h5
 Reading Eu151 from /home/diogo/openmc_data/endfb-vii.1-hdf5/neutron/Eu151.h5
 Reading Eu152 from /home/diogo/openmc_data/endfb-vii.1-hdf5/neutron/Eu152.h5
 Reading Eu153 from /home/diogo/openmc_data/endfb-vii.1-hdf5/neutron/Eu153.h5
 Reading Eu154 from /home/diogo/openmc_data/endfb-vii.1-hdf5/neutron/Eu154.h5
 Reading Eu155 from /home/diogo/openmc_data/endfb-vii.1-hdf5/neutron/Eu155.h5
 Reading Eu156 from /home/diogo/openmc_data/endfb-vii.1-hdf5/neutron/Eu156.h5
 WARNING: Negative value(s) found on probability table for nuclide Eu156 at 250K
 WARNING: Negative value(s) found on probability table for nuclide Eu156 at 294K
 WARNING: Negative value(s) found on probability table for nuclide Eu156 at 600K
 WARNING: Negative value(s) found on probability table for nuclide Eu156 at 900K
 WARNING: Negative value(s) found on probability table for nuclide Eu156 at
          1200K
 WARNING: Negative value(s) found on probability table for nuclide Eu156 at
          2500K
 Reading Eu157 from /home/diogo/openmc_data/endfb-vii.1-hdf5/neutron/Eu157.h5
 Reading Gd153 from /home/diogo/openmc_data/endfb-vii.1-hdf5/neutron/Gd153.h5
 Reading Tb159 from /home/diogo/openmc_data/endfb-vii.1-hdf5/neutron/Tb159.h5
 Reading Tb160 from /home/diogo/openmc_data/endfb-vii.1-hdf5/neutron/Tb160.h5
 Reading Dy156 from /home/diogo/openmc_data/endfb-vii.1-hdf5/neutron/Dy156.h5
 Reading Dy158 from /home/diogo/openmc_data/endfb-vii.1-hdf5/neutron/Dy158.h5
 Reading Dy160 from /home/diogo/openmc_data/endfb-vii.1-hdf5/neutron/Dy160.h5
 Reading Dy161 from /home/diogo/openmc_data/endfb-vii.1-hdf5/neutron/Dy161.h5
 Reading Dy162 from /home/diogo/openmc_data/endfb-vii.1-hdf5/neutron/Dy162.h5
 Reading Dy163 from /home/diogo/openmc_data/endfb-vii.1-hdf5/neutron/Dy163.h5
 Reading Dy164 from /home/diogo/openmc_data/endfb-vii.1-hdf5/neutron/Dy164.h5
 Reading Ho165 from /home/diogo/openmc_data/endfb-vii.1-hdf5/neutron/Ho165.h5
 Reading Ho166_m1 from
 /home/diogo/openmc_data/endfb-vii.1-hdf5/neutron/Ho166_m1.h5
 Reading Er162 from /home/diogo/openmc_data/endfb-vii.1-hdf5/neutron/Er162.h5
 Reading Er164 from /home/diogo/openmc_data/endfb-vii.1-hdf5/neutron/Er164.h5
 Reading Er166 from /home/diogo/openmc_data/endfb-vii.1-hdf5/neutron/Er166.h5
 Reading Er167 from /home/diogo/openmc_data/endfb-vii.1-hdf5/neutron/Er167.h5
 Reading Er168 from /home/diogo/openmc_data/endfb-vii.1-hdf5/neutron/Er168.h5
 Reading Er170 from /home/diogo/openmc_data/endfb-vii.1-hdf5/neutron/Er170.h5
 Reading Tm168 from /home/diogo/openmc_data/endfb-vii.1-hdf5/neutron/Tm168.h5
 Reading Tm169 from /home/diogo/openmc_data/endfb-vii.1-hdf5/neutron/Tm169.h5
 Reading Tm170 from /home/diogo/openmc_data/endfb-vii.1-hdf5/neutron/Tm170.h5
 Reading Lu175 from /home/diogo/openmc_data/endfb-vii.1-hdf5/neutron/Lu175.h5
 Reading Lu176 from /home/diogo/openmc_data/endfb-vii.1-hdf5/neutron/Lu176.h5
 Reading Hf176 from /home/diogo/openmc_data/endfb-vii.1-hdf5/neutron/Hf176.h5
 Reading Hf177 from /home/diogo/openmc_data/endfb-vii.1-hdf5/neutron/Hf177.h5
 Reading Hf178 from /home/diogo/openmc_data/endfb-vii.1-hdf5/neutron/Hf178.h5
 Reading Hf179 from /home/diogo/openmc_data/endfb-vii.1-hdf5/neutron/Hf179.h5
 Reading Hf180 from /home/diogo/openmc_data/endfb-vii.1-hdf5/neutron/Hf180.h5
 Reading Ta180 from /home/diogo/openmc_data/endfb-vii.1-hdf5/neutron/Ta180.h5
 Reading Ta181 from /home/diogo/openmc_data/endfb-vii.1-hdf5/neutron/Ta181.h5
 Reading Ta182 from /home/diogo/openmc_data/endfb-vii.1-hdf5/neutron/Ta182.h5
 Reading W180 from /home/diogo/openmc_data/endfb-vii.1-hdf5/neutron/W180.h5
 Reading W182 from /home/diogo/openmc_data/endfb-vii.1-hdf5/neutron/W182.h5
 Reading W183 from /home/diogo/openmc_data/endfb-vii.1-hdf5/neutron/W183.h5
 Reading W184 from /home/diogo/openmc_data/endfb-vii.1-hdf5/neutron/W184.h5
 Reading W186 from /home/diogo/openmc_data/endfb-vii.1-hdf5/neutron/W186.h5
 Reading Re185 from /home/diogo/openmc_data/endfb-vii.1-hdf5/neutron/Re185.h5
 Reading Re187 from /home/diogo/openmc_data/endfb-vii.1-hdf5/neutron/Re187.h5
 Reading Ir191 from /home/diogo/openmc_data/endfb-vii.1-hdf5/neutron/Ir191.h5
 Reading Ir193 from /home/diogo/openmc_data/endfb-vii.1-hdf5/neutron/Ir193.h5
 Reading Hg198 from /home/diogo/openmc_data/endfb-vii.1-hdf5/neutron/Hg198.h5
 Reading Hg199 from /home/diogo/openmc_data/endfb-vii.1-hdf5/neutron/Hg199.h5
 Reading Hg200 from /home/diogo/openmc_data/endfb-vii.1-hdf5/neutron/Hg200.h5
 Reading Hg201 from /home/diogo/openmc_data/endfb-vii.1-hdf5/neutron/Hg201.h5
 Reading Hg202 from /home/diogo/openmc_data/endfb-vii.1-hdf5/neutron/Hg202.h5
 Reading Hg204 from /home/diogo/openmc_data/endfb-vii.1-hdf5/neutron/Hg204.h5
 Reading Tl203 from /home/diogo/openmc_data/endfb-vii.1-hdf5/neutron/Tl203.h5
 Reading Tl205 from /home/diogo/openmc_data/endfb-vii.1-hdf5/neutron/Tl205.h5
 Reading Pb204 from /home/diogo/openmc_data/endfb-vii.1-hdf5/neutron/Pb204.h5
 Reading Pb206 from /home/diogo/openmc_data/endfb-vii.1-hdf5/neutron/Pb206.h5
 Reading Pb207 from /home/diogo/openmc_data/endfb-vii.1-hdf5/neutron/Pb207.h5
 Reading Pb208 from /home/diogo/openmc_data/endfb-vii.1-hdf5/neutron/Pb208.h5
 Reading Bi209 from /home/diogo/openmc_data/endfb-vii.1-hdf5/neutron/Bi209.h5
 Reading Ra223 from /home/diogo/openmc_data/endfb-vii.1-hdf5/neutron/Ra223.h5
 Reading Ra224 from /home/diogo/openmc_data/endfb-vii.1-hdf5/neutron/Ra224.h5
 Reading Ra225 from /home/diogo/openmc_data/endfb-vii.1-hdf5/neutron/Ra225.h5
 Reading Ra226 from /home/diogo/openmc_data/endfb-vii.1-hdf5/neutron/Ra226.h5
 Reading Ac225 from /home/diogo/openmc_data/endfb-vii.1-hdf5/neutron/Ac225.h5
 Reading Ac226 from /home/diogo/openmc_data/endfb-vii.1-hdf5/neutron/Ac226.h5
 Reading Ac227 from /home/diogo/openmc_data/endfb-vii.1-hdf5/neutron/Ac227.h5
 Reading Th227 from /home/diogo/openmc_data/endfb-vii.1-hdf5/neutron/Th227.h5
 Reading Th228 from /home/diogo/openmc_data/endfb-vii.1-hdf5/neutron/Th228.h5
 Reading Th229 from /home/diogo/openmc_data/endfb-vii.1-hdf5/neutron/Th229.h5
 Reading Th230 from /home/diogo/openmc_data/endfb-vii.1-hdf5/neutron/Th230.h5
 Reading Th231 from /home/diogo/openmc_data/endfb-vii.1-hdf5/neutron/Th231.h5
 Reading Th232 from /home/diogo/openmc_data/endfb-vii.1-hdf5/neutron/Th232.h5
 Reading Th233 from /home/diogo/openmc_data/endfb-vii.1-hdf5/neutron/Th233.h5
 Reading Th234 from /home/diogo/openmc_data/endfb-vii.1-hdf5/neutron/Th234.h5
 Reading Pa229 from /home/diogo/openmc_data/endfb-vii.1-hdf5/neutron/Pa229.h5
 Reading Pa230 from /home/diogo/openmc_data/endfb-vii.1-hdf5/neutron/Pa230.h5
 Reading Pa231 from /home/diogo/openmc_data/endfb-vii.1-hdf5/neutron/Pa231.h5
 Reading Pa232 from /home/diogo/openmc_data/endfb-vii.1-hdf5/neutron/Pa232.h5
 Reading Pa233 from /home/diogo/openmc_data/endfb-vii.1-hdf5/neutron/Pa233.h5
 Reading U230 from /home/diogo/openmc_data/endfb-vii.1-hdf5/neutron/U230.h5
 Reading U231 from /home/diogo/openmc_data/endfb-vii.1-hdf5/neutron/U231.h5
 Reading U232 from /home/diogo/openmc_data/endfb-vii.1-hdf5/neutron/U232.h5
 Reading U233 from /home/diogo/openmc_data/endfb-vii.1-hdf5/neutron/U233.h5
 Reading U236 from /home/diogo/openmc_data/endfb-vii.1-hdf5/neutron/U236.h5
 Reading U237 from /home/diogo/openmc_data/endfb-vii.1-hdf5/neutron/U237.h5
 Reading U239 from /home/diogo/openmc_data/endfb-vii.1-hdf5/neutron/U239.h5
 Reading U240 from /home/diogo/openmc_data/endfb-vii.1-hdf5/neutron/U240.h5
 Reading U241 from /home/diogo/openmc_data/endfb-vii.1-hdf5/neutron/U241.h5
 Reading Np234 from /home/diogo/openmc_data/endfb-vii.1-hdf5/neutron/Np234.h5
 Reading Np235 from /home/diogo/openmc_data/endfb-vii.1-hdf5/neutron/Np235.h5
 Reading Np236 from /home/diogo/openmc_data/endfb-vii.1-hdf5/neutron/Np236.h5
 Reading Np237 from /home/diogo/openmc_data/endfb-vii.1-hdf5/neutron/Np237.h5
 Reading Np238 from /home/diogo/openmc_data/endfb-vii.1-hdf5/neutron/Np238.h5
 Reading Np239 from /home/diogo/openmc_data/endfb-vii.1-hdf5/neutron/Np239.h5
 Reading Pu236 from /home/diogo/openmc_data/endfb-vii.1-hdf5/neutron/Pu236.h5
 Reading Pu237 from /home/diogo/openmc_data/endfb-vii.1-hdf5/neutron/Pu237.h5
 Reading Pu238 from /home/diogo/openmc_data/endfb-vii.1-hdf5/neutron/Pu238.h5
 Reading Pu239 from /home/diogo/openmc_data/endfb-vii.1-hdf5/neutron/Pu239.h5
 Reading Pu240 from /home/diogo/openmc_data/endfb-vii.1-hdf5/neutron/Pu240.h5
 Reading Pu241 from /home/diogo/openmc_data/endfb-vii.1-hdf5/neutron/Pu241.h5
 Reading Pu242 from /home/diogo/openmc_data/endfb-vii.1-hdf5/neutron/Pu242.h5
 Reading Pu243 from /home/diogo/openmc_data/endfb-vii.1-hdf5/neutron/Pu243.h5
 Reading Pu244 from /home/diogo/openmc_data/endfb-vii.1-hdf5/neutron/Pu244.h5
 Reading Pu246 from /home/diogo/openmc_data/endfb-vii.1-hdf5/neutron/Pu246.h5
 Reading Am240 from /home/diogo/openmc_data/endfb-vii.1-hdf5/neutron/Am240.h5
 Reading Am241 from /home/diogo/openmc_data/endfb-vii.1-hdf5/neutron/Am241.h5
 Reading Am242 from /home/diogo/openmc_data/endfb-vii.1-hdf5/neutron/Am242.h5
 Reading Am242_m1 from
 /home/diogo/openmc_data/endfb-vii.1-hdf5/neutron/Am242_m1.h5
 Reading Am243 from /home/diogo/openmc_data/endfb-vii.1-hdf5/neutron/Am243.h5
 Reading Am244 from /home/diogo/openmc_data/endfb-vii.1-hdf5/neutron/Am244.h5
 Reading Am244_m1 from
 /home/diogo/openmc_data/endfb-vii.1-hdf5/neutron/Am244_m1.h5
 Reading Cm240 from /home/diogo/openmc_data/endfb-vii.1-hdf5/neutron/Cm240.h5
 Reading Cm241 from /home/diogo/openmc_data/endfb-vii.1-hdf5/neutron/Cm241.h5
 Reading Cm242 from /home/diogo/openmc_data/endfb-vii.1-hdf5/neutron/Cm242.h5
 Reading Cm243 from /home/diogo/openmc_data/endfb-vii.1-hdf5/neutron/Cm243.h5
 Reading Cm244 from /home/diogo/openmc_data/endfb-vii.1-hdf5/neutron/Cm244.h5
 Reading Cm245 from /home/diogo/openmc_data/endfb-vii.1-hdf5/neutron/Cm245.h5
 Reading Cm246 from /home/diogo/openmc_data/endfb-vii.1-hdf5/neutron/Cm246.h5
 Reading Cm247 from /home/diogo/openmc_data/endfb-vii.1-hdf5/neutron/Cm247.h5
 Reading Cm248 from /home/diogo/openmc_data/endfb-vii.1-hdf5/neutron/Cm248.h5
 Reading Cm249 from /home/diogo/openmc_data/endfb-vii.1-hdf5/neutron/Cm249.h5
 Reading Cm250 from /home/diogo/openmc_data/endfb-vii.1-hdf5/neutron/Cm250.h5
 Reading Bk245 from /home/diogo/openmc_data/endfb-vii.1-hdf5/neutron/Bk245.h5
 Reading Bk247 from /home/diogo/openmc_data/endfb-vii.1-hdf5/neutron/Bk247.h5
 Reading Bk248 from /home/diogo/openmc_data/endfb-vii.1-hdf5/neutron/Bk248.h5
 Reading Bk249 from /home/diogo/openmc_data/endfb-vii.1-hdf5/neutron/Bk249.h5
 Reading Bk250 from /home/diogo/openmc_data/endfb-vii.1-hdf5/neutron/Bk250.h5
 Reading Cf248 from /home/diogo/openmc_data/endfb-vii.1-hdf5/neutron/Cf248.h5
 Reading Cf249 from /home/diogo/openmc_data/endfb-vii.1-hdf5/neutron/Cf249.h5
 Reading Cf250 from /home/diogo/openmc_data/endfb-vii.1-hdf5/neutron/Cf250.h5
 WARNING: Negative value(s) found on probability table for nuclide Cf250 at 250K
 WARNING: Negative value(s) found on probability table for nuclide Cf250 at 294K
 WARNING: Negative value(s) found on probability table for nuclide Cf250 at 900K
 WARNING: Negative value(s) found on probability table for nuclide Cf250 at
          1200K
 Reading Cf251 from /home/diogo/openmc_data/endfb-vii.1-hdf5/neutron/Cf251.h5
 Reading Au197 from /home/diogo/openmc_data/endfb-vii.1-hdf5/neutron/Au197.h5
 Reading Hg196 from /home/diogo/openmc_data/endfb-vii.1-hdf5/neutron/Hg196.h5
 Reading Cf252 from /home/diogo/openmc_data/endfb-vii.1-hdf5/neutron/Cf252.h5
 Reading Cf253 from /home/diogo/openmc_data/endfb-vii.1-hdf5/neutron/Cf253.h5
 Reading Cf254 from /home/diogo/openmc_data/endfb-vii.1-hdf5/neutron/Cf254.h5
 Reading Es251 from /home/diogo/openmc_data/endfb-vii.1-hdf5/neutron/Es251.h5
 Reading Es252 from /home/diogo/openmc_data/endfb-vii.1-hdf5/neutron/Es252.h5
 Reading Es253 from /home/diogo/openmc_data/endfb-vii.1-hdf5/neutron/Es253.h5
 Reading Es254 from /home/diogo/openmc_data/endfb-vii.1-hdf5/neutron/Es254.h5
 Reading Es254_m1 from
 /home/diogo/openmc_data/endfb-vii.1-hdf5/neutron/Es254_m1.h5
 Reading Es255 from /home/diogo/openmc_data/endfb-vii.1-hdf5/neutron/Es255.h5
 Reading Fm255 from /home/diogo/openmc_data/endfb-vii.1-hdf5/neutron/Fm255.h5
 Reading Bk246 from /home/diogo/openmc_data/endfb-vii.1-hdf5/neutron/Bk246.h5
 Reading Ru96 from /home/diogo/openmc_data/endfb-vii.1-hdf5/neutron/Ru96.h5
 Reading Xe123 from /home/diogo/openmc_data/endfb-vii.1-hdf5/neutron/Xe123.h5
 Reading Xe124 from /home/diogo/openmc_data/endfb-vii.1-hdf5/neutron/Xe124.h5
 Reading Ba130 from /home/diogo/openmc_data/endfb-vii.1-hdf5/neutron/Ba130.h5
 Reading Ce136 from /home/diogo/openmc_data/endfb-vii.1-hdf5/neutron/Ce136.h5
 Reading Hf174 from /home/diogo/openmc_data/endfb-vii.1-hdf5/neutron/Hf174.h5
 Reading Cf246 from /home/diogo/openmc_data/endfb-vii.1-hdf5/neutron/Cf246.h5
 Reading Be9 from /home/diogo/openmc_data/endfb-vii.1-hdf5/neutron/Be9.h5
 Reading Ca48 from /home/diogo/openmc_data/endfb-vii.1-hdf5/neutron/Ca48.h5
 Reading Co58_m1 from
 /home/diogo/openmc_data/endfb-vii.1-hdf5/neutron/Co58_m1.h5
 Maximum neutron transport energy: 20000000 eV for H1
 Initializing source particles...

 ====================>     K EIGENVALUE SIMULATION     <====================

  Bat./Gen.      k       Entropy         Average k 
  =========   ========   ========   ====================
        1/1    0.93581    5.54591
        2/1    0.95047    5.50892
        3/1    0.95702    5.48896
        4/1    0.95694    5.45752
        5/1    0.97035    5.44633
        6/1    0.95382    5.45218
        7/1    0.96998    5.44054
        8/1    0.99437    5.44711
        9/1    0.97982    5.45070
       10/1    0.98057    5.44147
       11/1    0.97316    5.44298
       12/1    0.96892    5.44803
       13/1    0.99397    5.45610
       14/1    0.96923    5.46064
       15/1    0.96580    5.45211
       16/1    0.98281    5.45445
       17/1    0.97594    5.45577
       18/1    0.98150    5.45137
       19/1    0.98555    5.44318
       20/1    0.96774    5.46592
       21/1    1.00066    5.45203
       22/1    0.98232    5.47492
       23/1    0.97254    5.46255
       24/1    0.99228    5.44087
       25/1    0.97781    5.43110
       26/1    0.98426    5.44649
       27/1    0.98732    5.43734
       28/1    0.98665    5.45021
       29/1    0.98211    5.45265
       30/1    0.97925    5.43879
       31/1    0.97396    5.43306
       32/1    0.96723    5.44763
       33/1    0.98662    5.47429
       34/1    0.98407    5.45580
       35/1    0.99098    5.44569
       36/1    0.96905    5.45227
       37/1    0.99901    5.44367
       38/1    0.97323    5.46602
       39/1    0.98564    5.45374
       40/1    0.97264    5.44358
       41/1    0.96987    5.43984
       42/1    0.99188    5.44945
       43/1    0.97376    5.44869
       44/1    0.97908    5.43991
       45/1    0.98447    5.44282
       46/1    0.98427    5.44632
       47/1    0.98174    5.43720
       48/1    0.98941    5.44648
       49/1    0.99100    5.45478
       50/1    0.95670    5.47365
       51/1    0.97157    5.43915
       52/1    0.96921    5.45031    0.97039 +/- 0.00118
       53/1    0.97289    5.45996    0.97122 +/- 0.00108
       54/1    0.98023    5.45895    0.97347 +/- 0.00238
       55/1    0.99052    5.44018    0.97688 +/- 0.00387
       56/1    0.96159    5.44379    0.97433 +/- 0.00406
       57/1    0.98025    5.44356    0.97518 +/- 0.00354
       58/1    0.97132    5.45091    0.97470 +/- 0.00310
       59/1    0.97749    5.43027    0.97501 +/- 0.00275
       60/1    0.98052    5.41814    0.97556 +/- 0.00252
       61/1    0.99320    5.43417    0.97716 +/- 0.00279
       62/1    0.98763    5.45990    0.97803 +/- 0.00269
       63/1    0.97521    5.45312    0.97782 +/- 0.00248
       64/1    0.97846    5.44726    0.97786 +/- 0.00230
       65/1    1.00004    5.44757    0.97934 +/- 0.00260
       66/1    0.97639    5.44939    0.97916 +/- 0.00244
       67/1    0.96599    5.45521    0.97838 +/- 0.00242
       68/1    0.97677    5.45951    0.97829 +/- 0.00228
       69/1    0.98063    5.45737    0.97842 +/- 0.00216
       70/1    1.01318    5.45164    0.98015 +/- 0.00269
       71/1    0.97262    5.44960    0.97980 +/- 0.00258
       72/1    0.96329    5.45601    0.97905 +/- 0.00258
       73/1    0.97339    5.43594    0.97880 +/- 0.00247
       74/1    0.98795    5.44637    0.97918 +/- 0.00240
       75/1    0.99063    5.45192    0.97964 +/- 0.00235
       76/1    0.97325    5.45447    0.97939 +/- 0.00227
       77/1    0.95170    5.44343    0.97837 +/- 0.00241
       78/1    0.97837    5.44907    0.97837 +/- 0.00232
       79/1    0.99308    5.44787    0.97887 +/- 0.00230
       80/1    0.98843    5.45086    0.97919 +/- 0.00224
       81/1    0.96782    5.44856    0.97883 +/- 0.00220
       82/1    0.96861    5.44948    0.97851 +/- 0.00215
       83/1    0.99699    5.46855    0.97907 +/- 0.00216
       84/1    0.98212    5.47258    0.97916 +/- 0.00210
       85/1    0.97815    5.44681    0.97913 +/- 0.00204
       86/1    0.97671    5.47159    0.97906 +/- 0.00198
       87/1    0.98830    5.45858    0.97931 +/- 0.00194
       88/1    0.98794    5.45068    0.97954 +/- 0.00191
       89/1    0.99976    5.46609    0.98006 +/- 0.00193
       90/1    0.98936    5.46816    0.98029 +/- 0.00189
       91/1    0.98672    5.46122    0.98045 +/- 0.00185
       92/1    0.93725    5.45274    0.97942 +/- 0.00208
       93/1    0.95609    5.47781    0.97887 +/- 0.00210
       94/1    1.00275    5.47807    0.97942 +/- 0.00212
       95/1    0.97897    5.47526    0.97941 +/- 0.00208
       96/1    0.97563    5.47965    0.97933 +/- 0.00203
       97/1    0.96849    5.44569    0.97909 +/- 0.00200
       98/1    0.97399    5.42296    0.97899 +/- 0.00196
       99/1    0.98706    5.45338    0.97915 +/- 0.00193
      100/1    0.97781    5.44740    0.97913 +/- 0.00189
 Creating state point statepoint.100.h5...

 =======================>     TIMING STATISTICS     <=======================

 Total time for initialization     = 5.4112e+01 seconds
   Reading cross sections          = 7.7413e+00 seconds
 Total time in simulation          = 1.2003e+02 seconds
   Time in transport only          = 1.1955e+02 seconds
   Time in inactive batches        = 4.2966e+01 seconds
   Time in active batches          = 7.7065e+01 seconds
   Time synchronizing fission bank = 9.8141e-02 seconds
     Sampling source sites         = 8.4482e-02 seconds
     SEND/RECV source sites        = 1.3295e-02 seconds
   Time accumulating tallies       = 2.5290e-01 seconds
   Time writing statepoints        = 2.0236e-02 seconds
 Total time for finalization       = 1.5649e-02 seconds
 Total time elapsed                = 1.7460e+02 seconds
 Calculation Rate (inactive)       = 11637 particles/second
 Calculation Rate (active)         = 6487.99 particles/second

 ============================>     RESULTS     <============================

 k-effective (Collision)     = 0.97982 +/- 0.00154
 k-effective (Track-length)  = 0.97913 +/- 0.00189
 k-effective (Absorption)    = 0.97981 +/- 0.00131
 Combined k-effective        = 0.97979 +/- 0.00109
 Leakage Fraction            = 0.00727 +/- 0.00013

 Creating state point openmc_simulation_n6.h5...
[openmc.deplete] t=186069731.2168078 (final operator evaluation)
 Maximum neutron transport energy: 20000000 eV for H1
 Initializing source particles...

 ====================>     K EIGENVALUE SIMULATION     <====================

  Bat./Gen.      k       Entropy         Average k 
  =========   ========   ========   ====================
        1/1    0.91994    5.54001
        2/1    0.93438    5.52385
        3/1    0.96248    5.50824
        4/1    0.96956    5.49677
        5/1    0.97076    5.48484
        6/1    0.94829    5.45756
        7/1    0.99411    5.45455
        8/1    0.95506    5.46456
        9/1    0.96368    5.47605
       10/1    0.95173    5.47593
       11/1    0.94531    5.45804
       12/1    0.95889    5.46756
       13/1    0.97832    5.44422
       14/1    0.95411    5.45219
       15/1    0.95061    5.44288
       16/1    0.97328    5.46220
       17/1    0.92905    5.48511
       18/1    0.94558    5.48155
       19/1    0.95937    5.46547
       20/1    0.95893    5.45363
       21/1    0.96106    5.47510
       22/1    0.96413    5.45346
       23/1    0.97055    5.46888
       24/1    0.94886    5.46218
       25/1    0.95676    5.48329
       26/1    0.96592    5.47445
       27/1    0.93776    5.45863
       28/1    0.97409    5.45037
       29/1    0.96658    5.46123
       30/1    0.97085    5.46751
       31/1    0.97093    5.46264
       32/1    0.94091    5.44191
       33/1    0.97787    5.46735
       34/1    0.95949    5.47178
       35/1    0.97038    5.44730
       36/1    0.95223    5.45553
       37/1    0.94299    5.46838
       38/1    0.95426    5.46326
       39/1    0.97457    5.46938
       40/1    0.95837    5.46662
       41/1    0.94708    5.45663
       42/1    0.95304    5.45189
       43/1    0.96976    5.47287
       44/1    0.92437    5.48165
       45/1    0.94772    5.48666
       46/1    0.94590    5.46562
       47/1    0.94956    5.47358
       48/1    0.96477    5.48124
       49/1    0.96142    5.46688
       50/1    0.96899    5.46785
       51/1    0.96966    5.46416
       52/1    0.97874    5.46786    0.97420 +/- 0.00454
       53/1    0.94827    5.48823    0.96556 +/- 0.00903
       54/1    0.95401    5.45372    0.96267 +/- 0.00701
       55/1    0.94762    5.49024    0.95966 +/- 0.00621
       56/1    0.96969    5.47213    0.96133 +/- 0.00534
       57/1    0.94506    5.47053    0.95901 +/- 0.00507
       58/1    0.95811    5.48043    0.95890 +/- 0.00440
       59/1    0.96667    5.47902    0.95976 +/- 0.00397
       60/1    0.95466    5.45979    0.95925 +/- 0.00359
       61/1    0.95668    5.45555    0.95902 +/- 0.00325
       62/1    0.98181    5.45508    0.96092 +/- 0.00353
       63/1    0.98011    5.45906    0.96239 +/- 0.00356
       64/1    0.98012    5.45548    0.96366 +/- 0.00353
       65/1    0.96204    5.47952    0.96355 +/- 0.00329
       66/1    0.97846    5.45700    0.96448 +/- 0.00322
       67/1    0.99131    5.47108    0.96606 +/- 0.00341
       68/1    0.93190    5.46844    0.96416 +/- 0.00373
       69/1    0.94702    5.45799    0.96326 +/- 0.00364
       70/1    0.94598    5.47276    0.96240 +/- 0.00356
       71/1    0.95844    5.44524    0.96221 +/- 0.00339
       72/1    0.96058    5.45567    0.96213 +/- 0.00324
       73/1    0.95834    5.46282    0.96197 +/- 0.00310
       74/1    0.97285    5.47284    0.96242 +/- 0.00300
       75/1    0.97000    5.47175    0.96273 +/- 0.00289
       76/1    0.96589    5.49256    0.96285 +/- 0.00278
       77/1    0.97838    5.48307    0.96342 +/- 0.00274
       78/1    0.96543    5.47352    0.96349 +/- 0.00264
       79/1    0.95377    5.48442    0.96316 +/- 0.00257
       80/1    0.94528    5.48247    0.96256 +/- 0.00255
       81/1    0.94890    5.47335    0.96212 +/- 0.00251
       82/1    0.96733    5.50039    0.96229 +/- 0.00243
       83/1    0.96096    5.49618    0.96224 +/- 0.00236
       84/1    0.96909    5.49078    0.96245 +/- 0.00230
       85/1    0.96190    5.49427    0.96243 +/- 0.00223
       86/1    0.95975    5.48561    0.96236 +/- 0.00217
       87/1    0.96626    5.47462    0.96246 +/- 0.00211
       88/1    0.95010    5.47505    0.96214 +/- 0.00208
       89/1    0.96507    5.47181    0.96221 +/- 0.00203
       90/1    0.94181    5.46103    0.96170 +/- 0.00204
       91/1    0.95330    5.46506    0.96150 +/- 0.00200
       92/1    0.98214    5.46729    0.96199 +/- 0.00202
       93/1    0.95598    5.46736    0.96185 +/- 0.00197
       94/1    0.98106    5.46498    0.96228 +/- 0.00198
       95/1    0.99962    5.46622    0.96311 +/- 0.00210
       96/1    0.97120    5.47196    0.96329 +/- 0.00206
       97/1    0.96367    5.45466    0.96330 +/- 0.00202
       98/1    0.95838    5.45870    0.96320 +/- 0.00198
       99/1    0.97390    5.46979    0.96341 +/- 0.00195
      100/1    0.96925    5.44749    0.96353 +/- 0.00192
 Creating state point statepoint.100.h5...

 =======================>     TIMING STATISTICS     <=======================

 Total time for initialization     = 0.0000e+00 seconds
   Reading cross sections          = 0.0000e+00 seconds
 Total time in simulation          = 1.0733e+02 seconds
   Time in transport only          = 1.0695e+02 seconds
   Time in inactive batches        = 4.4032e+01 seconds
   Time in active batches          = 6.3300e+01 seconds
   Time synchronizing fission bank = 9.4133e-02 seconds
     Sampling source sites         = 8.1433e-02 seconds
     SEND/RECV source sites        = 1.2330e-02 seconds
   Time accumulating tallies       = 1.7680e-01 seconds
   Time writing statepoints        = 1.2170e-02 seconds
 Total time for finalization       = 1.2007e-02 seconds
 Total time elapsed                = 1.0783e+02 seconds
 Calculation Rate (inactive)       = 11355.5 particles/second
 Calculation Rate (active)         = 7898.94 particles/second

 ============================>     RESULTS     <============================

 k-effective (Collision)     = 0.96192 +/- 0.00145
 k-effective (Track-length)  = 0.96353 +/- 0.00192
 k-effective (Absorption)    = 0.96021 +/- 0.00133
 Combined k-effective        = 0.96121 +/- 0.00118
 Leakage Fraction            = 0.00768 +/- 0.00011

 Creating state point openmc_simulation_n7.h5...
      chunk 1: B  21.50 MWd/kgHM k 0.96121 (target 0.96937) [19.7 min]
[d24] EFPD 1977.6 d (archive 2570.2), c_max 1852 (archive 1852), hump +0 pcm [8 solves, 0.33 h]
[d27] 3D hardware core, 8 layers, 14 fuel segments, 96 depletable materials, seed 30554311, transport {'particles': 10000, 'batches': 100, 'inactive': 50}, end of cycle relative, ratio 0.95751
                                %%%%%%%%%%%%%%%
                           %%%%%%%%%%%%%%%%%%%%%%%%
                        %%%%%%%%%%%%%%%%%%%%%%%%%%%%%%
                      %%%%%%%%%%%%%%%%%%%%%%%%%%%%%%%%%%
                    %%%%%%%%%%%%%%%%%%%%%%%%%%%%%%%%%%%%%%
                   %%%%%%%%%%%%%%%%%%%%%%%%%%%%%%%%%%%%%%%%
                                    %%%%%%%%%%%%%%%%%%%%%%%%
                                     %%%%%%%%%%%%%%%%%%%%%%%%
                 ###############      %%%%%%%%%%%%%%%%%%%%%%%%
                ##################     %%%%%%%%%%%%%%%%%%%%%%%
                ###################     %%%%%%%%%%%%%%%%%%%%%%%
                ####################     %%%%%%%%%%%%%%%%%%%%%%
                #####################     %%%%%%%%%%%%%%%%%%%%%
                ######################     %%%%%%%%%%%%%%%%%%%%
                #######################     %%%%%%%%%%%%%%%%%%
                 #######################     %%%%%%%%%%%%%%%%%
                 ######################     %%%%%%%%%%%%%%%%%
                  ####################     %%%%%%%%%%%%%%%%%
                    #################     %%%%%%%%%%%%%%%%%
                     ###############     %%%%%%%%%%%%%%%%
                       ############     %%%%%%%%%%%%%%%
                          ########     %%%%%%%%%%%%%%
                                      %%%%%%%%%%%

                 | The OpenMC Monte Carlo Code
       Copyright | 2011-2025 MIT, UChicago Argonne LLC, and contributors
         License | https://docs.openmc.org/en/latest/license.html
         Version | 0.15.3
     Commit Hash | 27e38e894697bb32a1dac7848d2618818b6b8daf
       Date/Time | 2026-09-26 21:07:52
   MPI Processes | 1
  OpenMP Threads | 64

 Reading settings XML file...
 Reading cross sections XML file...
 Reading chain file: /home/diogo/openmc_data/chain_endfb71_pwr.xml...
 Reading materials XML file...
 Reading geometry XML file...
 Reading H1 from /home/diogo/openmc_data/endfb-vii.1-hdf5/neutron/H1.h5
 Reading H2 from /home/diogo/openmc_data/endfb-vii.1-hdf5/neutron/H2.h5
 Reading B10 from /home/diogo/openmc_data/endfb-vii.1-hdf5/neutron/B10.h5
 Reading B11 from /home/diogo/openmc_data/endfb-vii.1-hdf5/neutron/B11.h5
 Reading O16 from /home/diogo/openmc_data/endfb-vii.1-hdf5/neutron/O16.h5
 Reading O17 from /home/diogo/openmc_data/endfb-vii.1-hdf5/neutron/O17.h5
 Reading Cr50 from /home/diogo/openmc_data/endfb-vii.1-hdf5/neutron/Cr50.h5
 Reading Cr52 from /home/diogo/openmc_data/endfb-vii.1-hdf5/neutron/Cr52.h5
 Reading Cr53 from /home/diogo/openmc_data/endfb-vii.1-hdf5/neutron/Cr53.h5
 Reading Cr54 from /home/diogo/openmc_data/endfb-vii.1-hdf5/neutron/Cr54.h5
 Reading Mn55 from /home/diogo/openmc_data/endfb-vii.1-hdf5/neutron/Mn55.h5
 Reading Fe54 from /home/diogo/openmc_data/endfb-vii.1-hdf5/neutron/Fe54.h5
 Reading Fe56 from /home/diogo/openmc_data/endfb-vii.1-hdf5/neutron/Fe56.h5
 Reading Fe57 from /home/diogo/openmc_data/endfb-vii.1-hdf5/neutron/Fe57.h5
 Reading Fe58 from /home/diogo/openmc_data/endfb-vii.1-hdf5/neutron/Fe58.h5
 Reading Ni58 from /home/diogo/openmc_data/endfb-vii.1-hdf5/neutron/Ni58.h5
 Reading Ni60 from /home/diogo/openmc_data/endfb-vii.1-hdf5/neutron/Ni60.h5
 Reading Ni61 from /home/diogo/openmc_data/endfb-vii.1-hdf5/neutron/Ni61.h5
 Reading Ni62 from /home/diogo/openmc_data/endfb-vii.1-hdf5/neutron/Ni62.h5
 Reading Ni64 from /home/diogo/openmc_data/endfb-vii.1-hdf5/neutron/Ni64.h5
 Reading Zr90 from /home/diogo/openmc_data/endfb-vii.1-hdf5/neutron/Zr90.h5
 Reading Zr91 from /home/diogo/openmc_data/endfb-vii.1-hdf5/neutron/Zr91.h5
 Reading Zr92 from /home/diogo/openmc_data/endfb-vii.1-hdf5/neutron/Zr92.h5
 Reading Zr94 from /home/diogo/openmc_data/endfb-vii.1-hdf5/neutron/Zr94.h5
 Reading Zr96 from /home/diogo/openmc_data/endfb-vii.1-hdf5/neutron/Zr96.h5
 Reading Sn112 from /home/diogo/openmc_data/endfb-vii.1-hdf5/neutron/Sn112.h5
 Reading Sn114 from /home/diogo/openmc_data/endfb-vii.1-hdf5/neutron/Sn114.h5
 Reading Sn115 from /home/diogo/openmc_data/endfb-vii.1-hdf5/neutron/Sn115.h5
 Reading Sn116 from /home/diogo/openmc_data/endfb-vii.1-hdf5/neutron/Sn116.h5
 Reading Sn117 from /home/diogo/openmc_data/endfb-vii.1-hdf5/neutron/Sn117.h5
 Reading Sn118 from /home/diogo/openmc_data/endfb-vii.1-hdf5/neutron/Sn118.h5
 Reading Sn119 from /home/diogo/openmc_data/endfb-vii.1-hdf5/neutron/Sn119.h5
 Reading Sn120 from /home/diogo/openmc_data/endfb-vii.1-hdf5/neutron/Sn120.h5
 Reading Sn122 from /home/diogo/openmc_data/endfb-vii.1-hdf5/neutron/Sn122.h5
 Reading Sn124 from /home/diogo/openmc_data/endfb-vii.1-hdf5/neutron/Sn124.h5
 Reading He3 from /home/diogo/openmc_data/endfb-vii.1-hdf5/neutron/He3.h5
 Reading He4 from /home/diogo/openmc_data/endfb-vii.1-hdf5/neutron/He4.h5
 Reading U234 from /home/diogo/openmc_data/endfb-vii.1-hdf5/neutron/U234.h5
 Reading U235 from /home/diogo/openmc_data/endfb-vii.1-hdf5/neutron/U235.h5
 Reading U238 from /home/diogo/openmc_data/endfb-vii.1-hdf5/neutron/U238.h5
 Reading Gd152 from /home/diogo/openmc_data/endfb-vii.1-hdf5/neutron/Gd152.h5
 Reading Gd154 from /home/diogo/openmc_data/endfb-vii.1-hdf5/neutron/Gd154.h5
 Reading Gd155 from /home/diogo/openmc_data/endfb-vii.1-hdf5/neutron/Gd155.h5
 Reading Gd156 from /home/diogo/openmc_data/endfb-vii.1-hdf5/neutron/Gd156.h5
 Reading Gd157 from /home/diogo/openmc_data/endfb-vii.1-hdf5/neutron/Gd157.h5
 Reading Gd158 from /home/diogo/openmc_data/endfb-vii.1-hdf5/neutron/Gd158.h5
 Reading Gd160 from /home/diogo/openmc_data/endfb-vii.1-hdf5/neutron/Gd160.h5
 Reading Si28 from /home/diogo/openmc_data/endfb-vii.1-hdf5/neutron/Si28.h5
 Reading Si29 from /home/diogo/openmc_data/endfb-vii.1-hdf5/neutron/Si29.h5
 Reading Si30 from /home/diogo/openmc_data/endfb-vii.1-hdf5/neutron/Si30.h5
 Reading Ag107 from /home/diogo/openmc_data/endfb-vii.1-hdf5/neutron/Ag107.h5
 Reading Ag109 from /home/diogo/openmc_data/endfb-vii.1-hdf5/neutron/Ag109.h5
 Reading Cd106 from /home/diogo/openmc_data/endfb-vii.1-hdf5/neutron/Cd106.h5
 WARNING: Negative value(s) found on probability table for nuclide Cd106 at 294K
 WARNING: Negative value(s) found on probability table for nuclide Cd106 at 600K
 WARNING: Negative value(s) found on probability table for nuclide Cd106 at 900K
 WARNING: Negative value(s) found on probability table for nuclide Cd106 at
          1200K
 WARNING: Negative value(s) found on probability table for nuclide Cd106 at
          2500K
 Reading Cd108 from /home/diogo/openmc_data/endfb-vii.1-hdf5/neutron/Cd108.h5
 Reading Cd110 from /home/diogo/openmc_data/endfb-vii.1-hdf5/neutron/Cd110.h5
 Reading Cd111 from /home/diogo/openmc_data/endfb-vii.1-hdf5/neutron/Cd111.h5
 Reading Cd112 from /home/diogo/openmc_data/endfb-vii.1-hdf5/neutron/Cd112.h5
 Reading Cd113 from /home/diogo/openmc_data/endfb-vii.1-hdf5/neutron/Cd113.h5
 Reading Cd114 from /home/diogo/openmc_data/endfb-vii.1-hdf5/neutron/Cd114.h5
 Reading Cd116 from /home/diogo/openmc_data/endfb-vii.1-hdf5/neutron/Cd116.h5
 Reading In113 from /home/diogo/openmc_data/endfb-vii.1-hdf5/neutron/In113.h5
 Reading In115 from /home/diogo/openmc_data/endfb-vii.1-hdf5/neutron/In115.h5
 Reading c_H_in_H2O from
 /home/diogo/openmc_data/endfb-vii.1-hdf5/neutron/c_H_in_H2O.h5
 Minimum neutron data temperature: 0 K
 Maximum neutron data temperature: 1.7976931348623157e+308 K
 Reading tallies XML file...
 Preparing distributed cell instances...
 Reading plot XML file...
 Writing summary.h5 file...
[openmc.deplete] t=0.0 s, dt=4327203.051553669 s, source=47585803.38865244
 Reading H3 from /home/diogo/openmc_data/endfb-vii.1-hdf5/neutron/H3.h5
 Reading Li6 from /home/diogo/openmc_data/endfb-vii.1-hdf5/neutron/Li6.h5
 Reading Li7 from /home/diogo/openmc_data/endfb-vii.1-hdf5/neutron/Li7.h5
 Reading Be9 from /home/diogo/openmc_data/endfb-vii.1-hdf5/neutron/Be9.h5
 Reading N14 from /home/diogo/openmc_data/endfb-vii.1-hdf5/neutron/N14.h5
 Reading N15 from /home/diogo/openmc_data/endfb-vii.1-hdf5/neutron/N15.h5
 Reading F19 from /home/diogo/openmc_data/endfb-vii.1-hdf5/neutron/F19.h5
 Reading Na22 from /home/diogo/openmc_data/endfb-vii.1-hdf5/neutron/Na22.h5
 WARNING: Negative value(s) found on probability table for nuclide Na22 at 250K
 WARNING: Negative value(s) found on probability table for nuclide Na22 at 294K
 WARNING: Negative value(s) found on probability table for nuclide Na22 at 600K
 WARNING: Negative value(s) found on probability table for nuclide Na22 at 900K
 WARNING: Negative value(s) found on probability table for nuclide Na22 at 1200K
 WARNING: Negative value(s) found on probability table for nuclide Na22 at 2500K
 Reading Na23 from /home/diogo/openmc_data/endfb-vii.1-hdf5/neutron/Na23.h5
 Reading Mg24 from /home/diogo/openmc_data/endfb-vii.1-hdf5/neutron/Mg24.h5
 Reading Mg25 from /home/diogo/openmc_data/endfb-vii.1-hdf5/neutron/Mg25.h5
 Reading Mg26 from /home/diogo/openmc_data/endfb-vii.1-hdf5/neutron/Mg26.h5
 Reading Al27 from /home/diogo/openmc_data/endfb-vii.1-hdf5/neutron/Al27.h5
 Reading P31 from /home/diogo/openmc_data/endfb-vii.1-hdf5/neutron/P31.h5
 Reading S32 from /home/diogo/openmc_data/endfb-vii.1-hdf5/neutron/S32.h5
 Reading S33 from /home/diogo/openmc_data/endfb-vii.1-hdf5/neutron/S33.h5
 Reading S34 from /home/diogo/openmc_data/endfb-vii.1-hdf5/neutron/S34.h5
 Reading S36 from /home/diogo/openmc_data/endfb-vii.1-hdf5/neutron/S36.h5
 Reading Cl35 from /home/diogo/openmc_data/endfb-vii.1-hdf5/neutron/Cl35.h5
 Reading Cl37 from /home/diogo/openmc_data/endfb-vii.1-hdf5/neutron/Cl37.h5
 Reading Ar36 from /home/diogo/openmc_data/endfb-vii.1-hdf5/neutron/Ar36.h5
 WARNING: Negative value(s) found on probability table for nuclide Ar36 at 250K
 WARNING: Negative value(s) found on probability table for nuclide Ar36 at 294K
 WARNING: Negative value(s) found on probability table for nuclide Ar36 at 600K
 WARNING: Negative value(s) found on probability table for nuclide Ar36 at 900K
 WARNING: Negative value(s) found on probability table for nuclide Ar36 at 1200K
 WARNING: Negative value(s) found on probability table for nuclide Ar36 at 2500K
 Reading Ar38 from /home/diogo/openmc_data/endfb-vii.1-hdf5/neutron/Ar38.h5
 Reading Ar40 from /home/diogo/openmc_data/endfb-vii.1-hdf5/neutron/Ar40.h5
 Reading K39 from /home/diogo/openmc_data/endfb-vii.1-hdf5/neutron/K39.h5
 Reading K40 from /home/diogo/openmc_data/endfb-vii.1-hdf5/neutron/K40.h5
 Reading K41 from /home/diogo/openmc_data/endfb-vii.1-hdf5/neutron/K41.h5
 Reading Ca40 from /home/diogo/openmc_data/endfb-vii.1-hdf5/neutron/Ca40.h5
 Reading Ca42 from /home/diogo/openmc_data/endfb-vii.1-hdf5/neutron/Ca42.h5
 Reading Ca43 from /home/diogo/openmc_data/endfb-vii.1-hdf5/neutron/Ca43.h5
 Reading Ca44 from /home/diogo/openmc_data/endfb-vii.1-hdf5/neutron/Ca44.h5
 Reading Ca46 from /home/diogo/openmc_data/endfb-vii.1-hdf5/neutron/Ca46.h5
 Reading Ca48 from /home/diogo/openmc_data/endfb-vii.1-hdf5/neutron/Ca48.h5
 Reading Sc45 from /home/diogo/openmc_data/endfb-vii.1-hdf5/neutron/Sc45.h5
 Reading Ti46 from /home/diogo/openmc_data/endfb-vii.1-hdf5/neutron/Ti46.h5
 Reading Ti47 from /home/diogo/openmc_data/endfb-vii.1-hdf5/neutron/Ti47.h5
 Reading Ti48 from /home/diogo/openmc_data/endfb-vii.1-hdf5/neutron/Ti48.h5
 Reading Ti49 from /home/diogo/openmc_data/endfb-vii.1-hdf5/neutron/Ti49.h5
 Reading Ti50 from /home/diogo/openmc_data/endfb-vii.1-hdf5/neutron/Ti50.h5
 Reading V50 from /home/diogo/openmc_data/endfb-vii.1-hdf5/neutron/V50.h5
 Reading V51 from /home/diogo/openmc_data/endfb-vii.1-hdf5/neutron/V51.h5
 Reading Co58 from /home/diogo/openmc_data/endfb-vii.1-hdf5/neutron/Co58.h5
 Reading Co58_m1 from
 /home/diogo/openmc_data/endfb-vii.1-hdf5/neutron/Co58_m1.h5
 Reading Co59 from /home/diogo/openmc_data/endfb-vii.1-hdf5/neutron/Co59.h5
 Reading Ni59 from /home/diogo/openmc_data/endfb-vii.1-hdf5/neutron/Ni59.h5
 Reading Cu63 from /home/diogo/openmc_data/endfb-vii.1-hdf5/neutron/Cu63.h5
 Reading Cu65 from /home/diogo/openmc_data/endfb-vii.1-hdf5/neutron/Cu65.h5
 Reading Zn64 from /home/diogo/openmc_data/endfb-vii.1-hdf5/neutron/Zn64.h5
 Reading Zn65 from /home/diogo/openmc_data/endfb-vii.1-hdf5/neutron/Zn65.h5
 Reading Zn66 from /home/diogo/openmc_data/endfb-vii.1-hdf5/neutron/Zn66.h5
 Reading Zn67 from /home/diogo/openmc_data/endfb-vii.1-hdf5/neutron/Zn67.h5
 Reading Zn68 from /home/diogo/openmc_data/endfb-vii.1-hdf5/neutron/Zn68.h5
 Reading Zn70 from /home/diogo/openmc_data/endfb-vii.1-hdf5/neutron/Zn70.h5
 Reading Ga69 from /home/diogo/openmc_data/endfb-vii.1-hdf5/neutron/Ga69.h5
 Reading Ga71 from /home/diogo/openmc_data/endfb-vii.1-hdf5/neutron/Ga71.h5
 Reading Ge70 from /home/diogo/openmc_data/endfb-vii.1-hdf5/neutron/Ge70.h5
 Reading Ge72 from /home/diogo/openmc_data/endfb-vii.1-hdf5/neutron/Ge72.h5
 Reading Ge73 from /home/diogo/openmc_data/endfb-vii.1-hdf5/neutron/Ge73.h5
 Reading Ge74 from /home/diogo/openmc_data/endfb-vii.1-hdf5/neutron/Ge74.h5
 Reading Ge76 from /home/diogo/openmc_data/endfb-vii.1-hdf5/neutron/Ge76.h5
 Reading As74 from /home/diogo/openmc_data/endfb-vii.1-hdf5/neutron/As74.h5
 Reading As75 from /home/diogo/openmc_data/endfb-vii.1-hdf5/neutron/As75.h5
 Reading Se74 from /home/diogo/openmc_data/endfb-vii.1-hdf5/neutron/Se74.h5
 Reading Se76 from /home/diogo/openmc_data/endfb-vii.1-hdf5/neutron/Se76.h5
 Reading Se77 from /home/diogo/openmc_data/endfb-vii.1-hdf5/neutron/Se77.h5
 Reading Se78 from /home/diogo/openmc_data/endfb-vii.1-hdf5/neutron/Se78.h5
 Reading Se79 from /home/diogo/openmc_data/endfb-vii.1-hdf5/neutron/Se79.h5
 WARNING: Negative value(s) found on probability table for nuclide Se79 at 250K
 WARNING: Negative value(s) found on probability table for nuclide Se79 at 294K
 WARNING: Negative value(s) found on probability table for nuclide Se79 at 600K
 WARNING: Negative value(s) found on probability table for nuclide Se79 at 900K
 WARNING: Negative value(s) found on probability table for nuclide Se79 at 1200K
 Reading Se80 from /home/diogo/openmc_data/endfb-vii.1-hdf5/neutron/Se80.h5
 Reading Se82 from /home/diogo/openmc_data/endfb-vii.1-hdf5/neutron/Se82.h5
 Reading Br79 from /home/diogo/openmc_data/endfb-vii.1-hdf5/neutron/Br79.h5
 Reading Br81 from /home/diogo/openmc_data/endfb-vii.1-hdf5/neutron/Br81.h5
 Reading Kr78 from /home/diogo/openmc_data/endfb-vii.1-hdf5/neutron/Kr78.h5
 Reading Kr80 from /home/diogo/openmc_data/endfb-vii.1-hdf5/neutron/Kr80.h5
 Reading Kr82 from /home/diogo/openmc_data/endfb-vii.1-hdf5/neutron/Kr82.h5
 Reading Kr83 from /home/diogo/openmc_data/endfb-vii.1-hdf5/neutron/Kr83.h5
 Reading Kr84 from /home/diogo/openmc_data/endfb-vii.1-hdf5/neutron/Kr84.h5
 Reading Kr85 from /home/diogo/openmc_data/endfb-vii.1-hdf5/neutron/Kr85.h5
 Reading Kr86 from /home/diogo/openmc_data/endfb-vii.1-hdf5/neutron/Kr86.h5
 Reading Rb85 from /home/diogo/openmc_data/endfb-vii.1-hdf5/neutron/Rb85.h5
 Reading Rb86 from /home/diogo/openmc_data/endfb-vii.1-hdf5/neutron/Rb86.h5
 Reading Rb87 from /home/diogo/openmc_data/endfb-vii.1-hdf5/neutron/Rb87.h5
 Reading Sr84 from /home/diogo/openmc_data/endfb-vii.1-hdf5/neutron/Sr84.h5
 Reading Sr86 from /home/diogo/openmc_data/endfb-vii.1-hdf5/neutron/Sr86.h5
 Reading Sr87 from /home/diogo/openmc_data/endfb-vii.1-hdf5/neutron/Sr87.h5
 Reading Sr88 from /home/diogo/openmc_data/endfb-vii.1-hdf5/neutron/Sr88.h5
 Reading Sr89 from /home/diogo/openmc_data/endfb-vii.1-hdf5/neutron/Sr89.h5
 Reading Sr90 from /home/diogo/openmc_data/endfb-vii.1-hdf5/neutron/Sr90.h5
 Reading Y89 from /home/diogo/openmc_data/endfb-vii.1-hdf5/neutron/Y89.h5
 Reading Y90 from /home/diogo/openmc_data/endfb-vii.1-hdf5/neutron/Y90.h5
 Reading Y91 from /home/diogo/openmc_data/endfb-vii.1-hdf5/neutron/Y91.h5
 Reading Zr93 from /home/diogo/openmc_data/endfb-vii.1-hdf5/neutron/Zr93.h5
 Reading Zr95 from /home/diogo/openmc_data/endfb-vii.1-hdf5/neutron/Zr95.h5
 Reading Nb93 from /home/diogo/openmc_data/endfb-vii.1-hdf5/neutron/Nb93.h5
 Reading Nb94 from /home/diogo/openmc_data/endfb-vii.1-hdf5/neutron/Nb94.h5
 WARNING: Negative value(s) found on probability table for nuclide Nb94 at 250K
 WARNING: Negative value(s) found on probability table for nuclide Nb94 at 294K
 WARNING: Negative value(s) found on probability table for nuclide Nb94 at 600K
 WARNING: Negative value(s) found on probability table for nuclide Nb94 at 900K
 WARNING: Negative value(s) found on probability table for nuclide Nb94 at 1200K
 WARNING: Negative value(s) found on probability table for nuclide Nb94 at 2500K
 Reading Nb95 from /home/diogo/openmc_data/endfb-vii.1-hdf5/neutron/Nb95.h5
 WARNING: Negative value(s) found on probability table for nuclide Nb95 at 250K
 WARNING: Negative value(s) found on probability table for nuclide Nb95 at 294K
 WARNING: Negative value(s) found on probability table for nuclide Nb95 at 600K
 WARNING: Negative value(s) found on probability table for nuclide Nb95 at 900K
 WARNING: Negative value(s) found on probability table for nuclide Nb95 at 1200K
 Reading Mo92 from /home/diogo/openmc_data/endfb-vii.1-hdf5/neutron/Mo92.h5
 Reading Mo94 from /home/diogo/openmc_data/endfb-vii.1-hdf5/neutron/Mo94.h5
 Reading Mo95 from /home/diogo/openmc_data/endfb-vii.1-hdf5/neutron/Mo95.h5
 Reading Mo96 from /home/diogo/openmc_data/endfb-vii.1-hdf5/neutron/Mo96.h5
 Reading Mo97 from /home/diogo/openmc_data/endfb-vii.1-hdf5/neutron/Mo97.h5
 Reading Mo98 from /home/diogo/openmc_data/endfb-vii.1-hdf5/neutron/Mo98.h5
 Reading Mo99 from /home/diogo/openmc_data/endfb-vii.1-hdf5/neutron/Mo99.h5
 WARNING: Negative value(s) found on probability table for nuclide Mo99 at 250K
 WARNING: Negative value(s) found on probability table for nuclide Mo99 at 294K
 WARNING: Negative value(s) found on probability table for nuclide Mo99 at 600K
 WARNING: Negative value(s) found on probability table for nuclide Mo99 at 900K
 WARNING: Negative value(s) found on probability table for nuclide Mo99 at 1200K
 WARNING: Negative value(s) found on probability table for nuclide Mo99 at 2500K
 Reading Mo100 from /home/diogo/openmc_data/endfb-vii.1-hdf5/neutron/Mo100.h5
 Reading Tc99 from /home/diogo/openmc_data/endfb-vii.1-hdf5/neutron/Tc99.h5
 Reading Ru96 from /home/diogo/openmc_data/endfb-vii.1-hdf5/neutron/Ru96.h5
 Reading Ru98 from /home/diogo/openmc_data/endfb-vii.1-hdf5/neutron/Ru98.h5
 Reading Ru99 from /home/diogo/openmc_data/endfb-vii.1-hdf5/neutron/Ru99.h5
 Reading Ru100 from /home/diogo/openmc_data/endfb-vii.1-hdf5/neutron/Ru100.h5
 Reading Ru101 from /home/diogo/openmc_data/endfb-vii.1-hdf5/neutron/Ru101.h5
 Reading Ru102 from /home/diogo/openmc_data/endfb-vii.1-hdf5/neutron/Ru102.h5
 Reading Ru103 from /home/diogo/openmc_data/endfb-vii.1-hdf5/neutron/Ru103.h5
 Reading Ru104 from /home/diogo/openmc_data/endfb-vii.1-hdf5/neutron/Ru104.h5
 Reading Ru105 from /home/diogo/openmc_data/endfb-vii.1-hdf5/neutron/Ru105.h5
 Reading Ru106 from /home/diogo/openmc_data/endfb-vii.1-hdf5/neutron/Ru106.h5
 Reading Rh103 from /home/diogo/openmc_data/endfb-vii.1-hdf5/neutron/Rh103.h5
 Reading Rh105 from /home/diogo/openmc_data/endfb-vii.1-hdf5/neutron/Rh105.h5
 Reading Pd102 from /home/diogo/openmc_data/endfb-vii.1-hdf5/neutron/Pd102.h5
 Reading Pd104 from /home/diogo/openmc_data/endfb-vii.1-hdf5/neutron/Pd104.h5
 Reading Pd105 from /home/diogo/openmc_data/endfb-vii.1-hdf5/neutron/Pd105.h5
 Reading Pd106 from /home/diogo/openmc_data/endfb-vii.1-hdf5/neutron/Pd106.h5
 Reading Pd107 from /home/diogo/openmc_data/endfb-vii.1-hdf5/neutron/Pd107.h5
 Reading Pd108 from /home/diogo/openmc_data/endfb-vii.1-hdf5/neutron/Pd108.h5
 Reading Pd110 from /home/diogo/openmc_data/endfb-vii.1-hdf5/neutron/Pd110.h5
 Reading Ag110_m1 from
 /home/diogo/openmc_data/endfb-vii.1-hdf5/neutron/Ag110_m1.h5
 Reading Ag111 from /home/diogo/openmc_data/endfb-vii.1-hdf5/neutron/Ag111.h5
 Reading Cd115_m1 from
 /home/diogo/openmc_data/endfb-vii.1-hdf5/neutron/Cd115_m1.h5
 Reading Sn113 from /home/diogo/openmc_data/endfb-vii.1-hdf5/neutron/Sn113.h5
 Reading Sn123 from /home/diogo/openmc_data/endfb-vii.1-hdf5/neutron/Sn123.h5
 WARNING: Negative value(s) found on probability table for nuclide Sn123 at 250K
 WARNING: Negative value(s) found on probability table for nuclide Sn123 at 294K
 WARNING: Negative value(s) found on probability table for nuclide Sn123 at 600K
 WARNING: Negative value(s) found on probability table for nuclide Sn123 at 900K
 WARNING: Negative value(s) found on probability table for nuclide Sn123 at
          1200K
 WARNING: Negative value(s) found on probability table for nuclide Sn123 at
          2500K
 Reading Sn125 from /home/diogo/openmc_data/endfb-vii.1-hdf5/neutron/Sn125.h5
 Reading Sn126 from /home/diogo/openmc_data/endfb-vii.1-hdf5/neutron/Sn126.h5
 Reading Sb121 from /home/diogo/openmc_data/endfb-vii.1-hdf5/neutron/Sb121.h5
 Reading Sb123 from /home/diogo/openmc_data/endfb-vii.1-hdf5/neutron/Sb123.h5
 Reading Sb124 from /home/diogo/openmc_data/endfb-vii.1-hdf5/neutron/Sb124.h5
 Reading Sb125 from /home/diogo/openmc_data/endfb-vii.1-hdf5/neutron/Sb125.h5
 Reading Sb126 from /home/diogo/openmc_data/endfb-vii.1-hdf5/neutron/Sb126.h5
 Reading Te120 from /home/diogo/openmc_data/endfb-vii.1-hdf5/neutron/Te120.h5
 WARNING: Negative value(s) found on probability table for nuclide Te120 at 600K
 WARNING: Negative value(s) found on probability table for nuclide Te120 at 900K
 WARNING: Negative value(s) found on probability table for nuclide Te120 at
          1200K
 WARNING: Negative value(s) found on probability table for nuclide Te120 at
          2500K
 Reading Te122 from /home/diogo/openmc_data/endfb-vii.1-hdf5/neutron/Te122.h5
 Reading Te123 from /home/diogo/openmc_data/endfb-vii.1-hdf5/neutron/Te123.h5
 Reading Te124 from /home/diogo/openmc_data/endfb-vii.1-hdf5/neutron/Te124.h5
 Reading Te125 from /home/diogo/openmc_data/endfb-vii.1-hdf5/neutron/Te125.h5
 Reading Te126 from /home/diogo/openmc_data/endfb-vii.1-hdf5/neutron/Te126.h5
 Reading Te127_m1 from
 /home/diogo/openmc_data/endfb-vii.1-hdf5/neutron/Te127_m1.h5
 Reading Te128 from /home/diogo/openmc_data/endfb-vii.1-hdf5/neutron/Te128.h5
 Reading Te129_m1 from
 /home/diogo/openmc_data/endfb-vii.1-hdf5/neutron/Te129_m1.h5
 Reading Te130 from /home/diogo/openmc_data/endfb-vii.1-hdf5/neutron/Te130.h5
 Reading Te132 from /home/diogo/openmc_data/endfb-vii.1-hdf5/neutron/Te132.h5
 Reading I127 from /home/diogo/openmc_data/endfb-vii.1-hdf5/neutron/I127.h5
 Reading I129 from /home/diogo/openmc_data/endfb-vii.1-hdf5/neutron/I129.h5
 Reading I130 from /home/diogo/openmc_data/endfb-vii.1-hdf5/neutron/I130.h5
 Reading I131 from /home/diogo/openmc_data/endfb-vii.1-hdf5/neutron/I131.h5
 WARNING: Negative value(s) found on probability table for nuclide I131 at 250K
 WARNING: Negative value(s) found on probability table for nuclide I131 at 294K
 WARNING: Negative value(s) found on probability table for nuclide I131 at 600K
 WARNING: Negative value(s) found on probability table for nuclide I131 at 900K
 WARNING: Negative value(s) found on probability table for nuclide I131 at 1200K
 WARNING: Negative value(s) found on probability table for nuclide I131 at 2500K
 Reading I135 from /home/diogo/openmc_data/endfb-vii.1-hdf5/neutron/I135.h5
 Reading Xe123 from /home/diogo/openmc_data/endfb-vii.1-hdf5/neutron/Xe123.h5
 Reading Xe124 from /home/diogo/openmc_data/endfb-vii.1-hdf5/neutron/Xe124.h5
 Reading Xe126 from /home/diogo/openmc_data/endfb-vii.1-hdf5/neutron/Xe126.h5
 Reading Xe128 from /home/diogo/openmc_data/endfb-vii.1-hdf5/neutron/Xe128.h5
 Reading Xe129 from /home/diogo/openmc_data/endfb-vii.1-hdf5/neutron/Xe129.h5
 Reading Xe130 from /home/diogo/openmc_data/endfb-vii.1-hdf5/neutron/Xe130.h5
 Reading Xe131 from /home/diogo/openmc_data/endfb-vii.1-hdf5/neutron/Xe131.h5
 Reading Xe132 from /home/diogo/openmc_data/endfb-vii.1-hdf5/neutron/Xe132.h5
 Reading Xe133 from /home/diogo/openmc_data/endfb-vii.1-hdf5/neutron/Xe133.h5
 WARNING: Negative value(s) found on probability table for nuclide Xe133 at
          2500K
 Reading Xe134 from /home/diogo/openmc_data/endfb-vii.1-hdf5/neutron/Xe134.h5
 Reading Xe135 from /home/diogo/openmc_data/endfb-vii.1-hdf5/neutron/Xe135.h5
 Reading Xe136 from /home/diogo/openmc_data/endfb-vii.1-hdf5/neutron/Xe136.h5
 Reading Cs133 from /home/diogo/openmc_data/endfb-vii.1-hdf5/neutron/Cs133.h5
 Reading Cs134 from /home/diogo/openmc_data/endfb-vii.1-hdf5/neutron/Cs134.h5
 Reading Cs135 from /home/diogo/openmc_data/endfb-vii.1-hdf5/neutron/Cs135.h5
 Reading Cs136 from /home/diogo/openmc_data/endfb-vii.1-hdf5/neutron/Cs136.h5
 WARNING: Negative value(s) found on probability table for nuclide Cs136 at 250K
 WARNING: Negative value(s) found on probability table for nuclide Cs136 at 294K
 WARNING: Negative value(s) found on probability table for nuclide Cs136 at 600K
 WARNING: Negative value(s) found on probability table for nuclide Cs136 at 900K
 WARNING: Negative value(s) found on probability table for nuclide Cs136 at
          1200K
 WARNING: Negative value(s) found on probability table for nuclide Cs136 at
          2500K
 Reading Cs137 from /home/diogo/openmc_data/endfb-vii.1-hdf5/neutron/Cs137.h5
 Reading Ba130 from /home/diogo/openmc_data/endfb-vii.1-hdf5/neutron/Ba130.h5
 Reading Ba132 from /home/diogo/openmc_data/endfb-vii.1-hdf5/neutron/Ba132.h5
 Reading Ba133 from /home/diogo/openmc_data/endfb-vii.1-hdf5/neutron/Ba133.h5
 Reading Ba134 from /home/diogo/openmc_data/endfb-vii.1-hdf5/neutron/Ba134.h5
 Reading Ba135 from /home/diogo/openmc_data/endfb-vii.1-hdf5/neutron/Ba135.h5
 Reading Ba136 from /home/diogo/openmc_data/endfb-vii.1-hdf5/neutron/Ba136.h5
 Reading Ba137 from /home/diogo/openmc_data/endfb-vii.1-hdf5/neutron/Ba137.h5
 Reading Ba138 from /home/diogo/openmc_data/endfb-vii.1-hdf5/neutron/Ba138.h5
 Reading Ba140 from /home/diogo/openmc_data/endfb-vii.1-hdf5/neutron/Ba140.h5
 Reading La138 from /home/diogo/openmc_data/endfb-vii.1-hdf5/neutron/La138.h5
 Reading La139 from /home/diogo/openmc_data/endfb-vii.1-hdf5/neutron/La139.h5
 Reading La140 from /home/diogo/openmc_data/endfb-vii.1-hdf5/neutron/La140.h5
 Reading Ce136 from /home/diogo/openmc_data/endfb-vii.1-hdf5/neutron/Ce136.h5
 Reading Ce138 from /home/diogo/openmc_data/endfb-vii.1-hdf5/neutron/Ce138.h5
 Reading Ce139 from /home/diogo/openmc_data/endfb-vii.1-hdf5/neutron/Ce139.h5
 Reading Ce140 from /home/diogo/openmc_data/endfb-vii.1-hdf5/neutron/Ce140.h5
 Reading Ce141 from /home/diogo/openmc_data/endfb-vii.1-hdf5/neutron/Ce141.h5
 Reading Ce142 from /home/diogo/openmc_data/endfb-vii.1-hdf5/neutron/Ce142.h5
 Reading Ce143 from /home/diogo/openmc_data/endfb-vii.1-hdf5/neutron/Ce143.h5
 Reading Ce144 from /home/diogo/openmc_data/endfb-vii.1-hdf5/neutron/Ce144.h5
 Reading Pr141 from /home/diogo/openmc_data/endfb-vii.1-hdf5/neutron/Pr141.h5
 Reading Pr142 from /home/diogo/openmc_data/endfb-vii.1-hdf5/neutron/Pr142.h5
 Reading Pr143 from /home/diogo/openmc_data/endfb-vii.1-hdf5/neutron/Pr143.h5
 Reading Nd142 from /home/diogo/openmc_data/endfb-vii.1-hdf5/neutron/Nd142.h5
 Reading Nd143 from /home/diogo/openmc_data/endfb-vii.1-hdf5/neutron/Nd143.h5
 Reading Nd144 from /home/diogo/openmc_data/endfb-vii.1-hdf5/neutron/Nd144.h5
 Reading Nd145 from /home/diogo/openmc_data/endfb-vii.1-hdf5/neutron/Nd145.h5
 Reading Nd146 from /home/diogo/openmc_data/endfb-vii.1-hdf5/neutron/Nd146.h5
 Reading Nd147 from /home/diogo/openmc_data/endfb-vii.1-hdf5/neutron/Nd147.h5
 Reading Nd148 from /home/diogo/openmc_data/endfb-vii.1-hdf5/neutron/Nd148.h5
 Reading Nd150 from /home/diogo/openmc_data/endfb-vii.1-hdf5/neutron/Nd150.h5
 Reading Pm147 from /home/diogo/openmc_data/endfb-vii.1-hdf5/neutron/Pm147.h5
 Reading Pm148 from /home/diogo/openmc_data/endfb-vii.1-hdf5/neutron/Pm148.h5
 Reading Pm148_m1 from
 /home/diogo/openmc_data/endfb-vii.1-hdf5/neutron/Pm148_m1.h5
 Reading Pm149 from /home/diogo/openmc_data/endfb-vii.1-hdf5/neutron/Pm149.h5
 Reading Pm151 from /home/diogo/openmc_data/endfb-vii.1-hdf5/neutron/Pm151.h5
 Reading Sm144 from /home/diogo/openmc_data/endfb-vii.1-hdf5/neutron/Sm144.h5
 Reading Sm147 from /home/diogo/openmc_data/endfb-vii.1-hdf5/neutron/Sm147.h5
 Reading Sm148 from /home/diogo/openmc_data/endfb-vii.1-hdf5/neutron/Sm148.h5
 Reading Sm149 from /home/diogo/openmc_data/endfb-vii.1-hdf5/neutron/Sm149.h5
 Reading Sm150 from /home/diogo/openmc_data/endfb-vii.1-hdf5/neutron/Sm150.h5
 Reading Sm151 from /home/diogo/openmc_data/endfb-vii.1-hdf5/neutron/Sm151.h5
 Reading Sm152 from /home/diogo/openmc_data/endfb-vii.1-hdf5/neutron/Sm152.h5
 Reading Sm153 from /home/diogo/openmc_data/endfb-vii.1-hdf5/neutron/Sm153.h5
 Reading Sm154 from /home/diogo/openmc_data/endfb-vii.1-hdf5/neutron/Sm154.h5
 Reading Eu151 from /home/diogo/openmc_data/endfb-vii.1-hdf5/neutron/Eu151.h5
 Reading Eu152 from /home/diogo/openmc_data/endfb-vii.1-hdf5/neutron/Eu152.h5
 Reading Eu153 from /home/diogo/openmc_data/endfb-vii.1-hdf5/neutron/Eu153.h5
 Reading Eu154 from /home/diogo/openmc_data/endfb-vii.1-hdf5/neutron/Eu154.h5
 Reading Eu155 from /home/diogo/openmc_data/endfb-vii.1-hdf5/neutron/Eu155.h5
 Reading Eu156 from /home/diogo/openmc_data/endfb-vii.1-hdf5/neutron/Eu156.h5
 WARNING: Negative value(s) found on probability table for nuclide Eu156 at 250K
 WARNING: Negative value(s) found on probability table for nuclide Eu156 at 294K
 WARNING: Negative value(s) found on probability table for nuclide Eu156 at 600K
 WARNING: Negative value(s) found on probability table for nuclide Eu156 at 900K
 WARNING: Negative value(s) found on probability table for nuclide Eu156 at
          1200K
 WARNING: Negative value(s) found on probability table for nuclide Eu156 at
          2500K
 Reading Eu157 from /home/diogo/openmc_data/endfb-vii.1-hdf5/neutron/Eu157.h5
 Reading Gd153 from /home/diogo/openmc_data/endfb-vii.1-hdf5/neutron/Gd153.h5
 Reading Tb159 from /home/diogo/openmc_data/endfb-vii.1-hdf5/neutron/Tb159.h5
 Reading Tb160 from /home/diogo/openmc_data/endfb-vii.1-hdf5/neutron/Tb160.h5
 Reading Dy156 from /home/diogo/openmc_data/endfb-vii.1-hdf5/neutron/Dy156.h5
 Reading Dy158 from /home/diogo/openmc_data/endfb-vii.1-hdf5/neutron/Dy158.h5
 Reading Dy160 from /home/diogo/openmc_data/endfb-vii.1-hdf5/neutron/Dy160.h5
 Reading Dy161 from /home/diogo/openmc_data/endfb-vii.1-hdf5/neutron/Dy161.h5
 Reading Dy162 from /home/diogo/openmc_data/endfb-vii.1-hdf5/neutron/Dy162.h5
 Reading Dy163 from /home/diogo/openmc_data/endfb-vii.1-hdf5/neutron/Dy163.h5
 Reading Dy164 from /home/diogo/openmc_data/endfb-vii.1-hdf5/neutron/Dy164.h5
 Reading Ho165 from /home/diogo/openmc_data/endfb-vii.1-hdf5/neutron/Ho165.h5
 Reading Ho166_m1 from
 /home/diogo/openmc_data/endfb-vii.1-hdf5/neutron/Ho166_m1.h5
 Reading Er162 from /home/diogo/openmc_data/endfb-vii.1-hdf5/neutron/Er162.h5
 Reading Er164 from /home/diogo/openmc_data/endfb-vii.1-hdf5/neutron/Er164.h5
 Reading Er166 from /home/diogo/openmc_data/endfb-vii.1-hdf5/neutron/Er166.h5
 Reading Er167 from /home/diogo/openmc_data/endfb-vii.1-hdf5/neutron/Er167.h5
 Reading Er168 from /home/diogo/openmc_data/endfb-vii.1-hdf5/neutron/Er168.h5
 Reading Er170 from /home/diogo/openmc_data/endfb-vii.1-hdf5/neutron/Er170.h5
 Reading Tm168 from /home/diogo/openmc_data/endfb-vii.1-hdf5/neutron/Tm168.h5
 Reading Tm169 from /home/diogo/openmc_data/endfb-vii.1-hdf5/neutron/Tm169.h5
 Reading Tm170 from /home/diogo/openmc_data/endfb-vii.1-hdf5/neutron/Tm170.h5
 Reading Lu175 from /home/diogo/openmc_data/endfb-vii.1-hdf5/neutron/Lu175.h5
 Reading Lu176 from /home/diogo/openmc_data/endfb-vii.1-hdf5/neutron/Lu176.h5
 Reading Hf174 from /home/diogo/openmc_data/endfb-vii.1-hdf5/neutron/Hf174.h5
 Reading Hf176 from /home/diogo/openmc_data/endfb-vii.1-hdf5/neutron/Hf176.h5
 Reading Hf177 from /home/diogo/openmc_data/endfb-vii.1-hdf5/neutron/Hf177.h5
 Reading Hf178 from /home/diogo/openmc_data/endfb-vii.1-hdf5/neutron/Hf178.h5
 Reading Hf179 from /home/diogo/openmc_data/endfb-vii.1-hdf5/neutron/Hf179.h5
 Reading Hf180 from /home/diogo/openmc_data/endfb-vii.1-hdf5/neutron/Hf180.h5
 Reading Ta180 from /home/diogo/openmc_data/endfb-vii.1-hdf5/neutron/Ta180.h5
 Reading Ta181 from /home/diogo/openmc_data/endfb-vii.1-hdf5/neutron/Ta181.h5
 Reading Ta182 from /home/diogo/openmc_data/endfb-vii.1-hdf5/neutron/Ta182.h5
 Reading W180 from /home/diogo/openmc_data/endfb-vii.1-hdf5/neutron/W180.h5
 Reading W182 from /home/diogo/openmc_data/endfb-vii.1-hdf5/neutron/W182.h5
 Reading W183 from /home/diogo/openmc_data/endfb-vii.1-hdf5/neutron/W183.h5
 Reading W184 from /home/diogo/openmc_data/endfb-vii.1-hdf5/neutron/W184.h5
 Reading W186 from /home/diogo/openmc_data/endfb-vii.1-hdf5/neutron/W186.h5
 Reading Re185 from /home/diogo/openmc_data/endfb-vii.1-hdf5/neutron/Re185.h5
 Reading Re187 from /home/diogo/openmc_data/endfb-vii.1-hdf5/neutron/Re187.h5
 Reading Ir191 from /home/diogo/openmc_data/endfb-vii.1-hdf5/neutron/Ir191.h5
 Reading Ir193 from /home/diogo/openmc_data/endfb-vii.1-hdf5/neutron/Ir193.h5
 Reading Au197 from /home/diogo/openmc_data/endfb-vii.1-hdf5/neutron/Au197.h5
 Reading Hg196 from /home/diogo/openmc_data/endfb-vii.1-hdf5/neutron/Hg196.h5
 Reading Hg198 from /home/diogo/openmc_data/endfb-vii.1-hdf5/neutron/Hg198.h5
 Reading Hg199 from /home/diogo/openmc_data/endfb-vii.1-hdf5/neutron/Hg199.h5
 Reading Hg200 from /home/diogo/openmc_data/endfb-vii.1-hdf5/neutron/Hg200.h5
 Reading Hg201 from /home/diogo/openmc_data/endfb-vii.1-hdf5/neutron/Hg201.h5
 Reading Hg202 from /home/diogo/openmc_data/endfb-vii.1-hdf5/neutron/Hg202.h5
 Reading Hg204 from /home/diogo/openmc_data/endfb-vii.1-hdf5/neutron/Hg204.h5
 Reading Tl203 from /home/diogo/openmc_data/endfb-vii.1-hdf5/neutron/Tl203.h5
 Reading Tl205 from /home/diogo/openmc_data/endfb-vii.1-hdf5/neutron/Tl205.h5
 Reading Pb204 from /home/diogo/openmc_data/endfb-vii.1-hdf5/neutron/Pb204.h5
 Reading Pb206 from /home/diogo/openmc_data/endfb-vii.1-hdf5/neutron/Pb206.h5
 Reading Pb207 from /home/diogo/openmc_data/endfb-vii.1-hdf5/neutron/Pb207.h5
 Reading Pb208 from /home/diogo/openmc_data/endfb-vii.1-hdf5/neutron/Pb208.h5
 Reading Bi209 from /home/diogo/openmc_data/endfb-vii.1-hdf5/neutron/Bi209.h5
 Reading Ra223 from /home/diogo/openmc_data/endfb-vii.1-hdf5/neutron/Ra223.h5
 Reading Ra224 from /home/diogo/openmc_data/endfb-vii.1-hdf5/neutron/Ra224.h5
 Reading Ra225 from /home/diogo/openmc_data/endfb-vii.1-hdf5/neutron/Ra225.h5
 Reading Ra226 from /home/diogo/openmc_data/endfb-vii.1-hdf5/neutron/Ra226.h5
 Reading Ac225 from /home/diogo/openmc_data/endfb-vii.1-hdf5/neutron/Ac225.h5
 Reading Ac226 from /home/diogo/openmc_data/endfb-vii.1-hdf5/neutron/Ac226.h5
 Reading Ac227 from /home/diogo/openmc_data/endfb-vii.1-hdf5/neutron/Ac227.h5
 Reading Th227 from /home/diogo/openmc_data/endfb-vii.1-hdf5/neutron/Th227.h5
 Reading Th228 from /home/diogo/openmc_data/endfb-vii.1-hdf5/neutron/Th228.h5
 Reading Th229 from /home/diogo/openmc_data/endfb-vii.1-hdf5/neutron/Th229.h5
 Reading Th230 from /home/diogo/openmc_data/endfb-vii.1-hdf5/neutron/Th230.h5
 Reading Th231 from /home/diogo/openmc_data/endfb-vii.1-hdf5/neutron/Th231.h5
 Reading Th232 from /home/diogo/openmc_data/endfb-vii.1-hdf5/neutron/Th232.h5
 Reading Th233 from /home/diogo/openmc_data/endfb-vii.1-hdf5/neutron/Th233.h5
 Reading Th234 from /home/diogo/openmc_data/endfb-vii.1-hdf5/neutron/Th234.h5
 Reading Pa229 from /home/diogo/openmc_data/endfb-vii.1-hdf5/neutron/Pa229.h5
 Reading Pa230 from /home/diogo/openmc_data/endfb-vii.1-hdf5/neutron/Pa230.h5
 Reading Pa231 from /home/diogo/openmc_data/endfb-vii.1-hdf5/neutron/Pa231.h5
 Reading Pa232 from /home/diogo/openmc_data/endfb-vii.1-hdf5/neutron/Pa232.h5
 Reading Pa233 from /home/diogo/openmc_data/endfb-vii.1-hdf5/neutron/Pa233.h5
 Reading U230 from /home/diogo/openmc_data/endfb-vii.1-hdf5/neutron/U230.h5
 Reading U231 from /home/diogo/openmc_data/endfb-vii.1-hdf5/neutron/U231.h5
 Reading U232 from /home/diogo/openmc_data/endfb-vii.1-hdf5/neutron/U232.h5
 Reading U233 from /home/diogo/openmc_data/endfb-vii.1-hdf5/neutron/U233.h5
 Reading U236 from /home/diogo/openmc_data/endfb-vii.1-hdf5/neutron/U236.h5
 Reading U237 from /home/diogo/openmc_data/endfb-vii.1-hdf5/neutron/U237.h5
 Reading U239 from /home/diogo/openmc_data/endfb-vii.1-hdf5/neutron/U239.h5
 Reading U240 from /home/diogo/openmc_data/endfb-vii.1-hdf5/neutron/U240.h5
 Reading U241 from /home/diogo/openmc_data/endfb-vii.1-hdf5/neutron/U241.h5
 Reading Np234 from /home/diogo/openmc_data/endfb-vii.1-hdf5/neutron/Np234.h5
 Reading Np235 from /home/diogo/openmc_data/endfb-vii.1-hdf5/neutron/Np235.h5
 Reading Np236 from /home/diogo/openmc_data/endfb-vii.1-hdf5/neutron/Np236.h5
 Reading Np237 from /home/diogo/openmc_data/endfb-vii.1-hdf5/neutron/Np237.h5
 Reading Np238 from /home/diogo/openmc_data/endfb-vii.1-hdf5/neutron/Np238.h5
 Reading Np239 from /home/diogo/openmc_data/endfb-vii.1-hdf5/neutron/Np239.h5
 Reading Pu236 from /home/diogo/openmc_data/endfb-vii.1-hdf5/neutron/Pu236.h5
 Reading Pu237 from /home/diogo/openmc_data/endfb-vii.1-hdf5/neutron/Pu237.h5
 Reading Pu238 from /home/diogo/openmc_data/endfb-vii.1-hdf5/neutron/Pu238.h5
 Reading Pu239 from /home/diogo/openmc_data/endfb-vii.1-hdf5/neutron/Pu239.h5
 Reading Pu240 from /home/diogo/openmc_data/endfb-vii.1-hdf5/neutron/Pu240.h5
 Reading Pu241 from /home/diogo/openmc_data/endfb-vii.1-hdf5/neutron/Pu241.h5
 Reading Pu242 from /home/diogo/openmc_data/endfb-vii.1-hdf5/neutron/Pu242.h5
 Reading Pu243 from /home/diogo/openmc_data/endfb-vii.1-hdf5/neutron/Pu243.h5
 Reading Pu244 from /home/diogo/openmc_data/endfb-vii.1-hdf5/neutron/Pu244.h5
 Reading Pu246 from /home/diogo/openmc_data/endfb-vii.1-hdf5/neutron/Pu246.h5
 Reading Am240 from /home/diogo/openmc_data/endfb-vii.1-hdf5/neutron/Am240.h5
 Reading Am241 from /home/diogo/openmc_data/endfb-vii.1-hdf5/neutron/Am241.h5
 Reading Am242 from /home/diogo/openmc_data/endfb-vii.1-hdf5/neutron/Am242.h5
 Reading Am242_m1 from
 /home/diogo/openmc_data/endfb-vii.1-hdf5/neutron/Am242_m1.h5
 Reading Am243 from /home/diogo/openmc_data/endfb-vii.1-hdf5/neutron/Am243.h5
 Reading Am244 from /home/diogo/openmc_data/endfb-vii.1-hdf5/neutron/Am244.h5
 Reading Am244_m1 from
 /home/diogo/openmc_data/endfb-vii.1-hdf5/neutron/Am244_m1.h5
 Reading Cm240 from /home/diogo/openmc_data/endfb-vii.1-hdf5/neutron/Cm240.h5
 Reading Cm241 from /home/diogo/openmc_data/endfb-vii.1-hdf5/neutron/Cm241.h5
 Reading Cm242 from /home/diogo/openmc_data/endfb-vii.1-hdf5/neutron/Cm242.h5
 Reading Cm243 from /home/diogo/openmc_data/endfb-vii.1-hdf5/neutron/Cm243.h5
 Reading Cm244 from /home/diogo/openmc_data/endfb-vii.1-hdf5/neutron/Cm244.h5
 Reading Cm245 from /home/diogo/openmc_data/endfb-vii.1-hdf5/neutron/Cm245.h5
 Reading Cm246 from /home/diogo/openmc_data/endfb-vii.1-hdf5/neutron/Cm246.h5
 Reading Cm247 from /home/diogo/openmc_data/endfb-vii.1-hdf5/neutron/Cm247.h5
 Reading Cm248 from /home/diogo/openmc_data/endfb-vii.1-hdf5/neutron/Cm248.h5
 Reading Cm249 from /home/diogo/openmc_data/endfb-vii.1-hdf5/neutron/Cm249.h5
 Reading Cm250 from /home/diogo/openmc_data/endfb-vii.1-hdf5/neutron/Cm250.h5
 Reading Bk245 from /home/diogo/openmc_data/endfb-vii.1-hdf5/neutron/Bk245.h5
 Reading Bk246 from /home/diogo/openmc_data/endfb-vii.1-hdf5/neutron/Bk246.h5
 Reading Bk247 from /home/diogo/openmc_data/endfb-vii.1-hdf5/neutron/Bk247.h5
 Reading Bk248 from /home/diogo/openmc_data/endfb-vii.1-hdf5/neutron/Bk248.h5
 Reading Bk249 from /home/diogo/openmc_data/endfb-vii.1-hdf5/neutron/Bk249.h5
 Reading Bk250 from /home/diogo/openmc_data/endfb-vii.1-hdf5/neutron/Bk250.h5
 Reading Cf246 from /home/diogo/openmc_data/endfb-vii.1-hdf5/neutron/Cf246.h5
 Reading Cf248 from /home/diogo/openmc_data/endfb-vii.1-hdf5/neutron/Cf248.h5
 Reading Cf249 from /home/diogo/openmc_data/endfb-vii.1-hdf5/neutron/Cf249.h5
 Reading Cf250 from /home/diogo/openmc_data/endfb-vii.1-hdf5/neutron/Cf250.h5
 WARNING: Negative value(s) found on probability table for nuclide Cf250 at 250K
 WARNING: Negative value(s) found on probability table for nuclide Cf250 at 294K
 WARNING: Negative value(s) found on probability table for nuclide Cf250 at 900K
 WARNING: Negative value(s) found on probability table for nuclide Cf250 at
          1200K
 Reading Cf251 from /home/diogo/openmc_data/endfb-vii.1-hdf5/neutron/Cf251.h5
 Reading Cf252 from /home/diogo/openmc_data/endfb-vii.1-hdf5/neutron/Cf252.h5
 Reading Cf253 from /home/diogo/openmc_data/endfb-vii.1-hdf5/neutron/Cf253.h5
 Reading Cf254 from /home/diogo/openmc_data/endfb-vii.1-hdf5/neutron/Cf254.h5
 Reading Es251 from /home/diogo/openmc_data/endfb-vii.1-hdf5/neutron/Es251.h5
 Reading Es252 from /home/diogo/openmc_data/endfb-vii.1-hdf5/neutron/Es252.h5
 Reading Es253 from /home/diogo/openmc_data/endfb-vii.1-hdf5/neutron/Es253.h5
 Reading Es254 from /home/diogo/openmc_data/endfb-vii.1-hdf5/neutron/Es254.h5
 Reading Es254_m1 from
 /home/diogo/openmc_data/endfb-vii.1-hdf5/neutron/Es254_m1.h5
 Reading Es255 from /home/diogo/openmc_data/endfb-vii.1-hdf5/neutron/Es255.h5
 Reading Fm255 from /home/diogo/openmc_data/endfb-vii.1-hdf5/neutron/Fm255.h5
 Maximum neutron transport energy: 20000000 eV for H1
 Initializing source particles...

 ====================>     K EIGENVALUE SIMULATION     <====================

  Bat./Gen.      k       Entropy         Average k 
  =========   ========   ========   ====================
        1/1    0.94217    5.55474
        2/1    0.96336    5.52721
        3/1    0.95189    5.50538
        4/1    0.98343    5.49475
        5/1    1.00762    5.47357
        6/1    0.99318    5.47931
        7/1    1.00355    5.47609
        8/1    1.00238    5.49069
        9/1    1.01651    5.45350
       10/1    1.03236    5.45202
       11/1    1.02216    5.46200
       12/1    1.00236    5.46356
       13/1    1.00211    5.47080
       14/1    1.00240    5.47649
       15/1    1.01518    5.47957
       16/1    0.99719    5.47332
       17/1    0.98883    5.46802
       18/1    0.98745    5.45980
       19/1    0.98438    5.44686
       20/1    0.98055    5.43542
       21/1    1.01053    5.46106
       22/1    1.01140    5.44964
       23/1    1.00346    5.44705
       24/1    1.00462    5.41000
       25/1    1.00972    5.41966
       26/1    1.02054    5.44029
       27/1    1.00427    5.43917
       28/1    1.01331    5.44742
       29/1    1.01382    5.45365
       30/1    1.00885    5.44959
       31/1    1.00378    5.44024
       32/1    0.99042    5.45357
       33/1    0.99711    5.46994
       34/1    1.00842    5.44920
       35/1    1.00932    5.45410
       36/1    0.98180    5.44466
       37/1    1.00192    5.42826
       38/1    1.01026    5.45861
       39/1    1.02508    5.45306
       40/1    1.00539    5.45893
       41/1    1.02814    5.46147
       42/1    1.02845    5.48307
       43/1    1.02379    5.47354
       44/1    0.98985    5.45652
       45/1    1.02596    5.46413
       46/1    0.98403    5.45514
       47/1    1.00028    5.45084
       48/1    1.01164    5.44347
       49/1    0.99990    5.45608
       50/1    1.00749    5.44781
       51/1    1.00096    5.44373
       52/1    1.00796    5.43397    1.00446 +/- 0.00350
       53/1    0.99540    5.45632    1.00144 +/- 0.00363
       54/1    0.99318    5.44383    0.99938 +/- 0.00330
       55/1    1.02497    5.43610    1.00449 +/- 0.00572
       56/1    1.01454    5.43222    1.00617 +/- 0.00496
       57/1    1.03211    5.45990    1.00988 +/- 0.00560
       58/1    1.00700    5.44820    1.00952 +/- 0.00486
       59/1    0.99154    5.43118    1.00752 +/- 0.00473
       60/1    1.01127    5.45046    1.00789 +/- 0.00425
       61/1    1.01729    5.43826    1.00875 +/- 0.00393
       62/1    1.02500    5.45950    1.01010 +/- 0.00384
       63/1    1.02647    5.46930    1.01136 +/- 0.00375
       64/1    0.99950    5.44971    1.01051 +/- 0.00357
       65/1    1.01272    5.44446    1.01066 +/- 0.00333
       66/1    1.02418    5.46123    1.01151 +/- 0.00323
       67/1    1.01456    5.46583    1.01169 +/- 0.00304
       68/1    0.98757    5.46329    1.01035 +/- 0.00316
       69/1    1.01165    5.47241    1.01041 +/- 0.00299
       70/1    0.99522    5.47854    1.00965 +/- 0.00294
       71/1    1.00071    5.45090    1.00923 +/- 0.00283
       72/1    1.01508    5.44935    1.00949 +/- 0.00271
       73/1    1.00798    5.44045    1.00943 +/- 0.00259
       74/1    0.99501    5.44493    1.00883 +/- 0.00255
       75/1    1.00473    5.46613    1.00866 +/- 0.00245
       76/1    1.02416    5.47280    1.00926 +/- 0.00243
       77/1    0.98440    5.47072    1.00834 +/- 0.00251
       78/1    1.00118    5.44741    1.00808 +/- 0.00243
       79/1    1.00572    5.43644    1.00800 +/- 0.00235
       80/1    0.98605    5.43648    1.00727 +/- 0.00239
       81/1    1.00061    5.44230    1.00706 +/- 0.00232
       82/1    1.00359    5.41698    1.00695 +/- 0.00225
       83/1    1.02308    5.43217    1.00744 +/- 0.00223
       84/1    1.01283    5.44478    1.00759 +/- 0.00217
       85/1    1.03113    5.42430    1.00827 +/- 0.00221
       86/1    1.01406    5.45453    1.00843 +/- 0.00216
       87/1    1.01019    5.45010    1.00848 +/- 0.00210
       88/1    1.00739    5.43720    1.00845 +/- 0.00204
       89/1    1.00550    5.44583    1.00837 +/- 0.00199
       90/1    1.01005    5.44092    1.00841 +/- 0.00194
       91/1    1.01384    5.43557    1.00855 +/- 0.00190
       92/1    1.02432    5.44663    1.00892 +/- 0.00189
       93/1    1.01723    5.44768    1.00911 +/- 0.00185
       94/1    0.99707    5.46048    1.00884 +/- 0.00183
       95/1    0.98740    5.44535    1.00836 +/- 0.00185
       96/1    1.00471    5.43864    1.00828 +/- 0.00181
       97/1    1.01836    5.44083    1.00850 +/- 0.00179
       98/1    1.00793    5.43134    1.00849 +/- 0.00175
       99/1    1.01441    5.44301    1.00861 +/- 0.00172
      100/1    1.02664    5.44092    1.00897 +/- 0.00172
 Creating state point statepoint.100.h5...

 =======================>     TIMING STATISTICS     <=======================

 Total time for initialization     = 5.1959e+01 seconds
   Reading cross sections          = 7.4909e+00 seconds
 Total time in simulation          = 7.1507e+01 seconds
   Time in transport only          = 7.1129e+01 seconds
   Time in inactive batches        = 4.4171e+00 seconds
   Time in active batches          = 6.7090e+01 seconds
   Time synchronizing fission bank = 8.5572e-02 seconds
     Sampling source sites         = 7.3366e-02 seconds
     SEND/RECV source sites        = 1.1877e-02 seconds
   Time accumulating tallies       = 1.8572e-01 seconds
   Time writing statepoints        = 1.8309e-02 seconds
 Total time for finalization       = 1.8223e-02 seconds
 Total time elapsed                = 1.2392e+02 seconds
 Calculation Rate (inactive)       = 113196 particles/second
 Calculation Rate (active)         = 7452.71 particles/second

 ============================>     RESULTS     <============================

 k-effective (Collision)     = 1.00714 +/- 0.00152
 k-effective (Track-length)  = 1.00897 +/- 0.00172
 k-effective (Absorption)    = 1.00862 +/- 0.00144
 Combined k-effective        = 1.00830 +/- 0.00129
 Leakage Fraction            = 0.00698 +/- 0.00012

 Creating state point openmc_simulation_n0.h5...
[openmc.deplete] t=4327203.051553669 s, dt=8654406.103107339 s, source=47585803.38865244
 Maximum neutron transport energy: 20000000 eV for H1
 Initializing source particles...

 ====================>     K EIGENVALUE SIMULATION     <====================

  Bat./Gen.      k       Entropy         Average k 
  =========   ========   ========   ====================
        1/1    0.93627    5.57319
        2/1    0.95306    5.52819
        3/1    0.98114    5.50890
        4/1    0.98644    5.51135
        5/1    0.97527    5.50907
        6/1    0.97131    5.48895
        7/1    0.99181    5.48115
        8/1    1.01909    5.48069
        9/1    0.99309    5.45535
       10/1    0.97920    5.43780
       11/1    0.99242    5.46080
       12/1    0.98636    5.44816
       13/1    0.98338    5.46119
       14/1    0.97339    5.45698
       15/1    0.99776    5.44179
       16/1    0.97941    5.44975
       17/1    0.98503    5.44840
       18/1    0.99795    5.46404
       19/1    0.99878    5.44414
       20/1    0.99406    5.45716
       21/1    1.00069    5.43639
       22/1    0.99948    5.45341
       23/1    1.00065    5.44374
       24/1    0.99685    5.44211
       25/1    0.99991    5.45074
       26/1    0.99424    5.46440
       27/1    0.99889    5.46151
       28/1    0.96128    5.47363
       29/1    0.99781    5.47567
       30/1    0.98616    5.47595
       31/1    0.97824    5.47329
       32/1    0.99982    5.47529
       33/1    1.00619    5.47688
       34/1    0.98074    5.46592
       35/1    0.99203    5.46000
       36/1    0.99615    5.45854
       37/1    0.99546    5.46568
       38/1    0.97162    5.46536
       39/1    0.98398    5.45625
       40/1    0.97241    5.44015
       41/1    0.99901    5.43534
       42/1    0.99514    5.45414
       43/1    0.98145    5.45198
       44/1    1.00007    5.45876
       45/1    1.00587    5.46142
       46/1    0.99201    5.47611
       47/1    0.99881    5.45192
       48/1    0.96952    5.45458
       49/1    0.98924    5.46998
       50/1    0.98576    5.45984
       51/1    0.99338    5.47803
       52/1    0.98292    5.46480    0.98815 +/- 0.00523
       53/1    0.98422    5.46930    0.98684 +/- 0.00329
       54/1    1.02172    5.45541    0.99556 +/- 0.00903
       55/1    0.98401    5.44980    0.99325 +/- 0.00736
       56/1    0.97974    5.44561    0.99100 +/- 0.00642
       57/1    0.99483    5.44668    0.99155 +/- 0.00545
       58/1    0.99419    5.43594    0.99188 +/- 0.00473
       59/1    0.99761    5.45556    0.99251 +/- 0.00422
       60/1    0.98772    5.47103    0.99203 +/- 0.00381
       61/1    0.99014    5.46733    0.99186 +/- 0.00345
       62/1    0.98493    5.42758    0.99129 +/- 0.00320
       63/1    0.99066    5.46860    0.99124 +/- 0.00294
       64/1    0.97833    5.45633    0.99031 +/- 0.00288
       65/1    0.99160    5.46024    0.99040 +/- 0.00268
       66/1    0.99150    5.45081    0.99047 +/- 0.00251
       67/1    0.97891    5.45166    0.98979 +/- 0.00245
       68/1    0.98689    5.46212    0.98963 +/- 0.00232
       69/1    0.96519    5.43024    0.98834 +/- 0.00254
       70/1    0.99099    5.46131    0.98847 +/- 0.00242
       71/1    1.00258    5.43931    0.98915 +/- 0.00239
       72/1    1.00965    5.44874    0.99008 +/- 0.00246
       73/1    0.99633    5.45460    0.99035 +/- 0.00237
       74/1    0.99382    5.47168    0.99049 +/- 0.00227
       75/1    0.98942    5.45787    0.99045 +/- 0.00218
       76/1    0.98126    5.45466    0.99010 +/- 0.00213
       77/1    0.97543    5.43681    0.98955 +/- 0.00212
       78/1    0.97222    5.44763    0.98894 +/- 0.00213
       79/1    1.01595    5.44870    0.98987 +/- 0.00226
       80/1    1.00268    5.44586    0.99029 +/- 0.00222
       81/1    1.00094    5.46250    0.99064 +/- 0.00218
       82/1    0.98661    5.44481    0.99051 +/- 0.00211
       83/1    0.97263    5.42452    0.98997 +/- 0.00212
       84/1    1.00606    5.43754    0.99044 +/- 0.00211
       85/1    0.97660    5.43506    0.99005 +/- 0.00208
       86/1    0.97702    5.44885    0.98969 +/- 0.00206
       87/1    0.97172    5.45646    0.98920 +/- 0.00206
       88/1    1.00271    5.44093    0.98956 +/- 0.00204
       89/1    0.96631    5.44188    0.98896 +/- 0.00207
       90/1    0.98774    5.44681    0.98893 +/- 0.00202
       91/1    0.99066    5.45275    0.98897 +/- 0.00197
       92/1    0.98024    5.46177    0.98876 +/- 0.00193
       93/1    1.00187    5.46885    0.98907 +/- 0.00191
       94/1    0.99295    5.46586    0.98916 +/- 0.00187
       95/1    1.00172    5.45624    0.98944 +/- 0.00185
       96/1    0.96747    5.46012    0.98896 +/- 0.00187
       97/1    0.99979    5.46559    0.98919 +/- 0.00184
       98/1    0.98842    5.45990    0.98917 +/- 0.00181
       99/1    0.98587    5.45632    0.98911 +/- 0.00177
      100/1    0.99453    5.45393    0.98921 +/- 0.00174
 Creating state point statepoint.100.h5...

 =======================>     TIMING STATISTICS     <=======================

 Total time for initialization     = 0.0000e+00 seconds
   Reading cross sections          = 0.0000e+00 seconds
 Total time in simulation          = 1.0515e+02 seconds
   Time in transport only          = 1.0476e+02 seconds
   Time in inactive batches        = 4.0227e+01 seconds
   Time in active batches          = 6.4922e+01 seconds
   Time synchronizing fission bank = 1.0233e-01 seconds
     Sampling source sites         = 8.8461e-02 seconds
     SEND/RECV source sites        = 1.3520e-02 seconds
   Time accumulating tallies       = 1.6748e-01 seconds
   Time writing statepoints        = 1.4438e-02 seconds
 Total time for finalization       = 1.2444e-02 seconds
 Total time elapsed                = 1.0564e+02 seconds
 Calculation Rate (inactive)       = 12429.4 particles/second
 Calculation Rate (active)         = 7701.49 particles/second

 ============================>     RESULTS     <============================

 k-effective (Collision)     = 0.99136 +/- 0.00158
 k-effective (Track-length)  = 0.98921 +/- 0.00174
 k-effective (Absorption)    = 0.99143 +/- 0.00168
 Combined k-effective        = 0.99085 +/- 0.00150
 Leakage Fraction            = 0.00733 +/- 0.00012

 Creating state point openmc_simulation_n1.h5...
[openmc.deplete] t=12981609.154661007 s, dt=17308812.206214678 s, source=47585803.38865244
 Maximum neutron transport energy: 20000000 eV for H1
 Initializing source particles...

 ====================>     K EIGENVALUE SIMULATION     <====================

  Bat./Gen.      k       Entropy         Average k 
  =========   ========   ========   ====================
        1/1    0.93101    5.54257
        2/1    0.96807    5.50327
        3/1    0.96130    5.49692
        4/1    0.95097    5.50140
        5/1    0.94350    5.49054
        6/1    0.95157    5.47943
        7/1    0.97001    5.46198
        8/1    0.97357    5.45456
        9/1    0.99814    5.45097
       10/1    0.97147    5.45466
       11/1    0.97461    5.45760
       12/1    0.99205    5.46655
       13/1    0.96205    5.44968
       14/1    0.99372    5.46445
       15/1    0.98749    5.45664
       16/1    0.98234    5.43196
       17/1    0.97778    5.43015
       18/1    0.97439    5.42331
       19/1    1.00194    5.42252
       20/1    0.98644    5.43562
       21/1    1.00857    5.44491
       22/1    0.98897    5.44682
       23/1    0.99853    5.44315
       24/1    0.98091    5.45620
       25/1    0.98175    5.44746
       26/1    0.97982    5.43751
       27/1    0.97553    5.44402
       28/1    0.97028    5.43955
       29/1    0.97201    5.45455
       30/1    0.98780    5.45254
       31/1    0.97637    5.46302
       32/1    0.97315    5.45615
       33/1    0.97283    5.45433
       34/1    0.99032    5.45038
       35/1    0.98878    5.45826
       36/1    0.97855    5.45523
       37/1    0.99651    5.46491
       38/1    0.98572    5.44675
       39/1    0.99956    5.45866
       40/1    0.99160    5.43777
       41/1    0.99529    5.45628
       42/1    0.98289    5.46972
       43/1    0.98403    5.47497
       44/1    0.96324    5.45894
       45/1    0.96989    5.45384
       46/1    0.97992    5.44720
       47/1    1.00403    5.44488
       48/1    0.98677    5.45722
       49/1    0.98523    5.45815
       50/1    0.99289    5.45881
       51/1    1.01000    5.44772
       52/1    0.98160    5.43817    0.99580 +/- 0.01420
       53/1    0.98290    5.46464    0.99150 +/- 0.00926
       54/1    0.98180    5.44839    0.98908 +/- 0.00698
       55/1    0.99046    5.45598    0.98935 +/- 0.00541
       56/1    0.97112    5.44334    0.98631 +/- 0.00536
       57/1    0.98125    5.45060    0.98559 +/- 0.00459
       58/1    0.99593    5.45314    0.98688 +/- 0.00418
       59/1    1.00931    5.46273    0.98937 +/- 0.00445
       60/1    0.99128    5.43510    0.98956 +/- 0.00399
       61/1    0.98130    5.45152    0.98881 +/- 0.00368
       62/1    0.99971    5.45133    0.98972 +/- 0.00348
       63/1    0.98017    5.46804    0.98899 +/- 0.00329
       64/1    0.97421    5.45989    0.98793 +/- 0.00322
       65/1    0.97893    5.45113    0.98733 +/- 0.00306
       66/1    0.98357    5.44378    0.98710 +/- 0.00287
       67/1    0.98513    5.43459    0.98698 +/- 0.00270
       68/1    0.98546    5.44151    0.98690 +/- 0.00254
       69/1    0.99025    5.43763    0.98707 +/- 0.00241
       70/1    0.98235    5.43666    0.98684 +/- 0.00230
       71/1    1.01159    5.44588    0.98801 +/- 0.00249
       72/1    0.98503    5.45162    0.98788 +/- 0.00237
       73/1    0.99370    5.45280    0.98813 +/- 0.00228
       74/1    1.00454    5.44894    0.98882 +/- 0.00229
       75/1    0.99914    5.45209    0.98923 +/- 0.00224
       76/1    1.01373    5.43825    0.99017 +/- 0.00235
       77/1    0.97462    5.44569    0.98960 +/- 0.00233
       78/1    0.96519    5.43947    0.98872 +/- 0.00241
       79/1    0.99040    5.46110    0.98878 +/- 0.00232
       80/1    1.00109    5.44229    0.98919 +/- 0.00228
       81/1    0.97316    5.45474    0.98867 +/- 0.00227
       82/1    1.00923    5.45831    0.98932 +/- 0.00229
       83/1    1.00276    5.46623    0.98972 +/- 0.00225
       84/1    1.00504    5.47237    0.99017 +/- 0.00223
       85/1    0.97526    5.46522    0.98975 +/- 0.00221
       86/1    0.97307    5.46343    0.98929 +/- 0.00220
       87/1    0.97584    5.45966    0.98892 +/- 0.00217
       88/1    1.00746    5.46063    0.98941 +/- 0.00216
       89/1    0.97058    5.47228    0.98893 +/- 0.00216
       90/1    1.00085    5.47552    0.98923 +/- 0.00213
       91/1    0.98203    5.45747    0.98905 +/- 0.00208
       92/1    0.97998    5.46526    0.98883 +/- 0.00205
       93/1    0.99288    5.46118    0.98893 +/- 0.00200
       94/1    0.98275    5.45407    0.98879 +/- 0.00196
       95/1    0.98314    5.45562    0.98866 +/- 0.00192
       96/1    0.99243    5.46549    0.98874 +/- 0.00188
       97/1    0.97888    5.47552    0.98853 +/- 0.00185
       98/1    0.98374    5.46441    0.98843 +/- 0.00181
       99/1    1.01060    5.48423    0.98889 +/- 0.00183
      100/1    0.98990    5.46652    0.98891 +/- 0.00180
 Creating state point statepoint.100.h5...

 =======================>     TIMING STATISTICS     <=======================

 Total time for initialization     = 0.0000e+00 seconds
   Reading cross sections          = 0.0000e+00 seconds
 Total time in simulation          = 1.0551e+02 seconds
   Time in transport only          = 1.0507e+02 seconds
   Time in inactive batches        = 4.0618e+01 seconds
   Time in active batches          = 6.4891e+01 seconds
   Time synchronizing fission bank = 9.6731e-02 seconds
     Sampling source sites         = 8.3916e-02 seconds
     SEND/RECV source sites        = 1.2453e-02 seconds
   Time accumulating tallies       = 2.2219e-01 seconds
   Time writing statepoints        = 1.2187e-02 seconds
 Total time for finalization       = 1.2436e-02 seconds
 Total time elapsed                = 1.0602e+02 seconds
 Calculation Rate (inactive)       = 12309.9 particles/second
 Calculation Rate (active)         = 7705.23 particles/second

 ============================>     RESULTS     <============================

 k-effective (Collision)     = 0.98687 +/- 0.00140
 k-effective (Track-length)  = 0.98891 +/- 0.00180
 k-effective (Absorption)    = 0.98655 +/- 0.00137
 Combined k-effective        = 0.98650 +/- 0.00123
 Leakage Fraction            = 0.00707 +/- 0.00011

 Creating state point openmc_simulation_n2.h5...
[openmc.deplete] t=30290421.360875685 s, dt=34617624.412429355 s, source=47585803.38865244
 Maximum neutron transport energy: 20000000 eV for H1
 Initializing source particles...

 ====================>     K EIGENVALUE SIMULATION     <====================

  Bat./Gen.      k       Entropy         Average k 
  =========   ========   ========   ====================
        1/1    0.95952    5.52179
        2/1    0.95981    5.49886
        3/1    0.97129    5.48666
        4/1    0.98912    5.47824
        5/1    1.01192    5.48847
        6/1    0.96642    5.46494
        7/1    0.96880    5.45272
        8/1    0.97106    5.46070
        9/1    0.97772    5.46432
       10/1    1.00381    5.45675
       11/1    0.97306    5.45637
       12/1    0.98708    5.45725
       13/1    0.98022    5.47082
       14/1    1.00808    5.44340
       15/1    0.97641    5.44136
       16/1    0.99776    5.45139
       17/1    0.96418    5.42741
       18/1    0.98491    5.44545
       19/1    0.99988    5.44812
       20/1    0.98036    5.44212
       21/1    0.98327    5.45579
       22/1    0.98214    5.45901
       23/1    0.99604    5.44955
       24/1    0.98259    5.44250
       25/1    0.96752    5.43849
       26/1    0.96551    5.45323
       27/1    0.98714    5.42901
       28/1    0.97317    5.44341
       29/1    0.98964    5.44773
       30/1    0.98132    5.42904
       31/1    0.99176    5.42618
       32/1    0.99739    5.45226
       33/1    0.96984    5.44914
       34/1    0.99507    5.46567
       35/1    0.97419    5.45324
       36/1    0.97787    5.47274
       37/1    0.97506    5.45743
       38/1    0.97529    5.45067
       39/1    0.97545    5.43509
       40/1    1.00267    5.45373
       41/1    1.00396    5.44456
       42/1    0.99046    5.46173
       43/1    0.97552    5.45542
       44/1    1.00036    5.45849
       45/1    0.99884    5.44802
       46/1    1.00653    5.46123
       47/1    1.00584    5.45275
       48/1    0.99275    5.43231
       49/1    0.99709    5.44925
       50/1    0.97001    5.44129
       51/1    0.97078    5.42956
       52/1    0.95451    5.41103    0.96265 +/- 0.00813
       53/1    0.99714    5.44351    0.97414 +/- 0.01242
       54/1    0.98546    5.44105    0.97697 +/- 0.00923
       55/1    0.97893    5.45832    0.97736 +/- 0.00716
       56/1    0.98679    5.44523    0.97893 +/- 0.00605
       57/1    0.97547    5.45444    0.97844 +/- 0.00514
       58/1    1.00559    5.44976    0.98183 +/- 0.00560
       59/1    0.96466    5.46049    0.97993 +/- 0.00529
       60/1    0.99822    5.44048    0.98175 +/- 0.00507
       61/1    0.98000    5.41491    0.98160 +/- 0.00459
       62/1    0.98337    5.42788    0.98174 +/- 0.00420
       63/1    0.98399    5.42355    0.98192 +/- 0.00386
       64/1    0.99653    5.43158    0.98296 +/- 0.00373
       65/1    1.00270    5.44256    0.98428 +/- 0.00371
       66/1    0.99684    5.43112    0.98506 +/- 0.00356
       67/1    0.97215    5.42748    0.98430 +/- 0.00343
       68/1    0.99440    5.42434    0.98486 +/- 0.00328
       69/1    0.98830    5.42889    0.98504 +/- 0.00311
       70/1    0.99824    5.42570    0.98570 +/- 0.00302
       71/1    0.98179    5.42540    0.98552 +/- 0.00288
       72/1    0.97566    5.43649    0.98507 +/- 0.00278
       73/1    0.95430    5.44425    0.98373 +/- 0.00298
       74/1    0.98129    5.43693    0.98363 +/- 0.00285
       75/1    0.99837    5.43803    0.98422 +/- 0.00280
       76/1    0.97864    5.42146    0.98400 +/- 0.00270
       77/1    0.97933    5.44442    0.98383 +/- 0.00260
       78/1    0.98717    5.45096    0.98395 +/- 0.00251
       79/1    0.99427    5.44250    0.98431 +/- 0.00245
       80/1    0.96644    5.43149    0.98371 +/- 0.00244
       81/1    0.97415    5.43943    0.98340 +/- 0.00238
       82/1    0.97850    5.44251    0.98325 +/- 0.00231
       83/1    0.98528    5.44110    0.98331 +/- 0.00224
       84/1    0.97268    5.44395    0.98300 +/- 0.00219
       85/1    0.97410    5.44388    0.98274 +/- 0.00214
       86/1    0.96240    5.44324    0.98218 +/- 0.00216
       87/1    0.99136    5.44606    0.98243 +/- 0.00211
       88/1    0.96882    5.44592    0.98207 +/- 0.00209
       89/1    0.99325    5.45727    0.98236 +/- 0.00205
       90/1    1.00517    5.45216    0.98293 +/- 0.00208
       91/1    0.97561    5.44034    0.98275 +/- 0.00204
       92/1    0.98269    5.46520    0.98275 +/- 0.00199
       93/1    0.98883    5.46248    0.98289 +/- 0.00195
       94/1    0.99906    5.45659    0.98326 +/- 0.00194
       95/1    0.99543    5.46073    0.98353 +/- 0.00191
       96/1    0.95868    5.43950    0.98299 +/- 0.00195
       97/1    1.00890    5.44174    0.98354 +/- 0.00198
       98/1    0.98048    5.41962    0.98347 +/- 0.00194
       99/1    0.97070    5.44449    0.98321 +/- 0.00192
      100/1    0.98507    5.43462    0.98325 +/- 0.00188
 Creating state point statepoint.100.h5...

 =======================>     TIMING STATISTICS     <=======================

 Total time for initialization     = 0.0000e+00 seconds
   Reading cross sections          = 0.0000e+00 seconds
 Total time in simulation          = 1.0553e+02 seconds
   Time in transport only          = 1.0512e+02 seconds
   Time in inactive batches        = 4.0798e+01 seconds
   Time in active batches          = 6.4729e+01 seconds
   Time synchronizing fission bank = 9.8126e-02 seconds
     Sampling source sites         = 8.4894e-02 seconds
     SEND/RECV source sites        = 1.2884e-02 seconds
   Time accumulating tallies       = 1.9132e-01 seconds
   Time writing statepoints        = 1.1259e-02 seconds
 Total time for finalization       = 1.1422e-02 seconds
 Total time elapsed                = 1.0598e+02 seconds
 Calculation Rate (inactive)       = 12255.6 particles/second
 Calculation Rate (active)         = 7724.5 particles/second

 ============================>     RESULTS     <============================

 k-effective (Collision)     = 0.98293 +/- 0.00164
 k-effective (Track-length)  = 0.98325 +/- 0.00188
 k-effective (Absorption)    = 0.98659 +/- 0.00154
 Combined k-effective        = 0.98496 +/- 0.00130
 Leakage Fraction            = 0.00684 +/- 0.00011

 Creating state point openmc_simulation_n3.h5...
[openmc.deplete] t=64908045.77330504 s, dt=51926436.61864404 s, source=47585803.38865244
 Maximum neutron transport energy: 20000000 eV for H1
 Initializing source particles...

 ====================>     K EIGENVALUE SIMULATION     <====================

  Bat./Gen.      k       Entropy         Average k 
  =========   ========   ========   ====================
        1/1    0.92233    5.56525
        2/1    0.94001    5.52126
        3/1    0.95833    5.51162
        4/1    0.95748    5.48235
        5/1    0.97799    5.50089
        6/1    1.00461    5.49722
        7/1    0.96630    5.49180
        8/1    0.95665    5.43953
        9/1    0.99391    5.44353
       10/1    0.97598    5.46637
       11/1    0.98737    5.45460
       12/1    0.98869    5.43595
       13/1    0.97687    5.45437
       14/1    0.99211    5.44116
       15/1    0.98874    5.42801
       16/1    0.96502    5.43754
       17/1    0.98114    5.43733
       18/1    0.98627    5.44006
       19/1    1.00791    5.43192
       20/1    1.00967    5.41620
       21/1    0.98159    5.41112
       22/1    0.97222    5.42734
       23/1    1.00109    5.43316
       24/1    0.99194    5.43171
       25/1    0.98141    5.43610
       26/1    1.00000    5.43590
       27/1    0.99186    5.42762
       28/1    1.01089    5.43900
       29/1    0.97711    5.41799
       30/1    0.98216    5.43075
       31/1    0.97763    5.45123
       32/1    0.96386    5.44115
       33/1    1.00880    5.45584
       34/1    0.95973    5.41487
       35/1    1.00510    5.41243
       36/1    0.97374    5.42929
       37/1    0.99520    5.42729
       38/1    0.97765    5.41360
       39/1    1.00382    5.42305
       40/1    1.00262    5.43823
       41/1    0.99093    5.43113
       42/1    0.99578    5.45272
       43/1    0.96970    5.45262
       44/1    0.98673    5.44682
       45/1    0.99747    5.43405
       46/1    0.97029    5.41071
       47/1    0.98567    5.42088
       48/1    0.97203    5.43072
       49/1    0.98656    5.42969
       50/1    0.98463    5.44658
       51/1    0.98455    5.44344
       52/1    0.97022    5.45324    0.97739 +/- 0.00717
       53/1    0.98320    5.43229    0.97932 +/- 0.00457
       54/1    0.95197    5.40977    0.97249 +/- 0.00756
       55/1    0.97009    5.41880    0.97201 +/- 0.00588
       56/1    0.98460    5.42448    0.97411 +/- 0.00524
       57/1    0.96888    5.42104    0.97336 +/- 0.00449
       58/1    0.96061    5.41071    0.97177 +/- 0.00420
       59/1    0.98652    5.41799    0.97341 +/- 0.00405
       60/1    0.98898    5.42215    0.97496 +/- 0.00395
       61/1    0.99163    5.42379    0.97648 +/- 0.00388
       62/1    0.97020    5.41937    0.97595 +/- 0.00358
       63/1    0.98594    5.40663    0.97672 +/- 0.00338
       64/1    1.00086    5.43381    0.97845 +/- 0.00357
       65/1    0.96887    5.42329    0.97781 +/- 0.00339
       66/1    0.98880    5.41749    0.97850 +/- 0.00324
       67/1    0.99385    5.45606    0.97940 +/- 0.00318
       68/1    0.97417    5.43816    0.97911 +/- 0.00301
       69/1    0.99006    5.44716    0.97968 +/- 0.00290
       70/1    0.98910    5.45295    0.98016 +/- 0.00279
       71/1    0.97494    5.41769    0.97991 +/- 0.00267
       72/1    0.97546    5.41122    0.97970 +/- 0.00255
       73/1    0.98447    5.41845    0.97991 +/- 0.00245
       74/1    0.97942    5.43015    0.97989 +/- 0.00234
       75/1    0.99667    5.43120    0.98056 +/- 0.00235
       76/1    0.98503    5.43880    0.98073 +/- 0.00226
       77/1    0.97452    5.41703    0.98050 +/- 0.00219
       78/1    1.00053    5.43429    0.98122 +/- 0.00223
       79/1    0.99909    5.40176    0.98184 +/- 0.00223
       80/1    0.99293    5.42423    0.98221 +/- 0.00219
       81/1    0.96851    5.42328    0.98176 +/- 0.00216
       82/1    0.98949    5.41750    0.98200 +/- 0.00211
       83/1    0.97090    5.42589    0.98167 +/- 0.00207
       84/1    0.99046    5.42856    0.98193 +/- 0.00203
       85/1    0.99588    5.42697    0.98233 +/- 0.00201
       86/1    0.96774    5.44431    0.98192 +/- 0.00199
       87/1    0.97089    5.44842    0.98162 +/- 0.00196
       88/1    0.98477    5.43086    0.98171 +/- 0.00191
       89/1    0.97863    5.41956    0.98163 +/- 0.00186
       90/1    0.96364    5.40744    0.98118 +/- 0.00187
       91/1    0.98160    5.41229    0.98119 +/- 0.00182
       92/1    1.00481    5.41543    0.98175 +/- 0.00187
       93/1    0.98310    5.42551    0.98178 +/- 0.00182
       94/1    0.98457    5.42374    0.98184 +/- 0.00178
       95/1    1.00507    5.43215    0.98236 +/- 0.00182
       96/1    0.98785    5.44623    0.98248 +/- 0.00178
       97/1    0.97366    5.44492    0.98229 +/- 0.00175
       98/1    0.97465    5.41692    0.98213 +/- 0.00172
       99/1    0.98481    5.43189    0.98219 +/- 0.00169
      100/1    0.97583    5.41445    0.98206 +/- 0.00166
 Creating state point statepoint.100.h5...

 =======================>     TIMING STATISTICS     <=======================

 Total time for initialization     = 0.0000e+00 seconds
   Reading cross sections          = 0.0000e+00 seconds
 Total time in simulation          = 1.0687e+02 seconds
   Time in transport only          = 1.0646e+02 seconds
   Time in inactive batches        = 4.1789e+01 seconds
   Time in active batches          = 6.5084e+01 seconds
   Time synchronizing fission bank = 9.6708e-02 seconds
     Sampling source sites         = 8.3514e-02 seconds
     SEND/RECV source sites        = 1.2794e-02 seconds
   Time accumulating tallies       = 1.8932e-01 seconds
   Time writing statepoints        = 1.8381e-02 seconds
 Total time for finalization       = 1.8305e-02 seconds
 Total time elapsed                = 1.0737e+02 seconds
 Calculation Rate (inactive)       = 11964.8 particles/second
 Calculation Rate (active)         = 7682.33 particles/second

 ============================>     RESULTS     <============================

 k-effective (Collision)     = 0.98298 +/- 0.00152
 k-effective (Track-length)  = 0.98206 +/- 0.00166
 k-effective (Absorption)    = 0.98398 +/- 0.00149
 Combined k-effective        = 0.98317 +/- 0.00128
 Leakage Fraction            = 0.00683 +/- 0.00016

 Creating state point openmc_simulation_n4.h5...
[openmc.deplete] t=116834482.39194909 (final operator evaluation)
 Maximum neutron transport energy: 20000000 eV for H1
 Initializing source particles...

 ====================>     K EIGENVALUE SIMULATION     <====================

  Bat./Gen.      k       Entropy         Average k 
  =========   ========   ========   ====================
        1/1    0.93776    5.55983
        2/1    0.93402    5.53073
        3/1    0.95605    5.48632
        4/1    0.96857    5.47300
        5/1    0.96425    5.47396
        6/1    0.97626    5.45059
        7/1    0.96721    5.45424
        8/1    1.00217    5.43137
        9/1    0.98526    5.44170
       10/1    0.96245    5.43426
       11/1    0.97532    5.43224
       12/1    0.98127    5.42594
       13/1    0.99080    5.42423
       14/1    0.99285    5.41448
       15/1    1.00027    5.41195
       16/1    0.98734    5.41762
       17/1    0.97152    5.41232
       18/1    0.97606    5.42711
       19/1    0.98204    5.44172
       20/1    0.97764    5.43112
       21/1    0.99825    5.44328
       22/1    0.98887    5.42730
       23/1    0.98351    5.40668
       24/1    0.98067    5.44954
       25/1    0.99573    5.46053
       26/1    0.97104    5.43987
       27/1    0.99279    5.43630
       28/1    0.98644    5.42453
       29/1    0.99480    5.43076
       30/1    0.97396    5.43595
       31/1    0.98465    5.42206
       32/1    0.97896    5.43502
       33/1    0.99848    5.43877
       34/1    1.00176    5.42655
       35/1    0.99569    5.44138
       36/1    0.99011    5.44418
       37/1    0.97384    5.43079
       38/1    0.98527    5.43449
       39/1    0.98597    5.42800
       40/1    0.96180    5.43012
       41/1    1.00120    5.42529
       42/1    0.97704    5.43368
       43/1    0.99391    5.43152
       44/1    0.99877    5.44211
       45/1    0.97573    5.41606
       46/1    0.96504    5.42450
       47/1    0.98541    5.41185
       48/1    0.98615    5.41188
       49/1    0.98014    5.43397
       50/1    0.99445    5.39466
       51/1    0.99092    5.42954
       52/1    0.96775    5.42547    0.97933 +/- 0.01158
       53/1    0.97915    5.43004    0.97927 +/- 0.00669
       54/1    0.99593    5.43821    0.98344 +/- 0.00630
       55/1    0.98739    5.43912    0.98423 +/- 0.00495
       56/1    0.98613    5.42543    0.98454 +/- 0.00405
       57/1    0.98728    5.42853    0.98494 +/- 0.00345
       58/1    0.97107    5.43325    0.98320 +/- 0.00345
       59/1    0.98562    5.41914    0.98347 +/- 0.00306
       60/1    0.99764    5.42343    0.98489 +/- 0.00308
       61/1    0.99466    5.40227    0.98578 +/- 0.00292
       62/1    0.98896    5.41996    0.98604 +/- 0.00268
       63/1    0.99983    5.39469    0.98710 +/- 0.00268
       64/1    1.00690    5.41290    0.98852 +/- 0.00286
       65/1    0.97937    5.41318    0.98791 +/- 0.00273
       66/1    1.00924    5.41205    0.98924 +/- 0.00288
       67/1    1.01691    5.42743    0.99087 +/- 0.00316
       68/1    0.98257    5.41481    0.99041 +/- 0.00301
       69/1    0.98891    5.41830    0.99033 +/- 0.00285
       70/1    0.99594    5.41467    0.99061 +/- 0.00272
       71/1    0.98256    5.41780    0.99023 +/- 0.00262
       72/1    1.00120    5.43822    0.99072 +/- 0.00254
       73/1    0.97091    5.42775    0.98986 +/- 0.00258
       74/1    1.00899    5.44716    0.99066 +/- 0.00259
       75/1    0.99163    5.42841    0.99070 +/- 0.00249
       76/1    1.00841    5.45196    0.99138 +/- 0.00249
       77/1    0.97561    5.45097    0.99080 +/- 0.00246
       78/1    0.98324    5.44776    0.99053 +/- 0.00239
       79/1    0.99228    5.43120    0.99059 +/- 0.00230
       80/1    1.00187    5.42533    0.99096 +/- 0.00226
       81/1    0.99187    5.45888    0.99099 +/- 0.00218
       82/1    0.97974    5.41308    0.99064 +/- 0.00214
       83/1    0.98349    5.44228    0.99042 +/- 0.00209
       84/1    0.99138    5.44654    0.99045 +/- 0.00203
       85/1    0.98450    5.43598    0.99028 +/- 0.00198
       86/1    0.98537    5.46248    0.99014 +/- 0.00192
       87/1    0.98817    5.45859    0.99009 +/- 0.00187
       88/1    0.99715    5.46501    0.99028 +/- 0.00183
       89/1    0.98038    5.42708    0.99002 +/- 0.00180
       90/1    0.97751    5.44649    0.98971 +/- 0.00178
       91/1    0.98070    5.43134    0.98949 +/- 0.00175
       92/1    0.98362    5.43548    0.98935 +/- 0.00172
       93/1    0.96326    5.42011    0.98874 +/- 0.00178
       94/1    0.96447    5.44738    0.98819 +/- 0.00183
       95/1    1.01207    5.43016    0.98872 +/- 0.00186
       96/1    0.99912    5.42950    0.98895 +/- 0.00184
       97/1    0.98063    5.44143    0.98877 +/- 0.00181
       98/1    0.99035    5.42654    0.98880 +/- 0.00177
       99/1    0.97088    5.42832    0.98844 +/- 0.00177
      100/1    1.00528    5.43314    0.98878 +/- 0.00177
 Creating state point statepoint.100.h5...

 =======================>     TIMING STATISTICS     <=======================

 Total time for initialization     = 0.0000e+00 seconds
   Reading cross sections          = 0.0000e+00 seconds
 Total time in simulation          = 1.0693e+02 seconds
   Time in transport only          = 1.0657e+02 seconds
   Time in inactive batches        = 4.2223e+01 seconds
   Time in active batches          = 6.4706e+01 seconds
   Time synchronizing fission bank = 9.4194e-02 seconds
     Sampling source sites         = 8.1035e-02 seconds
     SEND/RECV source sites        = 1.2734e-02 seconds
   Time accumulating tallies       = 1.4628e-01 seconds
   Time writing statepoints        = 1.0625e-02 seconds
 Total time for finalization       = 1.2495e-02 seconds
 Total time elapsed                = 1.0741e+02 seconds
 Calculation Rate (inactive)       = 11842 particles/second
 Calculation Rate (active)         = 7727.26 particles/second

 ============================>     RESULTS     <============================

 k-effective (Collision)     = 0.98821 +/- 0.00147
 k-effective (Track-length)  = 0.98878 +/- 0.00177
 k-effective (Absorption)    = 0.98760 +/- 0.00154
 Combined k-effective        = 0.98801 +/- 0.00128
 Leakage Fraction            = 0.00671 +/- 0.00014

 Creating state point openmc_simulation_n5.h5...
      k(BOL) 1.00830 x ratio 0.95751 -> end of cycle at k = 0.96546
      state 0: B   0.00 MWd/kgHM  k 1.00830  (target)
      state 1: B   0.50 MWd/kgHM  k 0.99085
      state 2: B   1.50 MWd/kgHM  k 0.98650
      state 3: B   3.50 MWd/kgHM  k 0.98496
      state 4: B   7.50 MWd/kgHM  k 0.98317
      state 5: B  13.50 MWd/kgHM  k 0.98801
                                %%%%%%%%%%%%%%%
                           %%%%%%%%%%%%%%%%%%%%%%%%
                        %%%%%%%%%%%%%%%%%%%%%%%%%%%%%%
                      %%%%%%%%%%%%%%%%%%%%%%%%%%%%%%%%%%
                    %%%%%%%%%%%%%%%%%%%%%%%%%%%%%%%%%%%%%%
                   %%%%%%%%%%%%%%%%%%%%%%%%%%%%%%%%%%%%%%%%
                                    %%%%%%%%%%%%%%%%%%%%%%%%
                                     %%%%%%%%%%%%%%%%%%%%%%%%
                 ###############      %%%%%%%%%%%%%%%%%%%%%%%%
                ##################     %%%%%%%%%%%%%%%%%%%%%%%
                ###################     %%%%%%%%%%%%%%%%%%%%%%%
                ####################     %%%%%%%%%%%%%%%%%%%%%%
                #####################     %%%%%%%%%%%%%%%%%%%%%
                ######################     %%%%%%%%%%%%%%%%%%%%
                #######################     %%%%%%%%%%%%%%%%%%
                 #######################     %%%%%%%%%%%%%%%%%
                 ######################     %%%%%%%%%%%%%%%%%
                  ####################     %%%%%%%%%%%%%%%%%
                    #################     %%%%%%%%%%%%%%%%%
                     ###############     %%%%%%%%%%%%%%%%
                       ############     %%%%%%%%%%%%%%%
                          ########     %%%%%%%%%%%%%%
                                      %%%%%%%%%%%

                 | The OpenMC Monte Carlo Code
       Copyright | 2011-2025 MIT, UChicago Argonne LLC, and contributors
         License | https://docs.openmc.org/en/latest/license.html
         Version | 0.15.3
     Commit Hash | 27e38e894697bb32a1dac7848d2618818b6b8daf
       Date/Time | 2026-09-26 21:21:15
   MPI Processes | 1
  OpenMP Threads | 64

 Reading settings XML file...
 Reading cross sections XML file...
 Reading chain file: /home/diogo/openmc_data/chain_endfb71_pwr.xml...
 Reading materials XML file...
 Reading geometry XML file...
 Reading H1 from /home/diogo/openmc_data/endfb-vii.1-hdf5/neutron/H1.h5
 Reading H2 from /home/diogo/openmc_data/endfb-vii.1-hdf5/neutron/H2.h5
 Reading B10 from /home/diogo/openmc_data/endfb-vii.1-hdf5/neutron/B10.h5
 Reading B11 from /home/diogo/openmc_data/endfb-vii.1-hdf5/neutron/B11.h5
 Reading O16 from /home/diogo/openmc_data/endfb-vii.1-hdf5/neutron/O16.h5
 Reading O17 from /home/diogo/openmc_data/endfb-vii.1-hdf5/neutron/O17.h5
 Reading Cr50 from /home/diogo/openmc_data/endfb-vii.1-hdf5/neutron/Cr50.h5
 Reading Cr52 from /home/diogo/openmc_data/endfb-vii.1-hdf5/neutron/Cr52.h5
 Reading Cr53 from /home/diogo/openmc_data/endfb-vii.1-hdf5/neutron/Cr53.h5
 Reading Cr54 from /home/diogo/openmc_data/endfb-vii.1-hdf5/neutron/Cr54.h5
 Reading Mn55 from /home/diogo/openmc_data/endfb-vii.1-hdf5/neutron/Mn55.h5
 Reading Fe54 from /home/diogo/openmc_data/endfb-vii.1-hdf5/neutron/Fe54.h5
 Reading Fe56 from /home/diogo/openmc_data/endfb-vii.1-hdf5/neutron/Fe56.h5
 Reading Fe57 from /home/diogo/openmc_data/endfb-vii.1-hdf5/neutron/Fe57.h5
 Reading Fe58 from /home/diogo/openmc_data/endfb-vii.1-hdf5/neutron/Fe58.h5
 Reading Ni58 from /home/diogo/openmc_data/endfb-vii.1-hdf5/neutron/Ni58.h5
 Reading Ni60 from /home/diogo/openmc_data/endfb-vii.1-hdf5/neutron/Ni60.h5
 Reading Ni61 from /home/diogo/openmc_data/endfb-vii.1-hdf5/neutron/Ni61.h5
 Reading Ni62 from /home/diogo/openmc_data/endfb-vii.1-hdf5/neutron/Ni62.h5
 Reading Ni64 from /home/diogo/openmc_data/endfb-vii.1-hdf5/neutron/Ni64.h5
 Reading Zr90 from /home/diogo/openmc_data/endfb-vii.1-hdf5/neutron/Zr90.h5
 Reading Zr91 from /home/diogo/openmc_data/endfb-vii.1-hdf5/neutron/Zr91.h5
 Reading Zr92 from /home/diogo/openmc_data/endfb-vii.1-hdf5/neutron/Zr92.h5
 Reading Zr94 from /home/diogo/openmc_data/endfb-vii.1-hdf5/neutron/Zr94.h5
 Reading Zr96 from /home/diogo/openmc_data/endfb-vii.1-hdf5/neutron/Zr96.h5
 Reading Sn112 from /home/diogo/openmc_data/endfb-vii.1-hdf5/neutron/Sn112.h5
 Reading Sn114 from /home/diogo/openmc_data/endfb-vii.1-hdf5/neutron/Sn114.h5
 Reading Sn115 from /home/diogo/openmc_data/endfb-vii.1-hdf5/neutron/Sn115.h5
 Reading Sn116 from /home/diogo/openmc_data/endfb-vii.1-hdf5/neutron/Sn116.h5
 Reading Sn117 from /home/diogo/openmc_data/endfb-vii.1-hdf5/neutron/Sn117.h5
 Reading Sn118 from /home/diogo/openmc_data/endfb-vii.1-hdf5/neutron/Sn118.h5
 Reading Sn119 from /home/diogo/openmc_data/endfb-vii.1-hdf5/neutron/Sn119.h5
 Reading Sn120 from /home/diogo/openmc_data/endfb-vii.1-hdf5/neutron/Sn120.h5
 Reading Sn122 from /home/diogo/openmc_data/endfb-vii.1-hdf5/neutron/Sn122.h5
 Reading Sn124 from /home/diogo/openmc_data/endfb-vii.1-hdf5/neutron/Sn124.h5
 Reading He3 from /home/diogo/openmc_data/endfb-vii.1-hdf5/neutron/He3.h5
 Reading He4 from /home/diogo/openmc_data/endfb-vii.1-hdf5/neutron/He4.h5
 Reading U234 from /home/diogo/openmc_data/endfb-vii.1-hdf5/neutron/U234.h5
 Reading U235 from /home/diogo/openmc_data/endfb-vii.1-hdf5/neutron/U235.h5
 Reading U238 from /home/diogo/openmc_data/endfb-vii.1-hdf5/neutron/U238.h5
 Reading Gd152 from /home/diogo/openmc_data/endfb-vii.1-hdf5/neutron/Gd152.h5
 Reading Gd154 from /home/diogo/openmc_data/endfb-vii.1-hdf5/neutron/Gd154.h5
 Reading Gd155 from /home/diogo/openmc_data/endfb-vii.1-hdf5/neutron/Gd155.h5
 Reading Gd156 from /home/diogo/openmc_data/endfb-vii.1-hdf5/neutron/Gd156.h5
 Reading Gd157 from /home/diogo/openmc_data/endfb-vii.1-hdf5/neutron/Gd157.h5
 Reading Gd158 from /home/diogo/openmc_data/endfb-vii.1-hdf5/neutron/Gd158.h5
 Reading Gd160 from /home/diogo/openmc_data/endfb-vii.1-hdf5/neutron/Gd160.h5
 Reading Si28 from /home/diogo/openmc_data/endfb-vii.1-hdf5/neutron/Si28.h5
 Reading Si29 from /home/diogo/openmc_data/endfb-vii.1-hdf5/neutron/Si29.h5
 Reading Si30 from /home/diogo/openmc_data/endfb-vii.1-hdf5/neutron/Si30.h5
 Reading Ag107 from /home/diogo/openmc_data/endfb-vii.1-hdf5/neutron/Ag107.h5
 Reading Ag109 from /home/diogo/openmc_data/endfb-vii.1-hdf5/neutron/Ag109.h5
 Reading Cd106 from /home/diogo/openmc_data/endfb-vii.1-hdf5/neutron/Cd106.h5
 WARNING: Negative value(s) found on probability table for nuclide Cd106 at 294K
 WARNING: Negative value(s) found on probability table for nuclide Cd106 at 600K
 WARNING: Negative value(s) found on probability table for nuclide Cd106 at 900K
 WARNING: Negative value(s) found on probability table for nuclide Cd106 at
          1200K
 WARNING: Negative value(s) found on probability table for nuclide Cd106 at
          2500K
 Reading Cd108 from /home/diogo/openmc_data/endfb-vii.1-hdf5/neutron/Cd108.h5
 Reading Cd110 from /home/diogo/openmc_data/endfb-vii.1-hdf5/neutron/Cd110.h5
 Reading Cd111 from /home/diogo/openmc_data/endfb-vii.1-hdf5/neutron/Cd111.h5
 Reading Cd112 from /home/diogo/openmc_data/endfb-vii.1-hdf5/neutron/Cd112.h5
 Reading Cd113 from /home/diogo/openmc_data/endfb-vii.1-hdf5/neutron/Cd113.h5
 Reading Cd114 from /home/diogo/openmc_data/endfb-vii.1-hdf5/neutron/Cd114.h5
 Reading Cd116 from /home/diogo/openmc_data/endfb-vii.1-hdf5/neutron/Cd116.h5
 Reading In113 from /home/diogo/openmc_data/endfb-vii.1-hdf5/neutron/In113.h5
 Reading In115 from /home/diogo/openmc_data/endfb-vii.1-hdf5/neutron/In115.h5
 Reading c_H_in_H2O from
 /home/diogo/openmc_data/endfb-vii.1-hdf5/neutron/c_H_in_H2O.h5
 Minimum neutron data temperature: 0 K
 Maximum neutron data temperature: 1.7976931348623157e+308 K
 Reading tallies XML file...
 Preparing distributed cell instances...
 Reading plot XML file...
 Writing summary.h5 file...
[openmc.deplete] t=116834482.39194909 s, dt=34617624.412429355 s, source=47585803.38865244
[openmc.deplete] t=151452106.80437845 s, dt=34617624.412429355 s, source=47585803.38865244
 Reading H3 from /home/diogo/openmc_data/endfb-vii.1-hdf5/neutron/H3.h5
 Reading Li6 from /home/diogo/openmc_data/endfb-vii.1-hdf5/neutron/Li6.h5
 Reading Li7 from /home/diogo/openmc_data/endfb-vii.1-hdf5/neutron/Li7.h5
 Reading N14 from /home/diogo/openmc_data/endfb-vii.1-hdf5/neutron/N14.h5
 Reading N15 from /home/diogo/openmc_data/endfb-vii.1-hdf5/neutron/N15.h5
 Reading F19 from /home/diogo/openmc_data/endfb-vii.1-hdf5/neutron/F19.h5
 Reading Na22 from /home/diogo/openmc_data/endfb-vii.1-hdf5/neutron/Na22.h5
 WARNING: Negative value(s) found on probability table for nuclide Na22 at 250K
 WARNING: Negative value(s) found on probability table for nuclide Na22 at 294K
 WARNING: Negative value(s) found on probability table for nuclide Na22 at 600K
 WARNING: Negative value(s) found on probability table for nuclide Na22 at 900K
 WARNING: Negative value(s) found on probability table for nuclide Na22 at 1200K
 WARNING: Negative value(s) found on probability table for nuclide Na22 at 2500K
 Reading Na23 from /home/diogo/openmc_data/endfb-vii.1-hdf5/neutron/Na23.h5
 Reading Mg24 from /home/diogo/openmc_data/endfb-vii.1-hdf5/neutron/Mg24.h5
 Reading Mg25 from /home/diogo/openmc_data/endfb-vii.1-hdf5/neutron/Mg25.h5
 Reading Mg26 from /home/diogo/openmc_data/endfb-vii.1-hdf5/neutron/Mg26.h5
 Reading Al27 from /home/diogo/openmc_data/endfb-vii.1-hdf5/neutron/Al27.h5
 Reading P31 from /home/diogo/openmc_data/endfb-vii.1-hdf5/neutron/P31.h5
 Reading S32 from /home/diogo/openmc_data/endfb-vii.1-hdf5/neutron/S32.h5
 Reading S33 from /home/diogo/openmc_data/endfb-vii.1-hdf5/neutron/S33.h5
 Reading S34 from /home/diogo/openmc_data/endfb-vii.1-hdf5/neutron/S34.h5
 Reading S36 from /home/diogo/openmc_data/endfb-vii.1-hdf5/neutron/S36.h5
 Reading Cl35 from /home/diogo/openmc_data/endfb-vii.1-hdf5/neutron/Cl35.h5
 Reading Cl37 from /home/diogo/openmc_data/endfb-vii.1-hdf5/neutron/Cl37.h5
 Reading Ar36 from /home/diogo/openmc_data/endfb-vii.1-hdf5/neutron/Ar36.h5
 WARNING: Negative value(s) found on probability table for nuclide Ar36 at 250K
 WARNING: Negative value(s) found on probability table for nuclide Ar36 at 294K
 WARNING: Negative value(s) found on probability table for nuclide Ar36 at 600K
 WARNING: Negative value(s) found on probability table for nuclide Ar36 at 900K
 WARNING: Negative value(s) found on probability table for nuclide Ar36 at 1200K
 WARNING: Negative value(s) found on probability table for nuclide Ar36 at 2500K
 Reading Ar38 from /home/diogo/openmc_data/endfb-vii.1-hdf5/neutron/Ar38.h5
 Reading Ar40 from /home/diogo/openmc_data/endfb-vii.1-hdf5/neutron/Ar40.h5
 Reading K39 from /home/diogo/openmc_data/endfb-vii.1-hdf5/neutron/K39.h5
 Reading K40 from /home/diogo/openmc_data/endfb-vii.1-hdf5/neutron/K40.h5
 Reading K41 from /home/diogo/openmc_data/endfb-vii.1-hdf5/neutron/K41.h5
 Reading Ca40 from /home/diogo/openmc_data/endfb-vii.1-hdf5/neutron/Ca40.h5
 Reading Ca42 from /home/diogo/openmc_data/endfb-vii.1-hdf5/neutron/Ca42.h5
 Reading Ca43 from /home/diogo/openmc_data/endfb-vii.1-hdf5/neutron/Ca43.h5
 Reading Ca44 from /home/diogo/openmc_data/endfb-vii.1-hdf5/neutron/Ca44.h5
 Reading Ca46 from /home/diogo/openmc_data/endfb-vii.1-hdf5/neutron/Ca46.h5
 Reading Sc45 from /home/diogo/openmc_data/endfb-vii.1-hdf5/neutron/Sc45.h5
 Reading Ti46 from /home/diogo/openmc_data/endfb-vii.1-hdf5/neutron/Ti46.h5
 Reading Ti47 from /home/diogo/openmc_data/endfb-vii.1-hdf5/neutron/Ti47.h5
 Reading Ti48 from /home/diogo/openmc_data/endfb-vii.1-hdf5/neutron/Ti48.h5
 Reading Ti49 from /home/diogo/openmc_data/endfb-vii.1-hdf5/neutron/Ti49.h5
 Reading Ti50 from /home/diogo/openmc_data/endfb-vii.1-hdf5/neutron/Ti50.h5
 Reading V50 from /home/diogo/openmc_data/endfb-vii.1-hdf5/neutron/V50.h5
 Reading V51 from /home/diogo/openmc_data/endfb-vii.1-hdf5/neutron/V51.h5
 Reading Co58 from /home/diogo/openmc_data/endfb-vii.1-hdf5/neutron/Co58.h5
 Reading Co59 from /home/diogo/openmc_data/endfb-vii.1-hdf5/neutron/Co59.h5
 Reading Ni59 from /home/diogo/openmc_data/endfb-vii.1-hdf5/neutron/Ni59.h5
 Reading Cu63 from /home/diogo/openmc_data/endfb-vii.1-hdf5/neutron/Cu63.h5
 Reading Cu65 from /home/diogo/openmc_data/endfb-vii.1-hdf5/neutron/Cu65.h5
 Reading Zn64 from /home/diogo/openmc_data/endfb-vii.1-hdf5/neutron/Zn64.h5
 Reading Zn65 from /home/diogo/openmc_data/endfb-vii.1-hdf5/neutron/Zn65.h5
 Reading Zn66 from /home/diogo/openmc_data/endfb-vii.1-hdf5/neutron/Zn66.h5
 Reading Zn67 from /home/diogo/openmc_data/endfb-vii.1-hdf5/neutron/Zn67.h5
 Reading Zn68 from /home/diogo/openmc_data/endfb-vii.1-hdf5/neutron/Zn68.h5
 Reading Zn70 from /home/diogo/openmc_data/endfb-vii.1-hdf5/neutron/Zn70.h5
 Reading Ga69 from /home/diogo/openmc_data/endfb-vii.1-hdf5/neutron/Ga69.h5
 Reading Ga71 from /home/diogo/openmc_data/endfb-vii.1-hdf5/neutron/Ga71.h5
 Reading Ge70 from /home/diogo/openmc_data/endfb-vii.1-hdf5/neutron/Ge70.h5
 Reading Ge72 from /home/diogo/openmc_data/endfb-vii.1-hdf5/neutron/Ge72.h5
 Reading Ge73 from /home/diogo/openmc_data/endfb-vii.1-hdf5/neutron/Ge73.h5
 Reading Ge74 from /home/diogo/openmc_data/endfb-vii.1-hdf5/neutron/Ge74.h5
 Reading Ge76 from /home/diogo/openmc_data/endfb-vii.1-hdf5/neutron/Ge76.h5
 Reading As74 from /home/diogo/openmc_data/endfb-vii.1-hdf5/neutron/As74.h5
 Reading As75 from /home/diogo/openmc_data/endfb-vii.1-hdf5/neutron/As75.h5
 Reading Se74 from /home/diogo/openmc_data/endfb-vii.1-hdf5/neutron/Se74.h5
 Reading Se76 from /home/diogo/openmc_data/endfb-vii.1-hdf5/neutron/Se76.h5
 Reading Se77 from /home/diogo/openmc_data/endfb-vii.1-hdf5/neutron/Se77.h5
 Reading Se78 from /home/diogo/openmc_data/endfb-vii.1-hdf5/neutron/Se78.h5
 Reading Se79 from /home/diogo/openmc_data/endfb-vii.1-hdf5/neutron/Se79.h5
 WARNING: Negative value(s) found on probability table for nuclide Se79 at 250K
 WARNING: Negative value(s) found on probability table for nuclide Se79 at 294K
 WARNING: Negative value(s) found on probability table for nuclide Se79 at 600K
 WARNING: Negative value(s) found on probability table for nuclide Se79 at 900K
 WARNING: Negative value(s) found on probability table for nuclide Se79 at 1200K
 Reading Se80 from /home/diogo/openmc_data/endfb-vii.1-hdf5/neutron/Se80.h5
 Reading Se82 from /home/diogo/openmc_data/endfb-vii.1-hdf5/neutron/Se82.h5
 Reading Br79 from /home/diogo/openmc_data/endfb-vii.1-hdf5/neutron/Br79.h5
 Reading Br81 from /home/diogo/openmc_data/endfb-vii.1-hdf5/neutron/Br81.h5
 Reading Kr78 from /home/diogo/openmc_data/endfb-vii.1-hdf5/neutron/Kr78.h5
 Reading Kr80 from /home/diogo/openmc_data/endfb-vii.1-hdf5/neutron/Kr80.h5
 Reading Kr82 from /home/diogo/openmc_data/endfb-vii.1-hdf5/neutron/Kr82.h5
 Reading Kr83 from /home/diogo/openmc_data/endfb-vii.1-hdf5/neutron/Kr83.h5
 Reading Kr84 from /home/diogo/openmc_data/endfb-vii.1-hdf5/neutron/Kr84.h5
 Reading Kr85 from /home/diogo/openmc_data/endfb-vii.1-hdf5/neutron/Kr85.h5
 Reading Kr86 from /home/diogo/openmc_data/endfb-vii.1-hdf5/neutron/Kr86.h5
 Reading Rb85 from /home/diogo/openmc_data/endfb-vii.1-hdf5/neutron/Rb85.h5
 Reading Rb86 from /home/diogo/openmc_data/endfb-vii.1-hdf5/neutron/Rb86.h5
 Reading Rb87 from /home/diogo/openmc_data/endfb-vii.1-hdf5/neutron/Rb87.h5
 Reading Sr84 from /home/diogo/openmc_data/endfb-vii.1-hdf5/neutron/Sr84.h5
 Reading Sr86 from /home/diogo/openmc_data/endfb-vii.1-hdf5/neutron/Sr86.h5
 Reading Sr87 from /home/diogo/openmc_data/endfb-vii.1-hdf5/neutron/Sr87.h5
 Reading Sr88 from /home/diogo/openmc_data/endfb-vii.1-hdf5/neutron/Sr88.h5
 Reading Sr89 from /home/diogo/openmc_data/endfb-vii.1-hdf5/neutron/Sr89.h5
 Reading Sr90 from /home/diogo/openmc_data/endfb-vii.1-hdf5/neutron/Sr90.h5
 Reading Y89 from /home/diogo/openmc_data/endfb-vii.1-hdf5/neutron/Y89.h5
 Reading Y90 from /home/diogo/openmc_data/endfb-vii.1-hdf5/neutron/Y90.h5
 Reading Y91 from /home/diogo/openmc_data/endfb-vii.1-hdf5/neutron/Y91.h5
 Reading Zr93 from /home/diogo/openmc_data/endfb-vii.1-hdf5/neutron/Zr93.h5
 Reading Zr95 from /home/diogo/openmc_data/endfb-vii.1-hdf5/neutron/Zr95.h5
 Reading Nb93 from /home/diogo/openmc_data/endfb-vii.1-hdf5/neutron/Nb93.h5
 Reading Nb94 from /home/diogo/openmc_data/endfb-vii.1-hdf5/neutron/Nb94.h5
 WARNING: Negative value(s) found on probability table for nuclide Nb94 at 250K
 WARNING: Negative value(s) found on probability table for nuclide Nb94 at 294K
 WARNING: Negative value(s) found on probability table for nuclide Nb94 at 600K
 WARNING: Negative value(s) found on probability table for nuclide Nb94 at 900K
 WARNING: Negative value(s) found on probability table for nuclide Nb94 at 1200K
 WARNING: Negative value(s) found on probability table for nuclide Nb94 at 2500K
 Reading Nb95 from /home/diogo/openmc_data/endfb-vii.1-hdf5/neutron/Nb95.h5
 WARNING: Negative value(s) found on probability table for nuclide Nb95 at 250K
 WARNING: Negative value(s) found on probability table for nuclide Nb95 at 294K
 WARNING: Negative value(s) found on probability table for nuclide Nb95 at 600K
 WARNING: Negative value(s) found on probability table for nuclide Nb95 at 900K
 WARNING: Negative value(s) found on probability table for nuclide Nb95 at 1200K
 Reading Mo92 from /home/diogo/openmc_data/endfb-vii.1-hdf5/neutron/Mo92.h5
 Reading Mo94 from /home/diogo/openmc_data/endfb-vii.1-hdf5/neutron/Mo94.h5
 Reading Mo95 from /home/diogo/openmc_data/endfb-vii.1-hdf5/neutron/Mo95.h5
 Reading Mo96 from /home/diogo/openmc_data/endfb-vii.1-hdf5/neutron/Mo96.h5
 Reading Mo97 from /home/diogo/openmc_data/endfb-vii.1-hdf5/neutron/Mo97.h5
 Reading Mo98 from /home/diogo/openmc_data/endfb-vii.1-hdf5/neutron/Mo98.h5
 Reading Mo99 from /home/diogo/openmc_data/endfb-vii.1-hdf5/neutron/Mo99.h5
 WARNING: Negative value(s) found on probability table for nuclide Mo99 at 250K
 WARNING: Negative value(s) found on probability table for nuclide Mo99 at 294K
 WARNING: Negative value(s) found on probability table for nuclide Mo99 at 600K
 WARNING: Negative value(s) found on probability table for nuclide Mo99 at 900K
 WARNING: Negative value(s) found on probability table for nuclide Mo99 at 1200K
 WARNING: Negative value(s) found on probability table for nuclide Mo99 at 2500K
 Reading Mo100 from /home/diogo/openmc_data/endfb-vii.1-hdf5/neutron/Mo100.h5
 Reading Tc99 from /home/diogo/openmc_data/endfb-vii.1-hdf5/neutron/Tc99.h5
 Reading Ru98 from /home/diogo/openmc_data/endfb-vii.1-hdf5/neutron/Ru98.h5
 Reading Ru99 from /home/diogo/openmc_data/endfb-vii.1-hdf5/neutron/Ru99.h5
 Reading Ru100 from /home/diogo/openmc_data/endfb-vii.1-hdf5/neutron/Ru100.h5
 Reading Ru101 from /home/diogo/openmc_data/endfb-vii.1-hdf5/neutron/Ru101.h5
 Reading Ru102 from /home/diogo/openmc_data/endfb-vii.1-hdf5/neutron/Ru102.h5
 Reading Ru103 from /home/diogo/openmc_data/endfb-vii.1-hdf5/neutron/Ru103.h5
 Reading Ru104 from /home/diogo/openmc_data/endfb-vii.1-hdf5/neutron/Ru104.h5
 Reading Ru105 from /home/diogo/openmc_data/endfb-vii.1-hdf5/neutron/Ru105.h5
 Reading Ru106 from /home/diogo/openmc_data/endfb-vii.1-hdf5/neutron/Ru106.h5
 Reading Rh103 from /home/diogo/openmc_data/endfb-vii.1-hdf5/neutron/Rh103.h5
 Reading Rh105 from /home/diogo/openmc_data/endfb-vii.1-hdf5/neutron/Rh105.h5
 Reading Pd102 from /home/diogo/openmc_data/endfb-vii.1-hdf5/neutron/Pd102.h5
 Reading Pd104 from /home/diogo/openmc_data/endfb-vii.1-hdf5/neutron/Pd104.h5
 Reading Pd105 from /home/diogo/openmc_data/endfb-vii.1-hdf5/neutron/Pd105.h5
 Reading Pd106 from /home/diogo/openmc_data/endfb-vii.1-hdf5/neutron/Pd106.h5
 Reading Pd107 from /home/diogo/openmc_data/endfb-vii.1-hdf5/neutron/Pd107.h5
 Reading Pd108 from /home/diogo/openmc_data/endfb-vii.1-hdf5/neutron/Pd108.h5
 Reading Pd110 from /home/diogo/openmc_data/endfb-vii.1-hdf5/neutron/Pd110.h5
 Reading Ag110_m1 from
 /home/diogo/openmc_data/endfb-vii.1-hdf5/neutron/Ag110_m1.h5
 Reading Ag111 from /home/diogo/openmc_data/endfb-vii.1-hdf5/neutron/Ag111.h5
 Reading Cd115_m1 from
 /home/diogo/openmc_data/endfb-vii.1-hdf5/neutron/Cd115_m1.h5
 Reading Sn113 from /home/diogo/openmc_data/endfb-vii.1-hdf5/neutron/Sn113.h5
 Reading Sn123 from /home/diogo/openmc_data/endfb-vii.1-hdf5/neutron/Sn123.h5
 WARNING: Negative value(s) found on probability table for nuclide Sn123 at 250K
 WARNING: Negative value(s) found on probability table for nuclide Sn123 at 294K
 WARNING: Negative value(s) found on probability table for nuclide Sn123 at 600K
 WARNING: Negative value(s) found on probability table for nuclide Sn123 at 900K
 WARNING: Negative value(s) found on probability table for nuclide Sn123 at
          1200K
 WARNING: Negative value(s) found on probability table for nuclide Sn123 at
          2500K
 Reading Sn125 from /home/diogo/openmc_data/endfb-vii.1-hdf5/neutron/Sn125.h5
 Reading Sn126 from /home/diogo/openmc_data/endfb-vii.1-hdf5/neutron/Sn126.h5
 Reading Sb121 from /home/diogo/openmc_data/endfb-vii.1-hdf5/neutron/Sb121.h5
 Reading Sb123 from /home/diogo/openmc_data/endfb-vii.1-hdf5/neutron/Sb123.h5
 Reading Sb124 from /home/diogo/openmc_data/endfb-vii.1-hdf5/neutron/Sb124.h5
 Reading Sb125 from /home/diogo/openmc_data/endfb-vii.1-hdf5/neutron/Sb125.h5
 Reading Sb126 from /home/diogo/openmc_data/endfb-vii.1-hdf5/neutron/Sb126.h5
 Reading Te120 from /home/diogo/openmc_data/endfb-vii.1-hdf5/neutron/Te120.h5
 WARNING: Negative value(s) found on probability table for nuclide Te120 at 600K
 WARNING: Negative value(s) found on probability table for nuclide Te120 at 900K
 WARNING: Negative value(s) found on probability table for nuclide Te120 at
          1200K
 WARNING: Negative value(s) found on probability table for nuclide Te120 at
          2500K
 Reading Te122 from /home/diogo/openmc_data/endfb-vii.1-hdf5/neutron/Te122.h5
 Reading Te123 from /home/diogo/openmc_data/endfb-vii.1-hdf5/neutron/Te123.h5
 Reading Te124 from /home/diogo/openmc_data/endfb-vii.1-hdf5/neutron/Te124.h5
 Reading Te125 from /home/diogo/openmc_data/endfb-vii.1-hdf5/neutron/Te125.h5
 Reading Te126 from /home/diogo/openmc_data/endfb-vii.1-hdf5/neutron/Te126.h5
 Reading Te127_m1 from
 /home/diogo/openmc_data/endfb-vii.1-hdf5/neutron/Te127_m1.h5
 Reading Te128 from /home/diogo/openmc_data/endfb-vii.1-hdf5/neutron/Te128.h5
 Reading Te129_m1 from
 /home/diogo/openmc_data/endfb-vii.1-hdf5/neutron/Te129_m1.h5
 Reading Te130 from /home/diogo/openmc_data/endfb-vii.1-hdf5/neutron/Te130.h5
 Reading Te132 from /home/diogo/openmc_data/endfb-vii.1-hdf5/neutron/Te132.h5
 Reading I127 from /home/diogo/openmc_data/endfb-vii.1-hdf5/neutron/I127.h5
 Reading I129 from /home/diogo/openmc_data/endfb-vii.1-hdf5/neutron/I129.h5
 Reading I130 from /home/diogo/openmc_data/endfb-vii.1-hdf5/neutron/I130.h5
 Reading I131 from /home/diogo/openmc_data/endfb-vii.1-hdf5/neutron/I131.h5
 WARNING: Negative value(s) found on probability table for nuclide I131 at 250K
 WARNING: Negative value(s) found on probability table for nuclide I131 at 294K
 WARNING: Negative value(s) found on probability table for nuclide I131 at 600K
 WARNING: Negative value(s) found on probability table for nuclide I131 at 900K
 WARNING: Negative value(s) found on probability table for nuclide I131 at 1200K
 WARNING: Negative value(s) found on probability table for nuclide I131 at 2500K
 Reading I135 from /home/diogo/openmc_data/endfb-vii.1-hdf5/neutron/I135.h5
 Reading Xe126 from /home/diogo/openmc_data/endfb-vii.1-hdf5/neutron/Xe126.h5
 Reading Xe128 from /home/diogo/openmc_data/endfb-vii.1-hdf5/neutron/Xe128.h5
 Reading Xe129 from /home/diogo/openmc_data/endfb-vii.1-hdf5/neutron/Xe129.h5
 Reading Xe130 from /home/diogo/openmc_data/endfb-vii.1-hdf5/neutron/Xe130.h5
 Reading Xe131 from /home/diogo/openmc_data/endfb-vii.1-hdf5/neutron/Xe131.h5
 Reading Xe132 from /home/diogo/openmc_data/endfb-vii.1-hdf5/neutron/Xe132.h5
 Reading Xe133 from /home/diogo/openmc_data/endfb-vii.1-hdf5/neutron/Xe133.h5
 WARNING: Negative value(s) found on probability table for nuclide Xe133 at
          2500K
 Reading Xe134 from /home/diogo/openmc_data/endfb-vii.1-hdf5/neutron/Xe134.h5
 Reading Xe135 from /home/diogo/openmc_data/endfb-vii.1-hdf5/neutron/Xe135.h5
 Reading Xe136 from /home/diogo/openmc_data/endfb-vii.1-hdf5/neutron/Xe136.h5
 Reading Cs133 from /home/diogo/openmc_data/endfb-vii.1-hdf5/neutron/Cs133.h5
 Reading Cs134 from /home/diogo/openmc_data/endfb-vii.1-hdf5/neutron/Cs134.h5
 Reading Cs135 from /home/diogo/openmc_data/endfb-vii.1-hdf5/neutron/Cs135.h5
 Reading Cs136 from /home/diogo/openmc_data/endfb-vii.1-hdf5/neutron/Cs136.h5
 WARNING: Negative value(s) found on probability table for nuclide Cs136 at 250K
 WARNING: Negative value(s) found on probability table for nuclide Cs136 at 294K
 WARNING: Negative value(s) found on probability table for nuclide Cs136 at 600K
 WARNING: Negative value(s) found on probability table for nuclide Cs136 at 900K
 WARNING: Negative value(s) found on probability table for nuclide Cs136 at
          1200K
 WARNING: Negative value(s) found on probability table for nuclide Cs136 at
          2500K
 Reading Cs137 from /home/diogo/openmc_data/endfb-vii.1-hdf5/neutron/Cs137.h5
 Reading Ba132 from /home/diogo/openmc_data/endfb-vii.1-hdf5/neutron/Ba132.h5
 Reading Ba133 from /home/diogo/openmc_data/endfb-vii.1-hdf5/neutron/Ba133.h5
 Reading Ba134 from /home/diogo/openmc_data/endfb-vii.1-hdf5/neutron/Ba134.h5
 Reading Ba135 from /home/diogo/openmc_data/endfb-vii.1-hdf5/neutron/Ba135.h5
 Reading Ba136 from /home/diogo/openmc_data/endfb-vii.1-hdf5/neutron/Ba136.h5
 Reading Ba137 from /home/diogo/openmc_data/endfb-vii.1-hdf5/neutron/Ba137.h5
 Reading Ba138 from /home/diogo/openmc_data/endfb-vii.1-hdf5/neutron/Ba138.h5
 Reading Ba140 from /home/diogo/openmc_data/endfb-vii.1-hdf5/neutron/Ba140.h5
 Reading La138 from /home/diogo/openmc_data/endfb-vii.1-hdf5/neutron/La138.h5
 Reading La139 from /home/diogo/openmc_data/endfb-vii.1-hdf5/neutron/La139.h5
 Reading La140 from /home/diogo/openmc_data/endfb-vii.1-hdf5/neutron/La140.h5
 Reading Ce138 from /home/diogo/openmc_data/endfb-vii.1-hdf5/neutron/Ce138.h5
 Reading Ce139 from /home/diogo/openmc_data/endfb-vii.1-hdf5/neutron/Ce139.h5
 Reading Ce140 from /home/diogo/openmc_data/endfb-vii.1-hdf5/neutron/Ce140.h5
 Reading Ce141 from /home/diogo/openmc_data/endfb-vii.1-hdf5/neutron/Ce141.h5
 Reading Ce142 from /home/diogo/openmc_data/endfb-vii.1-hdf5/neutron/Ce142.h5
 Reading Ce143 from /home/diogo/openmc_data/endfb-vii.1-hdf5/neutron/Ce143.h5
 Reading Ce144 from /home/diogo/openmc_data/endfb-vii.1-hdf5/neutron/Ce144.h5
 Reading Pr141 from /home/diogo/openmc_data/endfb-vii.1-hdf5/neutron/Pr141.h5
 Reading Pr142 from /home/diogo/openmc_data/endfb-vii.1-hdf5/neutron/Pr142.h5
 Reading Pr143 from /home/diogo/openmc_data/endfb-vii.1-hdf5/neutron/Pr143.h5
 Reading Nd142 from /home/diogo/openmc_data/endfb-vii.1-hdf5/neutron/Nd142.h5
 Reading Nd143 from /home/diogo/openmc_data/endfb-vii.1-hdf5/neutron/Nd143.h5
 Reading Nd144 from /home/diogo/openmc_data/endfb-vii.1-hdf5/neutron/Nd144.h5
 Reading Nd145 from /home/diogo/openmc_data/endfb-vii.1-hdf5/neutron/Nd145.h5
 Reading Nd146 from /home/diogo/openmc_data/endfb-vii.1-hdf5/neutron/Nd146.h5
 Reading Nd147 from /home/diogo/openmc_data/endfb-vii.1-hdf5/neutron/Nd147.h5
 Reading Nd148 from /home/diogo/openmc_data/endfb-vii.1-hdf5/neutron/Nd148.h5
 Reading Nd150 from /home/diogo/openmc_data/endfb-vii.1-hdf5/neutron/Nd150.h5
 Reading Pm147 from /home/diogo/openmc_data/endfb-vii.1-hdf5/neutron/Pm147.h5
 Reading Pm148 from /home/diogo/openmc_data/endfb-vii.1-hdf5/neutron/Pm148.h5
 Reading Pm148_m1 from
 /home/diogo/openmc_data/endfb-vii.1-hdf5/neutron/Pm148_m1.h5
 Reading Pm149 from /home/diogo/openmc_data/endfb-vii.1-hdf5/neutron/Pm149.h5
 Reading Pm151 from /home/diogo/openmc_data/endfb-vii.1-hdf5/neutron/Pm151.h5
 Reading Sm144 from /home/diogo/openmc_data/endfb-vii.1-hdf5/neutron/Sm144.h5
 Reading Sm147 from /home/diogo/openmc_data/endfb-vii.1-hdf5/neutron/Sm147.h5
 Reading Sm148 from /home/diogo/openmc_data/endfb-vii.1-hdf5/neutron/Sm148.h5
 Reading Sm149 from /home/diogo/openmc_data/endfb-vii.1-hdf5/neutron/Sm149.h5
 Reading Sm150 from /home/diogo/openmc_data/endfb-vii.1-hdf5/neutron/Sm150.h5
 Reading Sm151 from /home/diogo/openmc_data/endfb-vii.1-hdf5/neutron/Sm151.h5
 Reading Sm152 from /home/diogo/openmc_data/endfb-vii.1-hdf5/neutron/Sm152.h5
 Reading Sm153 from /home/diogo/openmc_data/endfb-vii.1-hdf5/neutron/Sm153.h5
 Reading Sm154 from /home/diogo/openmc_data/endfb-vii.1-hdf5/neutron/Sm154.h5
 Reading Eu151 from /home/diogo/openmc_data/endfb-vii.1-hdf5/neutron/Eu151.h5
 Reading Eu152 from /home/diogo/openmc_data/endfb-vii.1-hdf5/neutron/Eu152.h5
 Reading Eu153 from /home/diogo/openmc_data/endfb-vii.1-hdf5/neutron/Eu153.h5
 Reading Eu154 from /home/diogo/openmc_data/endfb-vii.1-hdf5/neutron/Eu154.h5
 Reading Eu155 from /home/diogo/openmc_data/endfb-vii.1-hdf5/neutron/Eu155.h5
 Reading Eu156 from /home/diogo/openmc_data/endfb-vii.1-hdf5/neutron/Eu156.h5
 WARNING: Negative value(s) found on probability table for nuclide Eu156 at 250K
 WARNING: Negative value(s) found on probability table for nuclide Eu156 at 294K
 WARNING: Negative value(s) found on probability table for nuclide Eu156 at 600K
 WARNING: Negative value(s) found on probability table for nuclide Eu156 at 900K
 WARNING: Negative value(s) found on probability table for nuclide Eu156 at
          1200K
 WARNING: Negative value(s) found on probability table for nuclide Eu156 at
          2500K
 Reading Eu157 from /home/diogo/openmc_data/endfb-vii.1-hdf5/neutron/Eu157.h5
 Reading Gd153 from /home/diogo/openmc_data/endfb-vii.1-hdf5/neutron/Gd153.h5
 Reading Tb159 from /home/diogo/openmc_data/endfb-vii.1-hdf5/neutron/Tb159.h5
 Reading Tb160 from /home/diogo/openmc_data/endfb-vii.1-hdf5/neutron/Tb160.h5
 Reading Dy156 from /home/diogo/openmc_data/endfb-vii.1-hdf5/neutron/Dy156.h5
 Reading Dy158 from /home/diogo/openmc_data/endfb-vii.1-hdf5/neutron/Dy158.h5
 Reading Dy160 from /home/diogo/openmc_data/endfb-vii.1-hdf5/neutron/Dy160.h5
 Reading Dy161 from /home/diogo/openmc_data/endfb-vii.1-hdf5/neutron/Dy161.h5
 Reading Dy162 from /home/diogo/openmc_data/endfb-vii.1-hdf5/neutron/Dy162.h5
 Reading Dy163 from /home/diogo/openmc_data/endfb-vii.1-hdf5/neutron/Dy163.h5
 Reading Dy164 from /home/diogo/openmc_data/endfb-vii.1-hdf5/neutron/Dy164.h5
 Reading Ho165 from /home/diogo/openmc_data/endfb-vii.1-hdf5/neutron/Ho165.h5
 Reading Ho166_m1 from
 /home/diogo/openmc_data/endfb-vii.1-hdf5/neutron/Ho166_m1.h5
 Reading Er162 from /home/diogo/openmc_data/endfb-vii.1-hdf5/neutron/Er162.h5
 Reading Er164 from /home/diogo/openmc_data/endfb-vii.1-hdf5/neutron/Er164.h5
 Reading Er166 from /home/diogo/openmc_data/endfb-vii.1-hdf5/neutron/Er166.h5
 Reading Er167 from /home/diogo/openmc_data/endfb-vii.1-hdf5/neutron/Er167.h5
 Reading Er168 from /home/diogo/openmc_data/endfb-vii.1-hdf5/neutron/Er168.h5
 Reading Er170 from /home/diogo/openmc_data/endfb-vii.1-hdf5/neutron/Er170.h5
 Reading Tm168 from /home/diogo/openmc_data/endfb-vii.1-hdf5/neutron/Tm168.h5
 Reading Tm169 from /home/diogo/openmc_data/endfb-vii.1-hdf5/neutron/Tm169.h5
 Reading Tm170 from /home/diogo/openmc_data/endfb-vii.1-hdf5/neutron/Tm170.h5
 Reading Lu175 from /home/diogo/openmc_data/endfb-vii.1-hdf5/neutron/Lu175.h5
 Reading Lu176 from /home/diogo/openmc_data/endfb-vii.1-hdf5/neutron/Lu176.h5
 Reading Hf176 from /home/diogo/openmc_data/endfb-vii.1-hdf5/neutron/Hf176.h5
 Reading Hf177 from /home/diogo/openmc_data/endfb-vii.1-hdf5/neutron/Hf177.h5
 Reading Hf178 from /home/diogo/openmc_data/endfb-vii.1-hdf5/neutron/Hf178.h5
 Reading Hf179 from /home/diogo/openmc_data/endfb-vii.1-hdf5/neutron/Hf179.h5
 Reading Hf180 from /home/diogo/openmc_data/endfb-vii.1-hdf5/neutron/Hf180.h5
 Reading Ta180 from /home/diogo/openmc_data/endfb-vii.1-hdf5/neutron/Ta180.h5
 Reading Ta181 from /home/diogo/openmc_data/endfb-vii.1-hdf5/neutron/Ta181.h5
 Reading Ta182 from /home/diogo/openmc_data/endfb-vii.1-hdf5/neutron/Ta182.h5
 Reading W180 from /home/diogo/openmc_data/endfb-vii.1-hdf5/neutron/W180.h5
 Reading W182 from /home/diogo/openmc_data/endfb-vii.1-hdf5/neutron/W182.h5
 Reading W183 from /home/diogo/openmc_data/endfb-vii.1-hdf5/neutron/W183.h5
 Reading W184 from /home/diogo/openmc_data/endfb-vii.1-hdf5/neutron/W184.h5
 Reading W186 from /home/diogo/openmc_data/endfb-vii.1-hdf5/neutron/W186.h5
 Reading Re185 from /home/diogo/openmc_data/endfb-vii.1-hdf5/neutron/Re185.h5
 Reading Re187 from /home/diogo/openmc_data/endfb-vii.1-hdf5/neutron/Re187.h5
 Reading Ir191 from /home/diogo/openmc_data/endfb-vii.1-hdf5/neutron/Ir191.h5
 Reading Ir193 from /home/diogo/openmc_data/endfb-vii.1-hdf5/neutron/Ir193.h5
 Reading Au197 from /home/diogo/openmc_data/endfb-vii.1-hdf5/neutron/Au197.h5
 Reading Hg198 from /home/diogo/openmc_data/endfb-vii.1-hdf5/neutron/Hg198.h5
 Reading Hg199 from /home/diogo/openmc_data/endfb-vii.1-hdf5/neutron/Hg199.h5
 Reading Hg200 from /home/diogo/openmc_data/endfb-vii.1-hdf5/neutron/Hg200.h5
 Reading Hg201 from /home/diogo/openmc_data/endfb-vii.1-hdf5/neutron/Hg201.h5
 Reading Hg202 from /home/diogo/openmc_data/endfb-vii.1-hdf5/neutron/Hg202.h5
 Reading Hg204 from /home/diogo/openmc_data/endfb-vii.1-hdf5/neutron/Hg204.h5
 Reading Tl203 from /home/diogo/openmc_data/endfb-vii.1-hdf5/neutron/Tl203.h5
 Reading Tl205 from /home/diogo/openmc_data/endfb-vii.1-hdf5/neutron/Tl205.h5
 Reading Pb204 from /home/diogo/openmc_data/endfb-vii.1-hdf5/neutron/Pb204.h5
 Reading Pb206 from /home/diogo/openmc_data/endfb-vii.1-hdf5/neutron/Pb206.h5
 Reading Pb207 from /home/diogo/openmc_data/endfb-vii.1-hdf5/neutron/Pb207.h5
 Reading Pb208 from /home/diogo/openmc_data/endfb-vii.1-hdf5/neutron/Pb208.h5
 Reading Bi209 from /home/diogo/openmc_data/endfb-vii.1-hdf5/neutron/Bi209.h5
 Reading Ra223 from /home/diogo/openmc_data/endfb-vii.1-hdf5/neutron/Ra223.h5
 Reading Ra224 from /home/diogo/openmc_data/endfb-vii.1-hdf5/neutron/Ra224.h5
 Reading Ra225 from /home/diogo/openmc_data/endfb-vii.1-hdf5/neutron/Ra225.h5
 Reading Ra226 from /home/diogo/openmc_data/endfb-vii.1-hdf5/neutron/Ra226.h5
 Reading Ac225 from /home/diogo/openmc_data/endfb-vii.1-hdf5/neutron/Ac225.h5
 Reading Ac226 from /home/diogo/openmc_data/endfb-vii.1-hdf5/neutron/Ac226.h5
 Reading Ac227 from /home/diogo/openmc_data/endfb-vii.1-hdf5/neutron/Ac227.h5
 Reading Th227 from /home/diogo/openmc_data/endfb-vii.1-hdf5/neutron/Th227.h5
 Reading Th228 from /home/diogo/openmc_data/endfb-vii.1-hdf5/neutron/Th228.h5
 Reading Th229 from /home/diogo/openmc_data/endfb-vii.1-hdf5/neutron/Th229.h5
 Reading Th230 from /home/diogo/openmc_data/endfb-vii.1-hdf5/neutron/Th230.h5
 Reading Th231 from /home/diogo/openmc_data/endfb-vii.1-hdf5/neutron/Th231.h5
 Reading Th232 from /home/diogo/openmc_data/endfb-vii.1-hdf5/neutron/Th232.h5
 Reading Th233 from /home/diogo/openmc_data/endfb-vii.1-hdf5/neutron/Th233.h5
 Reading Th234 from /home/diogo/openmc_data/endfb-vii.1-hdf5/neutron/Th234.h5
 Reading Pa229 from /home/diogo/openmc_data/endfb-vii.1-hdf5/neutron/Pa229.h5
 Reading Pa230 from /home/diogo/openmc_data/endfb-vii.1-hdf5/neutron/Pa230.h5
 Reading Pa231 from /home/diogo/openmc_data/endfb-vii.1-hdf5/neutron/Pa231.h5
 Reading Pa232 from /home/diogo/openmc_data/endfb-vii.1-hdf5/neutron/Pa232.h5
 Reading Pa233 from /home/diogo/openmc_data/endfb-vii.1-hdf5/neutron/Pa233.h5
 Reading U230 from /home/diogo/openmc_data/endfb-vii.1-hdf5/neutron/U230.h5
 Reading U231 from /home/diogo/openmc_data/endfb-vii.1-hdf5/neutron/U231.h5
 Reading U232 from /home/diogo/openmc_data/endfb-vii.1-hdf5/neutron/U232.h5
 Reading U233 from /home/diogo/openmc_data/endfb-vii.1-hdf5/neutron/U233.h5
 Reading U236 from /home/diogo/openmc_data/endfb-vii.1-hdf5/neutron/U236.h5
 Reading U237 from /home/diogo/openmc_data/endfb-vii.1-hdf5/neutron/U237.h5
 Reading U239 from /home/diogo/openmc_data/endfb-vii.1-hdf5/neutron/U239.h5
 Reading U240 from /home/diogo/openmc_data/endfb-vii.1-hdf5/neutron/U240.h5
 Reading U241 from /home/diogo/openmc_data/endfb-vii.1-hdf5/neutron/U241.h5
 Reading Np234 from /home/diogo/openmc_data/endfb-vii.1-hdf5/neutron/Np234.h5
 Reading Np235 from /home/diogo/openmc_data/endfb-vii.1-hdf5/neutron/Np235.h5
 Reading Np236 from /home/diogo/openmc_data/endfb-vii.1-hdf5/neutron/Np236.h5
 Reading Np237 from /home/diogo/openmc_data/endfb-vii.1-hdf5/neutron/Np237.h5
 Reading Np238 from /home/diogo/openmc_data/endfb-vii.1-hdf5/neutron/Np238.h5
 Reading Np239 from /home/diogo/openmc_data/endfb-vii.1-hdf5/neutron/Np239.h5
 Reading Pu236 from /home/diogo/openmc_data/endfb-vii.1-hdf5/neutron/Pu236.h5
 Reading Pu237 from /home/diogo/openmc_data/endfb-vii.1-hdf5/neutron/Pu237.h5
 Reading Pu238 from /home/diogo/openmc_data/endfb-vii.1-hdf5/neutron/Pu238.h5
 Reading Pu239 from /home/diogo/openmc_data/endfb-vii.1-hdf5/neutron/Pu239.h5
 Reading Pu240 from /home/diogo/openmc_data/endfb-vii.1-hdf5/neutron/Pu240.h5
 Reading Pu241 from /home/diogo/openmc_data/endfb-vii.1-hdf5/neutron/Pu241.h5
 Reading Pu242 from /home/diogo/openmc_data/endfb-vii.1-hdf5/neutron/Pu242.h5
 Reading Pu243 from /home/diogo/openmc_data/endfb-vii.1-hdf5/neutron/Pu243.h5
 Reading Pu244 from /home/diogo/openmc_data/endfb-vii.1-hdf5/neutron/Pu244.h5
 Reading Pu246 from /home/diogo/openmc_data/endfb-vii.1-hdf5/neutron/Pu246.h5
 Reading Am240 from /home/diogo/openmc_data/endfb-vii.1-hdf5/neutron/Am240.h5
 Reading Am241 from /home/diogo/openmc_data/endfb-vii.1-hdf5/neutron/Am241.h5
 Reading Am242 from /home/diogo/openmc_data/endfb-vii.1-hdf5/neutron/Am242.h5
 Reading Am242_m1 from
 /home/diogo/openmc_data/endfb-vii.1-hdf5/neutron/Am242_m1.h5
 Reading Am243 from /home/diogo/openmc_data/endfb-vii.1-hdf5/neutron/Am243.h5
 Reading Am244 from /home/diogo/openmc_data/endfb-vii.1-hdf5/neutron/Am244.h5
 Reading Am244_m1 from
 /home/diogo/openmc_data/endfb-vii.1-hdf5/neutron/Am244_m1.h5
 Reading Cm240 from /home/diogo/openmc_data/endfb-vii.1-hdf5/neutron/Cm240.h5
 Reading Cm241 from /home/diogo/openmc_data/endfb-vii.1-hdf5/neutron/Cm241.h5
 Reading Cm242 from /home/diogo/openmc_data/endfb-vii.1-hdf5/neutron/Cm242.h5
 Reading Cm243 from /home/diogo/openmc_data/endfb-vii.1-hdf5/neutron/Cm243.h5
 Reading Cm244 from /home/diogo/openmc_data/endfb-vii.1-hdf5/neutron/Cm244.h5
 Reading Cm245 from /home/diogo/openmc_data/endfb-vii.1-hdf5/neutron/Cm245.h5
 Reading Cm246 from /home/diogo/openmc_data/endfb-vii.1-hdf5/neutron/Cm246.h5
 Reading Cm247 from /home/diogo/openmc_data/endfb-vii.1-hdf5/neutron/Cm247.h5
 Reading Cm248 from /home/diogo/openmc_data/endfb-vii.1-hdf5/neutron/Cm248.h5
 Reading Cm249 from /home/diogo/openmc_data/endfb-vii.1-hdf5/neutron/Cm249.h5
 Reading Cm250 from /home/diogo/openmc_data/endfb-vii.1-hdf5/neutron/Cm250.h5
 Reading Bk245 from /home/diogo/openmc_data/endfb-vii.1-hdf5/neutron/Bk245.h5
 Reading Bk247 from /home/diogo/openmc_data/endfb-vii.1-hdf5/neutron/Bk247.h5
 Reading Bk248 from /home/diogo/openmc_data/endfb-vii.1-hdf5/neutron/Bk248.h5
 Reading Bk249 from /home/diogo/openmc_data/endfb-vii.1-hdf5/neutron/Bk249.h5
 Reading Bk250 from /home/diogo/openmc_data/endfb-vii.1-hdf5/neutron/Bk250.h5
 Reading Cf248 from /home/diogo/openmc_data/endfb-vii.1-hdf5/neutron/Cf248.h5
 Reading Cf249 from /home/diogo/openmc_data/endfb-vii.1-hdf5/neutron/Cf249.h5
 Reading Cf250 from /home/diogo/openmc_data/endfb-vii.1-hdf5/neutron/Cf250.h5
 WARNING: Negative value(s) found on probability table for nuclide Cf250 at 250K
 WARNING: Negative value(s) found on probability table for nuclide Cf250 at 294K
 WARNING: Negative value(s) found on probability table for nuclide Cf250 at 900K
 WARNING: Negative value(s) found on probability table for nuclide Cf250 at
          1200K
 Reading Cf251 from /home/diogo/openmc_data/endfb-vii.1-hdf5/neutron/Cf251.h5
 Reading Cf252 from /home/diogo/openmc_data/endfb-vii.1-hdf5/neutron/Cf252.h5
 Reading Cf253 from /home/diogo/openmc_data/endfb-vii.1-hdf5/neutron/Cf253.h5
 Reading Cf254 from /home/diogo/openmc_data/endfb-vii.1-hdf5/neutron/Cf254.h5
 Reading Es251 from /home/diogo/openmc_data/endfb-vii.1-hdf5/neutron/Es251.h5
 Reading Es252 from /home/diogo/openmc_data/endfb-vii.1-hdf5/neutron/Es252.h5
 Reading Es253 from /home/diogo/openmc_data/endfb-vii.1-hdf5/neutron/Es253.h5
 Reading Es254 from /home/diogo/openmc_data/endfb-vii.1-hdf5/neutron/Es254.h5
 Reading Es254_m1 from
 /home/diogo/openmc_data/endfb-vii.1-hdf5/neutron/Es254_m1.h5
 Reading Es255 from /home/diogo/openmc_data/endfb-vii.1-hdf5/neutron/Es255.h5
 Reading Fm255 from /home/diogo/openmc_data/endfb-vii.1-hdf5/neutron/Fm255.h5
 Reading Hg196 from /home/diogo/openmc_data/endfb-vii.1-hdf5/neutron/Hg196.h5
 Reading Bk246 from /home/diogo/openmc_data/endfb-vii.1-hdf5/neutron/Bk246.h5
 Reading Ba130 from /home/diogo/openmc_data/endfb-vii.1-hdf5/neutron/Ba130.h5
 Reading Ce136 from /home/diogo/openmc_data/endfb-vii.1-hdf5/neutron/Ce136.h5
 Reading Hf174 from /home/diogo/openmc_data/endfb-vii.1-hdf5/neutron/Hf174.h5
 Reading Ru96 from /home/diogo/openmc_data/endfb-vii.1-hdf5/neutron/Ru96.h5
 Reading Xe123 from /home/diogo/openmc_data/endfb-vii.1-hdf5/neutron/Xe123.h5
 Reading Xe124 from /home/diogo/openmc_data/endfb-vii.1-hdf5/neutron/Xe124.h5
 Reading Cf246 from /home/diogo/openmc_data/endfb-vii.1-hdf5/neutron/Cf246.h5
 Reading Be9 from /home/diogo/openmc_data/endfb-vii.1-hdf5/neutron/Be9.h5
 Reading Ca48 from /home/diogo/openmc_data/endfb-vii.1-hdf5/neutron/Ca48.h5
 Reading Co58_m1 from
 /home/diogo/openmc_data/endfb-vii.1-hdf5/neutron/Co58_m1.h5
 Maximum neutron transport energy: 20000000 eV for H1
 Initializing source particles...

 ====================>     K EIGENVALUE SIMULATION     <====================

  Bat./Gen.      k       Entropy         Average k 
  =========   ========   ========   ====================
        1/1    0.94326    5.53532
        2/1    0.94251    5.48572
        3/1    0.97537    5.49128
        4/1    0.97955    5.48832
        5/1    0.95692    5.48289
        6/1    0.96787    5.46873
        7/1    0.95535    5.46696
        8/1    0.96059    5.47333
        9/1    0.94970    5.44785
       10/1    0.98095    5.45868
       11/1    0.99101    5.45850
       12/1    0.96345    5.47422
       13/1    0.97174    5.44756
       14/1    0.95774    5.46301
       15/1    0.97852    5.45711
       16/1    0.95437    5.45042
       17/1    0.95894    5.43766
       18/1    0.97667    5.43918
       19/1    0.98684    5.46245
       20/1    0.97520    5.44892
       21/1    1.00067    5.45389
       22/1    0.98009    5.44909
       23/1    0.96914    5.44620
       24/1    0.98227    5.46373
       25/1    0.96695    5.45051
       26/1    0.98484    5.44790
       27/1    0.97356    5.45816
       28/1    0.98215    5.45339
       29/1    0.98631    5.47284
       30/1    0.96143    5.46738
       31/1    0.98204    5.45535
       32/1    0.97981    5.45837
       33/1    0.99083    5.45135
       34/1    0.95312    5.45310
       35/1    0.97809    5.46279
       36/1    0.96890    5.47312
       37/1    0.96909    5.46015
       38/1    0.95731    5.48598
       39/1    0.95907    5.48071
       40/1    0.94417    5.45882
       41/1    0.96762    5.47757
       42/1    0.95955    5.46463
       43/1    0.97687    5.45859
       44/1    0.98933    5.44730
       45/1    0.97551    5.45910
       46/1    0.96954    5.47326
       47/1    0.96062    5.48364
       48/1    0.95927    5.48159
       49/1    0.96229    5.48150
       50/1    0.94095    5.45173
       51/1    0.96319    5.47281
       52/1    0.94693    5.47918    0.95506 +/- 0.00813
       53/1    0.97012    5.48882    0.96008 +/- 0.00687
       54/1    0.97262    5.48230    0.96321 +/- 0.00578
       55/1    0.97597    5.44982    0.96576 +/- 0.00515
       56/1    0.97778    5.45305    0.96777 +/- 0.00466
       57/1    0.95856    5.46999    0.96645 +/- 0.00415
       58/1    0.95830    5.44669    0.96543 +/- 0.00374
       59/1    0.97593    5.45739    0.96660 +/- 0.00350
       60/1    0.97550    5.47828    0.96749 +/- 0.00325
       61/1    0.93694    5.47221    0.96471 +/- 0.00404
       62/1    0.93428    5.48594    0.96218 +/- 0.00448
       63/1    1.00401    5.49064    0.96539 +/- 0.00523
       64/1    0.97851    5.46016    0.96633 +/- 0.00493
       65/1    0.96830    5.47193    0.96646 +/- 0.00459
       66/1    0.97346    5.46859    0.96690 +/- 0.00432
       67/1    0.98258    5.46693    0.96782 +/- 0.00416
       68/1    0.96203    5.48287    0.96750 +/- 0.00393
       69/1    0.99795    5.46702    0.96910 +/- 0.00405
       70/1    0.97018    5.47450    0.96916 +/- 0.00384
       71/1    0.98826    5.45956    0.97007 +/- 0.00377
       72/1    0.97741    5.47859    0.97040 +/- 0.00361
       73/1    0.94668    5.45917    0.96937 +/- 0.00360
       74/1    0.98833    5.44945    0.97016 +/- 0.00353
       75/1    0.99340    5.46835    0.97109 +/- 0.00352
       76/1    0.95726    5.47179    0.97056 +/- 0.00342
       77/1    0.97526    5.47307    0.97073 +/- 0.00329
       78/1    0.96614    5.46683    0.97057 +/- 0.00318
       79/1    0.98731    5.44078    0.97114 +/- 0.00312
       80/1    0.99955    5.47090    0.97209 +/- 0.00316
       81/1    0.98504    5.47580    0.97251 +/- 0.00309
       82/1    0.96884    5.45098    0.97239 +/- 0.00299
       83/1    0.96708    5.45362    0.97223 +/- 0.00290
       84/1    1.00008    5.46545    0.97305 +/- 0.00293
       85/1    0.98665    5.46947    0.97344 +/- 0.00287
       86/1    0.96379    5.44565    0.97317 +/- 0.00281
       87/1    0.97150    5.43552    0.97313 +/- 0.00273
       88/1    0.98845    5.44331    0.97353 +/- 0.00269
       89/1    0.98236    5.45780    0.97376 +/- 0.00263
       90/1    0.96882    5.45449    0.97363 +/- 0.00256
       91/1    0.96077    5.44950    0.97332 +/- 0.00252
       92/1    0.98685    5.45770    0.97364 +/- 0.00248
       93/1    0.97585    5.42365    0.97369 +/- 0.00242
       94/1    0.98163    5.45989    0.97387 +/- 0.00237
       95/1    0.95060    5.45590    0.97336 +/- 0.00238
       96/1    0.97396    5.44700    0.97337 +/- 0.00232
       97/1    0.98711    5.44732    0.97366 +/- 0.00229
       98/1    0.97206    5.42395    0.97363 +/- 0.00225
       99/1    0.98103    5.42566    0.97378 +/- 0.00220
      100/1    1.00647    5.45307    0.97443 +/- 0.00226
 Creating state point statepoint.100.h5...

 =======================>     TIMING STATISTICS     <=======================

 Total time for initialization     = 5.3940e+01 seconds
   Reading cross sections          = 8.0312e+00 seconds
 Total time in simulation          = 1.1934e+02 seconds
   Time in transport only          = 1.1890e+02 seconds
   Time in inactive batches        = 4.3661e+01 seconds
   Time in active batches          = 7.5680e+01 seconds
   Time synchronizing fission bank = 9.7656e-02 seconds
     Sampling source sites         = 8.7323e-02 seconds
     SEND/RECV source sites        = 9.8861e-03 seconds
   Time accumulating tallies       = 2.3022e-01 seconds
   Time writing statepoints        = 1.3840e-02 seconds
 Total time for finalization       = 9.9834e-03 seconds
 Total time elapsed                = 1.7373e+02 seconds
 Calculation Rate (inactive)       = 11451.8 particles/second
 Calculation Rate (active)         = 6606.76 particles/second

 ============================>     RESULTS     <============================

 k-effective (Collision)     = 0.97357 +/- 0.00189
 k-effective (Track-length)  = 0.97443 +/- 0.00226
 k-effective (Absorption)    = 0.97483 +/- 0.00155
 Combined k-effective        = 0.97449 +/- 0.00146
 Leakage Fraction            = 0.00755 +/- 0.00015

 Creating state point openmc_simulation_n6.h5...
[openmc.deplete] t=186069731.2168078 (final operator evaluation)
 Maximum neutron transport energy: 20000000 eV for H1
 Initializing source particles...

 ====================>     K EIGENVALUE SIMULATION     <====================

  Bat./Gen.      k       Entropy         Average k 
  =========   ========   ========   ====================
        1/1    0.92856    5.54282
        2/1    0.94766    5.51815
        3/1    0.94498    5.51136
        4/1    0.93762    5.48551
        5/1    0.95246    5.49471
        6/1    0.93583    5.50462
        7/1    0.94417    5.49078
        8/1    0.93284    5.49095
        9/1    0.97821    5.48686
       10/1    0.95918    5.48544
       11/1    0.97026    5.48915
       12/1    0.96418    5.49151
       13/1    0.95077    5.49857
       14/1    0.97874    5.50010
       15/1    0.93994    5.48562
       16/1    0.96205    5.50813
       17/1    0.94226    5.47335
       18/1    0.95471    5.48491
       19/1    0.97126    5.46989
       20/1    0.94479    5.47439
       21/1    0.95215    5.46828
       22/1    0.94449    5.47354
       23/1    0.94764    5.48121
       24/1    0.97160    5.47946
       25/1    0.94854    5.45491
       26/1    0.96179    5.45198
       27/1    0.94935    5.47304
       28/1    0.95036    5.48005
       29/1    0.94728    5.48802
       30/1    0.98367    5.50942
       31/1    0.95490    5.50065
       32/1    0.96230    5.49117
       33/1    0.95798    5.48042
       34/1    0.95673    5.50238
       35/1    0.94615    5.49532
       36/1    0.93995    5.49558
       37/1    0.95418    5.49062
       38/1    0.95061    5.47243
       39/1    0.94369    5.49373
       40/1    0.93213    5.48619
       41/1    0.95726    5.48208
       42/1    0.93475    5.47349
       43/1    0.94913    5.48787
       44/1    0.94686    5.48434
       45/1    0.97031    5.49604
       46/1    0.96472    5.47934
       47/1    0.95838    5.49802
       48/1    0.95802    5.47024
       49/1    0.92898    5.48325
       50/1    0.95214    5.48553
       51/1    0.95807    5.47962
       52/1    0.93273    5.46503    0.94540 +/- 0.01267
       53/1    0.96522    5.45741    0.95200 +/- 0.00986
       54/1    0.94048    5.47021    0.94912 +/- 0.00754
       55/1    0.95800    5.47536    0.95090 +/- 0.00611
       56/1    0.95858    5.48553    0.95218 +/- 0.00515
       57/1    0.95755    5.46869    0.95295 +/- 0.00442
       58/1    0.94234    5.47856    0.95162 +/- 0.00405
       59/1    0.97147    5.48953    0.95383 +/- 0.00420
       60/1    0.94984    5.47760    0.95343 +/- 0.00377
       61/1    0.97673    5.47589    0.95555 +/- 0.00402
       62/1    0.97099    5.47135    0.95683 +/- 0.00389
       63/1    0.95065    5.47265    0.95636 +/- 0.00361
       64/1    0.97394    5.48681    0.95761 +/- 0.00357
       65/1    0.96614    5.49188    0.95818 +/- 0.00337
       66/1    0.98237    5.47027    0.95969 +/- 0.00350
       67/1    0.95535    5.45813    0.95944 +/- 0.00329
       68/1    0.94171    5.45075    0.95845 +/- 0.00326
       69/1    0.94662    5.47848    0.95783 +/- 0.00314
       70/1    0.95273    5.49292    0.95757 +/- 0.00299
       71/1    0.95492    5.46306    0.95745 +/- 0.00285
       72/1    0.95456    5.46294    0.95732 +/- 0.00272
       73/1    0.97371    5.46230    0.95803 +/- 0.00270
       74/1    0.94924    5.47870    0.95766 +/- 0.00261
       75/1    0.95288    5.45715    0.95747 +/- 0.00251
       76/1    0.96231    5.45158    0.95766 +/- 0.00242
       77/1    0.96389    5.44991    0.95789 +/- 0.00234
       78/1    0.94489    5.46476    0.95742 +/- 0.00230
       79/1    0.97654    5.45162    0.95808 +/- 0.00231
       80/1    0.94749    5.45608    0.95773 +/- 0.00226
       81/1    0.95855    5.48569    0.95776 +/- 0.00219
       82/1    0.96183    5.48166    0.95788 +/- 0.00212
       83/1    0.95850    5.46299    0.95790 +/- 0.00206
       84/1    0.94994    5.47138    0.95767 +/- 0.00201
       85/1    0.95594    5.48215    0.95762 +/- 0.00195
       86/1    0.92313    5.47179    0.95666 +/- 0.00213
       87/1    0.95081    5.48374    0.95650 +/- 0.00207
       88/1    0.96601    5.48365    0.95675 +/- 0.00203
       89/1    0.94126    5.48266    0.95636 +/- 0.00202
       90/1    0.96363    5.48241    0.95654 +/- 0.00198
       91/1    0.94733    5.48250    0.95631 +/- 0.00194
       92/1    0.94484    5.47731    0.95604 +/- 0.00191
       93/1    0.95936    5.49546    0.95612 +/- 0.00187
       94/1    0.94365    5.47647    0.95583 +/- 0.00185
       95/1    0.95631    5.47816    0.95585 +/- 0.00181
       96/1    0.95796    5.48361    0.95589 +/- 0.00177
       97/1    0.95766    5.46655    0.95593 +/- 0.00173
       98/1    0.94098    5.45232    0.95562 +/- 0.00172
       99/1    0.94289    5.45501    0.95536 +/- 0.00171
      100/1    0.97594    5.46082    0.95577 +/- 0.00172
 Creating state point statepoint.100.h5...

 =======================>     TIMING STATISTICS     <=======================

 Total time for initialization     = 0.0000e+00 seconds
   Reading cross sections          = 0.0000e+00 seconds
 Total time in simulation          = 1.1244e+02 seconds
   Time in transport only          = 1.1207e+02 seconds
   Time in inactive batches        = 4.4563e+01 seconds
   Time in active batches          = 6.7874e+01 seconds
   Time synchronizing fission bank = 9.5424e-02 seconds
     Sampling source sites         = 8.4268e-02 seconds
     SEND/RECV source sites        = 1.0687e-02 seconds
   Time accumulating tallies       = 1.5838e-01 seconds
   Time writing statepoints        = 1.7062e-02 seconds
 Total time for finalization       = 1.0611e-02 seconds
 Total time elapsed                = 1.1293e+02 seconds
 Calculation Rate (inactive)       = 11220.2 particles/second
 Calculation Rate (active)         = 7366.59 particles/second

 ============================>     RESULTS     <============================

 k-effective (Collision)     = 0.95579 +/- 0.00162
 k-effective (Track-length)  = 0.95577 +/- 0.00172
 k-effective (Absorption)    = 0.95529 +/- 0.00131
 Combined k-effective        = 0.95545 +/- 0.00117
 Leakage Fraction            = 0.00783 +/- 0.00009

 Creating state point openmc_simulation_n7.h5...
      chunk 1: B  21.50 MWd/kgHM k 0.95545 (target 0.96546) [19.4 min]
[d27] EFPD 1942.9 d (archive 2372.8), c_max 1633 (archive 1633), hump +0 pcm [8 solves, 0.32 h]
done; run --analyse
check 3: designs [72, 69], 8 layers (14 fuel segments, 96 depletable materials), transport {'particles': 10000, 'batches': 100, 'inactive': 50}, end of cycle relative, schedule {'bol_steps': [0.5, 1.0, 2.0, 4.0, 6.0], 'dep_step': 4.0, 'max_burnup': 100.0, 'chunk_steps': 2}, cached []
  C9-72: archive EFPD 2293 d, 10 depletion solves, c_max 1559 ppm
  C9-69: archive EFPD 2297 d, 10 depletion solves, c_max 2268 ppm
  openmc 0.15.3, chain /home/diogo/openmc_data/chain_endfb71_pwr.xml
[d72] 3D hardware core, 8 layers, 14 fuel segments, 96 depletable materials, seed 1824374486, transport {'particles': 10000, 'batches': 100, 'inactive': 50}, end of cycle relative, ratio 0.96663
                                %%%%%%%%%%%%%%%
                           %%%%%%%%%%%%%%%%%%%%%%%%
                        %%%%%%%%%%%%%%%%%%%%%%%%%%%%%%
                      %%%%%%%%%%%%%%%%%%%%%%%%%%%%%%%%%%
                    %%%%%%%%%%%%%%%%%%%%%%%%%%%%%%%%%%%%%%
                   %%%%%%%%%%%%%%%%%%%%%%%%%%%%%%%%%%%%%%%%
                                    %%%%%%%%%%%%%%%%%%%%%%%%
                                     %%%%%%%%%%%%%%%%%%%%%%%%
                 ###############      %%%%%%%%%%%%%%%%%%%%%%%%
                ##################     %%%%%%%%%%%%%%%%%%%%%%%
                ###################     %%%%%%%%%%%%%%%%%%%%%%%
                ####################     %%%%%%%%%%%%%%%%%%%%%%
                #####################     %%%%%%%%%%%%%%%%%%%%%
                ######################     %%%%%%%%%%%%%%%%%%%%
                #######################     %%%%%%%%%%%%%%%%%%
                 #######################     %%%%%%%%%%%%%%%%%
                 ######################     %%%%%%%%%%%%%%%%%
                  ####################     %%%%%%%%%%%%%%%%%
                    #################     %%%%%%%%%%%%%%%%%
                     ###############     %%%%%%%%%%%%%%%%
                       ############     %%%%%%%%%%%%%%%
                          ########     %%%%%%%%%%%%%%
                                      %%%%%%%%%%%

                 | The OpenMC Monte Carlo Code
       Copyright | 2011-2025 MIT, UChicago Argonne LLC, and contributors
         License | https://docs.openmc.org/en/latest/license.html
         Version | 0.15.3
     Commit Hash | 27e38e894697bb32a1dac7848d2618818b6b8daf
       Date/Time | 2026-09-26 21:51:38
   MPI Processes | 1
  OpenMP Threads | 64

 Reading settings XML file...
 Reading cross sections XML file...
 Reading chain file: /home/diogo/openmc_data/chain_endfb71_pwr.xml...
 Reading materials XML file...
 Reading geometry XML file...
 Reading H1 from /home/diogo/openmc_data/endfb-vii.1-hdf5/neutron/H1.h5
 Reading H2 from /home/diogo/openmc_data/endfb-vii.1-hdf5/neutron/H2.h5
 Reading B10 from /home/diogo/openmc_data/endfb-vii.1-hdf5/neutron/B10.h5
 Reading B11 from /home/diogo/openmc_data/endfb-vii.1-hdf5/neutron/B11.h5
 Reading O16 from /home/diogo/openmc_data/endfb-vii.1-hdf5/neutron/O16.h5
 Reading O17 from /home/diogo/openmc_data/endfb-vii.1-hdf5/neutron/O17.h5
 Reading Cr50 from /home/diogo/openmc_data/endfb-vii.1-hdf5/neutron/Cr50.h5
 Reading Cr52 from /home/diogo/openmc_data/endfb-vii.1-hdf5/neutron/Cr52.h5
 Reading Cr53 from /home/diogo/openmc_data/endfb-vii.1-hdf5/neutron/Cr53.h5
 Reading Cr54 from /home/diogo/openmc_data/endfb-vii.1-hdf5/neutron/Cr54.h5
 Reading Mn55 from /home/diogo/openmc_data/endfb-vii.1-hdf5/neutron/Mn55.h5
 Reading Fe54 from /home/diogo/openmc_data/endfb-vii.1-hdf5/neutron/Fe54.h5
 Reading Fe56 from /home/diogo/openmc_data/endfb-vii.1-hdf5/neutron/Fe56.h5
 Reading Fe57 from /home/diogo/openmc_data/endfb-vii.1-hdf5/neutron/Fe57.h5
 Reading Fe58 from /home/diogo/openmc_data/endfb-vii.1-hdf5/neutron/Fe58.h5
 Reading Ni58 from /home/diogo/openmc_data/endfb-vii.1-hdf5/neutron/Ni58.h5
 Reading Ni60 from /home/diogo/openmc_data/endfb-vii.1-hdf5/neutron/Ni60.h5
 Reading Ni61 from /home/diogo/openmc_data/endfb-vii.1-hdf5/neutron/Ni61.h5
 Reading Ni62 from /home/diogo/openmc_data/endfb-vii.1-hdf5/neutron/Ni62.h5
 Reading Ni64 from /home/diogo/openmc_data/endfb-vii.1-hdf5/neutron/Ni64.h5
 Reading Zr90 from /home/diogo/openmc_data/endfb-vii.1-hdf5/neutron/Zr90.h5
 Reading Zr91 from /home/diogo/openmc_data/endfb-vii.1-hdf5/neutron/Zr91.h5
 Reading Zr92 from /home/diogo/openmc_data/endfb-vii.1-hdf5/neutron/Zr92.h5
 Reading Zr94 from /home/diogo/openmc_data/endfb-vii.1-hdf5/neutron/Zr94.h5
 Reading Zr96 from /home/diogo/openmc_data/endfb-vii.1-hdf5/neutron/Zr96.h5
 Reading Sn112 from /home/diogo/openmc_data/endfb-vii.1-hdf5/neutron/Sn112.h5
 Reading Sn114 from /home/diogo/openmc_data/endfb-vii.1-hdf5/neutron/Sn114.h5
 Reading Sn115 from /home/diogo/openmc_data/endfb-vii.1-hdf5/neutron/Sn115.h5
 Reading Sn116 from /home/diogo/openmc_data/endfb-vii.1-hdf5/neutron/Sn116.h5
 Reading Sn117 from /home/diogo/openmc_data/endfb-vii.1-hdf5/neutron/Sn117.h5
 Reading Sn118 from /home/diogo/openmc_data/endfb-vii.1-hdf5/neutron/Sn118.h5
 Reading Sn119 from /home/diogo/openmc_data/endfb-vii.1-hdf5/neutron/Sn119.h5
 Reading Sn120 from /home/diogo/openmc_data/endfb-vii.1-hdf5/neutron/Sn120.h5
 Reading Sn122 from /home/diogo/openmc_data/endfb-vii.1-hdf5/neutron/Sn122.h5
 Reading Sn124 from /home/diogo/openmc_data/endfb-vii.1-hdf5/neutron/Sn124.h5
 Reading He3 from /home/diogo/openmc_data/endfb-vii.1-hdf5/neutron/He3.h5
 Reading He4 from /home/diogo/openmc_data/endfb-vii.1-hdf5/neutron/He4.h5
 Reading U234 from /home/diogo/openmc_data/endfb-vii.1-hdf5/neutron/U234.h5
 Reading U235 from /home/diogo/openmc_data/endfb-vii.1-hdf5/neutron/U235.h5
 Reading U238 from /home/diogo/openmc_data/endfb-vii.1-hdf5/neutron/U238.h5
 Reading Gd152 from /home/diogo/openmc_data/endfb-vii.1-hdf5/neutron/Gd152.h5
 Reading Gd154 from /home/diogo/openmc_data/endfb-vii.1-hdf5/neutron/Gd154.h5
 Reading Gd155 from /home/diogo/openmc_data/endfb-vii.1-hdf5/neutron/Gd155.h5
 Reading Gd156 from /home/diogo/openmc_data/endfb-vii.1-hdf5/neutron/Gd156.h5
 Reading Gd157 from /home/diogo/openmc_data/endfb-vii.1-hdf5/neutron/Gd157.h5
 Reading Gd158 from /home/diogo/openmc_data/endfb-vii.1-hdf5/neutron/Gd158.h5
 Reading Gd160 from /home/diogo/openmc_data/endfb-vii.1-hdf5/neutron/Gd160.h5
 Reading Si28 from /home/diogo/openmc_data/endfb-vii.1-hdf5/neutron/Si28.h5
 Reading Si29 from /home/diogo/openmc_data/endfb-vii.1-hdf5/neutron/Si29.h5
 Reading Si30 from /home/diogo/openmc_data/endfb-vii.1-hdf5/neutron/Si30.h5
 Reading Ag107 from /home/diogo/openmc_data/endfb-vii.1-hdf5/neutron/Ag107.h5
 Reading Ag109 from /home/diogo/openmc_data/endfb-vii.1-hdf5/neutron/Ag109.h5
 Reading Cd106 from /home/diogo/openmc_data/endfb-vii.1-hdf5/neutron/Cd106.h5
 WARNING: Negative value(s) found on probability table for nuclide Cd106 at 294K
 WARNING: Negative value(s) found on probability table for nuclide Cd106 at 600K
 WARNING: Negative value(s) found on probability table for nuclide Cd106 at 900K
 WARNING: Negative value(s) found on probability table for nuclide Cd106 at
          1200K
 WARNING: Negative value(s) found on probability table for nuclide Cd106 at
          2500K
 Reading Cd108 from /home/diogo/openmc_data/endfb-vii.1-hdf5/neutron/Cd108.h5
 Reading Cd110 from /home/diogo/openmc_data/endfb-vii.1-hdf5/neutron/Cd110.h5
 Reading Cd111 from /home/diogo/openmc_data/endfb-vii.1-hdf5/neutron/Cd111.h5
 Reading Cd112 from /home/diogo/openmc_data/endfb-vii.1-hdf5/neutron/Cd112.h5
 Reading Cd113 from /home/diogo/openmc_data/endfb-vii.1-hdf5/neutron/Cd113.h5
 Reading Cd114 from /home/diogo/openmc_data/endfb-vii.1-hdf5/neutron/Cd114.h5
 Reading Cd116 from /home/diogo/openmc_data/endfb-vii.1-hdf5/neutron/Cd116.h5
 Reading In113 from /home/diogo/openmc_data/endfb-vii.1-hdf5/neutron/In113.h5
 Reading In115 from /home/diogo/openmc_data/endfb-vii.1-hdf5/neutron/In115.h5
 Reading c_H_in_H2O from
 /home/diogo/openmc_data/endfb-vii.1-hdf5/neutron/c_H_in_H2O.h5
 Minimum neutron data temperature: 294 K
 Maximum neutron data temperature: 2500 K
 Reading tallies XML file...
 Preparing distributed cell instances...
 Reading plot XML file...
 Writing summary.h5 file...
[openmc.deplete] t=0.0 s, dt=4327203.051553669 s, source=47639915.83850316
 Reading H3 from /home/diogo/openmc_data/endfb-vii.1-hdf5/neutron/H3.h5
 Reading Li6 from /home/diogo/openmc_data/endfb-vii.1-hdf5/neutron/Li6.h5
 Reading Li7 from /home/diogo/openmc_data/endfb-vii.1-hdf5/neutron/Li7.h5
 Reading Be9 from /home/diogo/openmc_data/endfb-vii.1-hdf5/neutron/Be9.h5
 Reading N14 from /home/diogo/openmc_data/endfb-vii.1-hdf5/neutron/N14.h5
 Reading N15 from /home/diogo/openmc_data/endfb-vii.1-hdf5/neutron/N15.h5
 Reading F19 from /home/diogo/openmc_data/endfb-vii.1-hdf5/neutron/F19.h5
 Reading Na22 from /home/diogo/openmc_data/endfb-vii.1-hdf5/neutron/Na22.h5
 WARNING: Negative value(s) found on probability table for nuclide Na22 at 250K
 WARNING: Negative value(s) found on probability table for nuclide Na22 at 294K
 WARNING: Negative value(s) found on probability table for nuclide Na22 at 600K
 WARNING: Negative value(s) found on probability table for nuclide Na22 at 900K
 WARNING: Negative value(s) found on probability table for nuclide Na22 at 1200K
 WARNING: Negative value(s) found on probability table for nuclide Na22 at 2500K
 Reading Na23 from /home/diogo/openmc_data/endfb-vii.1-hdf5/neutron/Na23.h5
 Reading Mg24 from /home/diogo/openmc_data/endfb-vii.1-hdf5/neutron/Mg24.h5
 Reading Mg25 from /home/diogo/openmc_data/endfb-vii.1-hdf5/neutron/Mg25.h5
 Reading Mg26 from /home/diogo/openmc_data/endfb-vii.1-hdf5/neutron/Mg26.h5
 Reading Al27 from /home/diogo/openmc_data/endfb-vii.1-hdf5/neutron/Al27.h5
 Reading P31 from /home/diogo/openmc_data/endfb-vii.1-hdf5/neutron/P31.h5
 Reading S32 from /home/diogo/openmc_data/endfb-vii.1-hdf5/neutron/S32.h5
 Reading S33 from /home/diogo/openmc_data/endfb-vii.1-hdf5/neutron/S33.h5
 Reading S34 from /home/diogo/openmc_data/endfb-vii.1-hdf5/neutron/S34.h5
 Reading S36 from /home/diogo/openmc_data/endfb-vii.1-hdf5/neutron/S36.h5
 Reading Cl35 from /home/diogo/openmc_data/endfb-vii.1-hdf5/neutron/Cl35.h5
 Reading Cl37 from /home/diogo/openmc_data/endfb-vii.1-hdf5/neutron/Cl37.h5
 Reading Ar36 from /home/diogo/openmc_data/endfb-vii.1-hdf5/neutron/Ar36.h5
 WARNING: Negative value(s) found on probability table for nuclide Ar36 at 250K
 WARNING: Negative value(s) found on probability table for nuclide Ar36 at 294K
 WARNING: Negative value(s) found on probability table for nuclide Ar36 at 600K
 WARNING: Negative value(s) found on probability table for nuclide Ar36 at 900K
 WARNING: Negative value(s) found on probability table for nuclide Ar36 at 1200K
 WARNING: Negative value(s) found on probability table for nuclide Ar36 at 2500K
 Reading Ar38 from /home/diogo/openmc_data/endfb-vii.1-hdf5/neutron/Ar38.h5
 Reading Ar40 from /home/diogo/openmc_data/endfb-vii.1-hdf5/neutron/Ar40.h5
 Reading K39 from /home/diogo/openmc_data/endfb-vii.1-hdf5/neutron/K39.h5
 Reading K40 from /home/diogo/openmc_data/endfb-vii.1-hdf5/neutron/K40.h5
 Reading K41 from /home/diogo/openmc_data/endfb-vii.1-hdf5/neutron/K41.h5
 Reading Ca40 from /home/diogo/openmc_data/endfb-vii.1-hdf5/neutron/Ca40.h5
 Reading Ca42 from /home/diogo/openmc_data/endfb-vii.1-hdf5/neutron/Ca42.h5
 Reading Ca43 from /home/diogo/openmc_data/endfb-vii.1-hdf5/neutron/Ca43.h5
 Reading Ca44 from /home/diogo/openmc_data/endfb-vii.1-hdf5/neutron/Ca44.h5
 Reading Ca46 from /home/diogo/openmc_data/endfb-vii.1-hdf5/neutron/Ca46.h5
 Reading Ca48 from /home/diogo/openmc_data/endfb-vii.1-hdf5/neutron/Ca48.h5
 Reading Sc45 from /home/diogo/openmc_data/endfb-vii.1-hdf5/neutron/Sc45.h5
 Reading Ti46 from /home/diogo/openmc_data/endfb-vii.1-hdf5/neutron/Ti46.h5
 Reading Ti47 from /home/diogo/openmc_data/endfb-vii.1-hdf5/neutron/Ti47.h5
 Reading Ti48 from /home/diogo/openmc_data/endfb-vii.1-hdf5/neutron/Ti48.h5
 Reading Ti49 from /home/diogo/openmc_data/endfb-vii.1-hdf5/neutron/Ti49.h5
 Reading Ti50 from /home/diogo/openmc_data/endfb-vii.1-hdf5/neutron/Ti50.h5
 Reading V50 from /home/diogo/openmc_data/endfb-vii.1-hdf5/neutron/V50.h5
 Reading V51 from /home/diogo/openmc_data/endfb-vii.1-hdf5/neutron/V51.h5
 Reading Co58 from /home/diogo/openmc_data/endfb-vii.1-hdf5/neutron/Co58.h5
 Reading Co58_m1 from
 /home/diogo/openmc_data/endfb-vii.1-hdf5/neutron/Co58_m1.h5
 Reading Co59 from /home/diogo/openmc_data/endfb-vii.1-hdf5/neutron/Co59.h5
 Reading Ni59 from /home/diogo/openmc_data/endfb-vii.1-hdf5/neutron/Ni59.h5
 Reading Cu63 from /home/diogo/openmc_data/endfb-vii.1-hdf5/neutron/Cu63.h5
 Reading Cu65 from /home/diogo/openmc_data/endfb-vii.1-hdf5/neutron/Cu65.h5
 Reading Zn64 from /home/diogo/openmc_data/endfb-vii.1-hdf5/neutron/Zn64.h5
 Reading Zn65 from /home/diogo/openmc_data/endfb-vii.1-hdf5/neutron/Zn65.h5
 Reading Zn66 from /home/diogo/openmc_data/endfb-vii.1-hdf5/neutron/Zn66.h5
 Reading Zn67 from /home/diogo/openmc_data/endfb-vii.1-hdf5/neutron/Zn67.h5
 Reading Zn68 from /home/diogo/openmc_data/endfb-vii.1-hdf5/neutron/Zn68.h5
 Reading Zn70 from /home/diogo/openmc_data/endfb-vii.1-hdf5/neutron/Zn70.h5
 Reading Ga69 from /home/diogo/openmc_data/endfb-vii.1-hdf5/neutron/Ga69.h5
 Reading Ga71 from /home/diogo/openmc_data/endfb-vii.1-hdf5/neutron/Ga71.h5
 Reading Ge70 from /home/diogo/openmc_data/endfb-vii.1-hdf5/neutron/Ge70.h5
 Reading Ge72 from /home/diogo/openmc_data/endfb-vii.1-hdf5/neutron/Ge72.h5
 Reading Ge73 from /home/diogo/openmc_data/endfb-vii.1-hdf5/neutron/Ge73.h5
 Reading Ge74 from /home/diogo/openmc_data/endfb-vii.1-hdf5/neutron/Ge74.h5
 Reading Ge76 from /home/diogo/openmc_data/endfb-vii.1-hdf5/neutron/Ge76.h5
 Reading As74 from /home/diogo/openmc_data/endfb-vii.1-hdf5/neutron/As74.h5
 Reading As75 from /home/diogo/openmc_data/endfb-vii.1-hdf5/neutron/As75.h5
 Reading Se74 from /home/diogo/openmc_data/endfb-vii.1-hdf5/neutron/Se74.h5
 Reading Se76 from /home/diogo/openmc_data/endfb-vii.1-hdf5/neutron/Se76.h5
 Reading Se77 from /home/diogo/openmc_data/endfb-vii.1-hdf5/neutron/Se77.h5
 Reading Se78 from /home/diogo/openmc_data/endfb-vii.1-hdf5/neutron/Se78.h5
 Reading Se79 from /home/diogo/openmc_data/endfb-vii.1-hdf5/neutron/Se79.h5
 WARNING: Negative value(s) found on probability table for nuclide Se79 at 250K
 WARNING: Negative value(s) found on probability table for nuclide Se79 at 294K
 WARNING: Negative value(s) found on probability table for nuclide Se79 at 600K
 WARNING: Negative value(s) found on probability table for nuclide Se79 at 900K
 WARNING: Negative value(s) found on probability table for nuclide Se79 at 1200K
 Reading Se80 from /home/diogo/openmc_data/endfb-vii.1-hdf5/neutron/Se80.h5
 Reading Se82 from /home/diogo/openmc_data/endfb-vii.1-hdf5/neutron/Se82.h5
 Reading Br79 from /home/diogo/openmc_data/endfb-vii.1-hdf5/neutron/Br79.h5
 Reading Br81 from /home/diogo/openmc_data/endfb-vii.1-hdf5/neutron/Br81.h5
 Reading Kr78 from /home/diogo/openmc_data/endfb-vii.1-hdf5/neutron/Kr78.h5
 Reading Kr80 from /home/diogo/openmc_data/endfb-vii.1-hdf5/neutron/Kr80.h5
 Reading Kr82 from /home/diogo/openmc_data/endfb-vii.1-hdf5/neutron/Kr82.h5
 Reading Kr83 from /home/diogo/openmc_data/endfb-vii.1-hdf5/neutron/Kr83.h5
 Reading Kr84 from /home/diogo/openmc_data/endfb-vii.1-hdf5/neutron/Kr84.h5
 Reading Kr85 from /home/diogo/openmc_data/endfb-vii.1-hdf5/neutron/Kr85.h5
 Reading Kr86 from /home/diogo/openmc_data/endfb-vii.1-hdf5/neutron/Kr86.h5
 Reading Rb85 from /home/diogo/openmc_data/endfb-vii.1-hdf5/neutron/Rb85.h5
 Reading Rb86 from /home/diogo/openmc_data/endfb-vii.1-hdf5/neutron/Rb86.h5
 Reading Rb87 from /home/diogo/openmc_data/endfb-vii.1-hdf5/neutron/Rb87.h5
 Reading Sr84 from /home/diogo/openmc_data/endfb-vii.1-hdf5/neutron/Sr84.h5
 Reading Sr86 from /home/diogo/openmc_data/endfb-vii.1-hdf5/neutron/Sr86.h5
 Reading Sr87 from /home/diogo/openmc_data/endfb-vii.1-hdf5/neutron/Sr87.h5
 Reading Sr88 from /home/diogo/openmc_data/endfb-vii.1-hdf5/neutron/Sr88.h5
 Reading Sr89 from /home/diogo/openmc_data/endfb-vii.1-hdf5/neutron/Sr89.h5
 Reading Sr90 from /home/diogo/openmc_data/endfb-vii.1-hdf5/neutron/Sr90.h5
 Reading Y89 from /home/diogo/openmc_data/endfb-vii.1-hdf5/neutron/Y89.h5
 Reading Y90 from /home/diogo/openmc_data/endfb-vii.1-hdf5/neutron/Y90.h5
 Reading Y91 from /home/diogo/openmc_data/endfb-vii.1-hdf5/neutron/Y91.h5
 Reading Zr93 from /home/diogo/openmc_data/endfb-vii.1-hdf5/neutron/Zr93.h5
 Reading Zr95 from /home/diogo/openmc_data/endfb-vii.1-hdf5/neutron/Zr95.h5
 Reading Nb93 from /home/diogo/openmc_data/endfb-vii.1-hdf5/neutron/Nb93.h5
 Reading Nb94 from /home/diogo/openmc_data/endfb-vii.1-hdf5/neutron/Nb94.h5
 WARNING: Negative value(s) found on probability table for nuclide Nb94 at 250K
 WARNING: Negative value(s) found on probability table for nuclide Nb94 at 294K
 WARNING: Negative value(s) found on probability table for nuclide Nb94 at 600K
 WARNING: Negative value(s) found on probability table for nuclide Nb94 at 900K
 WARNING: Negative value(s) found on probability table for nuclide Nb94 at 1200K
 WARNING: Negative value(s) found on probability table for nuclide Nb94 at 2500K
 Reading Nb95 from /home/diogo/openmc_data/endfb-vii.1-hdf5/neutron/Nb95.h5
 WARNING: Negative value(s) found on probability table for nuclide Nb95 at 250K
 WARNING: Negative value(s) found on probability table for nuclide Nb95 at 294K
 WARNING: Negative value(s) found on probability table for nuclide Nb95 at 600K
 WARNING: Negative value(s) found on probability table for nuclide Nb95 at 900K
 WARNING: Negative value(s) found on probability table for nuclide Nb95 at 1200K
 Reading Mo92 from /home/diogo/openmc_data/endfb-vii.1-hdf5/neutron/Mo92.h5
 Reading Mo94 from /home/diogo/openmc_data/endfb-vii.1-hdf5/neutron/Mo94.h5
 Reading Mo95 from /home/diogo/openmc_data/endfb-vii.1-hdf5/neutron/Mo95.h5
 Reading Mo96 from /home/diogo/openmc_data/endfb-vii.1-hdf5/neutron/Mo96.h5
 Reading Mo97 from /home/diogo/openmc_data/endfb-vii.1-hdf5/neutron/Mo97.h5
 Reading Mo98 from /home/diogo/openmc_data/endfb-vii.1-hdf5/neutron/Mo98.h5
 Reading Mo99 from /home/diogo/openmc_data/endfb-vii.1-hdf5/neutron/Mo99.h5
 WARNING: Negative value(s) found on probability table for nuclide Mo99 at 250K
 WARNING: Negative value(s) found on probability table for nuclide Mo99 at 294K
 WARNING: Negative value(s) found on probability table for nuclide Mo99 at 600K
 WARNING: Negative value(s) found on probability table for nuclide Mo99 at 900K
 WARNING: Negative value(s) found on probability table for nuclide Mo99 at 1200K
 WARNING: Negative value(s) found on probability table for nuclide Mo99 at 2500K
 Reading Mo100 from /home/diogo/openmc_data/endfb-vii.1-hdf5/neutron/Mo100.h5
 Reading Tc99 from /home/diogo/openmc_data/endfb-vii.1-hdf5/neutron/Tc99.h5
 Reading Ru96 from /home/diogo/openmc_data/endfb-vii.1-hdf5/neutron/Ru96.h5
 Reading Ru98 from /home/diogo/openmc_data/endfb-vii.1-hdf5/neutron/Ru98.h5
 Reading Ru99 from /home/diogo/openmc_data/endfb-vii.1-hdf5/neutron/Ru99.h5
 Reading Ru100 from /home/diogo/openmc_data/endfb-vii.1-hdf5/neutron/Ru100.h5
 Reading Ru101 from /home/diogo/openmc_data/endfb-vii.1-hdf5/neutron/Ru101.h5
 Reading Ru102 from /home/diogo/openmc_data/endfb-vii.1-hdf5/neutron/Ru102.h5
 Reading Ru103 from /home/diogo/openmc_data/endfb-vii.1-hdf5/neutron/Ru103.h5
 Reading Ru104 from /home/diogo/openmc_data/endfb-vii.1-hdf5/neutron/Ru104.h5
 Reading Ru105 from /home/diogo/openmc_data/endfb-vii.1-hdf5/neutron/Ru105.h5
 Reading Ru106 from /home/diogo/openmc_data/endfb-vii.1-hdf5/neutron/Ru106.h5
 Reading Rh103 from /home/diogo/openmc_data/endfb-vii.1-hdf5/neutron/Rh103.h5
 Reading Rh105 from /home/diogo/openmc_data/endfb-vii.1-hdf5/neutron/Rh105.h5
 Reading Pd102 from /home/diogo/openmc_data/endfb-vii.1-hdf5/neutron/Pd102.h5
 Reading Pd104 from /home/diogo/openmc_data/endfb-vii.1-hdf5/neutron/Pd104.h5
 Reading Pd105 from /home/diogo/openmc_data/endfb-vii.1-hdf5/neutron/Pd105.h5
 Reading Pd106 from /home/diogo/openmc_data/endfb-vii.1-hdf5/neutron/Pd106.h5
 Reading Pd107 from /home/diogo/openmc_data/endfb-vii.1-hdf5/neutron/Pd107.h5
 Reading Pd108 from /home/diogo/openmc_data/endfb-vii.1-hdf5/neutron/Pd108.h5
 Reading Pd110 from /home/diogo/openmc_data/endfb-vii.1-hdf5/neutron/Pd110.h5
 Reading Ag110_m1 from
 /home/diogo/openmc_data/endfb-vii.1-hdf5/neutron/Ag110_m1.h5
 Reading Ag111 from /home/diogo/openmc_data/endfb-vii.1-hdf5/neutron/Ag111.h5
 Reading Cd115_m1 from
 /home/diogo/openmc_data/endfb-vii.1-hdf5/neutron/Cd115_m1.h5
 Reading Sn113 from /home/diogo/openmc_data/endfb-vii.1-hdf5/neutron/Sn113.h5
 Reading Sn123 from /home/diogo/openmc_data/endfb-vii.1-hdf5/neutron/Sn123.h5
 WARNING: Negative value(s) found on probability table for nuclide Sn123 at 250K
 WARNING: Negative value(s) found on probability table for nuclide Sn123 at 294K
 WARNING: Negative value(s) found on probability table for nuclide Sn123 at 600K
 WARNING: Negative value(s) found on probability table for nuclide Sn123 at 900K
 WARNING: Negative value(s) found on probability table for nuclide Sn123 at
          1200K
 WARNING: Negative value(s) found on probability table for nuclide Sn123 at
          2500K
 Reading Sn125 from /home/diogo/openmc_data/endfb-vii.1-hdf5/neutron/Sn125.h5
 Reading Sn126 from /home/diogo/openmc_data/endfb-vii.1-hdf5/neutron/Sn126.h5
 Reading Sb121 from /home/diogo/openmc_data/endfb-vii.1-hdf5/neutron/Sb121.h5
 Reading Sb123 from /home/diogo/openmc_data/endfb-vii.1-hdf5/neutron/Sb123.h5
 Reading Sb124 from /home/diogo/openmc_data/endfb-vii.1-hdf5/neutron/Sb124.h5
 Reading Sb125 from /home/diogo/openmc_data/endfb-vii.1-hdf5/neutron/Sb125.h5
 Reading Sb126 from /home/diogo/openmc_data/endfb-vii.1-hdf5/neutron/Sb126.h5
 Reading Te120 from /home/diogo/openmc_data/endfb-vii.1-hdf5/neutron/Te120.h5
 WARNING: Negative value(s) found on probability table for nuclide Te120 at 600K
 WARNING: Negative value(s) found on probability table for nuclide Te120 at 900K
 WARNING: Negative value(s) found on probability table for nuclide Te120 at
          1200K
 WARNING: Negative value(s) found on probability table for nuclide Te120 at
          2500K
 Reading Te122 from /home/diogo/openmc_data/endfb-vii.1-hdf5/neutron/Te122.h5
 Reading Te123 from /home/diogo/openmc_data/endfb-vii.1-hdf5/neutron/Te123.h5
 Reading Te124 from /home/diogo/openmc_data/endfb-vii.1-hdf5/neutron/Te124.h5
 Reading Te125 from /home/diogo/openmc_data/endfb-vii.1-hdf5/neutron/Te125.h5
 Reading Te126 from /home/diogo/openmc_data/endfb-vii.1-hdf5/neutron/Te126.h5
 Reading Te127_m1 from
 /home/diogo/openmc_data/endfb-vii.1-hdf5/neutron/Te127_m1.h5
 Reading Te128 from /home/diogo/openmc_data/endfb-vii.1-hdf5/neutron/Te128.h5
 Reading Te129_m1 from
 /home/diogo/openmc_data/endfb-vii.1-hdf5/neutron/Te129_m1.h5
 Reading Te130 from /home/diogo/openmc_data/endfb-vii.1-hdf5/neutron/Te130.h5
 Reading Te132 from /home/diogo/openmc_data/endfb-vii.1-hdf5/neutron/Te132.h5
 Reading I127 from /home/diogo/openmc_data/endfb-vii.1-hdf5/neutron/I127.h5
 Reading I129 from /home/diogo/openmc_data/endfb-vii.1-hdf5/neutron/I129.h5
 Reading I130 from /home/diogo/openmc_data/endfb-vii.1-hdf5/neutron/I130.h5
 Reading I131 from /home/diogo/openmc_data/endfb-vii.1-hdf5/neutron/I131.h5
 WARNING: Negative value(s) found on probability table for nuclide I131 at 250K
 WARNING: Negative value(s) found on probability table for nuclide I131 at 294K
 WARNING: Negative value(s) found on probability table for nuclide I131 at 600K
 WARNING: Negative value(s) found on probability table for nuclide I131 at 900K
 WARNING: Negative value(s) found on probability table for nuclide I131 at 1200K
 WARNING: Negative value(s) found on probability table for nuclide I131 at 2500K
 Reading I135 from /home/diogo/openmc_data/endfb-vii.1-hdf5/neutron/I135.h5
 Reading Xe123 from /home/diogo/openmc_data/endfb-vii.1-hdf5/neutron/Xe123.h5
 Reading Xe124 from /home/diogo/openmc_data/endfb-vii.1-hdf5/neutron/Xe124.h5
 Reading Xe126 from /home/diogo/openmc_data/endfb-vii.1-hdf5/neutron/Xe126.h5
 Reading Xe128 from /home/diogo/openmc_data/endfb-vii.1-hdf5/neutron/Xe128.h5
 Reading Xe129 from /home/diogo/openmc_data/endfb-vii.1-hdf5/neutron/Xe129.h5
 Reading Xe130 from /home/diogo/openmc_data/endfb-vii.1-hdf5/neutron/Xe130.h5
 Reading Xe131 from /home/diogo/openmc_data/endfb-vii.1-hdf5/neutron/Xe131.h5
 Reading Xe132 from /home/diogo/openmc_data/endfb-vii.1-hdf5/neutron/Xe132.h5
 Reading Xe133 from /home/diogo/openmc_data/endfb-vii.1-hdf5/neutron/Xe133.h5
 WARNING: Negative value(s) found on probability table for nuclide Xe133 at
          2500K
 Reading Xe134 from /home/diogo/openmc_data/endfb-vii.1-hdf5/neutron/Xe134.h5
 Reading Xe135 from /home/diogo/openmc_data/endfb-vii.1-hdf5/neutron/Xe135.h5
 Reading Xe136 from /home/diogo/openmc_data/endfb-vii.1-hdf5/neutron/Xe136.h5
 Reading Cs133 from /home/diogo/openmc_data/endfb-vii.1-hdf5/neutron/Cs133.h5
 Reading Cs134 from /home/diogo/openmc_data/endfb-vii.1-hdf5/neutron/Cs134.h5
 Reading Cs135 from /home/diogo/openmc_data/endfb-vii.1-hdf5/neutron/Cs135.h5
 Reading Cs136 from /home/diogo/openmc_data/endfb-vii.1-hdf5/neutron/Cs136.h5
 WARNING: Negative value(s) found on probability table for nuclide Cs136 at 250K
 WARNING: Negative value(s) found on probability table for nuclide Cs136 at 294K
 WARNING: Negative value(s) found on probability table for nuclide Cs136 at 600K
 WARNING: Negative value(s) found on probability table for nuclide Cs136 at 900K
 WARNING: Negative value(s) found on probability table for nuclide Cs136 at
          1200K
 WARNING: Negative value(s) found on probability table for nuclide Cs136 at
          2500K
 Reading Cs137 from /home/diogo/openmc_data/endfb-vii.1-hdf5/neutron/Cs137.h5
 Reading Ba130 from /home/diogo/openmc_data/endfb-vii.1-hdf5/neutron/Ba130.h5
 Reading Ba132 from /home/diogo/openmc_data/endfb-vii.1-hdf5/neutron/Ba132.h5
 Reading Ba133 from /home/diogo/openmc_data/endfb-vii.1-hdf5/neutron/Ba133.h5
 Reading Ba134 from /home/diogo/openmc_data/endfb-vii.1-hdf5/neutron/Ba134.h5
 Reading Ba135 from /home/diogo/openmc_data/endfb-vii.1-hdf5/neutron/Ba135.h5
 Reading Ba136 from /home/diogo/openmc_data/endfb-vii.1-hdf5/neutron/Ba136.h5
 Reading Ba137 from /home/diogo/openmc_data/endfb-vii.1-hdf5/neutron/Ba137.h5
 Reading Ba138 from /home/diogo/openmc_data/endfb-vii.1-hdf5/neutron/Ba138.h5
 Reading Ba140 from /home/diogo/openmc_data/endfb-vii.1-hdf5/neutron/Ba140.h5
 Reading La138 from /home/diogo/openmc_data/endfb-vii.1-hdf5/neutron/La138.h5
 Reading La139 from /home/diogo/openmc_data/endfb-vii.1-hdf5/neutron/La139.h5
 Reading La140 from /home/diogo/openmc_data/endfb-vii.1-hdf5/neutron/La140.h5
 Reading Ce136 from /home/diogo/openmc_data/endfb-vii.1-hdf5/neutron/Ce136.h5
 Reading Ce138 from /home/diogo/openmc_data/endfb-vii.1-hdf5/neutron/Ce138.h5
 Reading Ce139 from /home/diogo/openmc_data/endfb-vii.1-hdf5/neutron/Ce139.h5
 Reading Ce140 from /home/diogo/openmc_data/endfb-vii.1-hdf5/neutron/Ce140.h5
 Reading Ce141 from /home/diogo/openmc_data/endfb-vii.1-hdf5/neutron/Ce141.h5
 Reading Ce142 from /home/diogo/openmc_data/endfb-vii.1-hdf5/neutron/Ce142.h5
 Reading Ce143 from /home/diogo/openmc_data/endfb-vii.1-hdf5/neutron/Ce143.h5
 Reading Ce144 from /home/diogo/openmc_data/endfb-vii.1-hdf5/neutron/Ce144.h5
 Reading Pr141 from /home/diogo/openmc_data/endfb-vii.1-hdf5/neutron/Pr141.h5
 Reading Pr142 from /home/diogo/openmc_data/endfb-vii.1-hdf5/neutron/Pr142.h5
 Reading Pr143 from /home/diogo/openmc_data/endfb-vii.1-hdf5/neutron/Pr143.h5
 Reading Nd142 from /home/diogo/openmc_data/endfb-vii.1-hdf5/neutron/Nd142.h5
 Reading Nd143 from /home/diogo/openmc_data/endfb-vii.1-hdf5/neutron/Nd143.h5
 Reading Nd144 from /home/diogo/openmc_data/endfb-vii.1-hdf5/neutron/Nd144.h5
 Reading Nd145 from /home/diogo/openmc_data/endfb-vii.1-hdf5/neutron/Nd145.h5
 Reading Nd146 from /home/diogo/openmc_data/endfb-vii.1-hdf5/neutron/Nd146.h5
 Reading Nd147 from /home/diogo/openmc_data/endfb-vii.1-hdf5/neutron/Nd147.h5
 Reading Nd148 from /home/diogo/openmc_data/endfb-vii.1-hdf5/neutron/Nd148.h5
 Reading Nd150 from /home/diogo/openmc_data/endfb-vii.1-hdf5/neutron/Nd150.h5
 Reading Pm147 from /home/diogo/openmc_data/endfb-vii.1-hdf5/neutron/Pm147.h5
 Reading Pm148 from /home/diogo/openmc_data/endfb-vii.1-hdf5/neutron/Pm148.h5
 Reading Pm148_m1 from
 /home/diogo/openmc_data/endfb-vii.1-hdf5/neutron/Pm148_m1.h5
 Reading Pm149 from /home/diogo/openmc_data/endfb-vii.1-hdf5/neutron/Pm149.h5
 Reading Pm151 from /home/diogo/openmc_data/endfb-vii.1-hdf5/neutron/Pm151.h5
 Reading Sm144 from /home/diogo/openmc_data/endfb-vii.1-hdf5/neutron/Sm144.h5
 Reading Sm147 from /home/diogo/openmc_data/endfb-vii.1-hdf5/neutron/Sm147.h5
 Reading Sm148 from /home/diogo/openmc_data/endfb-vii.1-hdf5/neutron/Sm148.h5
 Reading Sm149 from /home/diogo/openmc_data/endfb-vii.1-hdf5/neutron/Sm149.h5
 Reading Sm150 from /home/diogo/openmc_data/endfb-vii.1-hdf5/neutron/Sm150.h5
 Reading Sm151 from /home/diogo/openmc_data/endfb-vii.1-hdf5/neutron/Sm151.h5
 Reading Sm152 from /home/diogo/openmc_data/endfb-vii.1-hdf5/neutron/Sm152.h5
 Reading Sm153 from /home/diogo/openmc_data/endfb-vii.1-hdf5/neutron/Sm153.h5
 Reading Sm154 from /home/diogo/openmc_data/endfb-vii.1-hdf5/neutron/Sm154.h5
 Reading Eu151 from /home/diogo/openmc_data/endfb-vii.1-hdf5/neutron/Eu151.h5
 Reading Eu152 from /home/diogo/openmc_data/endfb-vii.1-hdf5/neutron/Eu152.h5
 Reading Eu153 from /home/diogo/openmc_data/endfb-vii.1-hdf5/neutron/Eu153.h5
 Reading Eu154 from /home/diogo/openmc_data/endfb-vii.1-hdf5/neutron/Eu154.h5
 Reading Eu155 from /home/diogo/openmc_data/endfb-vii.1-hdf5/neutron/Eu155.h5
 Reading Eu156 from /home/diogo/openmc_data/endfb-vii.1-hdf5/neutron/Eu156.h5
 WARNING: Negative value(s) found on probability table for nuclide Eu156 at 250K
 WARNING: Negative value(s) found on probability table for nuclide Eu156 at 294K
 WARNING: Negative value(s) found on probability table for nuclide Eu156 at 600K
 WARNING: Negative value(s) found on probability table for nuclide Eu156 at 900K
 WARNING: Negative value(s) found on probability table for nuclide Eu156 at
          1200K
 WARNING: Negative value(s) found on probability table for nuclide Eu156 at
          2500K
 Reading Eu157 from /home/diogo/openmc_data/endfb-vii.1-hdf5/neutron/Eu157.h5
 Reading Gd153 from /home/diogo/openmc_data/endfb-vii.1-hdf5/neutron/Gd153.h5
 Reading Tb159 from /home/diogo/openmc_data/endfb-vii.1-hdf5/neutron/Tb159.h5
 Reading Tb160 from /home/diogo/openmc_data/endfb-vii.1-hdf5/neutron/Tb160.h5
 Reading Dy156 from /home/diogo/openmc_data/endfb-vii.1-hdf5/neutron/Dy156.h5
 Reading Dy158 from /home/diogo/openmc_data/endfb-vii.1-hdf5/neutron/Dy158.h5
 Reading Dy160 from /home/diogo/openmc_data/endfb-vii.1-hdf5/neutron/Dy160.h5
 Reading Dy161 from /home/diogo/openmc_data/endfb-vii.1-hdf5/neutron/Dy161.h5
 Reading Dy162 from /home/diogo/openmc_data/endfb-vii.1-hdf5/neutron/Dy162.h5
 Reading Dy163 from /home/diogo/openmc_data/endfb-vii.1-hdf5/neutron/Dy163.h5
 Reading Dy164 from /home/diogo/openmc_data/endfb-vii.1-hdf5/neutron/Dy164.h5
 Reading Ho165 from /home/diogo/openmc_data/endfb-vii.1-hdf5/neutron/Ho165.h5
 Reading Ho166_m1 from
 /home/diogo/openmc_data/endfb-vii.1-hdf5/neutron/Ho166_m1.h5
 Reading Er162 from /home/diogo/openmc_data/endfb-vii.1-hdf5/neutron/Er162.h5
 Reading Er164 from /home/diogo/openmc_data/endfb-vii.1-hdf5/neutron/Er164.h5
 Reading Er166 from /home/diogo/openmc_data/endfb-vii.1-hdf5/neutron/Er166.h5
 Reading Er167 from /home/diogo/openmc_data/endfb-vii.1-hdf5/neutron/Er167.h5
 Reading Er168 from /home/diogo/openmc_data/endfb-vii.1-hdf5/neutron/Er168.h5
 Reading Er170 from /home/diogo/openmc_data/endfb-vii.1-hdf5/neutron/Er170.h5
 Reading Tm168 from /home/diogo/openmc_data/endfb-vii.1-hdf5/neutron/Tm168.h5
 Reading Tm169 from /home/diogo/openmc_data/endfb-vii.1-hdf5/neutron/Tm169.h5
 Reading Tm170 from /home/diogo/openmc_data/endfb-vii.1-hdf5/neutron/Tm170.h5
 Reading Lu175 from /home/diogo/openmc_data/endfb-vii.1-hdf5/neutron/Lu175.h5
 Reading Lu176 from /home/diogo/openmc_data/endfb-vii.1-hdf5/neutron/Lu176.h5
 Reading Hf174 from /home/diogo/openmc_data/endfb-vii.1-hdf5/neutron/Hf174.h5
 Reading Hf176 from /home/diogo/openmc_data/endfb-vii.1-hdf5/neutron/Hf176.h5
 Reading Hf177 from /home/diogo/openmc_data/endfb-vii.1-hdf5/neutron/Hf177.h5
 Reading Hf178 from /home/diogo/openmc_data/endfb-vii.1-hdf5/neutron/Hf178.h5
 Reading Hf179 from /home/diogo/openmc_data/endfb-vii.1-hdf5/neutron/Hf179.h5
 Reading Hf180 from /home/diogo/openmc_data/endfb-vii.1-hdf5/neutron/Hf180.h5
 Reading Ta180 from /home/diogo/openmc_data/endfb-vii.1-hdf5/neutron/Ta180.h5
 Reading Ta181 from /home/diogo/openmc_data/endfb-vii.1-hdf5/neutron/Ta181.h5
 Reading Ta182 from /home/diogo/openmc_data/endfb-vii.1-hdf5/neutron/Ta182.h5
 Reading W180 from /home/diogo/openmc_data/endfb-vii.1-hdf5/neutron/W180.h5
 Reading W182 from /home/diogo/openmc_data/endfb-vii.1-hdf5/neutron/W182.h5
 Reading W183 from /home/diogo/openmc_data/endfb-vii.1-hdf5/neutron/W183.h5
 Reading W184 from /home/diogo/openmc_data/endfb-vii.1-hdf5/neutron/W184.h5
 Reading W186 from /home/diogo/openmc_data/endfb-vii.1-hdf5/neutron/W186.h5
 Reading Re185 from /home/diogo/openmc_data/endfb-vii.1-hdf5/neutron/Re185.h5
 Reading Re187 from /home/diogo/openmc_data/endfb-vii.1-hdf5/neutron/Re187.h5
 Reading Ir191 from /home/diogo/openmc_data/endfb-vii.1-hdf5/neutron/Ir191.h5
 Reading Ir193 from /home/diogo/openmc_data/endfb-vii.1-hdf5/neutron/Ir193.h5
 Reading Au197 from /home/diogo/openmc_data/endfb-vii.1-hdf5/neutron/Au197.h5
 Reading Hg196 from /home/diogo/openmc_data/endfb-vii.1-hdf5/neutron/Hg196.h5
 Reading Hg198 from /home/diogo/openmc_data/endfb-vii.1-hdf5/neutron/Hg198.h5
 Reading Hg199 from /home/diogo/openmc_data/endfb-vii.1-hdf5/neutron/Hg199.h5
 Reading Hg200 from /home/diogo/openmc_data/endfb-vii.1-hdf5/neutron/Hg200.h5
 Reading Hg201 from /home/diogo/openmc_data/endfb-vii.1-hdf5/neutron/Hg201.h5
 Reading Hg202 from /home/diogo/openmc_data/endfb-vii.1-hdf5/neutron/Hg202.h5
 Reading Hg204 from /home/diogo/openmc_data/endfb-vii.1-hdf5/neutron/Hg204.h5
 Reading Tl203 from /home/diogo/openmc_data/endfb-vii.1-hdf5/neutron/Tl203.h5
 Reading Tl205 from /home/diogo/openmc_data/endfb-vii.1-hdf5/neutron/Tl205.h5
 Reading Pb204 from /home/diogo/openmc_data/endfb-vii.1-hdf5/neutron/Pb204.h5
 Reading Pb206 from /home/diogo/openmc_data/endfb-vii.1-hdf5/neutron/Pb206.h5
 Reading Pb207 from /home/diogo/openmc_data/endfb-vii.1-hdf5/neutron/Pb207.h5
 Reading Pb208 from /home/diogo/openmc_data/endfb-vii.1-hdf5/neutron/Pb208.h5
 Reading Bi209 from /home/diogo/openmc_data/endfb-vii.1-hdf5/neutron/Bi209.h5
 Reading Ra223 from /home/diogo/openmc_data/endfb-vii.1-hdf5/neutron/Ra223.h5
 Reading Ra224 from /home/diogo/openmc_data/endfb-vii.1-hdf5/neutron/Ra224.h5
 Reading Ra225 from /home/diogo/openmc_data/endfb-vii.1-hdf5/neutron/Ra225.h5
 Reading Ra226 from /home/diogo/openmc_data/endfb-vii.1-hdf5/neutron/Ra226.h5
 Reading Ac225 from /home/diogo/openmc_data/endfb-vii.1-hdf5/neutron/Ac225.h5
 Reading Ac226 from /home/diogo/openmc_data/endfb-vii.1-hdf5/neutron/Ac226.h5
 Reading Ac227 from /home/diogo/openmc_data/endfb-vii.1-hdf5/neutron/Ac227.h5
 Reading Th227 from /home/diogo/openmc_data/endfb-vii.1-hdf5/neutron/Th227.h5
 Reading Th228 from /home/diogo/openmc_data/endfb-vii.1-hdf5/neutron/Th228.h5
 Reading Th229 from /home/diogo/openmc_data/endfb-vii.1-hdf5/neutron/Th229.h5
 Reading Th230 from /home/diogo/openmc_data/endfb-vii.1-hdf5/neutron/Th230.h5
 Reading Th231 from /home/diogo/openmc_data/endfb-vii.1-hdf5/neutron/Th231.h5
 Reading Th232 from /home/diogo/openmc_data/endfb-vii.1-hdf5/neutron/Th232.h5
 Reading Th233 from /home/diogo/openmc_data/endfb-vii.1-hdf5/neutron/Th233.h5
 Reading Th234 from /home/diogo/openmc_data/endfb-vii.1-hdf5/neutron/Th234.h5
 Reading Pa229 from /home/diogo/openmc_data/endfb-vii.1-hdf5/neutron/Pa229.h5
 Reading Pa230 from /home/diogo/openmc_data/endfb-vii.1-hdf5/neutron/Pa230.h5
 Reading Pa231 from /home/diogo/openmc_data/endfb-vii.1-hdf5/neutron/Pa231.h5
 Reading Pa232 from /home/diogo/openmc_data/endfb-vii.1-hdf5/neutron/Pa232.h5
 Reading Pa233 from /home/diogo/openmc_data/endfb-vii.1-hdf5/neutron/Pa233.h5
 Reading U230 from /home/diogo/openmc_data/endfb-vii.1-hdf5/neutron/U230.h5
 Reading U231 from /home/diogo/openmc_data/endfb-vii.1-hdf5/neutron/U231.h5
 Reading U232 from /home/diogo/openmc_data/endfb-vii.1-hdf5/neutron/U232.h5
 Reading U233 from /home/diogo/openmc_data/endfb-vii.1-hdf5/neutron/U233.h5
 Reading U236 from /home/diogo/openmc_data/endfb-vii.1-hdf5/neutron/U236.h5
 Reading U237 from /home/diogo/openmc_data/endfb-vii.1-hdf5/neutron/U237.h5
 Reading U239 from /home/diogo/openmc_data/endfb-vii.1-hdf5/neutron/U239.h5
 Reading U240 from /home/diogo/openmc_data/endfb-vii.1-hdf5/neutron/U240.h5
 Reading U241 from /home/diogo/openmc_data/endfb-vii.1-hdf5/neutron/U241.h5
 Reading Np234 from /home/diogo/openmc_data/endfb-vii.1-hdf5/neutron/Np234.h5
 Reading Np235 from /home/diogo/openmc_data/endfb-vii.1-hdf5/neutron/Np235.h5
 Reading Np236 from /home/diogo/openmc_data/endfb-vii.1-hdf5/neutron/Np236.h5
 Reading Np237 from /home/diogo/openmc_data/endfb-vii.1-hdf5/neutron/Np237.h5
 Reading Np238 from /home/diogo/openmc_data/endfb-vii.1-hdf5/neutron/Np238.h5
 Reading Np239 from /home/diogo/openmc_data/endfb-vii.1-hdf5/neutron/Np239.h5
 Reading Pu236 from /home/diogo/openmc_data/endfb-vii.1-hdf5/neutron/Pu236.h5
 Reading Pu237 from /home/diogo/openmc_data/endfb-vii.1-hdf5/neutron/Pu237.h5
 Reading Pu238 from /home/diogo/openmc_data/endfb-vii.1-hdf5/neutron/Pu238.h5
 Reading Pu239 from /home/diogo/openmc_data/endfb-vii.1-hdf5/neutron/Pu239.h5
 Reading Pu240 from /home/diogo/openmc_data/endfb-vii.1-hdf5/neutron/Pu240.h5
 Reading Pu241 from /home/diogo/openmc_data/endfb-vii.1-hdf5/neutron/Pu241.h5
 Reading Pu242 from /home/diogo/openmc_data/endfb-vii.1-hdf5/neutron/Pu242.h5
 Reading Pu243 from /home/diogo/openmc_data/endfb-vii.1-hdf5/neutron/Pu243.h5
 Reading Pu244 from /home/diogo/openmc_data/endfb-vii.1-hdf5/neutron/Pu244.h5
 Reading Pu246 from /home/diogo/openmc_data/endfb-vii.1-hdf5/neutron/Pu246.h5
 Reading Am240 from /home/diogo/openmc_data/endfb-vii.1-hdf5/neutron/Am240.h5
 Reading Am241 from /home/diogo/openmc_data/endfb-vii.1-hdf5/neutron/Am241.h5
 Reading Am242 from /home/diogo/openmc_data/endfb-vii.1-hdf5/neutron/Am242.h5
 Reading Am242_m1 from
 /home/diogo/openmc_data/endfb-vii.1-hdf5/neutron/Am242_m1.h5
 Reading Am243 from /home/diogo/openmc_data/endfb-vii.1-hdf5/neutron/Am243.h5
 Reading Am244 from /home/diogo/openmc_data/endfb-vii.1-hdf5/neutron/Am244.h5
 Reading Am244_m1 from
 /home/diogo/openmc_data/endfb-vii.1-hdf5/neutron/Am244_m1.h5
 Reading Cm240 from /home/diogo/openmc_data/endfb-vii.1-hdf5/neutron/Cm240.h5
 Reading Cm241 from /home/diogo/openmc_data/endfb-vii.1-hdf5/neutron/Cm241.h5
 Reading Cm242 from /home/diogo/openmc_data/endfb-vii.1-hdf5/neutron/Cm242.h5
 Reading Cm243 from /home/diogo/openmc_data/endfb-vii.1-hdf5/neutron/Cm243.h5
 Reading Cm244 from /home/diogo/openmc_data/endfb-vii.1-hdf5/neutron/Cm244.h5
 Reading Cm245 from /home/diogo/openmc_data/endfb-vii.1-hdf5/neutron/Cm245.h5
 Reading Cm246 from /home/diogo/openmc_data/endfb-vii.1-hdf5/neutron/Cm246.h5
 Reading Cm247 from /home/diogo/openmc_data/endfb-vii.1-hdf5/neutron/Cm247.h5
 Reading Cm248 from /home/diogo/openmc_data/endfb-vii.1-hdf5/neutron/Cm248.h5
 Reading Cm249 from /home/diogo/openmc_data/endfb-vii.1-hdf5/neutron/Cm249.h5
 Reading Cm250 from /home/diogo/openmc_data/endfb-vii.1-hdf5/neutron/Cm250.h5
 Reading Bk245 from /home/diogo/openmc_data/endfb-vii.1-hdf5/neutron/Bk245.h5
 Reading Bk246 from /home/diogo/openmc_data/endfb-vii.1-hdf5/neutron/Bk246.h5
 Reading Bk247 from /home/diogo/openmc_data/endfb-vii.1-hdf5/neutron/Bk247.h5
 Reading Bk248 from /home/diogo/openmc_data/endfb-vii.1-hdf5/neutron/Bk248.h5
 Reading Bk249 from /home/diogo/openmc_data/endfb-vii.1-hdf5/neutron/Bk249.h5
 Reading Bk250 from /home/diogo/openmc_data/endfb-vii.1-hdf5/neutron/Bk250.h5
 Reading Cf246 from /home/diogo/openmc_data/endfb-vii.1-hdf5/neutron/Cf246.h5
 Reading Cf248 from /home/diogo/openmc_data/endfb-vii.1-hdf5/neutron/Cf248.h5
 Reading Cf249 from /home/diogo/openmc_data/endfb-vii.1-hdf5/neutron/Cf249.h5
 Reading Cf250 from /home/diogo/openmc_data/endfb-vii.1-hdf5/neutron/Cf250.h5
 WARNING: Negative value(s) found on probability table for nuclide Cf250 at 250K
 WARNING: Negative value(s) found on probability table for nuclide Cf250 at 294K
 WARNING: Negative value(s) found on probability table for nuclide Cf250 at 900K
 WARNING: Negative value(s) found on probability table for nuclide Cf250 at
          1200K
 Reading Cf251 from /home/diogo/openmc_data/endfb-vii.1-hdf5/neutron/Cf251.h5
 Reading Cf252 from /home/diogo/openmc_data/endfb-vii.1-hdf5/neutron/Cf252.h5
 Reading Cf253 from /home/diogo/openmc_data/endfb-vii.1-hdf5/neutron/Cf253.h5
 Reading Cf254 from /home/diogo/openmc_data/endfb-vii.1-hdf5/neutron/Cf254.h5
 Reading Es251 from /home/diogo/openmc_data/endfb-vii.1-hdf5/neutron/Es251.h5
 Reading Es252 from /home/diogo/openmc_data/endfb-vii.1-hdf5/neutron/Es252.h5
 Reading Es253 from /home/diogo/openmc_data/endfb-vii.1-hdf5/neutron/Es253.h5
 Reading Es254 from /home/diogo/openmc_data/endfb-vii.1-hdf5/neutron/Es254.h5
 Reading Es254_m1 from
 /home/diogo/openmc_data/endfb-vii.1-hdf5/neutron/Es254_m1.h5
 Reading Es255 from /home/diogo/openmc_data/endfb-vii.1-hdf5/neutron/Es255.h5
 Reading Fm255 from /home/diogo/openmc_data/endfb-vii.1-hdf5/neutron/Fm255.h5
 Maximum neutron transport energy: 20000000 eV for H1
 Initializing source particles...

 ====================>     K EIGENVALUE SIMULATION     <====================

  Bat./Gen.      k       Entropy         Average k 
  =========   ========   ========   ====================
        1/1    0.94068    5.56986
        2/1    0.96137    5.52111
        3/1    0.97193    5.49243
        4/1    0.97233    5.48363
        5/1    1.01951    5.48075
        6/1    0.99764    5.47820
        7/1    0.98232    5.47636
        8/1    1.00453    5.47922
        9/1    0.97907    5.45169
       10/1    0.99032    5.45099
       11/1    1.00526    5.47142
       12/1    1.01062    5.45826
       13/1    1.01727    5.45995
       14/1    0.99182    5.46415
       15/1    0.98690    5.45790
       16/1    1.00088    5.45467
       17/1    0.99114    5.44614
       18/1    1.00316    5.44603
       19/1    1.02982    5.44608
       20/1    1.01918    5.44110
       21/1    1.01238    5.44198
       22/1    1.01628    5.43268
       23/1    0.99065    5.43764
       24/1    1.01486    5.44929
       25/1    0.99565    5.43769
       26/1    1.00349    5.44399
       27/1    1.00510    5.46270
       28/1    1.01473    5.45329
       29/1    0.98916    5.47635
       30/1    0.97003    5.49213
       31/1    1.01497    5.46303
       32/1    0.99805    5.46741
       33/1    0.99348    5.45283
       34/1    1.00962    5.46936
       35/1    1.00598    5.47431
       36/1    1.01960    5.46673
       37/1    1.01192    5.47213
       38/1    0.98998    5.46651
       39/1    1.00561    5.45720
       40/1    1.00575    5.45784
       41/1    0.99907    5.45926
       42/1    0.99578    5.44733
       43/1    1.01351    5.46501
       44/1    0.98071    5.46779
       45/1    0.98904    5.46515
       46/1    1.01066    5.44658
       47/1    1.00682    5.46305
       48/1    1.01618    5.43312
       49/1    1.00792    5.43341
       50/1    0.99631    5.45172
       51/1    0.99862    5.44798
       52/1    1.00800    5.44580    1.00331 +/- 0.00469
       53/1    1.01732    5.46126    1.00798 +/- 0.00540
       54/1    1.00968    5.45822    1.00840 +/- 0.00384
       55/1    0.98800    5.46654    1.00432 +/- 0.00505
       56/1    1.01127    5.46581    1.00548 +/- 0.00428
       57/1    1.00901    5.46229    1.00598 +/- 0.00365
       58/1    1.01506    5.45165    1.00712 +/- 0.00336
       59/1    1.00803    5.43787    1.00722 +/- 0.00297
       60/1    1.01289    5.44032    1.00779 +/- 0.00271
       61/1    0.99932    5.46163    1.00702 +/- 0.00257
       62/1    1.01313    5.45210    1.00753 +/- 0.00240
       63/1    1.01507    5.44079    1.00811 +/- 0.00229
       64/1    1.01587    5.44813    1.00866 +/- 0.00219
       65/1    1.02354    5.46459    1.00965 +/- 0.00227
       66/1    1.01868    5.47228    1.01022 +/- 0.00219
       67/1    1.03014    5.46671    1.01139 +/- 0.00237
       68/1    1.00893    5.46772    1.01125 +/- 0.00224
       69/1    1.02149    5.47232    1.01179 +/- 0.00218
       70/1    0.99264    5.47256    1.01083 +/- 0.00228
       71/1    1.02713    5.44849    1.01161 +/- 0.00231
       72/1    0.99011    5.46145    1.01063 +/- 0.00241
       73/1    0.98019    5.44496    1.00931 +/- 0.00265
       74/1    0.99098    5.46656    1.00855 +/- 0.00265
       75/1    1.02039    5.46436    1.00902 +/- 0.00259
       76/1    0.99223    5.46896    1.00837 +/- 0.00257
       77/1    0.97983    5.47432    1.00732 +/- 0.00269
       78/1    0.99403    5.46196    1.00684 +/- 0.00263
       79/1    1.02634    5.46497    1.00751 +/- 0.00263
       80/1    0.97101    5.46793    1.00630 +/- 0.00282
       81/1    1.00709    5.46533    1.00632 +/- 0.00272
       82/1    1.01223    5.45853    1.00651 +/- 0.00264
       83/1    0.98534    5.46970    1.00587 +/- 0.00264
       84/1    0.99957    5.45462    1.00568 +/- 0.00257
       85/1    0.97911    5.44951    1.00492 +/- 0.00261
       86/1    0.99348    5.45763    1.00460 +/- 0.00255
       87/1    1.00102    5.46637    1.00451 +/- 0.00249
       88/1    1.01125    5.44791    1.00469 +/- 0.00243
       89/1    0.99785    5.45450    1.00451 +/- 0.00237
       90/1    1.00557    5.46448    1.00454 +/- 0.00231
       91/1    1.01241    5.45860    1.00473 +/- 0.00226
       92/1    0.99096    5.46585    1.00440 +/- 0.00223
       93/1    1.02927    5.46233    1.00498 +/- 0.00225
       94/1    0.99932    5.46054    1.00485 +/- 0.00221
       95/1    0.99048    5.45559    1.00453 +/- 0.00218
       96/1    1.01195    5.44840    1.00469 +/- 0.00214
       97/1    1.01433    5.44523    1.00490 +/- 0.00210
       98/1    1.02998    5.45509    1.00542 +/- 0.00212
       99/1    1.00040    5.44351    1.00532 +/- 0.00208
      100/1    1.01495    5.44817    1.00551 +/- 0.00205
 Creating state point statepoint.100.h5...

 =======================>     TIMING STATISTICS     <=======================

 Total time for initialization     = 5.1052e+01 seconds
   Reading cross sections          = 7.5623e+00 seconds
 Total time in simulation          = 7.8396e+01 seconds
   Time in transport only          = 7.7970e+01 seconds
   Time in inactive batches        = 4.4702e+00 seconds
   Time in active batches          = 7.3926e+01 seconds
   Time synchronizing fission bank = 8.7156e-02 seconds
     Sampling source sites         = 7.4204e-02 seconds
     SEND/RECV source sites        = 1.2490e-02 seconds
   Time accumulating tallies       = 2.2988e-01 seconds
   Time writing statepoints        = 1.1121e-02 seconds
 Total time for finalization       = 1.0481e-02 seconds
 Total time elapsed                = 1.2992e+02 seconds
 Calculation Rate (inactive)       = 111853 particles/second
 Calculation Rate (active)         = 6763.56 particles/second

 ============================>     RESULTS     <============================

 k-effective (Collision)     = 1.00444 +/- 0.00200
 k-effective (Track-length)  = 1.00551 +/- 0.00205
 k-effective (Absorption)    = 1.00475 +/- 0.00169
 Combined k-effective        = 1.00509 +/- 0.00151
 Leakage Fraction            = 0.00705 +/- 0.00012

 Creating state point openmc_simulation_n0.h5...
[openmc.deplete] t=4327203.051553669 s, dt=8654406.103107339 s, source=47639915.83850316
 Maximum neutron transport energy: 20000000 eV for H1
 Initializing source particles...

 ====================>     K EIGENVALUE SIMULATION     <====================

  Bat./Gen.      k       Entropy         Average k 
  =========   ========   ========   ====================
        1/1    0.91879    5.55240
        2/1    0.94450    5.52935
        3/1    0.93957    5.48792
        4/1    0.97124    5.48185
        5/1    0.95394    5.48748
        6/1    0.95844    5.48622
        7/1    0.96851    5.47905
        8/1    0.97497    5.45936
        9/1    0.99072    5.44446
       10/1    0.97193    5.44952
       11/1    0.95999    5.44040
       12/1    1.01569    5.44626
       13/1    0.97816    5.46399
       14/1    0.96419    5.44879
       15/1    0.99087    5.45368
       16/1    0.97395    5.43799
       17/1    0.97270    5.45897
       18/1    0.97463    5.44871
       19/1    0.96912    5.43821
       20/1    0.97691    5.43821
       21/1    0.97870    5.44517
       22/1    0.99746    5.43785
       23/1    0.98532    5.44468
       24/1    0.98966    5.46392
       25/1    0.97800    5.46784
       26/1    0.99538    5.46440
       27/1    0.99036    5.46928
       28/1    0.98816    5.45433
       29/1    0.98906    5.46188
       30/1    0.97160    5.45913
       31/1    0.99007    5.45879
       32/1    1.00985    5.45366
       33/1    0.96014    5.42631
       34/1    1.00523    5.44884
       35/1    1.01121    5.45466
       36/1    1.00491    5.45284
       37/1    0.98097    5.42776
       38/1    0.99786    5.45583
       39/1    0.97235    5.45918
       40/1    0.97845    5.42080
       41/1    0.98453    5.43918
       42/1    0.96431    5.45147
       43/1    0.98076    5.45546
       44/1    0.97779    5.45977
       45/1    0.98002    5.45790
       46/1    0.99165    5.45909
       47/1    0.99431    5.45167
       48/1    0.96631    5.45026
       49/1    1.01041    5.46023
       50/1    1.00641    5.46633
       51/1    0.97395    5.44911
       52/1    0.98591    5.44584    0.97993 +/- 0.00598
       53/1    0.98577    5.43488    0.98188 +/- 0.00396
       54/1    0.99120    5.44117    0.98421 +/- 0.00365
       55/1    0.97155    5.44336    0.98168 +/- 0.00379
       56/1    1.00219    5.45729    0.98510 +/- 0.00461
       57/1    0.99369    5.45616    0.98633 +/- 0.00409
       58/1    0.97270    5.45603    0.98462 +/- 0.00393
       59/1    0.96667    5.44794    0.98263 +/- 0.00400
       60/1    0.97327    5.45446    0.98169 +/- 0.00370
       61/1    0.99277    5.47344    0.98270 +/- 0.00349
       62/1    0.96723    5.44431    0.98141 +/- 0.00344
       63/1    0.96507    5.46200    0.98015 +/- 0.00340
       64/1    0.98332    5.45637    0.98038 +/- 0.00316
       65/1    0.96443    5.45645    0.97932 +/- 0.00313
       66/1    0.95868    5.47027    0.97803 +/- 0.00320
       67/1    0.98656    5.46375    0.97853 +/- 0.00304
       68/1    1.01018    5.45848    0.98029 +/- 0.00337
       69/1    0.97635    5.43175    0.98008 +/- 0.00319
       70/1    0.99784    5.43992    0.98097 +/- 0.00315
       71/1    0.95849    5.45273    0.97990 +/- 0.00319
       72/1    0.98858    5.42801    0.98029 +/- 0.00306
       73/1    0.98985    5.45541    0.98071 +/- 0.00296
       74/1    0.98744    5.46263    0.98099 +/- 0.00284
       75/1    0.99235    5.44852    0.98144 +/- 0.00277
       76/1    0.99278    5.47241    0.98188 +/- 0.00269
       77/1    0.98498    5.44594    0.98199 +/- 0.00259
       78/1    0.98532    5.41562    0.98211 +/- 0.00250
       79/1    0.99280    5.42056    0.98248 +/- 0.00244
       80/1    0.98987    5.42789    0.98273 +/- 0.00237
       81/1    0.99402    5.45202    0.98309 +/- 0.00232
       82/1    0.98975    5.44846    0.98330 +/- 0.00226
       83/1    0.97030    5.44599    0.98291 +/- 0.00222
       84/1    0.99216    5.43878    0.98318 +/- 0.00218
       85/1    0.98713    5.45406    0.98329 +/- 0.00212
       86/1    0.97656    5.42460    0.98310 +/- 0.00206
       87/1    1.01101    5.42541    0.98386 +/- 0.00214
       88/1    0.98535    5.43728    0.98390 +/- 0.00209
       89/1    0.96278    5.44825    0.98336 +/- 0.00210
       90/1    0.98646    5.43661    0.98343 +/- 0.00205
       91/1    0.99150    5.43308    0.98363 +/- 0.00201
       92/1    1.02961    5.45323    0.98472 +/- 0.00225
       93/1    0.97118    5.43763    0.98441 +/- 0.00222
       94/1    1.00586    5.44536    0.98490 +/- 0.00222
       95/1    1.00509    5.45844    0.98535 +/- 0.00222
       96/1    0.99123    5.45415    0.98547 +/- 0.00217
       97/1    0.97807    5.46241    0.98532 +/- 0.00213
       98/1    0.99756    5.46004    0.98557 +/- 0.00210
       99/1    0.98197    5.45545    0.98550 +/- 0.00206
      100/1    0.99954    5.46648    0.98578 +/- 0.00204
 Creating state point statepoint.100.h5...

 =======================>     TIMING STATISTICS     <=======================

 Total time for initialization     = 0.0000e+00 seconds
   Reading cross sections          = 0.0000e+00 seconds
 Total time in simulation          = 1.1322e+02 seconds
   Time in transport only          = 1.1285e+02 seconds
   Time in inactive batches        = 4.8007e+01 seconds
   Time in active batches          = 6.5213e+01 seconds
   Time synchronizing fission bank = 9.8556e-02 seconds
     Sampling source sites         = 8.7276e-02 seconds
     SEND/RECV source sites        = 1.0820e-02 seconds
   Time accumulating tallies       = 1.4749e-01 seconds
   Time writing statepoints        = 1.7957e-02 seconds
 Total time for finalization       = 1.9123e-02 seconds
 Total time elapsed                = 1.1370e+02 seconds
 Calculation Rate (inactive)       = 10415.1 particles/second
 Calculation Rate (active)         = 7667.13 particles/second

 ============================>     RESULTS     <============================

 k-effective (Collision)     = 0.98615 +/- 0.00176
 k-effective (Track-length)  = 0.98578 +/- 0.00204
 k-effective (Absorption)    = 0.98692 +/- 0.00145
 Combined k-effective        = 0.98665 +/- 0.00141
 Leakage Fraction            = 0.00702 +/- 0.00010

 Creating state point openmc_simulation_n1.h5...
[openmc.deplete] t=12981609.154661007 s, dt=17308812.206214678 s, source=47639915.83850316
 Maximum neutron transport energy: 20000000 eV for H1
 Initializing source particles...

 ====================>     K EIGENVALUE SIMULATION     <====================

  Bat./Gen.      k       Entropy         Average k 
  =========   ========   ========   ====================
        1/1    0.93536    5.52166
        2/1    0.97757    5.51618
        3/1    0.97692    5.49448
        4/1    0.97342    5.44982
        5/1    0.97720    5.43978
        6/1    0.98632    5.46341
        7/1    0.98909    5.45267
        8/1    0.97158    5.46334
        9/1    0.96088    5.45522
       10/1    0.97141    5.43582
       11/1    0.97743    5.40750
       12/1    0.97082    5.40273
       13/1    0.99852    5.40476
       14/1    0.98430    5.40045
       15/1    0.97433    5.42425
       16/1    0.98732    5.43505
       17/1    0.97605    5.42994
       18/1    1.01059    5.44196
       19/1    0.99302    5.43002
       20/1    0.99663    5.44471
       21/1    0.98100    5.45112
       22/1    0.98190    5.43397
       23/1    0.97288    5.42501
       24/1    0.99281    5.43560
       25/1    0.98543    5.45197
       26/1    0.99136    5.44515
       27/1    0.98844    5.45574
       28/1    0.95693    5.44021
       29/1    0.99096    5.43006
       30/1    1.00035    5.40606
       31/1    0.96516    5.42817
       32/1    1.01184    5.44844
       33/1    0.98539    5.45787
       34/1    0.99250    5.45622
       35/1    0.97632    5.43554
       36/1    0.99859    5.45150
       37/1    0.97842    5.44072
       38/1    0.96945    5.43636
       39/1    0.99023    5.45049
       40/1    0.98929    5.42362
       41/1    0.98526    5.42388
       42/1    0.99167    5.43701
       43/1    0.96599    5.43703
       44/1    0.98798    5.43020
       45/1    0.98576    5.44695
       46/1    1.00298    5.46057
       47/1    0.99110    5.46116
       48/1    0.99617    5.46177
       49/1    0.97826    5.47069
       50/1    0.97527    5.46575
       51/1    1.01513    5.46906
       52/1    1.01954    5.45451    1.01734 +/- 0.00220
       53/1    0.97434    5.47435    1.00300 +/- 0.01439
       54/1    0.98027    5.46561    0.99732 +/- 0.01165
       55/1    0.98906    5.48009    0.99567 +/- 0.00918
       56/1    1.00134    5.47247    0.99661 +/- 0.00755
       57/1    0.98950    5.45482    0.99560 +/- 0.00646
       58/1    0.96276    5.44844    0.99149 +/- 0.00694
       59/1    1.00403    5.44848    0.99288 +/- 0.00628
       60/1    0.98833    5.42632    0.99243 +/- 0.00563
       61/1    0.98575    5.43477    0.99182 +/- 0.00513
       62/1    0.96419    5.43413    0.98952 +/- 0.00522
       63/1    0.97677    5.44729    0.98854 +/- 0.00490
       64/1    0.97850    5.44248    0.98782 +/- 0.00459
       65/1    0.99269    5.46676    0.98815 +/- 0.00429
       66/1    0.99093    5.44399    0.98832 +/- 0.00402
       67/1    0.99572    5.43828    0.98876 +/- 0.00380
       68/1    0.97940    5.44553    0.98824 +/- 0.00362
       69/1    0.99345    5.46477    0.98851 +/- 0.00343
       70/1    0.95668    5.46587    0.98692 +/- 0.00362
       71/1    0.99170    5.44267    0.98715 +/- 0.00346
       72/1    0.99933    5.44442    0.98770 +/- 0.00334
       73/1    0.97776    5.44270    0.98727 +/- 0.00322
       74/1    1.00628    5.45509    0.98806 +/- 0.00318
       75/1    0.98242    5.44500    0.98783 +/- 0.00306
       76/1    0.99241    5.45396    0.98801 +/- 0.00295
       77/1    0.97748    5.44015    0.98762 +/- 0.00286
       78/1    0.99115    5.45065    0.98775 +/- 0.00276
       79/1    0.97361    5.43736    0.98726 +/- 0.00271
       80/1    0.98762    5.43970    0.98727 +/- 0.00262
       81/1    0.98436    5.44121    0.98718 +/- 0.00253
       82/1    0.99056    5.46531    0.98728 +/- 0.00245
       83/1    0.97046    5.46227    0.98677 +/- 0.00243
       84/1    0.96361    5.46549    0.98609 +/- 0.00246
       85/1    0.99358    5.44895    0.98631 +/- 0.00240
       86/1    0.96567    5.45919    0.98573 +/- 0.00240
       87/1    0.98414    5.46783    0.98569 +/- 0.00233
       88/1    0.99587    5.44030    0.98596 +/- 0.00229
       89/1    0.97524    5.43460    0.98568 +/- 0.00224
       90/1    0.99283    5.44140    0.98586 +/- 0.00219
       91/1    0.97075    5.45357    0.98549 +/- 0.00217
       92/1    0.98130    5.47480    0.98539 +/- 0.00212
       93/1    0.97212    5.46027    0.98508 +/- 0.00209
       94/1    0.96692    5.45292    0.98467 +/- 0.00209
       95/1    0.98598    5.45767    0.98470 +/- 0.00204
       96/1    0.98011    5.45038    0.98460 +/- 0.00200
       97/1    0.98697    5.46810    0.98465 +/- 0.00196
       98/1    1.00215    5.47025    0.98502 +/- 0.00195
       99/1    1.00003    5.46664    0.98532 +/- 0.00193
      100/1    0.97859    5.43073    0.98519 +/- 0.00190
 Creating state point statepoint.100.h5...

 =======================>     TIMING STATISTICS     <=======================

 Total time for initialization     = 0.0000e+00 seconds
   Reading cross sections          = 0.0000e+00 seconds
 Total time in simulation          = 1.0850e+02 seconds
   Time in transport only          = 1.0804e+02 seconds
   Time in inactive batches        = 4.4078e+01 seconds
   Time in active batches          = 6.4421e+01 seconds
   Time synchronizing fission bank = 9.5736e-02 seconds
     Sampling source sites         = 8.2292e-02 seconds
     SEND/RECV source sites        = 1.2950e-02 seconds
   Time accumulating tallies       = 2.4054e-01 seconds
   Time writing statepoints        = 1.9219e-02 seconds
 Total time for finalization       = 1.2549e-02 seconds
 Total time elapsed                = 1.0897e+02 seconds
 Calculation Rate (inactive)       = 11343.4 particles/second
 Calculation Rate (active)         = 7761.39 particles/second

 ============================>     RESULTS     <============================

 k-effective (Collision)     = 0.98566 +/- 0.00166
 k-effective (Track-length)  = 0.98519 +/- 0.00190
 k-effective (Absorption)    = 0.98555 +/- 0.00152
 Combined k-effective        = 0.98545 +/- 0.00137
 Leakage Fraction            = 0.00698 +/- 0.00010

 Creating state point openmc_simulation_n2.h5...
[openmc.deplete] t=30290421.360875685 s, dt=34617624.412429355 s, source=47639915.83850316
 Maximum neutron transport energy: 20000000 eV for H1
 Initializing source particles...

 ====================>     K EIGENVALUE SIMULATION     <====================

  Bat./Gen.      k       Entropy         Average k 
  =========   ========   ========   ====================
        1/1    0.94933    5.53028
        2/1    0.94406    5.51117
        3/1    0.97382    5.49773
        4/1    0.96351    5.48148
        5/1    0.97795    5.47765
        6/1    0.96291    5.45889
        7/1    0.97791    5.46629
        8/1    0.99788    5.46552
        9/1    0.97674    5.46498
       10/1    0.99568    5.46027
       11/1    1.00499    5.44047
       12/1    0.98807    5.44620
       13/1    0.98239    5.43505
       14/1    0.97989    5.41868
       15/1    0.96961    5.43290
       16/1    0.98880    5.44512
       17/1    0.98094    5.46420
       18/1    0.96966    5.45440
       19/1    0.96400    5.47035
       20/1    0.99786    5.46365
       21/1    0.98964    5.44684
       22/1    0.96631    5.42300
       23/1    0.97966    5.42375
       24/1    0.99058    5.41855
       25/1    0.97665    5.43462
       26/1    0.98025    5.42966
       27/1    0.98772    5.43408
       28/1    0.97802    5.42810
       29/1    0.97934    5.45192
       30/1    0.98968    5.44303
       31/1    1.00078    5.42738
       32/1    0.97560    5.43377
       33/1    0.98133    5.44697
       34/1    0.97428    5.46036
       35/1    0.98016    5.44513
       36/1    0.98068    5.43088
       37/1    0.97134    5.43339
       38/1    0.97541    5.42681
       39/1    1.00239    5.44533
       40/1    1.00437    5.45340
       41/1    0.97248    5.42631
       42/1    0.98574    5.44809
       43/1    0.98749    5.44367
       44/1    1.00706    5.41526
       45/1    1.00424    5.41897
       46/1    0.99310    5.40647
       47/1    0.98513    5.41185
       48/1    0.97326    5.44401
       49/1    0.99167    5.44706
       50/1    0.97247    5.42937
       51/1    0.98790    5.43854
       52/1    0.97361    5.46279    0.98075 +/- 0.00714
       53/1    0.96945    5.43277    0.97699 +/- 0.00559
       54/1    0.97302    5.44976    0.97599 +/- 0.00407
       55/1    0.97443    5.44792    0.97568 +/- 0.00317
       56/1    0.99029    5.44717    0.97812 +/- 0.00355
       57/1    0.96944    5.45990    0.97688 +/- 0.00325
       58/1    1.00039    5.46259    0.97982 +/- 0.00407
       59/1    0.97886    5.44561    0.97971 +/- 0.00359
       60/1    0.99444    5.45710    0.98118 +/- 0.00353
       61/1    0.96887    5.46430    0.98006 +/- 0.00339
       62/1    0.98437    5.42992    0.98042 +/- 0.00311
       63/1    0.99880    5.42210    0.98184 +/- 0.00319
       64/1    0.98615    5.41742    0.98214 +/- 0.00297
       65/1    0.98407    5.43917    0.98227 +/- 0.00277
       66/1    0.99659    5.42040    0.98317 +/- 0.00274
       67/1    0.98865    5.40859    0.98349 +/- 0.00259
       68/1    0.97565    5.42228    0.98305 +/- 0.00248
       69/1    0.99969    5.43074    0.98393 +/- 0.00251
       70/1    0.99833    5.45607    0.98465 +/- 0.00249
       71/1    0.99788    5.45305    0.98528 +/- 0.00245
       72/1    0.98929    5.44677    0.98546 +/- 0.00234
       73/1    0.98197    5.43012    0.98531 +/- 0.00224
       74/1    0.99900    5.43897    0.98588 +/- 0.00222
       75/1    0.98726    5.43901    0.98594 +/- 0.00213
       76/1    0.97571    5.44132    0.98554 +/- 0.00208
       77/1    0.99344    5.42074    0.98584 +/- 0.00203
       78/1    0.98348    5.42408    0.98575 +/- 0.00195
       79/1    0.99204    5.44257    0.98597 +/- 0.00190
       80/1    0.98607    5.42903    0.98597 +/- 0.00183
       81/1    1.00249    5.40781    0.98650 +/- 0.00185
       82/1    0.97619    5.41498    0.98618 +/- 0.00182
       83/1    0.98596    5.43725    0.98618 +/- 0.00177
       84/1    0.96467    5.45353    0.98554 +/- 0.00183
       85/1    1.00197    5.42991    0.98601 +/- 0.00183
       86/1    0.97523    5.43244    0.98571 +/- 0.00181
       87/1    0.96413    5.44287    0.98513 +/- 0.00185
       88/1    0.98253    5.43976    0.98506 +/- 0.00180
       89/1    0.97302    5.42513    0.98475 +/- 0.00178
       90/1    0.97754    5.43180    0.98457 +/- 0.00175
       91/1    1.00471    5.44845    0.98506 +/- 0.00177
       92/1    0.98285    5.42028    0.98501 +/- 0.00173
       93/1    0.97809    5.44875    0.98485 +/- 0.00170
       94/1    1.00556    5.43594    0.98532 +/- 0.00173
       95/1    0.97953    5.42459    0.98519 +/- 0.00169
       96/1    0.98785    5.42394    0.98525 +/- 0.00166
       97/1    1.00251    5.42019    0.98562 +/- 0.00166
       98/1    0.98269    5.45297    0.98556 +/- 0.00163
       99/1    0.99600    5.44090    0.98577 +/- 0.00161
      100/1    0.98076    5.42538    0.98567 +/- 0.00158
 Creating state point statepoint.100.h5...

 =======================>     TIMING STATISTICS     <=======================

 Total time for initialization     = 0.0000e+00 seconds
   Reading cross sections          = 0.0000e+00 seconds
 Total time in simulation          = 1.2269e+02 seconds
   Time in transport only          = 1.2218e+02 seconds
   Time in inactive batches        = 4.3242e+01 seconds
   Time in active batches          = 7.9443e+01 seconds
   Time synchronizing fission bank = 9.3027e-02 seconds
     Sampling source sites         = 8.0899e-02 seconds
     SEND/RECV source sites        = 1.1660e-02 seconds
   Time accumulating tallies       = 2.9270e-01 seconds
   Time writing statepoints        = 1.2449e-02 seconds
 Total time for finalization       = 1.0712e-02 seconds
 Total time elapsed                = 1.2318e+02 seconds
 Calculation Rate (inactive)       = 11562.8 particles/second
 Calculation Rate (active)         = 6293.83 particles/second

 ============================>     RESULTS     <============================

 k-effective (Collision)     = 0.98589 +/- 0.00136
 k-effective (Track-length)  = 0.98567 +/- 0.00158
 k-effective (Absorption)    = 0.98633 +/- 0.00141
 Combined k-effective        = 0.98607 +/- 0.00117
 Leakage Fraction            = 0.00678 +/- 0.00014

 Creating state point openmc_simulation_n3.h5...
[openmc.deplete] t=64908045.77330504 s, dt=51926436.61864404 s, source=47639915.83850316
 Maximum neutron transport energy: 20000000 eV for H1
 Initializing source particles...

 ====================>     K EIGENVALUE SIMULATION     <====================

  Bat./Gen.      k       Entropy         Average k 
  =========   ========   ========   ====================
        1/1    0.92024    5.54068
        2/1    0.95178    5.50281
        3/1    0.99036    5.50164
        4/1    0.97311    5.48744
        5/1    0.98507    5.46944
        6/1    0.98204    5.45578
        7/1    1.00434    5.43995
        8/1    0.98787    5.41804
        9/1    0.98128    5.43049
       10/1    1.00999    5.41593
       11/1    0.98891    5.41601
       12/1    0.99017    5.42733
       13/1    0.98739    5.42493
       14/1    0.98854    5.42287
       15/1    0.99865    5.42238
       16/1    1.00857    5.43663
       17/1    0.97904    5.44232
       18/1    0.98510    5.42562
       19/1    0.99889    5.41366
       20/1    0.99544    5.43047
       21/1    0.99298    5.41976
       22/1    0.99664    5.42188
       23/1    0.97508    5.43050
       24/1    0.97853    5.44357
       25/1    0.96962    5.45038
       26/1    0.99437    5.44173
       27/1    0.99106    5.44396
       28/1    0.99845    5.45914
       29/1    1.00039    5.45037
       30/1    1.00979    5.46025
       31/1    0.98010    5.45773
       32/1    0.98193    5.43660
       33/1    1.02018    5.43353
       34/1    0.99650    5.45231
       35/1    1.00350    5.46404
       36/1    0.99561    5.44208
       37/1    1.00892    5.45814
       38/1    0.98799    5.45359
       39/1    0.98640    5.44633
       40/1    1.00515    5.43858
       41/1    0.99716    5.44275
       42/1    0.98812    5.43254
       43/1    0.99106    5.44015
       44/1    0.98253    5.42734
       45/1    0.98318    5.43750
       46/1    1.00223    5.46319
       47/1    0.96520    5.45487
       48/1    0.98339    5.43839
       49/1    0.98477    5.42990
       50/1    0.99603    5.42411
       51/1    1.01846    5.42082
       52/1    1.00028    5.42749    1.00937 +/- 0.00909
       53/1    0.98358    5.43268    1.00077 +/- 0.01007
       54/1    0.96603    5.43257    0.99209 +/- 0.01123
       55/1    0.98712    5.43087    0.99109 +/- 0.00876
       56/1    0.99561    5.41512    0.99185 +/- 0.00719
       57/1    1.00513    5.42134    0.99374 +/- 0.00636
       58/1    0.99133    5.42436    0.99344 +/- 0.00552
       59/1    0.99695    5.42113    0.99383 +/- 0.00488
       60/1    1.00887    5.40139    0.99534 +/- 0.00462
       61/1    0.96897    5.41874    0.99294 +/- 0.00482
       62/1    1.00482    5.42803    0.99393 +/- 0.00451
       63/1    0.97354    5.42852    0.99236 +/- 0.00443
       64/1    0.99950    5.42580    0.99287 +/- 0.00414
       65/1    0.98524    5.41478    0.99236 +/- 0.00388
       66/1    1.00805    5.39767    0.99334 +/- 0.00376
       67/1    0.99600    5.40851    0.99350 +/- 0.00354
       68/1    1.00025    5.42665    0.99387 +/- 0.00336
       69/1    0.99905    5.42590    0.99415 +/- 0.00319
       70/1    1.01433    5.42218    0.99516 +/- 0.00319
       71/1    0.99703    5.41715    0.99524 +/- 0.00303
       72/1    0.99747    5.40920    0.99535 +/- 0.00289
       73/1    0.98872    5.40413    0.99506 +/- 0.00278
       74/1    1.00751    5.39549    0.99558 +/- 0.00271
       75/1    1.01181    5.39093    0.99623 +/- 0.00268
       76/1    0.99152    5.41178    0.99604 +/- 0.00258
       77/1    0.99108    5.40723    0.99586 +/- 0.00249
       78/1    0.99955    5.38507    0.99599 +/- 0.00240
       79/1    0.98328    5.40405    0.99555 +/- 0.00236
       80/1    0.98714    5.39968    0.99527 +/- 0.00230
       81/1    0.99644    5.39126    0.99531 +/- 0.00222
       82/1    0.98532    5.40941    0.99500 +/- 0.00218
       83/1    0.98670    5.39331    0.99475 +/- 0.00212
       84/1    0.98721    5.41039    0.99453 +/- 0.00207
       85/1    1.00046    5.40606    0.99470 +/- 0.00202
       86/1    0.98682    5.39927    0.99448 +/- 0.00197
       87/1    0.99728    5.40759    0.99455 +/- 0.00192
       88/1    1.00919    5.39494    0.99494 +/- 0.00191
       89/1    0.99934    5.40235    0.99505 +/- 0.00186
       90/1    1.02170    5.40890    0.99572 +/- 0.00193
       91/1    1.00532    5.42509    0.99595 +/- 0.00190
       92/1    0.99446    5.40470    0.99592 +/- 0.00186
       93/1    1.02993    5.43180    0.99671 +/- 0.00198
       94/1    1.01254    5.41771    0.99707 +/- 0.00196
       95/1    0.99776    5.44055    0.99708 +/- 0.00192
       96/1    0.98628    5.43870    0.99685 +/- 0.00189
       97/1    0.99041    5.41728    0.99671 +/- 0.00186
       98/1    0.98747    5.41971    0.99652 +/- 0.00183
       99/1    0.98301    5.40487    0.99624 +/- 0.00181
      100/1    1.00153    5.39875    0.99635 +/- 0.00178
 Creating state point statepoint.100.h5...

 =======================>     TIMING STATISTICS     <=======================

 Total time for initialization     = 0.0000e+00 seconds
   Reading cross sections          = 0.0000e+00 seconds
 Total time in simulation          = 1.0736e+02 seconds
   Time in transport only          = 1.0702e+02 seconds
   Time in inactive batches        = 4.3622e+01 seconds
   Time in active batches          = 6.3740e+01 seconds
   Time synchronizing fission bank = 9.4638e-02 seconds
     Sampling source sites         = 8.1504e-02 seconds
     SEND/RECV source sites        = 1.2668e-02 seconds
   Time accumulating tallies       = 1.3824e-01 seconds
   Time writing statepoints        = 1.1839e-02 seconds
 Total time for finalization       = 1.0951e-02 seconds
 Total time elapsed                = 1.0781e+02 seconds
 Calculation Rate (inactive)       = 11462.2 particles/second
 Calculation Rate (active)         = 7844.39 particles/second

 ============================>     RESULTS     <============================

 k-effective (Collision)     = 0.99679 +/- 0.00177
 k-effective (Track-length)  = 0.99635 +/- 0.00178
 k-effective (Absorption)    = 0.99436 +/- 0.00129
 Combined k-effective        = 0.99501 +/- 0.00114
 Leakage Fraction            = 0.00654 +/- 0.00012

 Creating state point openmc_simulation_n4.h5...
[openmc.deplete] t=116834482.39194909 (final operator evaluation)
 Maximum neutron transport energy: 20000000 eV for H1
 Initializing source particles...

 ====================>     K EIGENVALUE SIMULATION     <====================

  Bat./Gen.      k       Entropy         Average k 
  =========   ========   ========   ====================
        1/1    0.92890    5.56306
        2/1    0.93165    5.53090
        3/1    0.95971    5.48050
        4/1    0.98461    5.45714
        5/1    0.99042    5.45804
        6/1    1.00134    5.46116
        7/1    1.00170    5.47122
        8/1    0.99562    5.45749
        9/1    0.98694    5.43188
       10/1    0.99318    5.45501
       11/1    0.98674    5.44932
       12/1    0.99546    5.45504
       13/1    1.00053    5.43484
       14/1    0.98450    5.47415
       15/1    0.99437    5.46824
       16/1    0.98680    5.44711
       17/1    1.00074    5.45254
       18/1    0.98794    5.43190
       19/1    0.99895    5.41841
       20/1    0.99699    5.41458
       21/1    0.99678    5.41724
       22/1    0.99870    5.43072
       23/1    1.01807    5.40800
       24/1    0.97288    5.40780
       25/1    0.99709    5.42711
       26/1    0.98950    5.42324
       27/1    0.99200    5.41250
       28/1    1.00495    5.42398
       29/1    0.99960    5.44816
       30/1    0.99039    5.43811
       31/1    0.98153    5.45360
       32/1    0.99910    5.47304
       33/1    0.98765    5.45531
       34/1    1.01291    5.46234
       35/1    0.98431    5.45448
       36/1    0.98958    5.43634
       37/1    0.97666    5.43846
       38/1    1.01815    5.43025
       39/1    0.97792    5.43062
       40/1    0.97375    5.43545
       41/1    0.99111    5.45417
       42/1    0.98841    5.45214
       43/1    0.97499    5.44019
       44/1    1.00324    5.44250
       45/1    0.98401    5.45669
       46/1    0.99024    5.44799
       47/1    1.00307    5.44932
       48/1    0.99488    5.42335
       49/1    1.00570    5.44459
       50/1    0.97226    5.42879
       51/1    0.99631    5.43591
       52/1    0.99282    5.41995    0.99456 +/- 0.00175
       53/1    0.97896    5.42541    0.98936 +/- 0.00530
       54/1    0.98059    5.41768    0.98717 +/- 0.00434
       55/1    1.00331    5.41960    0.99040 +/- 0.00466
       56/1    0.98568    5.42975    0.98961 +/- 0.00389
       57/1    0.98313    5.43088    0.98869 +/- 0.00341
       58/1    1.01742    5.45008    0.99228 +/- 0.00465
       59/1    0.98737    5.45137    0.99173 +/- 0.00414
       60/1    1.01222    5.43220    0.99378 +/- 0.00423
       61/1    0.99854    5.44121    0.99421 +/- 0.00385
       62/1    0.97769    5.44248    0.99284 +/- 0.00378
       63/1    1.00012    5.44692    0.99340 +/- 0.00352
       64/1    0.98656    5.43524    0.99291 +/- 0.00329
       65/1    0.99409    5.41888    0.99299 +/- 0.00307
       66/1    0.99298    5.41392    0.99299 +/- 0.00287
       67/1    0.98346    5.44515    0.99243 +/- 0.00275
       68/1    0.99840    5.43352    0.99276 +/- 0.00262
       69/1    1.00135    5.44425    0.99321 +/- 0.00252
       70/1    0.99135    5.46564    0.99312 +/- 0.00239
       71/1    0.98326    5.46451    0.99265 +/- 0.00232
       72/1    1.01017    5.44902    0.99344 +/- 0.00235
       73/1    0.98076    5.45110    0.99289 +/- 0.00231
       74/1    0.98002    5.43645    0.99236 +/- 0.00228
       75/1    0.98968    5.44346    0.99225 +/- 0.00219
       76/1    1.00199    5.43114    0.99262 +/- 0.00214
       77/1    0.98377    5.44012    0.99230 +/- 0.00208
       78/1    1.00162    5.45754    0.99263 +/- 0.00203
       79/1    1.00873    5.45652    0.99318 +/- 0.00204
       80/1    1.00105    5.45676    0.99345 +/- 0.00199
       81/1    0.98830    5.45556    0.99328 +/- 0.00193
       82/1    0.98447    5.46157    0.99300 +/- 0.00189
       83/1    0.97055    5.42978    0.99232 +/- 0.00195
       84/1    0.98324    5.42834    0.99206 +/- 0.00191
       85/1    1.00337    5.42352    0.99238 +/- 0.00188
       86/1    0.99968    5.43941    0.99258 +/- 0.00184
       87/1    0.96329    5.43519    0.99179 +/- 0.00196
       88/1    1.00959    5.42495    0.99226 +/- 0.00196
       89/1    1.00345    5.42849    0.99255 +/- 0.00193
       90/1    0.99803    5.43909    0.99268 +/- 0.00189
       91/1    0.97537    5.43936    0.99226 +/- 0.00189
       92/1    1.00108    5.44870    0.99247 +/- 0.00186
       93/1    0.97458    5.44488    0.99206 +/- 0.00186
       94/1    0.98474    5.45084    0.99189 +/- 0.00183
       95/1    0.97141    5.45723    0.99143 +/- 0.00184
       96/1    0.98228    5.46447    0.99124 +/- 0.00181
       97/1    0.98855    5.43769    0.99118 +/- 0.00177
       98/1    1.00829    5.43813    0.99153 +/- 0.00177
       99/1    0.99712    5.43729    0.99165 +/- 0.00174
      100/1    0.98845    5.43078    0.99158 +/- 0.00171
 Creating state point statepoint.100.h5...

 =======================>     TIMING STATISTICS     <=======================

 Total time for initialization     = 0.0000e+00 seconds
   Reading cross sections          = 0.0000e+00 seconds
 Total time in simulation          = 1.2123e+02 seconds
   Time in transport only          = 1.2079e+02 seconds
   Time in inactive batches        = 4.4320e+01 seconds
   Time in active batches          = 7.6908e+01 seconds
   Time synchronizing fission bank = 9.1380e-02 seconds
     Sampling source sites         = 7.8590e-02 seconds
     SEND/RECV source sites        = 1.2325e-02 seconds
   Time accumulating tallies       = 2.3668e-01 seconds
   Time writing statepoints        = 1.1738e-02 seconds
 Total time for finalization       = 1.1845e-02 seconds
 Total time elapsed                = 1.2168e+02 seconds
 Calculation Rate (inactive)       = 11281.5 particles/second
 Calculation Rate (active)         = 6501.25 particles/second

 ============================>     RESULTS     <============================

 k-effective (Collision)     = 0.99189 +/- 0.00152
 k-effective (Track-length)  = 0.99158 +/- 0.00171
 k-effective (Absorption)    = 0.99251 +/- 0.00137
 Combined k-effective        = 0.99217 +/- 0.00121
 Leakage Fraction            = 0.00688 +/- 0.00013

 Creating state point openmc_simulation_n5.h5...
      k(BOL) 1.00509 x ratio 0.96663 -> end of cycle at k = 0.97155
      state 0: B   0.00 MWd/kgHM  k 1.00509  (target)
      state 1: B   0.50 MWd/kgHM  k 0.98665
      state 2: B   1.50 MWd/kgHM  k 0.98545
      state 3: B   3.50 MWd/kgHM  k 0.98607
      state 4: B   7.50 MWd/kgHM  k 0.99501
      state 5: B  13.50 MWd/kgHM  k 0.99217
                                %%%%%%%%%%%%%%%
                           %%%%%%%%%%%%%%%%%%%%%%%%
                        %%%%%%%%%%%%%%%%%%%%%%%%%%%%%%
                      %%%%%%%%%%%%%%%%%%%%%%%%%%%%%%%%%%
                    %%%%%%%%%%%%%%%%%%%%%%%%%%%%%%%%%%%%%%
                   %%%%%%%%%%%%%%%%%%%%%%%%%%%%%%%%%%%%%%%%
                                    %%%%%%%%%%%%%%%%%%%%%%%%
                                     %%%%%%%%%%%%%%%%%%%%%%%%
                 ###############      %%%%%%%%%%%%%%%%%%%%%%%%
                ##################     %%%%%%%%%%%%%%%%%%%%%%%
                ###################     %%%%%%%%%%%%%%%%%%%%%%%
                ####################     %%%%%%%%%%%%%%%%%%%%%%
                #####################     %%%%%%%%%%%%%%%%%%%%%
                ######################     %%%%%%%%%%%%%%%%%%%%
                #######################     %%%%%%%%%%%%%%%%%%
                 #######################     %%%%%%%%%%%%%%%%%
                 ######################     %%%%%%%%%%%%%%%%%
                  ####################     %%%%%%%%%%%%%%%%%
                    #################     %%%%%%%%%%%%%%%%%
                     ###############     %%%%%%%%%%%%%%%%
                       ############     %%%%%%%%%%%%%%%
                          ########     %%%%%%%%%%%%%%
                                      %%%%%%%%%%%

                 | The OpenMC Monte Carlo Code
       Copyright | 2011-2025 MIT, UChicago Argonne LLC, and contributors
         License | https://docs.openmc.org/en/latest/license.html
         Version | 0.15.3
     Commit Hash | 27e38e894697bb32a1dac7848d2618818b6b8daf
       Date/Time | 2026-09-26 22:05:44
   MPI Processes | 1
  OpenMP Threads | 64

 Reading settings XML file...
 Reading cross sections XML file...
 Reading chain file: /home/diogo/openmc_data/chain_endfb71_pwr.xml...
 Reading materials XML file...
 Reading geometry XML file...
 Reading H1 from /home/diogo/openmc_data/endfb-vii.1-hdf5/neutron/H1.h5
 Reading H2 from /home/diogo/openmc_data/endfb-vii.1-hdf5/neutron/H2.h5
 Reading B10 from /home/diogo/openmc_data/endfb-vii.1-hdf5/neutron/B10.h5
 Reading B11 from /home/diogo/openmc_data/endfb-vii.1-hdf5/neutron/B11.h5
 Reading O16 from /home/diogo/openmc_data/endfb-vii.1-hdf5/neutron/O16.h5
 Reading O17 from /home/diogo/openmc_data/endfb-vii.1-hdf5/neutron/O17.h5
 Reading Cr50 from /home/diogo/openmc_data/endfb-vii.1-hdf5/neutron/Cr50.h5
 Reading Cr52 from /home/diogo/openmc_data/endfb-vii.1-hdf5/neutron/Cr52.h5
 Reading Cr53 from /home/diogo/openmc_data/endfb-vii.1-hdf5/neutron/Cr53.h5
 Reading Cr54 from /home/diogo/openmc_data/endfb-vii.1-hdf5/neutron/Cr54.h5
 Reading Mn55 from /home/diogo/openmc_data/endfb-vii.1-hdf5/neutron/Mn55.h5
 Reading Fe54 from /home/diogo/openmc_data/endfb-vii.1-hdf5/neutron/Fe54.h5
 Reading Fe56 from /home/diogo/openmc_data/endfb-vii.1-hdf5/neutron/Fe56.h5
 Reading Fe57 from /home/diogo/openmc_data/endfb-vii.1-hdf5/neutron/Fe57.h5
 Reading Fe58 from /home/diogo/openmc_data/endfb-vii.1-hdf5/neutron/Fe58.h5
 Reading Ni58 from /home/diogo/openmc_data/endfb-vii.1-hdf5/neutron/Ni58.h5
 Reading Ni60 from /home/diogo/openmc_data/endfb-vii.1-hdf5/neutron/Ni60.h5
 Reading Ni61 from /home/diogo/openmc_data/endfb-vii.1-hdf5/neutron/Ni61.h5
 Reading Ni62 from /home/diogo/openmc_data/endfb-vii.1-hdf5/neutron/Ni62.h5
 Reading Ni64 from /home/diogo/openmc_data/endfb-vii.1-hdf5/neutron/Ni64.h5
 Reading Zr90 from /home/diogo/openmc_data/endfb-vii.1-hdf5/neutron/Zr90.h5
 Reading Zr91 from /home/diogo/openmc_data/endfb-vii.1-hdf5/neutron/Zr91.h5
 Reading Zr92 from /home/diogo/openmc_data/endfb-vii.1-hdf5/neutron/Zr92.h5
 Reading Zr94 from /home/diogo/openmc_data/endfb-vii.1-hdf5/neutron/Zr94.h5
 Reading Zr96 from /home/diogo/openmc_data/endfb-vii.1-hdf5/neutron/Zr96.h5
 Reading Sn112 from /home/diogo/openmc_data/endfb-vii.1-hdf5/neutron/Sn112.h5
 Reading Sn114 from /home/diogo/openmc_data/endfb-vii.1-hdf5/neutron/Sn114.h5
 Reading Sn115 from /home/diogo/openmc_data/endfb-vii.1-hdf5/neutron/Sn115.h5
 Reading Sn116 from /home/diogo/openmc_data/endfb-vii.1-hdf5/neutron/Sn116.h5
 Reading Sn117 from /home/diogo/openmc_data/endfb-vii.1-hdf5/neutron/Sn117.h5
 Reading Sn118 from /home/diogo/openmc_data/endfb-vii.1-hdf5/neutron/Sn118.h5
 Reading Sn119 from /home/diogo/openmc_data/endfb-vii.1-hdf5/neutron/Sn119.h5
 Reading Sn120 from /home/diogo/openmc_data/endfb-vii.1-hdf5/neutron/Sn120.h5
 Reading Sn122 from /home/diogo/openmc_data/endfb-vii.1-hdf5/neutron/Sn122.h5
 Reading Sn124 from /home/diogo/openmc_data/endfb-vii.1-hdf5/neutron/Sn124.h5
 Reading He3 from /home/diogo/openmc_data/endfb-vii.1-hdf5/neutron/He3.h5
 Reading He4 from /home/diogo/openmc_data/endfb-vii.1-hdf5/neutron/He4.h5
 Reading U234 from /home/diogo/openmc_data/endfb-vii.1-hdf5/neutron/U234.h5
 Reading U235 from /home/diogo/openmc_data/endfb-vii.1-hdf5/neutron/U235.h5
 Reading U238 from /home/diogo/openmc_data/endfb-vii.1-hdf5/neutron/U238.h5
 Reading Gd152 from /home/diogo/openmc_data/endfb-vii.1-hdf5/neutron/Gd152.h5
 Reading Gd154 from /home/diogo/openmc_data/endfb-vii.1-hdf5/neutron/Gd154.h5
 Reading Gd155 from /home/diogo/openmc_data/endfb-vii.1-hdf5/neutron/Gd155.h5
 Reading Gd156 from /home/diogo/openmc_data/endfb-vii.1-hdf5/neutron/Gd156.h5
 Reading Gd157 from /home/diogo/openmc_data/endfb-vii.1-hdf5/neutron/Gd157.h5
 Reading Gd158 from /home/diogo/openmc_data/endfb-vii.1-hdf5/neutron/Gd158.h5
 Reading Gd160 from /home/diogo/openmc_data/endfb-vii.1-hdf5/neutron/Gd160.h5
 Reading Si28 from /home/diogo/openmc_data/endfb-vii.1-hdf5/neutron/Si28.h5
 Reading Si29 from /home/diogo/openmc_data/endfb-vii.1-hdf5/neutron/Si29.h5
 Reading Si30 from /home/diogo/openmc_data/endfb-vii.1-hdf5/neutron/Si30.h5
 Reading Ag107 from /home/diogo/openmc_data/endfb-vii.1-hdf5/neutron/Ag107.h5
 Reading Ag109 from /home/diogo/openmc_data/endfb-vii.1-hdf5/neutron/Ag109.h5
 Reading Cd106 from /home/diogo/openmc_data/endfb-vii.1-hdf5/neutron/Cd106.h5
 WARNING: Negative value(s) found on probability table for nuclide Cd106 at 294K
 WARNING: Negative value(s) found on probability table for nuclide Cd106 at 600K
 WARNING: Negative value(s) found on probability table for nuclide Cd106 at 900K
 WARNING: Negative value(s) found on probability table for nuclide Cd106 at
          1200K
 WARNING: Negative value(s) found on probability table for nuclide Cd106 at
          2500K
 Reading Cd108 from /home/diogo/openmc_data/endfb-vii.1-hdf5/neutron/Cd108.h5
 Reading Cd110 from /home/diogo/openmc_data/endfb-vii.1-hdf5/neutron/Cd110.h5
 Reading Cd111 from /home/diogo/openmc_data/endfb-vii.1-hdf5/neutron/Cd111.h5
 Reading Cd112 from /home/diogo/openmc_data/endfb-vii.1-hdf5/neutron/Cd112.h5
 Reading Cd113 from /home/diogo/openmc_data/endfb-vii.1-hdf5/neutron/Cd113.h5
 Reading Cd114 from /home/diogo/openmc_data/endfb-vii.1-hdf5/neutron/Cd114.h5
 Reading Cd116 from /home/diogo/openmc_data/endfb-vii.1-hdf5/neutron/Cd116.h5
 Reading In113 from /home/diogo/openmc_data/endfb-vii.1-hdf5/neutron/In113.h5
 Reading In115 from /home/diogo/openmc_data/endfb-vii.1-hdf5/neutron/In115.h5
 Reading c_H_in_H2O from
 /home/diogo/openmc_data/endfb-vii.1-hdf5/neutron/c_H_in_H2O.h5
 Minimum neutron data temperature: 0 K
 Maximum neutron data temperature: 1.7976931348623157e+308 K
 Reading tallies XML file...
 Preparing distributed cell instances...
 Reading plot XML file...
 Writing summary.h5 file...
[openmc.deplete] t=116834482.39194909 s, dt=34617624.412429355 s, source=47639915.83850316
[openmc.deplete] t=151452106.80437845 s, dt=34617624.412429355 s, source=47639915.83850316
 Reading H3 from /home/diogo/openmc_data/endfb-vii.1-hdf5/neutron/H3.h5
 Reading Li6 from /home/diogo/openmc_data/endfb-vii.1-hdf5/neutron/Li6.h5
 Reading Li7 from /home/diogo/openmc_data/endfb-vii.1-hdf5/neutron/Li7.h5
 Reading N14 from /home/diogo/openmc_data/endfb-vii.1-hdf5/neutron/N14.h5
 Reading N15 from /home/diogo/openmc_data/endfb-vii.1-hdf5/neutron/N15.h5
 Reading F19 from /home/diogo/openmc_data/endfb-vii.1-hdf5/neutron/F19.h5
 Reading Na22 from /home/diogo/openmc_data/endfb-vii.1-hdf5/neutron/Na22.h5
 WARNING: Negative value(s) found on probability table for nuclide Na22 at 250K
 WARNING: Negative value(s) found on probability table for nuclide Na22 at 294K
 WARNING: Negative value(s) found on probability table for nuclide Na22 at 600K
 WARNING: Negative value(s) found on probability table for nuclide Na22 at 900K
 WARNING: Negative value(s) found on probability table for nuclide Na22 at 1200K
 WARNING: Negative value(s) found on probability table for nuclide Na22 at 2500K
 Reading Na23 from /home/diogo/openmc_data/endfb-vii.1-hdf5/neutron/Na23.h5
 Reading Mg24 from /home/diogo/openmc_data/endfb-vii.1-hdf5/neutron/Mg24.h5
 Reading Mg25 from /home/diogo/openmc_data/endfb-vii.1-hdf5/neutron/Mg25.h5
 Reading Mg26 from /home/diogo/openmc_data/endfb-vii.1-hdf5/neutron/Mg26.h5
 Reading Al27 from /home/diogo/openmc_data/endfb-vii.1-hdf5/neutron/Al27.h5
 Reading P31 from /home/diogo/openmc_data/endfb-vii.1-hdf5/neutron/P31.h5
 Reading S32 from /home/diogo/openmc_data/endfb-vii.1-hdf5/neutron/S32.h5
 Reading S33 from /home/diogo/openmc_data/endfb-vii.1-hdf5/neutron/S33.h5
 Reading S34 from /home/diogo/openmc_data/endfb-vii.1-hdf5/neutron/S34.h5
 Reading S36 from /home/diogo/openmc_data/endfb-vii.1-hdf5/neutron/S36.h5
 Reading Cl35 from /home/diogo/openmc_data/endfb-vii.1-hdf5/neutron/Cl35.h5
 Reading Cl37 from /home/diogo/openmc_data/endfb-vii.1-hdf5/neutron/Cl37.h5
 Reading Ar36 from /home/diogo/openmc_data/endfb-vii.1-hdf5/neutron/Ar36.h5
 WARNING: Negative value(s) found on probability table for nuclide Ar36 at 250K
 WARNING: Negative value(s) found on probability table for nuclide Ar36 at 294K
 WARNING: Negative value(s) found on probability table for nuclide Ar36 at 600K
 WARNING: Negative value(s) found on probability table for nuclide Ar36 at 900K
 WARNING: Negative value(s) found on probability table for nuclide Ar36 at 1200K
 WARNING: Negative value(s) found on probability table for nuclide Ar36 at 2500K
 Reading Ar38 from /home/diogo/openmc_data/endfb-vii.1-hdf5/neutron/Ar38.h5
 Reading Ar40 from /home/diogo/openmc_data/endfb-vii.1-hdf5/neutron/Ar40.h5
 Reading K39 from /home/diogo/openmc_data/endfb-vii.1-hdf5/neutron/K39.h5
 Reading K40 from /home/diogo/openmc_data/endfb-vii.1-hdf5/neutron/K40.h5
 Reading K41 from /home/diogo/openmc_data/endfb-vii.1-hdf5/neutron/K41.h5
 Reading Ca40 from /home/diogo/openmc_data/endfb-vii.1-hdf5/neutron/Ca40.h5
 Reading Ca42 from /home/diogo/openmc_data/endfb-vii.1-hdf5/neutron/Ca42.h5
 Reading Ca43 from /home/diogo/openmc_data/endfb-vii.1-hdf5/neutron/Ca43.h5
 Reading Ca44 from /home/diogo/openmc_data/endfb-vii.1-hdf5/neutron/Ca44.h5
 Reading Ca46 from /home/diogo/openmc_data/endfb-vii.1-hdf5/neutron/Ca46.h5
 Reading Sc45 from /home/diogo/openmc_data/endfb-vii.1-hdf5/neutron/Sc45.h5
 Reading Ti46 from /home/diogo/openmc_data/endfb-vii.1-hdf5/neutron/Ti46.h5
 Reading Ti47 from /home/diogo/openmc_data/endfb-vii.1-hdf5/neutron/Ti47.h5
 Reading Ti48 from /home/diogo/openmc_data/endfb-vii.1-hdf5/neutron/Ti48.h5
 Reading Ti49 from /home/diogo/openmc_data/endfb-vii.1-hdf5/neutron/Ti49.h5
 Reading Ti50 from /home/diogo/openmc_data/endfb-vii.1-hdf5/neutron/Ti50.h5
 Reading V50 from /home/diogo/openmc_data/endfb-vii.1-hdf5/neutron/V50.h5
 Reading V51 from /home/diogo/openmc_data/endfb-vii.1-hdf5/neutron/V51.h5
 Reading Co58 from /home/diogo/openmc_data/endfb-vii.1-hdf5/neutron/Co58.h5
 Reading Co59 from /home/diogo/openmc_data/endfb-vii.1-hdf5/neutron/Co59.h5
 Reading Ni59 from /home/diogo/openmc_data/endfb-vii.1-hdf5/neutron/Ni59.h5
 Reading Cu63 from /home/diogo/openmc_data/endfb-vii.1-hdf5/neutron/Cu63.h5
 Reading Cu65 from /home/diogo/openmc_data/endfb-vii.1-hdf5/neutron/Cu65.h5
 Reading Zn64 from /home/diogo/openmc_data/endfb-vii.1-hdf5/neutron/Zn64.h5
 Reading Zn65 from /home/diogo/openmc_data/endfb-vii.1-hdf5/neutron/Zn65.h5
 Reading Zn66 from /home/diogo/openmc_data/endfb-vii.1-hdf5/neutron/Zn66.h5
 Reading Zn67 from /home/diogo/openmc_data/endfb-vii.1-hdf5/neutron/Zn67.h5
 Reading Zn68 from /home/diogo/openmc_data/endfb-vii.1-hdf5/neutron/Zn68.h5
 Reading Zn70 from /home/diogo/openmc_data/endfb-vii.1-hdf5/neutron/Zn70.h5
 Reading Ga69 from /home/diogo/openmc_data/endfb-vii.1-hdf5/neutron/Ga69.h5
 Reading Ga71 from /home/diogo/openmc_data/endfb-vii.1-hdf5/neutron/Ga71.h5
 Reading Ge70 from /home/diogo/openmc_data/endfb-vii.1-hdf5/neutron/Ge70.h5
 Reading Ge72 from /home/diogo/openmc_data/endfb-vii.1-hdf5/neutron/Ge72.h5
 Reading Ge73 from /home/diogo/openmc_data/endfb-vii.1-hdf5/neutron/Ge73.h5
 Reading Ge74 from /home/diogo/openmc_data/endfb-vii.1-hdf5/neutron/Ge74.h5
 Reading Ge76 from /home/diogo/openmc_data/endfb-vii.1-hdf5/neutron/Ge76.h5
 Reading As74 from /home/diogo/openmc_data/endfb-vii.1-hdf5/neutron/As74.h5
 Reading As75 from /home/diogo/openmc_data/endfb-vii.1-hdf5/neutron/As75.h5
 Reading Se74 from /home/diogo/openmc_data/endfb-vii.1-hdf5/neutron/Se74.h5
 Reading Se76 from /home/diogo/openmc_data/endfb-vii.1-hdf5/neutron/Se76.h5
 Reading Se77 from /home/diogo/openmc_data/endfb-vii.1-hdf5/neutron/Se77.h5
 Reading Se78 from /home/diogo/openmc_data/endfb-vii.1-hdf5/neutron/Se78.h5
 Reading Se79 from /home/diogo/openmc_data/endfb-vii.1-hdf5/neutron/Se79.h5
 WARNING: Negative value(s) found on probability table for nuclide Se79 at 250K
 WARNING: Negative value(s) found on probability table for nuclide Se79 at 294K
 WARNING: Negative value(s) found on probability table for nuclide Se79 at 600K
 WARNING: Negative value(s) found on probability table for nuclide Se79 at 900K
 WARNING: Negative value(s) found on probability table for nuclide Se79 at 1200K
 Reading Se80 from /home/diogo/openmc_data/endfb-vii.1-hdf5/neutron/Se80.h5
 Reading Se82 from /home/diogo/openmc_data/endfb-vii.1-hdf5/neutron/Se82.h5
 Reading Br79 from /home/diogo/openmc_data/endfb-vii.1-hdf5/neutron/Br79.h5
 Reading Br81 from /home/diogo/openmc_data/endfb-vii.1-hdf5/neutron/Br81.h5
 Reading Kr78 from /home/diogo/openmc_data/endfb-vii.1-hdf5/neutron/Kr78.h5
 Reading Kr80 from /home/diogo/openmc_data/endfb-vii.1-hdf5/neutron/Kr80.h5
 Reading Kr82 from /home/diogo/openmc_data/endfb-vii.1-hdf5/neutron/Kr82.h5
 Reading Kr83 from /home/diogo/openmc_data/endfb-vii.1-hdf5/neutron/Kr83.h5
 Reading Kr84 from /home/diogo/openmc_data/endfb-vii.1-hdf5/neutron/Kr84.h5
 Reading Kr85 from /home/diogo/openmc_data/endfb-vii.1-hdf5/neutron/Kr85.h5
 Reading Kr86 from /home/diogo/openmc_data/endfb-vii.1-hdf5/neutron/Kr86.h5
 Reading Rb85 from /home/diogo/openmc_data/endfb-vii.1-hdf5/neutron/Rb85.h5
 Reading Rb86 from /home/diogo/openmc_data/endfb-vii.1-hdf5/neutron/Rb86.h5
 Reading Rb87 from /home/diogo/openmc_data/endfb-vii.1-hdf5/neutron/Rb87.h5
 Reading Sr84 from /home/diogo/openmc_data/endfb-vii.1-hdf5/neutron/Sr84.h5
 Reading Sr86 from /home/diogo/openmc_data/endfb-vii.1-hdf5/neutron/Sr86.h5
 Reading Sr87 from /home/diogo/openmc_data/endfb-vii.1-hdf5/neutron/Sr87.h5
 Reading Sr88 from /home/diogo/openmc_data/endfb-vii.1-hdf5/neutron/Sr88.h5
 Reading Sr89 from /home/diogo/openmc_data/endfb-vii.1-hdf5/neutron/Sr89.h5
 Reading Sr90 from /home/diogo/openmc_data/endfb-vii.1-hdf5/neutron/Sr90.h5
 Reading Y89 from /home/diogo/openmc_data/endfb-vii.1-hdf5/neutron/Y89.h5
 Reading Y90 from /home/diogo/openmc_data/endfb-vii.1-hdf5/neutron/Y90.h5
 Reading Y91 from /home/diogo/openmc_data/endfb-vii.1-hdf5/neutron/Y91.h5
 Reading Zr93 from /home/diogo/openmc_data/endfb-vii.1-hdf5/neutron/Zr93.h5
 Reading Zr95 from /home/diogo/openmc_data/endfb-vii.1-hdf5/neutron/Zr95.h5
 Reading Nb93 from /home/diogo/openmc_data/endfb-vii.1-hdf5/neutron/Nb93.h5
 Reading Nb94 from /home/diogo/openmc_data/endfb-vii.1-hdf5/neutron/Nb94.h5
 WARNING: Negative value(s) found on probability table for nuclide Nb94 at 250K
 WARNING: Negative value(s) found on probability table for nuclide Nb94 at 294K
 WARNING: Negative value(s) found on probability table for nuclide Nb94 at 600K
 WARNING: Negative value(s) found on probability table for nuclide Nb94 at 900K
 WARNING: Negative value(s) found on probability table for nuclide Nb94 at 1200K
 WARNING: Negative value(s) found on probability table for nuclide Nb94 at 2500K
 Reading Nb95 from /home/diogo/openmc_data/endfb-vii.1-hdf5/neutron/Nb95.h5
 WARNING: Negative value(s) found on probability table for nuclide Nb95 at 250K
 WARNING: Negative value(s) found on probability table for nuclide Nb95 at 294K
 WARNING: Negative value(s) found on probability table for nuclide Nb95 at 600K
 WARNING: Negative value(s) found on probability table for nuclide Nb95 at 900K
 WARNING: Negative value(s) found on probability table for nuclide Nb95 at 1200K
 Reading Mo92 from /home/diogo/openmc_data/endfb-vii.1-hdf5/neutron/Mo92.h5
 Reading Mo94 from /home/diogo/openmc_data/endfb-vii.1-hdf5/neutron/Mo94.h5
 Reading Mo95 from /home/diogo/openmc_data/endfb-vii.1-hdf5/neutron/Mo95.h5
 Reading Mo96 from /home/diogo/openmc_data/endfb-vii.1-hdf5/neutron/Mo96.h5
 Reading Mo97 from /home/diogo/openmc_data/endfb-vii.1-hdf5/neutron/Mo97.h5
 Reading Mo98 from /home/diogo/openmc_data/endfb-vii.1-hdf5/neutron/Mo98.h5
 Reading Mo99 from /home/diogo/openmc_data/endfb-vii.1-hdf5/neutron/Mo99.h5
 WARNING: Negative value(s) found on probability table for nuclide Mo99 at 250K
 WARNING: Negative value(s) found on probability table for nuclide Mo99 at 294K
 WARNING: Negative value(s) found on probability table for nuclide Mo99 at 600K
 WARNING: Negative value(s) found on probability table for nuclide Mo99 at 900K
 WARNING: Negative value(s) found on probability table for nuclide Mo99 at 1200K
 WARNING: Negative value(s) found on probability table for nuclide Mo99 at 2500K
 Reading Mo100 from /home/diogo/openmc_data/endfb-vii.1-hdf5/neutron/Mo100.h5
 Reading Tc99 from /home/diogo/openmc_data/endfb-vii.1-hdf5/neutron/Tc99.h5
 Reading Ru98 from /home/diogo/openmc_data/endfb-vii.1-hdf5/neutron/Ru98.h5
 Reading Ru99 from /home/diogo/openmc_data/endfb-vii.1-hdf5/neutron/Ru99.h5
 Reading Ru100 from /home/diogo/openmc_data/endfb-vii.1-hdf5/neutron/Ru100.h5
 Reading Ru101 from /home/diogo/openmc_data/endfb-vii.1-hdf5/neutron/Ru101.h5
 Reading Ru102 from /home/diogo/openmc_data/endfb-vii.1-hdf5/neutron/Ru102.h5
 Reading Ru103 from /home/diogo/openmc_data/endfb-vii.1-hdf5/neutron/Ru103.h5
 Reading Ru104 from /home/diogo/openmc_data/endfb-vii.1-hdf5/neutron/Ru104.h5
 Reading Ru105 from /home/diogo/openmc_data/endfb-vii.1-hdf5/neutron/Ru105.h5
 Reading Ru106 from /home/diogo/openmc_data/endfb-vii.1-hdf5/neutron/Ru106.h5
 Reading Rh103 from /home/diogo/openmc_data/endfb-vii.1-hdf5/neutron/Rh103.h5
 Reading Rh105 from /home/diogo/openmc_data/endfb-vii.1-hdf5/neutron/Rh105.h5
 Reading Pd102 from /home/diogo/openmc_data/endfb-vii.1-hdf5/neutron/Pd102.h5
 Reading Pd104 from /home/diogo/openmc_data/endfb-vii.1-hdf5/neutron/Pd104.h5
 Reading Pd105 from /home/diogo/openmc_data/endfb-vii.1-hdf5/neutron/Pd105.h5
 Reading Pd106 from /home/diogo/openmc_data/endfb-vii.1-hdf5/neutron/Pd106.h5
 Reading Pd107 from /home/diogo/openmc_data/endfb-vii.1-hdf5/neutron/Pd107.h5
 Reading Pd108 from /home/diogo/openmc_data/endfb-vii.1-hdf5/neutron/Pd108.h5
 Reading Pd110 from /home/diogo/openmc_data/endfb-vii.1-hdf5/neutron/Pd110.h5
 Reading Ag110_m1 from
 /home/diogo/openmc_data/endfb-vii.1-hdf5/neutron/Ag110_m1.h5
 Reading Ag111 from /home/diogo/openmc_data/endfb-vii.1-hdf5/neutron/Ag111.h5
 Reading Cd115_m1 from
 /home/diogo/openmc_data/endfb-vii.1-hdf5/neutron/Cd115_m1.h5
 Reading Sn113 from /home/diogo/openmc_data/endfb-vii.1-hdf5/neutron/Sn113.h5
 Reading Sn123 from /home/diogo/openmc_data/endfb-vii.1-hdf5/neutron/Sn123.h5
 WARNING: Negative value(s) found on probability table for nuclide Sn123 at 250K
 WARNING: Negative value(s) found on probability table for nuclide Sn123 at 294K
 WARNING: Negative value(s) found on probability table for nuclide Sn123 at 600K
 WARNING: Negative value(s) found on probability table for nuclide Sn123 at 900K
 WARNING: Negative value(s) found on probability table for nuclide Sn123 at
          1200K
 WARNING: Negative value(s) found on probability table for nuclide Sn123 at
          2500K
 Reading Sn125 from /home/diogo/openmc_data/endfb-vii.1-hdf5/neutron/Sn125.h5
 Reading Sn126 from /home/diogo/openmc_data/endfb-vii.1-hdf5/neutron/Sn126.h5
 Reading Sb121 from /home/diogo/openmc_data/endfb-vii.1-hdf5/neutron/Sb121.h5
 Reading Sb123 from /home/diogo/openmc_data/endfb-vii.1-hdf5/neutron/Sb123.h5
 Reading Sb124 from /home/diogo/openmc_data/endfb-vii.1-hdf5/neutron/Sb124.h5
 Reading Sb125 from /home/diogo/openmc_data/endfb-vii.1-hdf5/neutron/Sb125.h5
 Reading Sb126 from /home/diogo/openmc_data/endfb-vii.1-hdf5/neutron/Sb126.h5
 Reading Te120 from /home/diogo/openmc_data/endfb-vii.1-hdf5/neutron/Te120.h5
 WARNING: Negative value(s) found on probability table for nuclide Te120 at 600K
 WARNING: Negative value(s) found on probability table for nuclide Te120 at 900K
 WARNING: Negative value(s) found on probability table for nuclide Te120 at
          1200K
 WARNING: Negative value(s) found on probability table for nuclide Te120 at
          2500K
 Reading Te122 from /home/diogo/openmc_data/endfb-vii.1-hdf5/neutron/Te122.h5
 Reading Te123 from /home/diogo/openmc_data/endfb-vii.1-hdf5/neutron/Te123.h5
 Reading Te124 from /home/diogo/openmc_data/endfb-vii.1-hdf5/neutron/Te124.h5
 Reading Te125 from /home/diogo/openmc_data/endfb-vii.1-hdf5/neutron/Te125.h5
 Reading Te126 from /home/diogo/openmc_data/endfb-vii.1-hdf5/neutron/Te126.h5
 Reading Te127_m1 from
 /home/diogo/openmc_data/endfb-vii.1-hdf5/neutron/Te127_m1.h5
 Reading Te128 from /home/diogo/openmc_data/endfb-vii.1-hdf5/neutron/Te128.h5
 Reading Te129_m1 from
 /home/diogo/openmc_data/endfb-vii.1-hdf5/neutron/Te129_m1.h5
 Reading Te130 from /home/diogo/openmc_data/endfb-vii.1-hdf5/neutron/Te130.h5
 Reading Te132 from /home/diogo/openmc_data/endfb-vii.1-hdf5/neutron/Te132.h5
 Reading I127 from /home/diogo/openmc_data/endfb-vii.1-hdf5/neutron/I127.h5
 Reading I129 from /home/diogo/openmc_data/endfb-vii.1-hdf5/neutron/I129.h5
 Reading I130 from /home/diogo/openmc_data/endfb-vii.1-hdf5/neutron/I130.h5
 Reading I131 from /home/diogo/openmc_data/endfb-vii.1-hdf5/neutron/I131.h5
 WARNING: Negative value(s) found on probability table for nuclide I131 at 250K
 WARNING: Negative value(s) found on probability table for nuclide I131 at 294K
 WARNING: Negative value(s) found on probability table for nuclide I131 at 600K
 WARNING: Negative value(s) found on probability table for nuclide I131 at 900K
 WARNING: Negative value(s) found on probability table for nuclide I131 at 1200K
 WARNING: Negative value(s) found on probability table for nuclide I131 at 2500K
 Reading I135 from /home/diogo/openmc_data/endfb-vii.1-hdf5/neutron/I135.h5
 Reading Xe126 from /home/diogo/openmc_data/endfb-vii.1-hdf5/neutron/Xe126.h5
 Reading Xe128 from /home/diogo/openmc_data/endfb-vii.1-hdf5/neutron/Xe128.h5
 Reading Xe129 from /home/diogo/openmc_data/endfb-vii.1-hdf5/neutron/Xe129.h5
 Reading Xe130 from /home/diogo/openmc_data/endfb-vii.1-hdf5/neutron/Xe130.h5
 Reading Xe131 from /home/diogo/openmc_data/endfb-vii.1-hdf5/neutron/Xe131.h5
 Reading Xe132 from /home/diogo/openmc_data/endfb-vii.1-hdf5/neutron/Xe132.h5
 Reading Xe133 from /home/diogo/openmc_data/endfb-vii.1-hdf5/neutron/Xe133.h5
 WARNING: Negative value(s) found on probability table for nuclide Xe133 at
          2500K
 Reading Xe134 from /home/diogo/openmc_data/endfb-vii.1-hdf5/neutron/Xe134.h5
 Reading Xe135 from /home/diogo/openmc_data/endfb-vii.1-hdf5/neutron/Xe135.h5
 Reading Xe136 from /home/diogo/openmc_data/endfb-vii.1-hdf5/neutron/Xe136.h5
 Reading Cs133 from /home/diogo/openmc_data/endfb-vii.1-hdf5/neutron/Cs133.h5
 Reading Cs134 from /home/diogo/openmc_data/endfb-vii.1-hdf5/neutron/Cs134.h5
 Reading Cs135 from /home/diogo/openmc_data/endfb-vii.1-hdf5/neutron/Cs135.h5
 Reading Cs136 from /home/diogo/openmc_data/endfb-vii.1-hdf5/neutron/Cs136.h5
 WARNING: Negative value(s) found on probability table for nuclide Cs136 at 250K
 WARNING: Negative value(s) found on probability table for nuclide Cs136 at 294K
 WARNING: Negative value(s) found on probability table for nuclide Cs136 at 600K
 WARNING: Negative value(s) found on probability table for nuclide Cs136 at 900K
 WARNING: Negative value(s) found on probability table for nuclide Cs136 at
          1200K
 WARNING: Negative value(s) found on probability table for nuclide Cs136 at
          2500K
 Reading Cs137 from /home/diogo/openmc_data/endfb-vii.1-hdf5/neutron/Cs137.h5
 Reading Ba132 from /home/diogo/openmc_data/endfb-vii.1-hdf5/neutron/Ba132.h5
 Reading Ba133 from /home/diogo/openmc_data/endfb-vii.1-hdf5/neutron/Ba133.h5
 Reading Ba134 from /home/diogo/openmc_data/endfb-vii.1-hdf5/neutron/Ba134.h5
 Reading Ba135 from /home/diogo/openmc_data/endfb-vii.1-hdf5/neutron/Ba135.h5
 Reading Ba136 from /home/diogo/openmc_data/endfb-vii.1-hdf5/neutron/Ba136.h5
 Reading Ba137 from /home/diogo/openmc_data/endfb-vii.1-hdf5/neutron/Ba137.h5
 Reading Ba138 from /home/diogo/openmc_data/endfb-vii.1-hdf5/neutron/Ba138.h5
 Reading Ba140 from /home/diogo/openmc_data/endfb-vii.1-hdf5/neutron/Ba140.h5
 Reading La138 from /home/diogo/openmc_data/endfb-vii.1-hdf5/neutron/La138.h5
 Reading La139 from /home/diogo/openmc_data/endfb-vii.1-hdf5/neutron/La139.h5
 Reading La140 from /home/diogo/openmc_data/endfb-vii.1-hdf5/neutron/La140.h5
 Reading Ce138 from /home/diogo/openmc_data/endfb-vii.1-hdf5/neutron/Ce138.h5
 Reading Ce139 from /home/diogo/openmc_data/endfb-vii.1-hdf5/neutron/Ce139.h5
 Reading Ce140 from /home/diogo/openmc_data/endfb-vii.1-hdf5/neutron/Ce140.h5
 Reading Ce141 from /home/diogo/openmc_data/endfb-vii.1-hdf5/neutron/Ce141.h5
 Reading Ce142 from /home/diogo/openmc_data/endfb-vii.1-hdf5/neutron/Ce142.h5
 Reading Ce143 from /home/diogo/openmc_data/endfb-vii.1-hdf5/neutron/Ce143.h5
 Reading Ce144 from /home/diogo/openmc_data/endfb-vii.1-hdf5/neutron/Ce144.h5
 Reading Pr141 from /home/diogo/openmc_data/endfb-vii.1-hdf5/neutron/Pr141.h5
 Reading Pr142 from /home/diogo/openmc_data/endfb-vii.1-hdf5/neutron/Pr142.h5
 Reading Pr143 from /home/diogo/openmc_data/endfb-vii.1-hdf5/neutron/Pr143.h5
 Reading Nd142 from /home/diogo/openmc_data/endfb-vii.1-hdf5/neutron/Nd142.h5
 Reading Nd143 from /home/diogo/openmc_data/endfb-vii.1-hdf5/neutron/Nd143.h5
 Reading Nd144 from /home/diogo/openmc_data/endfb-vii.1-hdf5/neutron/Nd144.h5
 Reading Nd145 from /home/diogo/openmc_data/endfb-vii.1-hdf5/neutron/Nd145.h5
 Reading Nd146 from /home/diogo/openmc_data/endfb-vii.1-hdf5/neutron/Nd146.h5
 Reading Nd147 from /home/diogo/openmc_data/endfb-vii.1-hdf5/neutron/Nd147.h5
 Reading Nd148 from /home/diogo/openmc_data/endfb-vii.1-hdf5/neutron/Nd148.h5
 Reading Nd150 from /home/diogo/openmc_data/endfb-vii.1-hdf5/neutron/Nd150.h5
 Reading Pm147 from /home/diogo/openmc_data/endfb-vii.1-hdf5/neutron/Pm147.h5
 Reading Pm148 from /home/diogo/openmc_data/endfb-vii.1-hdf5/neutron/Pm148.h5
 Reading Pm148_m1 from
 /home/diogo/openmc_data/endfb-vii.1-hdf5/neutron/Pm148_m1.h5
 Reading Pm149 from /home/diogo/openmc_data/endfb-vii.1-hdf5/neutron/Pm149.h5
 Reading Pm151 from /home/diogo/openmc_data/endfb-vii.1-hdf5/neutron/Pm151.h5
 Reading Sm144 from /home/diogo/openmc_data/endfb-vii.1-hdf5/neutron/Sm144.h5
 Reading Sm147 from /home/diogo/openmc_data/endfb-vii.1-hdf5/neutron/Sm147.h5
 Reading Sm148 from /home/diogo/openmc_data/endfb-vii.1-hdf5/neutron/Sm148.h5
 Reading Sm149 from /home/diogo/openmc_data/endfb-vii.1-hdf5/neutron/Sm149.h5
 Reading Sm150 from /home/diogo/openmc_data/endfb-vii.1-hdf5/neutron/Sm150.h5
 Reading Sm151 from /home/diogo/openmc_data/endfb-vii.1-hdf5/neutron/Sm151.h5
 Reading Sm152 from /home/diogo/openmc_data/endfb-vii.1-hdf5/neutron/Sm152.h5
 Reading Sm153 from /home/diogo/openmc_data/endfb-vii.1-hdf5/neutron/Sm153.h5
 Reading Sm154 from /home/diogo/openmc_data/endfb-vii.1-hdf5/neutron/Sm154.h5
 Reading Eu151 from /home/diogo/openmc_data/endfb-vii.1-hdf5/neutron/Eu151.h5
 Reading Eu152 from /home/diogo/openmc_data/endfb-vii.1-hdf5/neutron/Eu152.h5
 Reading Eu153 from /home/diogo/openmc_data/endfb-vii.1-hdf5/neutron/Eu153.h5
 Reading Eu154 from /home/diogo/openmc_data/endfb-vii.1-hdf5/neutron/Eu154.h5
 Reading Eu155 from /home/diogo/openmc_data/endfb-vii.1-hdf5/neutron/Eu155.h5
 Reading Eu156 from /home/diogo/openmc_data/endfb-vii.1-hdf5/neutron/Eu156.h5
 WARNING: Negative value(s) found on probability table for nuclide Eu156 at 250K
 WARNING: Negative value(s) found on probability table for nuclide Eu156 at 294K
 WARNING: Negative value(s) found on probability table for nuclide Eu156 at 600K
 WARNING: Negative value(s) found on probability table for nuclide Eu156 at 900K
 WARNING: Negative value(s) found on probability table for nuclide Eu156 at
          1200K
 WARNING: Negative value(s) found on probability table for nuclide Eu156 at
          2500K
 Reading Eu157 from /home/diogo/openmc_data/endfb-vii.1-hdf5/neutron/Eu157.h5
 Reading Gd153 from /home/diogo/openmc_data/endfb-vii.1-hdf5/neutron/Gd153.h5
 Reading Tb159 from /home/diogo/openmc_data/endfb-vii.1-hdf5/neutron/Tb159.h5
 Reading Tb160 from /home/diogo/openmc_data/endfb-vii.1-hdf5/neutron/Tb160.h5
 Reading Dy156 from /home/diogo/openmc_data/endfb-vii.1-hdf5/neutron/Dy156.h5
 Reading Dy158 from /home/diogo/openmc_data/endfb-vii.1-hdf5/neutron/Dy158.h5
 Reading Dy160 from /home/diogo/openmc_data/endfb-vii.1-hdf5/neutron/Dy160.h5
 Reading Dy161 from /home/diogo/openmc_data/endfb-vii.1-hdf5/neutron/Dy161.h5
 Reading Dy162 from /home/diogo/openmc_data/endfb-vii.1-hdf5/neutron/Dy162.h5
 Reading Dy163 from /home/diogo/openmc_data/endfb-vii.1-hdf5/neutron/Dy163.h5
 Reading Dy164 from /home/diogo/openmc_data/endfb-vii.1-hdf5/neutron/Dy164.h5
 Reading Ho165 from /home/diogo/openmc_data/endfb-vii.1-hdf5/neutron/Ho165.h5
 Reading Ho166_m1 from
 /home/diogo/openmc_data/endfb-vii.1-hdf5/neutron/Ho166_m1.h5
 Reading Er162 from /home/diogo/openmc_data/endfb-vii.1-hdf5/neutron/Er162.h5
 Reading Er164 from /home/diogo/openmc_data/endfb-vii.1-hdf5/neutron/Er164.h5
 Reading Er166 from /home/diogo/openmc_data/endfb-vii.1-hdf5/neutron/Er166.h5
 Reading Er167 from /home/diogo/openmc_data/endfb-vii.1-hdf5/neutron/Er167.h5
 Reading Er168 from /home/diogo/openmc_data/endfb-vii.1-hdf5/neutron/Er168.h5
 Reading Er170 from /home/diogo/openmc_data/endfb-vii.1-hdf5/neutron/Er170.h5
 Reading Tm168 from /home/diogo/openmc_data/endfb-vii.1-hdf5/neutron/Tm168.h5
 Reading Tm169 from /home/diogo/openmc_data/endfb-vii.1-hdf5/neutron/Tm169.h5
 Reading Tm170 from /home/diogo/openmc_data/endfb-vii.1-hdf5/neutron/Tm170.h5
 Reading Ir193 from /home/diogo/openmc_data/endfb-vii.1-hdf5/neutron/Ir193.h5
 Reading Au197 from /home/diogo/openmc_data/endfb-vii.1-hdf5/neutron/Au197.h5
 Reading Hg196 from /home/diogo/openmc_data/endfb-vii.1-hdf5/neutron/Hg196.h5
 Reading Hg198 from /home/diogo/openmc_data/endfb-vii.1-hdf5/neutron/Hg198.h5
 Reading Hg199 from /home/diogo/openmc_data/endfb-vii.1-hdf5/neutron/Hg199.h5
 Reading Hg200 from /home/diogo/openmc_data/endfb-vii.1-hdf5/neutron/Hg200.h5
 Reading Hg201 from /home/diogo/openmc_data/endfb-vii.1-hdf5/neutron/Hg201.h5
 Reading Hg202 from /home/diogo/openmc_data/endfb-vii.1-hdf5/neutron/Hg202.h5
 Reading Hg204 from /home/diogo/openmc_data/endfb-vii.1-hdf5/neutron/Hg204.h5
 Reading Tl203 from /home/diogo/openmc_data/endfb-vii.1-hdf5/neutron/Tl203.h5
 Reading Tl205 from /home/diogo/openmc_data/endfb-vii.1-hdf5/neutron/Tl205.h5
 Reading Pb204 from /home/diogo/openmc_data/endfb-vii.1-hdf5/neutron/Pb204.h5
 Reading Pb206 from /home/diogo/openmc_data/endfb-vii.1-hdf5/neutron/Pb206.h5
 Reading Pb207 from /home/diogo/openmc_data/endfb-vii.1-hdf5/neutron/Pb207.h5
 Reading Pb208 from /home/diogo/openmc_data/endfb-vii.1-hdf5/neutron/Pb208.h5
 Reading Bi209 from /home/diogo/openmc_data/endfb-vii.1-hdf5/neutron/Bi209.h5
 Reading Ra223 from /home/diogo/openmc_data/endfb-vii.1-hdf5/neutron/Ra223.h5
 Reading Ra224 from /home/diogo/openmc_data/endfb-vii.1-hdf5/neutron/Ra224.h5
 Reading Ra225 from /home/diogo/openmc_data/endfb-vii.1-hdf5/neutron/Ra225.h5
 Reading Ra226 from /home/diogo/openmc_data/endfb-vii.1-hdf5/neutron/Ra226.h5
 Reading Ac225 from /home/diogo/openmc_data/endfb-vii.1-hdf5/neutron/Ac225.h5
 Reading Ac226 from /home/diogo/openmc_data/endfb-vii.1-hdf5/neutron/Ac226.h5
 Reading Ac227 from /home/diogo/openmc_data/endfb-vii.1-hdf5/neutron/Ac227.h5
 Reading Th227 from /home/diogo/openmc_data/endfb-vii.1-hdf5/neutron/Th227.h5
 Reading Th228 from /home/diogo/openmc_data/endfb-vii.1-hdf5/neutron/Th228.h5
 Reading Th229 from /home/diogo/openmc_data/endfb-vii.1-hdf5/neutron/Th229.h5
 Reading Th230 from /home/diogo/openmc_data/endfb-vii.1-hdf5/neutron/Th230.h5
 Reading Th231 from /home/diogo/openmc_data/endfb-vii.1-hdf5/neutron/Th231.h5
 Reading Th232 from /home/diogo/openmc_data/endfb-vii.1-hdf5/neutron/Th232.h5
 Reading Th233 from /home/diogo/openmc_data/endfb-vii.1-hdf5/neutron/Th233.h5
 Reading Th234 from /home/diogo/openmc_data/endfb-vii.1-hdf5/neutron/Th234.h5
 Reading Pa229 from /home/diogo/openmc_data/endfb-vii.1-hdf5/neutron/Pa229.h5
 Reading Pa230 from /home/diogo/openmc_data/endfb-vii.1-hdf5/neutron/Pa230.h5
 Reading Pa231 from /home/diogo/openmc_data/endfb-vii.1-hdf5/neutron/Pa231.h5
 Reading Pa232 from /home/diogo/openmc_data/endfb-vii.1-hdf5/neutron/Pa232.h5
 Reading Pa233 from /home/diogo/openmc_data/endfb-vii.1-hdf5/neutron/Pa233.h5
 Reading U230 from /home/diogo/openmc_data/endfb-vii.1-hdf5/neutron/U230.h5
 Reading U231 from /home/diogo/openmc_data/endfb-vii.1-hdf5/neutron/U231.h5
 Reading U232 from /home/diogo/openmc_data/endfb-vii.1-hdf5/neutron/U232.h5
 Reading U233 from /home/diogo/openmc_data/endfb-vii.1-hdf5/neutron/U233.h5
 Reading U236 from /home/diogo/openmc_data/endfb-vii.1-hdf5/neutron/U236.h5
 Reading U237 from /home/diogo/openmc_data/endfb-vii.1-hdf5/neutron/U237.h5
 Reading U239 from /home/diogo/openmc_data/endfb-vii.1-hdf5/neutron/U239.h5
 Reading U240 from /home/diogo/openmc_data/endfb-vii.1-hdf5/neutron/U240.h5
 Reading U241 from /home/diogo/openmc_data/endfb-vii.1-hdf5/neutron/U241.h5
 Reading Np234 from /home/diogo/openmc_data/endfb-vii.1-hdf5/neutron/Np234.h5
 Reading Np235 from /home/diogo/openmc_data/endfb-vii.1-hdf5/neutron/Np235.h5
 Reading Np236 from /home/diogo/openmc_data/endfb-vii.1-hdf5/neutron/Np236.h5
 Reading Np237 from /home/diogo/openmc_data/endfb-vii.1-hdf5/neutron/Np237.h5
 Reading Np238 from /home/diogo/openmc_data/endfb-vii.1-hdf5/neutron/Np238.h5
 Reading Np239 from /home/diogo/openmc_data/endfb-vii.1-hdf5/neutron/Np239.h5
 Reading Pu236 from /home/diogo/openmc_data/endfb-vii.1-hdf5/neutron/Pu236.h5
 Reading Pu237 from /home/diogo/openmc_data/endfb-vii.1-hdf5/neutron/Pu237.h5
 Reading Pu238 from /home/diogo/openmc_data/endfb-vii.1-hdf5/neutron/Pu238.h5
 Reading Pu239 from /home/diogo/openmc_data/endfb-vii.1-hdf5/neutron/Pu239.h5
 Reading Pu240 from /home/diogo/openmc_data/endfb-vii.1-hdf5/neutron/Pu240.h5
 Reading Pu241 from /home/diogo/openmc_data/endfb-vii.1-hdf5/neutron/Pu241.h5
 Reading Pu242 from /home/diogo/openmc_data/endfb-vii.1-hdf5/neutron/Pu242.h5
 Reading Pu243 from /home/diogo/openmc_data/endfb-vii.1-hdf5/neutron/Pu243.h5
 Reading Pu244 from /home/diogo/openmc_data/endfb-vii.1-hdf5/neutron/Pu244.h5
 Reading Pu246 from /home/diogo/openmc_data/endfb-vii.1-hdf5/neutron/Pu246.h5
 Reading Am240 from /home/diogo/openmc_data/endfb-vii.1-hdf5/neutron/Am240.h5
 Reading Am241 from /home/diogo/openmc_data/endfb-vii.1-hdf5/neutron/Am241.h5
 Reading Am242 from /home/diogo/openmc_data/endfb-vii.1-hdf5/neutron/Am242.h5
 Reading Am242_m1 from
 /home/diogo/openmc_data/endfb-vii.1-hdf5/neutron/Am242_m1.h5
 Reading Am243 from /home/diogo/openmc_data/endfb-vii.1-hdf5/neutron/Am243.h5
 Reading Am244 from /home/diogo/openmc_data/endfb-vii.1-hdf5/neutron/Am244.h5
 Reading Am244_m1 from
 /home/diogo/openmc_data/endfb-vii.1-hdf5/neutron/Am244_m1.h5
 Reading Cm240 from /home/diogo/openmc_data/endfb-vii.1-hdf5/neutron/Cm240.h5
 Reading Cm241 from /home/diogo/openmc_data/endfb-vii.1-hdf5/neutron/Cm241.h5
 Reading Cm242 from /home/diogo/openmc_data/endfb-vii.1-hdf5/neutron/Cm242.h5
 Reading Cm243 from /home/diogo/openmc_data/endfb-vii.1-hdf5/neutron/Cm243.h5
 Reading Cm244 from /home/diogo/openmc_data/endfb-vii.1-hdf5/neutron/Cm244.h5
 Reading Cm245 from /home/diogo/openmc_data/endfb-vii.1-hdf5/neutron/Cm245.h5
 Reading Cm246 from /home/diogo/openmc_data/endfb-vii.1-hdf5/neutron/Cm246.h5
 Reading Cm247 from /home/diogo/openmc_data/endfb-vii.1-hdf5/neutron/Cm247.h5
 Reading Cm248 from /home/diogo/openmc_data/endfb-vii.1-hdf5/neutron/Cm248.h5
 Reading Cm249 from /home/diogo/openmc_data/endfb-vii.1-hdf5/neutron/Cm249.h5
 Reading Cm250 from /home/diogo/openmc_data/endfb-vii.1-hdf5/neutron/Cm250.h5
 Reading Bk245 from /home/diogo/openmc_data/endfb-vii.1-hdf5/neutron/Bk245.h5
 Reading Bk247 from /home/diogo/openmc_data/endfb-vii.1-hdf5/neutron/Bk247.h5
 Reading Bk248 from /home/diogo/openmc_data/endfb-vii.1-hdf5/neutron/Bk248.h5
 Reading Bk249 from /home/diogo/openmc_data/endfb-vii.1-hdf5/neutron/Bk249.h5
 Reading Bk250 from /home/diogo/openmc_data/endfb-vii.1-hdf5/neutron/Bk250.h5
 Reading Cf248 from /home/diogo/openmc_data/endfb-vii.1-hdf5/neutron/Cf248.h5
 Reading Cf249 from /home/diogo/openmc_data/endfb-vii.1-hdf5/neutron/Cf249.h5
 Reading Cf250 from /home/diogo/openmc_data/endfb-vii.1-hdf5/neutron/Cf250.h5
 WARNING: Negative value(s) found on probability table for nuclide Cf250 at 250K
 WARNING: Negative value(s) found on probability table for nuclide Cf250 at 294K
 WARNING: Negative value(s) found on probability table for nuclide Cf250 at 900K
 WARNING: Negative value(s) found on probability table for nuclide Cf250 at
          1200K
 Reading Cf251 from /home/diogo/openmc_data/endfb-vii.1-hdf5/neutron/Cf251.h5
 Reading Ir191 from /home/diogo/openmc_data/endfb-vii.1-hdf5/neutron/Ir191.h5
 Reading Lu175 from /home/diogo/openmc_data/endfb-vii.1-hdf5/neutron/Lu175.h5
 Reading Lu176 from /home/diogo/openmc_data/endfb-vii.1-hdf5/neutron/Lu176.h5
 Reading Hf176 from /home/diogo/openmc_data/endfb-vii.1-hdf5/neutron/Hf176.h5
 Reading Hf177 from /home/diogo/openmc_data/endfb-vii.1-hdf5/neutron/Hf177.h5
 Reading Hf178 from /home/diogo/openmc_data/endfb-vii.1-hdf5/neutron/Hf178.h5
 Reading Hf179 from /home/diogo/openmc_data/endfb-vii.1-hdf5/neutron/Hf179.h5
 Reading Hf180 from /home/diogo/openmc_data/endfb-vii.1-hdf5/neutron/Hf180.h5
 Reading Ta180 from /home/diogo/openmc_data/endfb-vii.1-hdf5/neutron/Ta180.h5
 Reading Ta181 from /home/diogo/openmc_data/endfb-vii.1-hdf5/neutron/Ta181.h5
 Reading Ta182 from /home/diogo/openmc_data/endfb-vii.1-hdf5/neutron/Ta182.h5
 Reading W180 from /home/diogo/openmc_data/endfb-vii.1-hdf5/neutron/W180.h5
 Reading W182 from /home/diogo/openmc_data/endfb-vii.1-hdf5/neutron/W182.h5
 Reading W183 from /home/diogo/openmc_data/endfb-vii.1-hdf5/neutron/W183.h5
 Reading W184 from /home/diogo/openmc_data/endfb-vii.1-hdf5/neutron/W184.h5
 Reading W186 from /home/diogo/openmc_data/endfb-vii.1-hdf5/neutron/W186.h5
 Reading Re185 from /home/diogo/openmc_data/endfb-vii.1-hdf5/neutron/Re185.h5
 Reading Re187 from /home/diogo/openmc_data/endfb-vii.1-hdf5/neutron/Re187.h5
 Reading Cf252 from /home/diogo/openmc_data/endfb-vii.1-hdf5/neutron/Cf252.h5
 Reading Ru96 from /home/diogo/openmc_data/endfb-vii.1-hdf5/neutron/Ru96.h5
 Reading Xe123 from /home/diogo/openmc_data/endfb-vii.1-hdf5/neutron/Xe123.h5
 Reading Xe124 from /home/diogo/openmc_data/endfb-vii.1-hdf5/neutron/Xe124.h5
 Reading Ba130 from /home/diogo/openmc_data/endfb-vii.1-hdf5/neutron/Ba130.h5
 Reading Ce136 from /home/diogo/openmc_data/endfb-vii.1-hdf5/neutron/Ce136.h5
 Reading Cf253 from /home/diogo/openmc_data/endfb-vii.1-hdf5/neutron/Cf253.h5
 Reading Cf254 from /home/diogo/openmc_data/endfb-vii.1-hdf5/neutron/Cf254.h5
 Reading Es251 from /home/diogo/openmc_data/endfb-vii.1-hdf5/neutron/Es251.h5
 Reading Es252 from /home/diogo/openmc_data/endfb-vii.1-hdf5/neutron/Es252.h5
 Reading Es253 from /home/diogo/openmc_data/endfb-vii.1-hdf5/neutron/Es253.h5
 Reading Es254 from /home/diogo/openmc_data/endfb-vii.1-hdf5/neutron/Es254.h5
 Reading Es254_m1 from
 /home/diogo/openmc_data/endfb-vii.1-hdf5/neutron/Es254_m1.h5
 Reading Es255 from /home/diogo/openmc_data/endfb-vii.1-hdf5/neutron/Es255.h5
 Reading Fm255 from /home/diogo/openmc_data/endfb-vii.1-hdf5/neutron/Fm255.h5
 Reading Bk246 from /home/diogo/openmc_data/endfb-vii.1-hdf5/neutron/Bk246.h5
 Reading Hf174 from /home/diogo/openmc_data/endfb-vii.1-hdf5/neutron/Hf174.h5
 Reading Cf246 from /home/diogo/openmc_data/endfb-vii.1-hdf5/neutron/Cf246.h5
 Reading Be9 from /home/diogo/openmc_data/endfb-vii.1-hdf5/neutron/Be9.h5
 Reading Ca48 from /home/diogo/openmc_data/endfb-vii.1-hdf5/neutron/Ca48.h5
 Reading Co58_m1 from
 /home/diogo/openmc_data/endfb-vii.1-hdf5/neutron/Co58_m1.h5
 Maximum neutron transport energy: 20000000 eV for H1
 Initializing source particles...

 ====================>     K EIGENVALUE SIMULATION     <====================

  Bat./Gen.      k       Entropy         Average k 
  =========   ========   ========   ====================
        1/1    0.91651    5.54607
        2/1    0.94160    5.51179
        3/1    0.94840    5.52123
        4/1    0.95112    5.47936
        5/1    0.97225    5.48131
        6/1    0.96885    5.46691
        7/1    0.96546    5.47302
        8/1    0.97633    5.45995
        9/1    1.00021    5.47068
       10/1    0.96940    5.46218
       11/1    0.96599    5.45246
       12/1    0.95070    5.45908
       13/1    0.96325    5.44543
       14/1    0.99293    5.46463
       15/1    0.93181    5.46946
       16/1    0.98075    5.46979
       17/1    0.97307    5.45817
       18/1    0.97287    5.45496
       19/1    0.99749    5.45693
       20/1    0.98438    5.46446
       21/1    0.97233    5.46806
       22/1    0.98725    5.46762
       23/1    0.94136    5.47192
       24/1    0.95779    5.46997
       25/1    0.99447    5.46668
       26/1    0.98856    5.43607
       27/1    0.98074    5.43769
       28/1    0.98008    5.45343
       29/1    0.97065    5.46434
       30/1    0.95907    5.46817
       31/1    0.96318    5.45672
       32/1    0.99699    5.45473
       33/1    0.94449    5.44968
       34/1    0.96895    5.44473
       35/1    0.96462    5.44422
       36/1    0.96177    5.43884
       37/1    0.99079    5.45236
       38/1    0.96476    5.44816
       39/1    0.96366    5.44738
       40/1    0.97143    5.46011
       41/1    0.98577    5.46276
       42/1    0.97849    5.47132
       43/1    1.01019    5.47501
       44/1    1.00247    5.47108
       45/1    0.95914    5.48216
       46/1    0.97945    5.48467
       47/1    0.96350    5.46900
       48/1    0.96603    5.46089
       49/1    0.95728    5.45725
       50/1    0.97331    5.46103
       51/1    0.95254    5.47536
       52/1    0.96660    5.46439    0.95957 +/- 0.00703
       53/1    0.98276    5.47394    0.96730 +/- 0.00873
       54/1    0.95559    5.48662    0.96437 +/- 0.00683
       55/1    0.97855    5.47051    0.96721 +/- 0.00601
       56/1    0.99807    5.46740    0.97235 +/- 0.00711
       57/1    0.99157    5.44823    0.97510 +/- 0.00660
       58/1    0.96422    5.45541    0.97374 +/- 0.00588
       59/1    0.97008    5.45101    0.97333 +/- 0.00520
       60/1    0.97262    5.43684    0.97326 +/- 0.00465
       61/1    0.97332    5.45739    0.97327 +/- 0.00421
       62/1    0.98194    5.45821    0.97399 +/- 0.00391
       63/1    0.97545    5.47080    0.97410 +/- 0.00360
       64/1    0.99626    5.47131    0.97568 +/- 0.00369
       65/1    0.96841    5.46745    0.97520 +/- 0.00347
       66/1    0.95959    5.47508    0.97422 +/- 0.00339
       67/1    0.98335    5.47147    0.97476 +/- 0.00323
       68/1    0.96177    5.47199    0.97404 +/- 0.00313
       69/1    0.96760    5.46014    0.97370 +/- 0.00298
       70/1    0.97394    5.48238    0.97371 +/- 0.00282
       71/1    0.99271    5.46640    0.97462 +/- 0.00283
       72/1    0.97630    5.44950    0.97469 +/- 0.00270
       73/1    0.97827    5.46634    0.97485 +/- 0.00259
       74/1    0.97215    5.47035    0.97474 +/- 0.00248
       75/1    0.97322    5.47853    0.97468 +/- 0.00238
       76/1    0.95582    5.46395    0.97395 +/- 0.00240
       77/1    0.94260    5.49322    0.97279 +/- 0.00258
       78/1    0.99161    5.46048    0.97346 +/- 0.00258
       79/1    0.96970    5.46927    0.97333 +/- 0.00249
       80/1    0.96823    5.47081    0.97316 +/- 0.00241
       81/1    1.00154    5.47707    0.97408 +/- 0.00251
       82/1    0.97314    5.47295    0.97405 +/- 0.00243
       83/1    0.98999    5.48414    0.97453 +/- 0.00240
       84/1    0.98274    5.46831    0.97477 +/- 0.00234
       85/1    0.97184    5.47317    0.97469 +/- 0.00228
       86/1    0.98181    5.47352    0.97489 +/- 0.00222
       87/1    0.97181    5.46355    0.97480 +/- 0.00216
       88/1    0.98444    5.45049    0.97506 +/- 0.00212
       89/1    0.97623    5.47585    0.97509 +/- 0.00206
       90/1    0.97180    5.44682    0.97501 +/- 0.00201
       91/1    0.98275    5.44902    0.97519 +/- 0.00197
       92/1    0.97024    5.43686    0.97508 +/- 0.00193
       93/1    0.97751    5.47032    0.97513 +/- 0.00188
       94/1    0.96800    5.46468    0.97497 +/- 0.00185
       95/1    0.97258    5.48455    0.97492 +/- 0.00181
       96/1    0.96548    5.48505    0.97471 +/- 0.00178
       97/1    0.98651    5.47436    0.97496 +/- 0.00176
       98/1    0.97280    5.48331    0.97492 +/- 0.00172
       99/1    0.96515    5.48059    0.97472 +/- 0.00170
      100/1    0.96066    5.49347    0.97444 +/- 0.00169
 Creating state point statepoint.100.h5...

 =======================>     TIMING STATISTICS     <=======================

 Total time for initialization     = 5.4015e+01 seconds
   Reading cross sections          = 7.9691e+00 seconds
 Total time in simulation          = 1.2257e+02 seconds
   Time in transport only          = 1.2217e+02 seconds
   Time in inactive batches        = 4.8806e+01 seconds
   Time in active batches          = 7.3765e+01 seconds
   Time synchronizing fission bank = 9.7111e-02 seconds
     Sampling source sites         = 8.4052e-02 seconds
     SEND/RECV source sites        = 1.2555e-02 seconds
   Time accumulating tallies       = 1.9288e-01 seconds
   Time writing statepoints        = 1.3633e-02 seconds
 Total time for finalization       = 1.0394e-02 seconds
 Total time elapsed                = 1.7705e+02 seconds
 Calculation Rate (inactive)       = 10244.7 particles/second
 Calculation Rate (active)         = 6778.28 particles/second

 ============================>     RESULTS     <============================

 k-effective (Collision)     = 0.97314 +/- 0.00151
 k-effective (Track-length)  = 0.97444 +/- 0.00169
 k-effective (Absorption)    = 0.97446 +/- 0.00138
 Combined k-effective        = 0.97428 +/- 0.00121
 Leakage Fraction            = 0.00740 +/- 0.00012

 Creating state point openmc_simulation_n6.h5...
[openmc.deplete] t=186069731.2168078 (final operator evaluation)
 Maximum neutron transport energy: 20000000 eV for H1
 Initializing source particles...

 ====================>     K EIGENVALUE SIMULATION     <====================

  Bat./Gen.      k       Entropy         Average k 
  =========   ========   ========   ====================
        1/1    0.91193    5.54748
        2/1    0.93946    5.53463
        3/1    0.92423    5.51158
        4/1    0.94914    5.50610
        5/1    0.91798    5.50483
        6/1    0.92970    5.48660
        7/1    0.94106    5.47615
        8/1    0.95049    5.47801
        9/1    0.96371    5.46229
       10/1    0.94111    5.46270
       11/1    0.95875    5.50702
       12/1    0.94923    5.48156
       13/1    0.96967    5.50405
       14/1    0.92178    5.46921
       15/1    0.95913    5.46678
       16/1    0.94233    5.47106
       17/1    0.95335    5.48869
       18/1    0.93221    5.48648
       19/1    0.96462    5.47634
       20/1    0.96668    5.50672
       21/1    0.94035    5.49756
       22/1    0.96442    5.50817
       23/1    0.92638    5.49133
       24/1    0.92655    5.48105
       25/1    0.94356    5.45808
       26/1    0.94704    5.46443
       27/1    0.93971    5.49330
       28/1    0.94900    5.48061
       29/1    0.94861    5.49164
       30/1    0.92095    5.48717
       31/1    0.94442    5.48919
       32/1    0.94264    5.47077
       33/1    0.94688    5.45599
       34/1    0.96433    5.47564
       35/1    0.94952    5.47805
       36/1    0.95063    5.47328
       37/1    0.95468    5.47691
       38/1    0.94199    5.47398
       39/1    0.94414    5.47726
       40/1    0.96147    5.48188
       41/1    0.93267    5.50778
       42/1    0.94161    5.48987
       43/1    0.96088    5.49424
       44/1    0.96234    5.50020
       45/1    0.94856    5.50462
       46/1    0.94895    5.49410
       47/1    0.95391    5.49425
       48/1    0.94100    5.50805
       49/1    0.94397    5.50329
       50/1    0.95904    5.47636
       51/1    0.95355    5.46831
       52/1    0.94103    5.46445    0.94729 +/- 0.00626
       53/1    0.94504    5.48227    0.94654 +/- 0.00369
       54/1    0.96334    5.49295    0.95074 +/- 0.00494
       55/1    0.94528    5.47606    0.94965 +/- 0.00398
       56/1    0.94121    5.47431    0.94824 +/- 0.00354
       57/1    0.96711    5.49771    0.95094 +/- 0.00403
       58/1    0.92485    5.49243    0.94768 +/- 0.00477
       59/1    0.97626    5.50594    0.95085 +/- 0.00527
       60/1    0.93762    5.51370    0.94953 +/- 0.00490
       61/1    0.95043    5.50780    0.94961 +/- 0.00443
       62/1    0.94400    5.50848    0.94914 +/- 0.00407
       63/1    0.93301    5.48884    0.94790 +/- 0.00395
       64/1    0.96154    5.48784    0.94888 +/- 0.00378
       65/1    0.94328    5.46446    0.94850 +/- 0.00354
       66/1    0.93480    5.47450    0.94765 +/- 0.00342
       67/1    0.96662    5.47371    0.94876 +/- 0.00340
       68/1    0.97407    5.48390    0.95017 +/- 0.00350
       69/1    0.94561    5.47109    0.94993 +/- 0.00332
       70/1    0.95025    5.45933    0.94995 +/- 0.00315
       71/1    0.92902    5.48633    0.94895 +/- 0.00316
       72/1    0.93392    5.50110    0.94827 +/- 0.00309
       73/1    0.94916    5.46740    0.94830 +/- 0.00295
       74/1    0.94759    5.46768    0.94828 +/- 0.00283
       75/1    0.95956    5.50046    0.94873 +/- 0.00275
       76/1    0.94990    5.49070    0.94877 +/- 0.00264
       77/1    0.94157    5.47343    0.94850 +/- 0.00255
       78/1    0.97375    5.48783    0.94941 +/- 0.00262
       79/1    0.95175    5.48440    0.94949 +/- 0.00253
       80/1    0.95640    5.47665    0.94972 +/- 0.00246
       81/1    0.96278    5.46493    0.95014 +/- 0.00241
       82/1    0.96927    5.45653    0.95074 +/- 0.00241
       83/1    0.95258    5.48109    0.95079 +/- 0.00234
       84/1    0.96152    5.47962    0.95111 +/- 0.00229
       85/1    0.94445    5.49507    0.95092 +/- 0.00223
       86/1    0.95198    5.47877    0.95095 +/- 0.00217
       87/1    0.96544    5.48659    0.95134 +/- 0.00214
       88/1    0.92666    5.47477    0.95069 +/- 0.00219
       89/1    0.95851    5.47477    0.95089 +/- 0.00214
       90/1    0.95721    5.47531    0.95105 +/- 0.00209
       91/1    0.95700    5.47956    0.95119 +/- 0.00204
       92/1    0.96072    5.47595    0.95142 +/- 0.00201
       93/1    0.92300    5.47580    0.95076 +/- 0.00207
       94/1    0.96914    5.45075    0.95118 +/- 0.00206
       95/1    0.94347    5.46847    0.95101 +/- 0.00203
       96/1    0.95763    5.46249    0.95115 +/- 0.00199
       97/1    0.94458    5.48632    0.95101 +/- 0.00195
       98/1    0.92518    5.48870    0.95047 +/- 0.00198
       99/1    0.95288    5.47801    0.95052 +/- 0.00194
      100/1    0.95013    5.46905    0.95051 +/- 0.00190
 Creating state point statepoint.100.h5...

 =======================>     TIMING STATISTICS     <=======================

 Total time for initialization     = 0.0000e+00 seconds
   Reading cross sections          = 0.0000e+00 seconds
 Total time in simulation          = 1.0790e+02 seconds
   Time in transport only          = 1.0746e+02 seconds
   Time in inactive batches        = 4.4295e+01 seconds
   Time in active batches          = 6.3602e+01 seconds
   Time synchronizing fission bank = 9.4884e-02 seconds
     Sampling source sites         = 8.3343e-02 seconds
     SEND/RECV source sites        = 1.1118e-02 seconds
   Time accumulating tallies       = 2.2224e-01 seconds
   Time writing statepoints        = 1.2815e-02 seconds
 Total time for finalization       = 1.0887e-02 seconds
 Total time elapsed                = 1.0848e+02 seconds
 Calculation Rate (inactive)       = 11288 particles/second
 Calculation Rate (active)         = 7861.42 particles/second

 ============================>     RESULTS     <============================

 k-effective (Collision)     = 0.95128 +/- 0.00163
 k-effective (Track-length)  = 0.95051 +/- 0.00190
 k-effective (Absorption)    = 0.95032 +/- 0.00145
 Combined k-effective        = 0.95071 +/- 0.00127
 Leakage Fraction            = 0.00789 +/- 0.00012

 Creating state point openmc_simulation_n7.h5...
      chunk 1: B  21.50 MWd/kgHM k 0.95071 (target 0.97155) [20.1 min]
[d72] EFPD 1799.4 d (archive 2293.1), c_max 1559 (archive 1559), hump +0 pcm [8 solves, 0.34 h]
[d69] 3D hardware core, 8 layers, 14 fuel segments, 96 depletable materials, seed 627022458, transport {'particles': 10000, 'batches': 100, 'inactive': 50}, end of cycle relative, ratio 0.92306
                                %%%%%%%%%%%%%%%
                           %%%%%%%%%%%%%%%%%%%%%%%%
                        %%%%%%%%%%%%%%%%%%%%%%%%%%%%%%
                      %%%%%%%%%%%%%%%%%%%%%%%%%%%%%%%%%%
                    %%%%%%%%%%%%%%%%%%%%%%%%%%%%%%%%%%%%%%
                   %%%%%%%%%%%%%%%%%%%%%%%%%%%%%%%%%%%%%%%%
                                    %%%%%%%%%%%%%%%%%%%%%%%%
                                     %%%%%%%%%%%%%%%%%%%%%%%%
                 ###############      %%%%%%%%%%%%%%%%%%%%%%%%
                ##################     %%%%%%%%%%%%%%%%%%%%%%%
                ###################     %%%%%%%%%%%%%%%%%%%%%%%
                ####################     %%%%%%%%%%%%%%%%%%%%%%
                #####################     %%%%%%%%%%%%%%%%%%%%%
                ######################     %%%%%%%%%%%%%%%%%%%%
                #######################     %%%%%%%%%%%%%%%%%%
                 #######################     %%%%%%%%%%%%%%%%%
                 ######################     %%%%%%%%%%%%%%%%%
                  ####################     %%%%%%%%%%%%%%%%%
                    #################     %%%%%%%%%%%%%%%%%
                     ###############     %%%%%%%%%%%%%%%%
                       ############     %%%%%%%%%%%%%%%
                          ########     %%%%%%%%%%%%%%
                                      %%%%%%%%%%%

                 | The OpenMC Monte Carlo Code
       Copyright | 2011-2025 MIT, UChicago Argonne LLC, and contributors
         License | https://docs.openmc.org/en/latest/license.html
         Version | 0.15.3
     Commit Hash | 27e38e894697bb32a1dac7848d2618818b6b8daf
       Date/Time | 2026-09-26 22:36:02
   MPI Processes | 1
  OpenMP Threads | 64

 Reading settings XML file...
 Reading cross sections XML file...
 Reading chain file: /home/diogo/openmc_data/chain_endfb71_pwr.xml...
 Reading materials XML file...
 Reading geometry XML file...
 Reading H1 from /home/diogo/openmc_data/endfb-vii.1-hdf5/neutron/H1.h5
 Reading H2 from /home/diogo/openmc_data/endfb-vii.1-hdf5/neutron/H2.h5
 Reading B10 from /home/diogo/openmc_data/endfb-vii.1-hdf5/neutron/B10.h5
 Reading B11 from /home/diogo/openmc_data/endfb-vii.1-hdf5/neutron/B11.h5
 Reading O16 from /home/diogo/openmc_data/endfb-vii.1-hdf5/neutron/O16.h5
 Reading O17 from /home/diogo/openmc_data/endfb-vii.1-hdf5/neutron/O17.h5
 Reading Cr50 from /home/diogo/openmc_data/endfb-vii.1-hdf5/neutron/Cr50.h5
 Reading Cr52 from /home/diogo/openmc_data/endfb-vii.1-hdf5/neutron/Cr52.h5
 Reading Cr53 from /home/diogo/openmc_data/endfb-vii.1-hdf5/neutron/Cr53.h5
 Reading Cr54 from /home/diogo/openmc_data/endfb-vii.1-hdf5/neutron/Cr54.h5
 Reading Mn55 from /home/diogo/openmc_data/endfb-vii.1-hdf5/neutron/Mn55.h5
 Reading Fe54 from /home/diogo/openmc_data/endfb-vii.1-hdf5/neutron/Fe54.h5
 Reading Fe56 from /home/diogo/openmc_data/endfb-vii.1-hdf5/neutron/Fe56.h5
 Reading Fe57 from /home/diogo/openmc_data/endfb-vii.1-hdf5/neutron/Fe57.h5
 Reading Fe58 from /home/diogo/openmc_data/endfb-vii.1-hdf5/neutron/Fe58.h5
 Reading Ni58 from /home/diogo/openmc_data/endfb-vii.1-hdf5/neutron/Ni58.h5
 Reading Ni60 from /home/diogo/openmc_data/endfb-vii.1-hdf5/neutron/Ni60.h5
 Reading Ni61 from /home/diogo/openmc_data/endfb-vii.1-hdf5/neutron/Ni61.h5
 Reading Ni62 from /home/diogo/openmc_data/endfb-vii.1-hdf5/neutron/Ni62.h5
 Reading Ni64 from /home/diogo/openmc_data/endfb-vii.1-hdf5/neutron/Ni64.h5
 Reading Zr90 from /home/diogo/openmc_data/endfb-vii.1-hdf5/neutron/Zr90.h5
 Reading Zr91 from /home/diogo/openmc_data/endfb-vii.1-hdf5/neutron/Zr91.h5
 Reading Zr92 from /home/diogo/openmc_data/endfb-vii.1-hdf5/neutron/Zr92.h5
 Reading Zr94 from /home/diogo/openmc_data/endfb-vii.1-hdf5/neutron/Zr94.h5
 Reading Zr96 from /home/diogo/openmc_data/endfb-vii.1-hdf5/neutron/Zr96.h5
 Reading Sn112 from /home/diogo/openmc_data/endfb-vii.1-hdf5/neutron/Sn112.h5
 Reading Sn114 from /home/diogo/openmc_data/endfb-vii.1-hdf5/neutron/Sn114.h5
 Reading Sn115 from /home/diogo/openmc_data/endfb-vii.1-hdf5/neutron/Sn115.h5
 Reading Sn116 from /home/diogo/openmc_data/endfb-vii.1-hdf5/neutron/Sn116.h5
 Reading Sn117 from /home/diogo/openmc_data/endfb-vii.1-hdf5/neutron/Sn117.h5
 Reading Sn118 from /home/diogo/openmc_data/endfb-vii.1-hdf5/neutron/Sn118.h5
 Reading Sn119 from /home/diogo/openmc_data/endfb-vii.1-hdf5/neutron/Sn119.h5
 Reading Sn120 from /home/diogo/openmc_data/endfb-vii.1-hdf5/neutron/Sn120.h5
 Reading Sn122 from /home/diogo/openmc_data/endfb-vii.1-hdf5/neutron/Sn122.h5
 Reading Sn124 from /home/diogo/openmc_data/endfb-vii.1-hdf5/neutron/Sn124.h5
 Reading He3 from /home/diogo/openmc_data/endfb-vii.1-hdf5/neutron/He3.h5
 Reading He4 from /home/diogo/openmc_data/endfb-vii.1-hdf5/neutron/He4.h5
 Reading U234 from /home/diogo/openmc_data/endfb-vii.1-hdf5/neutron/U234.h5
 Reading U235 from /home/diogo/openmc_data/endfb-vii.1-hdf5/neutron/U235.h5
 Reading U238 from /home/diogo/openmc_data/endfb-vii.1-hdf5/neutron/U238.h5
 Reading Gd152 from /home/diogo/openmc_data/endfb-vii.1-hdf5/neutron/Gd152.h5
 Reading Gd154 from /home/diogo/openmc_data/endfb-vii.1-hdf5/neutron/Gd154.h5
 Reading Gd155 from /home/diogo/openmc_data/endfb-vii.1-hdf5/neutron/Gd155.h5
 Reading Gd156 from /home/diogo/openmc_data/endfb-vii.1-hdf5/neutron/Gd156.h5
 Reading Gd157 from /home/diogo/openmc_data/endfb-vii.1-hdf5/neutron/Gd157.h5
 Reading Gd158 from /home/diogo/openmc_data/endfb-vii.1-hdf5/neutron/Gd158.h5
 Reading Gd160 from /home/diogo/openmc_data/endfb-vii.1-hdf5/neutron/Gd160.h5
 Reading Si28 from /home/diogo/openmc_data/endfb-vii.1-hdf5/neutron/Si28.h5
 Reading Si29 from /home/diogo/openmc_data/endfb-vii.1-hdf5/neutron/Si29.h5
 Reading Si30 from /home/diogo/openmc_data/endfb-vii.1-hdf5/neutron/Si30.h5
 Reading Ag107 from /home/diogo/openmc_data/endfb-vii.1-hdf5/neutron/Ag107.h5
 Reading Ag109 from /home/diogo/openmc_data/endfb-vii.1-hdf5/neutron/Ag109.h5
 Reading Cd106 from /home/diogo/openmc_data/endfb-vii.1-hdf5/neutron/Cd106.h5
 WARNING: Negative value(s) found on probability table for nuclide Cd106 at 294K
 WARNING: Negative value(s) found on probability table for nuclide Cd106 at 600K
 WARNING: Negative value(s) found on probability table for nuclide Cd106 at 900K
 WARNING: Negative value(s) found on probability table for nuclide Cd106 at
          1200K
 WARNING: Negative value(s) found on probability table for nuclide Cd106 at
          2500K
 Reading Cd108 from /home/diogo/openmc_data/endfb-vii.1-hdf5/neutron/Cd108.h5
 Reading Cd110 from /home/diogo/openmc_data/endfb-vii.1-hdf5/neutron/Cd110.h5
 Reading Cd111 from /home/diogo/openmc_data/endfb-vii.1-hdf5/neutron/Cd111.h5
 Reading Cd112 from /home/diogo/openmc_data/endfb-vii.1-hdf5/neutron/Cd112.h5
 Reading Cd113 from /home/diogo/openmc_data/endfb-vii.1-hdf5/neutron/Cd113.h5
 Reading Cd114 from /home/diogo/openmc_data/endfb-vii.1-hdf5/neutron/Cd114.h5
 Reading Cd116 from /home/diogo/openmc_data/endfb-vii.1-hdf5/neutron/Cd116.h5
 Reading In113 from /home/diogo/openmc_data/endfb-vii.1-hdf5/neutron/In113.h5
 Reading In115 from /home/diogo/openmc_data/endfb-vii.1-hdf5/neutron/In115.h5
 Reading c_H_in_H2O from
 /home/diogo/openmc_data/endfb-vii.1-hdf5/neutron/c_H_in_H2O.h5
 Minimum neutron data temperature: 0 K
 Maximum neutron data temperature: 1.7976931348623157e+308 K
 Reading tallies XML file...
 Preparing distributed cell instances...
 Reading plot XML file...
 Writing summary.h5 file...
[openmc.deplete] t=0.0 s, dt=4327203.051553669 s, source=47773107.16002766
 Reading H3 from /home/diogo/openmc_data/endfb-vii.1-hdf5/neutron/H3.h5
 Reading Li6 from /home/diogo/openmc_data/endfb-vii.1-hdf5/neutron/Li6.h5
 Reading Li7 from /home/diogo/openmc_data/endfb-vii.1-hdf5/neutron/Li7.h5
 Reading Be9 from /home/diogo/openmc_data/endfb-vii.1-hdf5/neutron/Be9.h5
 Reading N14 from /home/diogo/openmc_data/endfb-vii.1-hdf5/neutron/N14.h5
 Reading N15 from /home/diogo/openmc_data/endfb-vii.1-hdf5/neutron/N15.h5
 Reading F19 from /home/diogo/openmc_data/endfb-vii.1-hdf5/neutron/F19.h5
 Reading Na22 from /home/diogo/openmc_data/endfb-vii.1-hdf5/neutron/Na22.h5
 WARNING: Negative value(s) found on probability table for nuclide Na22 at 250K
 WARNING: Negative value(s) found on probability table for nuclide Na22 at 294K
 WARNING: Negative value(s) found on probability table for nuclide Na22 at 600K
 WARNING: Negative value(s) found on probability table for nuclide Na22 at 900K
 WARNING: Negative value(s) found on probability table for nuclide Na22 at 1200K
 WARNING: Negative value(s) found on probability table for nuclide Na22 at 2500K
 Reading Na23 from /home/diogo/openmc_data/endfb-vii.1-hdf5/neutron/Na23.h5
 Reading Mg24 from /home/diogo/openmc_data/endfb-vii.1-hdf5/neutron/Mg24.h5
 Reading Mg25 from /home/diogo/openmc_data/endfb-vii.1-hdf5/neutron/Mg25.h5
 Reading Mg26 from /home/diogo/openmc_data/endfb-vii.1-hdf5/neutron/Mg26.h5
 Reading Al27 from /home/diogo/openmc_data/endfb-vii.1-hdf5/neutron/Al27.h5
 Reading P31 from /home/diogo/openmc_data/endfb-vii.1-hdf5/neutron/P31.h5
 Reading S32 from /home/diogo/openmc_data/endfb-vii.1-hdf5/neutron/S32.h5
 Reading S33 from /home/diogo/openmc_data/endfb-vii.1-hdf5/neutron/S33.h5
 Reading S34 from /home/diogo/openmc_data/endfb-vii.1-hdf5/neutron/S34.h5
 Reading S36 from /home/diogo/openmc_data/endfb-vii.1-hdf5/neutron/S36.h5
 Reading Cl35 from /home/diogo/openmc_data/endfb-vii.1-hdf5/neutron/Cl35.h5
 Reading Cl37 from /home/diogo/openmc_data/endfb-vii.1-hdf5/neutron/Cl37.h5
 Reading Ar36 from /home/diogo/openmc_data/endfb-vii.1-hdf5/neutron/Ar36.h5
 WARNING: Negative value(s) found on probability table for nuclide Ar36 at 250K
 WARNING: Negative value(s) found on probability table for nuclide Ar36 at 294K
 WARNING: Negative value(s) found on probability table for nuclide Ar36 at 600K
 WARNING: Negative value(s) found on probability table for nuclide Ar36 at 900K
 WARNING: Negative value(s) found on probability table for nuclide Ar36 at 1200K
 WARNING: Negative value(s) found on probability table for nuclide Ar36 at 2500K
 Reading Ar38 from /home/diogo/openmc_data/endfb-vii.1-hdf5/neutron/Ar38.h5
 Reading Ar40 from /home/diogo/openmc_data/endfb-vii.1-hdf5/neutron/Ar40.h5
 Reading K39 from /home/diogo/openmc_data/endfb-vii.1-hdf5/neutron/K39.h5
 Reading K40 from /home/diogo/openmc_data/endfb-vii.1-hdf5/neutron/K40.h5
 Reading K41 from /home/diogo/openmc_data/endfb-vii.1-hdf5/neutron/K41.h5
 Reading Ca40 from /home/diogo/openmc_data/endfb-vii.1-hdf5/neutron/Ca40.h5
 Reading Ca42 from /home/diogo/openmc_data/endfb-vii.1-hdf5/neutron/Ca42.h5
 Reading Ca43 from /home/diogo/openmc_data/endfb-vii.1-hdf5/neutron/Ca43.h5
 Reading Ca44 from /home/diogo/openmc_data/endfb-vii.1-hdf5/neutron/Ca44.h5
 Reading Ca46 from /home/diogo/openmc_data/endfb-vii.1-hdf5/neutron/Ca46.h5
 Reading Ca48 from /home/diogo/openmc_data/endfb-vii.1-hdf5/neutron/Ca48.h5
 Reading Sc45 from /home/diogo/openmc_data/endfb-vii.1-hdf5/neutron/Sc45.h5
 Reading Ti46 from /home/diogo/openmc_data/endfb-vii.1-hdf5/neutron/Ti46.h5
 Reading Ti47 from /home/diogo/openmc_data/endfb-vii.1-hdf5/neutron/Ti47.h5
 Reading Ti48 from /home/diogo/openmc_data/endfb-vii.1-hdf5/neutron/Ti48.h5
 Reading Ti49 from /home/diogo/openmc_data/endfb-vii.1-hdf5/neutron/Ti49.h5
 Reading Ti50 from /home/diogo/openmc_data/endfb-vii.1-hdf5/neutron/Ti50.h5
 Reading V50 from /home/diogo/openmc_data/endfb-vii.1-hdf5/neutron/V50.h5
 Reading V51 from /home/diogo/openmc_data/endfb-vii.1-hdf5/neutron/V51.h5
 Reading Co58 from /home/diogo/openmc_data/endfb-vii.1-hdf5/neutron/Co58.h5
 Reading Co58_m1 from
 /home/diogo/openmc_data/endfb-vii.1-hdf5/neutron/Co58_m1.h5
 Reading Co59 from /home/diogo/openmc_data/endfb-vii.1-hdf5/neutron/Co59.h5
 Reading Ni59 from /home/diogo/openmc_data/endfb-vii.1-hdf5/neutron/Ni59.h5
 Reading Cu63 from /home/diogo/openmc_data/endfb-vii.1-hdf5/neutron/Cu63.h5
 Reading Cu65 from /home/diogo/openmc_data/endfb-vii.1-hdf5/neutron/Cu65.h5
 Reading Zn64 from /home/diogo/openmc_data/endfb-vii.1-hdf5/neutron/Zn64.h5
 Reading Zn65 from /home/diogo/openmc_data/endfb-vii.1-hdf5/neutron/Zn65.h5
 Reading Zn66 from /home/diogo/openmc_data/endfb-vii.1-hdf5/neutron/Zn66.h5
 Reading Zn67 from /home/diogo/openmc_data/endfb-vii.1-hdf5/neutron/Zn67.h5
 Reading Zn68 from /home/diogo/openmc_data/endfb-vii.1-hdf5/neutron/Zn68.h5
 Reading Zn70 from /home/diogo/openmc_data/endfb-vii.1-hdf5/neutron/Zn70.h5
 Reading Ga69 from /home/diogo/openmc_data/endfb-vii.1-hdf5/neutron/Ga69.h5
 Reading Ga71 from /home/diogo/openmc_data/endfb-vii.1-hdf5/neutron/Ga71.h5
 Reading Ge70 from /home/diogo/openmc_data/endfb-vii.1-hdf5/neutron/Ge70.h5
 Reading Ge72 from /home/diogo/openmc_data/endfb-vii.1-hdf5/neutron/Ge72.h5
 Reading Ge73 from /home/diogo/openmc_data/endfb-vii.1-hdf5/neutron/Ge73.h5
 Reading Ge74 from /home/diogo/openmc_data/endfb-vii.1-hdf5/neutron/Ge74.h5
 Reading Ge76 from /home/diogo/openmc_data/endfb-vii.1-hdf5/neutron/Ge76.h5
 Reading As74 from /home/diogo/openmc_data/endfb-vii.1-hdf5/neutron/As74.h5
 Reading As75 from /home/diogo/openmc_data/endfb-vii.1-hdf5/neutron/As75.h5
 Reading Se74 from /home/diogo/openmc_data/endfb-vii.1-hdf5/neutron/Se74.h5
 Reading Se76 from /home/diogo/openmc_data/endfb-vii.1-hdf5/neutron/Se76.h5
 Reading Se77 from /home/diogo/openmc_data/endfb-vii.1-hdf5/neutron/Se77.h5
 Reading Se78 from /home/diogo/openmc_data/endfb-vii.1-hdf5/neutron/Se78.h5
 Reading Se79 from /home/diogo/openmc_data/endfb-vii.1-hdf5/neutron/Se79.h5
 WARNING: Negative value(s) found on probability table for nuclide Se79 at 250K
 WARNING: Negative value(s) found on probability table for nuclide Se79 at 294K
 WARNING: Negative value(s) found on probability table for nuclide Se79 at 600K
 WARNING: Negative value(s) found on probability table for nuclide Se79 at 900K
 WARNING: Negative value(s) found on probability table for nuclide Se79 at 1200K
 Reading Se80 from /home/diogo/openmc_data/endfb-vii.1-hdf5/neutron/Se80.h5
 Reading Se82 from /home/diogo/openmc_data/endfb-vii.1-hdf5/neutron/Se82.h5
 Reading Br79 from /home/diogo/openmc_data/endfb-vii.1-hdf5/neutron/Br79.h5
 Reading Br81 from /home/diogo/openmc_data/endfb-vii.1-hdf5/neutron/Br81.h5
 Reading Kr78 from /home/diogo/openmc_data/endfb-vii.1-hdf5/neutron/Kr78.h5
 Reading Kr80 from /home/diogo/openmc_data/endfb-vii.1-hdf5/neutron/Kr80.h5
 Reading Kr82 from /home/diogo/openmc_data/endfb-vii.1-hdf5/neutron/Kr82.h5
 Reading Kr83 from /home/diogo/openmc_data/endfb-vii.1-hdf5/neutron/Kr83.h5
 Reading Kr84 from /home/diogo/openmc_data/endfb-vii.1-hdf5/neutron/Kr84.h5
 Reading Kr85 from /home/diogo/openmc_data/endfb-vii.1-hdf5/neutron/Kr85.h5
 Reading Kr86 from /home/diogo/openmc_data/endfb-vii.1-hdf5/neutron/Kr86.h5
 Reading Rb85 from /home/diogo/openmc_data/endfb-vii.1-hdf5/neutron/Rb85.h5
 Reading Rb86 from /home/diogo/openmc_data/endfb-vii.1-hdf5/neutron/Rb86.h5
 Reading Rb87 from /home/diogo/openmc_data/endfb-vii.1-hdf5/neutron/Rb87.h5
 Reading Sr84 from /home/diogo/openmc_data/endfb-vii.1-hdf5/neutron/Sr84.h5
 Reading Sr86 from /home/diogo/openmc_data/endfb-vii.1-hdf5/neutron/Sr86.h5
 Reading Sr87 from /home/diogo/openmc_data/endfb-vii.1-hdf5/neutron/Sr87.h5
 Reading Sr88 from /home/diogo/openmc_data/endfb-vii.1-hdf5/neutron/Sr88.h5
 Reading Sr89 from /home/diogo/openmc_data/endfb-vii.1-hdf5/neutron/Sr89.h5
 Reading Sr90 from /home/diogo/openmc_data/endfb-vii.1-hdf5/neutron/Sr90.h5
 Reading Y89 from /home/diogo/openmc_data/endfb-vii.1-hdf5/neutron/Y89.h5
 Reading Y90 from /home/diogo/openmc_data/endfb-vii.1-hdf5/neutron/Y90.h5
 Reading Y91 from /home/diogo/openmc_data/endfb-vii.1-hdf5/neutron/Y91.h5
 Reading Zr93 from /home/diogo/openmc_data/endfb-vii.1-hdf5/neutron/Zr93.h5
 Reading Zr95 from /home/diogo/openmc_data/endfb-vii.1-hdf5/neutron/Zr95.h5
 Reading Nb93 from /home/diogo/openmc_data/endfb-vii.1-hdf5/neutron/Nb93.h5
 Reading Nb94 from /home/diogo/openmc_data/endfb-vii.1-hdf5/neutron/Nb94.h5
 WARNING: Negative value(s) found on probability table for nuclide Nb94 at 250K
 WARNING: Negative value(s) found on probability table for nuclide Nb94 at 294K
 WARNING: Negative value(s) found on probability table for nuclide Nb94 at 600K
 WARNING: Negative value(s) found on probability table for nuclide Nb94 at 900K
 WARNING: Negative value(s) found on probability table for nuclide Nb94 at 1200K
 WARNING: Negative value(s) found on probability table for nuclide Nb94 at 2500K
 Reading Nb95 from /home/diogo/openmc_data/endfb-vii.1-hdf5/neutron/Nb95.h5
 WARNING: Negative value(s) found on probability table for nuclide Nb95 at 250K
 WARNING: Negative value(s) found on probability table for nuclide Nb95 at 294K
 WARNING: Negative value(s) found on probability table for nuclide Nb95 at 600K
 WARNING: Negative value(s) found on probability table for nuclide Nb95 at 900K
 WARNING: Negative value(s) found on probability table for nuclide Nb95 at 1200K
 Reading Mo92 from /home/diogo/openmc_data/endfb-vii.1-hdf5/neutron/Mo92.h5
 Reading Mo94 from /home/diogo/openmc_data/endfb-vii.1-hdf5/neutron/Mo94.h5
 Reading Mo95 from /home/diogo/openmc_data/endfb-vii.1-hdf5/neutron/Mo95.h5
 Reading Mo96 from /home/diogo/openmc_data/endfb-vii.1-hdf5/neutron/Mo96.h5
 Reading Mo97 from /home/diogo/openmc_data/endfb-vii.1-hdf5/neutron/Mo97.h5
 Reading Mo98 from /home/diogo/openmc_data/endfb-vii.1-hdf5/neutron/Mo98.h5
 Reading Mo99 from /home/diogo/openmc_data/endfb-vii.1-hdf5/neutron/Mo99.h5
 WARNING: Negative value(s) found on probability table for nuclide Mo99 at 250K
 WARNING: Negative value(s) found on probability table for nuclide Mo99 at 294K
 WARNING: Negative value(s) found on probability table for nuclide Mo99 at 600K
 WARNING: Negative value(s) found on probability table for nuclide Mo99 at 900K
 WARNING: Negative value(s) found on probability table for nuclide Mo99 at 1200K
 WARNING: Negative value(s) found on probability table for nuclide Mo99 at 2500K
 Reading Mo100 from /home/diogo/openmc_data/endfb-vii.1-hdf5/neutron/Mo100.h5
 Reading Tc99 from /home/diogo/openmc_data/endfb-vii.1-hdf5/neutron/Tc99.h5
 Reading Ru96 from /home/diogo/openmc_data/endfb-vii.1-hdf5/neutron/Ru96.h5
 Reading Ru98 from /home/diogo/openmc_data/endfb-vii.1-hdf5/neutron/Ru98.h5
 Reading Ru99 from /home/diogo/openmc_data/endfb-vii.1-hdf5/neutron/Ru99.h5
 Reading Ru100 from /home/diogo/openmc_data/endfb-vii.1-hdf5/neutron/Ru100.h5
 Reading Ru101 from /home/diogo/openmc_data/endfb-vii.1-hdf5/neutron/Ru101.h5
 Reading Ru102 from /home/diogo/openmc_data/endfb-vii.1-hdf5/neutron/Ru102.h5
 Reading Ru103 from /home/diogo/openmc_data/endfb-vii.1-hdf5/neutron/Ru103.h5
 Reading Ru104 from /home/diogo/openmc_data/endfb-vii.1-hdf5/neutron/Ru104.h5
 Reading Ru105 from /home/diogo/openmc_data/endfb-vii.1-hdf5/neutron/Ru105.h5
 Reading Ru106 from /home/diogo/openmc_data/endfb-vii.1-hdf5/neutron/Ru106.h5
 Reading Rh103 from /home/diogo/openmc_data/endfb-vii.1-hdf5/neutron/Rh103.h5
 Reading Rh105 from /home/diogo/openmc_data/endfb-vii.1-hdf5/neutron/Rh105.h5
 Reading Pd102 from /home/diogo/openmc_data/endfb-vii.1-hdf5/neutron/Pd102.h5
 Reading Pd104 from /home/diogo/openmc_data/endfb-vii.1-hdf5/neutron/Pd104.h5
 Reading Pd105 from /home/diogo/openmc_data/endfb-vii.1-hdf5/neutron/Pd105.h5
 Reading Pd106 from /home/diogo/openmc_data/endfb-vii.1-hdf5/neutron/Pd106.h5
 Reading Pd107 from /home/diogo/openmc_data/endfb-vii.1-hdf5/neutron/Pd107.h5
 Reading Pd108 from /home/diogo/openmc_data/endfb-vii.1-hdf5/neutron/Pd108.h5
 Reading Pd110 from /home/diogo/openmc_data/endfb-vii.1-hdf5/neutron/Pd110.h5
 Reading Ag110_m1 from
 /home/diogo/openmc_data/endfb-vii.1-hdf5/neutron/Ag110_m1.h5
 Reading Ag111 from /home/diogo/openmc_data/endfb-vii.1-hdf5/neutron/Ag111.h5
 Reading Cd115_m1 from
 /home/diogo/openmc_data/endfb-vii.1-hdf5/neutron/Cd115_m1.h5
 Reading Sn113 from /home/diogo/openmc_data/endfb-vii.1-hdf5/neutron/Sn113.h5
 Reading Sn123 from /home/diogo/openmc_data/endfb-vii.1-hdf5/neutron/Sn123.h5
 WARNING: Negative value(s) found on probability table for nuclide Sn123 at 250K
 WARNING: Negative value(s) found on probability table for nuclide Sn123 at 294K
 WARNING: Negative value(s) found on probability table for nuclide Sn123 at 600K
 WARNING: Negative value(s) found on probability table for nuclide Sn123 at 900K
 WARNING: Negative value(s) found on probability table for nuclide Sn123 at
          1200K
 WARNING: Negative value(s) found on probability table for nuclide Sn123 at
          2500K
 Reading Sn125 from /home/diogo/openmc_data/endfb-vii.1-hdf5/neutron/Sn125.h5
 Reading Sn126 from /home/diogo/openmc_data/endfb-vii.1-hdf5/neutron/Sn126.h5
 Reading Sb121 from /home/diogo/openmc_data/endfb-vii.1-hdf5/neutron/Sb121.h5
 Reading Sb123 from /home/diogo/openmc_data/endfb-vii.1-hdf5/neutron/Sb123.h5
 Reading Sb124 from /home/diogo/openmc_data/endfb-vii.1-hdf5/neutron/Sb124.h5
 Reading Sb125 from /home/diogo/openmc_data/endfb-vii.1-hdf5/neutron/Sb125.h5
 Reading Sb126 from /home/diogo/openmc_data/endfb-vii.1-hdf5/neutron/Sb126.h5
 Reading Te120 from /home/diogo/openmc_data/endfb-vii.1-hdf5/neutron/Te120.h5
 WARNING: Negative value(s) found on probability table for nuclide Te120 at 600K
 WARNING: Negative value(s) found on probability table for nuclide Te120 at 900K
 WARNING: Negative value(s) found on probability table for nuclide Te120 at
          1200K
 WARNING: Negative value(s) found on probability table for nuclide Te120 at
          2500K
 Reading Te122 from /home/diogo/openmc_data/endfb-vii.1-hdf5/neutron/Te122.h5
 Reading Te123 from /home/diogo/openmc_data/endfb-vii.1-hdf5/neutron/Te123.h5
 Reading Te124 from /home/diogo/openmc_data/endfb-vii.1-hdf5/neutron/Te124.h5
 Reading Te125 from /home/diogo/openmc_data/endfb-vii.1-hdf5/neutron/Te125.h5
 Reading Te126 from /home/diogo/openmc_data/endfb-vii.1-hdf5/neutron/Te126.h5
 Reading Te127_m1 from
 /home/diogo/openmc_data/endfb-vii.1-hdf5/neutron/Te127_m1.h5
 Reading Te128 from /home/diogo/openmc_data/endfb-vii.1-hdf5/neutron/Te128.h5
 Reading Te129_m1 from
 /home/diogo/openmc_data/endfb-vii.1-hdf5/neutron/Te129_m1.h5
 Reading Te130 from /home/diogo/openmc_data/endfb-vii.1-hdf5/neutron/Te130.h5
 Reading Te132 from /home/diogo/openmc_data/endfb-vii.1-hdf5/neutron/Te132.h5
 Reading I127 from /home/diogo/openmc_data/endfb-vii.1-hdf5/neutron/I127.h5
 Reading I129 from /home/diogo/openmc_data/endfb-vii.1-hdf5/neutron/I129.h5
 Reading I130 from /home/diogo/openmc_data/endfb-vii.1-hdf5/neutron/I130.h5
 Reading I131 from /home/diogo/openmc_data/endfb-vii.1-hdf5/neutron/I131.h5
 WARNING: Negative value(s) found on probability table for nuclide I131 at 250K
 WARNING: Negative value(s) found on probability table for nuclide I131 at 294K
 WARNING: Negative value(s) found on probability table for nuclide I131 at 600K
 WARNING: Negative value(s) found on probability table for nuclide I131 at 900K
 WARNING: Negative value(s) found on probability table for nuclide I131 at 1200K
 WARNING: Negative value(s) found on probability table for nuclide I131 at 2500K
 Reading I135 from /home/diogo/openmc_data/endfb-vii.1-hdf5/neutron/I135.h5
 Reading Xe123 from /home/diogo/openmc_data/endfb-vii.1-hdf5/neutron/Xe123.h5
 Reading Xe124 from /home/diogo/openmc_data/endfb-vii.1-hdf5/neutron/Xe124.h5
 Reading Xe126 from /home/diogo/openmc_data/endfb-vii.1-hdf5/neutron/Xe126.h5
 Reading Xe128 from /home/diogo/openmc_data/endfb-vii.1-hdf5/neutron/Xe128.h5
 Reading Xe129 from /home/diogo/openmc_data/endfb-vii.1-hdf5/neutron/Xe129.h5
 Reading Xe130 from /home/diogo/openmc_data/endfb-vii.1-hdf5/neutron/Xe130.h5
 Reading Xe131 from /home/diogo/openmc_data/endfb-vii.1-hdf5/neutron/Xe131.h5
 Reading Xe132 from /home/diogo/openmc_data/endfb-vii.1-hdf5/neutron/Xe132.h5
 Reading Xe133 from /home/diogo/openmc_data/endfb-vii.1-hdf5/neutron/Xe133.h5
 WARNING: Negative value(s) found on probability table for nuclide Xe133 at
          2500K
 Reading Xe134 from /home/diogo/openmc_data/endfb-vii.1-hdf5/neutron/Xe134.h5
 Reading Xe135 from /home/diogo/openmc_data/endfb-vii.1-hdf5/neutron/Xe135.h5
 Reading Xe136 from /home/diogo/openmc_data/endfb-vii.1-hdf5/neutron/Xe136.h5
 Reading Cs133 from /home/diogo/openmc_data/endfb-vii.1-hdf5/neutron/Cs133.h5
 Reading Cs134 from /home/diogo/openmc_data/endfb-vii.1-hdf5/neutron/Cs134.h5
 Reading Cs135 from /home/diogo/openmc_data/endfb-vii.1-hdf5/neutron/Cs135.h5
 Reading Cs136 from /home/diogo/openmc_data/endfb-vii.1-hdf5/neutron/Cs136.h5
 WARNING: Negative value(s) found on probability table for nuclide Cs136 at 250K
 WARNING: Negative value(s) found on probability table for nuclide Cs136 at 294K
 WARNING: Negative value(s) found on probability table for nuclide Cs136 at 600K
 WARNING: Negative value(s) found on probability table for nuclide Cs136 at 900K
 WARNING: Negative value(s) found on probability table for nuclide Cs136 at
          1200K
 WARNING: Negative value(s) found on probability table for nuclide Cs136 at
          2500K
 Reading Cs137 from /home/diogo/openmc_data/endfb-vii.1-hdf5/neutron/Cs137.h5
 Reading Ba130 from /home/diogo/openmc_data/endfb-vii.1-hdf5/neutron/Ba130.h5
 Reading Ba132 from /home/diogo/openmc_data/endfb-vii.1-hdf5/neutron/Ba132.h5
 Reading Ba133 from /home/diogo/openmc_data/endfb-vii.1-hdf5/neutron/Ba133.h5
 Reading Ba134 from /home/diogo/openmc_data/endfb-vii.1-hdf5/neutron/Ba134.h5
 Reading Ba135 from /home/diogo/openmc_data/endfb-vii.1-hdf5/neutron/Ba135.h5
 Reading Ba136 from /home/diogo/openmc_data/endfb-vii.1-hdf5/neutron/Ba136.h5
 Reading Ba137 from /home/diogo/openmc_data/endfb-vii.1-hdf5/neutron/Ba137.h5
 Reading Ba138 from /home/diogo/openmc_data/endfb-vii.1-hdf5/neutron/Ba138.h5
 Reading Ba140 from /home/diogo/openmc_data/endfb-vii.1-hdf5/neutron/Ba140.h5
 Reading La138 from /home/diogo/openmc_data/endfb-vii.1-hdf5/neutron/La138.h5
 Reading La139 from /home/diogo/openmc_data/endfb-vii.1-hdf5/neutron/La139.h5
 Reading La140 from /home/diogo/openmc_data/endfb-vii.1-hdf5/neutron/La140.h5
 Reading Ce136 from /home/diogo/openmc_data/endfb-vii.1-hdf5/neutron/Ce136.h5
 Reading Ce138 from /home/diogo/openmc_data/endfb-vii.1-hdf5/neutron/Ce138.h5
 Reading Ce139 from /home/diogo/openmc_data/endfb-vii.1-hdf5/neutron/Ce139.h5
 Reading Ce140 from /home/diogo/openmc_data/endfb-vii.1-hdf5/neutron/Ce140.h5
 Reading Ce141 from /home/diogo/openmc_data/endfb-vii.1-hdf5/neutron/Ce141.h5
 Reading Ce142 from /home/diogo/openmc_data/endfb-vii.1-hdf5/neutron/Ce142.h5
 Reading Ce143 from /home/diogo/openmc_data/endfb-vii.1-hdf5/neutron/Ce143.h5
 Reading Ce144 from /home/diogo/openmc_data/endfb-vii.1-hdf5/neutron/Ce144.h5
 Reading Pr141 from /home/diogo/openmc_data/endfb-vii.1-hdf5/neutron/Pr141.h5
 Reading Pr142 from /home/diogo/openmc_data/endfb-vii.1-hdf5/neutron/Pr142.h5
 Reading Pr143 from /home/diogo/openmc_data/endfb-vii.1-hdf5/neutron/Pr143.h5
 Reading Nd142 from /home/diogo/openmc_data/endfb-vii.1-hdf5/neutron/Nd142.h5
 Reading Nd143 from /home/diogo/openmc_data/endfb-vii.1-hdf5/neutron/Nd143.h5
 Reading Nd144 from /home/diogo/openmc_data/endfb-vii.1-hdf5/neutron/Nd144.h5
 Reading Nd145 from /home/diogo/openmc_data/endfb-vii.1-hdf5/neutron/Nd145.h5
 Reading Nd146 from /home/diogo/openmc_data/endfb-vii.1-hdf5/neutron/Nd146.h5
 Reading Nd147 from /home/diogo/openmc_data/endfb-vii.1-hdf5/neutron/Nd147.h5
 Reading Nd148 from /home/diogo/openmc_data/endfb-vii.1-hdf5/neutron/Nd148.h5
 Reading Nd150 from /home/diogo/openmc_data/endfb-vii.1-hdf5/neutron/Nd150.h5
 Reading Pm147 from /home/diogo/openmc_data/endfb-vii.1-hdf5/neutron/Pm147.h5
 Reading Pm148 from /home/diogo/openmc_data/endfb-vii.1-hdf5/neutron/Pm148.h5
 Reading Pm148_m1 from
 /home/diogo/openmc_data/endfb-vii.1-hdf5/neutron/Pm148_m1.h5
 Reading Pm149 from /home/diogo/openmc_data/endfb-vii.1-hdf5/neutron/Pm149.h5
 Reading Pm151 from /home/diogo/openmc_data/endfb-vii.1-hdf5/neutron/Pm151.h5
 Reading Sm144 from /home/diogo/openmc_data/endfb-vii.1-hdf5/neutron/Sm144.h5
 Reading Sm147 from /home/diogo/openmc_data/endfb-vii.1-hdf5/neutron/Sm147.h5
 Reading Sm148 from /home/diogo/openmc_data/endfb-vii.1-hdf5/neutron/Sm148.h5
 Reading Sm149 from /home/diogo/openmc_data/endfb-vii.1-hdf5/neutron/Sm149.h5
 Reading Sm150 from /home/diogo/openmc_data/endfb-vii.1-hdf5/neutron/Sm150.h5
 Reading Sm151 from /home/diogo/openmc_data/endfb-vii.1-hdf5/neutron/Sm151.h5
 Reading Sm152 from /home/diogo/openmc_data/endfb-vii.1-hdf5/neutron/Sm152.h5
 Reading Sm153 from /home/diogo/openmc_data/endfb-vii.1-hdf5/neutron/Sm153.h5
 Reading Sm154 from /home/diogo/openmc_data/endfb-vii.1-hdf5/neutron/Sm154.h5
 Reading Eu151 from /home/diogo/openmc_data/endfb-vii.1-hdf5/neutron/Eu151.h5
 Reading Eu152 from /home/diogo/openmc_data/endfb-vii.1-hdf5/neutron/Eu152.h5
 Reading Eu153 from /home/diogo/openmc_data/endfb-vii.1-hdf5/neutron/Eu153.h5
 Reading Eu154 from /home/diogo/openmc_data/endfb-vii.1-hdf5/neutron/Eu154.h5
 Reading Eu155 from /home/diogo/openmc_data/endfb-vii.1-hdf5/neutron/Eu155.h5
 Reading Eu156 from /home/diogo/openmc_data/endfb-vii.1-hdf5/neutron/Eu156.h5
 WARNING: Negative value(s) found on probability table for nuclide Eu156 at 250K
 WARNING: Negative value(s) found on probability table for nuclide Eu156 at 294K
 WARNING: Negative value(s) found on probability table for nuclide Eu156 at 600K
 WARNING: Negative value(s) found on probability table for nuclide Eu156 at 900K
 WARNING: Negative value(s) found on probability table for nuclide Eu156 at
          1200K
 WARNING: Negative value(s) found on probability table for nuclide Eu156 at
          2500K
 Reading Eu157 from /home/diogo/openmc_data/endfb-vii.1-hdf5/neutron/Eu157.h5
 Reading Gd153 from /home/diogo/openmc_data/endfb-vii.1-hdf5/neutron/Gd153.h5
 Reading Tb159 from /home/diogo/openmc_data/endfb-vii.1-hdf5/neutron/Tb159.h5
 Reading Tb160 from /home/diogo/openmc_data/endfb-vii.1-hdf5/neutron/Tb160.h5
 Reading Dy156 from /home/diogo/openmc_data/endfb-vii.1-hdf5/neutron/Dy156.h5
 Reading Dy158 from /home/diogo/openmc_data/endfb-vii.1-hdf5/neutron/Dy158.h5
 Reading Dy160 from /home/diogo/openmc_data/endfb-vii.1-hdf5/neutron/Dy160.h5
 Reading Dy161 from /home/diogo/openmc_data/endfb-vii.1-hdf5/neutron/Dy161.h5
 Reading Dy162 from /home/diogo/openmc_data/endfb-vii.1-hdf5/neutron/Dy162.h5
 Reading Dy163 from /home/diogo/openmc_data/endfb-vii.1-hdf5/neutron/Dy163.h5
 Reading Dy164 from /home/diogo/openmc_data/endfb-vii.1-hdf5/neutron/Dy164.h5
 Reading Ho165 from /home/diogo/openmc_data/endfb-vii.1-hdf5/neutron/Ho165.h5
 Reading Ho166_m1 from
 /home/diogo/openmc_data/endfb-vii.1-hdf5/neutron/Ho166_m1.h5
 Reading Er162 from /home/diogo/openmc_data/endfb-vii.1-hdf5/neutron/Er162.h5
 Reading Er164 from /home/diogo/openmc_data/endfb-vii.1-hdf5/neutron/Er164.h5
 Reading Er166 from /home/diogo/openmc_data/endfb-vii.1-hdf5/neutron/Er166.h5
 Reading Er167 from /home/diogo/openmc_data/endfb-vii.1-hdf5/neutron/Er167.h5
 Reading Er168 from /home/diogo/openmc_data/endfb-vii.1-hdf5/neutron/Er168.h5
 Reading Er170 from /home/diogo/openmc_data/endfb-vii.1-hdf5/neutron/Er170.h5
 Reading Tm168 from /home/diogo/openmc_data/endfb-vii.1-hdf5/neutron/Tm168.h5
 Reading Tm169 from /home/diogo/openmc_data/endfb-vii.1-hdf5/neutron/Tm169.h5
 Reading Tm170 from /home/diogo/openmc_data/endfb-vii.1-hdf5/neutron/Tm170.h5
 Reading Lu175 from /home/diogo/openmc_data/endfb-vii.1-hdf5/neutron/Lu175.h5
 Reading Lu176 from /home/diogo/openmc_data/endfb-vii.1-hdf5/neutron/Lu176.h5
 Reading Hf174 from /home/diogo/openmc_data/endfb-vii.1-hdf5/neutron/Hf174.h5
 Reading Hf176 from /home/diogo/openmc_data/endfb-vii.1-hdf5/neutron/Hf176.h5
 Reading Hf177 from /home/diogo/openmc_data/endfb-vii.1-hdf5/neutron/Hf177.h5
 Reading Hf178 from /home/diogo/openmc_data/endfb-vii.1-hdf5/neutron/Hf178.h5
 Reading Hf179 from /home/diogo/openmc_data/endfb-vii.1-hdf5/neutron/Hf179.h5
 Reading Hf180 from /home/diogo/openmc_data/endfb-vii.1-hdf5/neutron/Hf180.h5
 Reading Ta180 from /home/diogo/openmc_data/endfb-vii.1-hdf5/neutron/Ta180.h5
 Reading Ta181 from /home/diogo/openmc_data/endfb-vii.1-hdf5/neutron/Ta181.h5
 Reading Ta182 from /home/diogo/openmc_data/endfb-vii.1-hdf5/neutron/Ta182.h5
 Reading W180 from /home/diogo/openmc_data/endfb-vii.1-hdf5/neutron/W180.h5
 Reading W182 from /home/diogo/openmc_data/endfb-vii.1-hdf5/neutron/W182.h5
 Reading W183 from /home/diogo/openmc_data/endfb-vii.1-hdf5/neutron/W183.h5
 Reading W184 from /home/diogo/openmc_data/endfb-vii.1-hdf5/neutron/W184.h5
 Reading W186 from /home/diogo/openmc_data/endfb-vii.1-hdf5/neutron/W186.h5
 Reading Re185 from /home/diogo/openmc_data/endfb-vii.1-hdf5/neutron/Re185.h5
 Reading Re187 from /home/diogo/openmc_data/endfb-vii.1-hdf5/neutron/Re187.h5
 Reading Ir191 from /home/diogo/openmc_data/endfb-vii.1-hdf5/neutron/Ir191.h5
 Reading Ir193 from /home/diogo/openmc_data/endfb-vii.1-hdf5/neutron/Ir193.h5
 Reading Au197 from /home/diogo/openmc_data/endfb-vii.1-hdf5/neutron/Au197.h5
 Reading Hg196 from /home/diogo/openmc_data/endfb-vii.1-hdf5/neutron/Hg196.h5
 Reading Hg198 from /home/diogo/openmc_data/endfb-vii.1-hdf5/neutron/Hg198.h5
 Reading Hg199 from /home/diogo/openmc_data/endfb-vii.1-hdf5/neutron/Hg199.h5
 Reading Hg200 from /home/diogo/openmc_data/endfb-vii.1-hdf5/neutron/Hg200.h5
 Reading Hg201 from /home/diogo/openmc_data/endfb-vii.1-hdf5/neutron/Hg201.h5
 Reading Hg202 from /home/diogo/openmc_data/endfb-vii.1-hdf5/neutron/Hg202.h5
 Reading Hg204 from /home/diogo/openmc_data/endfb-vii.1-hdf5/neutron/Hg204.h5
 Reading Tl203 from /home/diogo/openmc_data/endfb-vii.1-hdf5/neutron/Tl203.h5
 Reading Tl205 from /home/diogo/openmc_data/endfb-vii.1-hdf5/neutron/Tl205.h5
 Reading Pb204 from /home/diogo/openmc_data/endfb-vii.1-hdf5/neutron/Pb204.h5
 Reading Pb206 from /home/diogo/openmc_data/endfb-vii.1-hdf5/neutron/Pb206.h5
 Reading Pb207 from /home/diogo/openmc_data/endfb-vii.1-hdf5/neutron/Pb207.h5
 Reading Pb208 from /home/diogo/openmc_data/endfb-vii.1-hdf5/neutron/Pb208.h5
 Reading Bi209 from /home/diogo/openmc_data/endfb-vii.1-hdf5/neutron/Bi209.h5
 Reading Ra223 from /home/diogo/openmc_data/endfb-vii.1-hdf5/neutron/Ra223.h5
 Reading Ra224 from /home/diogo/openmc_data/endfb-vii.1-hdf5/neutron/Ra224.h5
 Reading Ra225 from /home/diogo/openmc_data/endfb-vii.1-hdf5/neutron/Ra225.h5
 Reading Ra226 from /home/diogo/openmc_data/endfb-vii.1-hdf5/neutron/Ra226.h5
 Reading Ac225 from /home/diogo/openmc_data/endfb-vii.1-hdf5/neutron/Ac225.h5
 Reading Ac226 from /home/diogo/openmc_data/endfb-vii.1-hdf5/neutron/Ac226.h5
 Reading Ac227 from /home/diogo/openmc_data/endfb-vii.1-hdf5/neutron/Ac227.h5
 Reading Th227 from /home/diogo/openmc_data/endfb-vii.1-hdf5/neutron/Th227.h5
 Reading Th228 from /home/diogo/openmc_data/endfb-vii.1-hdf5/neutron/Th228.h5
 Reading Th229 from /home/diogo/openmc_data/endfb-vii.1-hdf5/neutron/Th229.h5
 Reading Th230 from /home/diogo/openmc_data/endfb-vii.1-hdf5/neutron/Th230.h5
 Reading Th231 from /home/diogo/openmc_data/endfb-vii.1-hdf5/neutron/Th231.h5
 Reading Th232 from /home/diogo/openmc_data/endfb-vii.1-hdf5/neutron/Th232.h5
 Reading Th233 from /home/diogo/openmc_data/endfb-vii.1-hdf5/neutron/Th233.h5
 Reading Th234 from /home/diogo/openmc_data/endfb-vii.1-hdf5/neutron/Th234.h5
 Reading Pa229 from /home/diogo/openmc_data/endfb-vii.1-hdf5/neutron/Pa229.h5
 Reading Pa230 from /home/diogo/openmc_data/endfb-vii.1-hdf5/neutron/Pa230.h5
 Reading Pa231 from /home/diogo/openmc_data/endfb-vii.1-hdf5/neutron/Pa231.h5
 Reading Pa232 from /home/diogo/openmc_data/endfb-vii.1-hdf5/neutron/Pa232.h5
 Reading Pa233 from /home/diogo/openmc_data/endfb-vii.1-hdf5/neutron/Pa233.h5
 Reading U230 from /home/diogo/openmc_data/endfb-vii.1-hdf5/neutron/U230.h5
 Reading U231 from /home/diogo/openmc_data/endfb-vii.1-hdf5/neutron/U231.h5
 Reading U232 from /home/diogo/openmc_data/endfb-vii.1-hdf5/neutron/U232.h5
 Reading U233 from /home/diogo/openmc_data/endfb-vii.1-hdf5/neutron/U233.h5
 Reading U236 from /home/diogo/openmc_data/endfb-vii.1-hdf5/neutron/U236.h5
 Reading U237 from /home/diogo/openmc_data/endfb-vii.1-hdf5/neutron/U237.h5
 Reading U239 from /home/diogo/openmc_data/endfb-vii.1-hdf5/neutron/U239.h5
 Reading U240 from /home/diogo/openmc_data/endfb-vii.1-hdf5/neutron/U240.h5
 Reading U241 from /home/diogo/openmc_data/endfb-vii.1-hdf5/neutron/U241.h5
 Reading Np234 from /home/diogo/openmc_data/endfb-vii.1-hdf5/neutron/Np234.h5
 Reading Np235 from /home/diogo/openmc_data/endfb-vii.1-hdf5/neutron/Np235.h5
 Reading Np236 from /home/diogo/openmc_data/endfb-vii.1-hdf5/neutron/Np236.h5
 Reading Np237 from /home/diogo/openmc_data/endfb-vii.1-hdf5/neutron/Np237.h5
 Reading Np238 from /home/diogo/openmc_data/endfb-vii.1-hdf5/neutron/Np238.h5
 Reading Np239 from /home/diogo/openmc_data/endfb-vii.1-hdf5/neutron/Np239.h5
 Reading Pu236 from /home/diogo/openmc_data/endfb-vii.1-hdf5/neutron/Pu236.h5
 Reading Pu237 from /home/diogo/openmc_data/endfb-vii.1-hdf5/neutron/Pu237.h5
 Reading Pu238 from /home/diogo/openmc_data/endfb-vii.1-hdf5/neutron/Pu238.h5
 Reading Pu239 from /home/diogo/openmc_data/endfb-vii.1-hdf5/neutron/Pu239.h5
 Reading Pu240 from /home/diogo/openmc_data/endfb-vii.1-hdf5/neutron/Pu240.h5
 Reading Pu241 from /home/diogo/openmc_data/endfb-vii.1-hdf5/neutron/Pu241.h5
 Reading Pu242 from /home/diogo/openmc_data/endfb-vii.1-hdf5/neutron/Pu242.h5
 Reading Pu243 from /home/diogo/openmc_data/endfb-vii.1-hdf5/neutron/Pu243.h5
 Reading Pu244 from /home/diogo/openmc_data/endfb-vii.1-hdf5/neutron/Pu244.h5
 Reading Pu246 from /home/diogo/openmc_data/endfb-vii.1-hdf5/neutron/Pu246.h5
 Reading Am240 from /home/diogo/openmc_data/endfb-vii.1-hdf5/neutron/Am240.h5
 Reading Am241 from /home/diogo/openmc_data/endfb-vii.1-hdf5/neutron/Am241.h5
 Reading Am242 from /home/diogo/openmc_data/endfb-vii.1-hdf5/neutron/Am242.h5
 Reading Am242_m1 from
 /home/diogo/openmc_data/endfb-vii.1-hdf5/neutron/Am242_m1.h5
 Reading Am243 from /home/diogo/openmc_data/endfb-vii.1-hdf5/neutron/Am243.h5
 Reading Am244 from /home/diogo/openmc_data/endfb-vii.1-hdf5/neutron/Am244.h5
 Reading Am244_m1 from
 /home/diogo/openmc_data/endfb-vii.1-hdf5/neutron/Am244_m1.h5
 Reading Cm240 from /home/diogo/openmc_data/endfb-vii.1-hdf5/neutron/Cm240.h5
 Reading Cm241 from /home/diogo/openmc_data/endfb-vii.1-hdf5/neutron/Cm241.h5
 Reading Cm242 from /home/diogo/openmc_data/endfb-vii.1-hdf5/neutron/Cm242.h5
 Reading Cm243 from /home/diogo/openmc_data/endfb-vii.1-hdf5/neutron/Cm243.h5
 Reading Cm244 from /home/diogo/openmc_data/endfb-vii.1-hdf5/neutron/Cm244.h5
 Reading Cm245 from /home/diogo/openmc_data/endfb-vii.1-hdf5/neutron/Cm245.h5
 Reading Cm246 from /home/diogo/openmc_data/endfb-vii.1-hdf5/neutron/Cm246.h5
 Reading Cm247 from /home/diogo/openmc_data/endfb-vii.1-hdf5/neutron/Cm247.h5
 Reading Cm248 from /home/diogo/openmc_data/endfb-vii.1-hdf5/neutron/Cm248.h5
 Reading Cm249 from /home/diogo/openmc_data/endfb-vii.1-hdf5/neutron/Cm249.h5
 Reading Cm250 from /home/diogo/openmc_data/endfb-vii.1-hdf5/neutron/Cm250.h5
 Reading Bk245 from /home/diogo/openmc_data/endfb-vii.1-hdf5/neutron/Bk245.h5
 Reading Bk246 from /home/diogo/openmc_data/endfb-vii.1-hdf5/neutron/Bk246.h5
 Reading Bk247 from /home/diogo/openmc_data/endfb-vii.1-hdf5/neutron/Bk247.h5
 Reading Bk248 from /home/diogo/openmc_data/endfb-vii.1-hdf5/neutron/Bk248.h5
 Reading Bk249 from /home/diogo/openmc_data/endfb-vii.1-hdf5/neutron/Bk249.h5
 Reading Bk250 from /home/diogo/openmc_data/endfb-vii.1-hdf5/neutron/Bk250.h5
 Reading Cf246 from /home/diogo/openmc_data/endfb-vii.1-hdf5/neutron/Cf246.h5
 Reading Cf248 from /home/diogo/openmc_data/endfb-vii.1-hdf5/neutron/Cf248.h5
 Reading Cf249 from /home/diogo/openmc_data/endfb-vii.1-hdf5/neutron/Cf249.h5
 Reading Cf250 from /home/diogo/openmc_data/endfb-vii.1-hdf5/neutron/Cf250.h5
 WARNING: Negative value(s) found on probability table for nuclide Cf250 at 250K
 WARNING: Negative value(s) found on probability table for nuclide Cf250 at 294K
 WARNING: Negative value(s) found on probability table for nuclide Cf250 at 900K
 WARNING: Negative value(s) found on probability table for nuclide Cf250 at
          1200K
 Reading Cf251 from /home/diogo/openmc_data/endfb-vii.1-hdf5/neutron/Cf251.h5
 Reading Cf252 from /home/diogo/openmc_data/endfb-vii.1-hdf5/neutron/Cf252.h5
 Reading Cf253 from /home/diogo/openmc_data/endfb-vii.1-hdf5/neutron/Cf253.h5
 Reading Cf254 from /home/diogo/openmc_data/endfb-vii.1-hdf5/neutron/Cf254.h5
 Reading Es251 from /home/diogo/openmc_data/endfb-vii.1-hdf5/neutron/Es251.h5
 Reading Es252 from /home/diogo/openmc_data/endfb-vii.1-hdf5/neutron/Es252.h5
 Reading Es253 from /home/diogo/openmc_data/endfb-vii.1-hdf5/neutron/Es253.h5
 Reading Es254 from /home/diogo/openmc_data/endfb-vii.1-hdf5/neutron/Es254.h5
 Reading Es254_m1 from
 /home/diogo/openmc_data/endfb-vii.1-hdf5/neutron/Es254_m1.h5
 Reading Es255 from /home/diogo/openmc_data/endfb-vii.1-hdf5/neutron/Es255.h5
 Reading Fm255 from /home/diogo/openmc_data/endfb-vii.1-hdf5/neutron/Fm255.h5
 Maximum neutron transport energy: 20000000 eV for H1
 Initializing source particles...

 ====================>     K EIGENVALUE SIMULATION     <====================

  Bat./Gen.      k       Entropy         Average k 
  =========   ========   ========   ====================
        1/1    0.99016    5.53976
        2/1    1.01288    5.50592
        3/1    1.00928    5.48111
        4/1    1.01452    5.44092
        5/1    1.03109    5.45671
        6/1    1.02699    5.45854
        7/1    1.03569    5.44550
        8/1    1.04446    5.44949
        9/1    1.04751    5.44102
       10/1    1.01654    5.46120
       11/1    1.03241    5.44469
       12/1    1.05922    5.46541
       13/1    1.04987    5.45769
       14/1    1.05796    5.43758
       15/1    1.05034    5.45200
       16/1    1.04723    5.44481
       17/1    1.04580    5.45111
       18/1    1.04358    5.44971
       19/1    1.06487    5.41743
       20/1    1.03636    5.44594
       21/1    1.04473    5.44076
       22/1    1.04824    5.41242
       23/1    1.06628    5.43732
       24/1    1.07587    5.42364
       25/1    1.04838    5.43717
       26/1    1.04416    5.43586
       27/1    1.05361    5.44010
       28/1    1.05644    5.44499
       29/1    1.04511    5.44975
       30/1    1.03897    5.43461
       31/1    1.01260    5.43653
       32/1    1.04675    5.44017
       33/1    1.05449    5.45448
       34/1    1.05285    5.44535
       35/1    1.03732    5.42530
       36/1    1.04935    5.41787
       37/1    1.06354    5.42945
       38/1    1.06381    5.44565
       39/1    1.05805    5.41794
       40/1    1.04510    5.41532
       41/1    1.04823    5.40491
       42/1    1.04985    5.40941
       43/1    1.04359    5.43743
       44/1    1.07169    5.41179
       45/1    1.07412    5.42827
       46/1    1.05756    5.42085
       47/1    1.04953    5.43317
       48/1    1.02865    5.43331
       49/1    1.05593    5.43781
       50/1    1.07847    5.44844
       51/1    1.07562    5.44159
       52/1    1.04862    5.44810    1.06212 +/- 0.01350
       53/1    1.05570    5.42054    1.05998 +/- 0.00808
       54/1    1.04055    5.43719    1.05512 +/- 0.00750
       55/1    1.05911    5.41500    1.05592 +/- 0.00586
       56/1    1.04636    5.42218    1.05433 +/- 0.00505
       57/1    1.04063    5.43266    1.05237 +/- 0.00469
       58/1    1.06140    5.42239    1.05350 +/- 0.00422
       59/1    1.05491    5.42733    1.05366 +/- 0.00372
       60/1    1.05270    5.43816    1.05356 +/- 0.00333
       61/1    1.05299    5.43363    1.05351 +/- 0.00301
       62/1    1.06758    5.41436    1.05468 +/- 0.00299
       63/1    1.08001    5.40203    1.05663 +/- 0.00337
       64/1    1.05196    5.40471    1.05630 +/- 0.00314
       65/1    1.07098    5.46306    1.05728 +/- 0.00308
       66/1    1.03760    5.43000    1.05605 +/- 0.00313
       67/1    1.07243    5.42486    1.05701 +/- 0.00310
       68/1    1.04701    5.42838    1.05645 +/- 0.00297
       69/1    1.04294    5.42170    1.05574 +/- 0.00290
       70/1    1.05753    5.41643    1.05583 +/- 0.00275
       71/1    1.06011    5.44003    1.05604 +/- 0.00263
       72/1    1.03522    5.43846    1.05509 +/- 0.00268
       73/1    1.05875    5.44106    1.05525 +/- 0.00256
       74/1    1.01930    5.42362    1.05375 +/- 0.00288
       75/1    1.06359    5.41812    1.05414 +/- 0.00279
       76/1    1.04312    5.44473    1.05372 +/- 0.00271
       77/1    1.05116    5.44667    1.05363 +/- 0.00261
       78/1    1.04488    5.45245    1.05331 +/- 0.00253
       79/1    1.06195    5.45301    1.05361 +/- 0.00246
       80/1    1.06077    5.45162    1.05385 +/- 0.00239
       81/1    1.05762    5.43291    1.05397 +/- 0.00232
       82/1    1.05538    5.44013    1.05402 +/- 0.00224
       83/1    1.04205    5.43778    1.05365 +/- 0.00220
       84/1    1.04896    5.45063    1.05352 +/- 0.00214
       85/1    1.03794    5.45105    1.05307 +/- 0.00213
       86/1    1.05513    5.45103    1.05313 +/- 0.00207
       87/1    1.04001    5.44963    1.05277 +/- 0.00204
       88/1    1.03644    5.45692    1.05234 +/- 0.00203
       89/1    1.06151    5.45988    1.05258 +/- 0.00200
       90/1    1.03531    5.43854    1.05215 +/- 0.00199
       91/1    1.06727    5.45640    1.05252 +/- 0.00198
       92/1    1.05454    5.44477    1.05256 +/- 0.00193
       93/1    1.04371    5.43361    1.05236 +/- 0.00190
       94/1    1.03191    5.43235    1.05189 +/- 0.00191
       95/1    1.05781    5.42426    1.05202 +/- 0.00187
       96/1    1.03425    5.44717    1.05164 +/- 0.00187
       97/1    1.05037    5.42450    1.05161 +/- 0.00183
       98/1    1.03852    5.41935    1.05134 +/- 0.00181
       99/1    1.03576    5.42260    1.05102 +/- 0.00180
      100/1    1.03264    5.43220    1.05065 +/- 0.00181
 Creating state point statepoint.100.h5...

 =======================>     TIMING STATISTICS     <=======================

 Total time for initialization     = 5.2835e+01 seconds
   Reading cross sections          = 7.6247e+00 seconds
 Total time in simulation          = 9.0671e+01 seconds
   Time in transport only          = 9.0144e+01 seconds
   Time in inactive batches        = 4.3473e+00 seconds
   Time in active batches          = 8.6324e+01 seconds
   Time synchronizing fission bank = 8.4652e-02 seconds
     Sampling source sites         = 7.1905e-02 seconds
     SEND/RECV source sites        = 1.2338e-02 seconds
   Time accumulating tallies       = 3.4135e-01 seconds
   Time writing statepoints        = 1.3609e-02 seconds
 Total time for finalization       = 1.8189e-02 seconds
 Total time elapsed                = 1.4395e+02 seconds
 Calculation Rate (inactive)       = 115015 particles/second
 Calculation Rate (active)         = 5792.13 particles/second

 ============================>     RESULTS     <============================

 k-effective (Collision)     = 1.04912 +/- 0.00159
 k-effective (Track-length)  = 1.05065 +/- 0.00181
 k-effective (Absorption)    = 1.04858 +/- 0.00150
 Combined k-effective        = 1.04926 +/- 0.00129
 Leakage Fraction            = 0.00686 +/- 0.00012

 Creating state point openmc_simulation_n0.h5...
[openmc.deplete] t=4327203.051553669 s, dt=8654406.103107339 s, source=47773107.16002766
 Maximum neutron transport energy: 20000000 eV for H1
 Initializing source particles...

 ====================>     K EIGENVALUE SIMULATION     <====================

  Bat./Gen.      k       Entropy         Average k 
  =========   ========   ========   ====================
        1/1    0.98222    5.54198
        2/1    1.00839    5.49990
        3/1    1.01139    5.48361
        4/1    1.02566    5.46682
        5/1    1.00176    5.47576
        6/1    1.02516    5.46318
        7/1    1.01426    5.45504
        8/1    1.02964    5.44913
        9/1    1.01292    5.45377
       10/1    1.02542    5.46966
       11/1    1.05110    5.44301
       12/1    1.03564    5.44464
       13/1    1.03806    5.43089
       14/1    1.01902    5.44494
       15/1    1.01485    5.45831
       16/1    1.03809    5.44804
       17/1    1.05256    5.44359
       18/1    1.04339    5.44677
       19/1    1.04664    5.43034
       20/1    1.06286    5.41161
       21/1    1.02165    5.42207
       22/1    1.02768    5.40918
       23/1    1.04967    5.43027
       24/1    1.05381    5.44844
       25/1    1.04699    5.45882
       26/1    1.05869    5.43431
       27/1    1.04212    5.45830
       28/1    1.03857    5.44620
       29/1    1.03719    5.44605
       30/1    1.04865    5.44119
       31/1    1.02390    5.43918
       32/1    1.01810    5.42740
       33/1    1.04205    5.43021
       34/1    1.04073    5.43744
       35/1    1.04260    5.43633
       36/1    1.02742    5.43825
       37/1    1.05314    5.43615
       38/1    1.04118    5.43157
       39/1    1.01778    5.41169
       40/1    1.01894    5.42636
       41/1    1.03525    5.44096
       42/1    1.02376    5.44853
       43/1    1.01396    5.43667
       44/1    1.03126    5.46386
       45/1    1.04884    5.43280
       46/1    1.04265    5.45247
       47/1    1.01696    5.45092
       48/1    1.00648    5.42538
       49/1    1.03797    5.44371
       50/1    1.02828    5.45149
       51/1    1.02589    5.45243
       52/1    1.03795    5.44358    1.03192 +/- 0.00603
       53/1    1.04545    5.46996    1.03643 +/- 0.00570
       54/1    1.02480    5.44956    1.03352 +/- 0.00497
       55/1    1.01016    5.43302    1.02885 +/- 0.00605
       56/1    1.04274    5.43456    1.03117 +/- 0.00546
       57/1    1.03362    5.43441    1.03152 +/- 0.00463
       58/1    1.02891    5.43029    1.03119 +/- 0.00402
       59/1    1.02196    5.44866    1.03017 +/- 0.00369
       60/1    1.02513    5.45329    1.02966 +/- 0.00334
       61/1    1.01455    5.42775    1.02829 +/- 0.00332
       62/1    1.03567    5.44061    1.02890 +/- 0.00309
       63/1    1.02475    5.45315    1.02858 +/- 0.00286
       64/1    1.02232    5.45204    1.02814 +/- 0.00269
       65/1    1.00073    5.45521    1.02631 +/- 0.00310
       66/1    1.02607    5.45477    1.02629 +/- 0.00290
       67/1    1.02599    5.44585    1.02628 +/- 0.00272
       68/1    1.00288    5.43743    1.02498 +/- 0.00288
       69/1    0.99586    5.44609    1.02344 +/- 0.00312
       70/1    1.00271    5.42563    1.02241 +/- 0.00314
       71/1    1.02617    5.42933    1.02259 +/- 0.00299
       72/1    1.04510    5.43927    1.02361 +/- 0.00303
       73/1    1.01653    5.44043    1.02330 +/- 0.00291
       74/1    1.03968    5.44945    1.02398 +/- 0.00287
       75/1    1.01634    5.44580    1.02368 +/- 0.00277
       76/1    1.02259    5.45057    1.02364 +/- 0.00266
       77/1    1.04088    5.43604    1.02427 +/- 0.00264
       78/1    1.02401    5.43538    1.02427 +/- 0.00254
       79/1    1.02541    5.44150    1.02430 +/- 0.00245
       80/1    1.02828    5.42996    1.02444 +/- 0.00237
       81/1    1.03936    5.43862    1.02492 +/- 0.00235
       82/1    1.03269    5.43565    1.02516 +/- 0.00229
       83/1    1.04833    5.44733    1.02586 +/- 0.00232
       84/1    1.01586    5.44701    1.02557 +/- 0.00227
       85/1    1.03151    5.45377    1.02574 +/- 0.00221
       86/1    1.01411    5.43466    1.02542 +/- 0.00218
       87/1    1.02010    5.45962    1.02527 +/- 0.00212
       88/1    1.03499    5.44276    1.02553 +/- 0.00208
       89/1    1.02764    5.43326    1.02558 +/- 0.00203
       90/1    1.00257    5.43264    1.02501 +/- 0.00206
       91/1    1.04440    5.43709    1.02548 +/- 0.00206
       92/1    1.03804    5.44095    1.02578 +/- 0.00203
       93/1    1.03669    5.44384    1.02603 +/- 0.00200
       94/1    0.99993    5.41365    1.02544 +/- 0.00204
       95/1    1.01395    5.44262    1.02518 +/- 0.00201
       96/1    1.04334    5.43904    1.02558 +/- 0.00201
       97/1    1.03793    5.43835    1.02584 +/- 0.00198
       98/1    1.03866    5.41404    1.02611 +/- 0.00196
       99/1    1.02301    5.43297    1.02605 +/- 0.00192
      100/1    1.02572    5.43428    1.02604 +/- 0.00188
 Creating state point statepoint.100.h5...

 =======================>     TIMING STATISTICS     <=======================

 Total time for initialization     = 0.0000e+00 seconds
   Reading cross sections          = 0.0000e+00 seconds
 Total time in simulation          = 1.3539e+02 seconds
   Time in transport only          = 1.3479e+02 seconds
   Time in inactive batches        = 4.7076e+01 seconds
   Time in active batches          = 8.8315e+01 seconds
   Time synchronizing fission bank = 9.3050e-02 seconds
     Sampling source sites         = 8.1457e-02 seconds
     SEND/RECV source sites        = 1.1184e-02 seconds
   Time accumulating tallies       = 3.9873e-01 seconds
   Time writing statepoints        = 1.3608e-02 seconds
 Total time for finalization       = 1.9027e-02 seconds
 Total time elapsed                = 1.3582e+02 seconds
 Calculation Rate (inactive)       = 10621.1 particles/second
 Calculation Rate (active)         = 5661.58 particles/second

 ============================>     RESULTS     <============================

 k-effective (Collision)     = 1.02681 +/- 0.00149
 k-effective (Track-length)  = 1.02604 +/- 0.00188
 k-effective (Absorption)    = 1.02880 +/- 0.00116
 Combined k-effective        = 1.02812 +/- 0.00108
 Leakage Fraction            = 0.00705 +/- 0.00012

 Creating state point openmc_simulation_n1.h5...
[openmc.deplete] t=12981609.154661007 s, dt=17308812.206214678 s, source=47773107.16002766
 Maximum neutron transport energy: 20000000 eV for H1
 Initializing source particles...

 ====================>     K EIGENVALUE SIMULATION     <====================

  Bat./Gen.      k       Entropy         Average k 
  =========   ========   ========   ====================
        1/1    0.97157    5.55054
        2/1    0.96414    5.52623
        3/1    0.99576    5.49534
        4/1    1.02370    5.48887
        5/1    1.03572    5.47815
        6/1    1.02697    5.45730
        7/1    0.99659    5.44660
        8/1    1.02551    5.44921
        9/1    1.00639    5.44945
       10/1    1.01128    5.43266
       11/1    1.03625    5.43310
       12/1    1.01076    5.45644
       13/1    1.05068    5.45053
       14/1    1.03146    5.45220
       15/1    1.05421    5.44523
       16/1    1.03480    5.44783
       17/1    1.02831    5.41477
       18/1    1.03692    5.45176
       19/1    1.02717    5.42865
       20/1    1.04533    5.41875
       21/1    1.01092    5.42872
       22/1    1.04534    5.43854
       23/1    1.04319    5.43706
       24/1    1.00949    5.45285
       25/1    1.02052    5.43071
       26/1    1.03383    5.43096
       27/1    1.02546    5.44225
       28/1    0.99969    5.43304
       29/1    1.01314    5.43507
       30/1    1.01297    5.44899
       31/1    1.03253    5.42970
       32/1    1.03531    5.43345
       33/1    1.02357    5.43561
       34/1    1.03011    5.42643
       35/1    1.03626    5.44296
       36/1    1.00377    5.41377
       37/1    1.05596    5.44505
       38/1    1.03345    5.45442
       39/1    1.01168    5.44376
       40/1    1.04547    5.43265
       41/1    1.02019    5.43144
       42/1    1.02896    5.43577
       43/1    1.01660    5.43602
       44/1    1.05880    5.43061
       45/1    1.01937    5.44687
       46/1    1.02775    5.44902
       47/1    1.04076    5.45409
       48/1    1.03511    5.44160
       49/1    1.01161    5.42310
       50/1    1.03110    5.42752
       51/1    1.02694    5.41252
       52/1    1.02017    5.41322    1.02355 +/- 0.00338
       53/1    1.01804    5.41795    1.02171 +/- 0.00268
       54/1    1.03128    5.41673    1.02411 +/- 0.00305
       55/1    1.03065    5.41230    1.02542 +/- 0.00270
       56/1    1.02684    5.41873    1.02565 +/- 0.00222
       57/1    1.00480    5.41060    1.02267 +/- 0.00352
       58/1    1.03954    5.41851    1.02478 +/- 0.00371
       59/1    1.02611    5.42490    1.02493 +/- 0.00327
       60/1    1.03019    5.43000    1.02546 +/- 0.00297
       61/1    1.03979    5.44064    1.02676 +/- 0.00299
       62/1    1.02819    5.45593    1.02688 +/- 0.00273
       63/1    1.04035    5.42510    1.02791 +/- 0.00272
       64/1    1.01658    5.42357    1.02710 +/- 0.00264
       65/1    1.02025    5.42735    1.02665 +/- 0.00250
       66/1    1.01626    5.42616    1.02600 +/- 0.00243
       67/1    1.02581    5.42801    1.02599 +/- 0.00228
       68/1    1.04754    5.42553    1.02718 +/- 0.00246
       69/1    1.05580    5.42322    1.02869 +/- 0.00277
       70/1    1.03114    5.42844    1.02881 +/- 0.00263
       71/1    1.03848    5.43252    1.02927 +/- 0.00255
       72/1    1.01843    5.42973    1.02878 +/- 0.00248
       73/1    1.01566    5.42541    1.02821 +/- 0.00244
       74/1    1.01295    5.43078    1.02757 +/- 0.00242
       75/1    1.05375    5.42817    1.02862 +/- 0.00254
       76/1    1.03936    5.42368    1.02903 +/- 0.00248
       77/1    1.00892    5.43490    1.02829 +/- 0.00250
       78/1    1.01741    5.44569    1.02790 +/- 0.00244
       79/1    1.02336    5.43148    1.02774 +/- 0.00236
       80/1    1.04164    5.42138    1.02821 +/- 0.00233
       81/1    1.04665    5.44512    1.02880 +/- 0.00233
       82/1    1.02554    5.44196    1.02870 +/- 0.00225
       83/1    1.03445    5.44346    1.02887 +/- 0.00219
       84/1    1.03158    5.43854    1.02895 +/- 0.00213
       85/1    1.02914    5.44224    1.02896 +/- 0.00207
       86/1    1.01566    5.43447    1.02859 +/- 0.00204
       87/1    1.03842    5.42582    1.02886 +/- 0.00200
       88/1    1.04828    5.42862    1.02937 +/- 0.00202
       89/1    1.00582    5.45144    1.02876 +/- 0.00205
       90/1    1.03416    5.43347    1.02890 +/- 0.00201
       91/1    1.00946    5.45522    1.02842 +/- 0.00201
       92/1    1.03427    5.46906    1.02856 +/- 0.00197
       93/1    1.00567    5.43685    1.02803 +/- 0.00200
       94/1    1.01079    5.43212    1.02764 +/- 0.00199
       95/1    1.01185    5.44216    1.02729 +/- 0.00198
       96/1    1.02936    5.41338    1.02733 +/- 0.00193
       97/1    1.04178    5.43470    1.02764 +/- 0.00192
       98/1    0.99658    5.43559    1.02699 +/- 0.00198
       99/1    1.01014    5.42113    1.02665 +/- 0.00197
      100/1    1.02738    5.43840    1.02666 +/- 0.00193
 Creating state point statepoint.100.h5...

 =======================>     TIMING STATISTICS     <=======================

 Total time for initialization     = 0.0000e+00 seconds
   Reading cross sections          = 0.0000e+00 seconds
 Total time in simulation          = 1.1765e+02 seconds
   Time in transport only          = 1.1722e+02 seconds
   Time in inactive batches        = 4.4426e+01 seconds
   Time in active batches          = 7.3228e+01 seconds
   Time synchronizing fission bank = 9.0801e-02 seconds
     Sampling source sites         = 7.9232e-02 seconds
     SEND/RECV source sites        = 1.1083e-02 seconds
   Time accumulating tallies       = 2.3450e-01 seconds
   Time writing statepoints        = 1.2037e-02 seconds
 Total time for finalization       = 1.1746e-02 seconds
 Total time elapsed                = 1.1809e+02 seconds
 Calculation Rate (inactive)       = 11254.6 particles/second
 Calculation Rate (active)         = 6827.99 particles/second

 ============================>     RESULTS     <============================

 k-effective (Collision)     = 1.02605 +/- 0.00163
 k-effective (Track-length)  = 1.02666 +/- 0.00193
 k-effective (Absorption)    = 1.02819 +/- 0.00148
 Combined k-effective        = 1.02754 +/- 0.00136
 Leakage Fraction            = 0.00681 +/- 0.00013

 Creating state point openmc_simulation_n2.h5...
[openmc.deplete] t=30290421.360875685 s, dt=34617624.412429355 s, source=47773107.16002766
 Maximum neutron transport energy: 20000000 eV for H1
 Initializing source particles...

 ====================>     K EIGENVALUE SIMULATION     <====================

  Bat./Gen.      k       Entropy         Average k 
  =========   ========   ========   ====================
        1/1    0.96140    5.54373
        2/1    0.99497    5.52004
        3/1    1.01635    5.48595
        4/1    1.00146    5.48972
        5/1    1.00715    5.45714
        6/1    1.00865    5.42795
        7/1    1.02615    5.42935
        8/1    1.00549    5.45426
        9/1    1.01768    5.42272
       10/1    1.01685    5.43393
       11/1    1.02076    5.44730
       12/1    1.03383    5.44525
       13/1    1.01116    5.43405
       14/1    1.01734    5.43931
       15/1    1.03414    5.42883
       16/1    1.01992    5.40526
       17/1    1.03190    5.41561
       18/1    1.02967    5.46964
       19/1    1.02225    5.46112
       20/1    1.01352    5.43194
       21/1    1.02259    5.45295
       22/1    1.03052    5.43342
       23/1    1.05310    5.44633
       24/1    1.02502    5.41777
       25/1    1.04629    5.44485
       26/1    1.03145    5.43829
       27/1    1.01468    5.44642
       28/1    1.03143    5.42393
       29/1    1.04601    5.41847
       30/1    1.04823    5.42237
       31/1    1.02038    5.43098
       32/1    1.01190    5.43424
       33/1    1.01782    5.41668
       34/1    1.03392    5.40894
       35/1    1.04988    5.44135
       36/1    1.02674    5.44847
       37/1    1.01338    5.44538
       38/1    1.01856    5.43658
       39/1    1.00998    5.43577
       40/1    1.01173    5.44557
       41/1    1.02225    5.43806
       42/1    1.03841    5.44780
       43/1    1.02847    5.41909
       44/1    1.00877    5.41781
       45/1    1.02477    5.42726
       46/1    1.01043    5.42615
       47/1    1.02761    5.43270
       48/1    1.01738    5.42223
       49/1    1.03364    5.42385
       50/1    1.01762    5.42708
       51/1    1.02457    5.44564
       52/1    1.03026    5.44291    1.02741 +/- 0.00284
       53/1    1.03850    5.43982    1.03111 +/- 0.00405
       54/1    1.03738    5.41850    1.03268 +/- 0.00326
       55/1    1.03643    5.42174    1.03343 +/- 0.00264
       56/1    1.02372    5.42796    1.03181 +/- 0.00269
       57/1    1.04169    5.43245    1.03322 +/- 0.00268
       58/1    1.02319    5.42001    1.03197 +/- 0.00264
       59/1    1.03714    5.40712    1.03254 +/- 0.00239
       60/1    1.03863    5.42039    1.03315 +/- 0.00223
       61/1    1.02219    5.42083    1.03216 +/- 0.00225
       62/1    1.02294    5.43256    1.03139 +/- 0.00219
       63/1    1.03700    5.39468    1.03182 +/- 0.00206
       64/1    1.03100    5.41896    1.03176 +/- 0.00191
       65/1    1.02754    5.43124    1.03148 +/- 0.00180
       66/1    1.02408    5.43253    1.03102 +/- 0.00175
       67/1    1.02269    5.44253    1.03053 +/- 0.00171
       68/1    1.03396    5.47125    1.03072 +/- 0.00162
       69/1    1.02926    5.46123    1.03064 +/- 0.00154
       70/1    1.03625    5.44987    1.03092 +/- 0.00149
       71/1    1.01177    5.46846    1.03001 +/- 0.00168
       72/1    1.01492    5.45532    1.02932 +/- 0.00174
       73/1    1.04262    5.44710    1.02990 +/- 0.00176
       74/1    1.03601    5.44051    1.03016 +/- 0.00171
       75/1    1.02070    5.43550    1.02978 +/- 0.00168
       76/1    1.00789    5.44752    1.02894 +/- 0.00182
       77/1    1.02135    5.44854    1.02866 +/- 0.00178
       78/1    1.00943    5.43857    1.02797 +/- 0.00184
       79/1    1.03024    5.43591    1.02805 +/- 0.00178
       80/1    1.02216    5.43544    1.02785 +/- 0.00173
       81/1    1.02410    5.43248    1.02773 +/- 0.00168
       82/1    1.03624    5.43788    1.02800 +/- 0.00165
       83/1    1.01047    5.42533    1.02747 +/- 0.00168
       84/1    1.01562    5.44515    1.02712 +/- 0.00167
       85/1    1.02032    5.43208    1.02692 +/- 0.00163
       86/1    1.05403    5.43349    1.02768 +/- 0.00176
       87/1    1.04066    5.43658    1.02803 +/- 0.00174
       88/1    1.02129    5.44494    1.02785 +/- 0.00171
       89/1    1.04382    5.44229    1.02826 +/- 0.00171
       90/1    1.03770    5.43657    1.02849 +/- 0.00168
       91/1    1.01673    5.44616    1.02821 +/- 0.00167
       92/1    1.01588    5.43196    1.02791 +/- 0.00165
       93/1    1.01848    5.45719    1.02770 +/- 0.00163
       94/1    1.04053    5.44483    1.02799 +/- 0.00162
       95/1    1.00941    5.42153    1.02757 +/- 0.00164
       96/1    1.04187    5.42394    1.02788 +/- 0.00163
       97/1    1.02583    5.43914    1.02784 +/- 0.00160
       98/1    1.03057    5.44275    1.02790 +/- 0.00156
       99/1    1.04112    5.46591    1.02817 +/- 0.00155
      100/1    1.04304    5.44867    1.02847 +/- 0.00155
 Creating state point statepoint.100.h5...

 =======================>     TIMING STATISTICS     <=======================

 Total time for initialization     = 0.0000e+00 seconds
   Reading cross sections          = 0.0000e+00 seconds
 Total time in simulation          = 1.1838e+02 seconds
   Time in transport only          = 1.1789e+02 seconds
   Time in inactive batches        = 4.2242e+01 seconds
   Time in active batches          = 7.6135e+01 seconds
   Time synchronizing fission bank = 8.7950e-02 seconds
     Sampling source sites         = 7.6363e-02 seconds
     SEND/RECV source sites        = 1.1184e-02 seconds
   Time accumulating tallies       = 2.8743e-01 seconds
   Time writing statepoints        = 1.6947e-02 seconds
 Total time for finalization       = 1.2333e-02 seconds
 Total time elapsed                = 1.1887e+02 seconds
 Calculation Rate (inactive)       = 11836.5 particles/second
 Calculation Rate (active)         = 6567.32 particles/second

 ============================>     RESULTS     <============================

 k-effective (Collision)     = 1.02828 +/- 0.00148
 k-effective (Track-length)  = 1.02847 +/- 0.00155
 k-effective (Absorption)    = 1.02656 +/- 0.00134
 Combined k-effective        = 1.02736 +/- 0.00122
 Leakage Fraction            = 0.00703 +/- 0.00011

 Creating state point openmc_simulation_n3.h5...
[openmc.deplete] t=64908045.77330504 s, dt=51926436.61864404 s, source=47773107.16002766
 Maximum neutron transport energy: 20000000 eV for H1
 Initializing source particles...

 ====================>     K EIGENVALUE SIMULATION     <====================

  Bat./Gen.      k       Entropy         Average k 
  =========   ========   ========   ====================
        1/1    0.95648    5.53277
        2/1    0.97938    5.50436
        3/1    1.00260    5.46766
        4/1    1.01272    5.45920
        5/1    1.00823    5.46347
        6/1    1.01123    5.43438
        7/1    1.01494    5.44011
        8/1    1.02999    5.44734
        9/1    1.03884    5.44355
       10/1    1.04276    5.42890
       11/1    1.03769    5.42671
       12/1    0.99483    5.43498
       13/1    1.03270    5.42602
       14/1    1.04674    5.43716
       15/1    1.02504    5.44032
       16/1    1.05350    5.43219
       17/1    1.00759    5.45262
       18/1    1.01677    5.43731
       19/1    1.02887    5.44026
       20/1    1.02304    5.44583
       21/1    1.03115    5.43594
       22/1    1.03934    5.41103
       23/1    1.02933    5.40649
       24/1    1.03081    5.43213
       25/1    1.05965    5.42404
       26/1    1.03712    5.42632
       27/1    1.03602    5.42802
       28/1    1.02247    5.42766
       29/1    1.03026    5.44016
       30/1    1.02960    5.42467
       31/1    1.04374    5.44839
       32/1    1.00026    5.42103
       33/1    1.02738    5.43384
       34/1    1.03625    5.41942
       35/1    1.04296    5.42368
       36/1    1.02153    5.42855
       37/1    1.02801    5.41928
       38/1    1.02257    5.41678
       39/1    1.01982    5.42039
       40/1    1.03749    5.43143
       41/1    1.03336    5.42653
       42/1    1.02294    5.42091
       43/1    1.00687    5.43593
       44/1    1.01699    5.41170
       45/1    1.01887    5.42271
       46/1    1.01832    5.41267
       47/1    1.01381    5.40556
       48/1    1.02913    5.41884
       49/1    1.03462    5.40879
       50/1    1.03273    5.40236
       51/1    1.02659    5.38868
       52/1    1.05670    5.42758    1.04165 +/- 0.01505
       53/1    1.04190    5.41500    1.04173 +/- 0.00869
       54/1    1.02152    5.42080    1.03668 +/- 0.00796
       55/1    1.04376    5.42530    1.03809 +/- 0.00632
       56/1    1.01787    5.41625    1.03472 +/- 0.00617
       57/1    1.02616    5.40167    1.03350 +/- 0.00535
       58/1    1.02127    5.40775    1.03197 +/- 0.00488
       59/1    1.03811    5.41703    1.03265 +/- 0.00436
       60/1    1.03024    5.41434    1.03241 +/- 0.00391
       61/1    1.01694    5.40474    1.03100 +/- 0.00380
       62/1    1.01548    5.41777    1.02971 +/- 0.00370
       63/1    0.99734    5.41216    1.02722 +/- 0.00422
       64/1    1.01142    5.39889    1.02609 +/- 0.00407
       65/1    1.02865    5.41225    1.02626 +/- 0.00379
       66/1    1.03296    5.41878    1.02668 +/- 0.00357
       67/1    1.03627    5.40451    1.02725 +/- 0.00340
       68/1    1.03782    5.40510    1.02783 +/- 0.00326
       69/1    1.03747    5.40368    1.02834 +/- 0.00312
       70/1    1.03883    5.39552    1.02886 +/- 0.00301
       71/1    1.03877    5.40377    1.02934 +/- 0.00290
       72/1    1.01636    5.40226    1.02875 +/- 0.00283
       73/1    1.02396    5.42556    1.02854 +/- 0.00271
       74/1    1.02453    5.41023    1.02837 +/- 0.00260
       75/1    1.02743    5.43162    1.02833 +/- 0.00250
       76/1    1.03299    5.41396    1.02851 +/- 0.00240
       77/1    1.01576    5.44419    1.02804 +/- 0.00236
       78/1    1.00796    5.41408    1.02732 +/- 0.00239
       79/1    1.01731    5.39445    1.02698 +/- 0.00233
       80/1    1.03940    5.42801    1.02739 +/- 0.00229
       81/1    1.02002    5.44400    1.02715 +/- 0.00222
       82/1    1.01108    5.41399    1.02665 +/- 0.00221
       83/1    1.01653    5.41191    1.02634 +/- 0.00217
       84/1    1.00180    5.41740    1.02562 +/- 0.00222
       85/1    1.01636    5.40448    1.02536 +/- 0.00217
       86/1    1.02955    5.41563    1.02547 +/- 0.00211
       87/1    1.04968    5.44012    1.02613 +/- 0.00216
       88/1    1.02588    5.45161    1.02612 +/- 0.00210
       89/1    1.01264    5.42644    1.02578 +/- 0.00208
       90/1    1.04150    5.41393    1.02617 +/- 0.00206
       91/1    1.03400    5.39118    1.02636 +/- 0.00202
       92/1    1.05151    5.41133    1.02696 +/- 0.00206
       93/1    1.02626    5.41499    1.02694 +/- 0.00201
       94/1    1.02180    5.42335    1.02683 +/- 0.00197
       95/1    1.02440    5.42589    1.02677 +/- 0.00192
       96/1    1.03013    5.41064    1.02685 +/- 0.00188
       97/1    1.02748    5.42935    1.02686 +/- 0.00184
       98/1    1.01568    5.42303    1.02663 +/- 0.00182
       99/1    1.03016    5.41825    1.02670 +/- 0.00178
      100/1    1.02949    5.41528    1.02675 +/- 0.00175
 Creating state point statepoint.100.h5...

 =======================>     TIMING STATISTICS     <=======================

 Total time for initialization     = 0.0000e+00 seconds
   Reading cross sections          = 0.0000e+00 seconds
 Total time in simulation          = 1.1708e+02 seconds
   Time in transport only          = 1.1665e+02 seconds
   Time in inactive batches        = 4.3822e+01 seconds
   Time in active batches          = 7.3263e+01 seconds
   Time synchronizing fission bank = 9.4522e-02 seconds
     Sampling source sites         = 8.2109e-02 seconds
     SEND/RECV source sites        = 1.1962e-02 seconds
   Time accumulating tallies       = 2.2245e-01 seconds
   Time writing statepoints        = 1.3575e-02 seconds
 Total time for finalization       = 1.0807e-02 seconds
 Total time elapsed                = 1.1758e+02 seconds
 Calculation Rate (inactive)       = 11409.8 particles/second
 Calculation Rate (active)         = 6824.77 particles/second

 ============================>     RESULTS     <============================

 k-effective (Collision)     = 1.02729 +/- 0.00172
 k-effective (Track-length)  = 1.02675 +/- 0.00175
 k-effective (Absorption)    = 1.02736 +/- 0.00136
 Combined k-effective        = 1.02714 +/- 0.00125
 Leakage Fraction            = 0.00663 +/- 0.00010

 Creating state point openmc_simulation_n4.h5...
[openmc.deplete] t=116834482.39194909 (final operator evaluation)
 Maximum neutron transport energy: 20000000 eV for H1
 Initializing source particles...

 ====================>     K EIGENVALUE SIMULATION     <====================

  Bat./Gen.      k       Entropy         Average k 
  =========   ========   ========   ====================
        1/1    0.96137    5.53902
        2/1    0.97700    5.51472
        3/1    0.98480    5.50776
        4/1    0.98065    5.48791
        5/1    1.02957    5.47859
        6/1    0.99548    5.47024
        7/1    1.00641    5.45716
        8/1    1.00907    5.48238
        9/1    0.99503    5.46316
       10/1    1.00164    5.47632
       11/1    1.00639    5.47692
       12/1    1.00866    5.44413
       13/1    1.00751    5.44805
       14/1    1.00163    5.46309
       15/1    1.01446    5.44884
       16/1    0.98605    5.45808
       17/1    1.00342    5.45953
       18/1    0.97817    5.45271
       19/1    1.01100    5.46593
       20/1    1.01194    5.46132
       21/1    1.01998    5.45047
       22/1    1.01912    5.45576
       23/1    0.99104    5.45279
       24/1    1.00460    5.42409
       25/1    1.00394    5.45654
       26/1    1.00806    5.44836
       27/1    1.02197    5.44505
       28/1    1.01172    5.43614
       29/1    1.01032    5.44670
       30/1    1.00603    5.43832
       31/1    1.01052    5.43930
       32/1    0.97902    5.45945
       33/1    0.99457    5.43871
       34/1    0.97494    5.44544
       35/1    1.00554    5.43901
       36/1    1.01967    5.43986
       37/1    1.00326    5.43354
       38/1    1.01689    5.44065
       39/1    1.00952    5.44788
       40/1    0.97841    5.44639
       41/1    0.98820    5.45298
       42/1    1.00813    5.45564
       43/1    0.98603    5.44559
       44/1    1.01013    5.42721
       45/1    1.03633    5.43517
       46/1    1.02316    5.45330
       47/1    0.98389    5.42050
       48/1    0.99529    5.42610
       49/1    1.00840    5.42815
       50/1    1.02302    5.42362
       51/1    1.00987    5.43048
       52/1    0.99651    5.42695    1.00319 +/- 0.00668
       53/1    1.00160    5.42476    1.00266 +/- 0.00389
       54/1    1.03307    5.43308    1.01027 +/- 0.00809
       55/1    1.02382    5.45206    1.01298 +/- 0.00682
       56/1    1.00268    5.46062    1.01126 +/- 0.00583
       57/1    1.00563    5.42513    1.01046 +/- 0.00499
       58/1    1.02979    5.43452    1.01287 +/- 0.00495
       59/1    1.00399    5.44011    1.01189 +/- 0.00448
       60/1    1.01372    5.43821    1.01207 +/- 0.00401
       61/1    1.00563    5.41476    1.01148 +/- 0.00367
       62/1    1.02031    5.42873    1.01222 +/- 0.00343
       63/1    0.98233    5.43306    1.00992 +/- 0.00391
       64/1    1.01061    5.43265    1.00997 +/- 0.00362
       65/1    1.01074    5.42696    1.01002 +/- 0.00337
       66/1    0.99679    5.43716    1.00919 +/- 0.00326
       67/1    1.00141    5.42555    1.00874 +/- 0.00309
       68/1    0.99889    5.42998    1.00819 +/- 0.00297
       69/1    0.99299    5.43963    1.00739 +/- 0.00292
       70/1    1.02336    5.44626    1.00819 +/- 0.00288
       71/1    0.99330    5.43840    1.00748 +/- 0.00283
       72/1    0.99296    5.43177    1.00682 +/- 0.00278
       73/1    0.99844    5.41400    1.00645 +/- 0.00268
       74/1    0.99392    5.42705    1.00593 +/- 0.00262
       75/1    1.00419    5.40728    1.00586 +/- 0.00251
       76/1    1.02749    5.42947    1.00669 +/- 0.00255
       77/1    1.03247    5.43660    1.00765 +/- 0.00264
       78/1    1.01584    5.44509    1.00794 +/- 0.00256
       79/1    1.01800    5.44740    1.00829 +/- 0.00249
       80/1    1.00034    5.43816    1.00802 +/- 0.00242
       81/1    1.00276    5.44457    1.00785 +/- 0.00235
       82/1    1.01375    5.43492    1.00804 +/- 0.00228
       83/1    1.00769    5.44272    1.00803 +/- 0.00221
       84/1    1.00514    5.44198    1.00794 +/- 0.00215
       85/1    1.01489    5.44901    1.00814 +/- 0.00209
       86/1    1.01225    5.44536    1.00826 +/- 0.00204
       87/1    0.99882    5.43812    1.00800 +/- 0.00200
       88/1    1.02028    5.45043    1.00832 +/- 0.00197
       89/1    1.02470    5.45282    1.00874 +/- 0.00197
       90/1    1.02738    5.46395    1.00921 +/- 0.00197
       91/1    1.01044    5.46448    1.00924 +/- 0.00192
       92/1    1.01593    5.47598    1.00940 +/- 0.00188
       93/1    1.00840    5.43577    1.00938 +/- 0.00184
       94/1    1.02570    5.43993    1.00975 +/- 0.00184
       95/1    1.03254    5.43718    1.01025 +/- 0.00186
       96/1    0.99339    5.45716    1.00989 +/- 0.00186
       97/1    1.00979    5.45876    1.00988 +/- 0.00182
       98/1    1.00857    5.43010    1.00986 +/- 0.00178
       99/1    1.01008    5.43476    1.00986 +/- 0.00174
      100/1    1.01867    5.45125    1.01004 +/- 0.00172
 Creating state point statepoint.100.h5...

 =======================>     TIMING STATISTICS     <=======================

 Total time for initialization     = 0.0000e+00 seconds
   Reading cross sections          = 0.0000e+00 seconds
 Total time in simulation          = 1.0968e+02 seconds
   Time in transport only          = 1.0926e+02 seconds
   Time in inactive batches        = 4.2582e+01 seconds
   Time in active batches          = 6.7094e+01 seconds
   Time synchronizing fission bank = 9.4466e-02 seconds
     Sampling source sites         = 8.1922e-02 seconds
     SEND/RECV source sites        = 1.2108e-02 seconds
   Time accumulating tallies       = 2.1472e-01 seconds
   Time writing statepoints        = 1.0675e-02 seconds
 Total time for finalization       = 1.1077e-02 seconds
 Total time elapsed                = 1.1017e+02 seconds
 Calculation Rate (inactive)       = 11742.1 particles/second
 Calculation Rate (active)         = 7452.24 particles/second

 ============================>     RESULTS     <============================

 k-effective (Collision)     = 1.00915 +/- 0.00159
 k-effective (Track-length)  = 1.01004 +/- 0.00172
 k-effective (Absorption)    = 1.00748 +/- 0.00147
 Combined k-effective        = 1.00853 +/- 0.00122
 Leakage Fraction            = 0.00703 +/- 0.00011

 Creating state point openmc_simulation_n5.h5...
      k(BOL) 1.04926 x ratio 0.92306 -> end of cycle at k = 0.96853
      state 0: B   0.00 MWd/kgHM  k 1.04926  (target)
      state 1: B   0.50 MWd/kgHM  k 1.02812
      state 2: B   1.50 MWd/kgHM  k 1.02754
      state 3: B   3.50 MWd/kgHM  k 1.02736
      state 4: B   7.50 MWd/kgHM  k 1.02714
      state 5: B  13.50 MWd/kgHM  k 1.00853
                                %%%%%%%%%%%%%%%
                           %%%%%%%%%%%%%%%%%%%%%%%%
                        %%%%%%%%%%%%%%%%%%%%%%%%%%%%%%
                      %%%%%%%%%%%%%%%%%%%%%%%%%%%%%%%%%%
                    %%%%%%%%%%%%%%%%%%%%%%%%%%%%%%%%%%%%%%
                   %%%%%%%%%%%%%%%%%%%%%%%%%%%%%%%%%%%%%%%%
                                    %%%%%%%%%%%%%%%%%%%%%%%%
                                     %%%%%%%%%%%%%%%%%%%%%%%%
                 ###############      %%%%%%%%%%%%%%%%%%%%%%%%
                ##################     %%%%%%%%%%%%%%%%%%%%%%%
                ###################     %%%%%%%%%%%%%%%%%%%%%%%
                ####################     %%%%%%%%%%%%%%%%%%%%%%
                #####################     %%%%%%%%%%%%%%%%%%%%%
                ######################     %%%%%%%%%%%%%%%%%%%%
                #######################     %%%%%%%%%%%%%%%%%%
                 #######################     %%%%%%%%%%%%%%%%%
                 ######################     %%%%%%%%%%%%%%%%%
                  ####################     %%%%%%%%%%%%%%%%%
                    #################     %%%%%%%%%%%%%%%%%
                     ###############     %%%%%%%%%%%%%%%%
                       ############     %%%%%%%%%%%%%%%
                          ########     %%%%%%%%%%%%%%
                                      %%%%%%%%%%%

                 | The OpenMC Monte Carlo Code
       Copyright | 2011-2025 MIT, UChicago Argonne LLC, and contributors
         License | https://docs.openmc.org/en/latest/license.html
         Version | 0.15.3
     Commit Hash | 27e38e894697bb32a1dac7848d2618818b6b8daf
       Date/Time | 2026-09-26 22:50:35
   MPI Processes | 1
  OpenMP Threads | 64

 Reading settings XML file...
 Reading cross sections XML file...
 Reading chain file: /home/diogo/openmc_data/chain_endfb71_pwr.xml...
 Reading materials XML file...
 Reading geometry XML file...
 Reading H1 from /home/diogo/openmc_data/endfb-vii.1-hdf5/neutron/H1.h5
 Reading H2 from /home/diogo/openmc_data/endfb-vii.1-hdf5/neutron/H2.h5
 Reading B10 from /home/diogo/openmc_data/endfb-vii.1-hdf5/neutron/B10.h5
 Reading B11 from /home/diogo/openmc_data/endfb-vii.1-hdf5/neutron/B11.h5
 Reading O16 from /home/diogo/openmc_data/endfb-vii.1-hdf5/neutron/O16.h5
 Reading O17 from /home/diogo/openmc_data/endfb-vii.1-hdf5/neutron/O17.h5
 Reading Cr50 from /home/diogo/openmc_data/endfb-vii.1-hdf5/neutron/Cr50.h5
 Reading Cr52 from /home/diogo/openmc_data/endfb-vii.1-hdf5/neutron/Cr52.h5
 Reading Cr53 from /home/diogo/openmc_data/endfb-vii.1-hdf5/neutron/Cr53.h5
 Reading Cr54 from /home/diogo/openmc_data/endfb-vii.1-hdf5/neutron/Cr54.h5
 Reading Mn55 from /home/diogo/openmc_data/endfb-vii.1-hdf5/neutron/Mn55.h5
 Reading Fe54 from /home/diogo/openmc_data/endfb-vii.1-hdf5/neutron/Fe54.h5
 Reading Fe56 from /home/diogo/openmc_data/endfb-vii.1-hdf5/neutron/Fe56.h5
 Reading Fe57 from /home/diogo/openmc_data/endfb-vii.1-hdf5/neutron/Fe57.h5
 Reading Fe58 from /home/diogo/openmc_data/endfb-vii.1-hdf5/neutron/Fe58.h5
 Reading Ni58 from /home/diogo/openmc_data/endfb-vii.1-hdf5/neutron/Ni58.h5
 Reading Ni60 from /home/diogo/openmc_data/endfb-vii.1-hdf5/neutron/Ni60.h5
 Reading Ni61 from /home/diogo/openmc_data/endfb-vii.1-hdf5/neutron/Ni61.h5
 Reading Ni62 from /home/diogo/openmc_data/endfb-vii.1-hdf5/neutron/Ni62.h5
 Reading Ni64 from /home/diogo/openmc_data/endfb-vii.1-hdf5/neutron/Ni64.h5
 Reading Zr90 from /home/diogo/openmc_data/endfb-vii.1-hdf5/neutron/Zr90.h5
 Reading Zr91 from /home/diogo/openmc_data/endfb-vii.1-hdf5/neutron/Zr91.h5
 Reading Zr92 from /home/diogo/openmc_data/endfb-vii.1-hdf5/neutron/Zr92.h5
 Reading Zr94 from /home/diogo/openmc_data/endfb-vii.1-hdf5/neutron/Zr94.h5
 Reading Zr96 from /home/diogo/openmc_data/endfb-vii.1-hdf5/neutron/Zr96.h5
 Reading Sn112 from /home/diogo/openmc_data/endfb-vii.1-hdf5/neutron/Sn112.h5
 Reading Sn114 from /home/diogo/openmc_data/endfb-vii.1-hdf5/neutron/Sn114.h5
 Reading Sn115 from /home/diogo/openmc_data/endfb-vii.1-hdf5/neutron/Sn115.h5
 Reading Sn116 from /home/diogo/openmc_data/endfb-vii.1-hdf5/neutron/Sn116.h5
 Reading Sn117 from /home/diogo/openmc_data/endfb-vii.1-hdf5/neutron/Sn117.h5
 Reading Sn118 from /home/diogo/openmc_data/endfb-vii.1-hdf5/neutron/Sn118.h5
 Reading Sn119 from /home/diogo/openmc_data/endfb-vii.1-hdf5/neutron/Sn119.h5
 Reading Sn120 from /home/diogo/openmc_data/endfb-vii.1-hdf5/neutron/Sn120.h5
 Reading Sn122 from /home/diogo/openmc_data/endfb-vii.1-hdf5/neutron/Sn122.h5
 Reading Sn124 from /home/diogo/openmc_data/endfb-vii.1-hdf5/neutron/Sn124.h5
 Reading He3 from /home/diogo/openmc_data/endfb-vii.1-hdf5/neutron/He3.h5
 Reading He4 from /home/diogo/openmc_data/endfb-vii.1-hdf5/neutron/He4.h5
 Reading U234 from /home/diogo/openmc_data/endfb-vii.1-hdf5/neutron/U234.h5
 Reading U235 from /home/diogo/openmc_data/endfb-vii.1-hdf5/neutron/U235.h5
 Reading U238 from /home/diogo/openmc_data/endfb-vii.1-hdf5/neutron/U238.h5
 Reading Gd152 from /home/diogo/openmc_data/endfb-vii.1-hdf5/neutron/Gd152.h5
 Reading Gd154 from /home/diogo/openmc_data/endfb-vii.1-hdf5/neutron/Gd154.h5
 Reading Gd155 from /home/diogo/openmc_data/endfb-vii.1-hdf5/neutron/Gd155.h5
 Reading Gd156 from /home/diogo/openmc_data/endfb-vii.1-hdf5/neutron/Gd156.h5
 Reading Gd157 from /home/diogo/openmc_data/endfb-vii.1-hdf5/neutron/Gd157.h5
 Reading Gd158 from /home/diogo/openmc_data/endfb-vii.1-hdf5/neutron/Gd158.h5
 Reading Gd160 from /home/diogo/openmc_data/endfb-vii.1-hdf5/neutron/Gd160.h5
 Reading Si28 from /home/diogo/openmc_data/endfb-vii.1-hdf5/neutron/Si28.h5
 Reading Si29 from /home/diogo/openmc_data/endfb-vii.1-hdf5/neutron/Si29.h5
 Reading Si30 from /home/diogo/openmc_data/endfb-vii.1-hdf5/neutron/Si30.h5
 Reading Ag107 from /home/diogo/openmc_data/endfb-vii.1-hdf5/neutron/Ag107.h5
 Reading Ag109 from /home/diogo/openmc_data/endfb-vii.1-hdf5/neutron/Ag109.h5
 Reading Cd106 from /home/diogo/openmc_data/endfb-vii.1-hdf5/neutron/Cd106.h5
 WARNING: Negative value(s) found on probability table for nuclide Cd106 at 294K
 WARNING: Negative value(s) found on probability table for nuclide Cd106 at 600K
 WARNING: Negative value(s) found on probability table for nuclide Cd106 at 900K
 WARNING: Negative value(s) found on probability table for nuclide Cd106 at
          1200K
 WARNING: Negative value(s) found on probability table for nuclide Cd106 at
          2500K
 Reading Cd108 from /home/diogo/openmc_data/endfb-vii.1-hdf5/neutron/Cd108.h5
 Reading Cd110 from /home/diogo/openmc_data/endfb-vii.1-hdf5/neutron/Cd110.h5
 Reading Cd111 from /home/diogo/openmc_data/endfb-vii.1-hdf5/neutron/Cd111.h5
 Reading Cd112 from /home/diogo/openmc_data/endfb-vii.1-hdf5/neutron/Cd112.h5
 Reading Cd113 from /home/diogo/openmc_data/endfb-vii.1-hdf5/neutron/Cd113.h5
 Reading Cd114 from /home/diogo/openmc_data/endfb-vii.1-hdf5/neutron/Cd114.h5
 Reading Cd116 from /home/diogo/openmc_data/endfb-vii.1-hdf5/neutron/Cd116.h5
 Reading In113 from /home/diogo/openmc_data/endfb-vii.1-hdf5/neutron/In113.h5
 Reading In115 from /home/diogo/openmc_data/endfb-vii.1-hdf5/neutron/In115.h5
 Reading c_H_in_H2O from
 /home/diogo/openmc_data/endfb-vii.1-hdf5/neutron/c_H_in_H2O.h5
 Minimum neutron data temperature: 0 K
 Maximum neutron data temperature: 1.7976931348623157e+308 K
 Reading tallies XML file...
 Preparing distributed cell instances...
 Reading plot XML file...
 Writing summary.h5 file...
[openmc.deplete] t=116834482.39194909 s, dt=34617624.412429355 s, source=47773107.16002766
[openmc.deplete] t=151452106.80437845 s, dt=34617624.412429355 s, source=47773107.16002766
 Reading H3 from /home/diogo/openmc_data/endfb-vii.1-hdf5/neutron/H3.h5
 Reading Li6 from /home/diogo/openmc_data/endfb-vii.1-hdf5/neutron/Li6.h5
 Reading Li7 from /home/diogo/openmc_data/endfb-vii.1-hdf5/neutron/Li7.h5
 Reading N14 from /home/diogo/openmc_data/endfb-vii.1-hdf5/neutron/N14.h5
 Reading N15 from /home/diogo/openmc_data/endfb-vii.1-hdf5/neutron/N15.h5
 Reading F19 from /home/diogo/openmc_data/endfb-vii.1-hdf5/neutron/F19.h5
 Reading Na22 from /home/diogo/openmc_data/endfb-vii.1-hdf5/neutron/Na22.h5
 WARNING: Negative value(s) found on probability table for nuclide Na22 at 250K
 WARNING: Negative value(s) found on probability table for nuclide Na22 at 294K
 WARNING: Negative value(s) found on probability table for nuclide Na22 at 600K
 WARNING: Negative value(s) found on probability table for nuclide Na22 at 900K
 WARNING: Negative value(s) found on probability table for nuclide Na22 at 1200K
 WARNING: Negative value(s) found on probability table for nuclide Na22 at 2500K
 Reading Na23 from /home/diogo/openmc_data/endfb-vii.1-hdf5/neutron/Na23.h5
 Reading Mg24 from /home/diogo/openmc_data/endfb-vii.1-hdf5/neutron/Mg24.h5
 Reading Mg25 from /home/diogo/openmc_data/endfb-vii.1-hdf5/neutron/Mg25.h5
 Reading Mg26 from /home/diogo/openmc_data/endfb-vii.1-hdf5/neutron/Mg26.h5
 Reading Al27 from /home/diogo/openmc_data/endfb-vii.1-hdf5/neutron/Al27.h5
 Reading P31 from /home/diogo/openmc_data/endfb-vii.1-hdf5/neutron/P31.h5
 Reading S32 from /home/diogo/openmc_data/endfb-vii.1-hdf5/neutron/S32.h5
 Reading S33 from /home/diogo/openmc_data/endfb-vii.1-hdf5/neutron/S33.h5
 Reading S34 from /home/diogo/openmc_data/endfb-vii.1-hdf5/neutron/S34.h5
 Reading S36 from /home/diogo/openmc_data/endfb-vii.1-hdf5/neutron/S36.h5
 Reading Cl35 from /home/diogo/openmc_data/endfb-vii.1-hdf5/neutron/Cl35.h5
 Reading Cl37 from /home/diogo/openmc_data/endfb-vii.1-hdf5/neutron/Cl37.h5
 Reading Ar36 from /home/diogo/openmc_data/endfb-vii.1-hdf5/neutron/Ar36.h5
 WARNING: Negative value(s) found on probability table for nuclide Ar36 at 250K
 WARNING: Negative value(s) found on probability table for nuclide Ar36 at 294K
 WARNING: Negative value(s) found on probability table for nuclide Ar36 at 600K
 WARNING: Negative value(s) found on probability table for nuclide Ar36 at 900K
 WARNING: Negative value(s) found on probability table for nuclide Ar36 at 1200K
 WARNING: Negative value(s) found on probability table for nuclide Ar36 at 2500K
 Reading Ar38 from /home/diogo/openmc_data/endfb-vii.1-hdf5/neutron/Ar38.h5
 Reading Ar40 from /home/diogo/openmc_data/endfb-vii.1-hdf5/neutron/Ar40.h5
 Reading K39 from /home/diogo/openmc_data/endfb-vii.1-hdf5/neutron/K39.h5
 Reading K40 from /home/diogo/openmc_data/endfb-vii.1-hdf5/neutron/K40.h5
 Reading K41 from /home/diogo/openmc_data/endfb-vii.1-hdf5/neutron/K41.h5
 Reading Ca40 from /home/diogo/openmc_data/endfb-vii.1-hdf5/neutron/Ca40.h5
 Reading Ca42 from /home/diogo/openmc_data/endfb-vii.1-hdf5/neutron/Ca42.h5
 Reading Ca43 from /home/diogo/openmc_data/endfb-vii.1-hdf5/neutron/Ca43.h5
 Reading Ca44 from /home/diogo/openmc_data/endfb-vii.1-hdf5/neutron/Ca44.h5
 Reading Ca46 from /home/diogo/openmc_data/endfb-vii.1-hdf5/neutron/Ca46.h5
 Reading Sc45 from /home/diogo/openmc_data/endfb-vii.1-hdf5/neutron/Sc45.h5
 Reading Ti46 from /home/diogo/openmc_data/endfb-vii.1-hdf5/neutron/Ti46.h5
 Reading Ti47 from /home/diogo/openmc_data/endfb-vii.1-hdf5/neutron/Ti47.h5
 Reading Ti48 from /home/diogo/openmc_data/endfb-vii.1-hdf5/neutron/Ti48.h5
 Reading Ti49 from /home/diogo/openmc_data/endfb-vii.1-hdf5/neutron/Ti49.h5
 Reading Ti50 from /home/diogo/openmc_data/endfb-vii.1-hdf5/neutron/Ti50.h5
 Reading V50 from /home/diogo/openmc_data/endfb-vii.1-hdf5/neutron/V50.h5
 Reading V51 from /home/diogo/openmc_data/endfb-vii.1-hdf5/neutron/V51.h5
 Reading Co58 from /home/diogo/openmc_data/endfb-vii.1-hdf5/neutron/Co58.h5
 Reading Co59 from /home/diogo/openmc_data/endfb-vii.1-hdf5/neutron/Co59.h5
 Reading Ni59 from /home/diogo/openmc_data/endfb-vii.1-hdf5/neutron/Ni59.h5
 Reading Cu63 from /home/diogo/openmc_data/endfb-vii.1-hdf5/neutron/Cu63.h5
 Reading Cu65 from /home/diogo/openmc_data/endfb-vii.1-hdf5/neutron/Cu65.h5
 Reading Zn64 from /home/diogo/openmc_data/endfb-vii.1-hdf5/neutron/Zn64.h5
 Reading Zn65 from /home/diogo/openmc_data/endfb-vii.1-hdf5/neutron/Zn65.h5
 Reading Zn66 from /home/diogo/openmc_data/endfb-vii.1-hdf5/neutron/Zn66.h5
 Reading Zn67 from /home/diogo/openmc_data/endfb-vii.1-hdf5/neutron/Zn67.h5
 Reading Zn68 from /home/diogo/openmc_data/endfb-vii.1-hdf5/neutron/Zn68.h5
 Reading Zn70 from /home/diogo/openmc_data/endfb-vii.1-hdf5/neutron/Zn70.h5
 Reading Ga69 from /home/diogo/openmc_data/endfb-vii.1-hdf5/neutron/Ga69.h5
 Reading Ga71 from /home/diogo/openmc_data/endfb-vii.1-hdf5/neutron/Ga71.h5
 Reading Ge70 from /home/diogo/openmc_data/endfb-vii.1-hdf5/neutron/Ge70.h5
 Reading Ge72 from /home/diogo/openmc_data/endfb-vii.1-hdf5/neutron/Ge72.h5
 Reading Ge73 from /home/diogo/openmc_data/endfb-vii.1-hdf5/neutron/Ge73.h5
 Reading Ge74 from /home/diogo/openmc_data/endfb-vii.1-hdf5/neutron/Ge74.h5
 Reading Ge76 from /home/diogo/openmc_data/endfb-vii.1-hdf5/neutron/Ge76.h5
 Reading As74 from /home/diogo/openmc_data/endfb-vii.1-hdf5/neutron/As74.h5
 Reading As75 from /home/diogo/openmc_data/endfb-vii.1-hdf5/neutron/As75.h5
 Reading Se74 from /home/diogo/openmc_data/endfb-vii.1-hdf5/neutron/Se74.h5
 Reading Se76 from /home/diogo/openmc_data/endfb-vii.1-hdf5/neutron/Se76.h5
 Reading Se77 from /home/diogo/openmc_data/endfb-vii.1-hdf5/neutron/Se77.h5
 Reading Se78 from /home/diogo/openmc_data/endfb-vii.1-hdf5/neutron/Se78.h5
 Reading Se79 from /home/diogo/openmc_data/endfb-vii.1-hdf5/neutron/Se79.h5
 WARNING: Negative value(s) found on probability table for nuclide Se79 at 250K
 WARNING: Negative value(s) found on probability table for nuclide Se79 at 294K
 WARNING: Negative value(s) found on probability table for nuclide Se79 at 600K
 WARNING: Negative value(s) found on probability table for nuclide Se79 at 900K
 WARNING: Negative value(s) found on probability table for nuclide Se79 at 1200K
 Reading Se80 from /home/diogo/openmc_data/endfb-vii.1-hdf5/neutron/Se80.h5
 Reading Se82 from /home/diogo/openmc_data/endfb-vii.1-hdf5/neutron/Se82.h5
 Reading Br79 from /home/diogo/openmc_data/endfb-vii.1-hdf5/neutron/Br79.h5
 Reading Br81 from /home/diogo/openmc_data/endfb-vii.1-hdf5/neutron/Br81.h5
 Reading Kr78 from /home/diogo/openmc_data/endfb-vii.1-hdf5/neutron/Kr78.h5
 Reading Kr80 from /home/diogo/openmc_data/endfb-vii.1-hdf5/neutron/Kr80.h5
 Reading Kr82 from /home/diogo/openmc_data/endfb-vii.1-hdf5/neutron/Kr82.h5
 Reading Kr83 from /home/diogo/openmc_data/endfb-vii.1-hdf5/neutron/Kr83.h5
 Reading Kr84 from /home/diogo/openmc_data/endfb-vii.1-hdf5/neutron/Kr84.h5
 Reading Kr85 from /home/diogo/openmc_data/endfb-vii.1-hdf5/neutron/Kr85.h5
 Reading Kr86 from /home/diogo/openmc_data/endfb-vii.1-hdf5/neutron/Kr86.h5
 Reading Rb85 from /home/diogo/openmc_data/endfb-vii.1-hdf5/neutron/Rb85.h5
 Reading Rb86 from /home/diogo/openmc_data/endfb-vii.1-hdf5/neutron/Rb86.h5
 Reading Rb87 from /home/diogo/openmc_data/endfb-vii.1-hdf5/neutron/Rb87.h5
 Reading Sr84 from /home/diogo/openmc_data/endfb-vii.1-hdf5/neutron/Sr84.h5
 Reading Sr86 from /home/diogo/openmc_data/endfb-vii.1-hdf5/neutron/Sr86.h5
 Reading Sr87 from /home/diogo/openmc_data/endfb-vii.1-hdf5/neutron/Sr87.h5
 Reading Sr88 from /home/diogo/openmc_data/endfb-vii.1-hdf5/neutron/Sr88.h5
 Reading Sr89 from /home/diogo/openmc_data/endfb-vii.1-hdf5/neutron/Sr89.h5
 Reading Sr90 from /home/diogo/openmc_data/endfb-vii.1-hdf5/neutron/Sr90.h5
 Reading Y89 from /home/diogo/openmc_data/endfb-vii.1-hdf5/neutron/Y89.h5
 Reading Y90 from /home/diogo/openmc_data/endfb-vii.1-hdf5/neutron/Y90.h5
 Reading Y91 from /home/diogo/openmc_data/endfb-vii.1-hdf5/neutron/Y91.h5
 Reading Zr93 from /home/diogo/openmc_data/endfb-vii.1-hdf5/neutron/Zr93.h5
 Reading Zr95 from /home/diogo/openmc_data/endfb-vii.1-hdf5/neutron/Zr95.h5
 Reading Nb93 from /home/diogo/openmc_data/endfb-vii.1-hdf5/neutron/Nb93.h5
 Reading Nb94 from /home/diogo/openmc_data/endfb-vii.1-hdf5/neutron/Nb94.h5
 WARNING: Negative value(s) found on probability table for nuclide Nb94 at 250K
 WARNING: Negative value(s) found on probability table for nuclide Nb94 at 294K
 WARNING: Negative value(s) found on probability table for nuclide Nb94 at 600K
 WARNING: Negative value(s) found on probability table for nuclide Nb94 at 900K
 WARNING: Negative value(s) found on probability table for nuclide Nb94 at 1200K
 WARNING: Negative value(s) found on probability table for nuclide Nb94 at 2500K
 Reading Nb95 from /home/diogo/openmc_data/endfb-vii.1-hdf5/neutron/Nb95.h5
 WARNING: Negative value(s) found on probability table for nuclide Nb95 at 250K
 WARNING: Negative value(s) found on probability table for nuclide Nb95 at 294K
 WARNING: Negative value(s) found on probability table for nuclide Nb95 at 600K
 WARNING: Negative value(s) found on probability table for nuclide Nb95 at 900K
 WARNING: Negative value(s) found on probability table for nuclide Nb95 at 1200K
 Reading Mo92 from /home/diogo/openmc_data/endfb-vii.1-hdf5/neutron/Mo92.h5
 Reading Mo94 from /home/diogo/openmc_data/endfb-vii.1-hdf5/neutron/Mo94.h5
 Reading Mo95 from /home/diogo/openmc_data/endfb-vii.1-hdf5/neutron/Mo95.h5
 Reading Mo96 from /home/diogo/openmc_data/endfb-vii.1-hdf5/neutron/Mo96.h5
 Reading Mo97 from /home/diogo/openmc_data/endfb-vii.1-hdf5/neutron/Mo97.h5
 Reading Mo98 from /home/diogo/openmc_data/endfb-vii.1-hdf5/neutron/Mo98.h5
 Reading Mo99 from /home/diogo/openmc_data/endfb-vii.1-hdf5/neutron/Mo99.h5
 WARNING: Negative value(s) found on probability table for nuclide Mo99 at 250K
 WARNING: Negative value(s) found on probability table for nuclide Mo99 at 294K
 WARNING: Negative value(s) found on probability table for nuclide Mo99 at 600K
 WARNING: Negative value(s) found on probability table for nuclide Mo99 at 900K
 WARNING: Negative value(s) found on probability table for nuclide Mo99 at 1200K
 WARNING: Negative value(s) found on probability table for nuclide Mo99 at 2500K
 Reading Mo100 from /home/diogo/openmc_data/endfb-vii.1-hdf5/neutron/Mo100.h5
 Reading Tc99 from /home/diogo/openmc_data/endfb-vii.1-hdf5/neutron/Tc99.h5
 Reading Ru98 from /home/diogo/openmc_data/endfb-vii.1-hdf5/neutron/Ru98.h5
 Reading Ru99 from /home/diogo/openmc_data/endfb-vii.1-hdf5/neutron/Ru99.h5
 Reading Ru100 from /home/diogo/openmc_data/endfb-vii.1-hdf5/neutron/Ru100.h5
 Reading Ru101 from /home/diogo/openmc_data/endfb-vii.1-hdf5/neutron/Ru101.h5
 Reading Ru102 from /home/diogo/openmc_data/endfb-vii.1-hdf5/neutron/Ru102.h5
 Reading Ru103 from /home/diogo/openmc_data/endfb-vii.1-hdf5/neutron/Ru103.h5
 Reading Ru104 from /home/diogo/openmc_data/endfb-vii.1-hdf5/neutron/Ru104.h5
 Reading Ru105 from /home/diogo/openmc_data/endfb-vii.1-hdf5/neutron/Ru105.h5
 Reading Ru106 from /home/diogo/openmc_data/endfb-vii.1-hdf5/neutron/Ru106.h5
 Reading Rh103 from /home/diogo/openmc_data/endfb-vii.1-hdf5/neutron/Rh103.h5
 Reading Rh105 from /home/diogo/openmc_data/endfb-vii.1-hdf5/neutron/Rh105.h5
 Reading Pd102 from /home/diogo/openmc_data/endfb-vii.1-hdf5/neutron/Pd102.h5
 Reading Pd104 from /home/diogo/openmc_data/endfb-vii.1-hdf5/neutron/Pd104.h5
 Reading Pd105 from /home/diogo/openmc_data/endfb-vii.1-hdf5/neutron/Pd105.h5
 Reading Pd106 from /home/diogo/openmc_data/endfb-vii.1-hdf5/neutron/Pd106.h5
 Reading Pd107 from /home/diogo/openmc_data/endfb-vii.1-hdf5/neutron/Pd107.h5
 Reading Pd108 from /home/diogo/openmc_data/endfb-vii.1-hdf5/neutron/Pd108.h5
 Reading Pd110 from /home/diogo/openmc_data/endfb-vii.1-hdf5/neutron/Pd110.h5
 Reading Ag110_m1 from
 /home/diogo/openmc_data/endfb-vii.1-hdf5/neutron/Ag110_m1.h5
 Reading Ag111 from /home/diogo/openmc_data/endfb-vii.1-hdf5/neutron/Ag111.h5
 Reading Cd115_m1 from
 /home/diogo/openmc_data/endfb-vii.1-hdf5/neutron/Cd115_m1.h5
 Reading Sn113 from /home/diogo/openmc_data/endfb-vii.1-hdf5/neutron/Sn113.h5
 Reading Sn123 from /home/diogo/openmc_data/endfb-vii.1-hdf5/neutron/Sn123.h5
 WARNING: Negative value(s) found on probability table for nuclide Sn123 at 250K
 WARNING: Negative value(s) found on probability table for nuclide Sn123 at 294K
 WARNING: Negative value(s) found on probability table for nuclide Sn123 at 600K
 WARNING: Negative value(s) found on probability table for nuclide Sn123 at 900K
 WARNING: Negative value(s) found on probability table for nuclide Sn123 at
          1200K
 WARNING: Negative value(s) found on probability table for nuclide Sn123 at
          2500K
 Reading Sn125 from /home/diogo/openmc_data/endfb-vii.1-hdf5/neutron/Sn125.h5
 Reading Sn126 from /home/diogo/openmc_data/endfb-vii.1-hdf5/neutron/Sn126.h5
 Reading Sb121 from /home/diogo/openmc_data/endfb-vii.1-hdf5/neutron/Sb121.h5
 Reading Sb123 from /home/diogo/openmc_data/endfb-vii.1-hdf5/neutron/Sb123.h5
 Reading Sb124 from /home/diogo/openmc_data/endfb-vii.1-hdf5/neutron/Sb124.h5
 Reading Sb125 from /home/diogo/openmc_data/endfb-vii.1-hdf5/neutron/Sb125.h5
 Reading Sb126 from /home/diogo/openmc_data/endfb-vii.1-hdf5/neutron/Sb126.h5
 Reading Te120 from /home/diogo/openmc_data/endfb-vii.1-hdf5/neutron/Te120.h5
 WARNING: Negative value(s) found on probability table for nuclide Te120 at 600K
 WARNING: Negative value(s) found on probability table for nuclide Te120 at 900K
 WARNING: Negative value(s) found on probability table for nuclide Te120 at
          1200K
 WARNING: Negative value(s) found on probability table for nuclide Te120 at
          2500K
 Reading Te122 from /home/diogo/openmc_data/endfb-vii.1-hdf5/neutron/Te122.h5
 Reading Te123 from /home/diogo/openmc_data/endfb-vii.1-hdf5/neutron/Te123.h5
 Reading Te124 from /home/diogo/openmc_data/endfb-vii.1-hdf5/neutron/Te124.h5
 Reading Te125 from /home/diogo/openmc_data/endfb-vii.1-hdf5/neutron/Te125.h5
 Reading Te126 from /home/diogo/openmc_data/endfb-vii.1-hdf5/neutron/Te126.h5
 Reading Te127_m1 from
 /home/diogo/openmc_data/endfb-vii.1-hdf5/neutron/Te127_m1.h5
 Reading Te128 from /home/diogo/openmc_data/endfb-vii.1-hdf5/neutron/Te128.h5
 Reading Te129_m1 from
 /home/diogo/openmc_data/endfb-vii.1-hdf5/neutron/Te129_m1.h5
 Reading Te130 from /home/diogo/openmc_data/endfb-vii.1-hdf5/neutron/Te130.h5
 Reading Te132 from /home/diogo/openmc_data/endfb-vii.1-hdf5/neutron/Te132.h5
 Reading I127 from /home/diogo/openmc_data/endfb-vii.1-hdf5/neutron/I127.h5
 Reading I129 from /home/diogo/openmc_data/endfb-vii.1-hdf5/neutron/I129.h5
 Reading I130 from /home/diogo/openmc_data/endfb-vii.1-hdf5/neutron/I130.h5
 Reading I131 from /home/diogo/openmc_data/endfb-vii.1-hdf5/neutron/I131.h5
 WARNING: Negative value(s) found on probability table for nuclide I131 at 250K
 WARNING: Negative value(s) found on probability table for nuclide I131 at 294K
 WARNING: Negative value(s) found on probability table for nuclide I131 at 600K
 WARNING: Negative value(s) found on probability table for nuclide I131 at 900K
 WARNING: Negative value(s) found on probability table for nuclide I131 at 1200K
 WARNING: Negative value(s) found on probability table for nuclide I131 at 2500K
 Reading I135 from /home/diogo/openmc_data/endfb-vii.1-hdf5/neutron/I135.h5
 Reading Xe126 from /home/diogo/openmc_data/endfb-vii.1-hdf5/neutron/Xe126.h5
 Reading Xe128 from /home/diogo/openmc_data/endfb-vii.1-hdf5/neutron/Xe128.h5
 Reading Xe129 from /home/diogo/openmc_data/endfb-vii.1-hdf5/neutron/Xe129.h5
 Reading Xe130 from /home/diogo/openmc_data/endfb-vii.1-hdf5/neutron/Xe130.h5
 Reading Xe131 from /home/diogo/openmc_data/endfb-vii.1-hdf5/neutron/Xe131.h5
 Reading Xe132 from /home/diogo/openmc_data/endfb-vii.1-hdf5/neutron/Xe132.h5
 Reading Xe133 from /home/diogo/openmc_data/endfb-vii.1-hdf5/neutron/Xe133.h5
 WARNING: Negative value(s) found on probability table for nuclide Xe133 at
          2500K
 Reading Xe134 from /home/diogo/openmc_data/endfb-vii.1-hdf5/neutron/Xe134.h5
 Reading Xe135 from /home/diogo/openmc_data/endfb-vii.1-hdf5/neutron/Xe135.h5
 Reading Xe136 from /home/diogo/openmc_data/endfb-vii.1-hdf5/neutron/Xe136.h5
 Reading Cs133 from /home/diogo/openmc_data/endfb-vii.1-hdf5/neutron/Cs133.h5
 Reading Cs134 from /home/diogo/openmc_data/endfb-vii.1-hdf5/neutron/Cs134.h5
 Reading Cs135 from /home/diogo/openmc_data/endfb-vii.1-hdf5/neutron/Cs135.h5
 Reading Cs136 from /home/diogo/openmc_data/endfb-vii.1-hdf5/neutron/Cs136.h5
 WARNING: Negative value(s) found on probability table for nuclide Cs136 at 250K
 WARNING: Negative value(s) found on probability table for nuclide Cs136 at 294K
 WARNING: Negative value(s) found on probability table for nuclide Cs136 at 600K
 WARNING: Negative value(s) found on probability table for nuclide Cs136 at 900K
 WARNING: Negative value(s) found on probability table for nuclide Cs136 at
          1200K
 WARNING: Negative value(s) found on probability table for nuclide Cs136 at
          2500K
 Reading Cs137 from /home/diogo/openmc_data/endfb-vii.1-hdf5/neutron/Cs137.h5
 Reading Ba132 from /home/diogo/openmc_data/endfb-vii.1-hdf5/neutron/Ba132.h5
 Reading Ba133 from /home/diogo/openmc_data/endfb-vii.1-hdf5/neutron/Ba133.h5
 Reading Ba134 from /home/diogo/openmc_data/endfb-vii.1-hdf5/neutron/Ba134.h5
 Reading Ba135 from /home/diogo/openmc_data/endfb-vii.1-hdf5/neutron/Ba135.h5
 Reading Ba136 from /home/diogo/openmc_data/endfb-vii.1-hdf5/neutron/Ba136.h5
 Reading Ba137 from /home/diogo/openmc_data/endfb-vii.1-hdf5/neutron/Ba137.h5
 Reading Ba138 from /home/diogo/openmc_data/endfb-vii.1-hdf5/neutron/Ba138.h5
 Reading Ba140 from /home/diogo/openmc_data/endfb-vii.1-hdf5/neutron/Ba140.h5
 Reading La138 from /home/diogo/openmc_data/endfb-vii.1-hdf5/neutron/La138.h5
 Reading La139 from /home/diogo/openmc_data/endfb-vii.1-hdf5/neutron/La139.h5
 Reading La140 from /home/diogo/openmc_data/endfb-vii.1-hdf5/neutron/La140.h5
 Reading Ce138 from /home/diogo/openmc_data/endfb-vii.1-hdf5/neutron/Ce138.h5
 Reading Ce139 from /home/diogo/openmc_data/endfb-vii.1-hdf5/neutron/Ce139.h5
 Reading Ce140 from /home/diogo/openmc_data/endfb-vii.1-hdf5/neutron/Ce140.h5
 Reading Ce141 from /home/diogo/openmc_data/endfb-vii.1-hdf5/neutron/Ce141.h5
 Reading Ce142 from /home/diogo/openmc_data/endfb-vii.1-hdf5/neutron/Ce142.h5
 Reading Ce143 from /home/diogo/openmc_data/endfb-vii.1-hdf5/neutron/Ce143.h5
 Reading Ce144 from /home/diogo/openmc_data/endfb-vii.1-hdf5/neutron/Ce144.h5
 Reading Pr141 from /home/diogo/openmc_data/endfb-vii.1-hdf5/neutron/Pr141.h5
 Reading Pr142 from /home/diogo/openmc_data/endfb-vii.1-hdf5/neutron/Pr142.h5
 Reading Pr143 from /home/diogo/openmc_data/endfb-vii.1-hdf5/neutron/Pr143.h5
 Reading Nd142 from /home/diogo/openmc_data/endfb-vii.1-hdf5/neutron/Nd142.h5
 Reading Nd143 from /home/diogo/openmc_data/endfb-vii.1-hdf5/neutron/Nd143.h5
 Reading Nd144 from /home/diogo/openmc_data/endfb-vii.1-hdf5/neutron/Nd144.h5
 Reading Nd145 from /home/diogo/openmc_data/endfb-vii.1-hdf5/neutron/Nd145.h5
 Reading Nd146 from /home/diogo/openmc_data/endfb-vii.1-hdf5/neutron/Nd146.h5
 Reading Nd147 from /home/diogo/openmc_data/endfb-vii.1-hdf5/neutron/Nd147.h5
 Reading Nd148 from /home/diogo/openmc_data/endfb-vii.1-hdf5/neutron/Nd148.h5
 Reading Nd150 from /home/diogo/openmc_data/endfb-vii.1-hdf5/neutron/Nd150.h5
 Reading Pm147 from /home/diogo/openmc_data/endfb-vii.1-hdf5/neutron/Pm147.h5
 Reading Pm148 from /home/diogo/openmc_data/endfb-vii.1-hdf5/neutron/Pm148.h5
 Reading Pm148_m1 from
 /home/diogo/openmc_data/endfb-vii.1-hdf5/neutron/Pm148_m1.h5
 Reading Pm149 from /home/diogo/openmc_data/endfb-vii.1-hdf5/neutron/Pm149.h5
 Reading Pm151 from /home/diogo/openmc_data/endfb-vii.1-hdf5/neutron/Pm151.h5
 Reading Sm144 from /home/diogo/openmc_data/endfb-vii.1-hdf5/neutron/Sm144.h5
 Reading Sm147 from /home/diogo/openmc_data/endfb-vii.1-hdf5/neutron/Sm147.h5
 Reading Sm148 from /home/diogo/openmc_data/endfb-vii.1-hdf5/neutron/Sm148.h5
 Reading Sm149 from /home/diogo/openmc_data/endfb-vii.1-hdf5/neutron/Sm149.h5
 Reading Sm150 from /home/diogo/openmc_data/endfb-vii.1-hdf5/neutron/Sm150.h5
 Reading Sm151 from /home/diogo/openmc_data/endfb-vii.1-hdf5/neutron/Sm151.h5
 Reading Sm152 from /home/diogo/openmc_data/endfb-vii.1-hdf5/neutron/Sm152.h5
 Reading Sm153 from /home/diogo/openmc_data/endfb-vii.1-hdf5/neutron/Sm153.h5
 Reading Sm154 from /home/diogo/openmc_data/endfb-vii.1-hdf5/neutron/Sm154.h5
 Reading Eu151 from /home/diogo/openmc_data/endfb-vii.1-hdf5/neutron/Eu151.h5
 Reading Eu152 from /home/diogo/openmc_data/endfb-vii.1-hdf5/neutron/Eu152.h5
 Reading Eu153 from /home/diogo/openmc_data/endfb-vii.1-hdf5/neutron/Eu153.h5
 Reading Eu154 from /home/diogo/openmc_data/endfb-vii.1-hdf5/neutron/Eu154.h5
 Reading Eu155 from /home/diogo/openmc_data/endfb-vii.1-hdf5/neutron/Eu155.h5
 Reading Eu156 from /home/diogo/openmc_data/endfb-vii.1-hdf5/neutron/Eu156.h5
 WARNING: Negative value(s) found on probability table for nuclide Eu156 at 250K
 WARNING: Negative value(s) found on probability table for nuclide Eu156 at 294K
 WARNING: Negative value(s) found on probability table for nuclide Eu156 at 600K
 WARNING: Negative value(s) found on probability table for nuclide Eu156 at 900K
 WARNING: Negative value(s) found on probability table for nuclide Eu156 at
          1200K
 WARNING: Negative value(s) found on probability table for nuclide Eu156 at
          2500K
 Reading Eu157 from /home/diogo/openmc_data/endfb-vii.1-hdf5/neutron/Eu157.h5
 Reading Gd153 from /home/diogo/openmc_data/endfb-vii.1-hdf5/neutron/Gd153.h5
 Reading Tb159 from /home/diogo/openmc_data/endfb-vii.1-hdf5/neutron/Tb159.h5
 Reading Tb160 from /home/diogo/openmc_data/endfb-vii.1-hdf5/neutron/Tb160.h5
 Reading Dy156 from /home/diogo/openmc_data/endfb-vii.1-hdf5/neutron/Dy156.h5
 Reading Dy158 from /home/diogo/openmc_data/endfb-vii.1-hdf5/neutron/Dy158.h5
 Reading Dy160 from /home/diogo/openmc_data/endfb-vii.1-hdf5/neutron/Dy160.h5
 Reading Dy161 from /home/diogo/openmc_data/endfb-vii.1-hdf5/neutron/Dy161.h5
 Reading Dy162 from /home/diogo/openmc_data/endfb-vii.1-hdf5/neutron/Dy162.h5
 Reading Dy163 from /home/diogo/openmc_data/endfb-vii.1-hdf5/neutron/Dy163.h5
 Reading Dy164 from /home/diogo/openmc_data/endfb-vii.1-hdf5/neutron/Dy164.h5
 Reading Ho165 from /home/diogo/openmc_data/endfb-vii.1-hdf5/neutron/Ho165.h5
 Reading Ho166_m1 from
 /home/diogo/openmc_data/endfb-vii.1-hdf5/neutron/Ho166_m1.h5
 Reading Er162 from /home/diogo/openmc_data/endfb-vii.1-hdf5/neutron/Er162.h5
 Reading Er164 from /home/diogo/openmc_data/endfb-vii.1-hdf5/neutron/Er164.h5
 Reading Er166 from /home/diogo/openmc_data/endfb-vii.1-hdf5/neutron/Er166.h5
 Reading Er167 from /home/diogo/openmc_data/endfb-vii.1-hdf5/neutron/Er167.h5
 Reading Er168 from /home/diogo/openmc_data/endfb-vii.1-hdf5/neutron/Er168.h5
 Reading Er170 from /home/diogo/openmc_data/endfb-vii.1-hdf5/neutron/Er170.h5
 Reading Tm168 from /home/diogo/openmc_data/endfb-vii.1-hdf5/neutron/Tm168.h5
 Reading Tm169 from /home/diogo/openmc_data/endfb-vii.1-hdf5/neutron/Tm169.h5
 Reading Tm170 from /home/diogo/openmc_data/endfb-vii.1-hdf5/neutron/Tm170.h5
 Reading Au197 from /home/diogo/openmc_data/endfb-vii.1-hdf5/neutron/Au197.h5
 Reading Hg196 from /home/diogo/openmc_data/endfb-vii.1-hdf5/neutron/Hg196.h5
 Reading Hg198 from /home/diogo/openmc_data/endfb-vii.1-hdf5/neutron/Hg198.h5
 Reading Hg199 from /home/diogo/openmc_data/endfb-vii.1-hdf5/neutron/Hg199.h5
 Reading Hg200 from /home/diogo/openmc_data/endfb-vii.1-hdf5/neutron/Hg200.h5
 Reading Hg201 from /home/diogo/openmc_data/endfb-vii.1-hdf5/neutron/Hg201.h5
 Reading Hg202 from /home/diogo/openmc_data/endfb-vii.1-hdf5/neutron/Hg202.h5
 Reading Hg204 from /home/diogo/openmc_data/endfb-vii.1-hdf5/neutron/Hg204.h5
 Reading Tl203 from /home/diogo/openmc_data/endfb-vii.1-hdf5/neutron/Tl203.h5
 Reading Tl205 from /home/diogo/openmc_data/endfb-vii.1-hdf5/neutron/Tl205.h5
 Reading Pb204 from /home/diogo/openmc_data/endfb-vii.1-hdf5/neutron/Pb204.h5
 Reading Pb206 from /home/diogo/openmc_data/endfb-vii.1-hdf5/neutron/Pb206.h5
 Reading Pb207 from /home/diogo/openmc_data/endfb-vii.1-hdf5/neutron/Pb207.h5
 Reading Pb208 from /home/diogo/openmc_data/endfb-vii.1-hdf5/neutron/Pb208.h5
 Reading Bi209 from /home/diogo/openmc_data/endfb-vii.1-hdf5/neutron/Bi209.h5
 Reading Ra223 from /home/diogo/openmc_data/endfb-vii.1-hdf5/neutron/Ra223.h5
 Reading Ra224 from /home/diogo/openmc_data/endfb-vii.1-hdf5/neutron/Ra224.h5
 Reading Ra225 from /home/diogo/openmc_data/endfb-vii.1-hdf5/neutron/Ra225.h5
 Reading Ra226 from /home/diogo/openmc_data/endfb-vii.1-hdf5/neutron/Ra226.h5
 Reading Ac225 from /home/diogo/openmc_data/endfb-vii.1-hdf5/neutron/Ac225.h5
 Reading Ac226 from /home/diogo/openmc_data/endfb-vii.1-hdf5/neutron/Ac226.h5
 Reading Ac227 from /home/diogo/openmc_data/endfb-vii.1-hdf5/neutron/Ac227.h5
 Reading Th227 from /home/diogo/openmc_data/endfb-vii.1-hdf5/neutron/Th227.h5
 Reading Th228 from /home/diogo/openmc_data/endfb-vii.1-hdf5/neutron/Th228.h5
 Reading Th229 from /home/diogo/openmc_data/endfb-vii.1-hdf5/neutron/Th229.h5
 Reading Th230 from /home/diogo/openmc_data/endfb-vii.1-hdf5/neutron/Th230.h5
 Reading Th231 from /home/diogo/openmc_data/endfb-vii.1-hdf5/neutron/Th231.h5
 Reading Th232 from /home/diogo/openmc_data/endfb-vii.1-hdf5/neutron/Th232.h5
 Reading Th233 from /home/diogo/openmc_data/endfb-vii.1-hdf5/neutron/Th233.h5
 Reading Th234 from /home/diogo/openmc_data/endfb-vii.1-hdf5/neutron/Th234.h5
 Reading Pa229 from /home/diogo/openmc_data/endfb-vii.1-hdf5/neutron/Pa229.h5
 Reading Pa230 from /home/diogo/openmc_data/endfb-vii.1-hdf5/neutron/Pa230.h5
 Reading Pa231 from /home/diogo/openmc_data/endfb-vii.1-hdf5/neutron/Pa231.h5
 Reading Pa232 from /home/diogo/openmc_data/endfb-vii.1-hdf5/neutron/Pa232.h5
 Reading Pa233 from /home/diogo/openmc_data/endfb-vii.1-hdf5/neutron/Pa233.h5
 Reading U230 from /home/diogo/openmc_data/endfb-vii.1-hdf5/neutron/U230.h5
 Reading U231 from /home/diogo/openmc_data/endfb-vii.1-hdf5/neutron/U231.h5
 Reading U232 from /home/diogo/openmc_data/endfb-vii.1-hdf5/neutron/U232.h5
 Reading U233 from /home/diogo/openmc_data/endfb-vii.1-hdf5/neutron/U233.h5
 Reading U236 from /home/diogo/openmc_data/endfb-vii.1-hdf5/neutron/U236.h5
 Reading U237 from /home/diogo/openmc_data/endfb-vii.1-hdf5/neutron/U237.h5
 Reading U239 from /home/diogo/openmc_data/endfb-vii.1-hdf5/neutron/U239.h5
 Reading U240 from /home/diogo/openmc_data/endfb-vii.1-hdf5/neutron/U240.h5
 Reading U241 from /home/diogo/openmc_data/endfb-vii.1-hdf5/neutron/U241.h5
 Reading Np234 from /home/diogo/openmc_data/endfb-vii.1-hdf5/neutron/Np234.h5
 Reading Np235 from /home/diogo/openmc_data/endfb-vii.1-hdf5/neutron/Np235.h5
 Reading Np236 from /home/diogo/openmc_data/endfb-vii.1-hdf5/neutron/Np236.h5
 Reading Np237 from /home/diogo/openmc_data/endfb-vii.1-hdf5/neutron/Np237.h5
 Reading Np238 from /home/diogo/openmc_data/endfb-vii.1-hdf5/neutron/Np238.h5
 Reading Np239 from /home/diogo/openmc_data/endfb-vii.1-hdf5/neutron/Np239.h5
 Reading Pu236 from /home/diogo/openmc_data/endfb-vii.1-hdf5/neutron/Pu236.h5
 Reading Pu237 from /home/diogo/openmc_data/endfb-vii.1-hdf5/neutron/Pu237.h5
 Reading Pu238 from /home/diogo/openmc_data/endfb-vii.1-hdf5/neutron/Pu238.h5
 Reading Pu239 from /home/diogo/openmc_data/endfb-vii.1-hdf5/neutron/Pu239.h5
 Reading Pu240 from /home/diogo/openmc_data/endfb-vii.1-hdf5/neutron/Pu240.h5
 Reading Pu241 from /home/diogo/openmc_data/endfb-vii.1-hdf5/neutron/Pu241.h5
 Reading Pu242 from /home/diogo/openmc_data/endfb-vii.1-hdf5/neutron/Pu242.h5
 Reading Pu243 from /home/diogo/openmc_data/endfb-vii.1-hdf5/neutron/Pu243.h5
 Reading Pu244 from /home/diogo/openmc_data/endfb-vii.1-hdf5/neutron/Pu244.h5
 Reading Pu246 from /home/diogo/openmc_data/endfb-vii.1-hdf5/neutron/Pu246.h5
 Reading Am240 from /home/diogo/openmc_data/endfb-vii.1-hdf5/neutron/Am240.h5
 Reading Am241 from /home/diogo/openmc_data/endfb-vii.1-hdf5/neutron/Am241.h5
 Reading Am242 from /home/diogo/openmc_data/endfb-vii.1-hdf5/neutron/Am242.h5
 Reading Am242_m1 from
 /home/diogo/openmc_data/endfb-vii.1-hdf5/neutron/Am242_m1.h5
 Reading Am243 from /home/diogo/openmc_data/endfb-vii.1-hdf5/neutron/Am243.h5
 Reading Am244 from /home/diogo/openmc_data/endfb-vii.1-hdf5/neutron/Am244.h5
 Reading Am244_m1 from
 /home/diogo/openmc_data/endfb-vii.1-hdf5/neutron/Am244_m1.h5
 Reading Cm240 from /home/diogo/openmc_data/endfb-vii.1-hdf5/neutron/Cm240.h5
 Reading Cm241 from /home/diogo/openmc_data/endfb-vii.1-hdf5/neutron/Cm241.h5
 Reading Cm242 from /home/diogo/openmc_data/endfb-vii.1-hdf5/neutron/Cm242.h5
 Reading Cm243 from /home/diogo/openmc_data/endfb-vii.1-hdf5/neutron/Cm243.h5
 Reading Cm244 from /home/diogo/openmc_data/endfb-vii.1-hdf5/neutron/Cm244.h5
 Reading Cm245 from /home/diogo/openmc_data/endfb-vii.1-hdf5/neutron/Cm245.h5
 Reading Cm246 from /home/diogo/openmc_data/endfb-vii.1-hdf5/neutron/Cm246.h5
 Reading Cm247 from /home/diogo/openmc_data/endfb-vii.1-hdf5/neutron/Cm247.h5
 Reading Cm248 from /home/diogo/openmc_data/endfb-vii.1-hdf5/neutron/Cm248.h5
 Reading Cm249 from /home/diogo/openmc_data/endfb-vii.1-hdf5/neutron/Cm249.h5
 Reading Cm250 from /home/diogo/openmc_data/endfb-vii.1-hdf5/neutron/Cm250.h5
 Reading Bk245 from /home/diogo/openmc_data/endfb-vii.1-hdf5/neutron/Bk245.h5
 Reading Bk247 from /home/diogo/openmc_data/endfb-vii.1-hdf5/neutron/Bk247.h5
 Reading Bk248 from /home/diogo/openmc_data/endfb-vii.1-hdf5/neutron/Bk248.h5
 Reading Bk249 from /home/diogo/openmc_data/endfb-vii.1-hdf5/neutron/Bk249.h5
 Reading Bk250 from /home/diogo/openmc_data/endfb-vii.1-hdf5/neutron/Bk250.h5
 Reading Cf248 from /home/diogo/openmc_data/endfb-vii.1-hdf5/neutron/Cf248.h5
 Reading Cf249 from /home/diogo/openmc_data/endfb-vii.1-hdf5/neutron/Cf249.h5
 Reading Cf250 from /home/diogo/openmc_data/endfb-vii.1-hdf5/neutron/Cf250.h5
 WARNING: Negative value(s) found on probability table for nuclide Cf250 at 250K
 WARNING: Negative value(s) found on probability table for nuclide Cf250 at 294K
 WARNING: Negative value(s) found on probability table for nuclide Cf250 at 900K
 WARNING: Negative value(s) found on probability table for nuclide Cf250 at
          1200K
 Reading Cf251 from /home/diogo/openmc_data/endfb-vii.1-hdf5/neutron/Cf251.h5
 Reading Hf179 from /home/diogo/openmc_data/endfb-vii.1-hdf5/neutron/Hf179.h5
 Reading W183 from /home/diogo/openmc_data/endfb-vii.1-hdf5/neutron/W183.h5
 Reading Ir191 from /home/diogo/openmc_data/endfb-vii.1-hdf5/neutron/Ir191.h5
 Reading Ir193 from /home/diogo/openmc_data/endfb-vii.1-hdf5/neutron/Ir193.h5
 Reading Cf252 from /home/diogo/openmc_data/endfb-vii.1-hdf5/neutron/Cf252.h5
 Reading Cf253 from /home/diogo/openmc_data/endfb-vii.1-hdf5/neutron/Cf253.h5
 Reading Es251 from /home/diogo/openmc_data/endfb-vii.1-hdf5/neutron/Es251.h5
 Reading Es253 from /home/diogo/openmc_data/endfb-vii.1-hdf5/neutron/Es253.h5
 Reading Es254_m1 from
 /home/diogo/openmc_data/endfb-vii.1-hdf5/neutron/Es254_m1.h5
 Reading Cf254 from /home/diogo/openmc_data/endfb-vii.1-hdf5/neutron/Cf254.h5
 Reading Es252 from /home/diogo/openmc_data/endfb-vii.1-hdf5/neutron/Es252.h5
 Reading Es254 from /home/diogo/openmc_data/endfb-vii.1-hdf5/neutron/Es254.h5
 Reading Es255 from /home/diogo/openmc_data/endfb-vii.1-hdf5/neutron/Es255.h5
 Reading Fm255 from /home/diogo/openmc_data/endfb-vii.1-hdf5/neutron/Fm255.h5
 Reading Lu175 from /home/diogo/openmc_data/endfb-vii.1-hdf5/neutron/Lu175.h5
 Reading Lu176 from /home/diogo/openmc_data/endfb-vii.1-hdf5/neutron/Lu176.h5
 Reading Hf176 from /home/diogo/openmc_data/endfb-vii.1-hdf5/neutron/Hf176.h5
 Reading Hf177 from /home/diogo/openmc_data/endfb-vii.1-hdf5/neutron/Hf177.h5
 Reading Hf178 from /home/diogo/openmc_data/endfb-vii.1-hdf5/neutron/Hf178.h5
 Reading Hf180 from /home/diogo/openmc_data/endfb-vii.1-hdf5/neutron/Hf180.h5
 Reading Ta180 from /home/diogo/openmc_data/endfb-vii.1-hdf5/neutron/Ta180.h5
 Reading Ta181 from /home/diogo/openmc_data/endfb-vii.1-hdf5/neutron/Ta181.h5
 Reading Ta182 from /home/diogo/openmc_data/endfb-vii.1-hdf5/neutron/Ta182.h5
 Reading W180 from /home/diogo/openmc_data/endfb-vii.1-hdf5/neutron/W180.h5
 Reading W182 from /home/diogo/openmc_data/endfb-vii.1-hdf5/neutron/W182.h5
 Reading W184 from /home/diogo/openmc_data/endfb-vii.1-hdf5/neutron/W184.h5
 Reading W186 from /home/diogo/openmc_data/endfb-vii.1-hdf5/neutron/W186.h5
 Reading Re185 from /home/diogo/openmc_data/endfb-vii.1-hdf5/neutron/Re185.h5
 Reading Re187 from /home/diogo/openmc_data/endfb-vii.1-hdf5/neutron/Re187.h5
 Reading Bk246 from /home/diogo/openmc_data/endfb-vii.1-hdf5/neutron/Bk246.h5
 Reading Hf174 from /home/diogo/openmc_data/endfb-vii.1-hdf5/neutron/Hf174.h5
 Reading Xe123 from /home/diogo/openmc_data/endfb-vii.1-hdf5/neutron/Xe123.h5
 Reading Xe124 from /home/diogo/openmc_data/endfb-vii.1-hdf5/neutron/Xe124.h5
 Reading Ba130 from /home/diogo/openmc_data/endfb-vii.1-hdf5/neutron/Ba130.h5
 Reading Ce136 from /home/diogo/openmc_data/endfb-vii.1-hdf5/neutron/Ce136.h5
 Reading Cf246 from /home/diogo/openmc_data/endfb-vii.1-hdf5/neutron/Cf246.h5
 Reading Ru96 from /home/diogo/openmc_data/endfb-vii.1-hdf5/neutron/Ru96.h5
 Reading Be9 from /home/diogo/openmc_data/endfb-vii.1-hdf5/neutron/Be9.h5
 Reading Ca48 from /home/diogo/openmc_data/endfb-vii.1-hdf5/neutron/Ca48.h5
 Reading Co58_m1 from
 /home/diogo/openmc_data/endfb-vii.1-hdf5/neutron/Co58_m1.h5
 Maximum neutron transport energy: 20000000 eV for H1
 Initializing source particles...

 ====================>     K EIGENVALUE SIMULATION     <====================

  Bat./Gen.      k       Entropy         Average k 
  =========   ========   ========   ====================
        1/1    0.94259    5.53786
        2/1    0.98147    5.51785
        3/1    0.98710    5.49387
        4/1    0.98309    5.50231
        5/1    0.98669    5.47574
        6/1    0.99220    5.45217
        7/1    0.97278    5.46652
        8/1    0.96315    5.46540
        9/1    0.97917    5.47182
       10/1    0.96019    5.46636
       11/1    0.96683    5.45588
       12/1    1.00177    5.44630
       13/1    0.98232    5.45729
       14/1    0.97088    5.44559
       15/1    0.96691    5.46687
       16/1    0.99856    5.44105
       17/1    0.98582    5.45028
       18/1    0.98389    5.47127
       19/1    1.00173    5.46637
       20/1    0.98273    5.46046
       21/1    1.00642    5.46724
       22/1    0.98036    5.46848
       23/1    0.97273    5.45482
       24/1    0.98891    5.46507
       25/1    0.98517    5.48122
       26/1    0.96958    5.46865
       27/1    0.99585    5.46575
       28/1    0.98905    5.48084
       29/1    0.98516    5.47248
       30/1    0.96811    5.47573
       31/1    0.97923    5.46475
       32/1    0.97966    5.48124
       33/1    1.00212    5.46687
       34/1    0.99755    5.46649
       35/1    0.99048    5.46479
       36/1    0.99716    5.47489
       37/1    0.97114    5.47562
       38/1    0.96857    5.47816
       39/1    0.98156    5.47632
       40/1    0.96981    5.47582
       41/1    0.97197    5.46646
       42/1    0.97727    5.47219
       43/1    0.96151    5.46783
       44/1    0.95914    5.49362
       45/1    0.95715    5.49404
       46/1    0.97546    5.48935
       47/1    0.99147    5.49729
       48/1    0.98373    5.51623
       49/1    0.97584    5.49315
       50/1    0.99668    5.49168
       51/1    0.99093    5.47098
       52/1    0.96902    5.47801    0.97998 +/- 0.01095
       53/1    0.98109    5.48265    0.98035 +/- 0.00633
       54/1    0.98224    5.48734    0.98082 +/- 0.00450
       55/1    0.98529    5.48278    0.98171 +/- 0.00360
       56/1    0.96175    5.48808    0.97839 +/- 0.00444
       57/1    0.98907    5.47899    0.97991 +/- 0.00405
       58/1    0.96018    5.49688    0.97745 +/- 0.00429
       59/1    0.98252    5.48223    0.97801 +/- 0.00382
       60/1    0.97235    5.48908    0.97744 +/- 0.00347
       61/1    0.97723    5.48187    0.97742 +/- 0.00314
       62/1    0.96200    5.46312    0.97614 +/- 0.00314
       63/1    0.97128    5.47862    0.97577 +/- 0.00291
       64/1    0.98185    5.47756    0.97620 +/- 0.00273
       65/1    0.97211    5.48646    0.97593 +/- 0.00256
       66/1    1.00990    5.48653    0.97805 +/- 0.00320
       67/1    0.96815    5.46063    0.97747 +/- 0.00306
       68/1    0.96395    5.45955    0.97672 +/- 0.00298
       69/1    0.97516    5.46265    0.97663 +/- 0.00282
       70/1    0.97670    5.47088    0.97664 +/- 0.00268
       71/1    0.97811    5.46809    0.97671 +/- 0.00255
       72/1    0.98321    5.49038    0.97700 +/- 0.00245
       73/1    0.98778    5.50162    0.97747 +/- 0.00238
       74/1    0.97265    5.47056    0.97727 +/- 0.00229
       75/1    0.97075    5.47563    0.97701 +/- 0.00221
       76/1    0.96856    5.49302    0.97668 +/- 0.00215
       77/1    0.97531    5.48099    0.97663 +/- 0.00207
       78/1    0.97187    5.49515    0.97646 +/- 0.00200
       79/1    1.00501    5.47069    0.97745 +/- 0.00217
       80/1    0.95961    5.47545    0.97685 +/- 0.00218
       81/1    1.00728    5.46754    0.97784 +/- 0.00232
       82/1    0.98150    5.46689    0.97795 +/- 0.00225
       83/1    0.98263    5.48536    0.97809 +/- 0.00219
       84/1    0.96244    5.47526    0.97763 +/- 0.00217
       85/1    0.99700    5.46925    0.97818 +/- 0.00218
       86/1    0.98343    5.47711    0.97833 +/- 0.00212
       87/1    0.97334    5.48257    0.97820 +/- 0.00207
       88/1    0.97113    5.48270    0.97801 +/- 0.00202
       89/1    0.98523    5.48189    0.97819 +/- 0.00198
       90/1    1.00280    5.48676    0.97881 +/- 0.00202
       91/1    0.97545    5.46328    0.97873 +/- 0.00198
       92/1    0.95331    5.48007    0.97812 +/- 0.00202
       93/1    0.97410    5.47496    0.97803 +/- 0.00198
       94/1    0.97173    5.47751    0.97789 +/- 0.00194
       95/1    0.97456    5.48231    0.97781 +/- 0.00189
       96/1    0.99315    5.51061    0.97815 +/- 0.00188
       97/1    0.99014    5.48525    0.97840 +/- 0.00186
       98/1    0.97459    5.47421    0.97832 +/- 0.00182
       99/1    0.98585    5.46941    0.97847 +/- 0.00179
      100/1    0.98997    5.48059    0.97870 +/- 0.00177
 Creating state point statepoint.100.h5...

 =======================>     TIMING STATISTICS     <=======================

 Total time for initialization     = 5.2533e+01 seconds
   Reading cross sections          = 7.6892e+00 seconds
 Total time in simulation          = 1.2327e+02 seconds
   Time in transport only          = 1.2283e+02 seconds
   Time in inactive batches        = 4.7715e+01 seconds
   Time in active batches          = 7.5559e+01 seconds
   Time synchronizing fission bank = 9.5894e-02 seconds
     Sampling source sites         = 8.4102e-02 seconds
     SEND/RECV source sites        = 1.1339e-02 seconds
   Time accumulating tallies       = 2.3018e-01 seconds
   Time writing statepoints        = 1.7032e-02 seconds
 Total time for finalization       = 1.1827e-02 seconds
 Total time elapsed                = 1.7626e+02 seconds
 Calculation Rate (inactive)       = 10478.8 particles/second
 Calculation Rate (active)         = 6617.37 particles/second

 ============================>     RESULTS     <============================

 k-effective (Collision)     = 0.97797 +/- 0.00130
 k-effective (Track-length)  = 0.97870 +/- 0.00177
 k-effective (Absorption)    = 0.97682 +/- 0.00144
 Combined k-effective        = 0.97755 +/- 0.00113
 Leakage Fraction            = 0.00786 +/- 0.00011

 Creating state point openmc_simulation_n6.h5...
[openmc.deplete] t=186069731.2168078 (final operator evaluation)
 Maximum neutron transport energy: 20000000 eV for H1
 Initializing source particles...

 ====================>     K EIGENVALUE SIMULATION     <====================

  Bat./Gen.      k       Entropy         Average k 
  =========   ========   ========   ====================
        1/1    0.92315    5.52943
        2/1    0.94392    5.51124
        3/1    0.94833    5.48453
        4/1    0.94692    5.49973
        5/1    0.95492    5.48388
        6/1    0.95175    5.48061
        7/1    0.94830    5.47157
        8/1    0.94607    5.47240
        9/1    0.99398    5.47531
       10/1    0.96165    5.48619
       11/1    0.96309    5.47632
       12/1    0.93712    5.49085
       13/1    0.93214    5.46261
       14/1    0.94357    5.47791
       15/1    0.93895    5.45476
       16/1    0.94228    5.47945
       17/1    0.95306    5.47301
       18/1    0.95136    5.47015
       19/1    0.96216    5.47188
       20/1    0.97329    5.48647
       21/1    0.94306    5.47875
       22/1    0.97774    5.47076
       23/1    0.96552    5.49950
       24/1    0.96526    5.50114
       25/1    0.94967    5.49821
       26/1    0.95152    5.49420
       27/1    0.93888    5.48425
       28/1    0.94692    5.48216
       29/1    0.97653    5.46712
       30/1    0.94200    5.46185
       31/1    0.94955    5.47825
       32/1    0.96034    5.48839
       33/1    0.96800    5.47625
       34/1    0.95787    5.45341
       35/1    0.96756    5.47163
       36/1    0.93102    5.46469
       37/1    0.95589    5.47581
       38/1    0.95180    5.47682
       39/1    0.96171    5.47643
       40/1    0.94380    5.48634
       41/1    0.95024    5.49322
       42/1    0.94630    5.47296
       43/1    0.95345    5.46561
       44/1    0.95295    5.49082
       45/1    0.95323    5.46076
       46/1    0.96598    5.48852
       47/1    0.93668    5.48596
       48/1    0.92993    5.48442
       49/1    0.93538    5.49995
       50/1    0.95133    5.48193
       51/1    0.95105    5.50194
       52/1    0.95118    5.48214    0.95112 +/- 0.00006
       53/1    0.96509    5.46478    0.95578 +/- 0.00466
       54/1    0.96008    5.43458    0.95685 +/- 0.00346
       55/1    0.93977    5.44594    0.95344 +/- 0.00434
       56/1    0.92605    5.47131    0.94887 +/- 0.00578
       57/1    0.95906    5.46245    0.95033 +/- 0.00510
       58/1    0.95839    5.46971    0.95133 +/- 0.00453
       59/1    0.95636    5.47156    0.95189 +/- 0.00403
       60/1    0.98098    5.47209    0.95480 +/- 0.00463
       61/1    0.97799    5.47543    0.95691 +/- 0.00469
       62/1    0.94455    5.48216    0.95588 +/- 0.00440
       63/1    0.95171    5.47893    0.95556 +/- 0.00406
       64/1    0.96300    5.47825    0.95609 +/- 0.00380
       65/1    0.94949    5.47328    0.95565 +/- 0.00357
       66/1    0.92033    5.47772    0.95344 +/- 0.00400
       67/1    0.96118    5.47852    0.95390 +/- 0.00378
       68/1    0.94674    5.47496    0.95350 +/- 0.00359
       69/1    0.93297    5.48527    0.95242 +/- 0.00356
       70/1    0.96279    5.47181    0.95294 +/- 0.00342
       71/1    0.94295    5.49134    0.95246 +/- 0.00329
       72/1    0.95424    5.47318    0.95254 +/- 0.00314
       73/1    0.95513    5.48466    0.95266 +/- 0.00300
       74/1    0.95066    5.48270    0.95257 +/- 0.00287
       75/1    0.95848    5.46782    0.95281 +/- 0.00276
       76/1    0.95097    5.47607    0.95274 +/- 0.00266
       77/1    0.95588    5.47642    0.95285 +/- 0.00256
       78/1    0.95789    5.46809    0.95303 +/- 0.00247
       79/1    0.95453    5.48789    0.95309 +/- 0.00239
       80/1    0.95252    5.49886    0.95307 +/- 0.00231
       81/1    0.94397    5.48831    0.95277 +/- 0.00225
       82/1    0.94218    5.50204    0.95244 +/- 0.00220
       83/1    0.95388    5.50948    0.95249 +/- 0.00214
       84/1    0.95322    5.48735    0.95251 +/- 0.00207
       85/1    0.93922    5.50075    0.95213 +/- 0.00205
       86/1    0.96741    5.47728    0.95255 +/- 0.00203
       87/1    0.92126    5.49234    0.95171 +/- 0.00215
       88/1    0.95783    5.48405    0.95187 +/- 0.00210
       89/1    0.94970    5.49337    0.95181 +/- 0.00205
       90/1    0.95927    5.48602    0.95200 +/- 0.00200
       91/1    0.96515    5.46235    0.95232 +/- 0.00198
       92/1    0.95751    5.46783    0.95244 +/- 0.00194
       93/1    0.95322    5.45536    0.95246 +/- 0.00189
       94/1    0.96212    5.46822    0.95268 +/- 0.00186
       95/1    0.94504    5.45824    0.95251 +/- 0.00183
       96/1    0.96257    5.47833    0.95273 +/- 0.00180
       97/1    0.95628    5.47051    0.95281 +/- 0.00176
       98/1    0.94742    5.48099    0.95269 +/- 0.00173
       99/1    0.95485    5.47772    0.95274 +/- 0.00169
      100/1    0.95927    5.46803    0.95287 +/- 0.00167
 Creating state point statepoint.100.h5...

 =======================>     TIMING STATISTICS     <=======================

 Total time for initialization     = 0.0000e+00 seconds
   Reading cross sections          = 0.0000e+00 seconds
 Total time in simulation          = 1.2249e+02 seconds
   Time in transport only          = 1.2195e+02 seconds
   Time in inactive batches        = 4.4917e+01 seconds
   Time in active batches          = 7.7571e+01 seconds
   Time synchronizing fission bank = 9.3977e-02 seconds
     Sampling source sites         = 8.0980e-02 seconds
     SEND/RECV source sites        = 1.2568e-02 seconds
   Time accumulating tallies       = 3.3197e-01 seconds
   Time writing statepoints        = 1.1394e-02 seconds
 Total time for finalization       = 1.1216e-02 seconds
 Total time elapsed                = 1.2299e+02 seconds
 Calculation Rate (inactive)       = 11131.7 particles/second
 Calculation Rate (active)         = 6445.71 particles/second

 ============================>     RESULTS     <============================

 k-effective (Collision)     = 0.95315 +/- 0.00148
 k-effective (Track-length)  = 0.95287 +/- 0.00167
 k-effective (Absorption)    = 0.95119 +/- 0.00145
 Combined k-effective        = 0.95205 +/- 0.00137
 Leakage Fraction            = 0.00789 +/- 0.00011

 Creating state point openmc_simulation_n7.h5...
      chunk 1: B  21.50 MWd/kgHM k 0.95205 (target 0.96853) [20.8 min]
[d69] EFPD 1894.7 d (archive 2297.1), c_max 2268 (archive 2268), hump +0 pcm [8 solves, 0.35 h]
done; run --analyse
--------------------------------------------------------------------------
 REPORT  (2026-09-26 23:20:56)
--------------------------------------------------------------------------
Campaign 9 checks, 2026-09-26 23:20:56

T. thread reproducibility of the depletion of C9-47 (pcm; 0 = bit-identical):
  note: t1a ran at {'particles': 1000, 'batches': 30, 'inactive': 10}, compare it only with its own pair
  note: t1b ran at {'particles': 1000, 'batches': 30, 'inactive': 10}, compare it only with its own pair
  step                   t1a                   t1b                  t64a                  t64b               archive
     0    1.1219357299534725    1.1219357299534725    1.1157872707434484    1.1157872707434457    1.1157900000000001
     1    1.0830905485737723    1.0830905485737723    1.0941004986000560    1.0940851780042467    1.0922499999999999
     2    1.1050911644377635    1.1050911644377635    1.0905156197191721    1.0972093940929866    1.0938099999999999
  
  pairwise difference per step, pcm (0 = bit-identical)
         t1a vs t1b     : 0 (identical)  0 (identical)  0 (identical)  0 (identical)
         t1a vs t64a    : +615  -1.1e+03  +1.46e+03  +52.6
         t1a vs t64b    : +615  -1.1e+03  +788  -99.1
         t1a vs archive : +615  -916  +1.13e+03
         t1b vs t64a    : +615  -1.1e+03  +1.46e+03  +52.6
         t1b vs t64b    : +615  -1.1e+03  +788  -99.1
         t1b vs archive : +615  -916  +1.13e+03
        t64a vs t64b    : +2.66e-10  +1.53  -669  -152
        t64a vs archive : -0.273  +185  -329
        t64b vs archive : -0.273  +184  +340

L. reduced-fidelity (10 000 x 100 / 50) against full-fidelity eight-layer depletion:
  design        full [d]    reduced [d]  diff [d]      z  full h reduced h
  C9-24    1915.3 +/-  9.5  1977.6 +/- 17.6     +62.2  +3.11    0.88      0.33
  C9-27    1956.1 +/-  8.8  1942.9 +/- 20.0     -13.2  -0.61    0.93      0.32
  C9-72    1782.3 +/- 10.2  1799.4 +/- 18.4     +17.1  +0.82    0.89      0.34
  C9-69    1895.2 +/-  6.7  1894.7 +/- 13.8      -0.5  -0.03    0.89      0.35
  
  mean difference +16.4 d, rms 32.9 d over 4 designs
  the reduced fidelity is usable in the loop if the rms is well below the front margins (+12 to +69 d)

push:
  git add -f repro_c9/*.json repro_c9/compare.txt lofi_dep_core3d_c9/runs.json lofi_dep_core3d_c9f/runs.json
  git add run_c9_checks.sh c9_checks_report.txt
  git add -f repro_c9.log lofi_dep_core3d.log c9_checks.log
  git commit -m 'Campaign 9 checks: thread reproducibility of the depletion, precision of the reduced-fidelity eight-layer depletion'
