check 3: designs [47], 1 layers (7 fuel segments, 12 depletable materials), transport {'particles': 20000, 'batches': 160, 'inactive': 60}, end of cycle relative, schedule {'bol_steps': [0.5, 1.0, 2.0, 4.0, 6.0], 'dep_step': 4.0, 'max_burnup': 100.0, 'chunk_steps': 2}, cached []
  C9-47: archive EFPD 1947 d, 8 depletion solves, c_max 1406 ppm
  openmc 0.15.3, chain /home/diogo/openmc_data/chain_endfb71_pwr.xml
[d47] 3D hardware core, 1 layers, 7 fuel segments, 12 depletable materials, seed 231441696, transport {'particles': 20000, 'batches': 160, 'inactive': 60}, end of cycle relative, ratio 0.96972
                                %%%%%%%%%%%%%%%
                           %%%%%%%%%%%%%%%%%%%%%%%%
                        %%%%%%%%%%%%%%%%%%%%%%%%%%%%%%
                      %%%%%%%%%%%%%%%%%%%%%%%%%%%%%%%%%%
                    %%%%%%%%%%%%%%%%%%%%%%%%%%%%%%%%%%%%%%
                   %%%%%%%%%%%%%%%%%%%%%%%%%%%%%%%%%%%%%%%%
                                    %%%%%%%%%%%%%%%%%%%%%%%%
                                     %%%%%%%%%%%%%%%%%%%%%%%%
                 ###############      %%%%%%%%%%%%%%%%%%%%%%%%
                ##################     %%%%%%%%%%%%%%%%%%%%%%%
                ###################     %%%%%%%%%%%%%%%%%%%%%%%
                ####################     %%%%%%%%%%%%%%%%%%%%%%
                #####################     %%%%%%%%%%%%%%%%%%%%%
                ######################     %%%%%%%%%%%%%%%%%%%%
                #######################     %%%%%%%%%%%%%%%%%%
                 #######################     %%%%%%%%%%%%%%%%%
                 ######################     %%%%%%%%%%%%%%%%%
                  ####################     %%%%%%%%%%%%%%%%%
                    #################     %%%%%%%%%%%%%%%%%
                     ###############     %%%%%%%%%%%%%%%%
                       ############     %%%%%%%%%%%%%%%
                          ########     %%%%%%%%%%%%%%
                                      %%%%%%%%%%%

                 | The OpenMC Monte Carlo Code
       Copyright | 2011-2025 MIT, UChicago Argonne LLC, and contributors
         License | https://docs.openmc.org/en/latest/license.html
         Version | 0.15.3
     Commit Hash | 27e38e894697bb32a1dac7848d2618818b6b8daf
       Date/Time | 2026-09-23 15:06:38
   MPI Processes | 1
  OpenMP Threads | 64

 Reading settings XML file...
 Reading cross sections XML file...
 Reading chain file: /home/diogo/openmc_data/chain_endfb71_pwr.xml...
 Reading materials XML file...
 Reading geometry XML file...
 Reading H1 from /home/diogo/openmc_data/endfb-vii.1-hdf5/neutron/H1.h5
 Reading H2 from /home/diogo/openmc_data/endfb-vii.1-hdf5/neutron/H2.h5
 Reading B10 from /home/diogo/openmc_data/endfb-vii.1-hdf5/neutron/B10.h5
 Reading B11 from /home/diogo/openmc_data/endfb-vii.1-hdf5/neutron/B11.h5
 Reading O16 from /home/diogo/openmc_data/endfb-vii.1-hdf5/neutron/O16.h5
 Reading O17 from /home/diogo/openmc_data/endfb-vii.1-hdf5/neutron/O17.h5
 Reading Cr50 from /home/diogo/openmc_data/endfb-vii.1-hdf5/neutron/Cr50.h5
 Reading Cr52 from /home/diogo/openmc_data/endfb-vii.1-hdf5/neutron/Cr52.h5
 Reading Cr53 from /home/diogo/openmc_data/endfb-vii.1-hdf5/neutron/Cr53.h5
 Reading Cr54 from /home/diogo/openmc_data/endfb-vii.1-hdf5/neutron/Cr54.h5
 Reading Mn55 from /home/diogo/openmc_data/endfb-vii.1-hdf5/neutron/Mn55.h5
 Reading Fe54 from /home/diogo/openmc_data/endfb-vii.1-hdf5/neutron/Fe54.h5
 Reading Fe56 from /home/diogo/openmc_data/endfb-vii.1-hdf5/neutron/Fe56.h5
 Reading Fe57 from /home/diogo/openmc_data/endfb-vii.1-hdf5/neutron/Fe57.h5
 Reading Fe58 from /home/diogo/openmc_data/endfb-vii.1-hdf5/neutron/Fe58.h5
 Reading Ni58 from /home/diogo/openmc_data/endfb-vii.1-hdf5/neutron/Ni58.h5
 Reading Ni60 from /home/diogo/openmc_data/endfb-vii.1-hdf5/neutron/Ni60.h5
 Reading Ni61 from /home/diogo/openmc_data/endfb-vii.1-hdf5/neutron/Ni61.h5
 Reading Ni62 from /home/diogo/openmc_data/endfb-vii.1-hdf5/neutron/Ni62.h5
 Reading Ni64 from /home/diogo/openmc_data/endfb-vii.1-hdf5/neutron/Ni64.h5
 Reading Zr90 from /home/diogo/openmc_data/endfb-vii.1-hdf5/neutron/Zr90.h5
 Reading Zr91 from /home/diogo/openmc_data/endfb-vii.1-hdf5/neutron/Zr91.h5
 Reading Zr92 from /home/diogo/openmc_data/endfb-vii.1-hdf5/neutron/Zr92.h5
 Reading Zr94 from /home/diogo/openmc_data/endfb-vii.1-hdf5/neutron/Zr94.h5
 Reading Zr96 from /home/diogo/openmc_data/endfb-vii.1-hdf5/neutron/Zr96.h5
 Reading Sn112 from /home/diogo/openmc_data/endfb-vii.1-hdf5/neutron/Sn112.h5
 Reading Sn114 from /home/diogo/openmc_data/endfb-vii.1-hdf5/neutron/Sn114.h5
 Reading Sn115 from /home/diogo/openmc_data/endfb-vii.1-hdf5/neutron/Sn115.h5
 Reading Sn116 from /home/diogo/openmc_data/endfb-vii.1-hdf5/neutron/Sn116.h5
 Reading Sn117 from /home/diogo/openmc_data/endfb-vii.1-hdf5/neutron/Sn117.h5
 Reading Sn118 from /home/diogo/openmc_data/endfb-vii.1-hdf5/neutron/Sn118.h5
 Reading Sn119 from /home/diogo/openmc_data/endfb-vii.1-hdf5/neutron/Sn119.h5
 Reading Sn120 from /home/diogo/openmc_data/endfb-vii.1-hdf5/neutron/Sn120.h5
 Reading Sn122 from /home/diogo/openmc_data/endfb-vii.1-hdf5/neutron/Sn122.h5
 Reading Sn124 from /home/diogo/openmc_data/endfb-vii.1-hdf5/neutron/Sn124.h5
 Reading He3 from /home/diogo/openmc_data/endfb-vii.1-hdf5/neutron/He3.h5
 Reading He4 from /home/diogo/openmc_data/endfb-vii.1-hdf5/neutron/He4.h5
 Reading U234 from /home/diogo/openmc_data/endfb-vii.1-hdf5/neutron/U234.h5
 Reading U235 from /home/diogo/openmc_data/endfb-vii.1-hdf5/neutron/U235.h5
 Reading U238 from /home/diogo/openmc_data/endfb-vii.1-hdf5/neutron/U238.h5
 Reading Gd152 from /home/diogo/openmc_data/endfb-vii.1-hdf5/neutron/Gd152.h5
 Reading Gd154 from /home/diogo/openmc_data/endfb-vii.1-hdf5/neutron/Gd154.h5
 Reading Gd155 from /home/diogo/openmc_data/endfb-vii.1-hdf5/neutron/Gd155.h5
 Reading Gd156 from /home/diogo/openmc_data/endfb-vii.1-hdf5/neutron/Gd156.h5
 Reading Gd157 from /home/diogo/openmc_data/endfb-vii.1-hdf5/neutron/Gd157.h5
 Reading Gd158 from /home/diogo/openmc_data/endfb-vii.1-hdf5/neutron/Gd158.h5
 Reading Gd160 from /home/diogo/openmc_data/endfb-vii.1-hdf5/neutron/Gd160.h5
 Reading Si28 from /home/diogo/openmc_data/endfb-vii.1-hdf5/neutron/Si28.h5
 Reading Si29 from /home/diogo/openmc_data/endfb-vii.1-hdf5/neutron/Si29.h5
 Reading Si30 from /home/diogo/openmc_data/endfb-vii.1-hdf5/neutron/Si30.h5
 Reading Ag107 from /home/diogo/openmc_data/endfb-vii.1-hdf5/neutron/Ag107.h5
 Reading Ag109 from /home/diogo/openmc_data/endfb-vii.1-hdf5/neutron/Ag109.h5
 Reading Cd106 from /home/diogo/openmc_data/endfb-vii.1-hdf5/neutron/Cd106.h5
 WARNING: Negative value(s) found on probability table for nuclide Cd106 at 294K
 WARNING: Negative value(s) found on probability table for nuclide Cd106 at 600K
 WARNING: Negative value(s) found on probability table for nuclide Cd106 at 900K
 WARNING: Negative value(s) found on probability table for nuclide Cd106 at
          1200K
 WARNING: Negative value(s) found on probability table for nuclide Cd106 at
          2500K
 Reading Cd108 from /home/diogo/openmc_data/endfb-vii.1-hdf5/neutron/Cd108.h5
 Reading Cd110 from /home/diogo/openmc_data/endfb-vii.1-hdf5/neutron/Cd110.h5
 Reading Cd111 from /home/diogo/openmc_data/endfb-vii.1-hdf5/neutron/Cd111.h5
 Reading Cd112 from /home/diogo/openmc_data/endfb-vii.1-hdf5/neutron/Cd112.h5
 Reading Cd113 from /home/diogo/openmc_data/endfb-vii.1-hdf5/neutron/Cd113.h5
 Reading Cd114 from /home/diogo/openmc_data/endfb-vii.1-hdf5/neutron/Cd114.h5
 Reading Cd116 from /home/diogo/openmc_data/endfb-vii.1-hdf5/neutron/Cd116.h5
 Reading In113 from /home/diogo/openmc_data/endfb-vii.1-hdf5/neutron/In113.h5
 Reading In115 from /home/diogo/openmc_data/endfb-vii.1-hdf5/neutron/In115.h5
 Reading c_H_in_H2O from
 /home/diogo/openmc_data/endfb-vii.1-hdf5/neutron/c_H_in_H2O.h5
 Minimum neutron data temperature: 294 K
 Maximum neutron data temperature: 2500 K
 Reading tallies XML file...
 Preparing distributed cell instances...
 Reading plot XML file...
 Writing summary.h5 file...
[openmc.deplete] t=0.0 s, dt=4327203.051553669 s, source=47715391.07417821
 Reading H3 from /home/diogo/openmc_data/endfb-vii.1-hdf5/neutron/H3.h5
 Reading Li6 from /home/diogo/openmc_data/endfb-vii.1-hdf5/neutron/Li6.h5
 Reading Li7 from /home/diogo/openmc_data/endfb-vii.1-hdf5/neutron/Li7.h5
 Reading Be9 from /home/diogo/openmc_data/endfb-vii.1-hdf5/neutron/Be9.h5
 Reading N14 from /home/diogo/openmc_data/endfb-vii.1-hdf5/neutron/N14.h5
 Reading N15 from /home/diogo/openmc_data/endfb-vii.1-hdf5/neutron/N15.h5
 Reading F19 from /home/diogo/openmc_data/endfb-vii.1-hdf5/neutron/F19.h5
 Reading Na22 from /home/diogo/openmc_data/endfb-vii.1-hdf5/neutron/Na22.h5
 WARNING: Negative value(s) found on probability table for nuclide Na22 at 250K
 WARNING: Negative value(s) found on probability table for nuclide Na22 at 294K
 WARNING: Negative value(s) found on probability table for nuclide Na22 at 600K
 WARNING: Negative value(s) found on probability table for nuclide Na22 at 900K
 WARNING: Negative value(s) found on probability table for nuclide Na22 at 1200K
 WARNING: Negative value(s) found on probability table for nuclide Na22 at 2500K
 Reading Na23 from /home/diogo/openmc_data/endfb-vii.1-hdf5/neutron/Na23.h5
 Reading Mg24 from /home/diogo/openmc_data/endfb-vii.1-hdf5/neutron/Mg24.h5
 Reading Mg25 from /home/diogo/openmc_data/endfb-vii.1-hdf5/neutron/Mg25.h5
 Reading Mg26 from /home/diogo/openmc_data/endfb-vii.1-hdf5/neutron/Mg26.h5
 Reading Al27 from /home/diogo/openmc_data/endfb-vii.1-hdf5/neutron/Al27.h5
 Reading P31 from /home/diogo/openmc_data/endfb-vii.1-hdf5/neutron/P31.h5
 Reading S32 from /home/diogo/openmc_data/endfb-vii.1-hdf5/neutron/S32.h5
 Reading S33 from /home/diogo/openmc_data/endfb-vii.1-hdf5/neutron/S33.h5
 Reading S34 from /home/diogo/openmc_data/endfb-vii.1-hdf5/neutron/S34.h5
 Reading S36 from /home/diogo/openmc_data/endfb-vii.1-hdf5/neutron/S36.h5
 Reading Cl35 from /home/diogo/openmc_data/endfb-vii.1-hdf5/neutron/Cl35.h5
 Reading Cl37 from /home/diogo/openmc_data/endfb-vii.1-hdf5/neutron/Cl37.h5
 Reading Ar36 from /home/diogo/openmc_data/endfb-vii.1-hdf5/neutron/Ar36.h5
 WARNING: Negative value(s) found on probability table for nuclide Ar36 at 250K
 WARNING: Negative value(s) found on probability table for nuclide Ar36 at 294K
 WARNING: Negative value(s) found on probability table for nuclide Ar36 at 600K
 WARNING: Negative value(s) found on probability table for nuclide Ar36 at 900K
 WARNING: Negative value(s) found on probability table for nuclide Ar36 at 1200K
 WARNING: Negative value(s) found on probability table for nuclide Ar36 at 2500K
 Reading Ar38 from /home/diogo/openmc_data/endfb-vii.1-hdf5/neutron/Ar38.h5
 Reading Ar40 from /home/diogo/openmc_data/endfb-vii.1-hdf5/neutron/Ar40.h5
 Reading K39 from /home/diogo/openmc_data/endfb-vii.1-hdf5/neutron/K39.h5
 Reading K40 from /home/diogo/openmc_data/endfb-vii.1-hdf5/neutron/K40.h5
 Reading K41 from /home/diogo/openmc_data/endfb-vii.1-hdf5/neutron/K41.h5
 Reading Ca40 from /home/diogo/openmc_data/endfb-vii.1-hdf5/neutron/Ca40.h5
 Reading Ca42 from /home/diogo/openmc_data/endfb-vii.1-hdf5/neutron/Ca42.h5
 Reading Ca43 from /home/diogo/openmc_data/endfb-vii.1-hdf5/neutron/Ca43.h5
 Reading Ca44 from /home/diogo/openmc_data/endfb-vii.1-hdf5/neutron/Ca44.h5
 Reading Ca46 from /home/diogo/openmc_data/endfb-vii.1-hdf5/neutron/Ca46.h5
 Reading Ca48 from /home/diogo/openmc_data/endfb-vii.1-hdf5/neutron/Ca48.h5
 Reading Sc45 from /home/diogo/openmc_data/endfb-vii.1-hdf5/neutron/Sc45.h5
 Reading Ti46 from /home/diogo/openmc_data/endfb-vii.1-hdf5/neutron/Ti46.h5
 Reading Ti47 from /home/diogo/openmc_data/endfb-vii.1-hdf5/neutron/Ti47.h5
 Reading Ti48 from /home/diogo/openmc_data/endfb-vii.1-hdf5/neutron/Ti48.h5
 Reading Ti49 from /home/diogo/openmc_data/endfb-vii.1-hdf5/neutron/Ti49.h5
 Reading Ti50 from /home/diogo/openmc_data/endfb-vii.1-hdf5/neutron/Ti50.h5
 Reading V50 from /home/diogo/openmc_data/endfb-vii.1-hdf5/neutron/V50.h5
 Reading V51 from /home/diogo/openmc_data/endfb-vii.1-hdf5/neutron/V51.h5
 Reading Co58 from /home/diogo/openmc_data/endfb-vii.1-hdf5/neutron/Co58.h5
 Reading Co58_m1 from
 /home/diogo/openmc_data/endfb-vii.1-hdf5/neutron/Co58_m1.h5
 Reading Co59 from /home/diogo/openmc_data/endfb-vii.1-hdf5/neutron/Co59.h5
 Reading Ni59 from /home/diogo/openmc_data/endfb-vii.1-hdf5/neutron/Ni59.h5
 Reading Cu63 from /home/diogo/openmc_data/endfb-vii.1-hdf5/neutron/Cu63.h5
 Reading Cu65 from /home/diogo/openmc_data/endfb-vii.1-hdf5/neutron/Cu65.h5
 Reading Zn64 from /home/diogo/openmc_data/endfb-vii.1-hdf5/neutron/Zn64.h5
 Reading Zn65 from /home/diogo/openmc_data/endfb-vii.1-hdf5/neutron/Zn65.h5
 Reading Zn66 from /home/diogo/openmc_data/endfb-vii.1-hdf5/neutron/Zn66.h5
 Reading Zn67 from /home/diogo/openmc_data/endfb-vii.1-hdf5/neutron/Zn67.h5
 Reading Zn68 from /home/diogo/openmc_data/endfb-vii.1-hdf5/neutron/Zn68.h5
 Reading Zn70 from /home/diogo/openmc_data/endfb-vii.1-hdf5/neutron/Zn70.h5
 Reading Ga69 from /home/diogo/openmc_data/endfb-vii.1-hdf5/neutron/Ga69.h5
 Reading Ga71 from /home/diogo/openmc_data/endfb-vii.1-hdf5/neutron/Ga71.h5
 Reading Ge70 from /home/diogo/openmc_data/endfb-vii.1-hdf5/neutron/Ge70.h5
 Reading Ge72 from /home/diogo/openmc_data/endfb-vii.1-hdf5/neutron/Ge72.h5
 Reading Ge73 from /home/diogo/openmc_data/endfb-vii.1-hdf5/neutron/Ge73.h5
 Reading Ge74 from /home/diogo/openmc_data/endfb-vii.1-hdf5/neutron/Ge74.h5
 Reading Ge76 from /home/diogo/openmc_data/endfb-vii.1-hdf5/neutron/Ge76.h5
 Reading As74 from /home/diogo/openmc_data/endfb-vii.1-hdf5/neutron/As74.h5
 Reading As75 from /home/diogo/openmc_data/endfb-vii.1-hdf5/neutron/As75.h5
 Reading Se74 from /home/diogo/openmc_data/endfb-vii.1-hdf5/neutron/Se74.h5
 Reading Se76 from /home/diogo/openmc_data/endfb-vii.1-hdf5/neutron/Se76.h5
 Reading Se77 from /home/diogo/openmc_data/endfb-vii.1-hdf5/neutron/Se77.h5
 Reading Se78 from /home/diogo/openmc_data/endfb-vii.1-hdf5/neutron/Se78.h5
 Reading Se79 from /home/diogo/openmc_data/endfb-vii.1-hdf5/neutron/Se79.h5
 WARNING: Negative value(s) found on probability table for nuclide Se79 at 250K
 WARNING: Negative value(s) found on probability table for nuclide Se79 at 294K
 WARNING: Negative value(s) found on probability table for nuclide Se79 at 600K
 WARNING: Negative value(s) found on probability table for nuclide Se79 at 900K
 WARNING: Negative value(s) found on probability table for nuclide Se79 at 1200K
 Reading Se80 from /home/diogo/openmc_data/endfb-vii.1-hdf5/neutron/Se80.h5
 Reading Se82 from /home/diogo/openmc_data/endfb-vii.1-hdf5/neutron/Se82.h5
 Reading Br79 from /home/diogo/openmc_data/endfb-vii.1-hdf5/neutron/Br79.h5
 Reading Br81 from /home/diogo/openmc_data/endfb-vii.1-hdf5/neutron/Br81.h5
 Reading Kr78 from /home/diogo/openmc_data/endfb-vii.1-hdf5/neutron/Kr78.h5
 Reading Kr80 from /home/diogo/openmc_data/endfb-vii.1-hdf5/neutron/Kr80.h5
 Reading Kr82 from /home/diogo/openmc_data/endfb-vii.1-hdf5/neutron/Kr82.h5
 Reading Kr83 from /home/diogo/openmc_data/endfb-vii.1-hdf5/neutron/Kr83.h5
 Reading Kr84 from /home/diogo/openmc_data/endfb-vii.1-hdf5/neutron/Kr84.h5
 Reading Kr85 from /home/diogo/openmc_data/endfb-vii.1-hdf5/neutron/Kr85.h5
 Reading Kr86 from /home/diogo/openmc_data/endfb-vii.1-hdf5/neutron/Kr86.h5
 Reading Rb85 from /home/diogo/openmc_data/endfb-vii.1-hdf5/neutron/Rb85.h5
 Reading Rb86 from /home/diogo/openmc_data/endfb-vii.1-hdf5/neutron/Rb86.h5
 Reading Rb87 from /home/diogo/openmc_data/endfb-vii.1-hdf5/neutron/Rb87.h5
 Reading Sr84 from /home/diogo/openmc_data/endfb-vii.1-hdf5/neutron/Sr84.h5
 Reading Sr86 from /home/diogo/openmc_data/endfb-vii.1-hdf5/neutron/Sr86.h5
 Reading Sr87 from /home/diogo/openmc_data/endfb-vii.1-hdf5/neutron/Sr87.h5
 Reading Sr88 from /home/diogo/openmc_data/endfb-vii.1-hdf5/neutron/Sr88.h5
 Reading Sr89 from /home/diogo/openmc_data/endfb-vii.1-hdf5/neutron/Sr89.h5
 Reading Sr90 from /home/diogo/openmc_data/endfb-vii.1-hdf5/neutron/Sr90.h5
 Reading Y89 from /home/diogo/openmc_data/endfb-vii.1-hdf5/neutron/Y89.h5
 Reading Y90 from /home/diogo/openmc_data/endfb-vii.1-hdf5/neutron/Y90.h5
 Reading Y91 from /home/diogo/openmc_data/endfb-vii.1-hdf5/neutron/Y91.h5
 Reading Zr93 from /home/diogo/openmc_data/endfb-vii.1-hdf5/neutron/Zr93.h5
 Reading Zr95 from /home/diogo/openmc_data/endfb-vii.1-hdf5/neutron/Zr95.h5
 Reading Nb93 from /home/diogo/openmc_data/endfb-vii.1-hdf5/neutron/Nb93.h5
 Reading Nb94 from /home/diogo/openmc_data/endfb-vii.1-hdf5/neutron/Nb94.h5
 WARNING: Negative value(s) found on probability table for nuclide Nb94 at 250K
 WARNING: Negative value(s) found on probability table for nuclide Nb94 at 294K
 WARNING: Negative value(s) found on probability table for nuclide Nb94 at 600K
 WARNING: Negative value(s) found on probability table for nuclide Nb94 at 900K
 WARNING: Negative value(s) found on probability table for nuclide Nb94 at 1200K
 WARNING: Negative value(s) found on probability table for nuclide Nb94 at 2500K
 Reading Nb95 from /home/diogo/openmc_data/endfb-vii.1-hdf5/neutron/Nb95.h5
 WARNING: Negative value(s) found on probability table for nuclide Nb95 at 250K
 WARNING: Negative value(s) found on probability table for nuclide Nb95 at 294K
 WARNING: Negative value(s) found on probability table for nuclide Nb95 at 600K
 WARNING: Negative value(s) found on probability table for nuclide Nb95 at 900K
 WARNING: Negative value(s) found on probability table for nuclide Nb95 at 1200K
 Reading Mo92 from /home/diogo/openmc_data/endfb-vii.1-hdf5/neutron/Mo92.h5
 Reading Mo94 from /home/diogo/openmc_data/endfb-vii.1-hdf5/neutron/Mo94.h5
 Reading Mo95 from /home/diogo/openmc_data/endfb-vii.1-hdf5/neutron/Mo95.h5
 Reading Mo96 from /home/diogo/openmc_data/endfb-vii.1-hdf5/neutron/Mo96.h5
 Reading Mo97 from /home/diogo/openmc_data/endfb-vii.1-hdf5/neutron/Mo97.h5
 Reading Mo98 from /home/diogo/openmc_data/endfb-vii.1-hdf5/neutron/Mo98.h5
 Reading Mo99 from /home/diogo/openmc_data/endfb-vii.1-hdf5/neutron/Mo99.h5
 WARNING: Negative value(s) found on probability table for nuclide Mo99 at 250K
 WARNING: Negative value(s) found on probability table for nuclide Mo99 at 294K
 WARNING: Negative value(s) found on probability table for nuclide Mo99 at 600K
 WARNING: Negative value(s) found on probability table for nuclide Mo99 at 900K
 WARNING: Negative value(s) found on probability table for nuclide Mo99 at 1200K
 WARNING: Negative value(s) found on probability table for nuclide Mo99 at 2500K
 Reading Mo100 from /home/diogo/openmc_data/endfb-vii.1-hdf5/neutron/Mo100.h5
 Reading Tc99 from /home/diogo/openmc_data/endfb-vii.1-hdf5/neutron/Tc99.h5
 Reading Ru96 from /home/diogo/openmc_data/endfb-vii.1-hdf5/neutron/Ru96.h5
 Reading Ru98 from /home/diogo/openmc_data/endfb-vii.1-hdf5/neutron/Ru98.h5
 Reading Ru99 from /home/diogo/openmc_data/endfb-vii.1-hdf5/neutron/Ru99.h5
 Reading Ru100 from /home/diogo/openmc_data/endfb-vii.1-hdf5/neutron/Ru100.h5
 Reading Ru101 from /home/diogo/openmc_data/endfb-vii.1-hdf5/neutron/Ru101.h5
 Reading Ru102 from /home/diogo/openmc_data/endfb-vii.1-hdf5/neutron/Ru102.h5
 Reading Ru103 from /home/diogo/openmc_data/endfb-vii.1-hdf5/neutron/Ru103.h5
 Reading Ru104 from /home/diogo/openmc_data/endfb-vii.1-hdf5/neutron/Ru104.h5
 Reading Ru105 from /home/diogo/openmc_data/endfb-vii.1-hdf5/neutron/Ru105.h5
 Reading Ru106 from /home/diogo/openmc_data/endfb-vii.1-hdf5/neutron/Ru106.h5
 Reading Rh103 from /home/diogo/openmc_data/endfb-vii.1-hdf5/neutron/Rh103.h5
 Reading Rh105 from /home/diogo/openmc_data/endfb-vii.1-hdf5/neutron/Rh105.h5
 Reading Pd102 from /home/diogo/openmc_data/endfb-vii.1-hdf5/neutron/Pd102.h5
 Reading Pd104 from /home/diogo/openmc_data/endfb-vii.1-hdf5/neutron/Pd104.h5
 Reading Pd105 from /home/diogo/openmc_data/endfb-vii.1-hdf5/neutron/Pd105.h5
 Reading Pd106 from /home/diogo/openmc_data/endfb-vii.1-hdf5/neutron/Pd106.h5
 Reading Pd107 from /home/diogo/openmc_data/endfb-vii.1-hdf5/neutron/Pd107.h5
 Reading Pd108 from /home/diogo/openmc_data/endfb-vii.1-hdf5/neutron/Pd108.h5
 Reading Pd110 from /home/diogo/openmc_data/endfb-vii.1-hdf5/neutron/Pd110.h5
 Reading Ag110_m1 from
 /home/diogo/openmc_data/endfb-vii.1-hdf5/neutron/Ag110_m1.h5
 Reading Ag111 from /home/diogo/openmc_data/endfb-vii.1-hdf5/neutron/Ag111.h5
 Reading Cd115_m1 from
 /home/diogo/openmc_data/endfb-vii.1-hdf5/neutron/Cd115_m1.h5
 Reading Sn113 from /home/diogo/openmc_data/endfb-vii.1-hdf5/neutron/Sn113.h5
 Reading Sn123 from /home/diogo/openmc_data/endfb-vii.1-hdf5/neutron/Sn123.h5
 WARNING: Negative value(s) found on probability table for nuclide Sn123 at 250K
 WARNING: Negative value(s) found on probability table for nuclide Sn123 at 294K
 WARNING: Negative value(s) found on probability table for nuclide Sn123 at 600K
 WARNING: Negative value(s) found on probability table for nuclide Sn123 at 900K
 WARNING: Negative value(s) found on probability table for nuclide Sn123 at
          1200K
 WARNING: Negative value(s) found on probability table for nuclide Sn123 at
          2500K
 Reading Sn125 from /home/diogo/openmc_data/endfb-vii.1-hdf5/neutron/Sn125.h5
 Reading Sn126 from /home/diogo/openmc_data/endfb-vii.1-hdf5/neutron/Sn126.h5
 Reading Sb121 from /home/diogo/openmc_data/endfb-vii.1-hdf5/neutron/Sb121.h5
 Reading Sb123 from /home/diogo/openmc_data/endfb-vii.1-hdf5/neutron/Sb123.h5
 Reading Sb124 from /home/diogo/openmc_data/endfb-vii.1-hdf5/neutron/Sb124.h5
 Reading Sb125 from /home/diogo/openmc_data/endfb-vii.1-hdf5/neutron/Sb125.h5
 Reading Sb126 from /home/diogo/openmc_data/endfb-vii.1-hdf5/neutron/Sb126.h5
 Reading Te120 from /home/diogo/openmc_data/endfb-vii.1-hdf5/neutron/Te120.h5
 WARNING: Negative value(s) found on probability table for nuclide Te120 at 600K
 WARNING: Negative value(s) found on probability table for nuclide Te120 at 900K
 WARNING: Negative value(s) found on probability table for nuclide Te120 at
          1200K
 WARNING: Negative value(s) found on probability table for nuclide Te120 at
          2500K
 Reading Te122 from /home/diogo/openmc_data/endfb-vii.1-hdf5/neutron/Te122.h5
 Reading Te123 from /home/diogo/openmc_data/endfb-vii.1-hdf5/neutron/Te123.h5
 Reading Te124 from /home/diogo/openmc_data/endfb-vii.1-hdf5/neutron/Te124.h5
 Reading Te125 from /home/diogo/openmc_data/endfb-vii.1-hdf5/neutron/Te125.h5
 Reading Te126 from /home/diogo/openmc_data/endfb-vii.1-hdf5/neutron/Te126.h5
 Reading Te127_m1 from
 /home/diogo/openmc_data/endfb-vii.1-hdf5/neutron/Te127_m1.h5
 Reading Te128 from /home/diogo/openmc_data/endfb-vii.1-hdf5/neutron/Te128.h5
 Reading Te129_m1 from
 /home/diogo/openmc_data/endfb-vii.1-hdf5/neutron/Te129_m1.h5
 Reading Te130 from /home/diogo/openmc_data/endfb-vii.1-hdf5/neutron/Te130.h5
 Reading Te132 from /home/diogo/openmc_data/endfb-vii.1-hdf5/neutron/Te132.h5
 Reading I127 from /home/diogo/openmc_data/endfb-vii.1-hdf5/neutron/I127.h5
 Reading I129 from /home/diogo/openmc_data/endfb-vii.1-hdf5/neutron/I129.h5
 Reading I130 from /home/diogo/openmc_data/endfb-vii.1-hdf5/neutron/I130.h5
 Reading I131 from /home/diogo/openmc_data/endfb-vii.1-hdf5/neutron/I131.h5
 WARNING: Negative value(s) found on probability table for nuclide I131 at 250K
 WARNING: Negative value(s) found on probability table for nuclide I131 at 294K
 WARNING: Negative value(s) found on probability table for nuclide I131 at 600K
 WARNING: Negative value(s) found on probability table for nuclide I131 at 900K
 WARNING: Negative value(s) found on probability table for nuclide I131 at 1200K
 WARNING: Negative value(s) found on probability table for nuclide I131 at 2500K
 Reading I135 from /home/diogo/openmc_data/endfb-vii.1-hdf5/neutron/I135.h5
 Reading Xe123 from /home/diogo/openmc_data/endfb-vii.1-hdf5/neutron/Xe123.h5
 Reading Xe124 from /home/diogo/openmc_data/endfb-vii.1-hdf5/neutron/Xe124.h5
 Reading Xe126 from /home/diogo/openmc_data/endfb-vii.1-hdf5/neutron/Xe126.h5
 Reading Xe128 from /home/diogo/openmc_data/endfb-vii.1-hdf5/neutron/Xe128.h5
 Reading Xe129 from /home/diogo/openmc_data/endfb-vii.1-hdf5/neutron/Xe129.h5
 Reading Xe130 from /home/diogo/openmc_data/endfb-vii.1-hdf5/neutron/Xe130.h5
 Reading Xe131 from /home/diogo/openmc_data/endfb-vii.1-hdf5/neutron/Xe131.h5
 Reading Xe132 from /home/diogo/openmc_data/endfb-vii.1-hdf5/neutron/Xe132.h5
 Reading Xe133 from /home/diogo/openmc_data/endfb-vii.1-hdf5/neutron/Xe133.h5
 WARNING: Negative value(s) found on probability table for nuclide Xe133 at
          2500K
 Reading Xe134 from /home/diogo/openmc_data/endfb-vii.1-hdf5/neutron/Xe134.h5
 Reading Xe135 from /home/diogo/openmc_data/endfb-vii.1-hdf5/neutron/Xe135.h5
 Reading Xe136 from /home/diogo/openmc_data/endfb-vii.1-hdf5/neutron/Xe136.h5
 Reading Cs133 from /home/diogo/openmc_data/endfb-vii.1-hdf5/neutron/Cs133.h5
 Reading Cs134 from /home/diogo/openmc_data/endfb-vii.1-hdf5/neutron/Cs134.h5
 Reading Cs135 from /home/diogo/openmc_data/endfb-vii.1-hdf5/neutron/Cs135.h5
 Reading Cs136 from /home/diogo/openmc_data/endfb-vii.1-hdf5/neutron/Cs136.h5
 WARNING: Negative value(s) found on probability table for nuclide Cs136 at 250K
 WARNING: Negative value(s) found on probability table for nuclide Cs136 at 294K
 WARNING: Negative value(s) found on probability table for nuclide Cs136 at 600K
 WARNING: Negative value(s) found on probability table for nuclide Cs136 at 900K
 WARNING: Negative value(s) found on probability table for nuclide Cs136 at
          1200K
 WARNING: Negative value(s) found on probability table for nuclide Cs136 at
          2500K
 Reading Cs137 from /home/diogo/openmc_data/endfb-vii.1-hdf5/neutron/Cs137.h5
 Reading Ba130 from /home/diogo/openmc_data/endfb-vii.1-hdf5/neutron/Ba130.h5
 Reading Ba132 from /home/diogo/openmc_data/endfb-vii.1-hdf5/neutron/Ba132.h5
 Reading Ba133 from /home/diogo/openmc_data/endfb-vii.1-hdf5/neutron/Ba133.h5
 Reading Ba134 from /home/diogo/openmc_data/endfb-vii.1-hdf5/neutron/Ba134.h5
 Reading Ba135 from /home/diogo/openmc_data/endfb-vii.1-hdf5/neutron/Ba135.h5
 Reading Ba136 from /home/diogo/openmc_data/endfb-vii.1-hdf5/neutron/Ba136.h5
 Reading Ba137 from /home/diogo/openmc_data/endfb-vii.1-hdf5/neutron/Ba137.h5
 Reading Ba138 from /home/diogo/openmc_data/endfb-vii.1-hdf5/neutron/Ba138.h5
 Reading Ba140 from /home/diogo/openmc_data/endfb-vii.1-hdf5/neutron/Ba140.h5
 Reading La138 from /home/diogo/openmc_data/endfb-vii.1-hdf5/neutron/La138.h5
 Reading La139 from /home/diogo/openmc_data/endfb-vii.1-hdf5/neutron/La139.h5
 Reading La140 from /home/diogo/openmc_data/endfb-vii.1-hdf5/neutron/La140.h5
 Reading Ce136 from /home/diogo/openmc_data/endfb-vii.1-hdf5/neutron/Ce136.h5
 Reading Ce138 from /home/diogo/openmc_data/endfb-vii.1-hdf5/neutron/Ce138.h5
 Reading Ce139 from /home/diogo/openmc_data/endfb-vii.1-hdf5/neutron/Ce139.h5
 Reading Ce140 from /home/diogo/openmc_data/endfb-vii.1-hdf5/neutron/Ce140.h5
 Reading Ce141 from /home/diogo/openmc_data/endfb-vii.1-hdf5/neutron/Ce141.h5
 Reading Ce142 from /home/diogo/openmc_data/endfb-vii.1-hdf5/neutron/Ce142.h5
 Reading Ce143 from /home/diogo/openmc_data/endfb-vii.1-hdf5/neutron/Ce143.h5
 Reading Ce144 from /home/diogo/openmc_data/endfb-vii.1-hdf5/neutron/Ce144.h5
 Reading Pr141 from /home/diogo/openmc_data/endfb-vii.1-hdf5/neutron/Pr141.h5
 Reading Pr142 from /home/diogo/openmc_data/endfb-vii.1-hdf5/neutron/Pr142.h5
 Reading Pr143 from /home/diogo/openmc_data/endfb-vii.1-hdf5/neutron/Pr143.h5
 Reading Nd142 from /home/diogo/openmc_data/endfb-vii.1-hdf5/neutron/Nd142.h5
 Reading Nd143 from /home/diogo/openmc_data/endfb-vii.1-hdf5/neutron/Nd143.h5
 Reading Nd144 from /home/diogo/openmc_data/endfb-vii.1-hdf5/neutron/Nd144.h5
 Reading Nd145 from /home/diogo/openmc_data/endfb-vii.1-hdf5/neutron/Nd145.h5
 Reading Nd146 from /home/diogo/openmc_data/endfb-vii.1-hdf5/neutron/Nd146.h5
 Reading Nd147 from /home/diogo/openmc_data/endfb-vii.1-hdf5/neutron/Nd147.h5
 Reading Nd148 from /home/diogo/openmc_data/endfb-vii.1-hdf5/neutron/Nd148.h5
 Reading Nd150 from /home/diogo/openmc_data/endfb-vii.1-hdf5/neutron/Nd150.h5
 Reading Pm147 from /home/diogo/openmc_data/endfb-vii.1-hdf5/neutron/Pm147.h5
 Reading Pm148 from /home/diogo/openmc_data/endfb-vii.1-hdf5/neutron/Pm148.h5
 Reading Pm148_m1 from
 /home/diogo/openmc_data/endfb-vii.1-hdf5/neutron/Pm148_m1.h5
 Reading Pm149 from /home/diogo/openmc_data/endfb-vii.1-hdf5/neutron/Pm149.h5
 Reading Pm151 from /home/diogo/openmc_data/endfb-vii.1-hdf5/neutron/Pm151.h5
 Reading Sm144 from /home/diogo/openmc_data/endfb-vii.1-hdf5/neutron/Sm144.h5
 Reading Sm147 from /home/diogo/openmc_data/endfb-vii.1-hdf5/neutron/Sm147.h5
 Reading Sm148 from /home/diogo/openmc_data/endfb-vii.1-hdf5/neutron/Sm148.h5
 Reading Sm149 from /home/diogo/openmc_data/endfb-vii.1-hdf5/neutron/Sm149.h5
 Reading Sm150 from /home/diogo/openmc_data/endfb-vii.1-hdf5/neutron/Sm150.h5
 Reading Sm151 from /home/diogo/openmc_data/endfb-vii.1-hdf5/neutron/Sm151.h5
 Reading Sm152 from /home/diogo/openmc_data/endfb-vii.1-hdf5/neutron/Sm152.h5
 Reading Sm153 from /home/diogo/openmc_data/endfb-vii.1-hdf5/neutron/Sm153.h5
 Reading Sm154 from /home/diogo/openmc_data/endfb-vii.1-hdf5/neutron/Sm154.h5
 Reading Eu151 from /home/diogo/openmc_data/endfb-vii.1-hdf5/neutron/Eu151.h5
 Reading Eu152 from /home/diogo/openmc_data/endfb-vii.1-hdf5/neutron/Eu152.h5
 Reading Eu153 from /home/diogo/openmc_data/endfb-vii.1-hdf5/neutron/Eu153.h5
 Reading Eu154 from /home/diogo/openmc_data/endfb-vii.1-hdf5/neutron/Eu154.h5
 Reading Eu155 from /home/diogo/openmc_data/endfb-vii.1-hdf5/neutron/Eu155.h5
 Reading Eu156 from /home/diogo/openmc_data/endfb-vii.1-hdf5/neutron/Eu156.h5
 WARNING: Negative value(s) found on probability table for nuclide Eu156 at 250K
 WARNING: Negative value(s) found on probability table for nuclide Eu156 at 294K
 WARNING: Negative value(s) found on probability table for nuclide Eu156 at 600K
 WARNING: Negative value(s) found on probability table for nuclide Eu156 at 900K
 WARNING: Negative value(s) found on probability table for nuclide Eu156 at
          1200K
 WARNING: Negative value(s) found on probability table for nuclide Eu156 at
          2500K
 Reading Eu157 from /home/diogo/openmc_data/endfb-vii.1-hdf5/neutron/Eu157.h5
 Reading Gd153 from /home/diogo/openmc_data/endfb-vii.1-hdf5/neutron/Gd153.h5
 Reading Tb159 from /home/diogo/openmc_data/endfb-vii.1-hdf5/neutron/Tb159.h5
 Reading Tb160 from /home/diogo/openmc_data/endfb-vii.1-hdf5/neutron/Tb160.h5
 Reading Dy156 from /home/diogo/openmc_data/endfb-vii.1-hdf5/neutron/Dy156.h5
 Reading Dy158 from /home/diogo/openmc_data/endfb-vii.1-hdf5/neutron/Dy158.h5
 Reading Dy160 from /home/diogo/openmc_data/endfb-vii.1-hdf5/neutron/Dy160.h5
 Reading Dy161 from /home/diogo/openmc_data/endfb-vii.1-hdf5/neutron/Dy161.h5
 Reading Dy162 from /home/diogo/openmc_data/endfb-vii.1-hdf5/neutron/Dy162.h5
 Reading Dy163 from /home/diogo/openmc_data/endfb-vii.1-hdf5/neutron/Dy163.h5
 Reading Dy164 from /home/diogo/openmc_data/endfb-vii.1-hdf5/neutron/Dy164.h5
 Reading Ho165 from /home/diogo/openmc_data/endfb-vii.1-hdf5/neutron/Ho165.h5
 Reading Ho166_m1 from
 /home/diogo/openmc_data/endfb-vii.1-hdf5/neutron/Ho166_m1.h5
 Reading Er162 from /home/diogo/openmc_data/endfb-vii.1-hdf5/neutron/Er162.h5
 Reading Er164 from /home/diogo/openmc_data/endfb-vii.1-hdf5/neutron/Er164.h5
 Reading Er166 from /home/diogo/openmc_data/endfb-vii.1-hdf5/neutron/Er166.h5
 Reading Er167 from /home/diogo/openmc_data/endfb-vii.1-hdf5/neutron/Er167.h5
 Reading Er168 from /home/diogo/openmc_data/endfb-vii.1-hdf5/neutron/Er168.h5
 Reading Er170 from /home/diogo/openmc_data/endfb-vii.1-hdf5/neutron/Er170.h5
 Reading Tm168 from /home/diogo/openmc_data/endfb-vii.1-hdf5/neutron/Tm168.h5
 Reading Tm169 from /home/diogo/openmc_data/endfb-vii.1-hdf5/neutron/Tm169.h5
 Reading Tm170 from /home/diogo/openmc_data/endfb-vii.1-hdf5/neutron/Tm170.h5
 Reading Lu175 from /home/diogo/openmc_data/endfb-vii.1-hdf5/neutron/Lu175.h5
 Reading Lu176 from /home/diogo/openmc_data/endfb-vii.1-hdf5/neutron/Lu176.h5
 Reading Hf174 from /home/diogo/openmc_data/endfb-vii.1-hdf5/neutron/Hf174.h5
 Reading Hf176 from /home/diogo/openmc_data/endfb-vii.1-hdf5/neutron/Hf176.h5
 Reading Hf177 from /home/diogo/openmc_data/endfb-vii.1-hdf5/neutron/Hf177.h5
 Reading Hf178 from /home/diogo/openmc_data/endfb-vii.1-hdf5/neutron/Hf178.h5
 Reading Hf179 from /home/diogo/openmc_data/endfb-vii.1-hdf5/neutron/Hf179.h5
 Reading Hf180 from /home/diogo/openmc_data/endfb-vii.1-hdf5/neutron/Hf180.h5
 Reading Ta180 from /home/diogo/openmc_data/endfb-vii.1-hdf5/neutron/Ta180.h5
 Reading Ta181 from /home/diogo/openmc_data/endfb-vii.1-hdf5/neutron/Ta181.h5
 Reading Ta182 from /home/diogo/openmc_data/endfb-vii.1-hdf5/neutron/Ta182.h5
 Reading W180 from /home/diogo/openmc_data/endfb-vii.1-hdf5/neutron/W180.h5
 Reading W182 from /home/diogo/openmc_data/endfb-vii.1-hdf5/neutron/W182.h5
 Reading W183 from /home/diogo/openmc_data/endfb-vii.1-hdf5/neutron/W183.h5
 Reading W184 from /home/diogo/openmc_data/endfb-vii.1-hdf5/neutron/W184.h5
 Reading W186 from /home/diogo/openmc_data/endfb-vii.1-hdf5/neutron/W186.h5
 Reading Re185 from /home/diogo/openmc_data/endfb-vii.1-hdf5/neutron/Re185.h5
 Reading Re187 from /home/diogo/openmc_data/endfb-vii.1-hdf5/neutron/Re187.h5
 Reading Ir191 from /home/diogo/openmc_data/endfb-vii.1-hdf5/neutron/Ir191.h5
 Reading Ir193 from /home/diogo/openmc_data/endfb-vii.1-hdf5/neutron/Ir193.h5
 Reading Au197 from /home/diogo/openmc_data/endfb-vii.1-hdf5/neutron/Au197.h5
 Reading Hg196 from /home/diogo/openmc_data/endfb-vii.1-hdf5/neutron/Hg196.h5
 Reading Hg198 from /home/diogo/openmc_data/endfb-vii.1-hdf5/neutron/Hg198.h5
 Reading Hg199 from /home/diogo/openmc_data/endfb-vii.1-hdf5/neutron/Hg199.h5
 Reading Hg200 from /home/diogo/openmc_data/endfb-vii.1-hdf5/neutron/Hg200.h5
 Reading Hg201 from /home/diogo/openmc_data/endfb-vii.1-hdf5/neutron/Hg201.h5
 Reading Hg202 from /home/diogo/openmc_data/endfb-vii.1-hdf5/neutron/Hg202.h5
 Reading Hg204 from /home/diogo/openmc_data/endfb-vii.1-hdf5/neutron/Hg204.h5
 Reading Tl203 from /home/diogo/openmc_data/endfb-vii.1-hdf5/neutron/Tl203.h5
 Reading Tl205 from /home/diogo/openmc_data/endfb-vii.1-hdf5/neutron/Tl205.h5
 Reading Pb204 from /home/diogo/openmc_data/endfb-vii.1-hdf5/neutron/Pb204.h5
 Reading Pb206 from /home/diogo/openmc_data/endfb-vii.1-hdf5/neutron/Pb206.h5
 Reading Pb207 from /home/diogo/openmc_data/endfb-vii.1-hdf5/neutron/Pb207.h5
 Reading Pb208 from /home/diogo/openmc_data/endfb-vii.1-hdf5/neutron/Pb208.h5
 Reading Bi209 from /home/diogo/openmc_data/endfb-vii.1-hdf5/neutron/Bi209.h5
 Reading Ra223 from /home/diogo/openmc_data/endfb-vii.1-hdf5/neutron/Ra223.h5
 Reading Ra224 from /home/diogo/openmc_data/endfb-vii.1-hdf5/neutron/Ra224.h5
 Reading Ra225 from /home/diogo/openmc_data/endfb-vii.1-hdf5/neutron/Ra225.h5
 Reading Ra226 from /home/diogo/openmc_data/endfb-vii.1-hdf5/neutron/Ra226.h5
 Reading Ac225 from /home/diogo/openmc_data/endfb-vii.1-hdf5/neutron/Ac225.h5
 Reading Ac226 from /home/diogo/openmc_data/endfb-vii.1-hdf5/neutron/Ac226.h5
 Reading Ac227 from /home/diogo/openmc_data/endfb-vii.1-hdf5/neutron/Ac227.h5
 Reading Th227 from /home/diogo/openmc_data/endfb-vii.1-hdf5/neutron/Th227.h5
 Reading Th228 from /home/diogo/openmc_data/endfb-vii.1-hdf5/neutron/Th228.h5
 Reading Th229 from /home/diogo/openmc_data/endfb-vii.1-hdf5/neutron/Th229.h5
 Reading Th230 from /home/diogo/openmc_data/endfb-vii.1-hdf5/neutron/Th230.h5
 Reading Th231 from /home/diogo/openmc_data/endfb-vii.1-hdf5/neutron/Th231.h5
 Reading Th232 from /home/diogo/openmc_data/endfb-vii.1-hdf5/neutron/Th232.h5
 Reading Th233 from /home/diogo/openmc_data/endfb-vii.1-hdf5/neutron/Th233.h5
 Reading Th234 from /home/diogo/openmc_data/endfb-vii.1-hdf5/neutron/Th234.h5
 Reading Pa229 from /home/diogo/openmc_data/endfb-vii.1-hdf5/neutron/Pa229.h5
 Reading Pa230 from /home/diogo/openmc_data/endfb-vii.1-hdf5/neutron/Pa230.h5
 Reading Pa231 from /home/diogo/openmc_data/endfb-vii.1-hdf5/neutron/Pa231.h5
 Reading Pa232 from /home/diogo/openmc_data/endfb-vii.1-hdf5/neutron/Pa232.h5
 Reading Pa233 from /home/diogo/openmc_data/endfb-vii.1-hdf5/neutron/Pa233.h5
 Reading U230 from /home/diogo/openmc_data/endfb-vii.1-hdf5/neutron/U230.h5
 Reading U231 from /home/diogo/openmc_data/endfb-vii.1-hdf5/neutron/U231.h5
 Reading U232 from /home/diogo/openmc_data/endfb-vii.1-hdf5/neutron/U232.h5
 Reading U233 from /home/diogo/openmc_data/endfb-vii.1-hdf5/neutron/U233.h5
 Reading U236 from /home/diogo/openmc_data/endfb-vii.1-hdf5/neutron/U236.h5
 Reading U237 from /home/diogo/openmc_data/endfb-vii.1-hdf5/neutron/U237.h5
 Reading U239 from /home/diogo/openmc_data/endfb-vii.1-hdf5/neutron/U239.h5
 Reading U240 from /home/diogo/openmc_data/endfb-vii.1-hdf5/neutron/U240.h5
 Reading U241 from /home/diogo/openmc_data/endfb-vii.1-hdf5/neutron/U241.h5
 Reading Np234 from /home/diogo/openmc_data/endfb-vii.1-hdf5/neutron/Np234.h5
 Reading Np235 from /home/diogo/openmc_data/endfb-vii.1-hdf5/neutron/Np235.h5
 Reading Np236 from /home/diogo/openmc_data/endfb-vii.1-hdf5/neutron/Np236.h5
 Reading Np237 from /home/diogo/openmc_data/endfb-vii.1-hdf5/neutron/Np237.h5
 Reading Np238 from /home/diogo/openmc_data/endfb-vii.1-hdf5/neutron/Np238.h5
 Reading Np239 from /home/diogo/openmc_data/endfb-vii.1-hdf5/neutron/Np239.h5
 Reading Pu236 from /home/diogo/openmc_data/endfb-vii.1-hdf5/neutron/Pu236.h5
 Reading Pu237 from /home/diogo/openmc_data/endfb-vii.1-hdf5/neutron/Pu237.h5
 Reading Pu238 from /home/diogo/openmc_data/endfb-vii.1-hdf5/neutron/Pu238.h5
 Reading Pu239 from /home/diogo/openmc_data/endfb-vii.1-hdf5/neutron/Pu239.h5
 Reading Pu240 from /home/diogo/openmc_data/endfb-vii.1-hdf5/neutron/Pu240.h5
 Reading Pu241 from /home/diogo/openmc_data/endfb-vii.1-hdf5/neutron/Pu241.h5
 Reading Pu242 from /home/diogo/openmc_data/endfb-vii.1-hdf5/neutron/Pu242.h5
 Reading Pu243 from /home/diogo/openmc_data/endfb-vii.1-hdf5/neutron/Pu243.h5
 Reading Pu244 from /home/diogo/openmc_data/endfb-vii.1-hdf5/neutron/Pu244.h5
 Reading Pu246 from /home/diogo/openmc_data/endfb-vii.1-hdf5/neutron/Pu246.h5
 Reading Am240 from /home/diogo/openmc_data/endfb-vii.1-hdf5/neutron/Am240.h5
 Reading Am241 from /home/diogo/openmc_data/endfb-vii.1-hdf5/neutron/Am241.h5
 Reading Am242 from /home/diogo/openmc_data/endfb-vii.1-hdf5/neutron/Am242.h5
 Reading Am242_m1 from
 /home/diogo/openmc_data/endfb-vii.1-hdf5/neutron/Am242_m1.h5
 Reading Am243 from /home/diogo/openmc_data/endfb-vii.1-hdf5/neutron/Am243.h5
 Reading Am244 from /home/diogo/openmc_data/endfb-vii.1-hdf5/neutron/Am244.h5
 Reading Am244_m1 from
 /home/diogo/openmc_data/endfb-vii.1-hdf5/neutron/Am244_m1.h5
 Reading Cm240 from /home/diogo/openmc_data/endfb-vii.1-hdf5/neutron/Cm240.h5
 Reading Cm241 from /home/diogo/openmc_data/endfb-vii.1-hdf5/neutron/Cm241.h5
 Reading Cm242 from /home/diogo/openmc_data/endfb-vii.1-hdf5/neutron/Cm242.h5
 Reading Cm243 from /home/diogo/openmc_data/endfb-vii.1-hdf5/neutron/Cm243.h5
 Reading Cm244 from /home/diogo/openmc_data/endfb-vii.1-hdf5/neutron/Cm244.h5
 Reading Cm245 from /home/diogo/openmc_data/endfb-vii.1-hdf5/neutron/Cm245.h5
 Reading Cm246 from /home/diogo/openmc_data/endfb-vii.1-hdf5/neutron/Cm246.h5
 Reading Cm247 from /home/diogo/openmc_data/endfb-vii.1-hdf5/neutron/Cm247.h5
 Reading Cm248 from /home/diogo/openmc_data/endfb-vii.1-hdf5/neutron/Cm248.h5
 Reading Cm249 from /home/diogo/openmc_data/endfb-vii.1-hdf5/neutron/Cm249.h5
 Reading Cm250 from /home/diogo/openmc_data/endfb-vii.1-hdf5/neutron/Cm250.h5
 Reading Bk245 from /home/diogo/openmc_data/endfb-vii.1-hdf5/neutron/Bk245.h5
 Reading Bk246 from /home/diogo/openmc_data/endfb-vii.1-hdf5/neutron/Bk246.h5
 Reading Bk247 from /home/diogo/openmc_data/endfb-vii.1-hdf5/neutron/Bk247.h5
 Reading Bk248 from /home/diogo/openmc_data/endfb-vii.1-hdf5/neutron/Bk248.h5
 Reading Bk249 from /home/diogo/openmc_data/endfb-vii.1-hdf5/neutron/Bk249.h5
 Reading Bk250 from /home/diogo/openmc_data/endfb-vii.1-hdf5/neutron/Bk250.h5
 Reading Cf246 from /home/diogo/openmc_data/endfb-vii.1-hdf5/neutron/Cf246.h5
 Reading Cf248 from /home/diogo/openmc_data/endfb-vii.1-hdf5/neutron/Cf248.h5
 Reading Cf249 from /home/diogo/openmc_data/endfb-vii.1-hdf5/neutron/Cf249.h5
 Reading Cf250 from /home/diogo/openmc_data/endfb-vii.1-hdf5/neutron/Cf250.h5
 WARNING: Negative value(s) found on probability table for nuclide Cf250 at 250K
 WARNING: Negative value(s) found on probability table for nuclide Cf250 at 294K
 WARNING: Negative value(s) found on probability table for nuclide Cf250 at 900K
 WARNING: Negative value(s) found on probability table for nuclide Cf250 at
          1200K
 Reading Cf251 from /home/diogo/openmc_data/endfb-vii.1-hdf5/neutron/Cf251.h5
 Reading Cf252 from /home/diogo/openmc_data/endfb-vii.1-hdf5/neutron/Cf252.h5
 Reading Cf253 from /home/diogo/openmc_data/endfb-vii.1-hdf5/neutron/Cf253.h5
 Reading Cf254 from /home/diogo/openmc_data/endfb-vii.1-hdf5/neutron/Cf254.h5
 Reading Es251 from /home/diogo/openmc_data/endfb-vii.1-hdf5/neutron/Es251.h5
 Reading Es252 from /home/diogo/openmc_data/endfb-vii.1-hdf5/neutron/Es252.h5
 Reading Es253 from /home/diogo/openmc_data/endfb-vii.1-hdf5/neutron/Es253.h5
 Reading Es254 from /home/diogo/openmc_data/endfb-vii.1-hdf5/neutron/Es254.h5
 Reading Es254_m1 from
 /home/diogo/openmc_data/endfb-vii.1-hdf5/neutron/Es254_m1.h5
 Reading Es255 from /home/diogo/openmc_data/endfb-vii.1-hdf5/neutron/Es255.h5
 Reading Fm255 from /home/diogo/openmc_data/endfb-vii.1-hdf5/neutron/Fm255.h5
 Maximum neutron transport energy: 20000000 eV for H1
 Initializing source particles...

 ====================>     K EIGENVALUE SIMULATION     <====================

  Bat./Gen.      k       Entropy         Average k 
  =========   ========   ========   ====================
        1/1    0.93398    5.54245
        2/1    0.95118    5.51424
        3/1    0.97246    5.48864
        4/1    0.97743    5.47771
        5/1    0.98982    5.47079
        6/1    0.99275    5.46217
        7/1    0.97901    5.46269
        8/1    0.99505    5.46659
        9/1    1.00988    5.44845
       10/1    0.98241    5.44455
       11/1    0.99790    5.43129
       12/1    1.01386    5.45033
       13/1    0.98559    5.45901
       14/1    0.99233    5.44929
       15/1    1.00607    5.44823
       16/1    0.99403    5.45327
       17/1    0.99611    5.46145
       18/1    0.98715    5.45926
       19/1    0.99817    5.45443
       20/1    0.99030    5.44381
       21/1    0.98141    5.44733
       22/1    0.98300    5.45703
       23/1    0.97971    5.44658
       24/1    1.02163    5.44686
       25/1    0.98166    5.44183
       26/1    1.00032    5.45087
       27/1    0.99664    5.46078
       28/1    1.01218    5.45759
       29/1    1.00516    5.46012
       30/1    1.00656    5.45493
       31/1    0.99613    5.45302
       32/1    0.98903    5.43975
       33/1    1.00380    5.44474
       34/1    1.00166    5.45152
       35/1    0.99981    5.43871
       36/1    0.98886    5.45347
       37/1    0.98912    5.43094
       38/1    0.99329    5.45075
       39/1    0.98160    5.44065
       40/1    1.00610    5.44359
       41/1    0.99217    5.45801
       42/1    0.99701    5.44849
       43/1    0.99200    5.44196
       44/1    0.99173    5.44959
       45/1    1.01374    5.45475
       46/1    0.99589    5.44972
       47/1    1.00153    5.45705
       48/1    0.99464    5.44492
       49/1    1.01553    5.45925
       50/1    0.99304    5.44289
       51/1    0.99851    5.44390
       52/1    1.00527    5.45241
       53/1    0.98701    5.44662
       54/1    1.00713    5.44643
       55/1    0.99171    5.45439
       56/1    0.99873    5.45345
       57/1    1.00305    5.44503
       58/1    1.00618    5.44902
       59/1    0.99845    5.46021
       60/1    1.00042    5.46303
       61/1    0.99813    5.46686
       62/1    0.98611    5.47231    0.99212 +/- 0.00601
       63/1    0.99685    5.46851    0.99370 +/- 0.00381
       64/1    1.00175    5.47047    0.99571 +/- 0.00336
       65/1    1.00164    5.46721    0.99690 +/- 0.00286
       66/1    1.00902    5.46461    0.99892 +/- 0.00309
       67/1    0.97683    5.45727    0.99576 +/- 0.00410
       68/1    0.98658    5.45682    0.99461 +/- 0.00373
       69/1    1.00281    5.45635    0.99552 +/- 0.00341
       70/1    1.00030    5.45166    0.99600 +/- 0.00309
       71/1    1.01046    5.44120    0.99732 +/- 0.00309
       72/1    0.99869    5.45838    0.99743 +/- 0.00282
       73/1    0.99434    5.44280    0.99719 +/- 0.00261
       74/1    1.01045    5.44788    0.99814 +/- 0.00259
       75/1    0.99906    5.43313    0.99820 +/- 0.00241
       76/1    0.98654    5.44836    0.99747 +/- 0.00237
       77/1    1.00822    5.43843    0.99810 +/- 0.00232
       78/1    1.00548    5.43267    0.99851 +/- 0.00222
       79/1    0.98404    5.45474    0.99775 +/- 0.00224
       80/1    1.01482    5.44389    0.99861 +/- 0.00229
       81/1    0.98162    5.45041    0.99780 +/- 0.00232
       82/1    1.00626    5.45279    0.99818 +/- 0.00225
       83/1    1.01198    5.45706    0.99878 +/- 0.00223
       84/1    1.00135    5.44151    0.99889 +/- 0.00214
       85/1    0.99935    5.44676    0.99891 +/- 0.00205
       86/1    1.00075    5.44982    0.99898 +/- 0.00197
       87/1    1.00055    5.45574    0.99904 +/- 0.00190
       88/1    0.99207    5.44329    0.99879 +/- 0.00184
       89/1    0.99402    5.44141    0.99862 +/- 0.00179
       90/1    0.99764    5.44754    0.99859 +/- 0.00173
       91/1    1.00462    5.44485    0.99878 +/- 0.00168
       92/1    0.97463    5.43477    0.99803 +/- 0.00179
       93/1    0.98812    5.43293    0.99773 +/- 0.00176
       94/1    1.01322    5.44289    0.99819 +/- 0.00177
       95/1    0.99857    5.44458    0.99820 +/- 0.00172
       96/1    1.00004    5.45298    0.99825 +/- 0.00167
       97/1    0.99358    5.44714    0.99812 +/- 0.00163
       98/1    1.00144    5.43911    0.99821 +/- 0.00159
       99/1    0.99332    5.44212    0.99808 +/- 0.00155
      100/1    1.00581    5.44602    0.99828 +/- 0.00153
      101/1    1.01110    5.43770    0.99859 +/- 0.00152
      102/1    1.00236    5.43884    0.99868 +/- 0.00149
      103/1    1.00436    5.43547    0.99881 +/- 0.00146
      104/1    1.00094    5.43567    0.99886 +/- 0.00143
      105/1    1.00495    5.45139    0.99900 +/- 0.00140
      106/1    0.98945    5.44111    0.99879 +/- 0.00139
      107/1    0.99762    5.45714    0.99876 +/- 0.00136
      108/1    0.99494    5.44279    0.99868 +/- 0.00133
      109/1    0.98950    5.44219    0.99850 +/- 0.00132
      110/1    1.00750    5.45771    0.99868 +/- 0.00130
      111/1    1.01379    5.45509    0.99897 +/- 0.00131
      112/1    0.99006    5.44854    0.99880 +/- 0.00130
      113/1    1.00483    5.44584    0.99891 +/- 0.00128
      114/1    0.98082    5.44561    0.99858 +/- 0.00130
      115/1    1.00553    5.44340    0.99871 +/- 0.00128
      116/1    1.01010    5.44094    0.99891 +/- 0.00127
      117/1    1.00216    5.43741    0.99897 +/- 0.00125
      118/1    1.00195    5.45125    0.99902 +/- 0.00123
      119/1    1.00406    5.45037    0.99910 +/- 0.00121
      120/1    0.97911    5.44324    0.99877 +/- 0.00124
      121/1    0.99758    5.45013    0.99875 +/- 0.00122
      122/1    1.00254    5.45425    0.99881 +/- 0.00120
      123/1    1.01100    5.45396    0.99901 +/- 0.00120
      124/1    0.97936    5.45346    0.99870 +/- 0.00122
      125/1    1.02024    5.44577    0.99903 +/- 0.00124
      126/1    1.00027    5.44992    0.99905 +/- 0.00122
      127/1    1.00228    5.47048    0.99910 +/- 0.00121
      128/1    0.99359    5.45222    0.99902 +/- 0.00119
      129/1    0.99137    5.46483    0.99890 +/- 0.00118
      130/1    0.97869    5.44261    0.99862 +/- 0.00120
      131/1    0.97983    5.44895    0.99835 +/- 0.00121
      132/1    1.00175    5.45245    0.99840 +/- 0.00119
      133/1    0.97900    5.45068    0.99813 +/- 0.00121
      134/1    0.98613    5.44348    0.99797 +/- 0.00120
      135/1    0.98951    5.45688    0.99786 +/- 0.00119
      136/1    0.98678    5.45815    0.99771 +/- 0.00118
      137/1    0.99917    5.45767    0.99773 +/- 0.00117
      138/1    0.99838    5.45078    0.99774 +/- 0.00115
      139/1    0.99200    5.45070    0.99767 +/- 0.00114
      140/1    1.00666    5.43528    0.99778 +/- 0.00113
      141/1    1.00470    5.44490    0.99786 +/- 0.00112
      142/1    0.99373    5.43657    0.99781 +/- 0.00111
      143/1    0.99119    5.44215    0.99773 +/- 0.00110
      144/1    1.01897    5.44030    0.99799 +/- 0.00111
      145/1    0.99752    5.44310    0.99798 +/- 0.00110
      146/1    1.01407    5.44201    0.99817 +/- 0.00110
      147/1    0.99669    5.44517    0.99815 +/- 0.00109
      148/1    0.99505    5.44640    0.99812 +/- 0.00108
      149/1    0.99751    5.43205    0.99811 +/- 0.00107
      150/1    0.99462    5.45073    0.99807 +/- 0.00106
      151/1    0.99918    5.46408    0.99808 +/- 0.00104
      152/1    0.99627    5.45417    0.99806 +/- 0.00103
      153/1    1.00310    5.45614    0.99812 +/- 0.00102
      154/1    0.98792    5.45336    0.99801 +/- 0.00102
      155/1    0.99412    5.45582    0.99797 +/- 0.00101
      156/1    1.00143    5.44560    0.99800 +/- 0.00100
      157/1    1.00808    5.44606    0.99811 +/- 0.00099
      158/1    0.97590    5.43591    0.99788 +/- 0.00101
      159/1    1.00312    5.44272    0.99793 +/- 0.00100
      160/1    0.99731    5.44410    0.99793 +/- 0.00099
 Creating state point statepoint.160.h5...

 =======================>     TIMING STATISTICS     <=======================

 Total time for initialization     = 1.7206e+01 seconds
   Reading cross sections          = 7.7065e+00 seconds
 Total time in simulation          = 3.1871e+02 seconds
   Time in transport only          = 3.1742e+02 seconds
   Time in inactive batches        = 9.5074e+00 seconds
   Time in active batches          = 3.0920e+02 seconds
   Time synchronizing fission bank = 2.8936e-01 seconds
     Sampling source sites         = 2.5085e-01 seconds
     SEND/RECV source sites        = 3.7838e-02 seconds
   Time accumulating tallies       = 7.3121e-01 seconds
   Time writing statepoints        = 2.1034e-02 seconds
 Total time for finalization       = 1.7628e-02 seconds
 Total time elapsed                = 3.3640e+02 seconds
 Calculation Rate (inactive)       = 126218 particles/second
 Calculation Rate (active)         = 6468.24 particles/second

 ============================>     RESULTS     <============================

 k-effective (Collision)     = 0.99787 +/- 0.00084
 k-effective (Track-length)  = 0.99793 +/- 0.00099
 k-effective (Absorption)    = 0.99811 +/- 0.00064
 Combined k-effective        = 0.99804 +/- 0.00060
 Leakage Fraction            = 0.00688 +/- 0.00006

 Creating state point openmc_simulation_n0.h5...
[openmc.deplete] t=4327203.051553669 s, dt=8654406.103107339 s, source=47715391.07417821
 Maximum neutron transport energy: 20000000 eV for H1
 Initializing source particles...

 ====================>     K EIGENVALUE SIMULATION     <====================

  Bat./Gen.      k       Entropy         Average k 
  =========   ========   ========   ====================
        1/1    0.92342    5.54921
        2/1    0.95519    5.53259
        3/1    0.96361    5.50370
        4/1    0.96259    5.48730
        5/1    0.95577    5.47565
        6/1    0.97745    5.46883
        7/1    0.97107    5.46877
        8/1    0.98332    5.45743
        9/1    0.97601    5.44753
       10/1    0.96587    5.45747
       11/1    0.96477    5.44817
       12/1    0.99027    5.45550
       13/1    0.99561    5.44529
       14/1    0.97869    5.45059
       15/1    0.97096    5.44603
       16/1    0.97491    5.44054
       17/1    0.97959    5.44029
       18/1    0.98751    5.44055
       19/1    0.99398    5.45781
       20/1    0.97851    5.45487
       21/1    0.97959    5.46414
       22/1    0.99403    5.46047
       23/1    0.98219    5.44892
       24/1    0.97415    5.45665
       25/1    0.97086    5.45884
       26/1    0.98435    5.45981
       27/1    0.97416    5.45388
       28/1    0.97258    5.45491
       29/1    0.98451    5.45795
       30/1    0.98593    5.45467
       31/1    0.97862    5.44010
       32/1    0.98411    5.45374
       33/1    0.98085    5.46507
       34/1    0.97396    5.46333
       35/1    0.98802    5.45315
       36/1    0.98300    5.45725
       37/1    0.97772    5.45805
       38/1    0.97995    5.45697
       39/1    0.97873    5.46626
       40/1    0.98665    5.46215
       41/1    0.98181    5.45819
       42/1    0.97915    5.45434
       43/1    0.98425    5.45533
       44/1    0.98291    5.46195
       45/1    0.97412    5.46733
       46/1    0.98812    5.46387
       47/1    0.98030    5.45340
       48/1    0.99505    5.46619
       49/1    0.98120    5.47341
       50/1    0.97962    5.46498
       51/1    0.97517    5.44851
       52/1    0.97674    5.45658
       53/1    0.98362    5.44510
       54/1    0.99320    5.45277
       55/1    0.98095    5.46062
       56/1    0.97434    5.44775
       57/1    0.98315    5.44548
       58/1    0.97054    5.45438
       59/1    0.97949    5.45276
       60/1    0.98541    5.44639
       61/1    0.97781    5.44105
       62/1    0.97344    5.45930    0.97563 +/- 0.00219
       63/1    0.97840    5.44301    0.97655 +/- 0.00157
       64/1    1.00655    5.45560    0.98405 +/- 0.00758
       65/1    0.96454    5.43935    0.98015 +/- 0.00705
       66/1    0.99501    5.44837    0.98262 +/- 0.00627
       67/1    0.96975    5.44920    0.98079 +/- 0.00561
       68/1    0.97402    5.44589    0.97994 +/- 0.00493
       69/1    0.98277    5.45315    0.98025 +/- 0.00436
       70/1    0.98514    5.45345    0.98074 +/- 0.00393
       71/1    0.98099    5.46353    0.98077 +/- 0.00355
       72/1    0.98168    5.45742    0.98084 +/- 0.00325
       73/1    0.99277    5.43702    0.98176 +/- 0.00312
       74/1    0.98818    5.44449    0.98222 +/- 0.00293
       75/1    0.96307    5.44027    0.98094 +/- 0.00301
       76/1    0.96634    5.45393    0.98003 +/- 0.00296
       77/1    0.97063    5.44640    0.97948 +/- 0.00283
       78/1    0.98652    5.44052    0.97987 +/- 0.00270
       79/1    0.97866    5.44695    0.97980 +/- 0.00256
       80/1    0.97139    5.46600    0.97938 +/- 0.00246
       81/1    0.97489    5.47414    0.97917 +/- 0.00235
       82/1    0.98239    5.46440    0.97932 +/- 0.00225
       83/1    0.95807    5.45614    0.97839 +/- 0.00234
       84/1    0.97956    5.45544    0.97844 +/- 0.00224
       85/1    0.96343    5.46693    0.97784 +/- 0.00223
       86/1    0.97861    5.45303    0.97787 +/- 0.00214
       87/1    0.97518    5.45638    0.97777 +/- 0.00206
       88/1    0.98233    5.45609    0.97793 +/- 0.00199
       89/1    0.97957    5.46066    0.97799 +/- 0.00193
       90/1    0.98125    5.46152    0.97810 +/- 0.00186
       91/1    0.98370    5.47231    0.97828 +/- 0.00181
       92/1    1.00097    5.46250    0.97899 +/- 0.00189
       93/1    0.96668    5.46477    0.97862 +/- 0.00187
       94/1    0.98995    5.45012    0.97895 +/- 0.00185
       95/1    0.97793    5.46053    0.97892 +/- 0.00179
       96/1    0.99676    5.46033    0.97941 +/- 0.00181
       97/1    0.98041    5.46093    0.97944 +/- 0.00176
       98/1    0.97858    5.48464    0.97942 +/- 0.00171
       99/1    0.97615    5.47072    0.97934 +/- 0.00167
      100/1    0.98020    5.46393    0.97936 +/- 0.00163
      101/1    0.96928    5.44629    0.97911 +/- 0.00161
      102/1    0.98280    5.45535    0.97920 +/- 0.00157
      103/1    0.99325    5.44409    0.97953 +/- 0.00157
      104/1    0.97480    5.44284    0.97942 +/- 0.00154
      105/1    0.97946    5.45342    0.97942 +/- 0.00150
      106/1    0.97250    5.45372    0.97927 +/- 0.00148
      107/1    0.98265    5.45612    0.97934 +/- 0.00145
      108/1    0.98360    5.45586    0.97943 +/- 0.00142
      109/1    0.98043    5.44455    0.97945 +/- 0.00139
      110/1    0.97838    5.44338    0.97943 +/- 0.00136
      111/1    0.98456    5.46028    0.97953 +/- 0.00134
      112/1    0.97718    5.45865    0.97948 +/- 0.00131
      113/1    0.98814    5.46215    0.97965 +/- 0.00130
      114/1    0.98038    5.46819    0.97966 +/- 0.00128
      115/1    0.97800    5.46697    0.97963 +/- 0.00125
      116/1    0.97122    5.45750    0.97948 +/- 0.00124
      117/1    0.96726    5.45195    0.97927 +/- 0.00124
      118/1    0.98325    5.46863    0.97933 +/- 0.00122
      119/1    0.97770    5.46412    0.97931 +/- 0.00120
      120/1    0.97809    5.45320    0.97929 +/- 0.00118
      121/1    0.98562    5.45776    0.97939 +/- 0.00116
      122/1    0.97156    5.46445    0.97926 +/- 0.00115
      123/1    0.97913    5.45908    0.97926 +/- 0.00113
      124/1    0.96909    5.45799    0.97910 +/- 0.00112
      125/1    0.97028    5.44705    0.97897 +/- 0.00111
      126/1    1.00274    5.44798    0.97933 +/- 0.00116
      127/1    0.99714    5.45345    0.97959 +/- 0.00117
      128/1    0.97900    5.44666    0.97958 +/- 0.00115
      129/1    0.97477    5.46120    0.97952 +/- 0.00114
      130/1    0.97111    5.45359    0.97940 +/- 0.00113
      131/1    0.97640    5.46129    0.97935 +/- 0.00111
      132/1    0.98041    5.45661    0.97937 +/- 0.00110
      133/1    0.96624    5.46569    0.97919 +/- 0.00110
      134/1    0.98543    5.47177    0.97927 +/- 0.00108
      135/1    0.97160    5.45750    0.97917 +/- 0.00107
      136/1    0.98678    5.45268    0.97927 +/- 0.00107
      137/1    0.98128    5.45965    0.97930 +/- 0.00105
      138/1    0.99165    5.46258    0.97945 +/- 0.00105
      139/1    0.99313    5.46786    0.97963 +/- 0.00105
      140/1    0.97050    5.46405    0.97951 +/- 0.00104
      141/1    0.98264    5.46207    0.97955 +/- 0.00103
      142/1    0.97216    5.47167    0.97946 +/- 0.00102
      143/1    0.96377    5.47073    0.97927 +/- 0.00103
      144/1    0.97515    5.47895    0.97922 +/- 0.00102
      145/1    0.98730    5.46513    0.97932 +/- 0.00101
      146/1    0.97784    5.46315    0.97930 +/- 0.00100
      147/1    0.97973    5.46925    0.97931 +/- 0.00099
      148/1    0.97751    5.45856    0.97929 +/- 0.00098
      149/1    0.97441    5.45979    0.97923 +/- 0.00097
      150/1    0.98044    5.44836    0.97925 +/- 0.00096
      151/1    0.99475    5.44171    0.97942 +/- 0.00096
      152/1    0.98359    5.45411    0.97946 +/- 0.00095
      153/1    0.96363    5.45892    0.97929 +/- 0.00096
      154/1    0.98473    5.45973    0.97935 +/- 0.00095
      155/1    0.98091    5.45342    0.97936 +/- 0.00094
      156/1    0.97337    5.45851    0.97930 +/- 0.00093
      157/1    0.98249    5.45990    0.97934 +/- 0.00092
      158/1    0.97390    5.44430    0.97928 +/- 0.00091
      159/1    0.97075    5.46089    0.97919 +/- 0.00091
      160/1    0.98425    5.45856    0.97924 +/- 0.00090
 Creating state point statepoint.160.h5...

 =======================>     TIMING STATISTICS     <=======================

 Total time for initialization     = 0.0000e+00 seconds
   Reading cross sections          = 0.0000e+00 seconds
 Total time in simulation          = 4.2533e+02 seconds
   Time in transport only          = 4.2405e+02 seconds
   Time in inactive batches        = 9.9640e+01 seconds
   Time in active batches          = 3.2569e+02 seconds
   Time synchronizing fission bank = 2.8577e-01 seconds
     Sampling source sites         = 2.5069e-01 seconds
     SEND/RECV source sites        = 3.4355e-02 seconds
   Time accumulating tallies       = 7.3506e-01 seconds
   Time writing statepoints        = 1.3570e-02 seconds
 Total time for finalization       = 1.1956e-02 seconds
 Total time elapsed                = 4.2580e+02 seconds
 Calculation Rate (inactive)       = 12043.4 particles/second
 Calculation Rate (active)         = 6140.9 particles/second

 ============================>     RESULTS     <============================

 k-effective (Collision)     = 0.98051 +/- 0.00076
 k-effective (Track-length)  = 0.97924 +/- 0.00090
 k-effective (Absorption)    = 0.97900 +/- 0.00070
 Combined k-effective        = 0.97942 +/- 0.00064
 Leakage Fraction            = 0.00701 +/- 0.00006

 Creating state point openmc_simulation_n1.h5...
[openmc.deplete] t=12981609.154661007 s, dt=17308812.206214678 s, source=47715391.07417821
 Maximum neutron transport energy: 20000000 eV for H1
 Initializing source particles...

 ====================>     K EIGENVALUE SIMULATION     <====================

  Bat./Gen.      k       Entropy         Average k 
  =========   ========   ========   ====================
        1/1    0.91760    5.55292
        2/1    0.94240    5.52743
        3/1    0.95866    5.50744
        4/1    0.97535    5.47334
        5/1    0.94678    5.48634
        6/1    0.96779    5.47450
        7/1    0.97388    5.45390
        8/1    0.96844    5.45952
        9/1    0.97952    5.46110
       10/1    0.97686    5.44277
       11/1    0.96750    5.44385
       12/1    0.99205    5.46276
       13/1    0.97727    5.45908
       14/1    0.98879    5.44951
       15/1    0.99894    5.45006
       16/1    0.97810    5.45604
       17/1    0.98033    5.44955
       18/1    0.98388    5.45445
       19/1    0.97817    5.45012
       20/1    0.99259    5.43433
       21/1    0.98445    5.44344
       22/1    0.99459    5.45587
       23/1    0.96183    5.46182
       24/1    0.99906    5.46025
       25/1    0.98555    5.45280
       26/1    0.97671    5.44907
       27/1    0.98273    5.45929
       28/1    0.98394    5.45557
       29/1    0.98882    5.45497
       30/1    0.96118    5.44191
       31/1    1.00170    5.44010
       32/1    0.96860    5.44324
       33/1    0.96318    5.44746
       34/1    1.00225    5.43481
       35/1    0.98236    5.44357
       36/1    0.98549    5.44619
       37/1    0.98284    5.46489
       38/1    0.97776    5.45897
       39/1    0.97518    5.44995
       40/1    0.98117    5.44915
       41/1    0.98926    5.45049
       42/1    0.97732    5.45110
       43/1    0.97807    5.45542
       44/1    0.97393    5.44605
       45/1    0.97135    5.43927
       46/1    0.97857    5.45769
       47/1    0.98087    5.46814
       48/1    0.96929    5.47261
       49/1    0.97397    5.45672
       50/1    0.98499    5.45607
       51/1    0.98350    5.45320
       52/1    0.98394    5.44658
       53/1    0.97007    5.43053
       54/1    0.96679    5.44015
       55/1    0.98290    5.44541
       56/1    0.98201    5.42060
       57/1    0.98834    5.42438
       58/1    0.98723    5.44522
       59/1    0.97764    5.44390
       60/1    0.98380    5.43674
       61/1    0.97294    5.43476
       62/1    0.99190    5.43358    0.98242 +/- 0.00948
       63/1    0.96792    5.43299    0.97759 +/- 0.00730
       64/1    0.99251    5.43307    0.98132 +/- 0.00637
       65/1    0.98830    5.43825    0.98272 +/- 0.00513
       66/1    0.97265    5.43678    0.98104 +/- 0.00451
       67/1    0.97567    5.44205    0.98027 +/- 0.00389
       68/1    0.98143    5.45188    0.98042 +/- 0.00337
       69/1    0.97732    5.44530    0.98007 +/- 0.00299
       70/1    0.97549    5.45408    0.97961 +/- 0.00272
       71/1    0.99446    5.45285    0.98096 +/- 0.00280
       72/1    0.97857    5.45660    0.98076 +/- 0.00257
       73/1    0.97310    5.46662    0.98017 +/- 0.00243
       74/1    0.98731    5.46856    0.98068 +/- 0.00231
       75/1    0.99335    5.45660    0.98153 +/- 0.00231
       76/1    0.98894    5.46386    0.98199 +/- 0.00221
       77/1    0.94847    5.46370    0.98002 +/- 0.00286
       78/1    0.97260    5.46168    0.97961 +/- 0.00273
       79/1    0.99730    5.44625    0.98054 +/- 0.00275
       80/1    0.98287    5.44692    0.98065 +/- 0.00261
       81/1    0.95651    5.43236    0.97950 +/- 0.00273
       82/1    0.99165    5.44818    0.98006 +/- 0.00266
       83/1    1.00121    5.45662    0.98098 +/- 0.00271
       84/1    1.00533    5.44238    0.98199 +/- 0.00278
       85/1    0.98961    5.45013    0.98230 +/- 0.00269
       86/1    0.98344    5.45414    0.98234 +/- 0.00258
       87/1    0.97984    5.45232    0.98225 +/- 0.00249
       88/1    0.96735    5.45391    0.98172 +/- 0.00245
       89/1    0.99557    5.45198    0.98219 +/- 0.00242
       90/1    0.99425    5.44372    0.98260 +/- 0.00237
       91/1    0.98345    5.46044    0.98262 +/- 0.00229
       92/1    0.97851    5.45234    0.98249 +/- 0.00222
       93/1    0.97483    5.47055    0.98226 +/- 0.00217
       94/1    0.99218    5.44704    0.98255 +/- 0.00212
       95/1    0.97674    5.44745    0.98239 +/- 0.00207
       96/1    0.98335    5.43892    0.98241 +/- 0.00201
       97/1    0.99689    5.44214    0.98281 +/- 0.00199
       98/1    0.97785    5.44740    0.98268 +/- 0.00194
       99/1    0.97852    5.43800    0.98257 +/- 0.00190
      100/1    0.96428    5.43520    0.98211 +/- 0.00190
      101/1    0.98014    5.43201    0.98206 +/- 0.00186
      102/1    0.99073    5.42512    0.98227 +/- 0.00182
      103/1    0.96975    5.45528    0.98198 +/- 0.00180
      104/1    0.97840    5.44335    0.98190 +/- 0.00177
      105/1    0.99584    5.44221    0.98221 +/- 0.00175
      106/1    0.97820    5.43943    0.98212 +/- 0.00172
      107/1    0.97911    5.43685    0.98206 +/- 0.00168
      108/1    0.99103    5.44124    0.98224 +/- 0.00166
      109/1    0.99008    5.43952    0.98240 +/- 0.00163
      110/1    0.97958    5.44411    0.98235 +/- 0.00160
      111/1    0.97234    5.43210    0.98215 +/- 0.00158
      112/1    0.99971    5.45155    0.98249 +/- 0.00158
      113/1    0.97330    5.45582    0.98231 +/- 0.00156
      114/1    0.95627    5.45701    0.98183 +/- 0.00161
      115/1    0.97937    5.44806    0.98179 +/- 0.00158
      116/1    0.97706    5.46340    0.98170 +/- 0.00155
      117/1    0.97164    5.44916    0.98153 +/- 0.00154
      118/1    0.97584    5.45552    0.98143 +/- 0.00151
      119/1    0.98241    5.45108    0.98144 +/- 0.00149
      120/1    0.98267    5.45883    0.98147 +/- 0.00146
      121/1    0.98160    5.45086    0.98147 +/- 0.00144
      122/1    0.97980    5.45434    0.98144 +/- 0.00141
      123/1    0.99371    5.45883    0.98164 +/- 0.00141
      124/1    0.97607    5.44998    0.98155 +/- 0.00139
      125/1    0.96777    5.46653    0.98134 +/- 0.00138
      126/1    0.98073    5.46355    0.98133 +/- 0.00136
      127/1    0.97921    5.46405    0.98130 +/- 0.00134
      128/1    0.98018    5.45427    0.98128 +/- 0.00132
      129/1    0.96213    5.45189    0.98100 +/- 0.00133
      130/1    0.97481    5.47567    0.98091 +/- 0.00131
      131/1    0.97819    5.46745    0.98087 +/- 0.00130
      132/1    0.97872    5.46238    0.98084 +/- 0.00128
      133/1    0.98653    5.46947    0.98092 +/- 0.00126
      134/1    0.97706    5.45218    0.98087 +/- 0.00125
      135/1    0.98148    5.44957    0.98088 +/- 0.00123
      136/1    0.97518    5.45981    0.98080 +/- 0.00122
      137/1    0.99075    5.45457    0.98093 +/- 0.00121
      138/1    0.97898    5.45810    0.98091 +/- 0.00119
      139/1    0.97423    5.46645    0.98082 +/- 0.00118
      140/1    0.97352    5.47278    0.98073 +/- 0.00117
      141/1    0.98507    5.45643    0.98079 +/- 0.00116
      142/1    0.96874    5.44347    0.98064 +/- 0.00115
      143/1    0.98811    5.45100    0.98073 +/- 0.00114
      144/1    0.98870    5.45020    0.98082 +/- 0.00113
      145/1    0.96866    5.43831    0.98068 +/- 0.00113
      146/1    0.98371    5.44873    0.98072 +/- 0.00111
      147/1    0.96280    5.45833    0.98051 +/- 0.00112
      148/1    0.97850    5.44614    0.98049 +/- 0.00111
      149/1    0.98366    5.45048    0.98052 +/- 0.00110
      150/1    0.96923    5.45371    0.98040 +/- 0.00109
      151/1    0.98214    5.45939    0.98042 +/- 0.00108
      152/1    0.97485    5.44143    0.98036 +/- 0.00107
      153/1    0.98287    5.44968    0.98038 +/- 0.00106
      154/1    0.97734    5.45309    0.98035 +/- 0.00105
      155/1    0.98650    5.45499    0.98041 +/- 0.00104
      156/1    0.98440    5.44929    0.98046 +/- 0.00103
      157/1    0.99217    5.45894    0.98058 +/- 0.00102
      158/1    0.97401    5.45721    0.98051 +/- 0.00102
      159/1    0.97321    5.45016    0.98044 +/- 0.00101
      160/1    0.98268    5.44885    0.98046 +/- 0.00100
 Creating state point statepoint.160.h5...

 =======================>     TIMING STATISTICS     <=======================

 Total time for initialization     = 0.0000e+00 seconds
   Reading cross sections          = 0.0000e+00 seconds
 Total time in simulation          = 4.1748e+02 seconds
   Time in transport only          = 4.1617e+02 seconds
   Time in inactive batches        = 9.9129e+01 seconds
   Time in active batches          = 3.1835e+02 seconds
   Time synchronizing fission bank = 2.8400e-01 seconds
     Sampling source sites         = 2.4881e-01 seconds
     SEND/RECV source sites        = 3.4600e-02 seconds
   Time accumulating tallies       = 7.0920e-01 seconds
   Time writing statepoints        = 2.0571e-02 seconds
 Total time for finalization       = 1.9567e-02 seconds
 Total time elapsed                = 4.1798e+02 seconds
 Calculation Rate (inactive)       = 12105.5 particles/second
 Calculation Rate (active)         = 6282.38 particles/second

 ============================>     RESULTS     <============================

 k-effective (Collision)     = 0.98039 +/- 0.00082
 k-effective (Track-length)  = 0.98046 +/- 0.00100
 k-effective (Absorption)    = 0.97994 +/- 0.00063
 Combined k-effective        = 0.98008 +/- 0.00057
 Leakage Fraction            = 0.00691 +/- 0.00006

 Creating state point openmc_simulation_n2.h5...
[openmc.deplete] t=30290421.360875685 s, dt=34617624.412429355 s, source=47715391.07417821
 Maximum neutron transport energy: 20000000 eV for H1
 Initializing source particles...

 ====================>     K EIGENVALUE SIMULATION     <====================

  Bat./Gen.      k       Entropy         Average k 
  =========   ========   ========   ====================
        1/1    0.93677    5.54822
        2/1    0.95795    5.50494
        3/1    0.96362    5.48540
        4/1    0.96393    5.47782
        5/1    0.98486    5.48299
        6/1    0.97349    5.46477
        7/1    0.97735    5.46279
        8/1    0.99737    5.45938
        9/1    0.97421    5.45945
       10/1    0.95986    5.46018
       11/1    0.98042    5.46195
       12/1    0.98071    5.45334
       13/1    0.99111    5.44911
       14/1    0.98000    5.46041
       15/1    0.98154    5.46131
       16/1    1.00007    5.46322
       17/1    0.96449    5.45076
       18/1    0.98890    5.43782
       19/1    0.98019    5.43851
       20/1    0.99259    5.45685
       21/1    0.96843    5.45030
       22/1    0.98722    5.44328
       23/1    0.97373    5.42855
       24/1    0.99084    5.43398
       25/1    0.99609    5.42630
       26/1    0.98352    5.42851
       27/1    1.00243    5.42244
       28/1    0.98693    5.43105
       29/1    0.97896    5.42638
       30/1    0.97692    5.44355
       31/1    0.98899    5.44384
       32/1    0.96432    5.44106
       33/1    0.98769    5.44010
       34/1    0.99729    5.43110
       35/1    0.97291    5.43174
       36/1    0.97567    5.43345
       37/1    0.96633    5.44912
       38/1    0.99343    5.45199
       39/1    0.98214    5.44173
       40/1    0.98093    5.42886
       41/1    0.99413    5.44757
       42/1    0.97971    5.44821
       43/1    0.98748    5.47057
       44/1    0.98821    5.45333
       45/1    0.97146    5.46348
       46/1    0.98256    5.45143
       47/1    0.98254    5.44454
       48/1    1.00076    5.45822
       49/1    0.97040    5.45816
       50/1    0.97082    5.45333
       51/1    0.97682    5.44453
       52/1    0.98773    5.44362
       53/1    0.98332    5.44366
       54/1    0.97796    5.45868
       55/1    1.00162    5.44394
       56/1    1.00106    5.44373
       57/1    0.98471    5.44300
       58/1    0.98295    5.43331
       59/1    0.99713    5.44884
       60/1    0.97719    5.43849
       61/1    0.97836    5.44794
       62/1    0.99033    5.44199    0.98434 +/- 0.00599
       63/1    0.99512    5.43779    0.98794 +/- 0.00499
       64/1    0.98973    5.44888    0.98838 +/- 0.00355
       65/1    0.98592    5.46461    0.98789 +/- 0.00280
       66/1    0.97680    5.45681    0.98604 +/- 0.00294
       67/1    0.98135    5.43952    0.98537 +/- 0.00257
       68/1    0.97504    5.44024    0.98408 +/- 0.00257
       69/1    0.98828    5.44550    0.98455 +/- 0.00232
       70/1    0.98110    5.44739    0.98420 +/- 0.00210
       71/1    0.98795    5.44294    0.98454 +/- 0.00193
       72/1    0.97287    5.43408    0.98357 +/- 0.00201
       73/1    0.96764    5.42804    0.98234 +/- 0.00222
       74/1    0.99936    5.42439    0.98356 +/- 0.00239
       75/1    0.99676    5.43411    0.98444 +/- 0.00239
       76/1    0.98735    5.43021    0.98462 +/- 0.00224
       77/1    1.00335    5.43935    0.98572 +/- 0.00238
       78/1    0.99529    5.45287    0.98626 +/- 0.00230
       79/1    0.98286    5.44350    0.98608 +/- 0.00219
       80/1    0.97091    5.44627    0.98532 +/- 0.00221
       81/1    0.97337    5.43605    0.98475 +/- 0.00218
       82/1    0.99470    5.42893    0.98520 +/- 0.00212
       83/1    0.98456    5.42980    0.98517 +/- 0.00203
       84/1    1.00745    5.43190    0.98610 +/- 0.00215
       85/1    0.98981    5.43673    0.98625 +/- 0.00207
       86/1    0.96447    5.42501    0.98541 +/- 0.00216
       87/1    0.98448    5.44021    0.98538 +/- 0.00208
       88/1    0.98918    5.44463    0.98551 +/- 0.00201
       89/1    0.98383    5.44157    0.98546 +/- 0.00194
       90/1    0.98640    5.44358    0.98549 +/- 0.00187
       91/1    0.98867    5.45535    0.98559 +/- 0.00181
       92/1    0.97966    5.43815    0.98540 +/- 0.00177
       93/1    0.98128    5.43608    0.98528 +/- 0.00172
       94/1    0.97974    5.44149    0.98512 +/- 0.00167
       95/1    0.98365    5.43074    0.98507 +/- 0.00162
       96/1    0.97331    5.43844    0.98475 +/- 0.00161
       97/1    0.99379    5.43572    0.98499 +/- 0.00159
       98/1    0.98401    5.44656    0.98497 +/- 0.00155
       99/1    0.98057    5.45727    0.98485 +/- 0.00151
      100/1    0.98663    5.44291    0.98490 +/- 0.00147
      101/1    0.99357    5.43674    0.98511 +/- 0.00145
      102/1    0.98034    5.43591    0.98500 +/- 0.00142
      103/1    0.98141    5.43757    0.98491 +/- 0.00139
      104/1    0.99386    5.43704    0.98512 +/- 0.00137
      105/1    0.97117    5.43379    0.98481 +/- 0.00138
      106/1    0.98092    5.43987    0.98472 +/- 0.00135
      107/1    0.98895    5.44346    0.98481 +/- 0.00132
      108/1    0.98371    5.44696    0.98479 +/- 0.00130
      109/1    0.98919    5.44575    0.98488 +/- 0.00127
      110/1    0.98920    5.43152    0.98496 +/- 0.00125
      111/1    0.97501    5.43990    0.98477 +/- 0.00124
      112/1    0.99323    5.44146    0.98493 +/- 0.00123
      113/1    0.98849    5.44045    0.98500 +/- 0.00121
      114/1    0.99696    5.43575    0.98522 +/- 0.00120
      115/1    0.98771    5.44383    0.98527 +/- 0.00118
      116/1    1.00308    5.43607    0.98558 +/- 0.00120
      117/1    0.96987    5.43693    0.98531 +/- 0.00121
      118/1    0.99062    5.44633    0.98540 +/- 0.00120
      119/1    0.98646    5.44955    0.98542 +/- 0.00118
      120/1    0.99012    5.44372    0.98550 +/- 0.00116
      121/1    0.98906    5.44391    0.98555 +/- 0.00114
      122/1    0.97163    5.41571    0.98533 +/- 0.00115
      123/1    0.97813    5.43239    0.98522 +/- 0.00113
      124/1    0.97130    5.42092    0.98500 +/- 0.00114
      125/1    0.98312    5.43107    0.98497 +/- 0.00112
      126/1    0.97895    5.44619    0.98488 +/- 0.00111
      127/1    0.98568    5.45021    0.98489 +/- 0.00109
      128/1    0.97355    5.44122    0.98472 +/- 0.00109
      129/1    0.97312    5.44806    0.98456 +/- 0.00108
      130/1    0.98835    5.44117    0.98461 +/- 0.00107
      131/1    0.98335    5.44123    0.98459 +/- 0.00105
      132/1    0.98741    5.43315    0.98463 +/- 0.00104
      133/1    0.98117    5.42589    0.98458 +/- 0.00103
      134/1    0.99281    5.44454    0.98469 +/- 0.00102
      135/1    0.98448    5.44639    0.98469 +/- 0.00100
      136/1    0.98953    5.43300    0.98476 +/- 0.00099
      137/1    0.99708    5.45500    0.98492 +/- 0.00099
      138/1    0.96453    5.45044    0.98465 +/- 0.00101
      139/1    0.99169    5.45095    0.98474 +/- 0.00101
      140/1    0.99172    5.43268    0.98483 +/- 0.00100
      141/1    0.97440    5.44048    0.98470 +/- 0.00099
      142/1    0.97545    5.46934    0.98459 +/- 0.00099
      143/1    0.97690    5.44993    0.98450 +/- 0.00098
      144/1    0.99451    5.43579    0.98462 +/- 0.00098
      145/1    0.98065    5.43723    0.98457 +/- 0.00096
      146/1    0.99136    5.43742    0.98465 +/- 0.00096
      147/1    0.99098    5.43567    0.98472 +/- 0.00095
      148/1    0.99759    5.44240    0.98487 +/- 0.00095
      149/1    0.99441    5.44203    0.98497 +/- 0.00094
      150/1    0.97029    5.45371    0.98481 +/- 0.00095
      151/1    0.98298    5.45183    0.98479 +/- 0.00094
      152/1    0.99559    5.46450    0.98491 +/- 0.00094
      153/1    0.97683    5.43783    0.98482 +/- 0.00093
      154/1    0.97990    5.43162    0.98477 +/- 0.00092
      155/1    0.97283    5.43367    0.98464 +/- 0.00092
      156/1    0.97682    5.44377    0.98456 +/- 0.00091
      157/1    0.98519    5.45015    0.98457 +/- 0.00090
      158/1    0.99309    5.44695    0.98466 +/- 0.00090
      159/1    0.98569    5.42978    0.98467 +/- 0.00089
      160/1    0.98206    5.44573    0.98464 +/- 0.00088
 Creating state point statepoint.160.h5...

 =======================>     TIMING STATISTICS     <=======================

 Total time for initialization     = 0.0000e+00 seconds
   Reading cross sections          = 0.0000e+00 seconds
 Total time in simulation          = 4.0739e+02 seconds
   Time in transport only          = 4.0612e+02 seconds
   Time in inactive batches        = 9.8567e+01 seconds
   Time in active batches          = 3.0882e+02 seconds
   Time synchronizing fission bank = 2.7789e-01 seconds
     Sampling source sites         = 2.4158e-01 seconds
     SEND/RECV source sites        = 3.5711e-02 seconds
   Time accumulating tallies       = 6.2564e-01 seconds
   Time writing statepoints        = 2.0761e-02 seconds
 Total time for finalization       = 1.9462e-02 seconds
 Total time elapsed                = 4.0789e+02 seconds
 Calculation Rate (inactive)       = 12174.5 particles/second
 Calculation Rate (active)         = 6476.28 particles/second

 ============================>     RESULTS     <============================

 k-effective (Collision)     = 0.98487 +/- 0.00067
 k-effective (Track-length)  = 0.98464 +/- 0.00088
 k-effective (Absorption)    = 0.98455 +/- 0.00080
 Combined k-effective        = 0.98471 +/- 0.00059
 Leakage Fraction            = 0.00674 +/- 0.00006

 Creating state point openmc_simulation_n3.h5...
[openmc.deplete] t=64908045.77330504 s, dt=51926436.61864404 s, source=47715391.07417821
 Maximum neutron transport energy: 20000000 eV for H1
 Initializing source particles...

 ====================>     K EIGENVALUE SIMULATION     <====================

  Bat./Gen.      k       Entropy         Average k 
  =========   ========   ========   ====================
        1/1    0.93720    5.55122
        2/1    0.95055    5.51776
        3/1    0.97756    5.48773
        4/1    0.96736    5.46904
        5/1    0.99045    5.44673
        6/1    0.99468    5.45879
        7/1    0.99571    5.44863
        8/1    0.99279    5.44340
        9/1    0.99992    5.42789
       10/1    0.98554    5.42290
       11/1    1.00954    5.40580
       12/1    0.99324    5.42957
       13/1    0.99149    5.42456
       14/1    0.98742    5.43582
       15/1    1.00294    5.43561
       16/1    0.98844    5.42492
       17/1    0.98194    5.42725
       18/1    0.98980    5.41820
       19/1    0.98399    5.42301
       20/1    1.00129    5.42997
       21/1    0.98877    5.41864
       22/1    1.00418    5.43283
       23/1    1.00588    5.42766
       24/1    1.01757    5.42244
       25/1    1.01109    5.42540
       26/1    0.99677    5.43053
       27/1    1.00374    5.43137
       28/1    0.98347    5.42967
       29/1    0.98842    5.42785
       30/1    1.00606    5.42335
       31/1    0.99024    5.42829
       32/1    0.99292    5.43330
       33/1    0.99950    5.40811
       34/1    0.98851    5.42749
       35/1    1.00283    5.41410
       36/1    1.00833    5.41209
       37/1    1.00682    5.40755
       38/1    1.00063    5.42227
       39/1    0.99463    5.42171
       40/1    1.00650    5.42079
       41/1    0.98207    5.42075
       42/1    0.98612    5.42428
       43/1    0.99483    5.41631
       44/1    0.99329    5.41855
       45/1    0.99424    5.41597
       46/1    0.99421    5.41332
       47/1    1.00577    5.40491
       48/1    1.00708    5.42418
       49/1    1.00266    5.40564
       50/1    0.99647    5.41260
       51/1    1.01707    5.41260
       52/1    1.02006    5.41729
       53/1    1.00494    5.43108
       54/1    0.99780    5.42919
       55/1    1.00066    5.42816
       56/1    1.00430    5.41759
       57/1    1.00986    5.43939
       58/1    0.99379    5.43198
       59/1    1.00246    5.43165
       60/1    1.00068    5.41530
       61/1    1.00526    5.43504
       62/1    0.99720    5.43757    1.00123 +/- 0.00403
       63/1    0.98183    5.42847    0.99476 +/- 0.00687
       64/1    1.00094    5.40812    0.99631 +/- 0.00510
       65/1    1.00833    5.41846    0.99871 +/- 0.00462
       66/1    0.98685    5.42590    0.99673 +/- 0.00426
       67/1    0.99936    5.43860    0.99711 +/- 0.00362
       68/1    0.98649    5.43682    0.99578 +/- 0.00341
       69/1    1.00182    5.41330    0.99645 +/- 0.00308
       70/1    0.99886    5.41655    0.99669 +/- 0.00276
       71/1    1.00130    5.41567    0.99711 +/- 0.00253
       72/1    0.99907    5.42378    0.99728 +/- 0.00232
       73/1    0.99895    5.41572    0.99740 +/- 0.00214
       74/1    0.99971    5.41142    0.99757 +/- 0.00199
       75/1    0.99371    5.40690    0.99731 +/- 0.00187
       76/1    1.00381    5.40932    0.99772 +/- 0.00179
       77/1    0.98259    5.39752    0.99683 +/- 0.00190
       78/1    1.01425    5.40647    0.99780 +/- 0.00204
       79/1    1.00374    5.42081    0.99811 +/- 0.00195
       80/1    0.99589    5.40798    0.99800 +/- 0.00186
       81/1    0.99662    5.43025    0.99793 +/- 0.00177
       82/1    1.00097    5.42170    0.99807 +/- 0.00169
       83/1    1.01019    5.43094    0.99860 +/- 0.00170
       84/1    0.99407    5.43338    0.99841 +/- 0.00164
       85/1    1.00129    5.42746    0.99852 +/- 0.00158
       86/1    1.01056    5.42253    0.99899 +/- 0.00158
       87/1    1.00568    5.41794    0.99923 +/- 0.00154
       88/1    1.00037    5.41879    0.99928 +/- 0.00149
       89/1    0.99932    5.40776    0.99928 +/- 0.00144
       90/1    1.01252    5.42029    0.99972 +/- 0.00146
       91/1    1.00383    5.42747    0.99985 +/- 0.00141
       92/1    1.00374    5.43595    0.99997 +/- 0.00137
       93/1    1.00642    5.42670    1.00017 +/- 0.00135
       94/1    0.98684    5.41648    0.99978 +/- 0.00136
       95/1    1.00196    5.42766    0.99984 +/- 0.00133
       96/1    0.99773    5.42209    0.99978 +/- 0.00129
       97/1    0.99240    5.43471    0.99958 +/- 0.00127
       98/1    1.00710    5.42681    0.99978 +/- 0.00125
       99/1    0.97456    5.42852    0.99913 +/- 0.00138
      100/1    1.00770    5.42794    0.99935 +/- 0.00136
      101/1    0.99887    5.42680    0.99933 +/- 0.00133
      102/1    1.00201    5.43187    0.99940 +/- 0.00130
      103/1    0.98498    5.44169    0.99906 +/- 0.00131
      104/1    0.99790    5.43770    0.99904 +/- 0.00128
      105/1    0.97804    5.42247    0.99857 +/- 0.00134
      106/1    1.00193    5.41834    0.99864 +/- 0.00131
      107/1    0.99593    5.41747    0.99859 +/- 0.00128
      108/1    0.99837    5.43063    0.99858 +/- 0.00126
      109/1    0.99667    5.43566    0.99854 +/- 0.00123
      110/1    1.00520    5.41399    0.99867 +/- 0.00121
      111/1    1.02507    5.40431    0.99919 +/- 0.00130
      112/1    0.98899    5.41304    0.99900 +/- 0.00129
      113/1    0.99540    5.40170    0.99893 +/- 0.00126
      114/1    0.98824    5.39986    0.99873 +/- 0.00126
      115/1    0.99930    5.41873    0.99874 +/- 0.00123
      116/1    1.00381    5.41973    0.99883 +/- 0.00121
      117/1    0.98292    5.41966    0.99855 +/- 0.00122
      118/1    0.99098    5.41118    0.99842 +/- 0.00121
      119/1    0.99391    5.41245    0.99835 +/- 0.00119
      120/1    1.00444    5.41941    0.99845 +/- 0.00118
      121/1    0.99832    5.42715    0.99844 +/- 0.00116
      122/1    0.99635    5.42948    0.99841 +/- 0.00114
      123/1    0.98250    5.41335    0.99816 +/- 0.00115
      124/1    0.98618    5.42508    0.99797 +/- 0.00115
      125/1    0.99546    5.41969    0.99793 +/- 0.00113
      126/1    0.99050    5.42170    0.99782 +/- 0.00112
      127/1    1.00662    5.41442    0.99795 +/- 0.00111
      128/1    1.00999    5.43138    0.99813 +/- 0.00111
      129/1    0.99161    5.45241    0.99803 +/- 0.00109
      130/1    0.99892    5.44252    0.99805 +/- 0.00108
      131/1    0.99588    5.43638    0.99802 +/- 0.00106
      132/1    0.99050    5.43972    0.99791 +/- 0.00105
      133/1    0.99314    5.43237    0.99785 +/- 0.00104
      134/1    0.99713    5.44094    0.99784 +/- 0.00103
      135/1    1.00689    5.44251    0.99796 +/- 0.00102
      136/1    0.98902    5.42874    0.99784 +/- 0.00101
      137/1    1.00353    5.42244    0.99791 +/- 0.00100
      138/1    0.97328    5.42523    0.99760 +/- 0.00104
      139/1    0.98991    5.41719    0.99750 +/- 0.00103
      140/1    1.00247    5.42808    0.99756 +/- 0.00102
      141/1    0.98651    5.42168    0.99743 +/- 0.00102
      142/1    0.98318    5.42607    0.99725 +/- 0.00102
      143/1    1.00706    5.43068    0.99737 +/- 0.00101
      144/1    0.98791    5.41848    0.99726 +/- 0.00101
      145/1    0.98941    5.40620    0.99717 +/- 0.00100
      146/1    0.99815    5.41645    0.99718 +/- 0.00099
      147/1    0.97905    5.43349    0.99697 +/- 0.00100
      148/1    1.00293    5.43254    0.99704 +/- 0.00099
      149/1    0.98311    5.41371    0.99688 +/- 0.00099
      150/1    0.99827    5.42905    0.99690 +/- 0.00098
      151/1    0.98162    5.42126    0.99673 +/- 0.00098
      152/1    0.99388    5.42941    0.99670 +/- 0.00097
      153/1    1.00491    5.41284    0.99678 +/- 0.00097
      154/1    0.97965    5.42277    0.99660 +/- 0.00097
      155/1    1.00639    5.41481    0.99671 +/- 0.00097
      156/1    0.98345    5.41686    0.99657 +/- 0.00097
      157/1    0.99762    5.42179    0.99658 +/- 0.00096
      158/1    0.99150    5.42654    0.99653 +/- 0.00095
      159/1    0.99939    5.41961    0.99656 +/- 0.00094
      160/1    0.98398    5.42178    0.99643 +/- 0.00094
 Creating state point statepoint.160.h5...

 =======================>     TIMING STATISTICS     <=======================

 Total time for initialization     = 0.0000e+00 seconds
   Reading cross sections          = 0.0000e+00 seconds
 Total time in simulation          = 4.0573e+02 seconds
   Time in transport only          = 4.0461e+02 seconds
   Time in inactive batches        = 9.8820e+01 seconds
   Time in active batches          = 3.0691e+02 seconds
   Time synchronizing fission bank = 2.7881e-01 seconds
     Sampling source sites         = 2.4340e-01 seconds
     SEND/RECV source sites        = 3.4800e-02 seconds
   Time accumulating tallies       = 6.0232e-01 seconds
   Time writing statepoints        = 1.2580e-02 seconds
 Total time for finalization       = 1.0568e-02 seconds
 Total time elapsed                = 4.0624e+02 seconds
 Calculation Rate (inactive)       = 12143.3 particles/second
 Calculation Rate (active)         = 6516.49 particles/second

 ============================>     RESULTS     <============================

 k-effective (Collision)     = 0.99650 +/- 0.00083
 k-effective (Track-length)  = 0.99643 +/- 0.00094
 k-effective (Absorption)    = 0.99706 +/- 0.00071
 Combined k-effective        = 0.99685 +/- 0.00065
 Leakage Fraction            = 0.00665 +/- 0.00006

 Creating state point openmc_simulation_n4.h5...
[openmc.deplete] t=116834482.39194909 (final operator evaluation)
 Maximum neutron transport energy: 20000000 eV for H1
 Initializing source particles...

 ====================>     K EIGENVALUE SIMULATION     <====================

  Bat./Gen.      k       Entropy         Average k 
  =========   ========   ========   ====================
        1/1    0.93683    5.54240
        2/1    0.96124    5.50915
        3/1    0.96517    5.50038
        4/1    0.98855    5.46710
        5/1    0.99640    5.46408
        6/1    0.97587    5.46255
        7/1    1.00316    5.45466
        8/1    0.99295    5.45169
        9/1    0.97974    5.43754
       10/1    0.98719    5.44318
       11/1    0.98022    5.43249
       12/1    0.98686    5.44605
       13/1    0.98343    5.43808
       14/1    1.00390    5.43677
       15/1    0.99484    5.44023
       16/1    0.99943    5.43917
       17/1    1.01013    5.43910
       18/1    0.97973    5.45351
       19/1    0.97636    5.43193
       20/1    1.00450    5.43617
       21/1    1.00084    5.42961
       22/1    1.00080    5.42082
       23/1    0.99379    5.43217
       24/1    0.99294    5.43542
       25/1    0.98764    5.44239
       26/1    0.97906    5.43942
       27/1    0.99722    5.44238
       28/1    1.00457    5.42543
       29/1    0.99164    5.44667
       30/1    0.99867    5.44104
       31/1    1.02234    5.43796
       32/1    1.00081    5.43984
       33/1    1.00178    5.42653
       34/1    1.00155    5.43160
       35/1    0.98659    5.44271
       36/1    0.98824    5.44012
       37/1    0.99547    5.43589
       38/1    0.99738    5.43733
       39/1    1.00485    5.43107
       40/1    0.99746    5.42974
       41/1    0.98465    5.42673
       42/1    1.00196    5.42978
       43/1    1.00385    5.43178
       44/1    0.99078    5.43475
       45/1    0.99043    5.43401
       46/1    1.00097    5.44573
       47/1    1.00028    5.44134
       48/1    0.99715    5.44881
       49/1    0.98113    5.45298
       50/1    1.00411    5.44239
       51/1    0.99621    5.43739
       52/1    0.99841    5.42619
       53/1    1.00552    5.43163
       54/1    0.98158    5.42490
       55/1    1.00283    5.40678
       56/1    0.99737    5.40873
       57/1    0.98258    5.43363
       58/1    0.99058    5.42497
       59/1    1.00046    5.42959
       60/1    0.99964    5.42335
       61/1    1.01107    5.43561
       62/1    0.99364    5.45388    1.00235 +/- 0.00872
       63/1    1.00327    5.43930    1.00266 +/- 0.00504
       64/1    1.00364    5.43347    1.00290 +/- 0.00357
       65/1    1.00598    5.43266    1.00352 +/- 0.00283
       66/1    0.99276    5.43132    1.00173 +/- 0.00293
       67/1    1.01977    5.42774    1.00430 +/- 0.00357
       68/1    0.99641    5.42005    1.00332 +/- 0.00325
       69/1    0.98993    5.42489    1.00183 +/- 0.00323
       70/1    0.99027    5.43921    1.00067 +/- 0.00311
       71/1    0.98777    5.43837    0.99950 +/- 0.00305
       72/1    1.00423    5.42893    0.99989 +/- 0.00281
       73/1    1.00565    5.45115    1.00034 +/- 0.00262
       74/1    0.99700    5.45760    1.00010 +/- 0.00244
       75/1    1.00452    5.45285    1.00039 +/- 0.00229
       76/1    0.98217    5.45639    0.99925 +/- 0.00243
       77/1    0.98043    5.44552    0.99815 +/- 0.00253
       78/1    0.99286    5.44227    0.99785 +/- 0.00241
       79/1    1.01468    5.44074    0.99874 +/- 0.00244
       80/1    0.99352    5.44174    0.99848 +/- 0.00233
       81/1    0.98694    5.43448    0.99793 +/- 0.00229
       82/1    1.00410    5.44403    0.99821 +/- 0.00220
       83/1    0.99334    5.44219    0.99800 +/- 0.00211
       84/1    1.00144    5.43548    0.99814 +/- 0.00203
       85/1    0.99667    5.43403    0.99808 +/- 0.00194
       86/1    1.00747    5.43838    0.99844 +/- 0.00190
       87/1    0.99400    5.42677    0.99828 +/- 0.00184
       88/1    0.99538    5.42766    0.99818 +/- 0.00177
       89/1    1.01014    5.44172    0.99859 +/- 0.00176
       90/1    0.98125    5.43889    0.99801 +/- 0.00180
       91/1    1.00458    5.42451    0.99822 +/- 0.00175
       92/1    0.98974    5.42108    0.99796 +/- 0.00172
       93/1    0.98849    5.43556    0.99767 +/- 0.00169
       94/1    0.98575    5.42057    0.99732 +/- 0.00167
       95/1    0.99836    5.42139    0.99735 +/- 0.00163
       96/1    0.99975    5.41790    0.99742 +/- 0.00158
       97/1    1.00919    5.40724    0.99773 +/- 0.00157
       98/1    0.99613    5.43249    0.99769 +/- 0.00153
       99/1    0.99192    5.42077    0.99754 +/- 0.00150
      100/1    0.99410    5.42387    0.99746 +/- 0.00146
      101/1    0.99860    5.42070    0.99749 +/- 0.00143
      102/1    0.99108    5.41308    0.99733 +/- 0.00140
      103/1    1.01171    5.40035    0.99767 +/- 0.00141
      104/1    0.98655    5.40744    0.99741 +/- 0.00140
      105/1    0.99921    5.42605    0.99745 +/- 0.00137
      106/1    0.98989    5.42033    0.99729 +/- 0.00135
      107/1    1.00411    5.42798    0.99744 +/- 0.00133
      108/1    0.99806    5.42589    0.99745 +/- 0.00130
      109/1    1.00093    5.43284    0.99752 +/- 0.00127
      110/1    1.00295    5.43166    0.99763 +/- 0.00125
      111/1    0.98751    5.42997    0.99743 +/- 0.00124
      112/1    1.00988    5.43579    0.99767 +/- 0.00124
      113/1    0.99743    5.42112    0.99766 +/- 0.00122
      114/1    0.99084    5.42614    0.99754 +/- 0.00120
      115/1    0.98887    5.43116    0.99738 +/- 0.00119
      116/1    0.99427    5.43567    0.99732 +/- 0.00117
      117/1    0.99240    5.45292    0.99724 +/- 0.00115
      118/1    1.00208    5.44274    0.99732 +/- 0.00114
      119/1    1.00556    5.46636    0.99746 +/- 0.00113
      120/1    1.00774    5.44935    0.99763 +/- 0.00112
      121/1    1.00048    5.46021    0.99768 +/- 0.00110
      122/1    0.98477    5.44983    0.99747 +/- 0.00110
      123/1    0.99087    5.44565    0.99737 +/- 0.00109
      124/1    0.99246    5.43997    0.99729 +/- 0.00108
      125/1    0.99253    5.44888    0.99722 +/- 0.00106
      126/1    0.99251    5.44082    0.99715 +/- 0.00105
      127/1    0.98722    5.43445    0.99700 +/- 0.00104
      128/1    1.00008    5.44820    0.99704 +/- 0.00103
      129/1    0.99531    5.42298    0.99702 +/- 0.00101
      130/1    0.99784    5.42380    0.99703 +/- 0.00100
      131/1    1.00740    5.43655    0.99718 +/- 0.00100
      132/1    0.98626    5.43707    0.99702 +/- 0.00099
      133/1    1.00595    5.42595    0.99715 +/- 0.00099
      134/1    1.00140    5.44171    0.99720 +/- 0.00098
      135/1    1.00025    5.44993    0.99724 +/- 0.00096
      136/1    0.99335    5.44100    0.99719 +/- 0.00095
      137/1    0.99797    5.44771    0.99720 +/- 0.00094
      138/1    0.99840    5.44355    0.99722 +/- 0.00093
      139/1    0.99337    5.43904    0.99717 +/- 0.00092
      140/1    0.98567    5.43882    0.99703 +/- 0.00092
      141/1    0.99939    5.44514    0.99705 +/- 0.00091
      142/1    1.00796    5.44039    0.99719 +/- 0.00091
      143/1    0.99724    5.44122    0.99719 +/- 0.00089
      144/1    1.00247    5.43902    0.99725 +/- 0.00089
      145/1    1.00191    5.42744    0.99731 +/- 0.00088
      146/1    0.98428    5.43557    0.99715 +/- 0.00088
      147/1    0.99089    5.43480    0.99708 +/- 0.00087
      148/1    0.99395    5.42977    0.99705 +/- 0.00086
      149/1    0.99054    5.43367    0.99697 +/- 0.00086
      150/1    1.02095    5.43206    0.99724 +/- 0.00089
      151/1    0.99780    5.44304    0.99725 +/- 0.00088
      152/1    1.00256    5.44322    0.99730 +/- 0.00087
      153/1    1.00216    5.43892    0.99736 +/- 0.00086
      154/1    0.98719    5.44717    0.99725 +/- 0.00086
      155/1    0.98893    5.44344    0.99716 +/- 0.00086
      156/1    0.98588    5.43339    0.99704 +/- 0.00086
      157/1    0.99293    5.42072    0.99700 +/- 0.00085
      158/1    0.99464    5.42462    0.99698 +/- 0.00084
      159/1    1.00293    5.42950    0.99704 +/- 0.00083
      160/1    0.99150    5.44269    0.99698 +/- 0.00083
 Creating state point statepoint.160.h5...

 =======================>     TIMING STATISTICS     <=======================

 Total time for initialization     = 0.0000e+00 seconds
   Reading cross sections          = 0.0000e+00 seconds
 Total time in simulation          = 3.9829e+02 seconds
   Time in transport only          = 3.9716e+02 seconds
   Time in inactive batches        = 9.9029e+01 seconds
   Time in active batches          = 2.9926e+02 seconds
   Time synchronizing fission bank = 2.7967e-01 seconds
     Sampling source sites         = 2.4302e-01 seconds
     SEND/RECV source sites        = 3.5941e-02 seconds
   Time accumulating tallies       = 6.1544e-01 seconds
   Time writing statepoints        = 1.5630e-02 seconds
 Total time for finalization       = 1.0805e-02 seconds
 Total time elapsed                = 3.9878e+02 seconds
 Calculation Rate (inactive)       = 12117.6 particles/second
 Calculation Rate (active)         = 6683.08 particles/second

 ============================>     RESULTS     <============================

 k-effective (Collision)     = 0.99840 +/- 0.00070
 k-effective (Track-length)  = 0.99698 +/- 0.00083
 k-effective (Absorption)    = 0.99810 +/- 0.00073
 Combined k-effective        = 0.99801 +/- 0.00064
 Leakage Fraction            = 0.00673 +/- 0.00006

 Creating state point openmc_simulation_n5.h5...
      k(BOL) 0.99804 x ratio 0.96972 -> end of cycle at k = 0.96782
      state 0: B   0.00 MWd/kgHM  k 0.99804  (target)
      state 1: B   0.50 MWd/kgHM  k 0.97942
      state 2: B   1.50 MWd/kgHM  k 0.98008
      state 3: B   3.50 MWd/kgHM  k 0.98471
      state 4: B   7.50 MWd/kgHM  k 0.99685
      state 5: B  13.50 MWd/kgHM  k 0.99801
                                %%%%%%%%%%%%%%%
                           %%%%%%%%%%%%%%%%%%%%%%%%
                        %%%%%%%%%%%%%%%%%%%%%%%%%%%%%%
                      %%%%%%%%%%%%%%%%%%%%%%%%%%%%%%%%%%
                    %%%%%%%%%%%%%%%%%%%%%%%%%%%%%%%%%%%%%%
                   %%%%%%%%%%%%%%%%%%%%%%%%%%%%%%%%%%%%%%%%
                                    %%%%%%%%%%%%%%%%%%%%%%%%
                                     %%%%%%%%%%%%%%%%%%%%%%%%
                 ###############      %%%%%%%%%%%%%%%%%%%%%%%%
                ##################     %%%%%%%%%%%%%%%%%%%%%%%
                ###################     %%%%%%%%%%%%%%%%%%%%%%%
                ####################     %%%%%%%%%%%%%%%%%%%%%%
                #####################     %%%%%%%%%%%%%%%%%%%%%
                ######################     %%%%%%%%%%%%%%%%%%%%
                #######################     %%%%%%%%%%%%%%%%%%
                 #######################     %%%%%%%%%%%%%%%%%
                 ######################     %%%%%%%%%%%%%%%%%
                  ####################     %%%%%%%%%%%%%%%%%
                    #################     %%%%%%%%%%%%%%%%%
                     ###############     %%%%%%%%%%%%%%%%
                       ############     %%%%%%%%%%%%%%%
                          ########     %%%%%%%%%%%%%%
                                      %%%%%%%%%%%

                 | The OpenMC Monte Carlo Code
       Copyright | 2011-2025 MIT, UChicago Argonne LLC, and contributors
         License | https://docs.openmc.org/en/latest/license.html
         Version | 0.15.3
     Commit Hash | 27e38e894697bb32a1dac7848d2618818b6b8daf
       Date/Time | 2026-09-23 15:47:45
   MPI Processes | 1
  OpenMP Threads | 64

 Reading settings XML file...
 Reading cross sections XML file...
 Reading chain file: /home/diogo/openmc_data/chain_endfb71_pwr.xml...
 Reading materials XML file...
 Reading geometry XML file...
 Reading H1 from /home/diogo/openmc_data/endfb-vii.1-hdf5/neutron/H1.h5
 Reading H2 from /home/diogo/openmc_data/endfb-vii.1-hdf5/neutron/H2.h5
 Reading B10 from /home/diogo/openmc_data/endfb-vii.1-hdf5/neutron/B10.h5
 Reading B11 from /home/diogo/openmc_data/endfb-vii.1-hdf5/neutron/B11.h5
 Reading O16 from /home/diogo/openmc_data/endfb-vii.1-hdf5/neutron/O16.h5
 Reading O17 from /home/diogo/openmc_data/endfb-vii.1-hdf5/neutron/O17.h5
 Reading Cr50 from /home/diogo/openmc_data/endfb-vii.1-hdf5/neutron/Cr50.h5
 Reading Cr52 from /home/diogo/openmc_data/endfb-vii.1-hdf5/neutron/Cr52.h5
 Reading Cr53 from /home/diogo/openmc_data/endfb-vii.1-hdf5/neutron/Cr53.h5
 Reading Cr54 from /home/diogo/openmc_data/endfb-vii.1-hdf5/neutron/Cr54.h5
 Reading Mn55 from /home/diogo/openmc_data/endfb-vii.1-hdf5/neutron/Mn55.h5
 Reading Fe54 from /home/diogo/openmc_data/endfb-vii.1-hdf5/neutron/Fe54.h5
 Reading Fe56 from /home/diogo/openmc_data/endfb-vii.1-hdf5/neutron/Fe56.h5
 Reading Fe57 from /home/diogo/openmc_data/endfb-vii.1-hdf5/neutron/Fe57.h5
 Reading Fe58 from /home/diogo/openmc_data/endfb-vii.1-hdf5/neutron/Fe58.h5
 Reading Ni58 from /home/diogo/openmc_data/endfb-vii.1-hdf5/neutron/Ni58.h5
 Reading Ni60 from /home/diogo/openmc_data/endfb-vii.1-hdf5/neutron/Ni60.h5
 Reading Ni61 from /home/diogo/openmc_data/endfb-vii.1-hdf5/neutron/Ni61.h5
 Reading Ni62 from /home/diogo/openmc_data/endfb-vii.1-hdf5/neutron/Ni62.h5
 Reading Ni64 from /home/diogo/openmc_data/endfb-vii.1-hdf5/neutron/Ni64.h5
 Reading Zr90 from /home/diogo/openmc_data/endfb-vii.1-hdf5/neutron/Zr90.h5
 Reading Zr91 from /home/diogo/openmc_data/endfb-vii.1-hdf5/neutron/Zr91.h5
 Reading Zr92 from /home/diogo/openmc_data/endfb-vii.1-hdf5/neutron/Zr92.h5
 Reading Zr94 from /home/diogo/openmc_data/endfb-vii.1-hdf5/neutron/Zr94.h5
 Reading Zr96 from /home/diogo/openmc_data/endfb-vii.1-hdf5/neutron/Zr96.h5
 Reading Sn112 from /home/diogo/openmc_data/endfb-vii.1-hdf5/neutron/Sn112.h5
 Reading Sn114 from /home/diogo/openmc_data/endfb-vii.1-hdf5/neutron/Sn114.h5
 Reading Sn115 from /home/diogo/openmc_data/endfb-vii.1-hdf5/neutron/Sn115.h5
 Reading Sn116 from /home/diogo/openmc_data/endfb-vii.1-hdf5/neutron/Sn116.h5
 Reading Sn117 from /home/diogo/openmc_data/endfb-vii.1-hdf5/neutron/Sn117.h5
 Reading Sn118 from /home/diogo/openmc_data/endfb-vii.1-hdf5/neutron/Sn118.h5
 Reading Sn119 from /home/diogo/openmc_data/endfb-vii.1-hdf5/neutron/Sn119.h5
 Reading Sn120 from /home/diogo/openmc_data/endfb-vii.1-hdf5/neutron/Sn120.h5
 Reading Sn122 from /home/diogo/openmc_data/endfb-vii.1-hdf5/neutron/Sn122.h5
 Reading Sn124 from /home/diogo/openmc_data/endfb-vii.1-hdf5/neutron/Sn124.h5
 Reading He3 from /home/diogo/openmc_data/endfb-vii.1-hdf5/neutron/He3.h5
 Reading He4 from /home/diogo/openmc_data/endfb-vii.1-hdf5/neutron/He4.h5
 Reading U234 from /home/diogo/openmc_data/endfb-vii.1-hdf5/neutron/U234.h5
 Reading U235 from /home/diogo/openmc_data/endfb-vii.1-hdf5/neutron/U235.h5
 Reading U238 from /home/diogo/openmc_data/endfb-vii.1-hdf5/neutron/U238.h5
 Reading Gd152 from /home/diogo/openmc_data/endfb-vii.1-hdf5/neutron/Gd152.h5
 Reading Gd154 from /home/diogo/openmc_data/endfb-vii.1-hdf5/neutron/Gd154.h5
 Reading Gd155 from /home/diogo/openmc_data/endfb-vii.1-hdf5/neutron/Gd155.h5
 Reading Gd156 from /home/diogo/openmc_data/endfb-vii.1-hdf5/neutron/Gd156.h5
 Reading Gd157 from /home/diogo/openmc_data/endfb-vii.1-hdf5/neutron/Gd157.h5
 Reading Gd158 from /home/diogo/openmc_data/endfb-vii.1-hdf5/neutron/Gd158.h5
 Reading Gd160 from /home/diogo/openmc_data/endfb-vii.1-hdf5/neutron/Gd160.h5
 Reading Si28 from /home/diogo/openmc_data/endfb-vii.1-hdf5/neutron/Si28.h5
 Reading Si29 from /home/diogo/openmc_data/endfb-vii.1-hdf5/neutron/Si29.h5
 Reading Si30 from /home/diogo/openmc_data/endfb-vii.1-hdf5/neutron/Si30.h5
 Reading Ag107 from /home/diogo/openmc_data/endfb-vii.1-hdf5/neutron/Ag107.h5
 Reading Ag109 from /home/diogo/openmc_data/endfb-vii.1-hdf5/neutron/Ag109.h5
 Reading Cd106 from /home/diogo/openmc_data/endfb-vii.1-hdf5/neutron/Cd106.h5
 WARNING: Negative value(s) found on probability table for nuclide Cd106 at 294K
 WARNING: Negative value(s) found on probability table for nuclide Cd106 at 600K
 WARNING: Negative value(s) found on probability table for nuclide Cd106 at 900K
 WARNING: Negative value(s) found on probability table for nuclide Cd106 at
          1200K
 WARNING: Negative value(s) found on probability table for nuclide Cd106 at
          2500K
 Reading Cd108 from /home/diogo/openmc_data/endfb-vii.1-hdf5/neutron/Cd108.h5
 Reading Cd110 from /home/diogo/openmc_data/endfb-vii.1-hdf5/neutron/Cd110.h5
 Reading Cd111 from /home/diogo/openmc_data/endfb-vii.1-hdf5/neutron/Cd111.h5
 Reading Cd112 from /home/diogo/openmc_data/endfb-vii.1-hdf5/neutron/Cd112.h5
 Reading Cd113 from /home/diogo/openmc_data/endfb-vii.1-hdf5/neutron/Cd113.h5
 Reading Cd114 from /home/diogo/openmc_data/endfb-vii.1-hdf5/neutron/Cd114.h5
 Reading Cd116 from /home/diogo/openmc_data/endfb-vii.1-hdf5/neutron/Cd116.h5
 Reading In113 from /home/diogo/openmc_data/endfb-vii.1-hdf5/neutron/In113.h5
 Reading In115 from /home/diogo/openmc_data/endfb-vii.1-hdf5/neutron/In115.h5
 Reading c_H_in_H2O from
 /home/diogo/openmc_data/endfb-vii.1-hdf5/neutron/c_H_in_H2O.h5
 Minimum neutron data temperature: 0 K
 Maximum neutron data temperature: 1.7976931348623157e+308 K
 Reading tallies XML file...
 Preparing distributed cell instances...
 Reading plot XML file...
 Writing summary.h5 file...
[openmc.deplete] t=116834482.39194909 s, dt=34617624.412429355 s, source=47715391.07417821
[openmc.deplete] t=151452106.80437845 s, dt=34617624.412429355 s, source=47715391.07417821
 Reading H3 from /home/diogo/openmc_data/endfb-vii.1-hdf5/neutron/H3.h5
 Reading Li6 from /home/diogo/openmc_data/endfb-vii.1-hdf5/neutron/Li6.h5
 Reading Li7 from /home/diogo/openmc_data/endfb-vii.1-hdf5/neutron/Li7.h5
 Reading N14 from /home/diogo/openmc_data/endfb-vii.1-hdf5/neutron/N14.h5
 Reading N15 from /home/diogo/openmc_data/endfb-vii.1-hdf5/neutron/N15.h5
 Reading F19 from /home/diogo/openmc_data/endfb-vii.1-hdf5/neutron/F19.h5
 Reading Na22 from /home/diogo/openmc_data/endfb-vii.1-hdf5/neutron/Na22.h5
 WARNING: Negative value(s) found on probability table for nuclide Na22 at 250K
 WARNING: Negative value(s) found on probability table for nuclide Na22 at 294K
 WARNING: Negative value(s) found on probability table for nuclide Na22 at 600K
 WARNING: Negative value(s) found on probability table for nuclide Na22 at 900K
 WARNING: Negative value(s) found on probability table for nuclide Na22 at 1200K
 WARNING: Negative value(s) found on probability table for nuclide Na22 at 2500K
 Reading Na23 from /home/diogo/openmc_data/endfb-vii.1-hdf5/neutron/Na23.h5
 Reading Mg24 from /home/diogo/openmc_data/endfb-vii.1-hdf5/neutron/Mg24.h5
 Reading Mg25 from /home/diogo/openmc_data/endfb-vii.1-hdf5/neutron/Mg25.h5
 Reading Mg26 from /home/diogo/openmc_data/endfb-vii.1-hdf5/neutron/Mg26.h5
 Reading Al27 from /home/diogo/openmc_data/endfb-vii.1-hdf5/neutron/Al27.h5
 Reading P31 from /home/diogo/openmc_data/endfb-vii.1-hdf5/neutron/P31.h5
 Reading S32 from /home/diogo/openmc_data/endfb-vii.1-hdf5/neutron/S32.h5
 Reading S33 from /home/diogo/openmc_data/endfb-vii.1-hdf5/neutron/S33.h5
 Reading S34 from /home/diogo/openmc_data/endfb-vii.1-hdf5/neutron/S34.h5
 Reading S36 from /home/diogo/openmc_data/endfb-vii.1-hdf5/neutron/S36.h5
 Reading Cl35 from /home/diogo/openmc_data/endfb-vii.1-hdf5/neutron/Cl35.h5
 Reading Cl37 from /home/diogo/openmc_data/endfb-vii.1-hdf5/neutron/Cl37.h5
 Reading Ar36 from /home/diogo/openmc_data/endfb-vii.1-hdf5/neutron/Ar36.h5
 WARNING: Negative value(s) found on probability table for nuclide Ar36 at 250K
 WARNING: Negative value(s) found on probability table for nuclide Ar36 at 294K
 WARNING: Negative value(s) found on probability table for nuclide Ar36 at 600K
 WARNING: Negative value(s) found on probability table for nuclide Ar36 at 900K
 WARNING: Negative value(s) found on probability table for nuclide Ar36 at 1200K
 WARNING: Negative value(s) found on probability table for nuclide Ar36 at 2500K
 Reading Ar38 from /home/diogo/openmc_data/endfb-vii.1-hdf5/neutron/Ar38.h5
 Reading Ar40 from /home/diogo/openmc_data/endfb-vii.1-hdf5/neutron/Ar40.h5
 Reading K39 from /home/diogo/openmc_data/endfb-vii.1-hdf5/neutron/K39.h5
 Reading K40 from /home/diogo/openmc_data/endfb-vii.1-hdf5/neutron/K40.h5
 Reading K41 from /home/diogo/openmc_data/endfb-vii.1-hdf5/neutron/K41.h5
 Reading Ca40 from /home/diogo/openmc_data/endfb-vii.1-hdf5/neutron/Ca40.h5
 Reading Ca42 from /home/diogo/openmc_data/endfb-vii.1-hdf5/neutron/Ca42.h5
 Reading Ca43 from /home/diogo/openmc_data/endfb-vii.1-hdf5/neutron/Ca43.h5
 Reading Ca44 from /home/diogo/openmc_data/endfb-vii.1-hdf5/neutron/Ca44.h5
 Reading Ca46 from /home/diogo/openmc_data/endfb-vii.1-hdf5/neutron/Ca46.h5
 Reading Sc45 from /home/diogo/openmc_data/endfb-vii.1-hdf5/neutron/Sc45.h5
 Reading Ti46 from /home/diogo/openmc_data/endfb-vii.1-hdf5/neutron/Ti46.h5
 Reading Ti47 from /home/diogo/openmc_data/endfb-vii.1-hdf5/neutron/Ti47.h5
 Reading Ti48 from /home/diogo/openmc_data/endfb-vii.1-hdf5/neutron/Ti48.h5
 Reading Ti49 from /home/diogo/openmc_data/endfb-vii.1-hdf5/neutron/Ti49.h5
 Reading Ti50 from /home/diogo/openmc_data/endfb-vii.1-hdf5/neutron/Ti50.h5
 Reading V50 from /home/diogo/openmc_data/endfb-vii.1-hdf5/neutron/V50.h5
 Reading V51 from /home/diogo/openmc_data/endfb-vii.1-hdf5/neutron/V51.h5
 Reading Co58 from /home/diogo/openmc_data/endfb-vii.1-hdf5/neutron/Co58.h5
 Reading Co59 from /home/diogo/openmc_data/endfb-vii.1-hdf5/neutron/Co59.h5
 Reading Ni59 from /home/diogo/openmc_data/endfb-vii.1-hdf5/neutron/Ni59.h5
 Reading Cu63 from /home/diogo/openmc_data/endfb-vii.1-hdf5/neutron/Cu63.h5
 Reading Cu65 from /home/diogo/openmc_data/endfb-vii.1-hdf5/neutron/Cu65.h5
 Reading Zn64 from /home/diogo/openmc_data/endfb-vii.1-hdf5/neutron/Zn64.h5
 Reading Zn65 from /home/diogo/openmc_data/endfb-vii.1-hdf5/neutron/Zn65.h5
 Reading Zn66 from /home/diogo/openmc_data/endfb-vii.1-hdf5/neutron/Zn66.h5
 Reading Zn67 from /home/diogo/openmc_data/endfb-vii.1-hdf5/neutron/Zn67.h5
 Reading Zn68 from /home/diogo/openmc_data/endfb-vii.1-hdf5/neutron/Zn68.h5
 Reading Zn70 from /home/diogo/openmc_data/endfb-vii.1-hdf5/neutron/Zn70.h5
 Reading Ga69 from /home/diogo/openmc_data/endfb-vii.1-hdf5/neutron/Ga69.h5
 Reading Ga71 from /home/diogo/openmc_data/endfb-vii.1-hdf5/neutron/Ga71.h5
 Reading Ge70 from /home/diogo/openmc_data/endfb-vii.1-hdf5/neutron/Ge70.h5
 Reading Ge72 from /home/diogo/openmc_data/endfb-vii.1-hdf5/neutron/Ge72.h5
 Reading Ge73 from /home/diogo/openmc_data/endfb-vii.1-hdf5/neutron/Ge73.h5
 Reading Ge74 from /home/diogo/openmc_data/endfb-vii.1-hdf5/neutron/Ge74.h5
 Reading Ge76 from /home/diogo/openmc_data/endfb-vii.1-hdf5/neutron/Ge76.h5
 Reading As74 from /home/diogo/openmc_data/endfb-vii.1-hdf5/neutron/As74.h5
 Reading As75 from /home/diogo/openmc_data/endfb-vii.1-hdf5/neutron/As75.h5
 Reading Se74 from /home/diogo/openmc_data/endfb-vii.1-hdf5/neutron/Se74.h5
 Reading Se76 from /home/diogo/openmc_data/endfb-vii.1-hdf5/neutron/Se76.h5
 Reading Se77 from /home/diogo/openmc_data/endfb-vii.1-hdf5/neutron/Se77.h5
 Reading Se78 from /home/diogo/openmc_data/endfb-vii.1-hdf5/neutron/Se78.h5
 Reading Se79 from /home/diogo/openmc_data/endfb-vii.1-hdf5/neutron/Se79.h5
 WARNING: Negative value(s) found on probability table for nuclide Se79 at 250K
 WARNING: Negative value(s) found on probability table for nuclide Se79 at 294K
 WARNING: Negative value(s) found on probability table for nuclide Se79 at 600K
 WARNING: Negative value(s) found on probability table for nuclide Se79 at 900K
 WARNING: Negative value(s) found on probability table for nuclide Se79 at 1200K
 Reading Se80 from /home/diogo/openmc_data/endfb-vii.1-hdf5/neutron/Se80.h5
 Reading Se82 from /home/diogo/openmc_data/endfb-vii.1-hdf5/neutron/Se82.h5
 Reading Br79 from /home/diogo/openmc_data/endfb-vii.1-hdf5/neutron/Br79.h5
 Reading Br81 from /home/diogo/openmc_data/endfb-vii.1-hdf5/neutron/Br81.h5
 Reading Kr78 from /home/diogo/openmc_data/endfb-vii.1-hdf5/neutron/Kr78.h5
 Reading Kr80 from /home/diogo/openmc_data/endfb-vii.1-hdf5/neutron/Kr80.h5
 Reading Kr82 from /home/diogo/openmc_data/endfb-vii.1-hdf5/neutron/Kr82.h5
 Reading Kr83 from /home/diogo/openmc_data/endfb-vii.1-hdf5/neutron/Kr83.h5
 Reading Kr84 from /home/diogo/openmc_data/endfb-vii.1-hdf5/neutron/Kr84.h5
 Reading Kr85 from /home/diogo/openmc_data/endfb-vii.1-hdf5/neutron/Kr85.h5
 Reading Kr86 from /home/diogo/openmc_data/endfb-vii.1-hdf5/neutron/Kr86.h5
 Reading Rb85 from /home/diogo/openmc_data/endfb-vii.1-hdf5/neutron/Rb85.h5
 Reading Rb86 from /home/diogo/openmc_data/endfb-vii.1-hdf5/neutron/Rb86.h5
 Reading Rb87 from /home/diogo/openmc_data/endfb-vii.1-hdf5/neutron/Rb87.h5
 Reading Sr84 from /home/diogo/openmc_data/endfb-vii.1-hdf5/neutron/Sr84.h5
 Reading Sr86 from /home/diogo/openmc_data/endfb-vii.1-hdf5/neutron/Sr86.h5
 Reading Sr87 from /home/diogo/openmc_data/endfb-vii.1-hdf5/neutron/Sr87.h5
 Reading Sr88 from /home/diogo/openmc_data/endfb-vii.1-hdf5/neutron/Sr88.h5
 Reading Sr89 from /home/diogo/openmc_data/endfb-vii.1-hdf5/neutron/Sr89.h5
 Reading Sr90 from /home/diogo/openmc_data/endfb-vii.1-hdf5/neutron/Sr90.h5
 Reading Y89 from /home/diogo/openmc_data/endfb-vii.1-hdf5/neutron/Y89.h5
 Reading Y90 from /home/diogo/openmc_data/endfb-vii.1-hdf5/neutron/Y90.h5
 Reading Y91 from /home/diogo/openmc_data/endfb-vii.1-hdf5/neutron/Y91.h5
 Reading Zr93 from /home/diogo/openmc_data/endfb-vii.1-hdf5/neutron/Zr93.h5
 Reading Zr95 from /home/diogo/openmc_data/endfb-vii.1-hdf5/neutron/Zr95.h5
 Reading Nb93 from /home/diogo/openmc_data/endfb-vii.1-hdf5/neutron/Nb93.h5
 Reading Nb94 from /home/diogo/openmc_data/endfb-vii.1-hdf5/neutron/Nb94.h5
 WARNING: Negative value(s) found on probability table for nuclide Nb94 at 250K
 WARNING: Negative value(s) found on probability table for nuclide Nb94 at 294K
 WARNING: Negative value(s) found on probability table for nuclide Nb94 at 600K
 WARNING: Negative value(s) found on probability table for nuclide Nb94 at 900K
 WARNING: Negative value(s) found on probability table for nuclide Nb94 at 1200K
 WARNING: Negative value(s) found on probability table for nuclide Nb94 at 2500K
 Reading Nb95 from /home/diogo/openmc_data/endfb-vii.1-hdf5/neutron/Nb95.h5
 WARNING: Negative value(s) found on probability table for nuclide Nb95 at 250K
 WARNING: Negative value(s) found on probability table for nuclide Nb95 at 294K
 WARNING: Negative value(s) found on probability table for nuclide Nb95 at 600K
 WARNING: Negative value(s) found on probability table for nuclide Nb95 at 900K
 WARNING: Negative value(s) found on probability table for nuclide Nb95 at 1200K
 Reading Mo92 from /home/diogo/openmc_data/endfb-vii.1-hdf5/neutron/Mo92.h5
 Reading Mo94 from /home/diogo/openmc_data/endfb-vii.1-hdf5/neutron/Mo94.h5
 Reading Mo95 from /home/diogo/openmc_data/endfb-vii.1-hdf5/neutron/Mo95.h5
 Reading Mo96 from /home/diogo/openmc_data/endfb-vii.1-hdf5/neutron/Mo96.h5
 Reading Mo97 from /home/diogo/openmc_data/endfb-vii.1-hdf5/neutron/Mo97.h5
 Reading Mo98 from /home/diogo/openmc_data/endfb-vii.1-hdf5/neutron/Mo98.h5
 Reading Mo99 from /home/diogo/openmc_data/endfb-vii.1-hdf5/neutron/Mo99.h5
 WARNING: Negative value(s) found on probability table for nuclide Mo99 at 250K
 WARNING: Negative value(s) found on probability table for nuclide Mo99 at 294K
 WARNING: Negative value(s) found on probability table for nuclide Mo99 at 600K
 WARNING: Negative value(s) found on probability table for nuclide Mo99 at 900K
 WARNING: Negative value(s) found on probability table for nuclide Mo99 at 1200K
 WARNING: Negative value(s) found on probability table for nuclide Mo99 at 2500K
 Reading Mo100 from /home/diogo/openmc_data/endfb-vii.1-hdf5/neutron/Mo100.h5
 Reading Tc99 from /home/diogo/openmc_data/endfb-vii.1-hdf5/neutron/Tc99.h5
 Reading Ru98 from /home/diogo/openmc_data/endfb-vii.1-hdf5/neutron/Ru98.h5
 Reading Ru99 from /home/diogo/openmc_data/endfb-vii.1-hdf5/neutron/Ru99.h5
 Reading Ru100 from /home/diogo/openmc_data/endfb-vii.1-hdf5/neutron/Ru100.h5
 Reading Ru101 from /home/diogo/openmc_data/endfb-vii.1-hdf5/neutron/Ru101.h5
 Reading Ru102 from /home/diogo/openmc_data/endfb-vii.1-hdf5/neutron/Ru102.h5
 Reading Ru103 from /home/diogo/openmc_data/endfb-vii.1-hdf5/neutron/Ru103.h5
 Reading Ru104 from /home/diogo/openmc_data/endfb-vii.1-hdf5/neutron/Ru104.h5
 Reading Ru105 from /home/diogo/openmc_data/endfb-vii.1-hdf5/neutron/Ru105.h5
 Reading Ru106 from /home/diogo/openmc_data/endfb-vii.1-hdf5/neutron/Ru106.h5
 Reading Rh103 from /home/diogo/openmc_data/endfb-vii.1-hdf5/neutron/Rh103.h5
 Reading Rh105 from /home/diogo/openmc_data/endfb-vii.1-hdf5/neutron/Rh105.h5
 Reading Pd102 from /home/diogo/openmc_data/endfb-vii.1-hdf5/neutron/Pd102.h5
 Reading Pd104 from /home/diogo/openmc_data/endfb-vii.1-hdf5/neutron/Pd104.h5
 Reading Pd105 from /home/diogo/openmc_data/endfb-vii.1-hdf5/neutron/Pd105.h5
 Reading Pd106 from /home/diogo/openmc_data/endfb-vii.1-hdf5/neutron/Pd106.h5
 Reading Pd107 from /home/diogo/openmc_data/endfb-vii.1-hdf5/neutron/Pd107.h5
 Reading Pd108 from /home/diogo/openmc_data/endfb-vii.1-hdf5/neutron/Pd108.h5
 Reading Pd110 from /home/diogo/openmc_data/endfb-vii.1-hdf5/neutron/Pd110.h5
 Reading Ag110_m1 from
 /home/diogo/openmc_data/endfb-vii.1-hdf5/neutron/Ag110_m1.h5
 Reading Ag111 from /home/diogo/openmc_data/endfb-vii.1-hdf5/neutron/Ag111.h5
 Reading Cd115_m1 from
 /home/diogo/openmc_data/endfb-vii.1-hdf5/neutron/Cd115_m1.h5
 Reading Sn113 from /home/diogo/openmc_data/endfb-vii.1-hdf5/neutron/Sn113.h5
 Reading Sn123 from /home/diogo/openmc_data/endfb-vii.1-hdf5/neutron/Sn123.h5
 WARNING: Negative value(s) found on probability table for nuclide Sn123 at 250K
 WARNING: Negative value(s) found on probability table for nuclide Sn123 at 294K
 WARNING: Negative value(s) found on probability table for nuclide Sn123 at 600K
 WARNING: Negative value(s) found on probability table for nuclide Sn123 at 900K
 WARNING: Negative value(s) found on probability table for nuclide Sn123 at
          1200K
 WARNING: Negative value(s) found on probability table for nuclide Sn123 at
          2500K
 Reading Sn125 from /home/diogo/openmc_data/endfb-vii.1-hdf5/neutron/Sn125.h5
 Reading Sn126 from /home/diogo/openmc_data/endfb-vii.1-hdf5/neutron/Sn126.h5
 Reading Sb121 from /home/diogo/openmc_data/endfb-vii.1-hdf5/neutron/Sb121.h5
 Reading Sb123 from /home/diogo/openmc_data/endfb-vii.1-hdf5/neutron/Sb123.h5
 Reading Sb124 from /home/diogo/openmc_data/endfb-vii.1-hdf5/neutron/Sb124.h5
 Reading Sb125 from /home/diogo/openmc_data/endfb-vii.1-hdf5/neutron/Sb125.h5
 Reading Sb126 from /home/diogo/openmc_data/endfb-vii.1-hdf5/neutron/Sb126.h5
 Reading Te120 from /home/diogo/openmc_data/endfb-vii.1-hdf5/neutron/Te120.h5
 WARNING: Negative value(s) found on probability table for nuclide Te120 at 600K
 WARNING: Negative value(s) found on probability table for nuclide Te120 at 900K
 WARNING: Negative value(s) found on probability table for nuclide Te120 at
          1200K
 WARNING: Negative value(s) found on probability table for nuclide Te120 at
          2500K
 Reading Te122 from /home/diogo/openmc_data/endfb-vii.1-hdf5/neutron/Te122.h5
 Reading Te123 from /home/diogo/openmc_data/endfb-vii.1-hdf5/neutron/Te123.h5
 Reading Te124 from /home/diogo/openmc_data/endfb-vii.1-hdf5/neutron/Te124.h5
 Reading Te125 from /home/diogo/openmc_data/endfb-vii.1-hdf5/neutron/Te125.h5
 Reading Te126 from /home/diogo/openmc_data/endfb-vii.1-hdf5/neutron/Te126.h5
 Reading Te127_m1 from
 /home/diogo/openmc_data/endfb-vii.1-hdf5/neutron/Te127_m1.h5
 Reading Te128 from /home/diogo/openmc_data/endfb-vii.1-hdf5/neutron/Te128.h5
 Reading Te129_m1 from
 /home/diogo/openmc_data/endfb-vii.1-hdf5/neutron/Te129_m1.h5
 Reading Te130 from /home/diogo/openmc_data/endfb-vii.1-hdf5/neutron/Te130.h5
 Reading Te132 from /home/diogo/openmc_data/endfb-vii.1-hdf5/neutron/Te132.h5
 Reading I127 from /home/diogo/openmc_data/endfb-vii.1-hdf5/neutron/I127.h5
 Reading I129 from /home/diogo/openmc_data/endfb-vii.1-hdf5/neutron/I129.h5
 Reading I130 from /home/diogo/openmc_data/endfb-vii.1-hdf5/neutron/I130.h5
 Reading I131 from /home/diogo/openmc_data/endfb-vii.1-hdf5/neutron/I131.h5
 WARNING: Negative value(s) found on probability table for nuclide I131 at 250K
 WARNING: Negative value(s) found on probability table for nuclide I131 at 294K
 WARNING: Negative value(s) found on probability table for nuclide I131 at 600K
 WARNING: Negative value(s) found on probability table for nuclide I131 at 900K
 WARNING: Negative value(s) found on probability table for nuclide I131 at 1200K
 WARNING: Negative value(s) found on probability table for nuclide I131 at 2500K
 Reading I135 from /home/diogo/openmc_data/endfb-vii.1-hdf5/neutron/I135.h5
 Reading Xe123 from /home/diogo/openmc_data/endfb-vii.1-hdf5/neutron/Xe123.h5
 Reading Xe124 from /home/diogo/openmc_data/endfb-vii.1-hdf5/neutron/Xe124.h5
 Reading Xe126 from /home/diogo/openmc_data/endfb-vii.1-hdf5/neutron/Xe126.h5
 Reading Xe128 from /home/diogo/openmc_data/endfb-vii.1-hdf5/neutron/Xe128.h5
 Reading Xe129 from /home/diogo/openmc_data/endfb-vii.1-hdf5/neutron/Xe129.h5
 Reading Xe130 from /home/diogo/openmc_data/endfb-vii.1-hdf5/neutron/Xe130.h5
 Reading Xe131 from /home/diogo/openmc_data/endfb-vii.1-hdf5/neutron/Xe131.h5
 Reading Xe132 from /home/diogo/openmc_data/endfb-vii.1-hdf5/neutron/Xe132.h5
 Reading Xe133 from /home/diogo/openmc_data/endfb-vii.1-hdf5/neutron/Xe133.h5
 WARNING: Negative value(s) found on probability table for nuclide Xe133 at
          2500K
 Reading Xe134 from /home/diogo/openmc_data/endfb-vii.1-hdf5/neutron/Xe134.h5
 Reading Xe135 from /home/diogo/openmc_data/endfb-vii.1-hdf5/neutron/Xe135.h5
 Reading Xe136 from /home/diogo/openmc_data/endfb-vii.1-hdf5/neutron/Xe136.h5
 Reading Cs133 from /home/diogo/openmc_data/endfb-vii.1-hdf5/neutron/Cs133.h5
 Reading Cs134 from /home/diogo/openmc_data/endfb-vii.1-hdf5/neutron/Cs134.h5
 Reading Cs135 from /home/diogo/openmc_data/endfb-vii.1-hdf5/neutron/Cs135.h5
 Reading Cs136 from /home/diogo/openmc_data/endfb-vii.1-hdf5/neutron/Cs136.h5
 WARNING: Negative value(s) found on probability table for nuclide Cs136 at 250K
 WARNING: Negative value(s) found on probability table for nuclide Cs136 at 294K
 WARNING: Negative value(s) found on probability table for nuclide Cs136 at 600K
 WARNING: Negative value(s) found on probability table for nuclide Cs136 at 900K
 WARNING: Negative value(s) found on probability table for nuclide Cs136 at
          1200K
 WARNING: Negative value(s) found on probability table for nuclide Cs136 at
          2500K
 Reading Cs137 from /home/diogo/openmc_data/endfb-vii.1-hdf5/neutron/Cs137.h5
 Reading Ba130 from /home/diogo/openmc_data/endfb-vii.1-hdf5/neutron/Ba130.h5
 Reading Ba132 from /home/diogo/openmc_data/endfb-vii.1-hdf5/neutron/Ba132.h5
 Reading Ba133 from /home/diogo/openmc_data/endfb-vii.1-hdf5/neutron/Ba133.h5
 Reading Ba134 from /home/diogo/openmc_data/endfb-vii.1-hdf5/neutron/Ba134.h5
 Reading Ba135 from /home/diogo/openmc_data/endfb-vii.1-hdf5/neutron/Ba135.h5
 Reading Ba136 from /home/diogo/openmc_data/endfb-vii.1-hdf5/neutron/Ba136.h5
 Reading Ba137 from /home/diogo/openmc_data/endfb-vii.1-hdf5/neutron/Ba137.h5
 Reading Ba138 from /home/diogo/openmc_data/endfb-vii.1-hdf5/neutron/Ba138.h5
 Reading Ba140 from /home/diogo/openmc_data/endfb-vii.1-hdf5/neutron/Ba140.h5
 Reading La138 from /home/diogo/openmc_data/endfb-vii.1-hdf5/neutron/La138.h5
 Reading La139 from /home/diogo/openmc_data/endfb-vii.1-hdf5/neutron/La139.h5
 Reading La140 from /home/diogo/openmc_data/endfb-vii.1-hdf5/neutron/La140.h5
 Reading Ce136 from /home/diogo/openmc_data/endfb-vii.1-hdf5/neutron/Ce136.h5
 Reading Ce138 from /home/diogo/openmc_data/endfb-vii.1-hdf5/neutron/Ce138.h5
 Reading Ce139 from /home/diogo/openmc_data/endfb-vii.1-hdf5/neutron/Ce139.h5
 Reading Ce140 from /home/diogo/openmc_data/endfb-vii.1-hdf5/neutron/Ce140.h5
 Reading Ce141 from /home/diogo/openmc_data/endfb-vii.1-hdf5/neutron/Ce141.h5
 Reading Ce142 from /home/diogo/openmc_data/endfb-vii.1-hdf5/neutron/Ce142.h5
 Reading Ce143 from /home/diogo/openmc_data/endfb-vii.1-hdf5/neutron/Ce143.h5
 Reading Ce144 from /home/diogo/openmc_data/endfb-vii.1-hdf5/neutron/Ce144.h5
 Reading Pr141 from /home/diogo/openmc_data/endfb-vii.1-hdf5/neutron/Pr141.h5
 Reading Pr142 from /home/diogo/openmc_data/endfb-vii.1-hdf5/neutron/Pr142.h5
 Reading Pr143 from /home/diogo/openmc_data/endfb-vii.1-hdf5/neutron/Pr143.h5
 Reading Nd142 from /home/diogo/openmc_data/endfb-vii.1-hdf5/neutron/Nd142.h5
 Reading Nd143 from /home/diogo/openmc_data/endfb-vii.1-hdf5/neutron/Nd143.h5
 Reading Nd144 from /home/diogo/openmc_data/endfb-vii.1-hdf5/neutron/Nd144.h5
 Reading Nd145 from /home/diogo/openmc_data/endfb-vii.1-hdf5/neutron/Nd145.h5
 Reading Nd146 from /home/diogo/openmc_data/endfb-vii.1-hdf5/neutron/Nd146.h5
 Reading Nd147 from /home/diogo/openmc_data/endfb-vii.1-hdf5/neutron/Nd147.h5
 Reading Nd148 from /home/diogo/openmc_data/endfb-vii.1-hdf5/neutron/Nd148.h5
 Reading Nd150 from /home/diogo/openmc_data/endfb-vii.1-hdf5/neutron/Nd150.h5
 Reading Pm147 from /home/diogo/openmc_data/endfb-vii.1-hdf5/neutron/Pm147.h5
 Reading Pm148 from /home/diogo/openmc_data/endfb-vii.1-hdf5/neutron/Pm148.h5
 Reading Pm148_m1 from
 /home/diogo/openmc_data/endfb-vii.1-hdf5/neutron/Pm148_m1.h5
 Reading Pm149 from /home/diogo/openmc_data/endfb-vii.1-hdf5/neutron/Pm149.h5
 Reading Pm151 from /home/diogo/openmc_data/endfb-vii.1-hdf5/neutron/Pm151.h5
 Reading Sm144 from /home/diogo/openmc_data/endfb-vii.1-hdf5/neutron/Sm144.h5
 Reading Sm147 from /home/diogo/openmc_data/endfb-vii.1-hdf5/neutron/Sm147.h5
 Reading Sm148 from /home/diogo/openmc_data/endfb-vii.1-hdf5/neutron/Sm148.h5
 Reading Sm149 from /home/diogo/openmc_data/endfb-vii.1-hdf5/neutron/Sm149.h5
 Reading Sm150 from /home/diogo/openmc_data/endfb-vii.1-hdf5/neutron/Sm150.h5
 Reading Sm151 from /home/diogo/openmc_data/endfb-vii.1-hdf5/neutron/Sm151.h5
 Reading Sm152 from /home/diogo/openmc_data/endfb-vii.1-hdf5/neutron/Sm152.h5
 Reading Sm153 from /home/diogo/openmc_data/endfb-vii.1-hdf5/neutron/Sm153.h5
 Reading Sm154 from /home/diogo/openmc_data/endfb-vii.1-hdf5/neutron/Sm154.h5
 Reading Eu151 from /home/diogo/openmc_data/endfb-vii.1-hdf5/neutron/Eu151.h5
 Reading Eu152 from /home/diogo/openmc_data/endfb-vii.1-hdf5/neutron/Eu152.h5
 Reading Eu153 from /home/diogo/openmc_data/endfb-vii.1-hdf5/neutron/Eu153.h5
 Reading Eu154 from /home/diogo/openmc_data/endfb-vii.1-hdf5/neutron/Eu154.h5
 Reading Eu155 from /home/diogo/openmc_data/endfb-vii.1-hdf5/neutron/Eu155.h5
 Reading Eu156 from /home/diogo/openmc_data/endfb-vii.1-hdf5/neutron/Eu156.h5
 WARNING: Negative value(s) found on probability table for nuclide Eu156 at 250K
 WARNING: Negative value(s) found on probability table for nuclide Eu156 at 294K
 WARNING: Negative value(s) found on probability table for nuclide Eu156 at 600K
 WARNING: Negative value(s) found on probability table for nuclide Eu156 at 900K
 WARNING: Negative value(s) found on probability table for nuclide Eu156 at
          1200K
 WARNING: Negative value(s) found on probability table for nuclide Eu156 at
          2500K
 Reading Eu157 from /home/diogo/openmc_data/endfb-vii.1-hdf5/neutron/Eu157.h5
 Reading Gd153 from /home/diogo/openmc_data/endfb-vii.1-hdf5/neutron/Gd153.h5
 Reading Tb159 from /home/diogo/openmc_data/endfb-vii.1-hdf5/neutron/Tb159.h5
 Reading Tb160 from /home/diogo/openmc_data/endfb-vii.1-hdf5/neutron/Tb160.h5
 Reading Dy156 from /home/diogo/openmc_data/endfb-vii.1-hdf5/neutron/Dy156.h5
 Reading Dy158 from /home/diogo/openmc_data/endfb-vii.1-hdf5/neutron/Dy158.h5
 Reading Dy160 from /home/diogo/openmc_data/endfb-vii.1-hdf5/neutron/Dy160.h5
 Reading Dy161 from /home/diogo/openmc_data/endfb-vii.1-hdf5/neutron/Dy161.h5
 Reading Dy162 from /home/diogo/openmc_data/endfb-vii.1-hdf5/neutron/Dy162.h5
 Reading Dy163 from /home/diogo/openmc_data/endfb-vii.1-hdf5/neutron/Dy163.h5
 Reading Dy164 from /home/diogo/openmc_data/endfb-vii.1-hdf5/neutron/Dy164.h5
 Reading Ho165 from /home/diogo/openmc_data/endfb-vii.1-hdf5/neutron/Ho165.h5
 Reading Ho166_m1 from
 /home/diogo/openmc_data/endfb-vii.1-hdf5/neutron/Ho166_m1.h5
 Reading Er162 from /home/diogo/openmc_data/endfb-vii.1-hdf5/neutron/Er162.h5
 Reading Er164 from /home/diogo/openmc_data/endfb-vii.1-hdf5/neutron/Er164.h5
 Reading Er166 from /home/diogo/openmc_data/endfb-vii.1-hdf5/neutron/Er166.h5
 Reading Er167 from /home/diogo/openmc_data/endfb-vii.1-hdf5/neutron/Er167.h5
 Reading Er168 from /home/diogo/openmc_data/endfb-vii.1-hdf5/neutron/Er168.h5
 Reading Er170 from /home/diogo/openmc_data/endfb-vii.1-hdf5/neutron/Er170.h5
 Reading Tm168 from /home/diogo/openmc_data/endfb-vii.1-hdf5/neutron/Tm168.h5
 Reading Tm169 from /home/diogo/openmc_data/endfb-vii.1-hdf5/neutron/Tm169.h5
 Reading Tm170 from /home/diogo/openmc_data/endfb-vii.1-hdf5/neutron/Tm170.h5
 Reading Ir191 from /home/diogo/openmc_data/endfb-vii.1-hdf5/neutron/Ir191.h5
 Reading Ir193 from /home/diogo/openmc_data/endfb-vii.1-hdf5/neutron/Ir193.h5
 Reading Au197 from /home/diogo/openmc_data/endfb-vii.1-hdf5/neutron/Au197.h5
 Reading Hg196 from /home/diogo/openmc_data/endfb-vii.1-hdf5/neutron/Hg196.h5
 Reading Hg198 from /home/diogo/openmc_data/endfb-vii.1-hdf5/neutron/Hg198.h5
 Reading Hg199 from /home/diogo/openmc_data/endfb-vii.1-hdf5/neutron/Hg199.h5
 Reading Hg200 from /home/diogo/openmc_data/endfb-vii.1-hdf5/neutron/Hg200.h5
 Reading Hg201 from /home/diogo/openmc_data/endfb-vii.1-hdf5/neutron/Hg201.h5
 Reading Hg202 from /home/diogo/openmc_data/endfb-vii.1-hdf5/neutron/Hg202.h5
 Reading Hg204 from /home/diogo/openmc_data/endfb-vii.1-hdf5/neutron/Hg204.h5
 Reading Tl203 from /home/diogo/openmc_data/endfb-vii.1-hdf5/neutron/Tl203.h5
 Reading Tl205 from /home/diogo/openmc_data/endfb-vii.1-hdf5/neutron/Tl205.h5
 Reading Pb204 from /home/diogo/openmc_data/endfb-vii.1-hdf5/neutron/Pb204.h5
 Reading Pb206 from /home/diogo/openmc_data/endfb-vii.1-hdf5/neutron/Pb206.h5
 Reading Pb207 from /home/diogo/openmc_data/endfb-vii.1-hdf5/neutron/Pb207.h5
 Reading Pb208 from /home/diogo/openmc_data/endfb-vii.1-hdf5/neutron/Pb208.h5
 Reading Bi209 from /home/diogo/openmc_data/endfb-vii.1-hdf5/neutron/Bi209.h5
 Reading Ra223 from /home/diogo/openmc_data/endfb-vii.1-hdf5/neutron/Ra223.h5
 Reading Ra224 from /home/diogo/openmc_data/endfb-vii.1-hdf5/neutron/Ra224.h5
 Reading Ra225 from /home/diogo/openmc_data/endfb-vii.1-hdf5/neutron/Ra225.h5
 Reading Ra226 from /home/diogo/openmc_data/endfb-vii.1-hdf5/neutron/Ra226.h5
 Reading Ac225 from /home/diogo/openmc_data/endfb-vii.1-hdf5/neutron/Ac225.h5
 Reading Ac226 from /home/diogo/openmc_data/endfb-vii.1-hdf5/neutron/Ac226.h5
 Reading Ac227 from /home/diogo/openmc_data/endfb-vii.1-hdf5/neutron/Ac227.h5
 Reading Th227 from /home/diogo/openmc_data/endfb-vii.1-hdf5/neutron/Th227.h5
 Reading Th228 from /home/diogo/openmc_data/endfb-vii.1-hdf5/neutron/Th228.h5
 Reading Th229 from /home/diogo/openmc_data/endfb-vii.1-hdf5/neutron/Th229.h5
 Reading Th230 from /home/diogo/openmc_data/endfb-vii.1-hdf5/neutron/Th230.h5
 Reading Th231 from /home/diogo/openmc_data/endfb-vii.1-hdf5/neutron/Th231.h5
 Reading Th232 from /home/diogo/openmc_data/endfb-vii.1-hdf5/neutron/Th232.h5
 Reading Th233 from /home/diogo/openmc_data/endfb-vii.1-hdf5/neutron/Th233.h5
 Reading Th234 from /home/diogo/openmc_data/endfb-vii.1-hdf5/neutron/Th234.h5
 Reading Pa229 from /home/diogo/openmc_data/endfb-vii.1-hdf5/neutron/Pa229.h5
 Reading Pa230 from /home/diogo/openmc_data/endfb-vii.1-hdf5/neutron/Pa230.h5
 Reading Pa231 from /home/diogo/openmc_data/endfb-vii.1-hdf5/neutron/Pa231.h5
 Reading Pa232 from /home/diogo/openmc_data/endfb-vii.1-hdf5/neutron/Pa232.h5
 Reading Pa233 from /home/diogo/openmc_data/endfb-vii.1-hdf5/neutron/Pa233.h5
 Reading U230 from /home/diogo/openmc_data/endfb-vii.1-hdf5/neutron/U230.h5
 Reading U231 from /home/diogo/openmc_data/endfb-vii.1-hdf5/neutron/U231.h5
 Reading U232 from /home/diogo/openmc_data/endfb-vii.1-hdf5/neutron/U232.h5
 Reading U233 from /home/diogo/openmc_data/endfb-vii.1-hdf5/neutron/U233.h5
 Reading U236 from /home/diogo/openmc_data/endfb-vii.1-hdf5/neutron/U236.h5
 Reading U237 from /home/diogo/openmc_data/endfb-vii.1-hdf5/neutron/U237.h5
 Reading U239 from /home/diogo/openmc_data/endfb-vii.1-hdf5/neutron/U239.h5
 Reading U240 from /home/diogo/openmc_data/endfb-vii.1-hdf5/neutron/U240.h5
 Reading U241 from /home/diogo/openmc_data/endfb-vii.1-hdf5/neutron/U241.h5
 Reading Np234 from /home/diogo/openmc_data/endfb-vii.1-hdf5/neutron/Np234.h5
 Reading Np235 from /home/diogo/openmc_data/endfb-vii.1-hdf5/neutron/Np235.h5
 Reading Np236 from /home/diogo/openmc_data/endfb-vii.1-hdf5/neutron/Np236.h5
 Reading Np237 from /home/diogo/openmc_data/endfb-vii.1-hdf5/neutron/Np237.h5
 Reading Np238 from /home/diogo/openmc_data/endfb-vii.1-hdf5/neutron/Np238.h5
 Reading Np239 from /home/diogo/openmc_data/endfb-vii.1-hdf5/neutron/Np239.h5
 Reading Pu236 from /home/diogo/openmc_data/endfb-vii.1-hdf5/neutron/Pu236.h5
 Reading Pu237 from /home/diogo/openmc_data/endfb-vii.1-hdf5/neutron/Pu237.h5
 Reading Pu238 from /home/diogo/openmc_data/endfb-vii.1-hdf5/neutron/Pu238.h5
 Reading Pu239 from /home/diogo/openmc_data/endfb-vii.1-hdf5/neutron/Pu239.h5
 Reading Pu240 from /home/diogo/openmc_data/endfb-vii.1-hdf5/neutron/Pu240.h5
 Reading Pu241 from /home/diogo/openmc_data/endfb-vii.1-hdf5/neutron/Pu241.h5
 Reading Pu242 from /home/diogo/openmc_data/endfb-vii.1-hdf5/neutron/Pu242.h5
 Reading Pu243 from /home/diogo/openmc_data/endfb-vii.1-hdf5/neutron/Pu243.h5
 Reading Pu244 from /home/diogo/openmc_data/endfb-vii.1-hdf5/neutron/Pu244.h5
 Reading Pu246 from /home/diogo/openmc_data/endfb-vii.1-hdf5/neutron/Pu246.h5
 Reading Am240 from /home/diogo/openmc_data/endfb-vii.1-hdf5/neutron/Am240.h5
 Reading Am241 from /home/diogo/openmc_data/endfb-vii.1-hdf5/neutron/Am241.h5
 Reading Am242 from /home/diogo/openmc_data/endfb-vii.1-hdf5/neutron/Am242.h5
 Reading Am242_m1 from
 /home/diogo/openmc_data/endfb-vii.1-hdf5/neutron/Am242_m1.h5
 Reading Am243 from /home/diogo/openmc_data/endfb-vii.1-hdf5/neutron/Am243.h5
 Reading Am244 from /home/diogo/openmc_data/endfb-vii.1-hdf5/neutron/Am244.h5
 Reading Am244_m1 from
 /home/diogo/openmc_data/endfb-vii.1-hdf5/neutron/Am244_m1.h5
 Reading Cm240 from /home/diogo/openmc_data/endfb-vii.1-hdf5/neutron/Cm240.h5
 Reading Cm241 from /home/diogo/openmc_data/endfb-vii.1-hdf5/neutron/Cm241.h5
 Reading Cm242 from /home/diogo/openmc_data/endfb-vii.1-hdf5/neutron/Cm242.h5
 Reading Cm243 from /home/diogo/openmc_data/endfb-vii.1-hdf5/neutron/Cm243.h5
 Reading Cm244 from /home/diogo/openmc_data/endfb-vii.1-hdf5/neutron/Cm244.h5
 Reading Cm245 from /home/diogo/openmc_data/endfb-vii.1-hdf5/neutron/Cm245.h5
 Reading Cm246 from /home/diogo/openmc_data/endfb-vii.1-hdf5/neutron/Cm246.h5
 Reading Cm247 from /home/diogo/openmc_data/endfb-vii.1-hdf5/neutron/Cm247.h5
 Reading Cm248 from /home/diogo/openmc_data/endfb-vii.1-hdf5/neutron/Cm248.h5
 Reading Cm249 from /home/diogo/openmc_data/endfb-vii.1-hdf5/neutron/Cm249.h5
 Reading Cm250 from /home/diogo/openmc_data/endfb-vii.1-hdf5/neutron/Cm250.h5
 Reading Bk245 from /home/diogo/openmc_data/endfb-vii.1-hdf5/neutron/Bk245.h5
 Reading Bk246 from /home/diogo/openmc_data/endfb-vii.1-hdf5/neutron/Bk246.h5
 Reading Bk247 from /home/diogo/openmc_data/endfb-vii.1-hdf5/neutron/Bk247.h5
 Reading Bk248 from /home/diogo/openmc_data/endfb-vii.1-hdf5/neutron/Bk248.h5
 Reading Bk249 from /home/diogo/openmc_data/endfb-vii.1-hdf5/neutron/Bk249.h5
 Reading Bk250 from /home/diogo/openmc_data/endfb-vii.1-hdf5/neutron/Bk250.h5
 Reading Cf248 from /home/diogo/openmc_data/endfb-vii.1-hdf5/neutron/Cf248.h5
 Reading Cf249 from /home/diogo/openmc_data/endfb-vii.1-hdf5/neutron/Cf249.h5
 Reading Cf250 from /home/diogo/openmc_data/endfb-vii.1-hdf5/neutron/Cf250.h5
 WARNING: Negative value(s) found on probability table for nuclide Cf250 at 250K
 WARNING: Negative value(s) found on probability table for nuclide Cf250 at 294K
 WARNING: Negative value(s) found on probability table for nuclide Cf250 at 900K
 WARNING: Negative value(s) found on probability table for nuclide Cf250 at
          1200K
 Reading Cf251 from /home/diogo/openmc_data/endfb-vii.1-hdf5/neutron/Cf251.h5
 Reading Cf252 from /home/diogo/openmc_data/endfb-vii.1-hdf5/neutron/Cf252.h5
 Reading Cf253 from /home/diogo/openmc_data/endfb-vii.1-hdf5/neutron/Cf253.h5
 Reading Cf254 from /home/diogo/openmc_data/endfb-vii.1-hdf5/neutron/Cf254.h5
 Reading Es251 from /home/diogo/openmc_data/endfb-vii.1-hdf5/neutron/Es251.h5
 Reading Es252 from /home/diogo/openmc_data/endfb-vii.1-hdf5/neutron/Es252.h5
 Reading Es253 from /home/diogo/openmc_data/endfb-vii.1-hdf5/neutron/Es253.h5
 Reading Es254 from /home/diogo/openmc_data/endfb-vii.1-hdf5/neutron/Es254.h5
 Reading Es254_m1 from
 /home/diogo/openmc_data/endfb-vii.1-hdf5/neutron/Es254_m1.h5
 Reading Es255 from /home/diogo/openmc_data/endfb-vii.1-hdf5/neutron/Es255.h5
 Reading Fm255 from /home/diogo/openmc_data/endfb-vii.1-hdf5/neutron/Fm255.h5
 Reading Ru96 from /home/diogo/openmc_data/endfb-vii.1-hdf5/neutron/Ru96.h5
 Reading Be9 from /home/diogo/openmc_data/endfb-vii.1-hdf5/neutron/Be9.h5
 Reading Ca48 from /home/diogo/openmc_data/endfb-vii.1-hdf5/neutron/Ca48.h5
 Reading Co58_m1 from
 /home/diogo/openmc_data/endfb-vii.1-hdf5/neutron/Co58_m1.h5
 Reading Lu175 from /home/diogo/openmc_data/endfb-vii.1-hdf5/neutron/Lu175.h5
 Reading Lu176 from /home/diogo/openmc_data/endfb-vii.1-hdf5/neutron/Lu176.h5
 Reading Hf174 from /home/diogo/openmc_data/endfb-vii.1-hdf5/neutron/Hf174.h5
 Reading Hf176 from /home/diogo/openmc_data/endfb-vii.1-hdf5/neutron/Hf176.h5
 Reading Hf177 from /home/diogo/openmc_data/endfb-vii.1-hdf5/neutron/Hf177.h5
 Reading Hf178 from /home/diogo/openmc_data/endfb-vii.1-hdf5/neutron/Hf178.h5
 Reading Hf179 from /home/diogo/openmc_data/endfb-vii.1-hdf5/neutron/Hf179.h5
 Reading Hf180 from /home/diogo/openmc_data/endfb-vii.1-hdf5/neutron/Hf180.h5
 Reading Ta180 from /home/diogo/openmc_data/endfb-vii.1-hdf5/neutron/Ta180.h5
 Reading Ta181 from /home/diogo/openmc_data/endfb-vii.1-hdf5/neutron/Ta181.h5
 Reading Ta182 from /home/diogo/openmc_data/endfb-vii.1-hdf5/neutron/Ta182.h5
 Reading W180 from /home/diogo/openmc_data/endfb-vii.1-hdf5/neutron/W180.h5
 Reading W182 from /home/diogo/openmc_data/endfb-vii.1-hdf5/neutron/W182.h5
 Reading W183 from /home/diogo/openmc_data/endfb-vii.1-hdf5/neutron/W183.h5
 Reading W184 from /home/diogo/openmc_data/endfb-vii.1-hdf5/neutron/W184.h5
 Reading W186 from /home/diogo/openmc_data/endfb-vii.1-hdf5/neutron/W186.h5
 Reading Re185 from /home/diogo/openmc_data/endfb-vii.1-hdf5/neutron/Re185.h5
 Reading Re187 from /home/diogo/openmc_data/endfb-vii.1-hdf5/neutron/Re187.h5
 Reading Cf246 from /home/diogo/openmc_data/endfb-vii.1-hdf5/neutron/Cf246.h5
 Maximum neutron transport energy: 20000000 eV for H1
 Initializing source particles...

 ====================>     K EIGENVALUE SIMULATION     <====================

  Bat./Gen.      k       Entropy         Average k 
  =========   ========   ========   ====================
        1/1    0.92069    5.55344
        2/1    0.95593    5.53225
        3/1    0.93442    5.50630
        4/1    0.96677    5.50907
        5/1    0.96028    5.50096
        6/1    0.95692    5.49967
        7/1    0.95280    5.48215
        8/1    0.98107    5.47719
        9/1    0.96879    5.48320
       10/1    0.98049    5.48900
       11/1    0.98427    5.47424
       12/1    0.97305    5.47062
       13/1    0.99579    5.47651
       14/1    0.97824    5.47162
       15/1    0.98588    5.46644
       16/1    0.97584    5.47050
       17/1    0.99168    5.47206
       18/1    0.97142    5.47552
       19/1    0.97553    5.47245
       20/1    0.97642    5.47173
       21/1    0.97649    5.45274
       22/1    0.98068    5.45539
       23/1    0.96968    5.46389
       24/1    0.98438    5.46566
       25/1    0.97635    5.45937
       26/1    0.98393    5.47185
       27/1    0.97683    5.45578
       28/1    0.97712    5.47688
       29/1    0.98144    5.47176
       30/1    0.97059    5.46882
       31/1    0.98462    5.47341
       32/1    0.97440    5.47521
       33/1    0.96500    5.45784
       34/1    0.98661    5.47311
       35/1    0.97422    5.47062
       36/1    0.98555    5.48574
       37/1    0.97698    5.45805
       38/1    0.98305    5.46730
       39/1    1.00052    5.46993
       40/1    0.98809    5.47768
       41/1    0.96837    5.47642
       42/1    0.97957    5.46211
       43/1    0.96812    5.48257
       44/1    0.97602    5.48658
       45/1    0.97489    5.46126
       46/1    0.97685    5.46151
       47/1    0.98651    5.45876
       48/1    0.98100    5.47588
       49/1    0.97683    5.49061
       50/1    0.98625    5.47903
       51/1    0.96709    5.46973
       52/1    0.98838    5.47335
       53/1    0.98342    5.46670
       54/1    0.96310    5.47230
       55/1    0.97722    5.48844
       56/1    0.98041    5.48096
       57/1    0.96130    5.49016
       58/1    0.97866    5.47858
       59/1    0.99362    5.48768
       60/1    0.97792    5.49156
       61/1    0.96685    5.48968
       62/1    0.96552    5.48275    0.96618 +/- 0.00067
       63/1    0.97349    5.48017    0.96862 +/- 0.00247
       64/1    0.97523    5.49590    0.97027 +/- 0.00240
       65/1    0.97719    5.48999    0.97165 +/- 0.00232
       66/1    0.96175    5.47770    0.97000 +/- 0.00251
       67/1    0.97784    5.46512    0.97112 +/- 0.00240
       68/1    0.97934    5.47749    0.97215 +/- 0.00232
       69/1    0.96555    5.46174    0.97141 +/- 0.00217
       70/1    0.94981    5.46365    0.96925 +/- 0.00291
       71/1    0.98120    5.47419    0.97034 +/- 0.00284
       72/1    0.99912    5.47779    0.97274 +/- 0.00353
       73/1    0.96208    5.48495    0.97192 +/- 0.00335
       74/1    0.95454    5.47222    0.97068 +/- 0.00334
       75/1    0.98341    5.47009    0.97153 +/- 0.00323
       76/1    0.96472    5.48144    0.97110 +/- 0.00305
       77/1    0.97135    5.46783    0.97112 +/- 0.00286
       78/1    0.95739    5.46838    0.97035 +/- 0.00280
       79/1    0.98356    5.48025    0.97105 +/- 0.00274
       80/1    0.97953    5.47444    0.97147 +/- 0.00264
       81/1    0.96409    5.47551    0.97112 +/- 0.00253
       82/1    0.97368    5.47738    0.97124 +/- 0.00242
       83/1    0.97779    5.48175    0.97152 +/- 0.00233
       84/1    0.98226    5.47498    0.97197 +/- 0.00227
       85/1    0.97085    5.45154    0.97192 +/- 0.00218
       86/1    0.98366    5.47074    0.97238 +/- 0.00214
       87/1    0.99077    5.47671    0.97306 +/- 0.00217
       88/1    0.98690    5.47486    0.97355 +/- 0.00215
       89/1    0.97643    5.47068    0.97365 +/- 0.00208
       90/1    0.99183    5.46410    0.97426 +/- 0.00210
       91/1    0.97264    5.46966    0.97420 +/- 0.00203
       92/1    0.95221    5.46708    0.97352 +/- 0.00208
       93/1    0.97517    5.47857    0.97357 +/- 0.00202
       94/1    0.97806    5.46845    0.97370 +/- 0.00196
       95/1    0.98478    5.47971    0.97402 +/- 0.00193
       96/1    0.98438    5.47014    0.97430 +/- 0.00190
       97/1    0.98470    5.47198    0.97458 +/- 0.00187
       98/1    0.98872    5.48599    0.97496 +/- 0.00186
       99/1    0.98751    5.47968    0.97528 +/- 0.00184
      100/1    0.97649    5.46060    0.97531 +/- 0.00179
      101/1    0.99361    5.47921    0.97576 +/- 0.00180
      102/1    0.98985    5.48342    0.97609 +/- 0.00179
      103/1    0.97529    5.47073    0.97607 +/- 0.00175
      104/1    0.94949    5.47620    0.97547 +/- 0.00181
      105/1    0.96503    5.45605    0.97524 +/- 0.00179
      106/1    0.97451    5.45540    0.97522 +/- 0.00175
      107/1    0.97369    5.45614    0.97519 +/- 0.00171
      108/1    0.97695    5.46055    0.97522 +/- 0.00167
      109/1    0.97013    5.46450    0.97512 +/- 0.00164
      110/1    0.96612    5.47965    0.97494 +/- 0.00162
      111/1    0.97315    5.47974    0.97491 +/- 0.00159
      112/1    0.96917    5.46794    0.97480 +/- 0.00156
      113/1    0.97232    5.46450    0.97475 +/- 0.00153
      114/1    0.97760    5.46632    0.97480 +/- 0.00150
      115/1    0.97844    5.45782    0.97487 +/- 0.00148
      116/1    0.97781    5.45923    0.97492 +/- 0.00145
      117/1    0.99870    5.46914    0.97534 +/- 0.00149
      118/1    0.98367    5.47087    0.97548 +/- 0.00147
      119/1    0.97542    5.48746    0.97548 +/- 0.00144
      120/1    0.97183    5.48116    0.97542 +/- 0.00142
      121/1    0.95977    5.47211    0.97516 +/- 0.00142
      122/1    0.98985    5.48693    0.97540 +/- 0.00142
      123/1    0.98094    5.47410    0.97549 +/- 0.00140
      124/1    0.98612    5.46064    0.97565 +/- 0.00138
      125/1    0.96658    5.46869    0.97551 +/- 0.00137
      126/1    0.97845    5.47209    0.97556 +/- 0.00135
      127/1    0.98834    5.45072    0.97575 +/- 0.00134
      128/1    0.98810    5.46992    0.97593 +/- 0.00134
      129/1    0.96566    5.45825    0.97578 +/- 0.00132
      130/1    0.97698    5.47963    0.97580 +/- 0.00131
      131/1    0.97817    5.45894    0.97583 +/- 0.00129
      132/1    0.99409    5.47407    0.97609 +/- 0.00129
      133/1    0.99134    5.45978    0.97630 +/- 0.00129
      134/1    0.97469    5.47129    0.97627 +/- 0.00128
      135/1    0.98802    5.47713    0.97643 +/- 0.00127
      136/1    0.97445    5.47881    0.97640 +/- 0.00125
      137/1    0.97643    5.46750    0.97640 +/- 0.00124
      138/1    0.96897    5.47263    0.97631 +/- 0.00122
      139/1    0.94769    5.47672    0.97595 +/- 0.00126
      140/1    0.96003    5.49345    0.97575 +/- 0.00126
      141/1    0.97366    5.49248    0.97572 +/- 0.00125
      142/1    0.95031    5.48950    0.97541 +/- 0.00127
      143/1    0.98834    5.48368    0.97557 +/- 0.00126
      144/1    0.96646    5.48253    0.97546 +/- 0.00125
      145/1    0.97884    5.48312    0.97550 +/- 0.00124
      146/1    0.96165    5.49401    0.97534 +/- 0.00123
      147/1    0.97290    5.49881    0.97531 +/- 0.00122
      148/1    0.97628    5.48334    0.97532 +/- 0.00121
      149/1    0.97257    5.48322    0.97529 +/- 0.00119
      150/1    0.97718    5.48497    0.97531 +/- 0.00118
      151/1    0.98459    5.47217    0.97541 +/- 0.00117
      152/1    0.96327    5.47926    0.97528 +/- 0.00117
      153/1    0.98193    5.48657    0.97535 +/- 0.00116
      154/1    0.97475    5.48189    0.97535 +/- 0.00114
      155/1    0.98516    5.48926    0.97545 +/- 0.00114
      156/1    0.98871    5.47762    0.97559 +/- 0.00113
      157/1    0.97436    5.47897    0.97558 +/- 0.00112
      158/1    0.98088    5.48753    0.97563 +/- 0.00111
      159/1    0.98146    5.48587    0.97569 +/- 0.00110
      160/1    0.96190    5.48129    0.97555 +/- 0.00110
 Creating state point statepoint.160.h5...

 =======================>     TIMING STATISTICS     <=======================

 Total time for initialization     = 1.7271e+01 seconds
   Reading cross sections          = 7.6955e+00 seconds
 Total time in simulation          = 4.4143e+02 seconds
   Time in transport only          = 4.4014e+02 seconds
   Time in inactive batches        = 1.1348e+02 seconds
   Time in active batches          = 3.2796e+02 seconds
   Time synchronizing fission bank = 2.9239e-01 seconds
     Sampling source sites         = 2.5294e-01 seconds
     SEND/RECV source sites        = 3.8743e-02 seconds
   Time accumulating tallies       = 7.2651e-01 seconds
   Time writing statepoints        = 1.7769e-02 seconds
 Total time for finalization       = 1.2411e-02 seconds
 Total time elapsed                = 4.5917e+02 seconds
 Calculation Rate (inactive)       = 10574.8 particles/second
 Calculation Rate (active)         = 6098.36 particles/second

 ============================>     RESULTS     <============================

 k-effective (Collision)     = 0.97568 +/- 0.00081
 k-effective (Track-length)  = 0.97555 +/- 0.00110
 k-effective (Absorption)    = 0.97618 +/- 0.00073
 Combined k-effective        = 0.97598 +/- 0.00068
 Leakage Fraction            = 0.00741 +/- 0.00005

 Creating state point openmc_simulation_n6.h5...
[openmc.deplete] t=186069731.2168078 (final operator evaluation)
 Maximum neutron transport energy: 20000000 eV for H1
 Initializing source particles...

 ====================>     K EIGENVALUE SIMULATION     <====================

  Bat./Gen.      k       Entropy         Average k 
  =========   ========   ========   ====================
        1/1    0.90661    5.54532
        2/1    0.92569    5.52321
        3/1    0.93762    5.51330
        4/1    0.92634    5.48671
        5/1    0.94793    5.48247
        6/1    0.95743    5.47571
        7/1    0.94740    5.48740
        8/1    0.94920    5.49323
        9/1    0.95267    5.50001
       10/1    0.96630    5.48558
       11/1    0.94680    5.49040
       12/1    0.94812    5.48633
       13/1    0.94982    5.47559
       14/1    0.95768    5.48800
       15/1    0.95203    5.48126
       16/1    0.94279    5.48692
       17/1    0.95860    5.48264
       18/1    0.95129    5.48616
       19/1    0.95565    5.48036
       20/1    0.99101    5.49188
       21/1    0.96536    5.49485
       22/1    0.95738    5.49289
       23/1    0.96063    5.48785
       24/1    0.96355    5.48100
       25/1    0.94837    5.47495
       26/1    0.94415    5.47922
       27/1    0.97682    5.47885
       28/1    0.96728    5.49788
       29/1    0.95438    5.47368
       30/1    0.95391    5.48433
       31/1    0.95283    5.49629
       32/1    0.95418    5.48701
       33/1    0.94349    5.48565
       34/1    0.93061    5.47375
       35/1    0.97513    5.48365
       36/1    0.96728    5.49507
       37/1    0.94442    5.49604
       38/1    0.95309    5.49016
       39/1    0.95694    5.48849
       40/1    0.95005    5.49687
       41/1    0.96474    5.49546
       42/1    0.93435    5.48449
       43/1    0.94650    5.49819
       44/1    0.95405    5.48541
       45/1    0.94168    5.46765
       46/1    0.95913    5.47981
       47/1    0.95808    5.47773
       48/1    0.96226    5.48610
       49/1    0.97451    5.48306
       50/1    0.95818    5.48338
       51/1    0.95523    5.49576
       52/1    0.95310    5.47233
       53/1    0.95358    5.46896
       54/1    0.96375    5.48117
       55/1    0.94699    5.49261
       56/1    0.94277    5.48935
       57/1    0.93361    5.49977
       58/1    0.95626    5.48579
       59/1    0.96703    5.48601
       60/1    0.95718    5.49741
       61/1    0.95438    5.49540
       62/1    0.94134    5.48730    0.94786 +/- 0.00652
       63/1    0.96829    5.49060    0.95467 +/- 0.00778
       64/1    0.95145    5.48398    0.95387 +/- 0.00556
       65/1    0.95836    5.47525    0.95477 +/- 0.00440
       66/1    0.95743    5.46739    0.95521 +/- 0.00362
       67/1    0.94152    5.48545    0.95325 +/- 0.00363
       68/1    0.94203    5.47972    0.95185 +/- 0.00344
       69/1    0.95822    5.48795    0.95256 +/- 0.00312
       70/1    0.95876    5.48206    0.95318 +/- 0.00286
       71/1    0.95272    5.48533    0.95314 +/- 0.00258
       72/1    0.95849    5.46915    0.95358 +/- 0.00240
       73/1    0.95567    5.48235    0.95374 +/- 0.00221
       74/1    0.95433    5.48334    0.95379 +/- 0.00205
       75/1    0.95056    5.48602    0.95357 +/- 0.00192
       76/1    0.97007    5.48920    0.95460 +/- 0.00207
       77/1    0.94225    5.48319    0.95387 +/- 0.00208
       78/1    0.94453    5.50303    0.95336 +/- 0.00203
       79/1    0.95839    5.50198    0.95362 +/- 0.00193
       80/1    0.93922    5.48582    0.95290 +/- 0.00197
       81/1    0.95766    5.47918    0.95313 +/- 0.00189
       82/1    0.95049    5.49014    0.95301 +/- 0.00181
       83/1    0.95738    5.48229    0.95320 +/- 0.00174
       84/1    0.95746    5.49877    0.95338 +/- 0.00167
       85/1    0.94906    5.47343    0.95320 +/- 0.00161
       86/1    0.94086    5.49044    0.95273 +/- 0.00162
       87/1    0.95564    5.48540    0.95284 +/- 0.00156
       88/1    0.96664    5.49007    0.95333 +/- 0.00158
       89/1    0.95529    5.47775    0.95340 +/- 0.00153
       90/1    0.94889    5.48146    0.95325 +/- 0.00149
       91/1    0.96146    5.49922    0.95351 +/- 0.00146
       92/1    0.95085    5.48960    0.95343 +/- 0.00142
       93/1    0.94129    5.49924    0.95306 +/- 0.00142
       94/1    0.95163    5.50451    0.95302 +/- 0.00138
       95/1    0.94852    5.49850    0.95289 +/- 0.00135
       96/1    0.93926    5.48487    0.95251 +/- 0.00136
       97/1    0.94900    5.50056    0.95242 +/- 0.00133
       98/1    0.94883    5.50129    0.95232 +/- 0.00130
       99/1    0.95337    5.50859    0.95235 +/- 0.00126
      100/1    0.93535    5.49316    0.95192 +/- 0.00130
      101/1    0.95425    5.49078    0.95198 +/- 0.00127
      102/1    0.97239    5.47730    0.95247 +/- 0.00133
      103/1    0.96500    5.48936    0.95276 +/- 0.00133
      104/1    0.95872    5.49483    0.95289 +/- 0.00131
      105/1    0.95132    5.50327    0.95286 +/- 0.00128
      106/1    0.96089    5.49551    0.95303 +/- 0.00126
      107/1    0.95222    5.46955    0.95302 +/- 0.00124
      108/1    0.96281    5.46720    0.95322 +/- 0.00123
      109/1    0.93568    5.48383    0.95286 +/- 0.00126
      110/1    0.95326    5.49839    0.95287 +/- 0.00123
      111/1    0.95825    5.48607    0.95298 +/- 0.00121
      112/1    0.94426    5.48479    0.95281 +/- 0.00120
      113/1    0.95152    5.48247    0.95278 +/- 0.00118
      114/1    0.95844    5.49701    0.95289 +/- 0.00116
      115/1    0.94869    5.48100    0.95281 +/- 0.00114
      116/1    0.93975    5.48266    0.95258 +/- 0.00114
      117/1    0.95247    5.47813    0.95258 +/- 0.00112
      118/1    0.96452    5.47195    0.95278 +/- 0.00112
      119/1    0.95709    5.49038    0.95286 +/- 0.00111
      120/1    0.96175    5.49036    0.95300 +/- 0.00110
      121/1    0.96283    5.47959    0.95316 +/- 0.00109
      122/1    0.94434    5.48105    0.95302 +/- 0.00108
      123/1    0.95413    5.48170    0.95304 +/- 0.00107
      124/1    0.95552    5.48688    0.95308 +/- 0.00105
      125/1    0.95132    5.47281    0.95305 +/- 0.00103
      126/1    0.93940    5.48633    0.95284 +/- 0.00104
      127/1    0.95982    5.49431    0.95295 +/- 0.00103
      128/1    0.96029    5.50318    0.95306 +/- 0.00102
      129/1    0.95236    5.50079    0.95305 +/- 0.00100
      130/1    0.95153    5.48964    0.95302 +/- 0.00099
      131/1    0.95270    5.49175    0.95302 +/- 0.00098
      132/1    0.95202    5.48078    0.95301 +/- 0.00096
      133/1    0.94996    5.47196    0.95296 +/- 0.00095
      134/1    0.94568    5.47948    0.95287 +/- 0.00094
      135/1    0.96354    5.46981    0.95301 +/- 0.00094
      136/1    0.95071    5.46875    0.95298 +/- 0.00093
      137/1    0.96036    5.49121    0.95307 +/- 0.00092
      138/1    0.95481    5.49469    0.95310 +/- 0.00091
      139/1    0.96678    5.48002    0.95327 +/- 0.00091
      140/1    0.94082    5.48570    0.95311 +/- 0.00092
      141/1    0.95841    5.48757    0.95318 +/- 0.00091
      142/1    0.94482    5.47942    0.95308 +/- 0.00090
      143/1    0.94800    5.48913    0.95302 +/- 0.00089
      144/1    0.95347    5.49425    0.95302 +/- 0.00088
      145/1    0.95360    5.48694    0.95303 +/- 0.00087
      146/1    0.95740    5.48927    0.95308 +/- 0.00086
      147/1    0.96574    5.48042    0.95323 +/- 0.00087
      148/1    0.95306    5.48940    0.95322 +/- 0.00086
      149/1    0.95503    5.48586    0.95324 +/- 0.00085
      150/1    0.95191    5.49671    0.95323 +/- 0.00084
      151/1    0.96476    5.47469    0.95336 +/- 0.00084
      152/1    0.95908    5.49535    0.95342 +/- 0.00083
      153/1    0.96177    5.48075    0.95351 +/- 0.00083
      154/1    0.94978    5.47990    0.95347 +/- 0.00082
      155/1    0.95184    5.48598    0.95345 +/- 0.00081
      156/1    0.96049    5.48453    0.95352 +/- 0.00081
      157/1    0.95010    5.48808    0.95349 +/- 0.00080
      158/1    0.95032    5.48166    0.95346 +/- 0.00079
      159/1    0.94160    5.49334    0.95334 +/- 0.00079
      160/1    0.93654    5.49799    0.95317 +/- 0.00080
 Creating state point statepoint.160.h5...

 =======================>     TIMING STATISTICS     <=======================

 Total time for initialization     = 0.0000e+00 seconds
   Reading cross sections          = 0.0000e+00 seconds
 Total time in simulation          = 4.1469e+02 seconds
   Time in transport only          = 4.1346e+02 seconds
   Time in inactive batches        = 1.0085e+02 seconds
   Time in active batches          = 3.1384e+02 seconds
   Time synchronizing fission bank = 2.7991e-01 seconds
     Sampling source sites         = 2.4383e-01 seconds
     SEND/RECV source sites        = 3.5481e-02 seconds
   Time accumulating tallies       = 7.0543e-01 seconds
   Time writing statepoints        = 1.6779e-02 seconds
 Total time for finalization       = 1.0456e-02 seconds
 Total time elapsed                = 4.1520e+02 seconds
 Calculation Rate (inactive)       = 11898.3 particles/second
 Calculation Rate (active)         = 6372.71 particles/second

 ============================>     RESULTS     <============================

 k-effective (Collision)     = 0.95235 +/- 0.00070
 k-effective (Track-length)  = 0.95317 +/- 0.00080
 k-effective (Absorption)    = 0.95288 +/- 0.00069
 Combined k-effective        = 0.95275 +/- 0.00060
 Leakage Fraction            = 0.00760 +/- 0.00007

 Creating state point openmc_simulation_n7.h5...
      chunk 1: B  21.50 MWd/kgHM k 0.95275 (target 0.96782) [56.6 min]
[d47] EFPD 1893.8 d (archive 1946.7), c_max 1406 (archive 1406), hump +0 pcm [8 solves, 0.94 h]
done; run --analyse
=== Check 3: three-dimensional depletion, one material set per axial layer
C9-47  (1 layers)
  cycle length   3D  1893.8 d (sigma 8.5)   archive  1946.7 d   difference -53.0 d   margins over 1826: 3D +68, archive +121
  k_eff BOL      3D 0.99804 (s.d. 60 pcm)   2D archive 1.02728   L_ax at BOL 1.0293   (table 1.0289)
  hump (3D)      +0 pcm (no floor -3)   archive +0
  c_max          3D 1406 ppm   archive 1406   difference +0 ppm
  (the values marked 'last' are at the last computed state, B = 21.5 MWd/kgHM, past the end of cycle at B = 18.9)
  F_dH           BOL 1.656  max 1.690  last 1.525   F_z BOL 1.460  max 1.460  last 1.450   AO BOL -0.030  last -0.027   entropy conv. max 104
  layer burnup at the last state [MWd/kgHM], bottom to top: 21.5   (max/mean 1.000)
  solves 8, wall 0.94 h
check 3: designs [47], 4 layers (10 fuel segments, 48 depletable materials), transport {'particles': 20000, 'batches': 160, 'inactive': 60}, end of cycle relative, schedule {'bol_steps': [0.5, 1.0, 2.0, 4.0, 6.0], 'dep_step': 4.0, 'max_burnup': 100.0, 'chunk_steps': 2}, cached []
  C9-47: archive EFPD 1947 d, 8 depletion solves, c_max 1406 ppm
  openmc 0.15.3, chain /home/diogo/openmc_data/chain_endfb71_pwr.xml
[d47] 3D hardware core, 4 layers, 10 fuel segments, 48 depletable materials, seed 231441696, transport {'particles': 20000, 'batches': 160, 'inactive': 60}, end of cycle relative, ratio 0.96972
                                %%%%%%%%%%%%%%%
                           %%%%%%%%%%%%%%%%%%%%%%%%
                        %%%%%%%%%%%%%%%%%%%%%%%%%%%%%%
                      %%%%%%%%%%%%%%%%%%%%%%%%%%%%%%%%%%
                    %%%%%%%%%%%%%%%%%%%%%%%%%%%%%%%%%%%%%%
                   %%%%%%%%%%%%%%%%%%%%%%%%%%%%%%%%%%%%%%%%
                                    %%%%%%%%%%%%%%%%%%%%%%%%
                                     %%%%%%%%%%%%%%%%%%%%%%%%
                 ###############      %%%%%%%%%%%%%%%%%%%%%%%%
                ##################     %%%%%%%%%%%%%%%%%%%%%%%
                ###################     %%%%%%%%%%%%%%%%%%%%%%%
                ####################     %%%%%%%%%%%%%%%%%%%%%%
                #####################     %%%%%%%%%%%%%%%%%%%%%
                ######################     %%%%%%%%%%%%%%%%%%%%
                #######################     %%%%%%%%%%%%%%%%%%
                 #######################     %%%%%%%%%%%%%%%%%
                 ######################     %%%%%%%%%%%%%%%%%
                  ####################     %%%%%%%%%%%%%%%%%
                    #################     %%%%%%%%%%%%%%%%%
                     ###############     %%%%%%%%%%%%%%%%
                       ############     %%%%%%%%%%%%%%%
                          ########     %%%%%%%%%%%%%%
                                      %%%%%%%%%%%

                 | The OpenMC Monte Carlo Code
       Copyright | 2011-2025 MIT, UChicago Argonne LLC, and contributors
         License | https://docs.openmc.org/en/latest/license.html
         Version | 0.15.3
     Commit Hash | 27e38e894697bb32a1dac7848d2618818b6b8daf
       Date/Time | 2026-09-23 16:10:28
   MPI Processes | 1
  OpenMP Threads | 64

 Reading settings XML file...
 Reading cross sections XML file...
 Reading chain file: /home/diogo/openmc_data/chain_endfb71_pwr.xml...
 Reading materials XML file...
 Reading geometry XML file...
 Reading H1 from /home/diogo/openmc_data/endfb-vii.1-hdf5/neutron/H1.h5
 Reading H2 from /home/diogo/openmc_data/endfb-vii.1-hdf5/neutron/H2.h5
 Reading B10 from /home/diogo/openmc_data/endfb-vii.1-hdf5/neutron/B10.h5
 Reading B11 from /home/diogo/openmc_data/endfb-vii.1-hdf5/neutron/B11.h5
 Reading O16 from /home/diogo/openmc_data/endfb-vii.1-hdf5/neutron/O16.h5
 Reading O17 from /home/diogo/openmc_data/endfb-vii.1-hdf5/neutron/O17.h5
 Reading Cr50 from /home/diogo/openmc_data/endfb-vii.1-hdf5/neutron/Cr50.h5
 Reading Cr52 from /home/diogo/openmc_data/endfb-vii.1-hdf5/neutron/Cr52.h5
 Reading Cr53 from /home/diogo/openmc_data/endfb-vii.1-hdf5/neutron/Cr53.h5
 Reading Cr54 from /home/diogo/openmc_data/endfb-vii.1-hdf5/neutron/Cr54.h5
 Reading Mn55 from /home/diogo/openmc_data/endfb-vii.1-hdf5/neutron/Mn55.h5
 Reading Fe54 from /home/diogo/openmc_data/endfb-vii.1-hdf5/neutron/Fe54.h5
 Reading Fe56 from /home/diogo/openmc_data/endfb-vii.1-hdf5/neutron/Fe56.h5
 Reading Fe57 from /home/diogo/openmc_data/endfb-vii.1-hdf5/neutron/Fe57.h5
 Reading Fe58 from /home/diogo/openmc_data/endfb-vii.1-hdf5/neutron/Fe58.h5
 Reading Ni58 from /home/diogo/openmc_data/endfb-vii.1-hdf5/neutron/Ni58.h5
 Reading Ni60 from /home/diogo/openmc_data/endfb-vii.1-hdf5/neutron/Ni60.h5
 Reading Ni61 from /home/diogo/openmc_data/endfb-vii.1-hdf5/neutron/Ni61.h5
 Reading Ni62 from /home/diogo/openmc_data/endfb-vii.1-hdf5/neutron/Ni62.h5
 Reading Ni64 from /home/diogo/openmc_data/endfb-vii.1-hdf5/neutron/Ni64.h5
 Reading Zr90 from /home/diogo/openmc_data/endfb-vii.1-hdf5/neutron/Zr90.h5
 Reading Zr91 from /home/diogo/openmc_data/endfb-vii.1-hdf5/neutron/Zr91.h5
 Reading Zr92 from /home/diogo/openmc_data/endfb-vii.1-hdf5/neutron/Zr92.h5
 Reading Zr94 from /home/diogo/openmc_data/endfb-vii.1-hdf5/neutron/Zr94.h5
 Reading Zr96 from /home/diogo/openmc_data/endfb-vii.1-hdf5/neutron/Zr96.h5
 Reading Sn112 from /home/diogo/openmc_data/endfb-vii.1-hdf5/neutron/Sn112.h5
 Reading Sn114 from /home/diogo/openmc_data/endfb-vii.1-hdf5/neutron/Sn114.h5
 Reading Sn115 from /home/diogo/openmc_data/endfb-vii.1-hdf5/neutron/Sn115.h5
 Reading Sn116 from /home/diogo/openmc_data/endfb-vii.1-hdf5/neutron/Sn116.h5
 Reading Sn117 from /home/diogo/openmc_data/endfb-vii.1-hdf5/neutron/Sn117.h5
 Reading Sn118 from /home/diogo/openmc_data/endfb-vii.1-hdf5/neutron/Sn118.h5
 Reading Sn119 from /home/diogo/openmc_data/endfb-vii.1-hdf5/neutron/Sn119.h5
 Reading Sn120 from /home/diogo/openmc_data/endfb-vii.1-hdf5/neutron/Sn120.h5
 Reading Sn122 from /home/diogo/openmc_data/endfb-vii.1-hdf5/neutron/Sn122.h5
 Reading Sn124 from /home/diogo/openmc_data/endfb-vii.1-hdf5/neutron/Sn124.h5
 Reading He3 from /home/diogo/openmc_data/endfb-vii.1-hdf5/neutron/He3.h5
 Reading He4 from /home/diogo/openmc_data/endfb-vii.1-hdf5/neutron/He4.h5
 Reading U234 from /home/diogo/openmc_data/endfb-vii.1-hdf5/neutron/U234.h5
 Reading U235 from /home/diogo/openmc_data/endfb-vii.1-hdf5/neutron/U235.h5
 Reading U238 from /home/diogo/openmc_data/endfb-vii.1-hdf5/neutron/U238.h5
 Reading Gd152 from /home/diogo/openmc_data/endfb-vii.1-hdf5/neutron/Gd152.h5
 Reading Gd154 from /home/diogo/openmc_data/endfb-vii.1-hdf5/neutron/Gd154.h5
 Reading Gd155 from /home/diogo/openmc_data/endfb-vii.1-hdf5/neutron/Gd155.h5
 Reading Gd156 from /home/diogo/openmc_data/endfb-vii.1-hdf5/neutron/Gd156.h5
 Reading Gd157 from /home/diogo/openmc_data/endfb-vii.1-hdf5/neutron/Gd157.h5
 Reading Gd158 from /home/diogo/openmc_data/endfb-vii.1-hdf5/neutron/Gd158.h5
 Reading Gd160 from /home/diogo/openmc_data/endfb-vii.1-hdf5/neutron/Gd160.h5
 Reading Si28 from /home/diogo/openmc_data/endfb-vii.1-hdf5/neutron/Si28.h5
 Reading Si29 from /home/diogo/openmc_data/endfb-vii.1-hdf5/neutron/Si29.h5
 Reading Si30 from /home/diogo/openmc_data/endfb-vii.1-hdf5/neutron/Si30.h5
 Reading Ag107 from /home/diogo/openmc_data/endfb-vii.1-hdf5/neutron/Ag107.h5
 Reading Ag109 from /home/diogo/openmc_data/endfb-vii.1-hdf5/neutron/Ag109.h5
 Reading Cd106 from /home/diogo/openmc_data/endfb-vii.1-hdf5/neutron/Cd106.h5
 WARNING: Negative value(s) found on probability table for nuclide Cd106 at 294K
 WARNING: Negative value(s) found on probability table for nuclide Cd106 at 600K
 WARNING: Negative value(s) found on probability table for nuclide Cd106 at 900K
 WARNING: Negative value(s) found on probability table for nuclide Cd106 at
          1200K
 WARNING: Negative value(s) found on probability table for nuclide Cd106 at
          2500K
 Reading Cd108 from /home/diogo/openmc_data/endfb-vii.1-hdf5/neutron/Cd108.h5
 Reading Cd110 from /home/diogo/openmc_data/endfb-vii.1-hdf5/neutron/Cd110.h5
 Reading Cd111 from /home/diogo/openmc_data/endfb-vii.1-hdf5/neutron/Cd111.h5
 Reading Cd112 from /home/diogo/openmc_data/endfb-vii.1-hdf5/neutron/Cd112.h5
 Reading Cd113 from /home/diogo/openmc_data/endfb-vii.1-hdf5/neutron/Cd113.h5
 Reading Cd114 from /home/diogo/openmc_data/endfb-vii.1-hdf5/neutron/Cd114.h5
 Reading Cd116 from /home/diogo/openmc_data/endfb-vii.1-hdf5/neutron/Cd116.h5
 Reading In113 from /home/diogo/openmc_data/endfb-vii.1-hdf5/neutron/In113.h5
 Reading In115 from /home/diogo/openmc_data/endfb-vii.1-hdf5/neutron/In115.h5
 Reading c_H_in_H2O from
 /home/diogo/openmc_data/endfb-vii.1-hdf5/neutron/c_H_in_H2O.h5
 Minimum neutron data temperature: 294 K
 Maximum neutron data temperature: 2500 K
 Reading tallies XML file...
 Preparing distributed cell instances...
 Reading plot XML file...
 Writing summary.h5 file...
[openmc.deplete] t=0.0 s, dt=4327203.051553669 s, source=47715391.07417822
 Reading H3 from /home/diogo/openmc_data/endfb-vii.1-hdf5/neutron/H3.h5
 Reading Li6 from /home/diogo/openmc_data/endfb-vii.1-hdf5/neutron/Li6.h5
 Reading Li7 from /home/diogo/openmc_data/endfb-vii.1-hdf5/neutron/Li7.h5
 Reading Be9 from /home/diogo/openmc_data/endfb-vii.1-hdf5/neutron/Be9.h5
 Reading N14 from /home/diogo/openmc_data/endfb-vii.1-hdf5/neutron/N14.h5
 Reading N15 from /home/diogo/openmc_data/endfb-vii.1-hdf5/neutron/N15.h5
 Reading F19 from /home/diogo/openmc_data/endfb-vii.1-hdf5/neutron/F19.h5
 Reading Na22 from /home/diogo/openmc_data/endfb-vii.1-hdf5/neutron/Na22.h5
 WARNING: Negative value(s) found on probability table for nuclide Na22 at 250K
 WARNING: Negative value(s) found on probability table for nuclide Na22 at 294K
 WARNING: Negative value(s) found on probability table for nuclide Na22 at 600K
 WARNING: Negative value(s) found on probability table for nuclide Na22 at 900K
 WARNING: Negative value(s) found on probability table for nuclide Na22 at 1200K
 WARNING: Negative value(s) found on probability table for nuclide Na22 at 2500K
 Reading Na23 from /home/diogo/openmc_data/endfb-vii.1-hdf5/neutron/Na23.h5
 Reading Mg24 from /home/diogo/openmc_data/endfb-vii.1-hdf5/neutron/Mg24.h5
 Reading Mg25 from /home/diogo/openmc_data/endfb-vii.1-hdf5/neutron/Mg25.h5
 Reading Mg26 from /home/diogo/openmc_data/endfb-vii.1-hdf5/neutron/Mg26.h5
 Reading Al27 from /home/diogo/openmc_data/endfb-vii.1-hdf5/neutron/Al27.h5
 Reading P31 from /home/diogo/openmc_data/endfb-vii.1-hdf5/neutron/P31.h5
 Reading S32 from /home/diogo/openmc_data/endfb-vii.1-hdf5/neutron/S32.h5
 Reading S33 from /home/diogo/openmc_data/endfb-vii.1-hdf5/neutron/S33.h5
 Reading S34 from /home/diogo/openmc_data/endfb-vii.1-hdf5/neutron/S34.h5
 Reading S36 from /home/diogo/openmc_data/endfb-vii.1-hdf5/neutron/S36.h5
 Reading Cl35 from /home/diogo/openmc_data/endfb-vii.1-hdf5/neutron/Cl35.h5
 Reading Cl37 from /home/diogo/openmc_data/endfb-vii.1-hdf5/neutron/Cl37.h5
 Reading Ar36 from /home/diogo/openmc_data/endfb-vii.1-hdf5/neutron/Ar36.h5
 WARNING: Negative value(s) found on probability table for nuclide Ar36 at 250K
 WARNING: Negative value(s) found on probability table for nuclide Ar36 at 294K
 WARNING: Negative value(s) found on probability table for nuclide Ar36 at 600K
 WARNING: Negative value(s) found on probability table for nuclide Ar36 at 900K
 WARNING: Negative value(s) found on probability table for nuclide Ar36 at 1200K
 WARNING: Negative value(s) found on probability table for nuclide Ar36 at 2500K
 Reading Ar38 from /home/diogo/openmc_data/endfb-vii.1-hdf5/neutron/Ar38.h5
 Reading Ar40 from /home/diogo/openmc_data/endfb-vii.1-hdf5/neutron/Ar40.h5
 Reading K39 from /home/diogo/openmc_data/endfb-vii.1-hdf5/neutron/K39.h5
 Reading K40 from /home/diogo/openmc_data/endfb-vii.1-hdf5/neutron/K40.h5
 Reading K41 from /home/diogo/openmc_data/endfb-vii.1-hdf5/neutron/K41.h5
 Reading Ca40 from /home/diogo/openmc_data/endfb-vii.1-hdf5/neutron/Ca40.h5
 Reading Ca42 from /home/diogo/openmc_data/endfb-vii.1-hdf5/neutron/Ca42.h5
 Reading Ca43 from /home/diogo/openmc_data/endfb-vii.1-hdf5/neutron/Ca43.h5
 Reading Ca44 from /home/diogo/openmc_data/endfb-vii.1-hdf5/neutron/Ca44.h5
 Reading Ca46 from /home/diogo/openmc_data/endfb-vii.1-hdf5/neutron/Ca46.h5
 Reading Ca48 from /home/diogo/openmc_data/endfb-vii.1-hdf5/neutron/Ca48.h5
 Reading Sc45 from /home/diogo/openmc_data/endfb-vii.1-hdf5/neutron/Sc45.h5
 Reading Ti46 from /home/diogo/openmc_data/endfb-vii.1-hdf5/neutron/Ti46.h5
 Reading Ti47 from /home/diogo/openmc_data/endfb-vii.1-hdf5/neutron/Ti47.h5
 Reading Ti48 from /home/diogo/openmc_data/endfb-vii.1-hdf5/neutron/Ti48.h5
 Reading Ti49 from /home/diogo/openmc_data/endfb-vii.1-hdf5/neutron/Ti49.h5
 Reading Ti50 from /home/diogo/openmc_data/endfb-vii.1-hdf5/neutron/Ti50.h5
 Reading V50 from /home/diogo/openmc_data/endfb-vii.1-hdf5/neutron/V50.h5
 Reading V51 from /home/diogo/openmc_data/endfb-vii.1-hdf5/neutron/V51.h5
 Reading Co58 from /home/diogo/openmc_data/endfb-vii.1-hdf5/neutron/Co58.h5
 Reading Co58_m1 from
 /home/diogo/openmc_data/endfb-vii.1-hdf5/neutron/Co58_m1.h5
 Reading Co59 from /home/diogo/openmc_data/endfb-vii.1-hdf5/neutron/Co59.h5
 Reading Ni59 from /home/diogo/openmc_data/endfb-vii.1-hdf5/neutron/Ni59.h5
 Reading Cu63 from /home/diogo/openmc_data/endfb-vii.1-hdf5/neutron/Cu63.h5
 Reading Cu65 from /home/diogo/openmc_data/endfb-vii.1-hdf5/neutron/Cu65.h5
 Reading Zn64 from /home/diogo/openmc_data/endfb-vii.1-hdf5/neutron/Zn64.h5
 Reading Zn65 from /home/diogo/openmc_data/endfb-vii.1-hdf5/neutron/Zn65.h5
 Reading Zn66 from /home/diogo/openmc_data/endfb-vii.1-hdf5/neutron/Zn66.h5
 Reading Zn67 from /home/diogo/openmc_data/endfb-vii.1-hdf5/neutron/Zn67.h5
 Reading Zn68 from /home/diogo/openmc_data/endfb-vii.1-hdf5/neutron/Zn68.h5
 Reading Zn70 from /home/diogo/openmc_data/endfb-vii.1-hdf5/neutron/Zn70.h5
 Reading Ga69 from /home/diogo/openmc_data/endfb-vii.1-hdf5/neutron/Ga69.h5
 Reading Ga71 from /home/diogo/openmc_data/endfb-vii.1-hdf5/neutron/Ga71.h5
 Reading Ge70 from /home/diogo/openmc_data/endfb-vii.1-hdf5/neutron/Ge70.h5
 Reading Ge72 from /home/diogo/openmc_data/endfb-vii.1-hdf5/neutron/Ge72.h5
 Reading Ge73 from /home/diogo/openmc_data/endfb-vii.1-hdf5/neutron/Ge73.h5
 Reading Ge74 from /home/diogo/openmc_data/endfb-vii.1-hdf5/neutron/Ge74.h5
 Reading Ge76 from /home/diogo/openmc_data/endfb-vii.1-hdf5/neutron/Ge76.h5
 Reading As74 from /home/diogo/openmc_data/endfb-vii.1-hdf5/neutron/As74.h5
 Reading As75 from /home/diogo/openmc_data/endfb-vii.1-hdf5/neutron/As75.h5
 Reading Se74 from /home/diogo/openmc_data/endfb-vii.1-hdf5/neutron/Se74.h5
 Reading Se76 from /home/diogo/openmc_data/endfb-vii.1-hdf5/neutron/Se76.h5
 Reading Se77 from /home/diogo/openmc_data/endfb-vii.1-hdf5/neutron/Se77.h5
 Reading Se78 from /home/diogo/openmc_data/endfb-vii.1-hdf5/neutron/Se78.h5
 Reading Se79 from /home/diogo/openmc_data/endfb-vii.1-hdf5/neutron/Se79.h5
 WARNING: Negative value(s) found on probability table for nuclide Se79 at 250K
 WARNING: Negative value(s) found on probability table for nuclide Se79 at 294K
 WARNING: Negative value(s) found on probability table for nuclide Se79 at 600K
 WARNING: Negative value(s) found on probability table for nuclide Se79 at 900K
 WARNING: Negative value(s) found on probability table for nuclide Se79 at 1200K
 Reading Se80 from /home/diogo/openmc_data/endfb-vii.1-hdf5/neutron/Se80.h5
 Reading Se82 from /home/diogo/openmc_data/endfb-vii.1-hdf5/neutron/Se82.h5
 Reading Br79 from /home/diogo/openmc_data/endfb-vii.1-hdf5/neutron/Br79.h5
 Reading Br81 from /home/diogo/openmc_data/endfb-vii.1-hdf5/neutron/Br81.h5
 Reading Kr78 from /home/diogo/openmc_data/endfb-vii.1-hdf5/neutron/Kr78.h5
 Reading Kr80 from /home/diogo/openmc_data/endfb-vii.1-hdf5/neutron/Kr80.h5
 Reading Kr82 from /home/diogo/openmc_data/endfb-vii.1-hdf5/neutron/Kr82.h5
 Reading Kr83 from /home/diogo/openmc_data/endfb-vii.1-hdf5/neutron/Kr83.h5
 Reading Kr84 from /home/diogo/openmc_data/endfb-vii.1-hdf5/neutron/Kr84.h5
 Reading Kr85 from /home/diogo/openmc_data/endfb-vii.1-hdf5/neutron/Kr85.h5
 Reading Kr86 from /home/diogo/openmc_data/endfb-vii.1-hdf5/neutron/Kr86.h5
 Reading Rb85 from /home/diogo/openmc_data/endfb-vii.1-hdf5/neutron/Rb85.h5
 Reading Rb86 from /home/diogo/openmc_data/endfb-vii.1-hdf5/neutron/Rb86.h5
 Reading Rb87 from /home/diogo/openmc_data/endfb-vii.1-hdf5/neutron/Rb87.h5
 Reading Sr84 from /home/diogo/openmc_data/endfb-vii.1-hdf5/neutron/Sr84.h5
 Reading Sr86 from /home/diogo/openmc_data/endfb-vii.1-hdf5/neutron/Sr86.h5
 Reading Sr87 from /home/diogo/openmc_data/endfb-vii.1-hdf5/neutron/Sr87.h5
 Reading Sr88 from /home/diogo/openmc_data/endfb-vii.1-hdf5/neutron/Sr88.h5
 Reading Sr89 from /home/diogo/openmc_data/endfb-vii.1-hdf5/neutron/Sr89.h5
 Reading Sr90 from /home/diogo/openmc_data/endfb-vii.1-hdf5/neutron/Sr90.h5
 Reading Y89 from /home/diogo/openmc_data/endfb-vii.1-hdf5/neutron/Y89.h5
 Reading Y90 from /home/diogo/openmc_data/endfb-vii.1-hdf5/neutron/Y90.h5
 Reading Y91 from /home/diogo/openmc_data/endfb-vii.1-hdf5/neutron/Y91.h5
 Reading Zr93 from /home/diogo/openmc_data/endfb-vii.1-hdf5/neutron/Zr93.h5
 Reading Zr95 from /home/diogo/openmc_data/endfb-vii.1-hdf5/neutron/Zr95.h5
 Reading Nb93 from /home/diogo/openmc_data/endfb-vii.1-hdf5/neutron/Nb93.h5
 Reading Nb94 from /home/diogo/openmc_data/endfb-vii.1-hdf5/neutron/Nb94.h5
 WARNING: Negative value(s) found on probability table for nuclide Nb94 at 250K
 WARNING: Negative value(s) found on probability table for nuclide Nb94 at 294K
 WARNING: Negative value(s) found on probability table for nuclide Nb94 at 600K
 WARNING: Negative value(s) found on probability table for nuclide Nb94 at 900K
 WARNING: Negative value(s) found on probability table for nuclide Nb94 at 1200K
 WARNING: Negative value(s) found on probability table for nuclide Nb94 at 2500K
 Reading Nb95 from /home/diogo/openmc_data/endfb-vii.1-hdf5/neutron/Nb95.h5
 WARNING: Negative value(s) found on probability table for nuclide Nb95 at 250K
 WARNING: Negative value(s) found on probability table for nuclide Nb95 at 294K
 WARNING: Negative value(s) found on probability table for nuclide Nb95 at 600K
 WARNING: Negative value(s) found on probability table for nuclide Nb95 at 900K
 WARNING: Negative value(s) found on probability table for nuclide Nb95 at 1200K
 Reading Mo92 from /home/diogo/openmc_data/endfb-vii.1-hdf5/neutron/Mo92.h5
 Reading Mo94 from /home/diogo/openmc_data/endfb-vii.1-hdf5/neutron/Mo94.h5
 Reading Mo95 from /home/diogo/openmc_data/endfb-vii.1-hdf5/neutron/Mo95.h5
 Reading Mo96 from /home/diogo/openmc_data/endfb-vii.1-hdf5/neutron/Mo96.h5
 Reading Mo97 from /home/diogo/openmc_data/endfb-vii.1-hdf5/neutron/Mo97.h5
 Reading Mo98 from /home/diogo/openmc_data/endfb-vii.1-hdf5/neutron/Mo98.h5
 Reading Mo99 from /home/diogo/openmc_data/endfb-vii.1-hdf5/neutron/Mo99.h5
 WARNING: Negative value(s) found on probability table for nuclide Mo99 at 250K
 WARNING: Negative value(s) found on probability table for nuclide Mo99 at 294K
 WARNING: Negative value(s) found on probability table for nuclide Mo99 at 600K
 WARNING: Negative value(s) found on probability table for nuclide Mo99 at 900K
 WARNING: Negative value(s) found on probability table for nuclide Mo99 at 1200K
 WARNING: Negative value(s) found on probability table for nuclide Mo99 at 2500K
 Reading Mo100 from /home/diogo/openmc_data/endfb-vii.1-hdf5/neutron/Mo100.h5
 Reading Tc99 from /home/diogo/openmc_data/endfb-vii.1-hdf5/neutron/Tc99.h5
 Reading Ru96 from /home/diogo/openmc_data/endfb-vii.1-hdf5/neutron/Ru96.h5
 Reading Ru98 from /home/diogo/openmc_data/endfb-vii.1-hdf5/neutron/Ru98.h5
 Reading Ru99 from /home/diogo/openmc_data/endfb-vii.1-hdf5/neutron/Ru99.h5
 Reading Ru100 from /home/diogo/openmc_data/endfb-vii.1-hdf5/neutron/Ru100.h5
 Reading Ru101 from /home/diogo/openmc_data/endfb-vii.1-hdf5/neutron/Ru101.h5
 Reading Ru102 from /home/diogo/openmc_data/endfb-vii.1-hdf5/neutron/Ru102.h5
 Reading Ru103 from /home/diogo/openmc_data/endfb-vii.1-hdf5/neutron/Ru103.h5
 Reading Ru104 from /home/diogo/openmc_data/endfb-vii.1-hdf5/neutron/Ru104.h5
 Reading Ru105 from /home/diogo/openmc_data/endfb-vii.1-hdf5/neutron/Ru105.h5
 Reading Ru106 from /home/diogo/openmc_data/endfb-vii.1-hdf5/neutron/Ru106.h5
 Reading Rh103 from /home/diogo/openmc_data/endfb-vii.1-hdf5/neutron/Rh103.h5
 Reading Rh105 from /home/diogo/openmc_data/endfb-vii.1-hdf5/neutron/Rh105.h5
 Reading Pd102 from /home/diogo/openmc_data/endfb-vii.1-hdf5/neutron/Pd102.h5
 Reading Pd104 from /home/diogo/openmc_data/endfb-vii.1-hdf5/neutron/Pd104.h5
 Reading Pd105 from /home/diogo/openmc_data/endfb-vii.1-hdf5/neutron/Pd105.h5
 Reading Pd106 from /home/diogo/openmc_data/endfb-vii.1-hdf5/neutron/Pd106.h5
 Reading Pd107 from /home/diogo/openmc_data/endfb-vii.1-hdf5/neutron/Pd107.h5
 Reading Pd108 from /home/diogo/openmc_data/endfb-vii.1-hdf5/neutron/Pd108.h5
 Reading Pd110 from /home/diogo/openmc_data/endfb-vii.1-hdf5/neutron/Pd110.h5
 Reading Ag110_m1 from
 /home/diogo/openmc_data/endfb-vii.1-hdf5/neutron/Ag110_m1.h5
 Reading Ag111 from /home/diogo/openmc_data/endfb-vii.1-hdf5/neutron/Ag111.h5
 Reading Cd115_m1 from
 /home/diogo/openmc_data/endfb-vii.1-hdf5/neutron/Cd115_m1.h5
 Reading Sn113 from /home/diogo/openmc_data/endfb-vii.1-hdf5/neutron/Sn113.h5
 Reading Sn123 from /home/diogo/openmc_data/endfb-vii.1-hdf5/neutron/Sn123.h5
 WARNING: Negative value(s) found on probability table for nuclide Sn123 at 250K
 WARNING: Negative value(s) found on probability table for nuclide Sn123 at 294K
 WARNING: Negative value(s) found on probability table for nuclide Sn123 at 600K
 WARNING: Negative value(s) found on probability table for nuclide Sn123 at 900K
 WARNING: Negative value(s) found on probability table for nuclide Sn123 at
          1200K
 WARNING: Negative value(s) found on probability table for nuclide Sn123 at
          2500K
 Reading Sn125 from /home/diogo/openmc_data/endfb-vii.1-hdf5/neutron/Sn125.h5
 Reading Sn126 from /home/diogo/openmc_data/endfb-vii.1-hdf5/neutron/Sn126.h5
 Reading Sb121 from /home/diogo/openmc_data/endfb-vii.1-hdf5/neutron/Sb121.h5
 Reading Sb123 from /home/diogo/openmc_data/endfb-vii.1-hdf5/neutron/Sb123.h5
 Reading Sb124 from /home/diogo/openmc_data/endfb-vii.1-hdf5/neutron/Sb124.h5
 Reading Sb125 from /home/diogo/openmc_data/endfb-vii.1-hdf5/neutron/Sb125.h5
 Reading Sb126 from /home/diogo/openmc_data/endfb-vii.1-hdf5/neutron/Sb126.h5
 Reading Te120 from /home/diogo/openmc_data/endfb-vii.1-hdf5/neutron/Te120.h5
 WARNING: Negative value(s) found on probability table for nuclide Te120 at 600K
 WARNING: Negative value(s) found on probability table for nuclide Te120 at 900K
 WARNING: Negative value(s) found on probability table for nuclide Te120 at
          1200K
 WARNING: Negative value(s) found on probability table for nuclide Te120 at
          2500K
 Reading Te122 from /home/diogo/openmc_data/endfb-vii.1-hdf5/neutron/Te122.h5
 Reading Te123 from /home/diogo/openmc_data/endfb-vii.1-hdf5/neutron/Te123.h5
 Reading Te124 from /home/diogo/openmc_data/endfb-vii.1-hdf5/neutron/Te124.h5
 Reading Te125 from /home/diogo/openmc_data/endfb-vii.1-hdf5/neutron/Te125.h5
 Reading Te126 from /home/diogo/openmc_data/endfb-vii.1-hdf5/neutron/Te126.h5
 Reading Te127_m1 from
 /home/diogo/openmc_data/endfb-vii.1-hdf5/neutron/Te127_m1.h5
 Reading Te128 from /home/diogo/openmc_data/endfb-vii.1-hdf5/neutron/Te128.h5
 Reading Te129_m1 from
 /home/diogo/openmc_data/endfb-vii.1-hdf5/neutron/Te129_m1.h5
 Reading Te130 from /home/diogo/openmc_data/endfb-vii.1-hdf5/neutron/Te130.h5
 Reading Te132 from /home/diogo/openmc_data/endfb-vii.1-hdf5/neutron/Te132.h5
 Reading I127 from /home/diogo/openmc_data/endfb-vii.1-hdf5/neutron/I127.h5
 Reading I129 from /home/diogo/openmc_data/endfb-vii.1-hdf5/neutron/I129.h5
 Reading I130 from /home/diogo/openmc_data/endfb-vii.1-hdf5/neutron/I130.h5
 Reading I131 from /home/diogo/openmc_data/endfb-vii.1-hdf5/neutron/I131.h5
 WARNING: Negative value(s) found on probability table for nuclide I131 at 250K
 WARNING: Negative value(s) found on probability table for nuclide I131 at 294K
 WARNING: Negative value(s) found on probability table for nuclide I131 at 600K
 WARNING: Negative value(s) found on probability table for nuclide I131 at 900K
 WARNING: Negative value(s) found on probability table for nuclide I131 at 1200K
 WARNING: Negative value(s) found on probability table for nuclide I131 at 2500K
 Reading I135 from /home/diogo/openmc_data/endfb-vii.1-hdf5/neutron/I135.h5
 Reading Xe123 from /home/diogo/openmc_data/endfb-vii.1-hdf5/neutron/Xe123.h5
 Reading Xe124 from /home/diogo/openmc_data/endfb-vii.1-hdf5/neutron/Xe124.h5
 Reading Xe126 from /home/diogo/openmc_data/endfb-vii.1-hdf5/neutron/Xe126.h5
 Reading Xe128 from /home/diogo/openmc_data/endfb-vii.1-hdf5/neutron/Xe128.h5
 Reading Xe129 from /home/diogo/openmc_data/endfb-vii.1-hdf5/neutron/Xe129.h5
 Reading Xe130 from /home/diogo/openmc_data/endfb-vii.1-hdf5/neutron/Xe130.h5
 Reading Xe131 from /home/diogo/openmc_data/endfb-vii.1-hdf5/neutron/Xe131.h5
 Reading Xe132 from /home/diogo/openmc_data/endfb-vii.1-hdf5/neutron/Xe132.h5
 Reading Xe133 from /home/diogo/openmc_data/endfb-vii.1-hdf5/neutron/Xe133.h5
 WARNING: Negative value(s) found on probability table for nuclide Xe133 at
          2500K
 Reading Xe134 from /home/diogo/openmc_data/endfb-vii.1-hdf5/neutron/Xe134.h5
 Reading Xe135 from /home/diogo/openmc_data/endfb-vii.1-hdf5/neutron/Xe135.h5
 Reading Xe136 from /home/diogo/openmc_data/endfb-vii.1-hdf5/neutron/Xe136.h5
 Reading Cs133 from /home/diogo/openmc_data/endfb-vii.1-hdf5/neutron/Cs133.h5
 Reading Cs134 from /home/diogo/openmc_data/endfb-vii.1-hdf5/neutron/Cs134.h5
 Reading Cs135 from /home/diogo/openmc_data/endfb-vii.1-hdf5/neutron/Cs135.h5
 Reading Cs136 from /home/diogo/openmc_data/endfb-vii.1-hdf5/neutron/Cs136.h5
 WARNING: Negative value(s) found on probability table for nuclide Cs136 at 250K
 WARNING: Negative value(s) found on probability table for nuclide Cs136 at 294K
 WARNING: Negative value(s) found on probability table for nuclide Cs136 at 600K
 WARNING: Negative value(s) found on probability table for nuclide Cs136 at 900K
 WARNING: Negative value(s) found on probability table for nuclide Cs136 at
          1200K
 WARNING: Negative value(s) found on probability table for nuclide Cs136 at
          2500K
 Reading Cs137 from /home/diogo/openmc_data/endfb-vii.1-hdf5/neutron/Cs137.h5
 Reading Ba130 from /home/diogo/openmc_data/endfb-vii.1-hdf5/neutron/Ba130.h5
 Reading Ba132 from /home/diogo/openmc_data/endfb-vii.1-hdf5/neutron/Ba132.h5
 Reading Ba133 from /home/diogo/openmc_data/endfb-vii.1-hdf5/neutron/Ba133.h5
 Reading Ba134 from /home/diogo/openmc_data/endfb-vii.1-hdf5/neutron/Ba134.h5
 Reading Ba135 from /home/diogo/openmc_data/endfb-vii.1-hdf5/neutron/Ba135.h5
 Reading Ba136 from /home/diogo/openmc_data/endfb-vii.1-hdf5/neutron/Ba136.h5
 Reading Ba137 from /home/diogo/openmc_data/endfb-vii.1-hdf5/neutron/Ba137.h5
 Reading Ba138 from /home/diogo/openmc_data/endfb-vii.1-hdf5/neutron/Ba138.h5
 Reading Ba140 from /home/diogo/openmc_data/endfb-vii.1-hdf5/neutron/Ba140.h5
 Reading La138 from /home/diogo/openmc_data/endfb-vii.1-hdf5/neutron/La138.h5
 Reading La139 from /home/diogo/openmc_data/endfb-vii.1-hdf5/neutron/La139.h5
 Reading La140 from /home/diogo/openmc_data/endfb-vii.1-hdf5/neutron/La140.h5
 Reading Ce136 from /home/diogo/openmc_data/endfb-vii.1-hdf5/neutron/Ce136.h5
 Reading Ce138 from /home/diogo/openmc_data/endfb-vii.1-hdf5/neutron/Ce138.h5
 Reading Ce139 from /home/diogo/openmc_data/endfb-vii.1-hdf5/neutron/Ce139.h5
 Reading Ce140 from /home/diogo/openmc_data/endfb-vii.1-hdf5/neutron/Ce140.h5
 Reading Ce141 from /home/diogo/openmc_data/endfb-vii.1-hdf5/neutron/Ce141.h5
 Reading Ce142 from /home/diogo/openmc_data/endfb-vii.1-hdf5/neutron/Ce142.h5
 Reading Ce143 from /home/diogo/openmc_data/endfb-vii.1-hdf5/neutron/Ce143.h5
 Reading Ce144 from /home/diogo/openmc_data/endfb-vii.1-hdf5/neutron/Ce144.h5
 Reading Pr141 from /home/diogo/openmc_data/endfb-vii.1-hdf5/neutron/Pr141.h5
 Reading Pr142 from /home/diogo/openmc_data/endfb-vii.1-hdf5/neutron/Pr142.h5
 Reading Pr143 from /home/diogo/openmc_data/endfb-vii.1-hdf5/neutron/Pr143.h5
 Reading Nd142 from /home/diogo/openmc_data/endfb-vii.1-hdf5/neutron/Nd142.h5
 Reading Nd143 from /home/diogo/openmc_data/endfb-vii.1-hdf5/neutron/Nd143.h5
 Reading Nd144 from /home/diogo/openmc_data/endfb-vii.1-hdf5/neutron/Nd144.h5
 Reading Nd145 from /home/diogo/openmc_data/endfb-vii.1-hdf5/neutron/Nd145.h5
 Reading Nd146 from /home/diogo/openmc_data/endfb-vii.1-hdf5/neutron/Nd146.h5
 Reading Nd147 from /home/diogo/openmc_data/endfb-vii.1-hdf5/neutron/Nd147.h5
 Reading Nd148 from /home/diogo/openmc_data/endfb-vii.1-hdf5/neutron/Nd148.h5
 Reading Nd150 from /home/diogo/openmc_data/endfb-vii.1-hdf5/neutron/Nd150.h5
 Reading Pm147 from /home/diogo/openmc_data/endfb-vii.1-hdf5/neutron/Pm147.h5
 Reading Pm148 from /home/diogo/openmc_data/endfb-vii.1-hdf5/neutron/Pm148.h5
 Reading Pm148_m1 from
 /home/diogo/openmc_data/endfb-vii.1-hdf5/neutron/Pm148_m1.h5
 Reading Pm149 from /home/diogo/openmc_data/endfb-vii.1-hdf5/neutron/Pm149.h5
 Reading Pm151 from /home/diogo/openmc_data/endfb-vii.1-hdf5/neutron/Pm151.h5
 Reading Sm144 from /home/diogo/openmc_data/endfb-vii.1-hdf5/neutron/Sm144.h5
 Reading Sm147 from /home/diogo/openmc_data/endfb-vii.1-hdf5/neutron/Sm147.h5
 Reading Sm148 from /home/diogo/openmc_data/endfb-vii.1-hdf5/neutron/Sm148.h5
 Reading Sm149 from /home/diogo/openmc_data/endfb-vii.1-hdf5/neutron/Sm149.h5
 Reading Sm150 from /home/diogo/openmc_data/endfb-vii.1-hdf5/neutron/Sm150.h5
 Reading Sm151 from /home/diogo/openmc_data/endfb-vii.1-hdf5/neutron/Sm151.h5
 Reading Sm152 from /home/diogo/openmc_data/endfb-vii.1-hdf5/neutron/Sm152.h5
 Reading Sm153 from /home/diogo/openmc_data/endfb-vii.1-hdf5/neutron/Sm153.h5
 Reading Sm154 from /home/diogo/openmc_data/endfb-vii.1-hdf5/neutron/Sm154.h5
 Reading Eu151 from /home/diogo/openmc_data/endfb-vii.1-hdf5/neutron/Eu151.h5
 Reading Eu152 from /home/diogo/openmc_data/endfb-vii.1-hdf5/neutron/Eu152.h5
 Reading Eu153 from /home/diogo/openmc_data/endfb-vii.1-hdf5/neutron/Eu153.h5
 Reading Eu154 from /home/diogo/openmc_data/endfb-vii.1-hdf5/neutron/Eu154.h5
 Reading Eu155 from /home/diogo/openmc_data/endfb-vii.1-hdf5/neutron/Eu155.h5
 Reading Eu156 from /home/diogo/openmc_data/endfb-vii.1-hdf5/neutron/Eu156.h5
 WARNING: Negative value(s) found on probability table for nuclide Eu156 at 250K
 WARNING: Negative value(s) found on probability table for nuclide Eu156 at 294K
 WARNING: Negative value(s) found on probability table for nuclide Eu156 at 600K
 WARNING: Negative value(s) found on probability table for nuclide Eu156 at 900K
 WARNING: Negative value(s) found on probability table for nuclide Eu156 at
          1200K
 WARNING: Negative value(s) found on probability table for nuclide Eu156 at
          2500K
 Reading Eu157 from /home/diogo/openmc_data/endfb-vii.1-hdf5/neutron/Eu157.h5
 Reading Gd153 from /home/diogo/openmc_data/endfb-vii.1-hdf5/neutron/Gd153.h5
 Reading Tb159 from /home/diogo/openmc_data/endfb-vii.1-hdf5/neutron/Tb159.h5
 Reading Tb160 from /home/diogo/openmc_data/endfb-vii.1-hdf5/neutron/Tb160.h5
 Reading Dy156 from /home/diogo/openmc_data/endfb-vii.1-hdf5/neutron/Dy156.h5
 Reading Dy158 from /home/diogo/openmc_data/endfb-vii.1-hdf5/neutron/Dy158.h5
 Reading Dy160 from /home/diogo/openmc_data/endfb-vii.1-hdf5/neutron/Dy160.h5
 Reading Dy161 from /home/diogo/openmc_data/endfb-vii.1-hdf5/neutron/Dy161.h5
 Reading Dy162 from /home/diogo/openmc_data/endfb-vii.1-hdf5/neutron/Dy162.h5
 Reading Dy163 from /home/diogo/openmc_data/endfb-vii.1-hdf5/neutron/Dy163.h5
 Reading Dy164 from /home/diogo/openmc_data/endfb-vii.1-hdf5/neutron/Dy164.h5
 Reading Ho165 from /home/diogo/openmc_data/endfb-vii.1-hdf5/neutron/Ho165.h5
 Reading Ho166_m1 from
 /home/diogo/openmc_data/endfb-vii.1-hdf5/neutron/Ho166_m1.h5
 Reading Er162 from /home/diogo/openmc_data/endfb-vii.1-hdf5/neutron/Er162.h5
 Reading Er164 from /home/diogo/openmc_data/endfb-vii.1-hdf5/neutron/Er164.h5
 Reading Er166 from /home/diogo/openmc_data/endfb-vii.1-hdf5/neutron/Er166.h5
 Reading Er167 from /home/diogo/openmc_data/endfb-vii.1-hdf5/neutron/Er167.h5
 Reading Er168 from /home/diogo/openmc_data/endfb-vii.1-hdf5/neutron/Er168.h5
 Reading Er170 from /home/diogo/openmc_data/endfb-vii.1-hdf5/neutron/Er170.h5
 Reading Tm168 from /home/diogo/openmc_data/endfb-vii.1-hdf5/neutron/Tm168.h5
 Reading Tm169 from /home/diogo/openmc_data/endfb-vii.1-hdf5/neutron/Tm169.h5
 Reading Tm170 from /home/diogo/openmc_data/endfb-vii.1-hdf5/neutron/Tm170.h5
 Reading Lu175 from /home/diogo/openmc_data/endfb-vii.1-hdf5/neutron/Lu175.h5
 Reading Lu176 from /home/diogo/openmc_data/endfb-vii.1-hdf5/neutron/Lu176.h5
 Reading Hf174 from /home/diogo/openmc_data/endfb-vii.1-hdf5/neutron/Hf174.h5
 Reading Hf176 from /home/diogo/openmc_data/endfb-vii.1-hdf5/neutron/Hf176.h5
 Reading Hf177 from /home/diogo/openmc_data/endfb-vii.1-hdf5/neutron/Hf177.h5
 Reading Hf178 from /home/diogo/openmc_data/endfb-vii.1-hdf5/neutron/Hf178.h5
 Reading Hf179 from /home/diogo/openmc_data/endfb-vii.1-hdf5/neutron/Hf179.h5
 Reading Hf180 from /home/diogo/openmc_data/endfb-vii.1-hdf5/neutron/Hf180.h5
 Reading Ta180 from /home/diogo/openmc_data/endfb-vii.1-hdf5/neutron/Ta180.h5
 Reading Ta181 from /home/diogo/openmc_data/endfb-vii.1-hdf5/neutron/Ta181.h5
 Reading Ta182 from /home/diogo/openmc_data/endfb-vii.1-hdf5/neutron/Ta182.h5
 Reading W180 from /home/diogo/openmc_data/endfb-vii.1-hdf5/neutron/W180.h5
 Reading W182 from /home/diogo/openmc_data/endfb-vii.1-hdf5/neutron/W182.h5
 Reading W183 from /home/diogo/openmc_data/endfb-vii.1-hdf5/neutron/W183.h5
 Reading W184 from /home/diogo/openmc_data/endfb-vii.1-hdf5/neutron/W184.h5
 Reading W186 from /home/diogo/openmc_data/endfb-vii.1-hdf5/neutron/W186.h5
 Reading Re185 from /home/diogo/openmc_data/endfb-vii.1-hdf5/neutron/Re185.h5
 Reading Re187 from /home/diogo/openmc_data/endfb-vii.1-hdf5/neutron/Re187.h5
 Reading Ir191 from /home/diogo/openmc_data/endfb-vii.1-hdf5/neutron/Ir191.h5
 Reading Ir193 from /home/diogo/openmc_data/endfb-vii.1-hdf5/neutron/Ir193.h5
 Reading Au197 from /home/diogo/openmc_data/endfb-vii.1-hdf5/neutron/Au197.h5
 Reading Hg196 from /home/diogo/openmc_data/endfb-vii.1-hdf5/neutron/Hg196.h5
 Reading Hg198 from /home/diogo/openmc_data/endfb-vii.1-hdf5/neutron/Hg198.h5
 Reading Hg199 from /home/diogo/openmc_data/endfb-vii.1-hdf5/neutron/Hg199.h5
 Reading Hg200 from /home/diogo/openmc_data/endfb-vii.1-hdf5/neutron/Hg200.h5
 Reading Hg201 from /home/diogo/openmc_data/endfb-vii.1-hdf5/neutron/Hg201.h5
 Reading Hg202 from /home/diogo/openmc_data/endfb-vii.1-hdf5/neutron/Hg202.h5
 Reading Hg204 from /home/diogo/openmc_data/endfb-vii.1-hdf5/neutron/Hg204.h5
 Reading Tl203 from /home/diogo/openmc_data/endfb-vii.1-hdf5/neutron/Tl203.h5
 Reading Tl205 from /home/diogo/openmc_data/endfb-vii.1-hdf5/neutron/Tl205.h5
 Reading Pb204 from /home/diogo/openmc_data/endfb-vii.1-hdf5/neutron/Pb204.h5
 Reading Pb206 from /home/diogo/openmc_data/endfb-vii.1-hdf5/neutron/Pb206.h5
 Reading Pb207 from /home/diogo/openmc_data/endfb-vii.1-hdf5/neutron/Pb207.h5
 Reading Pb208 from /home/diogo/openmc_data/endfb-vii.1-hdf5/neutron/Pb208.h5
 Reading Bi209 from /home/diogo/openmc_data/endfb-vii.1-hdf5/neutron/Bi209.h5
 Reading Ra223 from /home/diogo/openmc_data/endfb-vii.1-hdf5/neutron/Ra223.h5
 Reading Ra224 from /home/diogo/openmc_data/endfb-vii.1-hdf5/neutron/Ra224.h5
 Reading Ra225 from /home/diogo/openmc_data/endfb-vii.1-hdf5/neutron/Ra225.h5
 Reading Ra226 from /home/diogo/openmc_data/endfb-vii.1-hdf5/neutron/Ra226.h5
 Reading Ac225 from /home/diogo/openmc_data/endfb-vii.1-hdf5/neutron/Ac225.h5
 Reading Ac226 from /home/diogo/openmc_data/endfb-vii.1-hdf5/neutron/Ac226.h5
 Reading Ac227 from /home/diogo/openmc_data/endfb-vii.1-hdf5/neutron/Ac227.h5
 Reading Th227 from /home/diogo/openmc_data/endfb-vii.1-hdf5/neutron/Th227.h5
 Reading Th228 from /home/diogo/openmc_data/endfb-vii.1-hdf5/neutron/Th228.h5
 Reading Th229 from /home/diogo/openmc_data/endfb-vii.1-hdf5/neutron/Th229.h5
 Reading Th230 from /home/diogo/openmc_data/endfb-vii.1-hdf5/neutron/Th230.h5
 Reading Th231 from /home/diogo/openmc_data/endfb-vii.1-hdf5/neutron/Th231.h5
 Reading Th232 from /home/diogo/openmc_data/endfb-vii.1-hdf5/neutron/Th232.h5
 Reading Th233 from /home/diogo/openmc_data/endfb-vii.1-hdf5/neutron/Th233.h5
 Reading Th234 from /home/diogo/openmc_data/endfb-vii.1-hdf5/neutron/Th234.h5
 Reading Pa229 from /home/diogo/openmc_data/endfb-vii.1-hdf5/neutron/Pa229.h5
 Reading Pa230 from /home/diogo/openmc_data/endfb-vii.1-hdf5/neutron/Pa230.h5
 Reading Pa231 from /home/diogo/openmc_data/endfb-vii.1-hdf5/neutron/Pa231.h5
 Reading Pa232 from /home/diogo/openmc_data/endfb-vii.1-hdf5/neutron/Pa232.h5
 Reading Pa233 from /home/diogo/openmc_data/endfb-vii.1-hdf5/neutron/Pa233.h5
 Reading U230 from /home/diogo/openmc_data/endfb-vii.1-hdf5/neutron/U230.h5
 Reading U231 from /home/diogo/openmc_data/endfb-vii.1-hdf5/neutron/U231.h5
 Reading U232 from /home/diogo/openmc_data/endfb-vii.1-hdf5/neutron/U232.h5
 Reading U233 from /home/diogo/openmc_data/endfb-vii.1-hdf5/neutron/U233.h5
 Reading U236 from /home/diogo/openmc_data/endfb-vii.1-hdf5/neutron/U236.h5
 Reading U237 from /home/diogo/openmc_data/endfb-vii.1-hdf5/neutron/U237.h5
 Reading U239 from /home/diogo/openmc_data/endfb-vii.1-hdf5/neutron/U239.h5
 Reading U240 from /home/diogo/openmc_data/endfb-vii.1-hdf5/neutron/U240.h5
 Reading U241 from /home/diogo/openmc_data/endfb-vii.1-hdf5/neutron/U241.h5
 Reading Np234 from /home/diogo/openmc_data/endfb-vii.1-hdf5/neutron/Np234.h5
 Reading Np235 from /home/diogo/openmc_data/endfb-vii.1-hdf5/neutron/Np235.h5
 Reading Np236 from /home/diogo/openmc_data/endfb-vii.1-hdf5/neutron/Np236.h5
 Reading Np237 from /home/diogo/openmc_data/endfb-vii.1-hdf5/neutron/Np237.h5
 Reading Np238 from /home/diogo/openmc_data/endfb-vii.1-hdf5/neutron/Np238.h5
 Reading Np239 from /home/diogo/openmc_data/endfb-vii.1-hdf5/neutron/Np239.h5
 Reading Pu236 from /home/diogo/openmc_data/endfb-vii.1-hdf5/neutron/Pu236.h5
 Reading Pu237 from /home/diogo/openmc_data/endfb-vii.1-hdf5/neutron/Pu237.h5
 Reading Pu238 from /home/diogo/openmc_data/endfb-vii.1-hdf5/neutron/Pu238.h5
 Reading Pu239 from /home/diogo/openmc_data/endfb-vii.1-hdf5/neutron/Pu239.h5
 Reading Pu240 from /home/diogo/openmc_data/endfb-vii.1-hdf5/neutron/Pu240.h5
 Reading Pu241 from /home/diogo/openmc_data/endfb-vii.1-hdf5/neutron/Pu241.h5
 Reading Pu242 from /home/diogo/openmc_data/endfb-vii.1-hdf5/neutron/Pu242.h5
 Reading Pu243 from /home/diogo/openmc_data/endfb-vii.1-hdf5/neutron/Pu243.h5
 Reading Pu244 from /home/diogo/openmc_data/endfb-vii.1-hdf5/neutron/Pu244.h5
 Reading Pu246 from /home/diogo/openmc_data/endfb-vii.1-hdf5/neutron/Pu246.h5
 Reading Am240 from /home/diogo/openmc_data/endfb-vii.1-hdf5/neutron/Am240.h5
 Reading Am241 from /home/diogo/openmc_data/endfb-vii.1-hdf5/neutron/Am241.h5
 Reading Am242 from /home/diogo/openmc_data/endfb-vii.1-hdf5/neutron/Am242.h5
 Reading Am242_m1 from
 /home/diogo/openmc_data/endfb-vii.1-hdf5/neutron/Am242_m1.h5
 Reading Am243 from /home/diogo/openmc_data/endfb-vii.1-hdf5/neutron/Am243.h5
 Reading Am244 from /home/diogo/openmc_data/endfb-vii.1-hdf5/neutron/Am244.h5
 Reading Am244_m1 from
 /home/diogo/openmc_data/endfb-vii.1-hdf5/neutron/Am244_m1.h5
 Reading Cm240 from /home/diogo/openmc_data/endfb-vii.1-hdf5/neutron/Cm240.h5
 Reading Cm241 from /home/diogo/openmc_data/endfb-vii.1-hdf5/neutron/Cm241.h5
 Reading Cm242 from /home/diogo/openmc_data/endfb-vii.1-hdf5/neutron/Cm242.h5
 Reading Cm243 from /home/diogo/openmc_data/endfb-vii.1-hdf5/neutron/Cm243.h5
 Reading Cm244 from /home/diogo/openmc_data/endfb-vii.1-hdf5/neutron/Cm244.h5
 Reading Cm245 from /home/diogo/openmc_data/endfb-vii.1-hdf5/neutron/Cm245.h5
 Reading Cm246 from /home/diogo/openmc_data/endfb-vii.1-hdf5/neutron/Cm246.h5
 Reading Cm247 from /home/diogo/openmc_data/endfb-vii.1-hdf5/neutron/Cm247.h5
 Reading Cm248 from /home/diogo/openmc_data/endfb-vii.1-hdf5/neutron/Cm248.h5
 Reading Cm249 from /home/diogo/openmc_data/endfb-vii.1-hdf5/neutron/Cm249.h5
 Reading Cm250 from /home/diogo/openmc_data/endfb-vii.1-hdf5/neutron/Cm250.h5
 Reading Bk245 from /home/diogo/openmc_data/endfb-vii.1-hdf5/neutron/Bk245.h5
 Reading Bk246 from /home/diogo/openmc_data/endfb-vii.1-hdf5/neutron/Bk246.h5
 Reading Bk247 from /home/diogo/openmc_data/endfb-vii.1-hdf5/neutron/Bk247.h5
 Reading Bk248 from /home/diogo/openmc_data/endfb-vii.1-hdf5/neutron/Bk248.h5
 Reading Bk249 from /home/diogo/openmc_data/endfb-vii.1-hdf5/neutron/Bk249.h5
 Reading Bk250 from /home/diogo/openmc_data/endfb-vii.1-hdf5/neutron/Bk250.h5
 Reading Cf246 from /home/diogo/openmc_data/endfb-vii.1-hdf5/neutron/Cf246.h5
 Reading Cf248 from /home/diogo/openmc_data/endfb-vii.1-hdf5/neutron/Cf248.h5
 Reading Cf249 from /home/diogo/openmc_data/endfb-vii.1-hdf5/neutron/Cf249.h5
 Reading Cf250 from /home/diogo/openmc_data/endfb-vii.1-hdf5/neutron/Cf250.h5
 WARNING: Negative value(s) found on probability table for nuclide Cf250 at 250K
 WARNING: Negative value(s) found on probability table for nuclide Cf250 at 294K
 WARNING: Negative value(s) found on probability table for nuclide Cf250 at 900K
 WARNING: Negative value(s) found on probability table for nuclide Cf250 at
          1200K
 Reading Cf251 from /home/diogo/openmc_data/endfb-vii.1-hdf5/neutron/Cf251.h5
 Reading Cf252 from /home/diogo/openmc_data/endfb-vii.1-hdf5/neutron/Cf252.h5
 Reading Cf253 from /home/diogo/openmc_data/endfb-vii.1-hdf5/neutron/Cf253.h5
 Reading Cf254 from /home/diogo/openmc_data/endfb-vii.1-hdf5/neutron/Cf254.h5
 Reading Es251 from /home/diogo/openmc_data/endfb-vii.1-hdf5/neutron/Es251.h5
 Reading Es252 from /home/diogo/openmc_data/endfb-vii.1-hdf5/neutron/Es252.h5
 Reading Es253 from /home/diogo/openmc_data/endfb-vii.1-hdf5/neutron/Es253.h5
 Reading Es254 from /home/diogo/openmc_data/endfb-vii.1-hdf5/neutron/Es254.h5
 Reading Es254_m1 from
 /home/diogo/openmc_data/endfb-vii.1-hdf5/neutron/Es254_m1.h5
 Reading Es255 from /home/diogo/openmc_data/endfb-vii.1-hdf5/neutron/Es255.h5
 Reading Fm255 from /home/diogo/openmc_data/endfb-vii.1-hdf5/neutron/Fm255.h5
 Maximum neutron transport energy: 20000000 eV for H1
 Initializing source particles...

 ====================>     K EIGENVALUE SIMULATION     <====================

  Bat./Gen.      k       Entropy         Average k 
  =========   ========   ========   ====================
        1/1    0.93796    5.54044
        2/1    0.94224    5.51470
        3/1    0.99665    5.49444
        4/1    0.97017    5.46925
        5/1    0.99019    5.46699
        6/1    0.99710    5.44865
        7/1    1.00377    5.45598
        8/1    0.99562    5.46684
        9/1    0.98756    5.45923
       10/1    1.01086    5.46427
       11/1    0.98684    5.47099
       12/1    0.98473    5.45366
       13/1    1.00574    5.45760
       14/1    0.98094    5.45254
       15/1    1.01089    5.46750
       16/1    0.99264    5.45218
       17/1    1.00342    5.45481
       18/1    0.99934    5.45112
       19/1    1.00326    5.45793
       20/1    1.01440    5.45579
       21/1    1.01262    5.43599
       22/1    0.98889    5.44581
       23/1    0.98251    5.45550
       24/1    0.98262    5.45986
       25/1    1.01155    5.45407
       26/1    0.98482    5.45144
       27/1    0.99967    5.44695
       28/1    0.99942    5.44763
       29/1    1.00325    5.45375
       30/1    1.00315    5.45392
       31/1    0.98464    5.44894
       32/1    0.99055    5.44859
       33/1    0.99318    5.45364
       34/1    1.01147    5.46257
       35/1    0.97995    5.46721
       36/1    0.98480    5.46696
       37/1    0.99165    5.45174
       38/1    0.99238    5.45671
       39/1    0.99971    5.45782
       40/1    0.99595    5.46043
       41/1    1.00419    5.45375
       42/1    0.98265    5.45399
       43/1    1.01085    5.45556
       44/1    0.99696    5.45353
       45/1    0.99369    5.45092
       46/1    1.00706    5.44169
       47/1    1.00346    5.46047
       48/1    0.98952    5.45610
       49/1    0.99214    5.46344
       50/1    1.00596    5.44580
       51/1    1.00752    5.45437
       52/1    0.99767    5.45914
       53/1    0.99072    5.45887
       54/1    0.98574    5.46462
       55/1    0.99638    5.46025
       56/1    0.99271    5.45847
       57/1    0.98380    5.45975
       58/1    0.99708    5.44668
       59/1    0.99966    5.45175
       60/1    0.99746    5.45415
       61/1    0.99582    5.45484
       62/1    0.98724    5.45694    0.99153 +/- 0.00429
       63/1    0.99698    5.45553    0.99335 +/- 0.00307
       64/1    0.99206    5.45899    0.99303 +/- 0.00220
       65/1    0.98523    5.44722    0.99147 +/- 0.00231
       66/1    0.98727    5.45863    0.99077 +/- 0.00201
       67/1    0.98857    5.45079    0.99045 +/- 0.00173
       68/1    0.99862    5.45803    0.99147 +/- 0.00181
       69/1    1.01075    5.44700    0.99362 +/- 0.00267
       70/1    1.01675    5.45209    0.99593 +/- 0.00333
       71/1    0.99058    5.43830    0.99544 +/- 0.00305
       72/1    1.00764    5.44081    0.99646 +/- 0.00296
       73/1    0.99768    5.44380    0.99655 +/- 0.00273
       74/1    0.99782    5.44620    0.99664 +/- 0.00253
       75/1    0.99118    5.45022    0.99628 +/- 0.00238
       76/1    0.97199    5.44454    0.99476 +/- 0.00269
       77/1    0.99372    5.44759    0.99470 +/- 0.00253
       78/1    0.99378    5.44262    0.99465 +/- 0.00239
       79/1    0.98602    5.44900    0.99420 +/- 0.00230
       80/1    1.00454    5.43899    0.99471 +/- 0.00225
       81/1    0.99685    5.43672    0.99481 +/- 0.00214
       82/1    1.00742    5.44997    0.99539 +/- 0.00212
       83/1    1.00362    5.44590    0.99575 +/- 0.00206
       84/1    0.99072    5.45197    0.99554 +/- 0.00198
       85/1    0.98365    5.44478    0.99506 +/- 0.00196
       86/1    1.01452    5.43811    0.99581 +/- 0.00202
       87/1    1.00777    5.45303    0.99625 +/- 0.00200
       88/1    0.97495    5.44277    0.99549 +/- 0.00207
       89/1    0.98379    5.45510    0.99509 +/- 0.00204
       90/1    0.98987    5.44186    0.99491 +/- 0.00198
       91/1    0.99613    5.43476    0.99495 +/- 0.00191
       92/1    1.00442    5.43902    0.99525 +/- 0.00187
       93/1    0.99837    5.43486    0.99534 +/- 0.00182
       94/1    1.00304    5.44660    0.99557 +/- 0.00178
       95/1    0.99915    5.45468    0.99567 +/- 0.00173
       96/1    0.99988    5.45041    0.99579 +/- 0.00169
       97/1    1.00247    5.45514    0.99597 +/- 0.00165
       98/1    0.99713    5.45700    0.99600 +/- 0.00161
       99/1    0.99367    5.45800    0.99594 +/- 0.00157
      100/1    0.99935    5.45241    0.99603 +/- 0.00153
      101/1    1.01369    5.46306    0.99646 +/- 0.00155
      102/1    0.99916    5.45264    0.99652 +/- 0.00152
      103/1    0.97896    5.45229    0.99611 +/- 0.00153
      104/1    0.99854    5.45498    0.99617 +/- 0.00150
      105/1    0.98787    5.44961    0.99598 +/- 0.00148
      106/1    0.99386    5.44509    0.99594 +/- 0.00145
      107/1    0.99522    5.43690    0.99592 +/- 0.00142
      108/1    0.99495    5.44211    0.99590 +/- 0.00139
      109/1    1.00066    5.45329    0.99600 +/- 0.00136
      110/1    0.98793    5.46038    0.99584 +/- 0.00134
      111/1    0.99631    5.46083    0.99585 +/- 0.00132
      112/1    0.99936    5.46009    0.99591 +/- 0.00129
      113/1    0.98701    5.44753    0.99575 +/- 0.00128
      114/1    0.99034    5.45873    0.99565 +/- 0.00126
      115/1    0.99852    5.45994    0.99570 +/- 0.00124
      116/1    1.00263    5.46175    0.99582 +/- 0.00122
      117/1    0.99717    5.44399    0.99585 +/- 0.00120
      118/1    0.99632    5.45658    0.99585 +/- 0.00118
      119/1    1.00595    5.46006    0.99602 +/- 0.00117
      120/1    0.98827    5.43671    0.99590 +/- 0.00116
      121/1    1.00451    5.45169    0.99604 +/- 0.00115
      122/1    0.99313    5.45405    0.99599 +/- 0.00113
      123/1    0.99459    5.45400    0.99597 +/- 0.00111
      124/1    0.99291    5.45624    0.99592 +/- 0.00110
      125/1    1.00049    5.45260    0.99599 +/- 0.00108
      126/1    1.01052    5.44865    0.99621 +/- 0.00109
      127/1    0.99239    5.45060    0.99615 +/- 0.00107
      128/1    0.99481    5.45442    0.99613 +/- 0.00106
      129/1    0.99244    5.44858    0.99608 +/- 0.00104
      130/1    1.00176    5.44361    0.99616 +/- 0.00103
      131/1    0.99491    5.45185    0.99614 +/- 0.00102
      132/1    1.00422    5.44481    0.99626 +/- 0.00101
      133/1    0.98942    5.42559    0.99616 +/- 0.00100
      134/1    0.99440    5.43424    0.99614 +/- 0.00099
      135/1    0.99149    5.42862    0.99608 +/- 0.00097
      136/1    0.99339    5.43626    0.99604 +/- 0.00096
      137/1    0.99663    5.43324    0.99605 +/- 0.00095
      138/1    0.99025    5.42786    0.99597 +/- 0.00094
      139/1    1.00236    5.41948    0.99606 +/- 0.00093
      140/1    1.00412    5.43588    0.99616 +/- 0.00093
      141/1    1.00003    5.42239    0.99620 +/- 0.00092
      142/1    1.01298    5.43555    0.99641 +/- 0.00093
      143/1    1.00070    5.44692    0.99646 +/- 0.00092
      144/1    1.01957    5.44171    0.99674 +/- 0.00095
      145/1    0.98153    5.44391    0.99656 +/- 0.00095
      146/1    1.01432    5.42717    0.99676 +/- 0.00096
      147/1    0.99685    5.44325    0.99676 +/- 0.00095
      148/1    1.00454    5.43289    0.99685 +/- 0.00095
      149/1    0.99297    5.45788    0.99681 +/- 0.00094
      150/1    1.00236    5.45415    0.99687 +/- 0.00093
      151/1    0.99119    5.46008    0.99681 +/- 0.00092
      152/1    0.98147    5.46202    0.99664 +/- 0.00093
      153/1    0.99965    5.46963    0.99667 +/- 0.00092
      154/1    0.99616    5.46333    0.99667 +/- 0.00091
      155/1    0.98946    5.46637    0.99659 +/- 0.00090
      156/1    0.99575    5.45119    0.99658 +/- 0.00089
      157/1    0.97748    5.44474    0.99639 +/- 0.00090
      158/1    1.00041    5.43462    0.99643 +/- 0.00089
      159/1    0.98398    5.44843    0.99630 +/- 0.00089
      160/1    0.97105    5.42615    0.99605 +/- 0.00092
 Creating state point statepoint.160.h5...

 =======================>     TIMING STATISTICS     <=======================

 Total time for initialization     = 3.3311e+01 seconds
   Reading cross sections          = 7.6303e+00 seconds
 Total time in simulation          = 3.1836e+02 seconds
   Time in transport only          = 3.1712e+02 seconds
   Time in inactive batches        = 1.0160e+01 seconds
   Time in active batches          = 3.0820e+02 seconds
   Time synchronizing fission bank = 2.8247e-01 seconds
     Sampling source sites         = 2.4408e-01 seconds
     SEND/RECV source sites        = 3.7726e-02 seconds
   Time accumulating tallies       = 7.0713e-01 seconds
   Time writing statepoints        = 2.0748e-02 seconds
 Total time for finalization       = 1.9317e-02 seconds
 Total time elapsed                = 3.5215e+02 seconds
 Calculation Rate (inactive)       = 118105 particles/second
 Calculation Rate (active)         = 6489.27 particles/second

 ============================>     RESULTS     <============================

 k-effective (Collision)     = 0.99605 +/- 0.00086
 k-effective (Track-length)  = 0.99605 +/- 0.00092
 k-effective (Absorption)    = 0.99625 +/- 0.00073
 Combined k-effective        = 0.99617 +/- 0.00066
 Leakage Fraction            = 0.00693 +/- 0.00005

 Creating state point openmc_simulation_n0.h5...
[openmc.deplete] t=4327203.051553669 s, dt=8654406.103107339 s, source=47715391.07417822
 Maximum neutron transport energy: 20000000 eV for H1
 Initializing source particles...

 ====================>     K EIGENVALUE SIMULATION     <====================

  Bat./Gen.      k       Entropy         Average k 
  =========   ========   ========   ====================
        1/1    0.92558    5.53962
        2/1    0.94546    5.51936
        3/1    0.94020    5.51076
        4/1    0.96110    5.47379
        5/1    0.98024    5.46712
        6/1    0.97805    5.44984
        7/1    0.96956    5.46818
        8/1    0.97821    5.46971
        9/1    0.97771    5.46818
       10/1    0.98468    5.47068
       11/1    0.97479    5.46301
       12/1    0.97879    5.45751
       13/1    0.97698    5.46206
       14/1    0.97112    5.45501
       15/1    0.98670    5.44707
       16/1    0.99040    5.46063
       17/1    0.98250    5.45277
       18/1    0.96434    5.46913
       19/1    0.98165    5.46643
       20/1    0.95554    5.45697
       21/1    0.98867    5.44947
       22/1    0.98492    5.45849
       23/1    0.98261    5.46649
       24/1    0.99663    5.44538
       25/1    0.98303    5.46574
       26/1    0.96978    5.46667
       27/1    0.98085    5.45374
       28/1    0.98903    5.46363
       29/1    0.97548    5.43840
       30/1    0.96869    5.44184
       31/1    0.97857    5.45181
       32/1    0.96972    5.44147
       33/1    0.96542    5.45020
       34/1    0.98242    5.44473
       35/1    0.98861    5.44659
       36/1    0.96897    5.45549
       37/1    0.98551    5.45569
       38/1    0.96916    5.44858
       39/1    0.98217    5.45772
       40/1    0.96022    5.45094
       41/1    0.98003    5.45311
       42/1    0.98313    5.44201
       43/1    0.96767    5.45274
       44/1    0.97858    5.44727
       45/1    0.97641    5.45078
       46/1    0.98996    5.44251
       47/1    0.98672    5.43303
       48/1    0.97676    5.42442
       49/1    0.99254    5.42446
       50/1    0.98045    5.43599
       51/1    0.98208    5.42992
       52/1    0.97410    5.43677
       53/1    0.96723    5.44386
       54/1    1.00368    5.44919
       55/1    0.98208    5.45140
       56/1    0.97725    5.45637
       57/1    0.99822    5.46123
       58/1    0.98913    5.45915
       59/1    0.98298    5.46277
       60/1    0.98354    5.45916
       61/1    0.97399    5.46696
       62/1    0.97894    5.47009    0.97646 +/- 0.00248
       63/1    0.97239    5.46764    0.97511 +/- 0.00197
       64/1    0.97956    5.46168    0.97622 +/- 0.00178
       65/1    0.98600    5.46911    0.97818 +/- 0.00239
       66/1    0.98076    5.45861    0.97861 +/- 0.00200
       67/1    0.98112    5.45190    0.97897 +/- 0.00173
       68/1    0.98268    5.44873    0.97943 +/- 0.00157
       69/1    0.98182    5.44887    0.97970 +/- 0.00141
       70/1    0.98971    5.46495    0.98070 +/- 0.00161
       71/1    0.98739    5.46104    0.98131 +/- 0.00158
       72/1    0.96334    5.46367    0.97981 +/- 0.00208
       73/1    0.97452    5.45149    0.97940 +/- 0.00195
       74/1    0.96669    5.45767    0.97849 +/- 0.00202
       75/1    0.96693    5.45100    0.97772 +/- 0.00204
       76/1    0.97563    5.44481    0.97759 +/- 0.00191
       77/1    0.98672    5.45625    0.97813 +/- 0.00187
       78/1    0.97070    5.44156    0.97772 +/- 0.00181
       79/1    0.98581    5.44271    0.97814 +/- 0.00177
       80/1    0.98877    5.45165    0.97867 +/- 0.00176
       81/1    0.98249    5.44024    0.97886 +/- 0.00168
       82/1    0.97816    5.44196    0.97882 +/- 0.00160
       83/1    1.00465    5.46199    0.97995 +/- 0.00190
       84/1    0.97634    5.47436    0.97980 +/- 0.00183
       85/1    0.98951    5.46193    0.98018 +/- 0.00179
       86/1    0.97478    5.46567    0.97998 +/- 0.00174
       87/1    0.97026    5.46123    0.97962 +/- 0.00171
       88/1    0.96738    5.44811    0.97918 +/- 0.00170
       89/1    0.97470    5.44783    0.97903 +/- 0.00165
       90/1    0.98071    5.45217    0.97908 +/- 0.00160
       91/1    0.98109    5.45378    0.97915 +/- 0.00154
       92/1    0.97845    5.44945    0.97913 +/- 0.00150
       93/1    0.97883    5.46025    0.97912 +/- 0.00145
       94/1    0.98505    5.45174    0.97929 +/- 0.00142
       95/1    0.98060    5.45818    0.97933 +/- 0.00138
       96/1    0.98350    5.46686    0.97944 +/- 0.00134
       97/1    0.98006    5.45973    0.97946 +/- 0.00131
       98/1    0.97097    5.45010    0.97924 +/- 0.00129
       99/1    0.99329    5.45840    0.97960 +/- 0.00131
      100/1    0.96687    5.45369    0.97928 +/- 0.00131
      101/1    0.96543    5.43904    0.97894 +/- 0.00133
      102/1    0.98505    5.45042    0.97909 +/- 0.00130
      103/1    0.98671    5.43166    0.97926 +/- 0.00128
      104/1    0.98132    5.44887    0.97931 +/- 0.00125
      105/1    0.96464    5.43747    0.97899 +/- 0.00127
      106/1    0.97115    5.44204    0.97882 +/- 0.00125
      107/1    0.97698    5.43978    0.97878 +/- 0.00123
      108/1    0.98806    5.44512    0.97897 +/- 0.00122
      109/1    0.95845    5.46126    0.97855 +/- 0.00126
      110/1    0.97571    5.45323    0.97849 +/- 0.00124
      111/1    0.96146    5.44725    0.97816 +/- 0.00126
      112/1    0.99211    5.44690    0.97843 +/- 0.00126
      113/1    0.96073    5.44870    0.97809 +/- 0.00128
      114/1    0.97443    5.45478    0.97803 +/- 0.00126
      115/1    0.97748    5.46225    0.97802 +/- 0.00124
      116/1    0.97095    5.46911    0.97789 +/- 0.00122
      117/1    0.96594    5.46448    0.97768 +/- 0.00122
      118/1    0.98279    5.45520    0.97777 +/- 0.00120
      119/1    0.98391    5.44816    0.97787 +/- 0.00118
      120/1    0.97917    5.45316    0.97789 +/- 0.00117
      121/1    0.98508    5.46837    0.97801 +/- 0.00115
      122/1    0.98591    5.46321    0.97814 +/- 0.00114
      123/1    0.99077    5.45779    0.97834 +/- 0.00114
      124/1    0.97144    5.45146    0.97823 +/- 0.00113
      125/1    0.97810    5.45893    0.97823 +/- 0.00111
      126/1    0.97463    5.46366    0.97818 +/- 0.00109
      127/1    0.98659    5.46078    0.97830 +/- 0.00108
      128/1    0.97243    5.46658    0.97821 +/- 0.00107
      129/1    0.97554    5.45692    0.97818 +/- 0.00106
      130/1    0.97949    5.46496    0.97819 +/- 0.00104
      131/1    0.96847    5.43828    0.97806 +/- 0.00104
      132/1    0.97396    5.44191    0.97800 +/- 0.00102
      133/1    0.97329    5.45157    0.97794 +/- 0.00101
      134/1    0.99438    5.45888    0.97816 +/- 0.00102
      135/1    0.95971    5.45790    0.97791 +/- 0.00104
      136/1    0.96833    5.45794    0.97779 +/- 0.00103
      137/1    0.97420    5.46566    0.97774 +/- 0.00102
      138/1    0.97892    5.46529    0.97776 +/- 0.00101
      139/1    0.96752    5.45370    0.97763 +/- 0.00100
      140/1    0.96714    5.46447    0.97749 +/- 0.00100
      141/1    0.96874    5.47457    0.97739 +/- 0.00099
      142/1    0.97625    5.46283    0.97737 +/- 0.00098
      143/1    0.97295    5.45464    0.97732 +/- 0.00097
      144/1    0.96836    5.47903    0.97721 +/- 0.00096
      145/1    0.97961    5.46694    0.97724 +/- 0.00095
      146/1    0.96972    5.45456    0.97715 +/- 0.00095
      147/1    0.97900    5.46413    0.97717 +/- 0.00093
      148/1    0.98581    5.45682    0.97727 +/- 0.00093
      149/1    0.97566    5.45592    0.97725 +/- 0.00092
      150/1    0.97340    5.45895    0.97721 +/- 0.00091
      151/1    0.98667    5.45558    0.97732 +/- 0.00091
      152/1    0.96460    5.45667    0.97718 +/- 0.00091
      153/1    0.96482    5.44803    0.97704 +/- 0.00091
      154/1    0.97246    5.44641    0.97700 +/- 0.00090
      155/1    0.96237    5.44401    0.97684 +/- 0.00090
      156/1    0.97383    5.44256    0.97681 +/- 0.00089
      157/1    0.97690    5.44082    0.97681 +/- 0.00088
      158/1    0.96842    5.43726    0.97673 +/- 0.00088
      159/1    0.97426    5.42824    0.97670 +/- 0.00087
      160/1    0.97559    5.44677    0.97669 +/- 0.00086
 Creating state point statepoint.160.h5...

 =======================>     TIMING STATISTICS     <=======================

 Total time for initialization     = 0.0000e+00 seconds
   Reading cross sections          = 0.0000e+00 seconds
 Total time in simulation          = 4.0501e+02 seconds
   Time in transport only          = 4.0370e+02 seconds
   Time in inactive batches        = 1.0439e+02 seconds
   Time in active batches          = 3.0062e+02 seconds
   Time synchronizing fission bank = 2.9536e-01 seconds
     Sampling source sites         = 2.5641e-01 seconds
     SEND/RECV source sites        = 3.8231e-02 seconds
   Time accumulating tallies       = 7.5930e-01 seconds
   Time writing statepoints        = 1.3183e-02 seconds
 Total time for finalization       = 1.0799e-02 seconds
 Total time elapsed                = 4.0550e+02 seconds
 Calculation Rate (inactive)       = 11495.6 particles/second
 Calculation Rate (active)         = 6652.82 particles/second

 ============================>     RESULTS     <============================

 k-effective (Collision)     = 0.97752 +/- 0.00080
 k-effective (Track-length)  = 0.97669 +/- 0.00086
 k-effective (Absorption)    = 0.97794 +/- 0.00076
 Combined k-effective        = 0.97752 +/- 0.00068
 Leakage Fraction            = 0.00704 +/- 0.00007

 Creating state point openmc_simulation_n1.h5...
[openmc.deplete] t=12981609.154661007 s, dt=17308812.206214678 s, source=47715391.07417822
 Maximum neutron transport energy: 20000000 eV for H1
 Initializing source particles...

 ====================>     K EIGENVALUE SIMULATION     <====================

  Bat./Gen.      k       Entropy         Average k 
  =========   ========   ========   ====================
        1/1    0.92077    5.55214
        2/1    0.94356    5.51430
        3/1    0.94889    5.49030
        4/1    0.97539    5.49290
        5/1    0.95794    5.49242
        6/1    0.98387    5.48926
        7/1    0.97122    5.46591
        8/1    0.98472    5.45204
        9/1    0.97614    5.46153
       10/1    0.98963    5.45332
       11/1    0.97341    5.44853
       12/1    0.97830    5.44161
       13/1    0.99650    5.45284
       14/1    0.96624    5.45830
       15/1    0.97048    5.44749
       16/1    0.98301    5.44517
       17/1    0.95548    5.45772
       18/1    0.96846    5.45248
       19/1    0.97555    5.44931
       20/1    0.99568    5.44623
       21/1    0.98312    5.45428
       22/1    0.98069    5.44817
       23/1    0.98705    5.44142
       24/1    0.97473    5.44856
       25/1    0.98580    5.46122
       26/1    0.98316    5.43253
       27/1    0.98403    5.44362
       28/1    0.98006    5.43655
       29/1    0.99492    5.44685
       30/1    0.97607    5.46112
       31/1    0.97353    5.45193
       32/1    0.97328    5.43929
       33/1    0.98805    5.43639
       34/1    0.99043    5.43921
       35/1    0.97906    5.45058
       36/1    0.99328    5.46316
       37/1    0.98640    5.46514
       38/1    0.97024    5.45209
       39/1    0.98476    5.45191
       40/1    0.97058    5.44928
       41/1    0.97552    5.44763
       42/1    0.96579    5.44801
       43/1    0.99217    5.46001
       44/1    0.97425    5.44706
       45/1    0.96668    5.42505
       46/1    0.99148    5.45341
       47/1    0.98314    5.43575
       48/1    1.00322    5.44120
       49/1    0.97638    5.44648
       50/1    0.98359    5.43762
       51/1    0.98474    5.45992
       52/1    0.96364    5.45163
       53/1    0.98526    5.46006
       54/1    0.98176    5.44900
       55/1    0.97910    5.46196
       56/1    0.98323    5.44819
       57/1    0.99108    5.45783
       58/1    0.96837    5.45573
       59/1    0.98744    5.45477
       60/1    0.98306    5.45783
       61/1    0.97334    5.45263
       62/1    0.96655    5.44583    0.96994 +/- 0.00340
       63/1    0.97836    5.44738    0.97275 +/- 0.00342
       64/1    0.98660    5.44476    0.97621 +/- 0.00423
       65/1    0.98331    5.45323    0.97763 +/- 0.00357
       66/1    0.96006    5.45134    0.97470 +/- 0.00413
       67/1    0.97445    5.46305    0.97467 +/- 0.00349
       68/1    0.97367    5.44263    0.97454 +/- 0.00303
       69/1    0.97335    5.45419    0.97441 +/- 0.00267
       70/1    0.99269    5.47708    0.97624 +/- 0.00301
       71/1    0.98309    5.44563    0.97686 +/- 0.00279
       72/1    0.98725    5.45457    0.97773 +/- 0.00269
       73/1    0.97256    5.46167    0.97733 +/- 0.00251
       74/1    0.98430    5.45110    0.97783 +/- 0.00237
       75/1    0.96851    5.44831    0.97721 +/- 0.00230
       76/1    0.98147    5.44845    0.97747 +/- 0.00216
       77/1    0.98265    5.45048    0.97778 +/- 0.00206
       78/1    0.97580    5.44757    0.97767 +/- 0.00194
       79/1    0.97412    5.44904    0.97748 +/- 0.00185
       80/1    0.98776    5.44950    0.97800 +/- 0.00182
       81/1    0.97304    5.45109    0.97776 +/- 0.00175
       82/1    0.97976    5.44463    0.97785 +/- 0.00167
       83/1    0.97568    5.45543    0.97776 +/- 0.00160
       84/1    0.97383    5.44386    0.97759 +/- 0.00154
       85/1    0.97624    5.43424    0.97754 +/- 0.00148
       86/1    0.97540    5.43425    0.97746 +/- 0.00142
       87/1    1.00351    5.44475    0.97842 +/- 0.00168
       88/1    0.98627    5.44944    0.97870 +/- 0.00164
       89/1    0.98188    5.44582    0.97881 +/- 0.00159
       90/1    0.98313    5.45312    0.97895 +/- 0.00154
       91/1    0.98469    5.45594    0.97914 +/- 0.00150
       92/1    0.98910    5.45796    0.97945 +/- 0.00148
       93/1    0.96525    5.44976    0.97902 +/- 0.00150
       94/1    0.99700    5.43941    0.97955 +/- 0.00155
       95/1    0.98091    5.45317    0.97959 +/- 0.00151
       96/1    0.97597    5.45842    0.97949 +/- 0.00147
       97/1    0.98008    5.45243    0.97950 +/- 0.00143
       98/1    0.98320    5.43316    0.97960 +/- 0.00139
       99/1    0.98290    5.44320    0.97969 +/- 0.00136
      100/1    0.98378    5.43672    0.97979 +/- 0.00133
      101/1    0.98123    5.45504    0.97982 +/- 0.00130
      102/1    0.98698    5.43845    0.97999 +/- 0.00128
      103/1    0.97750    5.43200    0.97994 +/- 0.00125
      104/1    0.99188    5.43968    0.98021 +/- 0.00125
      105/1    0.97353    5.44929    0.98006 +/- 0.00123
      106/1    0.97364    5.46097    0.97992 +/- 0.00121
      107/1    0.97663    5.46627    0.97985 +/- 0.00119
      108/1    0.97059    5.44812    0.97966 +/- 0.00118
      109/1    0.98335    5.44726    0.97973 +/- 0.00116
      110/1    0.98939    5.44432    0.97992 +/- 0.00115
      111/1    0.98871    5.43214    0.98010 +/- 0.00114
      112/1    0.97913    5.43249    0.98008 +/- 0.00112
      113/1    0.98576    5.44144    0.98019 +/- 0.00110
      114/1    0.97621    5.43191    0.98011 +/- 0.00108
      115/1    0.96830    5.42753    0.97990 +/- 0.00108
      116/1    0.97327    5.44189    0.97978 +/- 0.00107
      117/1    0.98836    5.44525    0.97993 +/- 0.00106
      118/1    0.97467    5.43567    0.97984 +/- 0.00105
      119/1    0.98301    5.44226    0.97989 +/- 0.00103
      120/1    0.99280    5.44877    0.98011 +/- 0.00104
      121/1    0.98147    5.45997    0.98013 +/- 0.00102
      122/1    0.98098    5.45245    0.98014 +/- 0.00100
      123/1    0.97680    5.45162    0.98009 +/- 0.00099
      124/1    0.99123    5.45247    0.98026 +/- 0.00099
      125/1    0.99293    5.46095    0.98046 +/- 0.00099
      126/1    0.97550    5.45035    0.98038 +/- 0.00098
      127/1    0.99170    5.44471    0.98055 +/- 0.00098
      128/1    0.96234    5.44533    0.98029 +/- 0.00100
      129/1    0.99450    5.44616    0.98049 +/- 0.00101
      130/1    0.97790    5.44727    0.98045 +/- 0.00100
      131/1    0.98802    5.45796    0.98056 +/- 0.00099
      132/1    0.98666    5.44403    0.98065 +/- 0.00098
      133/1    0.97239    5.44923    0.98053 +/- 0.00097
      134/1    0.98011    5.46219    0.98053 +/- 0.00096
      135/1    0.96898    5.45477    0.98037 +/- 0.00096
      136/1    0.97686    5.43601    0.98033 +/- 0.00094
      137/1    0.97386    5.44250    0.98024 +/- 0.00094
      138/1    0.98205    5.45041    0.98027 +/- 0.00092
      139/1    0.99394    5.44386    0.98044 +/- 0.00093
      140/1    0.97442    5.44295    0.98036 +/- 0.00092
      141/1    0.96682    5.45359    0.98020 +/- 0.00092
      142/1    0.98444    5.45725    0.98025 +/- 0.00091
      143/1    0.98599    5.44896    0.98032 +/- 0.00091
      144/1    0.99387    5.44648    0.98048 +/- 0.00091
      145/1    0.97491    5.45569    0.98041 +/- 0.00090
      146/1    0.97560    5.43844    0.98036 +/- 0.00089
      147/1    0.98784    5.44940    0.98044 +/- 0.00089
      148/1    0.98913    5.45529    0.98054 +/- 0.00088
      149/1    0.99138    5.43739    0.98066 +/- 0.00088
      150/1    0.97704    5.45121    0.98062 +/- 0.00087
      151/1    0.97692    5.45153    0.98058 +/- 0.00086
      152/1    0.99301    5.43945    0.98072 +/- 0.00086
      153/1    0.99503    5.46089    0.98087 +/- 0.00087
      154/1    0.98841    5.45150    0.98095 +/- 0.00086
      155/1    0.97743    5.46090    0.98091 +/- 0.00085
      156/1    0.97530    5.43990    0.98086 +/- 0.00085
      157/1    0.98653    5.46197    0.98091 +/- 0.00084
      158/1    0.96817    5.46573    0.98078 +/- 0.00084
      159/1    0.98656    5.45349    0.98084 +/- 0.00084
      160/1    0.98644    5.46052    0.98090 +/- 0.00083
 Creating state point statepoint.160.h5...

 =======================>     TIMING STATISTICS     <=======================

 Total time for initialization     = 0.0000e+00 seconds
   Reading cross sections          = 0.0000e+00 seconds
 Total time in simulation          = 3.7344e+02 seconds
   Time in transport only          = 3.7226e+02 seconds
   Time in inactive batches        = 9.9292e+01 seconds
   Time in active batches          = 2.7415e+02 seconds
   Time synchronizing fission bank = 2.8872e-01 seconds
     Sampling source sites         = 2.5042e-01 seconds
     SEND/RECV source sites        = 3.7456e-02 seconds
   Time accumulating tallies       = 6.2748e-01 seconds
   Time writing statepoints        = 1.8317e-02 seconds
 Total time for finalization       = 1.5470e-02 seconds
 Total time elapsed                = 3.7413e+02 seconds
 Calculation Rate (inactive)       = 12085.5 particles/second
 Calculation Rate (active)         = 7295.3 particles/second

 ============================>     RESULTS     <============================

 k-effective (Collision)     = 0.98069 +/- 0.00081
 k-effective (Track-length)  = 0.98090 +/- 0.00083
 k-effective (Absorption)    = 0.98093 +/- 0.00080
 Combined k-effective        = 0.98089 +/- 0.00062
 Leakage Fraction            = 0.00691 +/- 0.00006

 Creating state point openmc_simulation_n2.h5...
[openmc.deplete] t=30290421.360875685 s, dt=34617624.412429355 s, source=47715391.07417822
 Maximum neutron transport energy: 20000000 eV for H1
 Initializing source particles...

 ====================>     K EIGENVALUE SIMULATION     <====================

  Bat./Gen.      k       Entropy         Average k 
  =========   ========   ========   ====================
        1/1    0.92818    5.55237
        2/1    0.92934    5.50973
        3/1    0.95643    5.48559
        4/1    0.97156    5.47914
        5/1    0.96482    5.46385
        6/1    0.96533    5.46805
        7/1    0.97932    5.47406
        8/1    0.97825    5.47800
        9/1    0.97817    5.46329
       10/1    0.97178    5.46492
       11/1    0.99355    5.46522
       12/1    0.98875    5.46014
       13/1    0.98884    5.44991
       14/1    0.97472    5.44492
       15/1    0.98950    5.45384
       16/1    0.98026    5.43118
       17/1    0.98369    5.44050
       18/1    0.98842    5.43948
       19/1    1.00732    5.43821
       20/1    0.98594    5.44944
       21/1    0.97405    5.44715
       22/1    0.99142    5.45407
       23/1    1.00257    5.43981
       24/1    1.00538    5.45629
       25/1    0.98642    5.44279
       26/1    0.98593    5.45976
       27/1    1.00282    5.46746
       28/1    0.98493    5.44743
       29/1    0.97888    5.45050
       30/1    0.98643    5.45667
       31/1    0.97395    5.46889
       32/1    0.97366    5.46596
       33/1    0.96289    5.47183
       34/1    0.96914    5.45868
       35/1    0.99376    5.44672
       36/1    0.97078    5.42194
       37/1    0.96881    5.42700
       38/1    0.99462    5.44222
       39/1    0.97329    5.45603
       40/1    0.97620    5.44224
       41/1    0.97318    5.41646
       42/1    0.99093    5.41315
       43/1    0.99804    5.42122
       44/1    0.98175    5.42451
       45/1    0.97870    5.43553
       46/1    0.98418    5.42976
       47/1    0.99112    5.41948
       48/1    0.98549    5.41801
       49/1    0.97812    5.42513
       50/1    0.98448    5.43497
       51/1    0.99965    5.44395
       52/1    0.97473    5.44367
       53/1    0.97960    5.44059
       54/1    0.98816    5.45138
       55/1    0.98960    5.44113
       56/1    0.99032    5.43897
       57/1    1.00870    5.43138
       58/1    0.99544    5.42996
       59/1    0.99206    5.43592
       60/1    0.99308    5.43111
       61/1    0.96720    5.43618
       62/1    0.98283    5.43650    0.97502 +/- 0.00782
       63/1    0.99458    5.43557    0.98154 +/- 0.00793
       64/1    1.01046    5.43340    0.98877 +/- 0.00915
       65/1    0.98854    5.44543    0.98872 +/- 0.00709
       66/1    0.98774    5.43833    0.98856 +/- 0.00579
       67/1    0.99305    5.43502    0.98920 +/- 0.00494
       68/1    0.97856    5.43209    0.98787 +/- 0.00448
       69/1    0.99645    5.44216    0.98883 +/- 0.00406
       70/1    0.98327    5.43691    0.98827 +/- 0.00368
       71/1    0.99094    5.42826    0.98851 +/- 0.00333
       72/1    0.98415    5.44542    0.98815 +/- 0.00306
       73/1    0.99549    5.44833    0.98871 +/- 0.00287
       74/1    0.98335    5.46130    0.98833 +/- 0.00269
       75/1    0.98192    5.45376    0.98790 +/- 0.00254
       76/1    0.99195    5.44587    0.98815 +/- 0.00239
       77/1    0.97306    5.45075    0.98727 +/- 0.00241
       78/1    0.99391    5.44647    0.98764 +/- 0.00231
       79/1    0.99248    5.44101    0.98789 +/- 0.00220
       80/1    0.98131    5.42794    0.98756 +/- 0.00211
       81/1    0.96490    5.43573    0.98648 +/- 0.00228
       82/1    0.98390    5.43308    0.98637 +/- 0.00217
       83/1    0.97990    5.44927    0.98608 +/- 0.00210
       84/1    0.98057    5.44553    0.98585 +/- 0.00202
       85/1    0.96845    5.43776    0.98516 +/- 0.00206
       86/1    0.98916    5.43925    0.98531 +/- 0.00198
       87/1    0.99309    5.43362    0.98560 +/- 0.00193
       88/1    0.98856    5.43943    0.98571 +/- 0.00186
       89/1    0.99683    5.43297    0.98609 +/- 0.00184
       90/1    1.00265    5.43006    0.98664 +/- 0.00186
       91/1    1.00075    5.44046    0.98710 +/- 0.00186
       92/1    0.98231    5.43028    0.98695 +/- 0.00180
       93/1    0.99573    5.44291    0.98721 +/- 0.00177
       94/1    0.98314    5.44358    0.98709 +/- 0.00172
       95/1    1.01268    5.43247    0.98782 +/- 0.00182
       96/1    0.98300    5.43751    0.98769 +/- 0.00178
       97/1    0.98527    5.42627    0.98762 +/- 0.00173
       98/1    0.98859    5.43316    0.98765 +/- 0.00168
       99/1    0.99955    5.43600    0.98796 +/- 0.00167
      100/1    0.97887    5.44299    0.98773 +/- 0.00164
      101/1    0.98409    5.43386    0.98764 +/- 0.00160
      102/1    0.98162    5.43097    0.98750 +/- 0.00157
      103/1    0.97707    5.43429    0.98725 +/- 0.00155
      104/1    0.97977    5.43594    0.98708 +/- 0.00153
      105/1    0.99384    5.44533    0.98723 +/- 0.00150
      106/1    0.98419    5.44259    0.98717 +/- 0.00147
      107/1    0.97827    5.44451    0.98698 +/- 0.00145
      108/1    0.99388    5.42608    0.98712 +/- 0.00143
      109/1    0.98228    5.41385    0.98702 +/- 0.00140
      110/1    0.99440    5.42920    0.98717 +/- 0.00138
      111/1    0.95978    5.43473    0.98663 +/- 0.00146
      112/1    0.98052    5.42687    0.98652 +/- 0.00143
      113/1    0.99124    5.42265    0.98661 +/- 0.00141
      114/1    0.98377    5.44568    0.98655 +/- 0.00138
      115/1    0.98355    5.44801    0.98650 +/- 0.00136
      116/1    0.97879    5.44192    0.98636 +/- 0.00134
      117/1    0.98578    5.44044    0.98635 +/- 0.00132
      118/1    0.98472    5.43374    0.98632 +/- 0.00129
      119/1    0.98762    5.45074    0.98634 +/- 0.00127
      120/1    0.97726    5.44451    0.98619 +/- 0.00126
      121/1    0.96607    5.44617    0.98586 +/- 0.00128
      122/1    0.97808    5.44879    0.98574 +/- 0.00127
      123/1    0.99738    5.45616    0.98592 +/- 0.00126
      124/1    0.97190    5.44272    0.98570 +/- 0.00126
      125/1    0.99810    5.43721    0.98589 +/- 0.00126
      126/1    0.97313    5.43646    0.98570 +/- 0.00125
      127/1    0.98458    5.43012    0.98568 +/- 0.00123
      128/1    1.00014    5.43052    0.98590 +/- 0.00123
      129/1    1.00943    5.43479    0.98624 +/- 0.00126
      130/1    0.99179    5.46606    0.98632 +/- 0.00125
      131/1    1.00836    5.45267    0.98663 +/- 0.00127
      132/1    0.99037    5.44118    0.98668 +/- 0.00125
      133/1    0.98587    5.43824    0.98667 +/- 0.00123
      134/1    0.98763    5.43927    0.98668 +/- 0.00122
      135/1    0.97882    5.43894    0.98658 +/- 0.00120
      136/1    0.98786    5.43656    0.98659 +/- 0.00119
      137/1    0.97876    5.44430    0.98649 +/- 0.00118
      138/1    0.97480    5.44961    0.98634 +/- 0.00117
      139/1    0.98176    5.44081    0.98628 +/- 0.00116
      140/1    0.97252    5.44515    0.98611 +/- 0.00116
      141/1    0.99652    5.43838    0.98624 +/- 0.00115
      142/1    0.99930    5.44837    0.98640 +/- 0.00115
      143/1    0.98158    5.43665    0.98634 +/- 0.00113
      144/1    0.98485    5.43178    0.98632 +/- 0.00112
      145/1    0.99320    5.44165    0.98640 +/- 0.00111
      146/1    0.98175    5.43090    0.98635 +/- 0.00110
      147/1    0.99193    5.44463    0.98641 +/- 0.00109
      148/1    0.96788    5.42627    0.98620 +/- 0.00110
      149/1    0.98898    5.43018    0.98623 +/- 0.00108
      150/1    0.99302    5.43052    0.98631 +/- 0.00107
      151/1    0.98194    5.44839    0.98626 +/- 0.00106
      152/1    0.98774    5.43234    0.98628 +/- 0.00105
      153/1    0.99464    5.42717    0.98637 +/- 0.00104
      154/1    0.99425    5.45755    0.98645 +/- 0.00104
      155/1    0.98274    5.45244    0.98641 +/- 0.00103
      156/1    0.99028    5.44450    0.98645 +/- 0.00102
      157/1    0.98932    5.44470    0.98648 +/- 0.00101
      158/1    0.99065    5.44314    0.98653 +/- 0.00100
      159/1    0.99006    5.45106    0.98656 +/- 0.00099
      160/1    0.97744    5.44690    0.98647 +/- 0.00098
 Creating state point statepoint.160.h5...

 =======================>     TIMING STATISTICS     <=======================

 Total time for initialization     = 0.0000e+00 seconds
   Reading cross sections          = 0.0000e+00 seconds
 Total time in simulation          = 3.8874e+02 seconds
   Time in transport only          = 3.8747e+02 seconds
   Time in inactive batches        = 9.9479e+01 seconds
   Time in active batches          = 2.8926e+02 seconds
   Time synchronizing fission bank = 2.8386e-01 seconds
     Sampling source sites         = 2.4651e-01 seconds
     SEND/RECV source sites        = 3.6524e-02 seconds
   Time accumulating tallies       = 6.9924e-01 seconds
   Time writing statepoints        = 1.4918e-02 seconds
 Total time for finalization       = 1.0791e-02 seconds
 Total time elapsed                = 3.8924e+02 seconds
 Calculation Rate (inactive)       = 12062.8 particles/second
 Calculation Rate (active)         = 6914.28 particles/second

 ============================>     RESULTS     <============================

 k-effective (Collision)     = 0.98590 +/- 0.00080
 k-effective (Track-length)  = 0.98647 +/- 0.00098
 k-effective (Absorption)    = 0.98648 +/- 0.00060
 Combined k-effective        = 0.98639 +/- 0.00057
 Leakage Fraction            = 0.00672 +/- 0.00006

 Creating state point openmc_simulation_n3.h5...
[openmc.deplete] t=64908045.77330504 s, dt=51926436.61864404 s, source=47715391.07417822
 Maximum neutron transport energy: 20000000 eV for H1
 Initializing source particles...

 ====================>     K EIGENVALUE SIMULATION     <====================

  Bat./Gen.      k       Entropy         Average k 
  =========   ========   ========   ====================
        1/1    0.94765    5.54462
        2/1    0.95914    5.49294
        3/1    0.96480    5.47571
        4/1    0.97684    5.45622
        5/1    0.99343    5.45093
        6/1    0.97724    5.44040
        7/1    0.96168    5.45038
        8/1    0.98180    5.44997
        9/1    1.00267    5.44378
       10/1    0.99444    5.43779
       11/1    0.99475    5.43921
       12/1    1.00461    5.44862
       13/1    0.99753    5.44096
       14/1    0.99725    5.42755
       15/1    0.99853    5.42746
       16/1    0.98744    5.42183
       17/1    1.00325    5.43679
       18/1    0.99328    5.43147
       19/1    0.99359    5.42929
       20/1    0.98957    5.42261
       21/1    0.99277    5.43026
       22/1    0.99402    5.43150
       23/1    1.01228    5.41797
       24/1    1.01155    5.42495
       25/1    0.99450    5.42597
       26/1    0.98164    5.43156
       27/1    0.99488    5.42717
       28/1    1.01469    5.42253
       29/1    1.00026    5.42677
       30/1    1.00437    5.43277
       31/1    0.99467    5.42705
       32/1    0.97756    5.42584
       33/1    0.98496    5.42698
       34/1    1.01051    5.42181
       35/1    0.99653    5.41942
       36/1    1.00042    5.40364
       37/1    0.99694    5.41880
       38/1    1.00274    5.42202
       39/1    0.99215    5.41951
       40/1    0.99464    5.42948
       41/1    0.98846    5.42199
       42/1    1.00247    5.42301
       43/1    1.01380    5.42490
       44/1    1.00604    5.42902
       45/1    1.00235    5.42603
       46/1    1.00064    5.41349
       47/1    1.01437    5.41192
       48/1    0.99114    5.40237
       49/1    1.01066    5.42034
       50/1    1.00603    5.43294
       51/1    1.01034    5.43086
       52/1    0.99508    5.43636
       53/1    0.98650    5.42484
       54/1    1.01361    5.41575
       55/1    1.01977    5.40482
       56/1    1.00017    5.41252
       57/1    0.99503    5.42724
       58/1    1.00022    5.40084
       59/1    1.01564    5.39935
       60/1    0.98762    5.41508
       61/1    1.00152    5.39875
       62/1    1.01882    5.41043    1.01017 +/- 0.00865
       63/1    0.99293    5.39932    1.00442 +/- 0.00761
       64/1    0.99316    5.42075    1.00161 +/- 0.00608
       65/1    0.99050    5.42758    0.99939 +/- 0.00520
       66/1    0.99893    5.42832    0.99931 +/- 0.00425
       67/1    1.00224    5.42986    0.99973 +/- 0.00362
       68/1    0.98820    5.42587    0.99829 +/- 0.00345
       69/1    0.99646    5.40294    0.99809 +/- 0.00305
       70/1    1.00835    5.41984    0.99911 +/- 0.00291
       71/1    1.00590    5.40603    0.99973 +/- 0.00271
       72/1    0.99140    5.40640    0.99904 +/- 0.00257
       73/1    1.00557    5.41889    0.99954 +/- 0.00241
       74/1    0.99351    5.42696    0.99911 +/- 0.00228
       75/1    1.00132    5.42261    0.99926 +/- 0.00212
       76/1    1.00650    5.41573    0.99971 +/- 0.00204
       77/1    1.01363    5.41126    1.00053 +/- 0.00208
       78/1    1.00267    5.40902    1.00065 +/- 0.00197
       79/1    1.01367    5.41133    1.00133 +/- 0.00198
       80/1    1.00248    5.39960    1.00139 +/- 0.00188
       81/1    0.99599    5.40075    1.00113 +/- 0.00181
       82/1    0.99581    5.41880    1.00089 +/- 0.00174
       83/1    0.99595    5.41899    1.00068 +/- 0.00168
       84/1    0.98657    5.42053    1.00009 +/- 0.00171
       85/1    1.00251    5.41450    1.00018 +/- 0.00164
       86/1    0.99341    5.40706    0.99992 +/- 0.00160
       87/1    0.99643    5.42164    0.99979 +/- 0.00154
       88/1    0.99698    5.42601    0.99969 +/- 0.00149
       89/1    0.99168    5.41876    0.99942 +/- 0.00147
       90/1    0.98970    5.43352    0.99909 +/- 0.00145
       91/1    0.99701    5.43556    0.99903 +/- 0.00141
       92/1    0.98695    5.42291    0.99865 +/- 0.00141
       93/1    0.99727    5.43689    0.99861 +/- 0.00137
       94/1    1.00174    5.42753    0.99870 +/- 0.00133
       95/1    0.99818    5.41512    0.99869 +/- 0.00129
       96/1    0.99722    5.41988    0.99864 +/- 0.00126
       97/1    1.01131    5.41448    0.99899 +/- 0.00127
       98/1    0.98831    5.41123    0.99871 +/- 0.00127
       99/1    0.99782    5.41860    0.99868 +/- 0.00124
      100/1    0.98806    5.40940    0.99842 +/- 0.00123
      101/1    1.00862    5.40957    0.99867 +/- 0.00123
      102/1    0.99666    5.42761    0.99862 +/- 0.00120
      103/1    1.00067    5.42336    0.99867 +/- 0.00117
      104/1    0.99857    5.43842    0.99866 +/- 0.00115
      105/1    0.97950    5.43818    0.99824 +/- 0.00120
      106/1    1.00712    5.42186    0.99843 +/- 0.00119
      107/1    0.99697    5.41755    0.99840 +/- 0.00116
      108/1    0.98033    5.42598    0.99802 +/- 0.00120
      109/1    1.01020    5.42579    0.99827 +/- 0.00120
      110/1    0.99292    5.43090    0.99817 +/- 0.00118
      111/1    0.98451    5.43309    0.99790 +/- 0.00119
      112/1    0.98209    5.40743    0.99759 +/- 0.00120
      113/1    0.98636    5.41043    0.99738 +/- 0.00120
      114/1    1.01074    5.42689    0.99763 +/- 0.00120
      115/1    0.98777    5.41834    0.99745 +/- 0.00119
      116/1    0.99975    5.42620    0.99749 +/- 0.00117
      117/1    0.99986    5.41516    0.99753 +/- 0.00115
      118/1    1.00532    5.42029    0.99767 +/- 0.00114
      119/1    1.00270    5.41256    0.99775 +/- 0.00113
      120/1    1.00014    5.39641    0.99779 +/- 0.00111
      121/1    1.00535    5.40287    0.99792 +/- 0.00110
      122/1    0.99934    5.41330    0.99794 +/- 0.00108
      123/1    0.99649    5.42856    0.99792 +/- 0.00106
      124/1    1.00859    5.41051    0.99808 +/- 0.00106
      125/1    0.99597    5.43228    0.99805 +/- 0.00104
      126/1    0.99926    5.40522    0.99807 +/- 0.00103
      127/1    0.99474    5.40979    0.99802 +/- 0.00101
      128/1    0.99462    5.41020    0.99797 +/- 0.00100
      129/1    0.99122    5.40919    0.99787 +/- 0.00099
      130/1    0.99793    5.43238    0.99787 +/- 0.00097
      131/1    1.00324    5.43614    0.99795 +/- 0.00096
      132/1    0.98559    5.42665    0.99778 +/- 0.00097
      133/1    0.98463    5.41983    0.99760 +/- 0.00097
      134/1    0.98201    5.42468    0.99739 +/- 0.00098
      135/1    0.99218    5.42168    0.99732 +/- 0.00097
      136/1    0.99348    5.41138    0.99727 +/- 0.00096
      137/1    0.99313    5.42173    0.99721 +/- 0.00095
      138/1    1.00499    5.40581    0.99731 +/- 0.00094
      139/1    1.00024    5.42259    0.99735 +/- 0.00093
      140/1    1.00584    5.41678    0.99745 +/- 0.00092
      141/1    0.99590    5.41574    0.99744 +/- 0.00091
      142/1    1.00339    5.41335    0.99751 +/- 0.00090
      143/1    0.99573    5.41533    0.99749 +/- 0.00089
      144/1    0.99853    5.40948    0.99750 +/- 0.00088
      145/1    0.99725    5.41102    0.99750 +/- 0.00087
      146/1    0.98279    5.40548    0.99733 +/- 0.00088
      147/1    1.01498    5.40762    0.99753 +/- 0.00089
      148/1    1.00687    5.41950    0.99763 +/- 0.00089
      149/1    1.00094    5.41199    0.99767 +/- 0.00088
      150/1    0.99603    5.40453    0.99765 +/- 0.00087
      151/1    0.99877    5.40125    0.99767 +/- 0.00086
      152/1    0.99316    5.40820    0.99762 +/- 0.00085
      153/1    0.99933    5.40464    0.99763 +/- 0.00084
      154/1    0.99806    5.40641    0.99764 +/- 0.00083
      155/1    0.99552    5.41930    0.99762 +/- 0.00082
      156/1    0.98546    5.42595    0.99749 +/- 0.00083
      157/1    0.99686    5.41930    0.99748 +/- 0.00082
      158/1    0.97747    5.41477    0.99728 +/- 0.00083
      159/1    0.99593    5.42128    0.99727 +/- 0.00083
      160/1    0.99574    5.42213    0.99725 +/- 0.00082
 Creating state point statepoint.160.h5...

 =======================>     TIMING STATISTICS     <=======================

 Total time for initialization     = 0.0000e+00 seconds
   Reading cross sections          = 0.0000e+00 seconds
 Total time in simulation          = 4.0000e+02 seconds
   Time in transport only          = 3.9837e+02 seconds
   Time in inactive batches        = 1.0055e+02 seconds
   Time in active batches          = 2.9945e+02 seconds
   Time synchronizing fission bank = 2.6984e-01 seconds
     Sampling source sites         = 2.3416e-01 seconds
     SEND/RECV source sites        = 3.4900e-02 seconds
   Time accumulating tallies       = 7.7871e-01 seconds
   Time writing statepoints        = 1.3634e-02 seconds
 Total time for finalization       = 1.1176e-02 seconds
 Total time elapsed                = 4.0050e+02 seconds
 Calculation Rate (inactive)       = 11934.6 particles/second
 Calculation Rate (active)         = 6678.87 particles/second

 ============================>     RESULTS     <============================

 k-effective (Collision)     = 0.99734 +/- 0.00068
 k-effective (Track-length)  = 0.99725 +/- 0.00082
 k-effective (Absorption)    = 0.99749 +/- 0.00075
 Combined k-effective        = 0.99738 +/- 0.00057
 Leakage Fraction            = 0.00659 +/- 0.00006

 Creating state point openmc_simulation_n4.h5...
[openmc.deplete] t=116834482.39194909 (final operator evaluation)
 Maximum neutron transport energy: 20000000 eV for H1
 Initializing source particles...

 ====================>     K EIGENVALUE SIMULATION     <====================

  Bat./Gen.      k       Entropy         Average k 
  =========   ========   ========   ====================
        1/1    0.93386    5.54199
        2/1    0.95659    5.51559
        3/1    0.96108    5.50312
        4/1    0.97347    5.48692
        5/1    0.96920    5.48637
        6/1    0.97895    5.46708
        7/1    0.97478    5.45985
        8/1    0.97049    5.46578
        9/1    0.98553    5.45171
       10/1    0.97980    5.46520
       11/1    0.97594    5.45941
       12/1    0.97033    5.46009
       13/1    0.99792    5.45058
       14/1    0.96312    5.45739
       15/1    0.99689    5.45193
       16/1    0.97694    5.44592
       17/1    0.97210    5.45878
       18/1    0.97949    5.45297
       19/1    0.97962    5.46546
       20/1    0.97884    5.47059
       21/1    0.95786    5.46338
       22/1    0.98796    5.45401
       23/1    0.97736    5.43761
       24/1    0.98407    5.43735
       25/1    0.99204    5.44006
       26/1    0.98437    5.44420
       27/1    0.97666    5.45614
       28/1    0.98473    5.44835
       29/1    0.98555    5.44736
       30/1    0.98378    5.44312
       31/1    0.98059    5.44652
       32/1    0.99382    5.46008
       33/1    0.98100    5.45772
       34/1    0.98306    5.46251
       35/1    0.96893    5.44670
       36/1    1.00299    5.44319
       37/1    0.97091    5.45682
       38/1    0.98556    5.47321
       39/1    0.97093    5.46998
       40/1    0.98024    5.46460
       41/1    0.98271    5.47698
       42/1    0.97774    5.45507
       43/1    0.98248    5.43415
       44/1    0.98440    5.43967
       45/1    0.98451    5.44117
       46/1    0.97735    5.44978
       47/1    0.98779    5.45826
       48/1    0.97580    5.44072
       49/1    0.99002    5.45096
       50/1    0.98058    5.46309
       51/1    0.97756    5.44545
       52/1    0.98106    5.46411
       53/1    0.97451    5.46467
       54/1    0.98258    5.45128
       55/1    0.96489    5.44807
       56/1    0.98117    5.45831
       57/1    0.96970    5.45125
       58/1    0.95569    5.45527
       59/1    0.97590    5.43728
       60/1    0.98017    5.44397
       61/1    0.98112    5.45253
       62/1    0.98415    5.45926    0.98263 +/- 0.00151
       63/1    0.97339    5.45667    0.97955 +/- 0.00320
       64/1    0.98341    5.46856    0.98052 +/- 0.00246
       65/1    0.99188    5.47043    0.98279 +/- 0.00297
       66/1    0.98891    5.47607    0.98381 +/- 0.00263
       67/1    0.98266    5.47540    0.98364 +/- 0.00223
       68/1    0.97348    5.46175    0.98237 +/- 0.00231
       69/1    0.97114    5.46646    0.98113 +/- 0.00239
       70/1    0.98324    5.45379    0.98134 +/- 0.00215
       71/1    0.99525    5.45677    0.98260 +/- 0.00232
       72/1    0.97539    5.45688    0.98200 +/- 0.00220
       73/1    0.97690    5.46221    0.98161 +/- 0.00206
       74/1    0.98547    5.46572    0.98188 +/- 0.00193
       75/1    0.96641    5.44979    0.98085 +/- 0.00207
       76/1    0.97686    5.44812    0.98060 +/- 0.00195
       77/1    0.98796    5.44704    0.98104 +/- 0.00188
       78/1    0.98442    5.45421    0.98122 +/- 0.00179
       79/1    0.96453    5.46566    0.98035 +/- 0.00190
       80/1    0.99132    5.45454    0.98089 +/- 0.00189
       81/1    0.98936    5.47021    0.98130 +/- 0.00184
       82/1    0.97801    5.45378    0.98115 +/- 0.00176
       83/1    0.98187    5.42902    0.98118 +/- 0.00168
       84/1    0.98939    5.42744    0.98152 +/- 0.00165
       85/1    0.98878    5.43699    0.98181 +/- 0.00161
       86/1    0.98710    5.43448    0.98201 +/- 0.00156
       87/1    0.99962    5.44034    0.98267 +/- 0.00163
       88/1    0.99125    5.44396    0.98297 +/- 0.00160
       89/1    0.98800    5.43542    0.98315 +/- 0.00156
       90/1    0.98026    5.43831    0.98305 +/- 0.00151
       91/1    0.99259    5.43366    0.98336 +/- 0.00149
       92/1    0.98369    5.42596    0.98337 +/- 0.00144
       93/1    0.98009    5.45078    0.98327 +/- 0.00140
       94/1    0.98464    5.43272    0.98331 +/- 0.00136
       95/1    0.99210    5.44312    0.98356 +/- 0.00135
       96/1    0.99161    5.43680    0.98378 +/- 0.00133
       97/1    0.99210    5.44576    0.98401 +/- 0.00131
       98/1    0.97402    5.46230    0.98375 +/- 0.00130
       99/1    0.96533    5.45099    0.98327 +/- 0.00135
      100/1    0.98939    5.46088    0.98343 +/- 0.00133
      101/1    0.98793    5.46126    0.98354 +/- 0.00130
      102/1    0.97300    5.46368    0.98329 +/- 0.00129
      103/1    0.99048    5.46540    0.98345 +/- 0.00127
      104/1    0.98243    5.44190    0.98343 +/- 0.00124
      105/1    0.97819    5.44021    0.98331 +/- 0.00122
      106/1    0.98042    5.44405    0.98325 +/- 0.00120
      107/1    0.98237    5.43679    0.98323 +/- 0.00117
      108/1    0.98606    5.44163    0.98329 +/- 0.00115
      109/1    0.97658    5.43574    0.98315 +/- 0.00113
      110/1    0.98180    5.44766    0.98313 +/- 0.00111
      111/1    0.99465    5.45387    0.98335 +/- 0.00111
      112/1    0.96761    5.45756    0.98305 +/- 0.00113
      113/1    0.99418    5.46510    0.98326 +/- 0.00113
      114/1    0.96630    5.47216    0.98295 +/- 0.00115
      115/1    0.96905    5.45348    0.98269 +/- 0.00116
      116/1    0.98827    5.45318    0.98279 +/- 0.00114
      117/1    0.98569    5.44595    0.98284 +/- 0.00112
      118/1    0.98392    5.43899    0.98286 +/- 0.00110
      119/1    0.98598    5.44768    0.98292 +/- 0.00109
      120/1    0.97821    5.45381    0.98284 +/- 0.00107
      121/1    0.98973    5.44597    0.98295 +/- 0.00106
      122/1    1.00180    5.44047    0.98325 +/- 0.00108
      123/1    0.96541    5.44483    0.98297 +/- 0.00110
      124/1    0.99603    5.44778    0.98317 +/- 0.00111
      125/1    0.97103    5.45303    0.98299 +/- 0.00110
      126/1    0.97783    5.45400    0.98291 +/- 0.00109
      127/1    0.97958    5.44327    0.98286 +/- 0.00108
      128/1    0.99255    5.45553    0.98300 +/- 0.00107
      129/1    0.99871    5.44507    0.98323 +/- 0.00108
      130/1    0.98097    5.44560    0.98320 +/- 0.00106
      131/1    0.96678    5.44897    0.98297 +/- 0.00107
      132/1    0.99833    5.46431    0.98318 +/- 0.00108
      133/1    0.95747    5.45259    0.98283 +/- 0.00112
      134/1    0.98657    5.43725    0.98288 +/- 0.00111
      135/1    0.96336    5.44445    0.98262 +/- 0.00112
      136/1    0.96948    5.43876    0.98245 +/- 0.00112
      137/1    0.98455    5.44583    0.98247 +/- 0.00111
      138/1    0.98348    5.44277    0.98249 +/- 0.00109
      139/1    0.99688    5.46199    0.98267 +/- 0.00109
      140/1    0.98009    5.42884    0.98264 +/- 0.00108
      141/1    0.99292    5.44527    0.98276 +/- 0.00107
      142/1    0.98138    5.44773    0.98275 +/- 0.00106
      143/1    0.98865    5.45790    0.98282 +/- 0.00105
      144/1    0.98831    5.45450    0.98288 +/- 0.00104
      145/1    0.97423    5.45817    0.98278 +/- 0.00103
      146/1    0.97245    5.46413    0.98266 +/- 0.00103
      147/1    0.96564    5.46706    0.98246 +/- 0.00104
      148/1    0.97440    5.44677    0.98237 +/- 0.00103
      149/1    0.97549    5.43090    0.98230 +/- 0.00102
      150/1    0.96961    5.43757    0.98215 +/- 0.00102
      151/1    0.98862    5.43336    0.98223 +/- 0.00101
      152/1    0.99286    5.44893    0.98234 +/- 0.00100
      153/1    0.98160    5.45485    0.98233 +/- 0.00099
      154/1    0.97957    5.45538    0.98230 +/- 0.00098
      155/1    0.96713    5.44851    0.98214 +/- 0.00099
      156/1    0.97528    5.44296    0.98207 +/- 0.00098
      157/1    0.97946    5.45318    0.98205 +/- 0.00097
      158/1    0.98212    5.44511    0.98205 +/- 0.00096
      159/1    0.97209    5.45373    0.98195 +/- 0.00095
      160/1    0.98369    5.45742    0.98196 +/- 0.00094
 Creating state point statepoint.160.h5...

 =======================>     TIMING STATISTICS     <=======================

 Total time for initialization     = 0.0000e+00 seconds
   Reading cross sections          = 0.0000e+00 seconds
 Total time in simulation          = 3.8608e+02 seconds
   Time in transport only          = 3.8490e+02 seconds
   Time in inactive batches        = 1.0044e+02 seconds
   Time in active batches          = 2.8564e+02 seconds
   Time synchronizing fission bank = 2.9569e-01 seconds
     Sampling source sites         = 2.5579e-01 seconds
     SEND/RECV source sites        = 3.9139e-02 seconds
   Time accumulating tallies       = 5.8268e-01 seconds
   Time writing statepoints        = 1.9828e-02 seconds
 Total time for finalization       = 1.8371e-02 seconds
 Total time elapsed                = 3.8659e+02 seconds
 Calculation Rate (inactive)       = 11947.4 particles/second
 Calculation Rate (active)         = 7001.87 particles/second

 ============================>     RESULTS     <============================

 k-effective (Collision)     = 0.98225 +/- 0.00084
 k-effective (Track-length)  = 0.98196 +/- 0.00094
 k-effective (Absorption)    = 0.98303 +/- 0.00072
 Combined k-effective        = 0.98269 +/- 0.00065
 Leakage Fraction            = 0.00714 +/- 0.00006

 Creating state point openmc_simulation_n5.h5...
      k(BOL) 0.99617 x ratio 0.96972 -> end of cycle at k = 0.96601
      state 0: B   0.00 MWd/kgHM  k 0.99617  (target)
      state 1: B   0.50 MWd/kgHM  k 0.97752
      state 2: B   1.50 MWd/kgHM  k 0.98089
      state 3: B   3.50 MWd/kgHM  k 0.98639
      state 4: B   7.50 MWd/kgHM  k 0.99738
      state 5: B  13.50 MWd/kgHM  k 0.98269
                                %%%%%%%%%%%%%%%
                           %%%%%%%%%%%%%%%%%%%%%%%%
                        %%%%%%%%%%%%%%%%%%%%%%%%%%%%%%
                      %%%%%%%%%%%%%%%%%%%%%%%%%%%%%%%%%%
                    %%%%%%%%%%%%%%%%%%%%%%%%%%%%%%%%%%%%%%
                   %%%%%%%%%%%%%%%%%%%%%%%%%%%%%%%%%%%%%%%%
                                    %%%%%%%%%%%%%%%%%%%%%%%%
                                     %%%%%%%%%%%%%%%%%%%%%%%%
                 ###############      %%%%%%%%%%%%%%%%%%%%%%%%
                ##################     %%%%%%%%%%%%%%%%%%%%%%%
                ###################     %%%%%%%%%%%%%%%%%%%%%%%
                ####################     %%%%%%%%%%%%%%%%%%%%%%
                #####################     %%%%%%%%%%%%%%%%%%%%%
                ######################     %%%%%%%%%%%%%%%%%%%%
                #######################     %%%%%%%%%%%%%%%%%%
                 #######################     %%%%%%%%%%%%%%%%%
                 ######################     %%%%%%%%%%%%%%%%%
                  ####################     %%%%%%%%%%%%%%%%%
                    #################     %%%%%%%%%%%%%%%%%
                     ###############     %%%%%%%%%%%%%%%%
                       ############     %%%%%%%%%%%%%%%
                          ########     %%%%%%%%%%%%%%
                                      %%%%%%%%%%%

                 | The OpenMC Monte Carlo Code
       Copyright | 2011-2025 MIT, UChicago Argonne LLC, and contributors
         License | https://docs.openmc.org/en/latest/license.html
         Version | 0.15.3
     Commit Hash | 27e38e894697bb32a1dac7848d2618818b6b8daf
       Date/Time | 2026-09-23 16:50:32
   MPI Processes | 1
  OpenMP Threads | 64

 Reading settings XML file...
 Reading cross sections XML file...
 Reading chain file: /home/diogo/openmc_data/chain_endfb71_pwr.xml...
 Reading materials XML file...
 Reading geometry XML file...
 Reading H1 from /home/diogo/openmc_data/endfb-vii.1-hdf5/neutron/H1.h5
 Reading H2 from /home/diogo/openmc_data/endfb-vii.1-hdf5/neutron/H2.h5
 Reading B10 from /home/diogo/openmc_data/endfb-vii.1-hdf5/neutron/B10.h5
 Reading B11 from /home/diogo/openmc_data/endfb-vii.1-hdf5/neutron/B11.h5
 Reading O16 from /home/diogo/openmc_data/endfb-vii.1-hdf5/neutron/O16.h5
 Reading O17 from /home/diogo/openmc_data/endfb-vii.1-hdf5/neutron/O17.h5
 Reading Cr50 from /home/diogo/openmc_data/endfb-vii.1-hdf5/neutron/Cr50.h5
 Reading Cr52 from /home/diogo/openmc_data/endfb-vii.1-hdf5/neutron/Cr52.h5
 Reading Cr53 from /home/diogo/openmc_data/endfb-vii.1-hdf5/neutron/Cr53.h5
 Reading Cr54 from /home/diogo/openmc_data/endfb-vii.1-hdf5/neutron/Cr54.h5
 Reading Mn55 from /home/diogo/openmc_data/endfb-vii.1-hdf5/neutron/Mn55.h5
 Reading Fe54 from /home/diogo/openmc_data/endfb-vii.1-hdf5/neutron/Fe54.h5
 Reading Fe56 from /home/diogo/openmc_data/endfb-vii.1-hdf5/neutron/Fe56.h5
 Reading Fe57 from /home/diogo/openmc_data/endfb-vii.1-hdf5/neutron/Fe57.h5
 Reading Fe58 from /home/diogo/openmc_data/endfb-vii.1-hdf5/neutron/Fe58.h5
 Reading Ni58 from /home/diogo/openmc_data/endfb-vii.1-hdf5/neutron/Ni58.h5
 Reading Ni60 from /home/diogo/openmc_data/endfb-vii.1-hdf5/neutron/Ni60.h5
 Reading Ni61 from /home/diogo/openmc_data/endfb-vii.1-hdf5/neutron/Ni61.h5
 Reading Ni62 from /home/diogo/openmc_data/endfb-vii.1-hdf5/neutron/Ni62.h5
 Reading Ni64 from /home/diogo/openmc_data/endfb-vii.1-hdf5/neutron/Ni64.h5
 Reading Zr90 from /home/diogo/openmc_data/endfb-vii.1-hdf5/neutron/Zr90.h5
 Reading Zr91 from /home/diogo/openmc_data/endfb-vii.1-hdf5/neutron/Zr91.h5
 Reading Zr92 from /home/diogo/openmc_data/endfb-vii.1-hdf5/neutron/Zr92.h5
 Reading Zr94 from /home/diogo/openmc_data/endfb-vii.1-hdf5/neutron/Zr94.h5
 Reading Zr96 from /home/diogo/openmc_data/endfb-vii.1-hdf5/neutron/Zr96.h5
 Reading Sn112 from /home/diogo/openmc_data/endfb-vii.1-hdf5/neutron/Sn112.h5
 Reading Sn114 from /home/diogo/openmc_data/endfb-vii.1-hdf5/neutron/Sn114.h5
 Reading Sn115 from /home/diogo/openmc_data/endfb-vii.1-hdf5/neutron/Sn115.h5
 Reading Sn116 from /home/diogo/openmc_data/endfb-vii.1-hdf5/neutron/Sn116.h5
 Reading Sn117 from /home/diogo/openmc_data/endfb-vii.1-hdf5/neutron/Sn117.h5
 Reading Sn118 from /home/diogo/openmc_data/endfb-vii.1-hdf5/neutron/Sn118.h5
 Reading Sn119 from /home/diogo/openmc_data/endfb-vii.1-hdf5/neutron/Sn119.h5
 Reading Sn120 from /home/diogo/openmc_data/endfb-vii.1-hdf5/neutron/Sn120.h5
 Reading Sn122 from /home/diogo/openmc_data/endfb-vii.1-hdf5/neutron/Sn122.h5
 Reading Sn124 from /home/diogo/openmc_data/endfb-vii.1-hdf5/neutron/Sn124.h5
 Reading He3 from /home/diogo/openmc_data/endfb-vii.1-hdf5/neutron/He3.h5
 Reading He4 from /home/diogo/openmc_data/endfb-vii.1-hdf5/neutron/He4.h5
 Reading U234 from /home/diogo/openmc_data/endfb-vii.1-hdf5/neutron/U234.h5
 Reading U235 from /home/diogo/openmc_data/endfb-vii.1-hdf5/neutron/U235.h5
 Reading U238 from /home/diogo/openmc_data/endfb-vii.1-hdf5/neutron/U238.h5
 Reading Gd152 from /home/diogo/openmc_data/endfb-vii.1-hdf5/neutron/Gd152.h5
 Reading Gd154 from /home/diogo/openmc_data/endfb-vii.1-hdf5/neutron/Gd154.h5
 Reading Gd155 from /home/diogo/openmc_data/endfb-vii.1-hdf5/neutron/Gd155.h5
 Reading Gd156 from /home/diogo/openmc_data/endfb-vii.1-hdf5/neutron/Gd156.h5
 Reading Gd157 from /home/diogo/openmc_data/endfb-vii.1-hdf5/neutron/Gd157.h5
 Reading Gd158 from /home/diogo/openmc_data/endfb-vii.1-hdf5/neutron/Gd158.h5
 Reading Gd160 from /home/diogo/openmc_data/endfb-vii.1-hdf5/neutron/Gd160.h5
 Reading Si28 from /home/diogo/openmc_data/endfb-vii.1-hdf5/neutron/Si28.h5
 Reading Si29 from /home/diogo/openmc_data/endfb-vii.1-hdf5/neutron/Si29.h5
 Reading Si30 from /home/diogo/openmc_data/endfb-vii.1-hdf5/neutron/Si30.h5
 Reading Ag107 from /home/diogo/openmc_data/endfb-vii.1-hdf5/neutron/Ag107.h5
 Reading Ag109 from /home/diogo/openmc_data/endfb-vii.1-hdf5/neutron/Ag109.h5
 Reading Cd106 from /home/diogo/openmc_data/endfb-vii.1-hdf5/neutron/Cd106.h5
 WARNING: Negative value(s) found on probability table for nuclide Cd106 at 294K
 WARNING: Negative value(s) found on probability table for nuclide Cd106 at 600K
 WARNING: Negative value(s) found on probability table for nuclide Cd106 at 900K
 WARNING: Negative value(s) found on probability table for nuclide Cd106 at
          1200K
 WARNING: Negative value(s) found on probability table for nuclide Cd106 at
          2500K
 Reading Cd108 from /home/diogo/openmc_data/endfb-vii.1-hdf5/neutron/Cd108.h5
 Reading Cd110 from /home/diogo/openmc_data/endfb-vii.1-hdf5/neutron/Cd110.h5
 Reading Cd111 from /home/diogo/openmc_data/endfb-vii.1-hdf5/neutron/Cd111.h5
 Reading Cd112 from /home/diogo/openmc_data/endfb-vii.1-hdf5/neutron/Cd112.h5
 Reading Cd113 from /home/diogo/openmc_data/endfb-vii.1-hdf5/neutron/Cd113.h5
 Reading Cd114 from /home/diogo/openmc_data/endfb-vii.1-hdf5/neutron/Cd114.h5
 Reading Cd116 from /home/diogo/openmc_data/endfb-vii.1-hdf5/neutron/Cd116.h5
 Reading In113 from /home/diogo/openmc_data/endfb-vii.1-hdf5/neutron/In113.h5
 Reading In115 from /home/diogo/openmc_data/endfb-vii.1-hdf5/neutron/In115.h5
 Reading c_H_in_H2O from
 /home/diogo/openmc_data/endfb-vii.1-hdf5/neutron/c_H_in_H2O.h5
 Minimum neutron data temperature: 0 K
 Maximum neutron data temperature: 1.7976931348623157e+308 K
 Reading tallies XML file...
 Preparing distributed cell instances...
 Reading plot XML file...
 Writing summary.h5 file...
[openmc.deplete] t=116834482.39194909 s, dt=34617624.412429355 s, source=47715391.07417822
[openmc.deplete] t=151452106.80437845 s, dt=34617624.412429355 s, source=47715391.07417822
 Reading H3 from /home/diogo/openmc_data/endfb-vii.1-hdf5/neutron/H3.h5
 Reading Li6 from /home/diogo/openmc_data/endfb-vii.1-hdf5/neutron/Li6.h5
 Reading Li7 from /home/diogo/openmc_data/endfb-vii.1-hdf5/neutron/Li7.h5
 Reading N14 from /home/diogo/openmc_data/endfb-vii.1-hdf5/neutron/N14.h5
 Reading N15 from /home/diogo/openmc_data/endfb-vii.1-hdf5/neutron/N15.h5
 Reading F19 from /home/diogo/openmc_data/endfb-vii.1-hdf5/neutron/F19.h5
 Reading Na22 from /home/diogo/openmc_data/endfb-vii.1-hdf5/neutron/Na22.h5
 WARNING: Negative value(s) found on probability table for nuclide Na22 at 250K
 WARNING: Negative value(s) found on probability table for nuclide Na22 at 294K
 WARNING: Negative value(s) found on probability table for nuclide Na22 at 600K
 WARNING: Negative value(s) found on probability table for nuclide Na22 at 900K
 WARNING: Negative value(s) found on probability table for nuclide Na22 at 1200K
 WARNING: Negative value(s) found on probability table for nuclide Na22 at 2500K
 Reading Na23 from /home/diogo/openmc_data/endfb-vii.1-hdf5/neutron/Na23.h5
 Reading Mg24 from /home/diogo/openmc_data/endfb-vii.1-hdf5/neutron/Mg24.h5
 Reading Mg25 from /home/diogo/openmc_data/endfb-vii.1-hdf5/neutron/Mg25.h5
 Reading Mg26 from /home/diogo/openmc_data/endfb-vii.1-hdf5/neutron/Mg26.h5
 Reading Al27 from /home/diogo/openmc_data/endfb-vii.1-hdf5/neutron/Al27.h5
 Reading P31 from /home/diogo/openmc_data/endfb-vii.1-hdf5/neutron/P31.h5
 Reading S32 from /home/diogo/openmc_data/endfb-vii.1-hdf5/neutron/S32.h5
 Reading S33 from /home/diogo/openmc_data/endfb-vii.1-hdf5/neutron/S33.h5
 Reading S34 from /home/diogo/openmc_data/endfb-vii.1-hdf5/neutron/S34.h5
 Reading S36 from /home/diogo/openmc_data/endfb-vii.1-hdf5/neutron/S36.h5
 Reading Cl35 from /home/diogo/openmc_data/endfb-vii.1-hdf5/neutron/Cl35.h5
 Reading Cl37 from /home/diogo/openmc_data/endfb-vii.1-hdf5/neutron/Cl37.h5
 Reading Ar36 from /home/diogo/openmc_data/endfb-vii.1-hdf5/neutron/Ar36.h5
 WARNING: Negative value(s) found on probability table for nuclide Ar36 at 250K
 WARNING: Negative value(s) found on probability table for nuclide Ar36 at 294K
 WARNING: Negative value(s) found on probability table for nuclide Ar36 at 600K
 WARNING: Negative value(s) found on probability table for nuclide Ar36 at 900K
 WARNING: Negative value(s) found on probability table for nuclide Ar36 at 1200K
 WARNING: Negative value(s) found on probability table for nuclide Ar36 at 2500K
 Reading Ar38 from /home/diogo/openmc_data/endfb-vii.1-hdf5/neutron/Ar38.h5
 Reading Ar40 from /home/diogo/openmc_data/endfb-vii.1-hdf5/neutron/Ar40.h5
 Reading K39 from /home/diogo/openmc_data/endfb-vii.1-hdf5/neutron/K39.h5
 Reading K40 from /home/diogo/openmc_data/endfb-vii.1-hdf5/neutron/K40.h5
 Reading K41 from /home/diogo/openmc_data/endfb-vii.1-hdf5/neutron/K41.h5
 Reading Ca40 from /home/diogo/openmc_data/endfb-vii.1-hdf5/neutron/Ca40.h5
 Reading Ca42 from /home/diogo/openmc_data/endfb-vii.1-hdf5/neutron/Ca42.h5
 Reading Ca43 from /home/diogo/openmc_data/endfb-vii.1-hdf5/neutron/Ca43.h5
 Reading Ca44 from /home/diogo/openmc_data/endfb-vii.1-hdf5/neutron/Ca44.h5
 Reading Ca46 from /home/diogo/openmc_data/endfb-vii.1-hdf5/neutron/Ca46.h5
 Reading Sc45 from /home/diogo/openmc_data/endfb-vii.1-hdf5/neutron/Sc45.h5
 Reading Ti46 from /home/diogo/openmc_data/endfb-vii.1-hdf5/neutron/Ti46.h5
 Reading Ti47 from /home/diogo/openmc_data/endfb-vii.1-hdf5/neutron/Ti47.h5
 Reading Ti48 from /home/diogo/openmc_data/endfb-vii.1-hdf5/neutron/Ti48.h5
 Reading Ti49 from /home/diogo/openmc_data/endfb-vii.1-hdf5/neutron/Ti49.h5
 Reading Ti50 from /home/diogo/openmc_data/endfb-vii.1-hdf5/neutron/Ti50.h5
 Reading V50 from /home/diogo/openmc_data/endfb-vii.1-hdf5/neutron/V50.h5
 Reading V51 from /home/diogo/openmc_data/endfb-vii.1-hdf5/neutron/V51.h5
 Reading Co58 from /home/diogo/openmc_data/endfb-vii.1-hdf5/neutron/Co58.h5
 Reading Co59 from /home/diogo/openmc_data/endfb-vii.1-hdf5/neutron/Co59.h5
 Reading Ni59 from /home/diogo/openmc_data/endfb-vii.1-hdf5/neutron/Ni59.h5
 Reading Cu63 from /home/diogo/openmc_data/endfb-vii.1-hdf5/neutron/Cu63.h5
 Reading Cu65 from /home/diogo/openmc_data/endfb-vii.1-hdf5/neutron/Cu65.h5
 Reading Zn64 from /home/diogo/openmc_data/endfb-vii.1-hdf5/neutron/Zn64.h5
 Reading Zn65 from /home/diogo/openmc_data/endfb-vii.1-hdf5/neutron/Zn65.h5
 Reading Zn66 from /home/diogo/openmc_data/endfb-vii.1-hdf5/neutron/Zn66.h5
 Reading Zn67 from /home/diogo/openmc_data/endfb-vii.1-hdf5/neutron/Zn67.h5
 Reading Zn68 from /home/diogo/openmc_data/endfb-vii.1-hdf5/neutron/Zn68.h5
 Reading Zn70 from /home/diogo/openmc_data/endfb-vii.1-hdf5/neutron/Zn70.h5
 Reading Ga69 from /home/diogo/openmc_data/endfb-vii.1-hdf5/neutron/Ga69.h5
 Reading Ga71 from /home/diogo/openmc_data/endfb-vii.1-hdf5/neutron/Ga71.h5
 Reading Ge70 from /home/diogo/openmc_data/endfb-vii.1-hdf5/neutron/Ge70.h5
 Reading Ge72 from /home/diogo/openmc_data/endfb-vii.1-hdf5/neutron/Ge72.h5
 Reading Ge73 from /home/diogo/openmc_data/endfb-vii.1-hdf5/neutron/Ge73.h5
 Reading Ge74 from /home/diogo/openmc_data/endfb-vii.1-hdf5/neutron/Ge74.h5
 Reading Ge76 from /home/diogo/openmc_data/endfb-vii.1-hdf5/neutron/Ge76.h5
 Reading As74 from /home/diogo/openmc_data/endfb-vii.1-hdf5/neutron/As74.h5
 Reading As75 from /home/diogo/openmc_data/endfb-vii.1-hdf5/neutron/As75.h5
 Reading Se74 from /home/diogo/openmc_data/endfb-vii.1-hdf5/neutron/Se74.h5
 Reading Se76 from /home/diogo/openmc_data/endfb-vii.1-hdf5/neutron/Se76.h5
 Reading Se77 from /home/diogo/openmc_data/endfb-vii.1-hdf5/neutron/Se77.h5
 Reading Se78 from /home/diogo/openmc_data/endfb-vii.1-hdf5/neutron/Se78.h5
 Reading Se79 from /home/diogo/openmc_data/endfb-vii.1-hdf5/neutron/Se79.h5
 WARNING: Negative value(s) found on probability table for nuclide Se79 at 250K
 WARNING: Negative value(s) found on probability table for nuclide Se79 at 294K
 WARNING: Negative value(s) found on probability table for nuclide Se79 at 600K
 WARNING: Negative value(s) found on probability table for nuclide Se79 at 900K
 WARNING: Negative value(s) found on probability table for nuclide Se79 at 1200K
 Reading Se80 from /home/diogo/openmc_data/endfb-vii.1-hdf5/neutron/Se80.h5
 Reading Se82 from /home/diogo/openmc_data/endfb-vii.1-hdf5/neutron/Se82.h5
 Reading Br79 from /home/diogo/openmc_data/endfb-vii.1-hdf5/neutron/Br79.h5
 Reading Br81 from /home/diogo/openmc_data/endfb-vii.1-hdf5/neutron/Br81.h5
 Reading Kr78 from /home/diogo/openmc_data/endfb-vii.1-hdf5/neutron/Kr78.h5
 Reading Kr80 from /home/diogo/openmc_data/endfb-vii.1-hdf5/neutron/Kr80.h5
 Reading Kr82 from /home/diogo/openmc_data/endfb-vii.1-hdf5/neutron/Kr82.h5
 Reading Kr83 from /home/diogo/openmc_data/endfb-vii.1-hdf5/neutron/Kr83.h5
 Reading Kr84 from /home/diogo/openmc_data/endfb-vii.1-hdf5/neutron/Kr84.h5
 Reading Kr85 from /home/diogo/openmc_data/endfb-vii.1-hdf5/neutron/Kr85.h5
 Reading Kr86 from /home/diogo/openmc_data/endfb-vii.1-hdf5/neutron/Kr86.h5
 Reading Rb85 from /home/diogo/openmc_data/endfb-vii.1-hdf5/neutron/Rb85.h5
 Reading Rb86 from /home/diogo/openmc_data/endfb-vii.1-hdf5/neutron/Rb86.h5
 Reading Rb87 from /home/diogo/openmc_data/endfb-vii.1-hdf5/neutron/Rb87.h5
 Reading Sr84 from /home/diogo/openmc_data/endfb-vii.1-hdf5/neutron/Sr84.h5
 Reading Sr86 from /home/diogo/openmc_data/endfb-vii.1-hdf5/neutron/Sr86.h5
 Reading Sr87 from /home/diogo/openmc_data/endfb-vii.1-hdf5/neutron/Sr87.h5
 Reading Sr88 from /home/diogo/openmc_data/endfb-vii.1-hdf5/neutron/Sr88.h5
 Reading Sr89 from /home/diogo/openmc_data/endfb-vii.1-hdf5/neutron/Sr89.h5
 Reading Sr90 from /home/diogo/openmc_data/endfb-vii.1-hdf5/neutron/Sr90.h5
 Reading Y89 from /home/diogo/openmc_data/endfb-vii.1-hdf5/neutron/Y89.h5
 Reading Y90 from /home/diogo/openmc_data/endfb-vii.1-hdf5/neutron/Y90.h5
 Reading Y91 from /home/diogo/openmc_data/endfb-vii.1-hdf5/neutron/Y91.h5
 Reading Zr93 from /home/diogo/openmc_data/endfb-vii.1-hdf5/neutron/Zr93.h5
 Reading Zr95 from /home/diogo/openmc_data/endfb-vii.1-hdf5/neutron/Zr95.h5
 Reading Nb93 from /home/diogo/openmc_data/endfb-vii.1-hdf5/neutron/Nb93.h5
 Reading Nb94 from /home/diogo/openmc_data/endfb-vii.1-hdf5/neutron/Nb94.h5
 WARNING: Negative value(s) found on probability table for nuclide Nb94 at 250K
 WARNING: Negative value(s) found on probability table for nuclide Nb94 at 294K
 WARNING: Negative value(s) found on probability table for nuclide Nb94 at 600K
 WARNING: Negative value(s) found on probability table for nuclide Nb94 at 900K
 WARNING: Negative value(s) found on probability table for nuclide Nb94 at 1200K
 WARNING: Negative value(s) found on probability table for nuclide Nb94 at 2500K
 Reading Nb95 from /home/diogo/openmc_data/endfb-vii.1-hdf5/neutron/Nb95.h5
 WARNING: Negative value(s) found on probability table for nuclide Nb95 at 250K
 WARNING: Negative value(s) found on probability table for nuclide Nb95 at 294K
 WARNING: Negative value(s) found on probability table for nuclide Nb95 at 600K
 WARNING: Negative value(s) found on probability table for nuclide Nb95 at 900K
 WARNING: Negative value(s) found on probability table for nuclide Nb95 at 1200K
 Reading Mo92 from /home/diogo/openmc_data/endfb-vii.1-hdf5/neutron/Mo92.h5
 Reading Mo94 from /home/diogo/openmc_data/endfb-vii.1-hdf5/neutron/Mo94.h5
 Reading Mo95 from /home/diogo/openmc_data/endfb-vii.1-hdf5/neutron/Mo95.h5
 Reading Mo96 from /home/diogo/openmc_data/endfb-vii.1-hdf5/neutron/Mo96.h5
 Reading Mo97 from /home/diogo/openmc_data/endfb-vii.1-hdf5/neutron/Mo97.h5
 Reading Mo98 from /home/diogo/openmc_data/endfb-vii.1-hdf5/neutron/Mo98.h5
 Reading Mo99 from /home/diogo/openmc_data/endfb-vii.1-hdf5/neutron/Mo99.h5
 WARNING: Negative value(s) found on probability table for nuclide Mo99 at 250K
 WARNING: Negative value(s) found on probability table for nuclide Mo99 at 294K
 WARNING: Negative value(s) found on probability table for nuclide Mo99 at 600K
 WARNING: Negative value(s) found on probability table for nuclide Mo99 at 900K
 WARNING: Negative value(s) found on probability table for nuclide Mo99 at 1200K
 WARNING: Negative value(s) found on probability table for nuclide Mo99 at 2500K
 Reading Mo100 from /home/diogo/openmc_data/endfb-vii.1-hdf5/neutron/Mo100.h5
 Reading Tc99 from /home/diogo/openmc_data/endfb-vii.1-hdf5/neutron/Tc99.h5
 Reading Ru96 from /home/diogo/openmc_data/endfb-vii.1-hdf5/neutron/Ru96.h5
 Reading Ru98 from /home/diogo/openmc_data/endfb-vii.1-hdf5/neutron/Ru98.h5
 Reading Ru99 from /home/diogo/openmc_data/endfb-vii.1-hdf5/neutron/Ru99.h5
 Reading Ru100 from /home/diogo/openmc_data/endfb-vii.1-hdf5/neutron/Ru100.h5
 Reading Ru101 from /home/diogo/openmc_data/endfb-vii.1-hdf5/neutron/Ru101.h5
 Reading Ru102 from /home/diogo/openmc_data/endfb-vii.1-hdf5/neutron/Ru102.h5
 Reading Ru103 from /home/diogo/openmc_data/endfb-vii.1-hdf5/neutron/Ru103.h5
 Reading Ru104 from /home/diogo/openmc_data/endfb-vii.1-hdf5/neutron/Ru104.h5
 Reading Ru105 from /home/diogo/openmc_data/endfb-vii.1-hdf5/neutron/Ru105.h5
 Reading Ru106 from /home/diogo/openmc_data/endfb-vii.1-hdf5/neutron/Ru106.h5
 Reading Rh103 from /home/diogo/openmc_data/endfb-vii.1-hdf5/neutron/Rh103.h5
 Reading Rh105 from /home/diogo/openmc_data/endfb-vii.1-hdf5/neutron/Rh105.h5
 Reading Pd102 from /home/diogo/openmc_data/endfb-vii.1-hdf5/neutron/Pd102.h5
 Reading Pd104 from /home/diogo/openmc_data/endfb-vii.1-hdf5/neutron/Pd104.h5
 Reading Pd105 from /home/diogo/openmc_data/endfb-vii.1-hdf5/neutron/Pd105.h5
 Reading Pd106 from /home/diogo/openmc_data/endfb-vii.1-hdf5/neutron/Pd106.h5
 Reading Pd107 from /home/diogo/openmc_data/endfb-vii.1-hdf5/neutron/Pd107.h5
 Reading Pd108 from /home/diogo/openmc_data/endfb-vii.1-hdf5/neutron/Pd108.h5
 Reading Pd110 from /home/diogo/openmc_data/endfb-vii.1-hdf5/neutron/Pd110.h5
 Reading Ag110_m1 from
 /home/diogo/openmc_data/endfb-vii.1-hdf5/neutron/Ag110_m1.h5
 Reading Ag111 from /home/diogo/openmc_data/endfb-vii.1-hdf5/neutron/Ag111.h5
 Reading Cd115_m1 from
 /home/diogo/openmc_data/endfb-vii.1-hdf5/neutron/Cd115_m1.h5
 Reading Sn113 from /home/diogo/openmc_data/endfb-vii.1-hdf5/neutron/Sn113.h5
 Reading Sn123 from /home/diogo/openmc_data/endfb-vii.1-hdf5/neutron/Sn123.h5
 WARNING: Negative value(s) found on probability table for nuclide Sn123 at 250K
 WARNING: Negative value(s) found on probability table for nuclide Sn123 at 294K
 WARNING: Negative value(s) found on probability table for nuclide Sn123 at 600K
 WARNING: Negative value(s) found on probability table for nuclide Sn123 at 900K
 WARNING: Negative value(s) found on probability table for nuclide Sn123 at
          1200K
 WARNING: Negative value(s) found on probability table for nuclide Sn123 at
          2500K
 Reading Sn125 from /home/diogo/openmc_data/endfb-vii.1-hdf5/neutron/Sn125.h5
 Reading Sn126 from /home/diogo/openmc_data/endfb-vii.1-hdf5/neutron/Sn126.h5
 Reading Sb121 from /home/diogo/openmc_data/endfb-vii.1-hdf5/neutron/Sb121.h5
 Reading Sb123 from /home/diogo/openmc_data/endfb-vii.1-hdf5/neutron/Sb123.h5
 Reading Sb124 from /home/diogo/openmc_data/endfb-vii.1-hdf5/neutron/Sb124.h5
 Reading Sb125 from /home/diogo/openmc_data/endfb-vii.1-hdf5/neutron/Sb125.h5
 Reading Sb126 from /home/diogo/openmc_data/endfb-vii.1-hdf5/neutron/Sb126.h5
 Reading Te120 from /home/diogo/openmc_data/endfb-vii.1-hdf5/neutron/Te120.h5
 WARNING: Negative value(s) found on probability table for nuclide Te120 at 600K
 WARNING: Negative value(s) found on probability table for nuclide Te120 at 900K
 WARNING: Negative value(s) found on probability table for nuclide Te120 at
          1200K
 WARNING: Negative value(s) found on probability table for nuclide Te120 at
          2500K
 Reading Te122 from /home/diogo/openmc_data/endfb-vii.1-hdf5/neutron/Te122.h5
 Reading Te123 from /home/diogo/openmc_data/endfb-vii.1-hdf5/neutron/Te123.h5
 Reading Te124 from /home/diogo/openmc_data/endfb-vii.1-hdf5/neutron/Te124.h5
 Reading Te125 from /home/diogo/openmc_data/endfb-vii.1-hdf5/neutron/Te125.h5
 Reading Te126 from /home/diogo/openmc_data/endfb-vii.1-hdf5/neutron/Te126.h5
 Reading Te127_m1 from
 /home/diogo/openmc_data/endfb-vii.1-hdf5/neutron/Te127_m1.h5
 Reading Te128 from /home/diogo/openmc_data/endfb-vii.1-hdf5/neutron/Te128.h5
 Reading Te129_m1 from
 /home/diogo/openmc_data/endfb-vii.1-hdf5/neutron/Te129_m1.h5
 Reading Te130 from /home/diogo/openmc_data/endfb-vii.1-hdf5/neutron/Te130.h5
 Reading Te132 from /home/diogo/openmc_data/endfb-vii.1-hdf5/neutron/Te132.h5
 Reading I127 from /home/diogo/openmc_data/endfb-vii.1-hdf5/neutron/I127.h5
 Reading I129 from /home/diogo/openmc_data/endfb-vii.1-hdf5/neutron/I129.h5
 Reading I130 from /home/diogo/openmc_data/endfb-vii.1-hdf5/neutron/I130.h5
 Reading I131 from /home/diogo/openmc_data/endfb-vii.1-hdf5/neutron/I131.h5
 WARNING: Negative value(s) found on probability table for nuclide I131 at 250K
 WARNING: Negative value(s) found on probability table for nuclide I131 at 294K
 WARNING: Negative value(s) found on probability table for nuclide I131 at 600K
 WARNING: Negative value(s) found on probability table for nuclide I131 at 900K
 WARNING: Negative value(s) found on probability table for nuclide I131 at 1200K
 WARNING: Negative value(s) found on probability table for nuclide I131 at 2500K
 Reading I135 from /home/diogo/openmc_data/endfb-vii.1-hdf5/neutron/I135.h5
 Reading Xe123 from /home/diogo/openmc_data/endfb-vii.1-hdf5/neutron/Xe123.h5
 Reading Xe124 from /home/diogo/openmc_data/endfb-vii.1-hdf5/neutron/Xe124.h5
 Reading Xe126 from /home/diogo/openmc_data/endfb-vii.1-hdf5/neutron/Xe126.h5
 Reading Xe128 from /home/diogo/openmc_data/endfb-vii.1-hdf5/neutron/Xe128.h5
 Reading Xe129 from /home/diogo/openmc_data/endfb-vii.1-hdf5/neutron/Xe129.h5
 Reading Xe130 from /home/diogo/openmc_data/endfb-vii.1-hdf5/neutron/Xe130.h5
 Reading Xe131 from /home/diogo/openmc_data/endfb-vii.1-hdf5/neutron/Xe131.h5
 Reading Xe132 from /home/diogo/openmc_data/endfb-vii.1-hdf5/neutron/Xe132.h5
 Reading Xe133 from /home/diogo/openmc_data/endfb-vii.1-hdf5/neutron/Xe133.h5
 WARNING: Negative value(s) found on probability table for nuclide Xe133 at
          2500K
 Reading Xe134 from /home/diogo/openmc_data/endfb-vii.1-hdf5/neutron/Xe134.h5
 Reading Xe135 from /home/diogo/openmc_data/endfb-vii.1-hdf5/neutron/Xe135.h5
 Reading Xe136 from /home/diogo/openmc_data/endfb-vii.1-hdf5/neutron/Xe136.h5
 Reading Cs133 from /home/diogo/openmc_data/endfb-vii.1-hdf5/neutron/Cs133.h5
 Reading Cs134 from /home/diogo/openmc_data/endfb-vii.1-hdf5/neutron/Cs134.h5
 Reading Cs135 from /home/diogo/openmc_data/endfb-vii.1-hdf5/neutron/Cs135.h5
 Reading Cs136 from /home/diogo/openmc_data/endfb-vii.1-hdf5/neutron/Cs136.h5
 WARNING: Negative value(s) found on probability table for nuclide Cs136 at 250K
 WARNING: Negative value(s) found on probability table for nuclide Cs136 at 294K
 WARNING: Negative value(s) found on probability table for nuclide Cs136 at 600K
 WARNING: Negative value(s) found on probability table for nuclide Cs136 at 900K
 WARNING: Negative value(s) found on probability table for nuclide Cs136 at
          1200K
 WARNING: Negative value(s) found on probability table for nuclide Cs136 at
          2500K
 Reading Cs137 from /home/diogo/openmc_data/endfb-vii.1-hdf5/neutron/Cs137.h5
 Reading Ba130 from /home/diogo/openmc_data/endfb-vii.1-hdf5/neutron/Ba130.h5
 Reading Ba132 from /home/diogo/openmc_data/endfb-vii.1-hdf5/neutron/Ba132.h5
 Reading Ba133 from /home/diogo/openmc_data/endfb-vii.1-hdf5/neutron/Ba133.h5
 Reading Ba134 from /home/diogo/openmc_data/endfb-vii.1-hdf5/neutron/Ba134.h5
 Reading Ba135 from /home/diogo/openmc_data/endfb-vii.1-hdf5/neutron/Ba135.h5
 Reading Ba136 from /home/diogo/openmc_data/endfb-vii.1-hdf5/neutron/Ba136.h5
 Reading Ba137 from /home/diogo/openmc_data/endfb-vii.1-hdf5/neutron/Ba137.h5
 Reading Ba138 from /home/diogo/openmc_data/endfb-vii.1-hdf5/neutron/Ba138.h5
 Reading Ba140 from /home/diogo/openmc_data/endfb-vii.1-hdf5/neutron/Ba140.h5
 Reading La138 from /home/diogo/openmc_data/endfb-vii.1-hdf5/neutron/La138.h5
 Reading La139 from /home/diogo/openmc_data/endfb-vii.1-hdf5/neutron/La139.h5
 Reading La140 from /home/diogo/openmc_data/endfb-vii.1-hdf5/neutron/La140.h5
 Reading Ce136 from /home/diogo/openmc_data/endfb-vii.1-hdf5/neutron/Ce136.h5
 Reading Ce138 from /home/diogo/openmc_data/endfb-vii.1-hdf5/neutron/Ce138.h5
 Reading Ce139 from /home/diogo/openmc_data/endfb-vii.1-hdf5/neutron/Ce139.h5
 Reading Ce140 from /home/diogo/openmc_data/endfb-vii.1-hdf5/neutron/Ce140.h5
 Reading Ce141 from /home/diogo/openmc_data/endfb-vii.1-hdf5/neutron/Ce141.h5
 Reading Ce142 from /home/diogo/openmc_data/endfb-vii.1-hdf5/neutron/Ce142.h5
 Reading Ce143 from /home/diogo/openmc_data/endfb-vii.1-hdf5/neutron/Ce143.h5
 Reading Ce144 from /home/diogo/openmc_data/endfb-vii.1-hdf5/neutron/Ce144.h5
 Reading Pr141 from /home/diogo/openmc_data/endfb-vii.1-hdf5/neutron/Pr141.h5
 Reading Pr142 from /home/diogo/openmc_data/endfb-vii.1-hdf5/neutron/Pr142.h5
 Reading Pr143 from /home/diogo/openmc_data/endfb-vii.1-hdf5/neutron/Pr143.h5
 Reading Nd142 from /home/diogo/openmc_data/endfb-vii.1-hdf5/neutron/Nd142.h5
 Reading Nd143 from /home/diogo/openmc_data/endfb-vii.1-hdf5/neutron/Nd143.h5
 Reading Nd144 from /home/diogo/openmc_data/endfb-vii.1-hdf5/neutron/Nd144.h5
 Reading Nd145 from /home/diogo/openmc_data/endfb-vii.1-hdf5/neutron/Nd145.h5
 Reading Nd146 from /home/diogo/openmc_data/endfb-vii.1-hdf5/neutron/Nd146.h5
 Reading Nd147 from /home/diogo/openmc_data/endfb-vii.1-hdf5/neutron/Nd147.h5
 Reading Nd148 from /home/diogo/openmc_data/endfb-vii.1-hdf5/neutron/Nd148.h5
 Reading Nd150 from /home/diogo/openmc_data/endfb-vii.1-hdf5/neutron/Nd150.h5
 Reading Pm147 from /home/diogo/openmc_data/endfb-vii.1-hdf5/neutron/Pm147.h5
 Reading Pm148 from /home/diogo/openmc_data/endfb-vii.1-hdf5/neutron/Pm148.h5
 Reading Pm148_m1 from
 /home/diogo/openmc_data/endfb-vii.1-hdf5/neutron/Pm148_m1.h5
 Reading Pm149 from /home/diogo/openmc_data/endfb-vii.1-hdf5/neutron/Pm149.h5
 Reading Pm151 from /home/diogo/openmc_data/endfb-vii.1-hdf5/neutron/Pm151.h5
 Reading Sm144 from /home/diogo/openmc_data/endfb-vii.1-hdf5/neutron/Sm144.h5
 Reading Sm147 from /home/diogo/openmc_data/endfb-vii.1-hdf5/neutron/Sm147.h5
 Reading Sm148 from /home/diogo/openmc_data/endfb-vii.1-hdf5/neutron/Sm148.h5
 Reading Sm149 from /home/diogo/openmc_data/endfb-vii.1-hdf5/neutron/Sm149.h5
 Reading Sm150 from /home/diogo/openmc_data/endfb-vii.1-hdf5/neutron/Sm150.h5
 Reading Sm151 from /home/diogo/openmc_data/endfb-vii.1-hdf5/neutron/Sm151.h5
 Reading Sm152 from /home/diogo/openmc_data/endfb-vii.1-hdf5/neutron/Sm152.h5
 Reading Sm153 from /home/diogo/openmc_data/endfb-vii.1-hdf5/neutron/Sm153.h5
 Reading Sm154 from /home/diogo/openmc_data/endfb-vii.1-hdf5/neutron/Sm154.h5
 Reading Eu151 from /home/diogo/openmc_data/endfb-vii.1-hdf5/neutron/Eu151.h5
 Reading Eu152 from /home/diogo/openmc_data/endfb-vii.1-hdf5/neutron/Eu152.h5
 Reading Eu153 from /home/diogo/openmc_data/endfb-vii.1-hdf5/neutron/Eu153.h5
 Reading Eu154 from /home/diogo/openmc_data/endfb-vii.1-hdf5/neutron/Eu154.h5
 Reading Eu155 from /home/diogo/openmc_data/endfb-vii.1-hdf5/neutron/Eu155.h5
 Reading Eu156 from /home/diogo/openmc_data/endfb-vii.1-hdf5/neutron/Eu156.h5
 WARNING: Negative value(s) found on probability table for nuclide Eu156 at 250K
 WARNING: Negative value(s) found on probability table for nuclide Eu156 at 294K
 WARNING: Negative value(s) found on probability table for nuclide Eu156 at 600K
 WARNING: Negative value(s) found on probability table for nuclide Eu156 at 900K
 WARNING: Negative value(s) found on probability table for nuclide Eu156 at
          1200K
 WARNING: Negative value(s) found on probability table for nuclide Eu156 at
          2500K
 Reading Eu157 from /home/diogo/openmc_data/endfb-vii.1-hdf5/neutron/Eu157.h5
 Reading Gd153 from /home/diogo/openmc_data/endfb-vii.1-hdf5/neutron/Gd153.h5
 Reading Tb159 from /home/diogo/openmc_data/endfb-vii.1-hdf5/neutron/Tb159.h5
 Reading Tb160 from /home/diogo/openmc_data/endfb-vii.1-hdf5/neutron/Tb160.h5
 Reading Dy156 from /home/diogo/openmc_data/endfb-vii.1-hdf5/neutron/Dy156.h5
 Reading Dy158 from /home/diogo/openmc_data/endfb-vii.1-hdf5/neutron/Dy158.h5
 Reading Dy160 from /home/diogo/openmc_data/endfb-vii.1-hdf5/neutron/Dy160.h5
 Reading Dy161 from /home/diogo/openmc_data/endfb-vii.1-hdf5/neutron/Dy161.h5
 Reading Dy162 from /home/diogo/openmc_data/endfb-vii.1-hdf5/neutron/Dy162.h5
 Reading Dy163 from /home/diogo/openmc_data/endfb-vii.1-hdf5/neutron/Dy163.h5
 Reading Dy164 from /home/diogo/openmc_data/endfb-vii.1-hdf5/neutron/Dy164.h5
 Reading Ho165 from /home/diogo/openmc_data/endfb-vii.1-hdf5/neutron/Ho165.h5
 Reading Ho166_m1 from
 /home/diogo/openmc_data/endfb-vii.1-hdf5/neutron/Ho166_m1.h5
 Reading Er162 from /home/diogo/openmc_data/endfb-vii.1-hdf5/neutron/Er162.h5
 Reading Er164 from /home/diogo/openmc_data/endfb-vii.1-hdf5/neutron/Er164.h5
 Reading Er166 from /home/diogo/openmc_data/endfb-vii.1-hdf5/neutron/Er166.h5
 Reading Er167 from /home/diogo/openmc_data/endfb-vii.1-hdf5/neutron/Er167.h5
 Reading Er168 from /home/diogo/openmc_data/endfb-vii.1-hdf5/neutron/Er168.h5
 Reading Er170 from /home/diogo/openmc_data/endfb-vii.1-hdf5/neutron/Er170.h5
 Reading Tm168 from /home/diogo/openmc_data/endfb-vii.1-hdf5/neutron/Tm168.h5
 Reading Tm169 from /home/diogo/openmc_data/endfb-vii.1-hdf5/neutron/Tm169.h5
 Reading Tm170 from /home/diogo/openmc_data/endfb-vii.1-hdf5/neutron/Tm170.h5
 Reading Hg196 from /home/diogo/openmc_data/endfb-vii.1-hdf5/neutron/Hg196.h5
 Reading Hg199 from /home/diogo/openmc_data/endfb-vii.1-hdf5/neutron/Hg199.h5
 Reading Hg200 from /home/diogo/openmc_data/endfb-vii.1-hdf5/neutron/Hg200.h5
 Reading Hg201 from /home/diogo/openmc_data/endfb-vii.1-hdf5/neutron/Hg201.h5
 Reading Hg202 from /home/diogo/openmc_data/endfb-vii.1-hdf5/neutron/Hg202.h5
 Reading Hg204 from /home/diogo/openmc_data/endfb-vii.1-hdf5/neutron/Hg204.h5
 Reading Tl203 from /home/diogo/openmc_data/endfb-vii.1-hdf5/neutron/Tl203.h5
 Reading Tl205 from /home/diogo/openmc_data/endfb-vii.1-hdf5/neutron/Tl205.h5
 Reading Pb204 from /home/diogo/openmc_data/endfb-vii.1-hdf5/neutron/Pb204.h5
 Reading Pb206 from /home/diogo/openmc_data/endfb-vii.1-hdf5/neutron/Pb206.h5
 Reading Pb207 from /home/diogo/openmc_data/endfb-vii.1-hdf5/neutron/Pb207.h5
 Reading Pb208 from /home/diogo/openmc_data/endfb-vii.1-hdf5/neutron/Pb208.h5
 Reading Bi209 from /home/diogo/openmc_data/endfb-vii.1-hdf5/neutron/Bi209.h5
 Reading Ra223 from /home/diogo/openmc_data/endfb-vii.1-hdf5/neutron/Ra223.h5
 Reading Ra224 from /home/diogo/openmc_data/endfb-vii.1-hdf5/neutron/Ra224.h5
 Reading Ra225 from /home/diogo/openmc_data/endfb-vii.1-hdf5/neutron/Ra225.h5
 Reading Ra226 from /home/diogo/openmc_data/endfb-vii.1-hdf5/neutron/Ra226.h5
 Reading Ac225 from /home/diogo/openmc_data/endfb-vii.1-hdf5/neutron/Ac225.h5
 Reading Ac226 from /home/diogo/openmc_data/endfb-vii.1-hdf5/neutron/Ac226.h5
 Reading Ac227 from /home/diogo/openmc_data/endfb-vii.1-hdf5/neutron/Ac227.h5
 Reading Th227 from /home/diogo/openmc_data/endfb-vii.1-hdf5/neutron/Th227.h5
 Reading Th228 from /home/diogo/openmc_data/endfb-vii.1-hdf5/neutron/Th228.h5
 Reading Th229 from /home/diogo/openmc_data/endfb-vii.1-hdf5/neutron/Th229.h5
 Reading Th230 from /home/diogo/openmc_data/endfb-vii.1-hdf5/neutron/Th230.h5
 Reading Th231 from /home/diogo/openmc_data/endfb-vii.1-hdf5/neutron/Th231.h5
 Reading Th232 from /home/diogo/openmc_data/endfb-vii.1-hdf5/neutron/Th232.h5
 Reading Th233 from /home/diogo/openmc_data/endfb-vii.1-hdf5/neutron/Th233.h5
 Reading Th234 from /home/diogo/openmc_data/endfb-vii.1-hdf5/neutron/Th234.h5
 Reading Pa229 from /home/diogo/openmc_data/endfb-vii.1-hdf5/neutron/Pa229.h5
 Reading Pa230 from /home/diogo/openmc_data/endfb-vii.1-hdf5/neutron/Pa230.h5
 Reading Pa231 from /home/diogo/openmc_data/endfb-vii.1-hdf5/neutron/Pa231.h5
 Reading Pa232 from /home/diogo/openmc_data/endfb-vii.1-hdf5/neutron/Pa232.h5
 Reading Pa233 from /home/diogo/openmc_data/endfb-vii.1-hdf5/neutron/Pa233.h5
 Reading U230 from /home/diogo/openmc_data/endfb-vii.1-hdf5/neutron/U230.h5
 Reading U231 from /home/diogo/openmc_data/endfb-vii.1-hdf5/neutron/U231.h5
 Reading U232 from /home/diogo/openmc_data/endfb-vii.1-hdf5/neutron/U232.h5
 Reading U233 from /home/diogo/openmc_data/endfb-vii.1-hdf5/neutron/U233.h5
 Reading U236 from /home/diogo/openmc_data/endfb-vii.1-hdf5/neutron/U236.h5
 Reading U237 from /home/diogo/openmc_data/endfb-vii.1-hdf5/neutron/U237.h5
 Reading U239 from /home/diogo/openmc_data/endfb-vii.1-hdf5/neutron/U239.h5
 Reading U240 from /home/diogo/openmc_data/endfb-vii.1-hdf5/neutron/U240.h5
 Reading U241 from /home/diogo/openmc_data/endfb-vii.1-hdf5/neutron/U241.h5
 Reading Np234 from /home/diogo/openmc_data/endfb-vii.1-hdf5/neutron/Np234.h5
 Reading Np235 from /home/diogo/openmc_data/endfb-vii.1-hdf5/neutron/Np235.h5
 Reading Np236 from /home/diogo/openmc_data/endfb-vii.1-hdf5/neutron/Np236.h5
 Reading Np237 from /home/diogo/openmc_data/endfb-vii.1-hdf5/neutron/Np237.h5
 Reading Np238 from /home/diogo/openmc_data/endfb-vii.1-hdf5/neutron/Np238.h5
 Reading Np239 from /home/diogo/openmc_data/endfb-vii.1-hdf5/neutron/Np239.h5
 Reading Pu236 from /home/diogo/openmc_data/endfb-vii.1-hdf5/neutron/Pu236.h5
 Reading Pu237 from /home/diogo/openmc_data/endfb-vii.1-hdf5/neutron/Pu237.h5
 Reading Pu238 from /home/diogo/openmc_data/endfb-vii.1-hdf5/neutron/Pu238.h5
 Reading Pu239 from /home/diogo/openmc_data/endfb-vii.1-hdf5/neutron/Pu239.h5
 Reading Pu240 from /home/diogo/openmc_data/endfb-vii.1-hdf5/neutron/Pu240.h5
 Reading Pu241 from /home/diogo/openmc_data/endfb-vii.1-hdf5/neutron/Pu241.h5
 Reading Pu242 from /home/diogo/openmc_data/endfb-vii.1-hdf5/neutron/Pu242.h5
 Reading Pu243 from /home/diogo/openmc_data/endfb-vii.1-hdf5/neutron/Pu243.h5
 Reading Pu244 from /home/diogo/openmc_data/endfb-vii.1-hdf5/neutron/Pu244.h5
 Reading Pu246 from /home/diogo/openmc_data/endfb-vii.1-hdf5/neutron/Pu246.h5
 Reading Am240 from /home/diogo/openmc_data/endfb-vii.1-hdf5/neutron/Am240.h5
 Reading Am241 from /home/diogo/openmc_data/endfb-vii.1-hdf5/neutron/Am241.h5
 Reading Am242 from /home/diogo/openmc_data/endfb-vii.1-hdf5/neutron/Am242.h5
 Reading Am242_m1 from
 /home/diogo/openmc_data/endfb-vii.1-hdf5/neutron/Am242_m1.h5
 Reading Am243 from /home/diogo/openmc_data/endfb-vii.1-hdf5/neutron/Am243.h5
 Reading Am244 from /home/diogo/openmc_data/endfb-vii.1-hdf5/neutron/Am244.h5
 Reading Am244_m1 from
 /home/diogo/openmc_data/endfb-vii.1-hdf5/neutron/Am244_m1.h5
 Reading Cm240 from /home/diogo/openmc_data/endfb-vii.1-hdf5/neutron/Cm240.h5
 Reading Cm241 from /home/diogo/openmc_data/endfb-vii.1-hdf5/neutron/Cm241.h5
 Reading Cm242 from /home/diogo/openmc_data/endfb-vii.1-hdf5/neutron/Cm242.h5
 Reading Cm243 from /home/diogo/openmc_data/endfb-vii.1-hdf5/neutron/Cm243.h5
 Reading Cm244 from /home/diogo/openmc_data/endfb-vii.1-hdf5/neutron/Cm244.h5
 Reading Cm245 from /home/diogo/openmc_data/endfb-vii.1-hdf5/neutron/Cm245.h5
 Reading Cm246 from /home/diogo/openmc_data/endfb-vii.1-hdf5/neutron/Cm246.h5
 Reading Cm247 from /home/diogo/openmc_data/endfb-vii.1-hdf5/neutron/Cm247.h5
 Reading Cm248 from /home/diogo/openmc_data/endfb-vii.1-hdf5/neutron/Cm248.h5
 Reading Cm249 from /home/diogo/openmc_data/endfb-vii.1-hdf5/neutron/Cm249.h5
 Reading Cm250 from /home/diogo/openmc_data/endfb-vii.1-hdf5/neutron/Cm250.h5
 Reading Bk245 from /home/diogo/openmc_data/endfb-vii.1-hdf5/neutron/Bk245.h5
 Reading Bk247 from /home/diogo/openmc_data/endfb-vii.1-hdf5/neutron/Bk247.h5
 Reading Bk248 from /home/diogo/openmc_data/endfb-vii.1-hdf5/neutron/Bk248.h5
 Reading Bk249 from /home/diogo/openmc_data/endfb-vii.1-hdf5/neutron/Bk249.h5
 Reading Bk250 from /home/diogo/openmc_data/endfb-vii.1-hdf5/neutron/Bk250.h5
 Reading Cf248 from /home/diogo/openmc_data/endfb-vii.1-hdf5/neutron/Cf248.h5
 Reading Cf249 from /home/diogo/openmc_data/endfb-vii.1-hdf5/neutron/Cf249.h5
 Reading Cf250 from /home/diogo/openmc_data/endfb-vii.1-hdf5/neutron/Cf250.h5
 WARNING: Negative value(s) found on probability table for nuclide Cf250 at 250K
 WARNING: Negative value(s) found on probability table for nuclide Cf250 at 294K
 WARNING: Negative value(s) found on probability table for nuclide Cf250 at 900K
 WARNING: Negative value(s) found on probability table for nuclide Cf250 at
          1200K
 Reading Cf251 from /home/diogo/openmc_data/endfb-vii.1-hdf5/neutron/Cf251.h5
 Reading Cf252 from /home/diogo/openmc_data/endfb-vii.1-hdf5/neutron/Cf252.h5
 Reading Cf253 from /home/diogo/openmc_data/endfb-vii.1-hdf5/neutron/Cf253.h5
 Reading Cf254 from /home/diogo/openmc_data/endfb-vii.1-hdf5/neutron/Cf254.h5
 Reading Es251 from /home/diogo/openmc_data/endfb-vii.1-hdf5/neutron/Es251.h5
 Reading Es252 from /home/diogo/openmc_data/endfb-vii.1-hdf5/neutron/Es252.h5
 Reading Es253 from /home/diogo/openmc_data/endfb-vii.1-hdf5/neutron/Es253.h5
 Reading Es254 from /home/diogo/openmc_data/endfb-vii.1-hdf5/neutron/Es254.h5
 Reading Es254_m1 from
 /home/diogo/openmc_data/endfb-vii.1-hdf5/neutron/Es254_m1.h5
 Reading Es255 from /home/diogo/openmc_data/endfb-vii.1-hdf5/neutron/Es255.h5
 Reading Fm255 from /home/diogo/openmc_data/endfb-vii.1-hdf5/neutron/Fm255.h5
 Reading Ir191 from /home/diogo/openmc_data/endfb-vii.1-hdf5/neutron/Ir191.h5
 Reading Ir193 from /home/diogo/openmc_data/endfb-vii.1-hdf5/neutron/Ir193.h5
 Reading Au197 from /home/diogo/openmc_data/endfb-vii.1-hdf5/neutron/Au197.h5
 Reading Hg198 from /home/diogo/openmc_data/endfb-vii.1-hdf5/neutron/Hg198.h5
 Reading Lu175 from /home/diogo/openmc_data/endfb-vii.1-hdf5/neutron/Lu175.h5
 Reading Lu176 from /home/diogo/openmc_data/endfb-vii.1-hdf5/neutron/Lu176.h5
 Reading Hf174 from /home/diogo/openmc_data/endfb-vii.1-hdf5/neutron/Hf174.h5
 Reading Hf176 from /home/diogo/openmc_data/endfb-vii.1-hdf5/neutron/Hf176.h5
 Reading Hf177 from /home/diogo/openmc_data/endfb-vii.1-hdf5/neutron/Hf177.h5
 Reading Hf178 from /home/diogo/openmc_data/endfb-vii.1-hdf5/neutron/Hf178.h5
 Reading Hf179 from /home/diogo/openmc_data/endfb-vii.1-hdf5/neutron/Hf179.h5
 Reading Hf180 from /home/diogo/openmc_data/endfb-vii.1-hdf5/neutron/Hf180.h5
 Reading Ta180 from /home/diogo/openmc_data/endfb-vii.1-hdf5/neutron/Ta180.h5
 Reading Ta181 from /home/diogo/openmc_data/endfb-vii.1-hdf5/neutron/Ta181.h5
 Reading Ta182 from /home/diogo/openmc_data/endfb-vii.1-hdf5/neutron/Ta182.h5
 Reading W180 from /home/diogo/openmc_data/endfb-vii.1-hdf5/neutron/W180.h5
 Reading W182 from /home/diogo/openmc_data/endfb-vii.1-hdf5/neutron/W182.h5
 Reading W183 from /home/diogo/openmc_data/endfb-vii.1-hdf5/neutron/W183.h5
 Reading W184 from /home/diogo/openmc_data/endfb-vii.1-hdf5/neutron/W184.h5
 Reading W186 from /home/diogo/openmc_data/endfb-vii.1-hdf5/neutron/W186.h5
 Reading Re185 from /home/diogo/openmc_data/endfb-vii.1-hdf5/neutron/Re185.h5
 Reading Re187 from /home/diogo/openmc_data/endfb-vii.1-hdf5/neutron/Re187.h5
 Reading Bk246 from /home/diogo/openmc_data/endfb-vii.1-hdf5/neutron/Bk246.h5
 Reading Cf246 from /home/diogo/openmc_data/endfb-vii.1-hdf5/neutron/Cf246.h5
 Reading Be9 from /home/diogo/openmc_data/endfb-vii.1-hdf5/neutron/Be9.h5
 Reading Ca48 from /home/diogo/openmc_data/endfb-vii.1-hdf5/neutron/Ca48.h5
 Reading Co58_m1 from
 /home/diogo/openmc_data/endfb-vii.1-hdf5/neutron/Co58_m1.h5
 Maximum neutron transport energy: 20000000 eV for H1
 Initializing source particles...

 ====================>     K EIGENVALUE SIMULATION     <====================

  Bat./Gen.      k       Entropy         Average k 
  =========   ========   ========   ====================
        1/1    0.93236    5.54018
        2/1    0.92961    5.51515
        3/1    0.95193    5.49760
        4/1    0.96275    5.49776
        5/1    0.95966    5.49816
        6/1    0.94735    5.49044
        7/1    0.96074    5.47484
        8/1    0.96889    5.47721
        9/1    0.96204    5.49034
       10/1    0.94771    5.47873
       11/1    0.97270    5.48442
       12/1    0.96398    5.48280
       13/1    0.96326    5.46868
       14/1    0.97453    5.47298
       15/1    0.96751    5.46157
       16/1    0.96322    5.46957
       17/1    0.96955    5.48215
       18/1    0.96205    5.47198
       19/1    0.96557    5.46701
       20/1    0.95140    5.47384
       21/1    0.95029    5.46557
       22/1    0.97148    5.46068
       23/1    0.95283    5.45999
       24/1    0.95789    5.46281
       25/1    0.96970    5.46721
       26/1    0.96112    5.46511
       27/1    0.96142    5.46751
       28/1    0.96826    5.47309
       29/1    0.95115    5.48023
       30/1    0.97984    5.47210
       31/1    0.96087    5.47290
       32/1    0.96937    5.48099
       33/1    0.95571    5.46650
       34/1    0.96607    5.46673
       35/1    0.95745    5.46333
       36/1    0.96085    5.45640
       37/1    0.94743    5.46460
       38/1    0.95690    5.46636
       39/1    0.96044    5.46771
       40/1    0.97380    5.46803
       41/1    0.94705    5.47252
       42/1    0.97415    5.46354
       43/1    0.95424    5.47360
       44/1    0.95367    5.46442
       45/1    0.97024    5.45907
       46/1    0.95289    5.45725
       47/1    0.96004    5.46074
       48/1    0.96613    5.46848
       49/1    0.94747    5.47017
       50/1    0.97749    5.45854
       51/1    0.95194    5.46143
       52/1    0.96543    5.45597
       53/1    0.97521    5.46041
       54/1    0.94993    5.46086
       55/1    0.96039    5.46019
       56/1    0.97031    5.46372
       57/1    0.96650    5.46438
       58/1    0.94914    5.47331
       59/1    0.95235    5.46078
       60/1    0.97056    5.46970
       61/1    0.96478    5.48220
       62/1    0.95648    5.46473    0.96063 +/- 0.00415
       63/1    0.96729    5.46187    0.96285 +/- 0.00327
       64/1    0.96264    5.46580    0.96280 +/- 0.00231
       65/1    0.95108    5.47321    0.96045 +/- 0.00295
       66/1    0.95684    5.46959    0.95985 +/- 0.00248
       67/1    0.97165    5.47575    0.96154 +/- 0.00269
       68/1    0.95308    5.47898    0.96048 +/- 0.00256
       69/1    0.95294    5.47613    0.95964 +/- 0.00241
       70/1    0.97209    5.47929    0.96089 +/- 0.00249
       71/1    0.97803    5.48449    0.96245 +/- 0.00274
       72/1    0.95199    5.49638    0.96157 +/- 0.00265
       73/1    0.96887    5.50098    0.96214 +/- 0.00250
       74/1    0.97189    5.49497    0.96283 +/- 0.00241
       75/1    0.95048    5.49694    0.96201 +/- 0.00239
       76/1    0.96279    5.47916    0.96206 +/- 0.00224
       77/1    0.96255    5.48350    0.96209 +/- 0.00210
       78/1    0.96173    5.48343    0.96207 +/- 0.00198
       79/1    0.96453    5.47126    0.96220 +/- 0.00188
       80/1    0.95934    5.46463    0.96205 +/- 0.00179
       81/1    0.96434    5.48436    0.96216 +/- 0.00171
       82/1    0.97185    5.48113    0.96260 +/- 0.00169
       83/1    0.95388    5.47047    0.96222 +/- 0.00165
       84/1    0.95623    5.47055    0.96197 +/- 0.00160
       85/1    0.95273    5.48209    0.96160 +/- 0.00158
       86/1    0.97088    5.47629    0.96196 +/- 0.00156
       87/1    0.96606    5.46165    0.96211 +/- 0.00151
       88/1    0.96043    5.47481    0.96205 +/- 0.00146
       89/1    0.96245    5.46095    0.96207 +/- 0.00141
       90/1    0.96255    5.45768    0.96208 +/- 0.00136
       91/1    0.95635    5.46653    0.96190 +/- 0.00133
       92/1    0.96454    5.46555    0.96198 +/- 0.00129
       93/1    0.94295    5.46032    0.96140 +/- 0.00137
       94/1    0.96360    5.45846    0.96147 +/- 0.00133
       95/1    0.93786    5.46933    0.96079 +/- 0.00146
       96/1    0.95454    5.48033    0.96062 +/- 0.00143
       97/1    0.94600    5.46687    0.96022 +/- 0.00145
       98/1    0.95942    5.47017    0.96020 +/- 0.00141
       99/1    0.94404    5.47819    0.95979 +/- 0.00143
      100/1    0.94257    5.46034    0.95936 +/- 0.00146
      101/1    0.95942    5.45583    0.95936 +/- 0.00143
      102/1    0.95383    5.45711    0.95923 +/- 0.00140
      103/1    0.96355    5.47100    0.95933 +/- 0.00137
      104/1    0.95458    5.48362    0.95922 +/- 0.00134
      105/1    0.96104    5.48910    0.95926 +/- 0.00131
      106/1    0.96808    5.47150    0.95945 +/- 0.00130
      107/1    0.95767    5.47925    0.95941 +/- 0.00127
      108/1    0.95308    5.46341    0.95928 +/- 0.00125
      109/1    0.96495    5.46057    0.95940 +/- 0.00123
      110/1    0.95527    5.47100    0.95932 +/- 0.00121
      111/1    0.97232    5.46610    0.95957 +/- 0.00121
      112/1    0.95317    5.47582    0.95945 +/- 0.00119
      113/1    0.95133    5.48903    0.95929 +/- 0.00118
      114/1    0.95584    5.48333    0.95923 +/- 0.00116
      115/1    0.96237    5.47117    0.95929 +/- 0.00114
      116/1    0.97793    5.47688    0.95962 +/- 0.00117
      117/1    0.95323    5.46609    0.95951 +/- 0.00115
      118/1    0.96203    5.47952    0.95955 +/- 0.00113
      119/1    0.96499    5.46441    0.95964 +/- 0.00112
      120/1    0.96786    5.46969    0.95978 +/- 0.00111
      121/1    0.97963    5.46585    0.96011 +/- 0.00114
      122/1    0.95375    5.46814    0.96000 +/- 0.00112
      123/1    0.95546    5.46193    0.95993 +/- 0.00111
      124/1    0.97602    5.45706    0.96018 +/- 0.00112
      125/1    0.97697    5.46466    0.96044 +/- 0.00113
      126/1    0.96598    5.47077    0.96053 +/- 0.00112
      127/1    0.95377    5.45808    0.96042 +/- 0.00111
      128/1    0.97061    5.46259    0.96057 +/- 0.00110
      129/1    0.97459    5.47471    0.96078 +/- 0.00110
      130/1    0.96562    5.47116    0.96085 +/- 0.00109
      131/1    0.96611    5.47676    0.96092 +/- 0.00108
      132/1    0.96944    5.47421    0.96104 +/- 0.00107
      133/1    0.94833    5.46118    0.96086 +/- 0.00107
      134/1    0.97338    5.47474    0.96103 +/- 0.00107
      135/1    0.95983    5.47479    0.96102 +/- 0.00105
      136/1    0.95769    5.46814    0.96097 +/- 0.00104
      137/1    0.94778    5.48157    0.96080 +/- 0.00104
      138/1    0.95832    5.47220    0.96077 +/- 0.00103
      139/1    0.96476    5.45759    0.96082 +/- 0.00101
      140/1    0.96759    5.46357    0.96091 +/- 0.00100
      141/1    0.96470    5.46010    0.96095 +/- 0.00099
      142/1    0.97241    5.45895    0.96109 +/- 0.00099
      143/1    0.96604    5.45921    0.96115 +/- 0.00098
      144/1    0.95048    5.47759    0.96102 +/- 0.00098
      145/1    0.97244    5.46754    0.96116 +/- 0.00098
      146/1    0.95250    5.45750    0.96106 +/- 0.00097
      147/1    0.96232    5.46657    0.96107 +/- 0.00096
      148/1    0.96792    5.46743    0.96115 +/- 0.00095
      149/1    0.95801    5.49217    0.96112 +/- 0.00094
      150/1    0.95516    5.48719    0.96105 +/- 0.00093
      151/1    0.94342    5.48679    0.96086 +/- 0.00094
      152/1    0.97312    5.47368    0.96099 +/- 0.00094
      153/1    0.96665    5.46877    0.96105 +/- 0.00093
      154/1    0.97837    5.47468    0.96123 +/- 0.00094
      155/1    0.97266    5.46883    0.96135 +/- 0.00094
      156/1    0.96366    5.46696    0.96138 +/- 0.00093
      157/1    0.95493    5.45711    0.96131 +/- 0.00092
      158/1    0.96657    5.47534    0.96137 +/- 0.00091
      159/1    0.94803    5.47742    0.96123 +/- 0.00091
      160/1    0.96252    5.46953    0.96124 +/- 0.00091
 Creating state point statepoint.160.h5...

 =======================>     TIMING STATISTICS     <=======================

 Total time for initialization     = 3.4186e+01 seconds
   Reading cross sections          = 7.6841e+00 seconds
 Total time in simulation          = 3.7316e+02 seconds
   Time in transport only          = 3.7198e+02 seconds
   Time in inactive batches        = 1.0540e+02 seconds
   Time in active batches          = 2.6776e+02 seconds
   Time synchronizing fission bank = 3.0779e-01 seconds
     Sampling source sites         = 2.6887e-01 seconds
     SEND/RECV source sites        = 3.8105e-02 seconds
   Time accumulating tallies       = 5.7582e-01 seconds
   Time writing statepoints        = 2.3087e-02 seconds
 Total time for finalization       = 1.8486e-02 seconds
 Total time elapsed                = 4.0785e+02 seconds
 Calculation Rate (inactive)       = 11385 particles/second
 Calculation Rate (active)         = 7469.38 particles/second

 ============================>     RESULTS     <============================

 k-effective (Collision)     = 0.96165 +/- 0.00080
 k-effective (Track-length)  = 0.96124 +/- 0.00091
 k-effective (Absorption)    = 0.96201 +/- 0.00073
 Combined k-effective        = 0.96183 +/- 0.00064
 Leakage Fraction            = 0.00757 +/- 0.00006

 Creating state point openmc_simulation_n6.h5...
[openmc.deplete] t=186069731.2168078 (final operator evaluation)
 Maximum neutron transport energy: 20000000 eV for H1
 Initializing source particles...

 ====================>     K EIGENVALUE SIMULATION     <====================

  Bat./Gen.      k       Entropy         Average k 
  =========   ========   ========   ====================
        1/1    0.89110    5.54136
        2/1    0.92603    5.51973
        3/1    0.91462    5.50632
        4/1    0.92912    5.50415
        5/1    0.93579    5.49719
        6/1    0.92330    5.48105
        7/1    0.92799    5.48424
        8/1    0.93173    5.48562
        9/1    0.94053    5.48662
       10/1    0.95327    5.47946
       11/1    0.94022    5.48727
       12/1    0.93969    5.48854
       13/1    0.94180    5.47349
       14/1    0.93531    5.47475
       15/1    0.95587    5.48323
       16/1    0.92561    5.46845
       17/1    0.93942    5.46761
       18/1    0.92084    5.45587
       19/1    0.92805    5.45952
       20/1    0.93118    5.46721
       21/1    0.93690    5.46534
       22/1    0.96041    5.46897
       23/1    0.93569    5.46107
       24/1    0.93499    5.47250
       25/1    0.92825    5.48022
       26/1    0.92848    5.48599
       27/1    0.92984    5.48720
       28/1    0.92519    5.48702
       29/1    0.93299    5.47692
       30/1    0.93946    5.48294
       31/1    0.93128    5.48224
       32/1    0.94713    5.49985
       33/1    0.93042    5.47533
       34/1    0.93573    5.49168
       35/1    0.94862    5.48810
       36/1    0.92336    5.49056
       37/1    0.93225    5.49222
       38/1    0.93535    5.48622
       39/1    0.94571    5.48922
       40/1    0.91409    5.49074
       41/1    0.93507    5.47517
       42/1    0.95154    5.48806
       43/1    0.92590    5.48102
       44/1    0.93032    5.48709
       45/1    0.93434    5.47610
       46/1    0.94015    5.48139
       47/1    0.93869    5.49631
       48/1    0.93523    5.47660
       49/1    0.91576    5.47037
       50/1    0.94326    5.47824
       51/1    0.93596    5.47893
       52/1    0.94297    5.48971
       53/1    0.91974    5.47261
       54/1    0.94887    5.47296
       55/1    0.95299    5.48654
       56/1    0.93484    5.47434
       57/1    0.93580    5.46758
       58/1    0.92568    5.48038
       59/1    0.93424    5.48936
       60/1    0.94104    5.48406
       61/1    0.92616    5.48369
       62/1    0.91071    5.48297    0.91843 +/- 0.00773
       63/1    0.93217    5.48732    0.92301 +/- 0.00639
       64/1    0.93414    5.48883    0.92580 +/- 0.00531
       65/1    0.94638    5.47978    0.92991 +/- 0.00582
       66/1    0.92617    5.49679    0.92929 +/- 0.00479
       67/1    0.94631    5.48881    0.93172 +/- 0.00472
       68/1    0.93679    5.48309    0.93235 +/- 0.00414
       69/1    0.92329    5.49526    0.93135 +/- 0.00379
       70/1    0.92830    5.49335    0.93104 +/- 0.00340
       71/1    0.94242    5.48382    0.93208 +/- 0.00325
       72/1    0.93404    5.48865    0.93224 +/- 0.00297
       73/1    0.93664    5.49806    0.93258 +/- 0.00275
       74/1    0.94497    5.48014    0.93346 +/- 0.00270
       75/1    0.94378    5.48280    0.93415 +/- 0.00260
       76/1    0.94051    5.48421    0.93455 +/- 0.00247
       77/1    0.95131    5.48722    0.93553 +/- 0.00252
       78/1    0.94894    5.47125    0.93628 +/- 0.00249
       79/1    0.93250    5.48394    0.93608 +/- 0.00236
       80/1    0.93801    5.47248    0.93618 +/- 0.00224
       81/1    0.93365    5.47430    0.93606 +/- 0.00214
       82/1    0.93087    5.48522    0.93582 +/- 0.00205
       83/1    0.92912    5.47421    0.93553 +/- 0.00198
       84/1    0.93655    5.47260    0.93557 +/- 0.00190
       85/1    0.92869    5.48594    0.93530 +/- 0.00184
       86/1    0.91485    5.48245    0.93451 +/- 0.00194
       87/1    0.93006    5.49133    0.93435 +/- 0.00187
       88/1    0.92325    5.47053    0.93395 +/- 0.00184
       89/1    0.92581    5.47293    0.93367 +/- 0.00180
       90/1    0.93118    5.48161    0.93359 +/- 0.00174
       91/1    0.93248    5.48028    0.93355 +/- 0.00169
       92/1    0.93002    5.46992    0.93344 +/- 0.00164
       93/1    0.95791    5.47300    0.93418 +/- 0.00175
       94/1    0.94088    5.47885    0.93438 +/- 0.00171
       95/1    0.93755    5.46914    0.93447 +/- 0.00166
       96/1    0.93377    5.46890    0.93445 +/- 0.00162
       97/1    0.93514    5.47875    0.93447 +/- 0.00157
       98/1    0.94704    5.48290    0.93480 +/- 0.00157
       99/1    0.93415    5.47609    0.93478 +/- 0.00152
      100/1    0.92712    5.47527    0.93459 +/- 0.00150
      101/1    0.94000    5.48108    0.93472 +/- 0.00147
      102/1    0.94064    5.47748    0.93486 +/- 0.00144
      103/1    0.94816    5.48259    0.93517 +/- 0.00144
      104/1    0.94487    5.48390    0.93539 +/- 0.00142
      105/1    0.91663    5.49022    0.93498 +/- 0.00145
      106/1    0.93338    5.49965    0.93494 +/- 0.00142
      107/1    0.93191    5.50096    0.93488 +/- 0.00139
      108/1    0.92635    5.50127    0.93470 +/- 0.00137
      109/1    0.93185    5.48189    0.93464 +/- 0.00135
      110/1    0.93709    5.48508    0.93469 +/- 0.00132
      111/1    0.93435    5.48686    0.93468 +/- 0.00129
      112/1    0.92497    5.48601    0.93450 +/- 0.00128
      113/1    0.91864    5.49298    0.93420 +/- 0.00129
      114/1    0.93048    5.48682    0.93413 +/- 0.00127
      115/1    0.92753    5.48805    0.93401 +/- 0.00125
      116/1    0.94896    5.47423    0.93428 +/- 0.00126
      117/1    0.93804    5.49365    0.93434 +/- 0.00124
      118/1    0.93805    5.50353    0.93441 +/- 0.00122
      119/1    0.91832    5.49189    0.93413 +/- 0.00123
      120/1    0.93975    5.50199    0.93423 +/- 0.00121
      121/1    0.92245    5.47350    0.93403 +/- 0.00121
      122/1    0.92674    5.48427    0.93392 +/- 0.00119
      123/1    0.93821    5.49808    0.93398 +/- 0.00118
      124/1    0.93283    5.49236    0.93397 +/- 0.00116
      125/1    0.94770    5.48224    0.93418 +/- 0.00116
      126/1    0.93902    5.47731    0.93425 +/- 0.00114
      127/1    0.94036    5.46792    0.93434 +/- 0.00113
      128/1    0.92821    5.46837    0.93425 +/- 0.00112
      129/1    0.93940    5.49406    0.93433 +/- 0.00110
      130/1    0.93686    5.48587    0.93436 +/- 0.00109
      131/1    0.91809    5.49081    0.93413 +/- 0.00110
      132/1    0.91768    5.47308    0.93390 +/- 0.00111
      133/1    0.93820    5.50512    0.93396 +/- 0.00109
      134/1    0.94067    5.49568    0.93405 +/- 0.00108
      135/1    0.92068    5.49399    0.93388 +/- 0.00108
      136/1    0.94302    5.48035    0.93400 +/- 0.00107
      137/1    0.93275    5.50476    0.93398 +/- 0.00106
      138/1    0.93253    5.49281    0.93396 +/- 0.00105
      139/1    0.92585    5.48221    0.93386 +/- 0.00104
      140/1    0.93799    5.48280    0.93391 +/- 0.00103
      141/1    0.92248    5.49129    0.93377 +/- 0.00102
      142/1    0.93841    5.49157    0.93383 +/- 0.00101
      143/1    0.94884    5.49702    0.93401 +/- 0.00102
      144/1    0.92440    5.49894    0.93389 +/- 0.00101
      145/1    0.92825    5.48946    0.93383 +/- 0.00100
      146/1    0.92761    5.48831    0.93375 +/- 0.00099
      147/1    0.94040    5.48798    0.93383 +/- 0.00098
      148/1    0.94665    5.49319    0.93398 +/- 0.00098
      149/1    0.92034    5.49094    0.93382 +/- 0.00098
      150/1    0.95189    5.49350    0.93402 +/- 0.00099
      151/1    0.92147    5.48549    0.93388 +/- 0.00099
      152/1    0.93982    5.49458    0.93395 +/- 0.00098
      153/1    0.93177    5.49283    0.93393 +/- 0.00097
      154/1    0.92697    5.48072    0.93385 +/- 0.00097
      155/1    0.94173    5.48926    0.93393 +/- 0.00096
      156/1    0.93233    5.47947    0.93392 +/- 0.00095
      157/1    0.94107    5.48364    0.93399 +/- 0.00094
      158/1    0.93719    5.48627    0.93402 +/- 0.00093
      159/1    0.93550    5.48447    0.93404 +/- 0.00092
      160/1    0.92530    5.49507    0.93395 +/- 0.00092
 Creating state point statepoint.160.h5...

 =======================>     TIMING STATISTICS     <=======================

 Total time for initialization     = 0.0000e+00 seconds
   Reading cross sections          = 0.0000e+00 seconds
 Total time in simulation          = 3.5765e+02 seconds
   Time in transport only          = 3.5653e+02 seconds
   Time in inactive batches        = 9.9855e+01 seconds
   Time in active batches          = 2.5780e+02 seconds
   Time synchronizing fission bank = 2.9345e-01 seconds
     Sampling source sites         = 2.5682e-01 seconds
     SEND/RECV source sites        = 3.5864e-02 seconds
   Time accumulating tallies       = 5.5187e-01 seconds
   Time writing statepoints        = 1.8125e-02 seconds
 Total time for finalization       = 1.0660e-02 seconds
 Total time elapsed                = 3.5815e+02 seconds
 Calculation Rate (inactive)       = 12017.5 particles/second
 Calculation Rate (active)         = 7757.97 particles/second

 ============================>     RESULTS     <============================

 k-effective (Collision)     = 0.93545 +/- 0.00077
 k-effective (Track-length)  = 0.93395 +/- 0.00092
 k-effective (Absorption)    = 0.93493 +/- 0.00062
 Combined k-effective        = 0.93493 +/- 0.00059
 Leakage Fraction            = 0.00792 +/- 0.00007

 Creating state point openmc_simulation_n7.h5...
      chunk 1: B  21.50 MWd/kgHM k 0.93493 (target 0.96601) [53.9 min]
[d47] EFPD 1672.7 d (archive 1946.7), c_max 1406 (archive 1406), hump +0 pcm [8 solves, 0.90 h]
done; run --analyse
=== Check 3: three-dimensional depletion, one material set per axial layer
C9-47  (4 layers)
  cycle length   3D  1672.7 d (sigma 10.1)   archive  1946.7 d   difference -274.0 d   margins over 1826: 3D -153, archive +121
  k_eff BOL      3D 0.99617 (s.d. 66 pcm)   2D archive 1.02728   L_ax at BOL 1.0312   (table 1.0289)
  hump (3D)      +0 pcm (no floor +122)   archive +0
  c_max          3D 1406 ppm   archive 1406   difference +0 ppm
  (the values marked 'last' are at the last computed state, B = 21.5 MWd/kgHM, past the end of cycle at B = 16.7)
  F_dH           BOL 1.651  max 1.685  last 1.604   F_z BOL 1.447  max 1.449  last 1.179   AO BOL -0.029  last -0.005   entropy conv. max 75
  layer burnup at the last state [MWd/kgHM], bottom to top: 16.5 27.4 27.1 15.0   (max/mean 1.274)
  solves 8, wall 0.90 h
check 3: designs [47], 12 layers (18 fuel segments, 144 depletable materials), transport {'particles': 20000, 'batches': 160, 'inactive': 60}, end of cycle relative, schedule {'bol_steps': [0.5, 1.0, 2.0, 4.0, 6.0], 'dep_step': 4.0, 'max_burnup': 100.0, 'chunk_steps': 2}, cached []
  C9-47: archive EFPD 1947 d, 8 depletion solves, c_max 1406 ppm
  openmc 0.15.3, chain /home/diogo/openmc_data/chain_endfb71_pwr.xml
[d47] 3D hardware core, 12 layers, 18 fuel segments, 144 depletable materials, seed 231441696, transport {'particles': 20000, 'batches': 160, 'inactive': 60}, end of cycle relative, ratio 0.96972
                                %%%%%%%%%%%%%%%
                           %%%%%%%%%%%%%%%%%%%%%%%%
                        %%%%%%%%%%%%%%%%%%%%%%%%%%%%%%
                      %%%%%%%%%%%%%%%%%%%%%%%%%%%%%%%%%%
                    %%%%%%%%%%%%%%%%%%%%%%%%%%%%%%%%%%%%%%
                   %%%%%%%%%%%%%%%%%%%%%%%%%%%%%%%%%%%%%%%%
                                    %%%%%%%%%%%%%%%%%%%%%%%%
                                     %%%%%%%%%%%%%%%%%%%%%%%%
                 ###############      %%%%%%%%%%%%%%%%%%%%%%%%
                ##################     %%%%%%%%%%%%%%%%%%%%%%%
                ###################     %%%%%%%%%%%%%%%%%%%%%%%
                ####################     %%%%%%%%%%%%%%%%%%%%%%
                #####################     %%%%%%%%%%%%%%%%%%%%%
                ######################     %%%%%%%%%%%%%%%%%%%%
                #######################     %%%%%%%%%%%%%%%%%%
                 #######################     %%%%%%%%%%%%%%%%%
                 ######################     %%%%%%%%%%%%%%%%%
                  ####################     %%%%%%%%%%%%%%%%%
                    #################     %%%%%%%%%%%%%%%%%
                     ###############     %%%%%%%%%%%%%%%%
                       ############     %%%%%%%%%%%%%%%
                          ########     %%%%%%%%%%%%%%
                                      %%%%%%%%%%%

                 | The OpenMC Monte Carlo Code
       Copyright | 2011-2025 MIT, UChicago Argonne LLC, and contributors
         License | https://docs.openmc.org/en/latest/license.html
         Version | 0.15.3
     Commit Hash | 27e38e894697bb32a1dac7848d2618818b6b8daf
       Date/Time | 2026-09-23 17:21:05
   MPI Processes | 1
  OpenMP Threads | 64

 Reading settings XML file...
 Reading cross sections XML file...
 Reading chain file: /home/diogo/openmc_data/chain_endfb71_pwr.xml...
 Reading materials XML file...
 Reading geometry XML file...
 Reading H1 from /home/diogo/openmc_data/endfb-vii.1-hdf5/neutron/H1.h5
 Reading H2 from /home/diogo/openmc_data/endfb-vii.1-hdf5/neutron/H2.h5
 Reading B10 from /home/diogo/openmc_data/endfb-vii.1-hdf5/neutron/B10.h5
 Reading B11 from /home/diogo/openmc_data/endfb-vii.1-hdf5/neutron/B11.h5
 Reading O16 from /home/diogo/openmc_data/endfb-vii.1-hdf5/neutron/O16.h5
 Reading O17 from /home/diogo/openmc_data/endfb-vii.1-hdf5/neutron/O17.h5
 Reading Cr50 from /home/diogo/openmc_data/endfb-vii.1-hdf5/neutron/Cr50.h5
 Reading Cr52 from /home/diogo/openmc_data/endfb-vii.1-hdf5/neutron/Cr52.h5
 Reading Cr53 from /home/diogo/openmc_data/endfb-vii.1-hdf5/neutron/Cr53.h5
 Reading Cr54 from /home/diogo/openmc_data/endfb-vii.1-hdf5/neutron/Cr54.h5
 Reading Mn55 from /home/diogo/openmc_data/endfb-vii.1-hdf5/neutron/Mn55.h5
 Reading Fe54 from /home/diogo/openmc_data/endfb-vii.1-hdf5/neutron/Fe54.h5
 Reading Fe56 from /home/diogo/openmc_data/endfb-vii.1-hdf5/neutron/Fe56.h5
 Reading Fe57 from /home/diogo/openmc_data/endfb-vii.1-hdf5/neutron/Fe57.h5
 Reading Fe58 from /home/diogo/openmc_data/endfb-vii.1-hdf5/neutron/Fe58.h5
 Reading Ni58 from /home/diogo/openmc_data/endfb-vii.1-hdf5/neutron/Ni58.h5
 Reading Ni60 from /home/diogo/openmc_data/endfb-vii.1-hdf5/neutron/Ni60.h5
 Reading Ni61 from /home/diogo/openmc_data/endfb-vii.1-hdf5/neutron/Ni61.h5
 Reading Ni62 from /home/diogo/openmc_data/endfb-vii.1-hdf5/neutron/Ni62.h5
 Reading Ni64 from /home/diogo/openmc_data/endfb-vii.1-hdf5/neutron/Ni64.h5
 Reading Zr90 from /home/diogo/openmc_data/endfb-vii.1-hdf5/neutron/Zr90.h5
 Reading Zr91 from /home/diogo/openmc_data/endfb-vii.1-hdf5/neutron/Zr91.h5
 Reading Zr92 from /home/diogo/openmc_data/endfb-vii.1-hdf5/neutron/Zr92.h5
 Reading Zr94 from /home/diogo/openmc_data/endfb-vii.1-hdf5/neutron/Zr94.h5
 Reading Zr96 from /home/diogo/openmc_data/endfb-vii.1-hdf5/neutron/Zr96.h5
 Reading Sn112 from /home/diogo/openmc_data/endfb-vii.1-hdf5/neutron/Sn112.h5
 Reading Sn114 from /home/diogo/openmc_data/endfb-vii.1-hdf5/neutron/Sn114.h5
 Reading Sn115 from /home/diogo/openmc_data/endfb-vii.1-hdf5/neutron/Sn115.h5
 Reading Sn116 from /home/diogo/openmc_data/endfb-vii.1-hdf5/neutron/Sn116.h5
 Reading Sn117 from /home/diogo/openmc_data/endfb-vii.1-hdf5/neutron/Sn117.h5
 Reading Sn118 from /home/diogo/openmc_data/endfb-vii.1-hdf5/neutron/Sn118.h5
 Reading Sn119 from /home/diogo/openmc_data/endfb-vii.1-hdf5/neutron/Sn119.h5
 Reading Sn120 from /home/diogo/openmc_data/endfb-vii.1-hdf5/neutron/Sn120.h5
 Reading Sn122 from /home/diogo/openmc_data/endfb-vii.1-hdf5/neutron/Sn122.h5
 Reading Sn124 from /home/diogo/openmc_data/endfb-vii.1-hdf5/neutron/Sn124.h5
 Reading He3 from /home/diogo/openmc_data/endfb-vii.1-hdf5/neutron/He3.h5
 Reading He4 from /home/diogo/openmc_data/endfb-vii.1-hdf5/neutron/He4.h5
 Reading U234 from /home/diogo/openmc_data/endfb-vii.1-hdf5/neutron/U234.h5
 Reading U235 from /home/diogo/openmc_data/endfb-vii.1-hdf5/neutron/U235.h5
 Reading U238 from /home/diogo/openmc_data/endfb-vii.1-hdf5/neutron/U238.h5
 Reading Gd152 from /home/diogo/openmc_data/endfb-vii.1-hdf5/neutron/Gd152.h5
 Reading Gd154 from /home/diogo/openmc_data/endfb-vii.1-hdf5/neutron/Gd154.h5
 Reading Gd155 from /home/diogo/openmc_data/endfb-vii.1-hdf5/neutron/Gd155.h5
 Reading Gd156 from /home/diogo/openmc_data/endfb-vii.1-hdf5/neutron/Gd156.h5
 Reading Gd157 from /home/diogo/openmc_data/endfb-vii.1-hdf5/neutron/Gd157.h5
 Reading Gd158 from /home/diogo/openmc_data/endfb-vii.1-hdf5/neutron/Gd158.h5
 Reading Gd160 from /home/diogo/openmc_data/endfb-vii.1-hdf5/neutron/Gd160.h5
 Reading Si28 from /home/diogo/openmc_data/endfb-vii.1-hdf5/neutron/Si28.h5
 Reading Si29 from /home/diogo/openmc_data/endfb-vii.1-hdf5/neutron/Si29.h5
 Reading Si30 from /home/diogo/openmc_data/endfb-vii.1-hdf5/neutron/Si30.h5
 Reading Ag107 from /home/diogo/openmc_data/endfb-vii.1-hdf5/neutron/Ag107.h5
 Reading Ag109 from /home/diogo/openmc_data/endfb-vii.1-hdf5/neutron/Ag109.h5
 Reading Cd106 from /home/diogo/openmc_data/endfb-vii.1-hdf5/neutron/Cd106.h5
 WARNING: Negative value(s) found on probability table for nuclide Cd106 at 294K
 WARNING: Negative value(s) found on probability table for nuclide Cd106 at 600K
 WARNING: Negative value(s) found on probability table for nuclide Cd106 at 900K
 WARNING: Negative value(s) found on probability table for nuclide Cd106 at
          1200K
 WARNING: Negative value(s) found on probability table for nuclide Cd106 at
          2500K
 Reading Cd108 from /home/diogo/openmc_data/endfb-vii.1-hdf5/neutron/Cd108.h5
 Reading Cd110 from /home/diogo/openmc_data/endfb-vii.1-hdf5/neutron/Cd110.h5
 Reading Cd111 from /home/diogo/openmc_data/endfb-vii.1-hdf5/neutron/Cd111.h5
 Reading Cd112 from /home/diogo/openmc_data/endfb-vii.1-hdf5/neutron/Cd112.h5
 Reading Cd113 from /home/diogo/openmc_data/endfb-vii.1-hdf5/neutron/Cd113.h5
 Reading Cd114 from /home/diogo/openmc_data/endfb-vii.1-hdf5/neutron/Cd114.h5
 Reading Cd116 from /home/diogo/openmc_data/endfb-vii.1-hdf5/neutron/Cd116.h5
 Reading In113 from /home/diogo/openmc_data/endfb-vii.1-hdf5/neutron/In113.h5
 Reading In115 from /home/diogo/openmc_data/endfb-vii.1-hdf5/neutron/In115.h5
 Reading c_H_in_H2O from
 /home/diogo/openmc_data/endfb-vii.1-hdf5/neutron/c_H_in_H2O.h5
 Minimum neutron data temperature: 294 K
 Maximum neutron data temperature: 2500 K
 Reading tallies XML file...
 Preparing distributed cell instances...
 Reading plot XML file...
 Writing summary.h5 file...
[openmc.deplete] t=0.0 s, dt=4327203.051553669 s, source=47715391.07417825
 Reading H3 from /home/diogo/openmc_data/endfb-vii.1-hdf5/neutron/H3.h5
 Reading Li6 from /home/diogo/openmc_data/endfb-vii.1-hdf5/neutron/Li6.h5
 Reading Li7 from /home/diogo/openmc_data/endfb-vii.1-hdf5/neutron/Li7.h5
 Reading Be9 from /home/diogo/openmc_data/endfb-vii.1-hdf5/neutron/Be9.h5
 Reading N14 from /home/diogo/openmc_data/endfb-vii.1-hdf5/neutron/N14.h5
 Reading N15 from /home/diogo/openmc_data/endfb-vii.1-hdf5/neutron/N15.h5
 Reading F19 from /home/diogo/openmc_data/endfb-vii.1-hdf5/neutron/F19.h5
 Reading Na22 from /home/diogo/openmc_data/endfb-vii.1-hdf5/neutron/Na22.h5
 WARNING: Negative value(s) found on probability table for nuclide Na22 at 250K
 WARNING: Negative value(s) found on probability table for nuclide Na22 at 294K
 WARNING: Negative value(s) found on probability table for nuclide Na22 at 600K
 WARNING: Negative value(s) found on probability table for nuclide Na22 at 900K
 WARNING: Negative value(s) found on probability table for nuclide Na22 at 1200K
 WARNING: Negative value(s) found on probability table for nuclide Na22 at 2500K
 Reading Na23 from /home/diogo/openmc_data/endfb-vii.1-hdf5/neutron/Na23.h5
 Reading Mg24 from /home/diogo/openmc_data/endfb-vii.1-hdf5/neutron/Mg24.h5
 Reading Mg25 from /home/diogo/openmc_data/endfb-vii.1-hdf5/neutron/Mg25.h5
 Reading Mg26 from /home/diogo/openmc_data/endfb-vii.1-hdf5/neutron/Mg26.h5
 Reading Al27 from /home/diogo/openmc_data/endfb-vii.1-hdf5/neutron/Al27.h5
 Reading P31 from /home/diogo/openmc_data/endfb-vii.1-hdf5/neutron/P31.h5
 Reading S32 from /home/diogo/openmc_data/endfb-vii.1-hdf5/neutron/S32.h5
 Reading S33 from /home/diogo/openmc_data/endfb-vii.1-hdf5/neutron/S33.h5
 Reading S34 from /home/diogo/openmc_data/endfb-vii.1-hdf5/neutron/S34.h5
 Reading S36 from /home/diogo/openmc_data/endfb-vii.1-hdf5/neutron/S36.h5
 Reading Cl35 from /home/diogo/openmc_data/endfb-vii.1-hdf5/neutron/Cl35.h5
 Reading Cl37 from /home/diogo/openmc_data/endfb-vii.1-hdf5/neutron/Cl37.h5
 Reading Ar36 from /home/diogo/openmc_data/endfb-vii.1-hdf5/neutron/Ar36.h5
 WARNING: Negative value(s) found on probability table for nuclide Ar36 at 250K
 WARNING: Negative value(s) found on probability table for nuclide Ar36 at 294K
 WARNING: Negative value(s) found on probability table for nuclide Ar36 at 600K
 WARNING: Negative value(s) found on probability table for nuclide Ar36 at 900K
 WARNING: Negative value(s) found on probability table for nuclide Ar36 at 1200K
 WARNING: Negative value(s) found on probability table for nuclide Ar36 at 2500K
 Reading Ar38 from /home/diogo/openmc_data/endfb-vii.1-hdf5/neutron/Ar38.h5
 Reading Ar40 from /home/diogo/openmc_data/endfb-vii.1-hdf5/neutron/Ar40.h5
 Reading K39 from /home/diogo/openmc_data/endfb-vii.1-hdf5/neutron/K39.h5
 Reading K40 from /home/diogo/openmc_data/endfb-vii.1-hdf5/neutron/K40.h5
 Reading K41 from /home/diogo/openmc_data/endfb-vii.1-hdf5/neutron/K41.h5
 Reading Ca40 from /home/diogo/openmc_data/endfb-vii.1-hdf5/neutron/Ca40.h5
 Reading Ca42 from /home/diogo/openmc_data/endfb-vii.1-hdf5/neutron/Ca42.h5
 Reading Ca43 from /home/diogo/openmc_data/endfb-vii.1-hdf5/neutron/Ca43.h5
 Reading Ca44 from /home/diogo/openmc_data/endfb-vii.1-hdf5/neutron/Ca44.h5
 Reading Ca46 from /home/diogo/openmc_data/endfb-vii.1-hdf5/neutron/Ca46.h5
 Reading Ca48 from /home/diogo/openmc_data/endfb-vii.1-hdf5/neutron/Ca48.h5
 Reading Sc45 from /home/diogo/openmc_data/endfb-vii.1-hdf5/neutron/Sc45.h5
 Reading Ti46 from /home/diogo/openmc_data/endfb-vii.1-hdf5/neutron/Ti46.h5
 Reading Ti47 from /home/diogo/openmc_data/endfb-vii.1-hdf5/neutron/Ti47.h5
 Reading Ti48 from /home/diogo/openmc_data/endfb-vii.1-hdf5/neutron/Ti48.h5
 Reading Ti49 from /home/diogo/openmc_data/endfb-vii.1-hdf5/neutron/Ti49.h5
 Reading Ti50 from /home/diogo/openmc_data/endfb-vii.1-hdf5/neutron/Ti50.h5
 Reading V50 from /home/diogo/openmc_data/endfb-vii.1-hdf5/neutron/V50.h5
 Reading V51 from /home/diogo/openmc_data/endfb-vii.1-hdf5/neutron/V51.h5
 Reading Co58 from /home/diogo/openmc_data/endfb-vii.1-hdf5/neutron/Co58.h5
 Reading Co58_m1 from
 /home/diogo/openmc_data/endfb-vii.1-hdf5/neutron/Co58_m1.h5
 Reading Co59 from /home/diogo/openmc_data/endfb-vii.1-hdf5/neutron/Co59.h5
 Reading Ni59 from /home/diogo/openmc_data/endfb-vii.1-hdf5/neutron/Ni59.h5
 Reading Cu63 from /home/diogo/openmc_data/endfb-vii.1-hdf5/neutron/Cu63.h5
 Reading Cu65 from /home/diogo/openmc_data/endfb-vii.1-hdf5/neutron/Cu65.h5
 Reading Zn64 from /home/diogo/openmc_data/endfb-vii.1-hdf5/neutron/Zn64.h5
 Reading Zn65 from /home/diogo/openmc_data/endfb-vii.1-hdf5/neutron/Zn65.h5
 Reading Zn66 from /home/diogo/openmc_data/endfb-vii.1-hdf5/neutron/Zn66.h5
 Reading Zn67 from /home/diogo/openmc_data/endfb-vii.1-hdf5/neutron/Zn67.h5
 Reading Zn68 from /home/diogo/openmc_data/endfb-vii.1-hdf5/neutron/Zn68.h5
 Reading Zn70 from /home/diogo/openmc_data/endfb-vii.1-hdf5/neutron/Zn70.h5
 Reading Ga69 from /home/diogo/openmc_data/endfb-vii.1-hdf5/neutron/Ga69.h5
 Reading Ga71 from /home/diogo/openmc_data/endfb-vii.1-hdf5/neutron/Ga71.h5
 Reading Ge70 from /home/diogo/openmc_data/endfb-vii.1-hdf5/neutron/Ge70.h5
 Reading Ge72 from /home/diogo/openmc_data/endfb-vii.1-hdf5/neutron/Ge72.h5
 Reading Ge73 from /home/diogo/openmc_data/endfb-vii.1-hdf5/neutron/Ge73.h5
 Reading Ge74 from /home/diogo/openmc_data/endfb-vii.1-hdf5/neutron/Ge74.h5
 Reading Ge76 from /home/diogo/openmc_data/endfb-vii.1-hdf5/neutron/Ge76.h5
 Reading As74 from /home/diogo/openmc_data/endfb-vii.1-hdf5/neutron/As74.h5
 Reading As75 from /home/diogo/openmc_data/endfb-vii.1-hdf5/neutron/As75.h5
 Reading Se74 from /home/diogo/openmc_data/endfb-vii.1-hdf5/neutron/Se74.h5
 Reading Se76 from /home/diogo/openmc_data/endfb-vii.1-hdf5/neutron/Se76.h5
 Reading Se77 from /home/diogo/openmc_data/endfb-vii.1-hdf5/neutron/Se77.h5
 Reading Se78 from /home/diogo/openmc_data/endfb-vii.1-hdf5/neutron/Se78.h5
 Reading Se79 from /home/diogo/openmc_data/endfb-vii.1-hdf5/neutron/Se79.h5
 WARNING: Negative value(s) found on probability table for nuclide Se79 at 250K
 WARNING: Negative value(s) found on probability table for nuclide Se79 at 294K
 WARNING: Negative value(s) found on probability table for nuclide Se79 at 600K
 WARNING: Negative value(s) found on probability table for nuclide Se79 at 900K
 WARNING: Negative value(s) found on probability table for nuclide Se79 at 1200K
 Reading Se80 from /home/diogo/openmc_data/endfb-vii.1-hdf5/neutron/Se80.h5
 Reading Se82 from /home/diogo/openmc_data/endfb-vii.1-hdf5/neutron/Se82.h5
 Reading Br79 from /home/diogo/openmc_data/endfb-vii.1-hdf5/neutron/Br79.h5
 Reading Br81 from /home/diogo/openmc_data/endfb-vii.1-hdf5/neutron/Br81.h5
 Reading Kr78 from /home/diogo/openmc_data/endfb-vii.1-hdf5/neutron/Kr78.h5
 Reading Kr80 from /home/diogo/openmc_data/endfb-vii.1-hdf5/neutron/Kr80.h5
 Reading Kr82 from /home/diogo/openmc_data/endfb-vii.1-hdf5/neutron/Kr82.h5
 Reading Kr83 from /home/diogo/openmc_data/endfb-vii.1-hdf5/neutron/Kr83.h5
 Reading Kr84 from /home/diogo/openmc_data/endfb-vii.1-hdf5/neutron/Kr84.h5
 Reading Kr85 from /home/diogo/openmc_data/endfb-vii.1-hdf5/neutron/Kr85.h5
 Reading Kr86 from /home/diogo/openmc_data/endfb-vii.1-hdf5/neutron/Kr86.h5
 Reading Rb85 from /home/diogo/openmc_data/endfb-vii.1-hdf5/neutron/Rb85.h5
 Reading Rb86 from /home/diogo/openmc_data/endfb-vii.1-hdf5/neutron/Rb86.h5
 Reading Rb87 from /home/diogo/openmc_data/endfb-vii.1-hdf5/neutron/Rb87.h5
 Reading Sr84 from /home/diogo/openmc_data/endfb-vii.1-hdf5/neutron/Sr84.h5
 Reading Sr86 from /home/diogo/openmc_data/endfb-vii.1-hdf5/neutron/Sr86.h5
 Reading Sr87 from /home/diogo/openmc_data/endfb-vii.1-hdf5/neutron/Sr87.h5
 Reading Sr88 from /home/diogo/openmc_data/endfb-vii.1-hdf5/neutron/Sr88.h5
 Reading Sr89 from /home/diogo/openmc_data/endfb-vii.1-hdf5/neutron/Sr89.h5
 Reading Sr90 from /home/diogo/openmc_data/endfb-vii.1-hdf5/neutron/Sr90.h5
 Reading Y89 from /home/diogo/openmc_data/endfb-vii.1-hdf5/neutron/Y89.h5
 Reading Y90 from /home/diogo/openmc_data/endfb-vii.1-hdf5/neutron/Y90.h5
 Reading Y91 from /home/diogo/openmc_data/endfb-vii.1-hdf5/neutron/Y91.h5
 Reading Zr93 from /home/diogo/openmc_data/endfb-vii.1-hdf5/neutron/Zr93.h5
 Reading Zr95 from /home/diogo/openmc_data/endfb-vii.1-hdf5/neutron/Zr95.h5
 Reading Nb93 from /home/diogo/openmc_data/endfb-vii.1-hdf5/neutron/Nb93.h5
 Reading Nb94 from /home/diogo/openmc_data/endfb-vii.1-hdf5/neutron/Nb94.h5
 WARNING: Negative value(s) found on probability table for nuclide Nb94 at 250K
 WARNING: Negative value(s) found on probability table for nuclide Nb94 at 294K
 WARNING: Negative value(s) found on probability table for nuclide Nb94 at 600K
 WARNING: Negative value(s) found on probability table for nuclide Nb94 at 900K
 WARNING: Negative value(s) found on probability table for nuclide Nb94 at 1200K
 WARNING: Negative value(s) found on probability table for nuclide Nb94 at 2500K
 Reading Nb95 from /home/diogo/openmc_data/endfb-vii.1-hdf5/neutron/Nb95.h5
 WARNING: Negative value(s) found on probability table for nuclide Nb95 at 250K
 WARNING: Negative value(s) found on probability table for nuclide Nb95 at 294K
 WARNING: Negative value(s) found on probability table for nuclide Nb95 at 600K
 WARNING: Negative value(s) found on probability table for nuclide Nb95 at 900K
 WARNING: Negative value(s) found on probability table for nuclide Nb95 at 1200K
 Reading Mo92 from /home/diogo/openmc_data/endfb-vii.1-hdf5/neutron/Mo92.h5
 Reading Mo94 from /home/diogo/openmc_data/endfb-vii.1-hdf5/neutron/Mo94.h5
 Reading Mo95 from /home/diogo/openmc_data/endfb-vii.1-hdf5/neutron/Mo95.h5
 Reading Mo96 from /home/diogo/openmc_data/endfb-vii.1-hdf5/neutron/Mo96.h5
 Reading Mo97 from /home/diogo/openmc_data/endfb-vii.1-hdf5/neutron/Mo97.h5
 Reading Mo98 from /home/diogo/openmc_data/endfb-vii.1-hdf5/neutron/Mo98.h5
 Reading Mo99 from /home/diogo/openmc_data/endfb-vii.1-hdf5/neutron/Mo99.h5
 WARNING: Negative value(s) found on probability table for nuclide Mo99 at 250K
 WARNING: Negative value(s) found on probability table for nuclide Mo99 at 294K
 WARNING: Negative value(s) found on probability table for nuclide Mo99 at 600K
 WARNING: Negative value(s) found on probability table for nuclide Mo99 at 900K
 WARNING: Negative value(s) found on probability table for nuclide Mo99 at 1200K
 WARNING: Negative value(s) found on probability table for nuclide Mo99 at 2500K
 Reading Mo100 from /home/diogo/openmc_data/endfb-vii.1-hdf5/neutron/Mo100.h5
 Reading Tc99 from /home/diogo/openmc_data/endfb-vii.1-hdf5/neutron/Tc99.h5
 Reading Ru96 from /home/diogo/openmc_data/endfb-vii.1-hdf5/neutron/Ru96.h5
 Reading Ru98 from /home/diogo/openmc_data/endfb-vii.1-hdf5/neutron/Ru98.h5
 Reading Ru99 from /home/diogo/openmc_data/endfb-vii.1-hdf5/neutron/Ru99.h5
 Reading Ru100 from /home/diogo/openmc_data/endfb-vii.1-hdf5/neutron/Ru100.h5
 Reading Ru101 from /home/diogo/openmc_data/endfb-vii.1-hdf5/neutron/Ru101.h5
 Reading Ru102 from /home/diogo/openmc_data/endfb-vii.1-hdf5/neutron/Ru102.h5
 Reading Ru103 from /home/diogo/openmc_data/endfb-vii.1-hdf5/neutron/Ru103.h5
 Reading Ru104 from /home/diogo/openmc_data/endfb-vii.1-hdf5/neutron/Ru104.h5
 Reading Ru105 from /home/diogo/openmc_data/endfb-vii.1-hdf5/neutron/Ru105.h5
 Reading Ru106 from /home/diogo/openmc_data/endfb-vii.1-hdf5/neutron/Ru106.h5
 Reading Rh103 from /home/diogo/openmc_data/endfb-vii.1-hdf5/neutron/Rh103.h5
 Reading Rh105 from /home/diogo/openmc_data/endfb-vii.1-hdf5/neutron/Rh105.h5
 Reading Pd102 from /home/diogo/openmc_data/endfb-vii.1-hdf5/neutron/Pd102.h5
 Reading Pd104 from /home/diogo/openmc_data/endfb-vii.1-hdf5/neutron/Pd104.h5
 Reading Pd105 from /home/diogo/openmc_data/endfb-vii.1-hdf5/neutron/Pd105.h5
 Reading Pd106 from /home/diogo/openmc_data/endfb-vii.1-hdf5/neutron/Pd106.h5
 Reading Pd107 from /home/diogo/openmc_data/endfb-vii.1-hdf5/neutron/Pd107.h5
 Reading Pd108 from /home/diogo/openmc_data/endfb-vii.1-hdf5/neutron/Pd108.h5
 Reading Pd110 from /home/diogo/openmc_data/endfb-vii.1-hdf5/neutron/Pd110.h5
 Reading Ag110_m1 from
 /home/diogo/openmc_data/endfb-vii.1-hdf5/neutron/Ag110_m1.h5
 Reading Ag111 from /home/diogo/openmc_data/endfb-vii.1-hdf5/neutron/Ag111.h5
 Reading Cd115_m1 from
 /home/diogo/openmc_data/endfb-vii.1-hdf5/neutron/Cd115_m1.h5
 Reading Sn113 from /home/diogo/openmc_data/endfb-vii.1-hdf5/neutron/Sn113.h5
 Reading Sn123 from /home/diogo/openmc_data/endfb-vii.1-hdf5/neutron/Sn123.h5
 WARNING: Negative value(s) found on probability table for nuclide Sn123 at 250K
 WARNING: Negative value(s) found on probability table for nuclide Sn123 at 294K
 WARNING: Negative value(s) found on probability table for nuclide Sn123 at 600K
 WARNING: Negative value(s) found on probability table for nuclide Sn123 at 900K
 WARNING: Negative value(s) found on probability table for nuclide Sn123 at
          1200K
 WARNING: Negative value(s) found on probability table for nuclide Sn123 at
          2500K
 Reading Sn125 from /home/diogo/openmc_data/endfb-vii.1-hdf5/neutron/Sn125.h5
 Reading Sn126 from /home/diogo/openmc_data/endfb-vii.1-hdf5/neutron/Sn126.h5
 Reading Sb121 from /home/diogo/openmc_data/endfb-vii.1-hdf5/neutron/Sb121.h5
 Reading Sb123 from /home/diogo/openmc_data/endfb-vii.1-hdf5/neutron/Sb123.h5
 Reading Sb124 from /home/diogo/openmc_data/endfb-vii.1-hdf5/neutron/Sb124.h5
 Reading Sb125 from /home/diogo/openmc_data/endfb-vii.1-hdf5/neutron/Sb125.h5
 Reading Sb126 from /home/diogo/openmc_data/endfb-vii.1-hdf5/neutron/Sb126.h5
 Reading Te120 from /home/diogo/openmc_data/endfb-vii.1-hdf5/neutron/Te120.h5
 WARNING: Negative value(s) found on probability table for nuclide Te120 at 600K
 WARNING: Negative value(s) found on probability table for nuclide Te120 at 900K
 WARNING: Negative value(s) found on probability table for nuclide Te120 at
          1200K
 WARNING: Negative value(s) found on probability table for nuclide Te120 at
          2500K
 Reading Te122 from /home/diogo/openmc_data/endfb-vii.1-hdf5/neutron/Te122.h5
 Reading Te123 from /home/diogo/openmc_data/endfb-vii.1-hdf5/neutron/Te123.h5
 Reading Te124 from /home/diogo/openmc_data/endfb-vii.1-hdf5/neutron/Te124.h5
 Reading Te125 from /home/diogo/openmc_data/endfb-vii.1-hdf5/neutron/Te125.h5
 Reading Te126 from /home/diogo/openmc_data/endfb-vii.1-hdf5/neutron/Te126.h5
 Reading Te127_m1 from
 /home/diogo/openmc_data/endfb-vii.1-hdf5/neutron/Te127_m1.h5
 Reading Te128 from /home/diogo/openmc_data/endfb-vii.1-hdf5/neutron/Te128.h5
 Reading Te129_m1 from
 /home/diogo/openmc_data/endfb-vii.1-hdf5/neutron/Te129_m1.h5
 Reading Te130 from /home/diogo/openmc_data/endfb-vii.1-hdf5/neutron/Te130.h5
 Reading Te132 from /home/diogo/openmc_data/endfb-vii.1-hdf5/neutron/Te132.h5
 Reading I127 from /home/diogo/openmc_data/endfb-vii.1-hdf5/neutron/I127.h5
 Reading I129 from /home/diogo/openmc_data/endfb-vii.1-hdf5/neutron/I129.h5
 Reading I130 from /home/diogo/openmc_data/endfb-vii.1-hdf5/neutron/I130.h5
 Reading I131 from /home/diogo/openmc_data/endfb-vii.1-hdf5/neutron/I131.h5
 WARNING: Negative value(s) found on probability table for nuclide I131 at 250K
 WARNING: Negative value(s) found on probability table for nuclide I131 at 294K
 WARNING: Negative value(s) found on probability table for nuclide I131 at 600K
 WARNING: Negative value(s) found on probability table for nuclide I131 at 900K
 WARNING: Negative value(s) found on probability table for nuclide I131 at 1200K
 WARNING: Negative value(s) found on probability table for nuclide I131 at 2500K
 Reading I135 from /home/diogo/openmc_data/endfb-vii.1-hdf5/neutron/I135.h5
 Reading Xe123 from /home/diogo/openmc_data/endfb-vii.1-hdf5/neutron/Xe123.h5
 Reading Xe124 from /home/diogo/openmc_data/endfb-vii.1-hdf5/neutron/Xe124.h5
 Reading Xe126 from /home/diogo/openmc_data/endfb-vii.1-hdf5/neutron/Xe126.h5
 Reading Xe128 from /home/diogo/openmc_data/endfb-vii.1-hdf5/neutron/Xe128.h5
 Reading Xe129 from /home/diogo/openmc_data/endfb-vii.1-hdf5/neutron/Xe129.h5
 Reading Xe130 from /home/diogo/openmc_data/endfb-vii.1-hdf5/neutron/Xe130.h5
 Reading Xe131 from /home/diogo/openmc_data/endfb-vii.1-hdf5/neutron/Xe131.h5
 Reading Xe132 from /home/diogo/openmc_data/endfb-vii.1-hdf5/neutron/Xe132.h5
 Reading Xe133 from /home/diogo/openmc_data/endfb-vii.1-hdf5/neutron/Xe133.h5
 WARNING: Negative value(s) found on probability table for nuclide Xe133 at
          2500K
 Reading Xe134 from /home/diogo/openmc_data/endfb-vii.1-hdf5/neutron/Xe134.h5
 Reading Xe135 from /home/diogo/openmc_data/endfb-vii.1-hdf5/neutron/Xe135.h5
 Reading Xe136 from /home/diogo/openmc_data/endfb-vii.1-hdf5/neutron/Xe136.h5
 Reading Cs133 from /home/diogo/openmc_data/endfb-vii.1-hdf5/neutron/Cs133.h5
 Reading Cs134 from /home/diogo/openmc_data/endfb-vii.1-hdf5/neutron/Cs134.h5
 Reading Cs135 from /home/diogo/openmc_data/endfb-vii.1-hdf5/neutron/Cs135.h5
 Reading Cs136 from /home/diogo/openmc_data/endfb-vii.1-hdf5/neutron/Cs136.h5
 WARNING: Negative value(s) found on probability table for nuclide Cs136 at 250K
 WARNING: Negative value(s) found on probability table for nuclide Cs136 at 294K
 WARNING: Negative value(s) found on probability table for nuclide Cs136 at 600K
 WARNING: Negative value(s) found on probability table for nuclide Cs136 at 900K
 WARNING: Negative value(s) found on probability table for nuclide Cs136 at
          1200K
 WARNING: Negative value(s) found on probability table for nuclide Cs136 at
          2500K
 Reading Cs137 from /home/diogo/openmc_data/endfb-vii.1-hdf5/neutron/Cs137.h5
 Reading Ba130 from /home/diogo/openmc_data/endfb-vii.1-hdf5/neutron/Ba130.h5
 Reading Ba132 from /home/diogo/openmc_data/endfb-vii.1-hdf5/neutron/Ba132.h5
 Reading Ba133 from /home/diogo/openmc_data/endfb-vii.1-hdf5/neutron/Ba133.h5
 Reading Ba134 from /home/diogo/openmc_data/endfb-vii.1-hdf5/neutron/Ba134.h5
 Reading Ba135 from /home/diogo/openmc_data/endfb-vii.1-hdf5/neutron/Ba135.h5
 Reading Ba136 from /home/diogo/openmc_data/endfb-vii.1-hdf5/neutron/Ba136.h5
 Reading Ba137 from /home/diogo/openmc_data/endfb-vii.1-hdf5/neutron/Ba137.h5
 Reading Ba138 from /home/diogo/openmc_data/endfb-vii.1-hdf5/neutron/Ba138.h5
 Reading Ba140 from /home/diogo/openmc_data/endfb-vii.1-hdf5/neutron/Ba140.h5
 Reading La138 from /home/diogo/openmc_data/endfb-vii.1-hdf5/neutron/La138.h5
 Reading La139 from /home/diogo/openmc_data/endfb-vii.1-hdf5/neutron/La139.h5
 Reading La140 from /home/diogo/openmc_data/endfb-vii.1-hdf5/neutron/La140.h5
 Reading Ce136 from /home/diogo/openmc_data/endfb-vii.1-hdf5/neutron/Ce136.h5
 Reading Ce138 from /home/diogo/openmc_data/endfb-vii.1-hdf5/neutron/Ce138.h5
 Reading Ce139 from /home/diogo/openmc_data/endfb-vii.1-hdf5/neutron/Ce139.h5
 Reading Ce140 from /home/diogo/openmc_data/endfb-vii.1-hdf5/neutron/Ce140.h5
 Reading Ce141 from /home/diogo/openmc_data/endfb-vii.1-hdf5/neutron/Ce141.h5
 Reading Ce142 from /home/diogo/openmc_data/endfb-vii.1-hdf5/neutron/Ce142.h5
 Reading Ce143 from /home/diogo/openmc_data/endfb-vii.1-hdf5/neutron/Ce143.h5
 Reading Ce144 from /home/diogo/openmc_data/endfb-vii.1-hdf5/neutron/Ce144.h5
 Reading Pr141 from /home/diogo/openmc_data/endfb-vii.1-hdf5/neutron/Pr141.h5
 Reading Pr142 from /home/diogo/openmc_data/endfb-vii.1-hdf5/neutron/Pr142.h5
 Reading Pr143 from /home/diogo/openmc_data/endfb-vii.1-hdf5/neutron/Pr143.h5
 Reading Nd142 from /home/diogo/openmc_data/endfb-vii.1-hdf5/neutron/Nd142.h5
 Reading Nd143 from /home/diogo/openmc_data/endfb-vii.1-hdf5/neutron/Nd143.h5
 Reading Nd144 from /home/diogo/openmc_data/endfb-vii.1-hdf5/neutron/Nd144.h5
 Reading Nd145 from /home/diogo/openmc_data/endfb-vii.1-hdf5/neutron/Nd145.h5
 Reading Nd146 from /home/diogo/openmc_data/endfb-vii.1-hdf5/neutron/Nd146.h5
 Reading Nd147 from /home/diogo/openmc_data/endfb-vii.1-hdf5/neutron/Nd147.h5
 Reading Nd148 from /home/diogo/openmc_data/endfb-vii.1-hdf5/neutron/Nd148.h5
 Reading Nd150 from /home/diogo/openmc_data/endfb-vii.1-hdf5/neutron/Nd150.h5
 Reading Pm147 from /home/diogo/openmc_data/endfb-vii.1-hdf5/neutron/Pm147.h5
 Reading Pm148 from /home/diogo/openmc_data/endfb-vii.1-hdf5/neutron/Pm148.h5
 Reading Pm148_m1 from
 /home/diogo/openmc_data/endfb-vii.1-hdf5/neutron/Pm148_m1.h5
 Reading Pm149 from /home/diogo/openmc_data/endfb-vii.1-hdf5/neutron/Pm149.h5
 Reading Pm151 from /home/diogo/openmc_data/endfb-vii.1-hdf5/neutron/Pm151.h5
 Reading Sm144 from /home/diogo/openmc_data/endfb-vii.1-hdf5/neutron/Sm144.h5
 Reading Sm147 from /home/diogo/openmc_data/endfb-vii.1-hdf5/neutron/Sm147.h5
 Reading Sm148 from /home/diogo/openmc_data/endfb-vii.1-hdf5/neutron/Sm148.h5
 Reading Sm149 from /home/diogo/openmc_data/endfb-vii.1-hdf5/neutron/Sm149.h5
 Reading Sm150 from /home/diogo/openmc_data/endfb-vii.1-hdf5/neutron/Sm150.h5
 Reading Sm151 from /home/diogo/openmc_data/endfb-vii.1-hdf5/neutron/Sm151.h5
 Reading Sm152 from /home/diogo/openmc_data/endfb-vii.1-hdf5/neutron/Sm152.h5
 Reading Sm153 from /home/diogo/openmc_data/endfb-vii.1-hdf5/neutron/Sm153.h5
 Reading Sm154 from /home/diogo/openmc_data/endfb-vii.1-hdf5/neutron/Sm154.h5
 Reading Eu151 from /home/diogo/openmc_data/endfb-vii.1-hdf5/neutron/Eu151.h5
 Reading Eu152 from /home/diogo/openmc_data/endfb-vii.1-hdf5/neutron/Eu152.h5
 Reading Eu153 from /home/diogo/openmc_data/endfb-vii.1-hdf5/neutron/Eu153.h5
 Reading Eu154 from /home/diogo/openmc_data/endfb-vii.1-hdf5/neutron/Eu154.h5
 Reading Eu155 from /home/diogo/openmc_data/endfb-vii.1-hdf5/neutron/Eu155.h5
 Reading Eu156 from /home/diogo/openmc_data/endfb-vii.1-hdf5/neutron/Eu156.h5
 WARNING: Negative value(s) found on probability table for nuclide Eu156 at 250K
 WARNING: Negative value(s) found on probability table for nuclide Eu156 at 294K
 WARNING: Negative value(s) found on probability table for nuclide Eu156 at 600K
 WARNING: Negative value(s) found on probability table for nuclide Eu156 at 900K
 WARNING: Negative value(s) found on probability table for nuclide Eu156 at
          1200K
 WARNING: Negative value(s) found on probability table for nuclide Eu156 at
          2500K
 Reading Eu157 from /home/diogo/openmc_data/endfb-vii.1-hdf5/neutron/Eu157.h5
 Reading Gd153 from /home/diogo/openmc_data/endfb-vii.1-hdf5/neutron/Gd153.h5
 Reading Tb159 from /home/diogo/openmc_data/endfb-vii.1-hdf5/neutron/Tb159.h5
 Reading Tb160 from /home/diogo/openmc_data/endfb-vii.1-hdf5/neutron/Tb160.h5
 Reading Dy156 from /home/diogo/openmc_data/endfb-vii.1-hdf5/neutron/Dy156.h5
 Reading Dy158 from /home/diogo/openmc_data/endfb-vii.1-hdf5/neutron/Dy158.h5
 Reading Dy160 from /home/diogo/openmc_data/endfb-vii.1-hdf5/neutron/Dy160.h5
 Reading Dy161 from /home/diogo/openmc_data/endfb-vii.1-hdf5/neutron/Dy161.h5
 Reading Dy162 from /home/diogo/openmc_data/endfb-vii.1-hdf5/neutron/Dy162.h5
 Reading Dy163 from /home/diogo/openmc_data/endfb-vii.1-hdf5/neutron/Dy163.h5
 Reading Dy164 from /home/diogo/openmc_data/endfb-vii.1-hdf5/neutron/Dy164.h5
 Reading Ho165 from /home/diogo/openmc_data/endfb-vii.1-hdf5/neutron/Ho165.h5
 Reading Ho166_m1 from
 /home/diogo/openmc_data/endfb-vii.1-hdf5/neutron/Ho166_m1.h5
 Reading Er162 from /home/diogo/openmc_data/endfb-vii.1-hdf5/neutron/Er162.h5
 Reading Er164 from /home/diogo/openmc_data/endfb-vii.1-hdf5/neutron/Er164.h5
 Reading Er166 from /home/diogo/openmc_data/endfb-vii.1-hdf5/neutron/Er166.h5
 Reading Er167 from /home/diogo/openmc_data/endfb-vii.1-hdf5/neutron/Er167.h5
 Reading Er168 from /home/diogo/openmc_data/endfb-vii.1-hdf5/neutron/Er168.h5
 Reading Er170 from /home/diogo/openmc_data/endfb-vii.1-hdf5/neutron/Er170.h5
 Reading Tm168 from /home/diogo/openmc_data/endfb-vii.1-hdf5/neutron/Tm168.h5
 Reading Tm169 from /home/diogo/openmc_data/endfb-vii.1-hdf5/neutron/Tm169.h5
 Reading Tm170 from /home/diogo/openmc_data/endfb-vii.1-hdf5/neutron/Tm170.h5
 Reading Lu175 from /home/diogo/openmc_data/endfb-vii.1-hdf5/neutron/Lu175.h5
 Reading Lu176 from /home/diogo/openmc_data/endfb-vii.1-hdf5/neutron/Lu176.h5
 Reading Hf174 from /home/diogo/openmc_data/endfb-vii.1-hdf5/neutron/Hf174.h5
 Reading Hf176 from /home/diogo/openmc_data/endfb-vii.1-hdf5/neutron/Hf176.h5
 Reading Hf177 from /home/diogo/openmc_data/endfb-vii.1-hdf5/neutron/Hf177.h5
 Reading Hf178 from /home/diogo/openmc_data/endfb-vii.1-hdf5/neutron/Hf178.h5
 Reading Hf179 from /home/diogo/openmc_data/endfb-vii.1-hdf5/neutron/Hf179.h5
 Reading Hf180 from /home/diogo/openmc_data/endfb-vii.1-hdf5/neutron/Hf180.h5
 Reading Ta180 from /home/diogo/openmc_data/endfb-vii.1-hdf5/neutron/Ta180.h5
 Reading Ta181 from /home/diogo/openmc_data/endfb-vii.1-hdf5/neutron/Ta181.h5
 Reading Ta182 from /home/diogo/openmc_data/endfb-vii.1-hdf5/neutron/Ta182.h5
 Reading W180 from /home/diogo/openmc_data/endfb-vii.1-hdf5/neutron/W180.h5
 Reading W182 from /home/diogo/openmc_data/endfb-vii.1-hdf5/neutron/W182.h5
 Reading W183 from /home/diogo/openmc_data/endfb-vii.1-hdf5/neutron/W183.h5
 Reading W184 from /home/diogo/openmc_data/endfb-vii.1-hdf5/neutron/W184.h5
 Reading W186 from /home/diogo/openmc_data/endfb-vii.1-hdf5/neutron/W186.h5
 Reading Re185 from /home/diogo/openmc_data/endfb-vii.1-hdf5/neutron/Re185.h5
 Reading Re187 from /home/diogo/openmc_data/endfb-vii.1-hdf5/neutron/Re187.h5
 Reading Ir191 from /home/diogo/openmc_data/endfb-vii.1-hdf5/neutron/Ir191.h5
 Reading Ir193 from /home/diogo/openmc_data/endfb-vii.1-hdf5/neutron/Ir193.h5
 Reading Au197 from /home/diogo/openmc_data/endfb-vii.1-hdf5/neutron/Au197.h5
 Reading Hg196 from /home/diogo/openmc_data/endfb-vii.1-hdf5/neutron/Hg196.h5
 Reading Hg198 from /home/diogo/openmc_data/endfb-vii.1-hdf5/neutron/Hg198.h5
 Reading Hg199 from /home/diogo/openmc_data/endfb-vii.1-hdf5/neutron/Hg199.h5
 Reading Hg200 from /home/diogo/openmc_data/endfb-vii.1-hdf5/neutron/Hg200.h5
 Reading Hg201 from /home/diogo/openmc_data/endfb-vii.1-hdf5/neutron/Hg201.h5
 Reading Hg202 from /home/diogo/openmc_data/endfb-vii.1-hdf5/neutron/Hg202.h5
 Reading Hg204 from /home/diogo/openmc_data/endfb-vii.1-hdf5/neutron/Hg204.h5
 Reading Tl203 from /home/diogo/openmc_data/endfb-vii.1-hdf5/neutron/Tl203.h5
 Reading Tl205 from /home/diogo/openmc_data/endfb-vii.1-hdf5/neutron/Tl205.h5
 Reading Pb204 from /home/diogo/openmc_data/endfb-vii.1-hdf5/neutron/Pb204.h5
 Reading Pb206 from /home/diogo/openmc_data/endfb-vii.1-hdf5/neutron/Pb206.h5
 Reading Pb207 from /home/diogo/openmc_data/endfb-vii.1-hdf5/neutron/Pb207.h5
 Reading Pb208 from /home/diogo/openmc_data/endfb-vii.1-hdf5/neutron/Pb208.h5
 Reading Bi209 from /home/diogo/openmc_data/endfb-vii.1-hdf5/neutron/Bi209.h5
 Reading Ra223 from /home/diogo/openmc_data/endfb-vii.1-hdf5/neutron/Ra223.h5
 Reading Ra224 from /home/diogo/openmc_data/endfb-vii.1-hdf5/neutron/Ra224.h5
 Reading Ra225 from /home/diogo/openmc_data/endfb-vii.1-hdf5/neutron/Ra225.h5
 Reading Ra226 from /home/diogo/openmc_data/endfb-vii.1-hdf5/neutron/Ra226.h5
 Reading Ac225 from /home/diogo/openmc_data/endfb-vii.1-hdf5/neutron/Ac225.h5
 Reading Ac226 from /home/diogo/openmc_data/endfb-vii.1-hdf5/neutron/Ac226.h5
 Reading Ac227 from /home/diogo/openmc_data/endfb-vii.1-hdf5/neutron/Ac227.h5
 Reading Th227 from /home/diogo/openmc_data/endfb-vii.1-hdf5/neutron/Th227.h5
 Reading Th228 from /home/diogo/openmc_data/endfb-vii.1-hdf5/neutron/Th228.h5
 Reading Th229 from /home/diogo/openmc_data/endfb-vii.1-hdf5/neutron/Th229.h5
 Reading Th230 from /home/diogo/openmc_data/endfb-vii.1-hdf5/neutron/Th230.h5
 Reading Th231 from /home/diogo/openmc_data/endfb-vii.1-hdf5/neutron/Th231.h5
 Reading Th232 from /home/diogo/openmc_data/endfb-vii.1-hdf5/neutron/Th232.h5
 Reading Th233 from /home/diogo/openmc_data/endfb-vii.1-hdf5/neutron/Th233.h5
 Reading Th234 from /home/diogo/openmc_data/endfb-vii.1-hdf5/neutron/Th234.h5
 Reading Pa229 from /home/diogo/openmc_data/endfb-vii.1-hdf5/neutron/Pa229.h5
 Reading Pa230 from /home/diogo/openmc_data/endfb-vii.1-hdf5/neutron/Pa230.h5
 Reading Pa231 from /home/diogo/openmc_data/endfb-vii.1-hdf5/neutron/Pa231.h5
 Reading Pa232 from /home/diogo/openmc_data/endfb-vii.1-hdf5/neutron/Pa232.h5
 Reading Pa233 from /home/diogo/openmc_data/endfb-vii.1-hdf5/neutron/Pa233.h5
 Reading U230 from /home/diogo/openmc_data/endfb-vii.1-hdf5/neutron/U230.h5
 Reading U231 from /home/diogo/openmc_data/endfb-vii.1-hdf5/neutron/U231.h5
 Reading U232 from /home/diogo/openmc_data/endfb-vii.1-hdf5/neutron/U232.h5
 Reading U233 from /home/diogo/openmc_data/endfb-vii.1-hdf5/neutron/U233.h5
 Reading U236 from /home/diogo/openmc_data/endfb-vii.1-hdf5/neutron/U236.h5
 Reading U237 from /home/diogo/openmc_data/endfb-vii.1-hdf5/neutron/U237.h5
 Reading U239 from /home/diogo/openmc_data/endfb-vii.1-hdf5/neutron/U239.h5
 Reading U240 from /home/diogo/openmc_data/endfb-vii.1-hdf5/neutron/U240.h5
 Reading U241 from /home/diogo/openmc_data/endfb-vii.1-hdf5/neutron/U241.h5
 Reading Np234 from /home/diogo/openmc_data/endfb-vii.1-hdf5/neutron/Np234.h5
 Reading Np235 from /home/diogo/openmc_data/endfb-vii.1-hdf5/neutron/Np235.h5
 Reading Np236 from /home/diogo/openmc_data/endfb-vii.1-hdf5/neutron/Np236.h5
 Reading Np237 from /home/diogo/openmc_data/endfb-vii.1-hdf5/neutron/Np237.h5
 Reading Np238 from /home/diogo/openmc_data/endfb-vii.1-hdf5/neutron/Np238.h5
 Reading Np239 from /home/diogo/openmc_data/endfb-vii.1-hdf5/neutron/Np239.h5
 Reading Pu236 from /home/diogo/openmc_data/endfb-vii.1-hdf5/neutron/Pu236.h5
 Reading Pu237 from /home/diogo/openmc_data/endfb-vii.1-hdf5/neutron/Pu237.h5
 Reading Pu238 from /home/diogo/openmc_data/endfb-vii.1-hdf5/neutron/Pu238.h5
 Reading Pu239 from /home/diogo/openmc_data/endfb-vii.1-hdf5/neutron/Pu239.h5
 Reading Pu240 from /home/diogo/openmc_data/endfb-vii.1-hdf5/neutron/Pu240.h5
 Reading Pu241 from /home/diogo/openmc_data/endfb-vii.1-hdf5/neutron/Pu241.h5
 Reading Pu242 from /home/diogo/openmc_data/endfb-vii.1-hdf5/neutron/Pu242.h5
 Reading Pu243 from /home/diogo/openmc_data/endfb-vii.1-hdf5/neutron/Pu243.h5
 Reading Pu244 from /home/diogo/openmc_data/endfb-vii.1-hdf5/neutron/Pu244.h5
 Reading Pu246 from /home/diogo/openmc_data/endfb-vii.1-hdf5/neutron/Pu246.h5
 Reading Am240 from /home/diogo/openmc_data/endfb-vii.1-hdf5/neutron/Am240.h5
 Reading Am241 from /home/diogo/openmc_data/endfb-vii.1-hdf5/neutron/Am241.h5
 Reading Am242 from /home/diogo/openmc_data/endfb-vii.1-hdf5/neutron/Am242.h5
 Reading Am242_m1 from
 /home/diogo/openmc_data/endfb-vii.1-hdf5/neutron/Am242_m1.h5
 Reading Am243 from /home/diogo/openmc_data/endfb-vii.1-hdf5/neutron/Am243.h5
 Reading Am244 from /home/diogo/openmc_data/endfb-vii.1-hdf5/neutron/Am244.h5
 Reading Am244_m1 from
 /home/diogo/openmc_data/endfb-vii.1-hdf5/neutron/Am244_m1.h5
 Reading Cm240 from /home/diogo/openmc_data/endfb-vii.1-hdf5/neutron/Cm240.h5
 Reading Cm241 from /home/diogo/openmc_data/endfb-vii.1-hdf5/neutron/Cm241.h5
 Reading Cm242 from /home/diogo/openmc_data/endfb-vii.1-hdf5/neutron/Cm242.h5
 Reading Cm243 from /home/diogo/openmc_data/endfb-vii.1-hdf5/neutron/Cm243.h5
 Reading Cm244 from /home/diogo/openmc_data/endfb-vii.1-hdf5/neutron/Cm244.h5
 Reading Cm245 from /home/diogo/openmc_data/endfb-vii.1-hdf5/neutron/Cm245.h5
 Reading Cm246 from /home/diogo/openmc_data/endfb-vii.1-hdf5/neutron/Cm246.h5
 Reading Cm247 from /home/diogo/openmc_data/endfb-vii.1-hdf5/neutron/Cm247.h5
 Reading Cm248 from /home/diogo/openmc_data/endfb-vii.1-hdf5/neutron/Cm248.h5
 Reading Cm249 from /home/diogo/openmc_data/endfb-vii.1-hdf5/neutron/Cm249.h5
 Reading Cm250 from /home/diogo/openmc_data/endfb-vii.1-hdf5/neutron/Cm250.h5
 Reading Bk245 from /home/diogo/openmc_data/endfb-vii.1-hdf5/neutron/Bk245.h5
 Reading Bk246 from /home/diogo/openmc_data/endfb-vii.1-hdf5/neutron/Bk246.h5
 Reading Bk247 from /home/diogo/openmc_data/endfb-vii.1-hdf5/neutron/Bk247.h5
 Reading Bk248 from /home/diogo/openmc_data/endfb-vii.1-hdf5/neutron/Bk248.h5
 Reading Bk249 from /home/diogo/openmc_data/endfb-vii.1-hdf5/neutron/Bk249.h5
 Reading Bk250 from /home/diogo/openmc_data/endfb-vii.1-hdf5/neutron/Bk250.h5
 Reading Cf246 from /home/diogo/openmc_data/endfb-vii.1-hdf5/neutron/Cf246.h5
 Reading Cf248 from /home/diogo/openmc_data/endfb-vii.1-hdf5/neutron/Cf248.h5
 Reading Cf249 from /home/diogo/openmc_data/endfb-vii.1-hdf5/neutron/Cf249.h5
 Reading Cf250 from /home/diogo/openmc_data/endfb-vii.1-hdf5/neutron/Cf250.h5
 WARNING: Negative value(s) found on probability table for nuclide Cf250 at 250K
 WARNING: Negative value(s) found on probability table for nuclide Cf250 at 294K
 WARNING: Negative value(s) found on probability table for nuclide Cf250 at 900K
 WARNING: Negative value(s) found on probability table for nuclide Cf250 at
          1200K
 Reading Cf251 from /home/diogo/openmc_data/endfb-vii.1-hdf5/neutron/Cf251.h5
 Reading Cf252 from /home/diogo/openmc_data/endfb-vii.1-hdf5/neutron/Cf252.h5
 Reading Cf253 from /home/diogo/openmc_data/endfb-vii.1-hdf5/neutron/Cf253.h5
 Reading Cf254 from /home/diogo/openmc_data/endfb-vii.1-hdf5/neutron/Cf254.h5
 Reading Es251 from /home/diogo/openmc_data/endfb-vii.1-hdf5/neutron/Es251.h5
 Reading Es252 from /home/diogo/openmc_data/endfb-vii.1-hdf5/neutron/Es252.h5
 Reading Es253 from /home/diogo/openmc_data/endfb-vii.1-hdf5/neutron/Es253.h5
 Reading Es254 from /home/diogo/openmc_data/endfb-vii.1-hdf5/neutron/Es254.h5
 Reading Es254_m1 from
 /home/diogo/openmc_data/endfb-vii.1-hdf5/neutron/Es254_m1.h5
 Reading Es255 from /home/diogo/openmc_data/endfb-vii.1-hdf5/neutron/Es255.h5
 Reading Fm255 from /home/diogo/openmc_data/endfb-vii.1-hdf5/neutron/Fm255.h5
 Maximum neutron transport energy: 20000000 eV for H1
 Initializing source particles...

 ====================>     K EIGENVALUE SIMULATION     <====================

  Bat./Gen.      k       Entropy         Average k 
  =========   ========   ========   ====================
        1/1    0.94225    5.54625
        2/1    0.94715    5.51750
        3/1    0.95637    5.49934
        4/1    0.98328    5.48714
        5/1    1.00203    5.46653
        6/1    0.99602    5.46368
        7/1    0.99570    5.46124
        8/1    0.99530    5.45178
        9/1    0.99573    5.46456
       10/1    1.00680    5.44801
       11/1    0.97654    5.46074
       12/1    0.99349    5.45227
       13/1    1.00503    5.45209
       14/1    0.99593    5.46067
       15/1    0.99039    5.44565
       16/1    0.97880    5.45428
       17/1    0.99468    5.45329
       18/1    1.00296    5.45025
       19/1    0.98842    5.44211
       20/1    0.98159    5.44023
       21/1    0.99595    5.44523
       22/1    0.98282    5.43844
       23/1    0.99215    5.44066
       24/1    1.00992    5.44039
       25/1    0.99779    5.43883
       26/1    1.00135    5.42107
       27/1    0.99999    5.43131
       28/1    1.00115    5.44137
       29/1    0.98566    5.43899
       30/1    1.00464    5.44852
       31/1    0.99736    5.44992
       32/1    1.01048    5.44698
       33/1    0.98914    5.43285
       34/1    1.00456    5.44915
       35/1    1.00938    5.45620
       36/1    1.00897    5.46352
       37/1    1.00804    5.45028
       38/1    1.00585    5.44439
       39/1    0.99271    5.46933
       40/1    1.00929    5.45212
       41/1    1.00363    5.47620
       42/1    1.01113    5.46371
       43/1    0.99990    5.46615
       44/1    0.98492    5.45660
       45/1    1.00057    5.44118
       46/1    1.00592    5.45940
       47/1    1.00003    5.46983
       48/1    0.99467    5.46982
       49/1    0.99005    5.46914
       50/1    0.99110    5.46746
       51/1    1.00720    5.45185
       52/1    0.98553    5.43943
       53/1    0.98774    5.44718
       54/1    1.00128    5.46339
       55/1    0.96980    5.45775
       56/1    0.99486    5.45363
       57/1    0.98377    5.45284
       58/1    1.00299    5.46142
       59/1    0.97101    5.44555
       60/1    0.99475    5.44744
       61/1    0.99623    5.45316
       62/1    1.00402    5.45024    1.00012 +/- 0.00389
       63/1    1.00362    5.45100    1.00129 +/- 0.00253
       64/1    0.99862    5.44855    1.00062 +/- 0.00191
       65/1    0.99537    5.45930    0.99957 +/- 0.00181
       66/1    0.99057    5.45029    0.99807 +/- 0.00211
       67/1    1.00496    5.44052    0.99906 +/- 0.00204
       68/1    0.99239    5.43908    0.99822 +/- 0.00195
       69/1    1.00916    5.43701    0.99944 +/- 0.00211
       70/1    1.01288    5.44019    1.00078 +/- 0.00231
       71/1    0.99617    5.45338    1.00036 +/- 0.00213
       72/1    0.98522    5.46354    0.99910 +/- 0.00232
       73/1    1.00597    5.46374    0.99963 +/- 0.00220
       74/1    0.98900    5.45772    0.99887 +/- 0.00217
       75/1    0.99678    5.45598    0.99873 +/- 0.00203
       76/1    0.99344    5.44686    0.99840 +/- 0.00193
       77/1    0.99320    5.44779    0.99809 +/- 0.00183
       78/1    0.99067    5.46241    0.99768 +/- 0.00178
       79/1    0.97875    5.45866    0.99669 +/- 0.00196
       80/1    0.99321    5.45317    0.99651 +/- 0.00186
       81/1    1.00078    5.45112    0.99671 +/- 0.00178
       82/1    0.99404    5.44802    0.99659 +/- 0.00170
       83/1    1.00026    5.45500    0.99675 +/- 0.00164
       84/1    0.99335    5.45249    0.99661 +/- 0.00157
       85/1    0.98290    5.46053    0.99606 +/- 0.00161
       86/1    0.99772    5.45963    0.99613 +/- 0.00154
       87/1    0.99143    5.45522    0.99595 +/- 0.00150
       88/1    1.00140    5.43713    0.99615 +/- 0.00145
       89/1    0.99058    5.43304    0.99595 +/- 0.00142
       90/1    1.00203    5.43640    0.99616 +/- 0.00138
       91/1    1.00867    5.45317    0.99656 +/- 0.00140
       92/1    0.99490    5.45501    0.99651 +/- 0.00135
       93/1    1.00052    5.45865    0.99663 +/- 0.00132
       94/1    1.01390    5.44038    0.99714 +/- 0.00138
       95/1    0.99050    5.44286    0.99695 +/- 0.00135
       96/1    0.99056    5.44623    0.99677 +/- 0.00132
       97/1    0.98150    5.45762    0.99636 +/- 0.00135
       98/1    1.00060    5.45306    0.99647 +/- 0.00132
       99/1    0.99639    5.45047    0.99647 +/- 0.00129
      100/1    0.99491    5.44070    0.99643 +/- 0.00125
      101/1    1.00714    5.46115    0.99669 +/- 0.00125
      102/1    0.99399    5.45344    0.99663 +/- 0.00122
      103/1    1.00308    5.43681    0.99678 +/- 0.00120
      104/1    1.00290    5.42504    0.99692 +/- 0.00118
      105/1    0.97990    5.42835    0.99654 +/- 0.00122
      106/1    0.98996    5.43627    0.99639 +/- 0.00120
      107/1    1.00446    5.43804    0.99657 +/- 0.00119
      108/1    0.99954    5.45549    0.99663 +/- 0.00116
      109/1    1.00819    5.45387    0.99686 +/- 0.00116
      110/1    0.99624    5.46449    0.99685 +/- 0.00114
      111/1    1.00225    5.45423    0.99696 +/- 0.00112
      112/1    0.99330    5.46097    0.99689 +/- 0.00110
      113/1    0.98472    5.47649    0.99666 +/- 0.00111
      114/1    1.01499    5.46858    0.99700 +/- 0.00114
      115/1    0.99840    5.46025    0.99702 +/- 0.00112
      116/1    0.99574    5.45623    0.99700 +/- 0.00110
      117/1    0.99968    5.43494    0.99705 +/- 0.00108
      118/1    1.00678    5.45216    0.99721 +/- 0.00107
      119/1    0.99882    5.45766    0.99724 +/- 0.00105
      120/1    0.98543    5.45783    0.99704 +/- 0.00105
      121/1    0.99798    5.44365    0.99706 +/- 0.00104
      122/1    0.98175    5.46141    0.99681 +/- 0.00105
      123/1    0.99039    5.45267    0.99671 +/- 0.00104
      124/1    1.00728    5.44946    0.99688 +/- 0.00104
      125/1    0.99947    5.44671    0.99692 +/- 0.00102
      126/1    0.97881    5.45407    0.99664 +/- 0.00104
      127/1    1.00336    5.44602    0.99674 +/- 0.00103
      128/1    0.99005    5.44837    0.99664 +/- 0.00102
      129/1    1.01177    5.45558    0.99686 +/- 0.00103
      130/1    0.98742    5.46235    0.99673 +/- 0.00102
      131/1    1.00596    5.45449    0.99686 +/- 0.00102
      132/1    0.98863    5.45990    0.99674 +/- 0.00101
      133/1    1.00343    5.46613    0.99684 +/- 0.00100
      134/1    1.01172    5.45326    0.99704 +/- 0.00101
      135/1    1.00156    5.45363    0.99710 +/- 0.00099
      136/1    0.99704    5.43770    0.99710 +/- 0.00098
      137/1    0.98856    5.43576    0.99699 +/- 0.00097
      138/1    0.97506    5.44244    0.99670 +/- 0.00100
      139/1    1.00289    5.45742    0.99678 +/- 0.00099
      140/1    1.00672    5.43193    0.99691 +/- 0.00099
      141/1    0.99989    5.44668    0.99694 +/- 0.00098
      142/1    1.00110    5.44191    0.99699 +/- 0.00097
      143/1    1.01422    5.44303    0.99720 +/- 0.00098
      144/1    0.99727    5.45909    0.99720 +/- 0.00096
      145/1    0.96831    5.45605    0.99686 +/- 0.00101
      146/1    0.98624    5.44016    0.99674 +/- 0.00101
      147/1    0.99064    5.44823    0.99667 +/- 0.00100
      148/1    0.98741    5.46595    0.99656 +/- 0.00099
      149/1    0.99698    5.46691    0.99657 +/- 0.00098
      150/1    0.97952    5.44150    0.99638 +/- 0.00099
      151/1    1.00112    5.44244    0.99643 +/- 0.00098
      152/1    1.01129    5.44253    0.99659 +/- 0.00098
      153/1    1.00102    5.44708    0.99664 +/- 0.00097
      154/1    0.99609    5.44595    0.99663 +/- 0.00096
      155/1    1.01768    5.44789    0.99686 +/- 0.00098
      156/1    0.98903    5.44844    0.99677 +/- 0.00097
      157/1    1.00507    5.43268    0.99686 +/- 0.00096
      158/1    1.00423    5.44968    0.99693 +/- 0.00096
      159/1    1.00926    5.45066    0.99706 +/- 0.00096
      160/1    0.99237    5.45127    0.99701 +/- 0.00095
 Creating state point statepoint.160.h5...

 =======================>     TIMING STATISTICS     <=======================

 Total time for initialization     = 6.2696e+01 seconds
   Reading cross sections          = 7.6163e+00 seconds
 Total time in simulation          = 3.7817e+02 seconds
   Time in transport only          = 3.7682e+02 seconds
   Time in inactive batches        = 1.0712e+01 seconds
   Time in active batches          = 3.6746e+02 seconds
   Time synchronizing fission bank = 2.9741e-01 seconds
     Sampling source sites         = 2.5666e-01 seconds
     SEND/RECV source sites        = 3.9995e-02 seconds
   Time accumulating tallies       = 7.9170e-01 seconds
   Time writing statepoints        = 1.3535e-02 seconds
 Total time for finalization       = 1.0256e-02 seconds
 Total time elapsed                = 4.4133e+02 seconds
 Calculation Rate (inactive)       = 112023 particles/second
 Calculation Rate (active)         = 5442.81 particles/second

 ============================>     RESULTS     <============================

 k-effective (Collision)     = 0.99749 +/- 0.00086
 k-effective (Track-length)  = 0.99701 +/- 0.00095
 k-effective (Absorption)    = 0.99767 +/- 0.00077
 Combined k-effective        = 0.99744 +/- 0.00067
 Leakage Fraction            = 0.00704 +/- 0.00005

 Creating state point openmc_simulation_n0.h5...
[openmc.deplete] t=4327203.051553669 s, dt=8654406.103107339 s, source=47715391.07417825
 Maximum neutron transport energy: 20000000 eV for H1
 Initializing source particles...

 ====================>     K EIGENVALUE SIMULATION     <====================

  Bat./Gen.      k       Entropy         Average k 
  =========   ========   ========   ====================
        1/1    0.90323    5.55164
        2/1    0.94479    5.50998
        3/1    0.95710    5.48503
        4/1    0.94833    5.48919
        5/1    0.97631    5.48967
        6/1    0.96205    5.48486
        7/1    0.96817    5.47369
        8/1    0.97967    5.47020
        9/1    0.97964    5.46673
       10/1    0.96491    5.46538
       11/1    0.97046    5.46473
       12/1    0.97360    5.45978
       13/1    0.98390    5.44316
       14/1    0.97601    5.44573
       15/1    0.97708    5.44345
       16/1    0.98714    5.43602
       17/1    1.00402    5.44880
       18/1    0.97977    5.44526
       19/1    0.98158    5.45282
       20/1    0.97344    5.45967
       21/1    0.97904    5.45183
       22/1    0.96651    5.44911
       23/1    0.99473    5.45093
       24/1    0.97999    5.44208
       25/1    0.98492    5.45801
       26/1    0.98340    5.46083
       27/1    0.96601    5.44967
       28/1    0.98266    5.45102
       29/1    0.97626    5.44998
       30/1    0.98506    5.45153
       31/1    0.97203    5.45303
       32/1    0.97769    5.44970
       33/1    0.96519    5.45807
       34/1    0.96279    5.45876
       35/1    0.96911    5.46549
       36/1    0.96553    5.45684
       37/1    0.98268    5.45403
       38/1    0.96873    5.45279
       39/1    0.98778    5.45129
       40/1    0.98667    5.43938
       41/1    0.98747    5.44099
       42/1    0.98868    5.44336
       43/1    0.96312    5.44869
       44/1    0.97854    5.46544
       45/1    0.96074    5.45161
       46/1    0.97935    5.44892
       47/1    0.97933    5.45636
       48/1    0.99654    5.44638
       49/1    0.97943    5.43950
       50/1    0.98769    5.46467
       51/1    0.97622    5.45897
       52/1    0.99584    5.44656
       53/1    0.97252    5.46326
       54/1    0.98703    5.44137
       55/1    0.99314    5.44932
       56/1    0.96176    5.45140
       57/1    0.98881    5.45833
       58/1    0.98233    5.45076
       59/1    0.96435    5.45761
       60/1    0.98606    5.44706
       61/1    0.98622    5.45068
       62/1    0.98339    5.45763    0.98481 +/- 0.00142
       63/1    0.97558    5.46367    0.98173 +/- 0.00318
       64/1    0.99147    5.45456    0.98416 +/- 0.00331
       65/1    0.99426    5.44244    0.98618 +/- 0.00327
       66/1    0.97643    5.45303    0.98456 +/- 0.00312
       67/1    0.96950    5.45823    0.98241 +/- 0.00340
       68/1    0.96391    5.45049    0.98009 +/- 0.00375
       69/1    0.99233    5.45630    0.98145 +/- 0.00357
       70/1    0.98676    5.44909    0.98198 +/- 0.00324
       71/1    0.98448    5.45130    0.98221 +/- 0.00294
       72/1    0.96979    5.44370    0.98118 +/- 0.00288
       73/1    0.95751    5.45823    0.97936 +/- 0.00321
       74/1    0.98598    5.45599    0.97983 +/- 0.00301
       75/1    0.98773    5.44586    0.98036 +/- 0.00285
       76/1    0.97834    5.45987    0.98023 +/- 0.00267
       77/1    0.98061    5.44933    0.98025 +/- 0.00251
       78/1    0.98087    5.46068    0.98029 +/- 0.00237
       79/1    0.97923    5.46098    0.98023 +/- 0.00224
       80/1    0.99182    5.45728    0.98081 +/- 0.00220
       81/1    0.97787    5.45845    0.98067 +/- 0.00210
       82/1    0.97194    5.46401    0.98027 +/- 0.00204
       83/1    0.98330    5.46546    0.98041 +/- 0.00195
       84/1    0.98176    5.46875    0.98046 +/- 0.00187
       85/1    0.96427    5.45169    0.97981 +/- 0.00191
       86/1    0.97024    5.45315    0.97945 +/- 0.00187
       87/1    0.97811    5.45677    0.97940 +/- 0.00180
       88/1    0.97117    5.44625    0.97910 +/- 0.00176
       89/1    0.98998    5.45215    0.97948 +/- 0.00174
       90/1    0.98362    5.44398    0.97962 +/- 0.00168
       91/1    0.95434    5.44308    0.97880 +/- 0.00182
       92/1    0.97262    5.46007    0.97861 +/- 0.00177
       93/1    0.97346    5.43903    0.97845 +/- 0.00173
       94/1    0.97753    5.45079    0.97842 +/- 0.00168
       95/1    0.97630    5.43997    0.97836 +/- 0.00163
       96/1    0.98292    5.44543    0.97849 +/- 0.00159
       97/1    0.96813    5.45809    0.97821 +/- 0.00157
       98/1    0.98263    5.43957    0.97833 +/- 0.00153
       99/1    0.97000    5.43785    0.97811 +/- 0.00151
      100/1    0.97219    5.44855    0.97796 +/- 0.00148
      101/1    0.98148    5.46573    0.97805 +/- 0.00144
      102/1    0.97823    5.45151    0.97805 +/- 0.00141
      103/1    0.96268    5.45829    0.97770 +/- 0.00142
      104/1    0.97809    5.44903    0.97771 +/- 0.00139
      105/1    0.98016    5.45002    0.97776 +/- 0.00136
      106/1    0.98434    5.45363    0.97790 +/- 0.00134
      107/1    0.96188    5.43606    0.97756 +/- 0.00135
      108/1    0.95681    5.43169    0.97713 +/- 0.00139
      109/1    0.96641    5.46575    0.97691 +/- 0.00138
      110/1    0.98118    5.45047    0.97700 +/- 0.00135
      111/1    0.97615    5.44729    0.97698 +/- 0.00133
      112/1    0.98421    5.45958    0.97712 +/- 0.00131
      113/1    0.97880    5.44340    0.97715 +/- 0.00128
      114/1    0.98195    5.45137    0.97724 +/- 0.00126
      115/1    0.98496    5.46189    0.97738 +/- 0.00125
      116/1    0.98601    5.45609    0.97753 +/- 0.00124
      117/1    0.96689    5.45416    0.97735 +/- 0.00123
      118/1    0.98374    5.44367    0.97746 +/- 0.00121
      119/1    0.96705    5.45096    0.97728 +/- 0.00120
      120/1    0.97738    5.45070    0.97728 +/- 0.00118
      121/1    0.98555    5.46023    0.97742 +/- 0.00117
      122/1    0.96603    5.45935    0.97723 +/- 0.00117
      123/1    0.98357    5.45191    0.97734 +/- 0.00115
      124/1    0.97636    5.46523    0.97732 +/- 0.00114
      125/1    0.97589    5.45649    0.97730 +/- 0.00112
      126/1    0.98958    5.44740    0.97748 +/- 0.00112
      127/1    0.97369    5.45046    0.97743 +/- 0.00110
      128/1    0.97188    5.44947    0.97735 +/- 0.00109
      129/1    0.96844    5.45379    0.97722 +/- 0.00108
      130/1    0.97827    5.45128    0.97723 +/- 0.00106
      131/1    0.98042    5.44623    0.97728 +/- 0.00105
      132/1    0.99087    5.43661    0.97747 +/- 0.00105
      133/1    0.98224    5.43682    0.97753 +/- 0.00104
      134/1    0.99055    5.45189    0.97771 +/- 0.00104
      135/1    0.96951    5.44476    0.97760 +/- 0.00103
      136/1    0.97296    5.46090    0.97754 +/- 0.00102
      137/1    0.96418    5.45155    0.97736 +/- 0.00102
      138/1    0.98209    5.43905    0.97742 +/- 0.00101
      139/1    0.99263    5.46312    0.97762 +/- 0.00102
      140/1    0.97392    5.44224    0.97757 +/- 0.00100
      141/1    0.98265    5.44686    0.97763 +/- 0.00099
      142/1    0.98198    5.44854    0.97769 +/- 0.00098
      143/1    0.96638    5.45866    0.97755 +/- 0.00098
      144/1    0.97366    5.45391    0.97750 +/- 0.00097
      145/1    0.96398    5.44666    0.97734 +/- 0.00097
      146/1    0.97282    5.45793    0.97729 +/- 0.00096
      147/1    0.98103    5.46173    0.97733 +/- 0.00095
      148/1    0.97070    5.45646    0.97726 +/- 0.00094
      149/1    0.97834    5.45690    0.97727 +/- 0.00093
      150/1    0.97687    5.45555    0.97727 +/- 0.00092
      151/1    0.97265    5.45463    0.97722 +/- 0.00091
      152/1    0.97826    5.45079    0.97723 +/- 0.00090
      153/1    0.97697    5.45886    0.97722 +/- 0.00089
      154/1    0.98196    5.45378    0.97728 +/- 0.00089
      155/1    0.96148    5.44470    0.97711 +/- 0.00089
      156/1    0.98847    5.44011    0.97723 +/- 0.00089
      157/1    0.96441    5.44704    0.97710 +/- 0.00089
      158/1    0.98124    5.45447    0.97714 +/- 0.00088
      159/1    0.97759    5.47044    0.97714 +/- 0.00087
      160/1    0.98650    5.45748    0.97724 +/- 0.00087
 Creating state point statepoint.160.h5...

 =======================>     TIMING STATISTICS     <=======================

 Total time for initialization     = 0.0000e+00 seconds
   Reading cross sections          = 0.0000e+00 seconds
 Total time in simulation          = 3.8484e+02 seconds
   Time in transport only          = 3.8361e+02 seconds
   Time in inactive batches        = 1.1471e+02 seconds
   Time in active batches          = 2.7013e+02 seconds
   Time synchronizing fission bank = 2.9724e-01 seconds
     Sampling source sites         = 2.5580e-01 seconds
     SEND/RECV source sites        = 4.0712e-02 seconds
   Time accumulating tallies       = 6.5156e-01 seconds
   Time writing statepoints        = 1.6151e-02 seconds
 Total time for finalization       = 1.3085e-02 seconds
 Total time elapsed                = 3.8547e+02 seconds
 Calculation Rate (inactive)       = 10460.8 particles/second
 Calculation Rate (active)         = 7403.9 particles/second

 ============================>     RESULTS     <============================

 k-effective (Collision)     = 0.97737 +/- 0.00080
 k-effective (Track-length)  = 0.97724 +/- 0.00087
 k-effective (Absorption)    = 0.97868 +/- 0.00074
 Combined k-effective        = 0.97806 +/- 0.00065
 Leakage Fraction            = 0.00687 +/- 0.00006

 Creating state point openmc_simulation_n1.h5...
[openmc.deplete] t=12981609.154661007 s, dt=17308812.206214678 s, source=47715391.07417825
 Maximum neutron transport energy: 20000000 eV for H1
 Initializing source particles...

 ====================>     K EIGENVALUE SIMULATION     <====================

  Bat./Gen.      k       Entropy         Average k 
  =========   ========   ========   ====================
        1/1    0.92137    5.55989
        2/1    0.95015    5.50704
        3/1    0.96046    5.48398
        4/1    0.97455    5.47410
        5/1    0.97742    5.47720
        6/1    0.98334    5.48074
        7/1    0.95109    5.46458
        8/1    0.96537    5.46754
        9/1    0.97278    5.46460
       10/1    0.98104    5.46432
       11/1    0.96781    5.46290
       12/1    0.98984    5.46514
       13/1    0.97741    5.44486
       14/1    0.98331    5.44290
       15/1    0.97843    5.44860
       16/1    0.97733    5.43173
       17/1    0.98615    5.44590
       18/1    0.96259    5.43927
       19/1    0.97144    5.43505
       20/1    0.97377    5.44623
       21/1    0.98259    5.45071
       22/1    0.96605    5.45778
       23/1    0.96624    5.46137
       24/1    0.98730    5.44241
       25/1    0.96906    5.45519
       26/1    0.97915    5.46014
       27/1    0.98175    5.44571
       28/1    0.97262    5.44386
       29/1    0.96565    5.45436
       30/1    0.97430    5.43396
       31/1    0.98096    5.42193
       32/1    0.98852    5.43205
       33/1    0.99022    5.43278
       34/1    0.99484    5.44045
       35/1    0.98772    5.43842
       36/1    0.98373    5.44164
       37/1    0.99533    5.43066
       38/1    0.97336    5.43220
       39/1    0.97121    5.41879
       40/1    0.97546    5.44658
       41/1    0.98189    5.44323
       42/1    0.97120    5.44902
       43/1    0.97458    5.44778
       44/1    0.99657    5.42922
       45/1    0.97959    5.44428
       46/1    0.97168    5.44441
       47/1    0.98357    5.44878
       48/1    0.97649    5.43761
       49/1    0.99273    5.44567
       50/1    0.97284    5.43142
       51/1    0.98600    5.44312
       52/1    0.96890    5.42583
       53/1    0.98380    5.42912
       54/1    0.97668    5.45034
       55/1    0.97354    5.44006
       56/1    0.97662    5.43110
       57/1    0.98610    5.44695
       58/1    0.98047    5.44307
       59/1    0.98498    5.45002
       60/1    0.98412    5.44196
       61/1    0.98077    5.44560
       62/1    0.97714    5.43310    0.97896 +/- 0.00181
       63/1    0.98794    5.42887    0.98195 +/- 0.00317
       64/1    0.96626    5.42566    0.97803 +/- 0.00452
       65/1    0.97411    5.45541    0.97724 +/- 0.00359
       66/1    0.99213    5.42592    0.97972 +/- 0.00384
       67/1    0.98485    5.44855    0.98046 +/- 0.00333
       68/1    0.96772    5.43376    0.97886 +/- 0.00329
       69/1    0.98864    5.42915    0.97995 +/- 0.00310
       70/1    0.97118    5.45262    0.97907 +/- 0.00291
       71/1    0.97797    5.46006    0.97897 +/- 0.00263
       72/1    0.97879    5.45831    0.97896 +/- 0.00240
       73/1    0.97973    5.45934    0.97902 +/- 0.00221
       74/1    0.96608    5.46913    0.97809 +/- 0.00225
       75/1    0.96414    5.44665    0.97716 +/- 0.00229
       76/1    0.97975    5.43824    0.97732 +/- 0.00215
       77/1    0.99097    5.45699    0.97813 +/- 0.00217
       78/1    0.98056    5.43125    0.97826 +/- 0.00205
       79/1    0.99439    5.45078    0.97911 +/- 0.00212
       80/1    0.99036    5.44174    0.97967 +/- 0.00209
       81/1    0.97392    5.45756    0.97940 +/- 0.00200
       82/1    0.99332    5.44332    0.98003 +/- 0.00201
       83/1    0.97824    5.45138    0.97995 +/- 0.00192
       84/1    0.98884    5.44534    0.98032 +/- 0.00188
       85/1    0.98218    5.43825    0.98040 +/- 0.00180
       86/1    0.99332    5.44952    0.98090 +/- 0.00180
       87/1    0.98765    5.44898    0.98115 +/- 0.00175
       88/1    0.99405    5.45017    0.98161 +/- 0.00175
       89/1    0.98325    5.43787    0.98166 +/- 0.00169
       90/1    0.97033    5.44242    0.98129 +/- 0.00168
       91/1    0.98184    5.45037    0.98130 +/- 0.00162
       92/1    0.97734    5.43976    0.98118 +/- 0.00157
       93/1    0.97441    5.45431    0.98097 +/- 0.00154
       94/1    0.97127    5.44953    0.98069 +/- 0.00152
       95/1    0.97299    5.45318    0.98047 +/- 0.00149
       96/1    0.98423    5.46067    0.98057 +/- 0.00145
       97/1    0.97269    5.46134    0.98036 +/- 0.00143
       98/1    0.96745    5.45339    0.98002 +/- 0.00143
       99/1    0.97933    5.45256    0.98000 +/- 0.00140
      100/1    0.97275    5.43785    0.97982 +/- 0.00137
      101/1    0.98904    5.44501    0.98005 +/- 0.00136
      102/1    0.98135    5.44808    0.98008 +/- 0.00133
      103/1    0.98026    5.43457    0.98008 +/- 0.00129
      104/1    0.99342    5.43547    0.98038 +/- 0.00130
      105/1    0.97843    5.44672    0.98034 +/- 0.00127
      106/1    0.97389    5.43600    0.98020 +/- 0.00125
      107/1    0.97035    5.43677    0.97999 +/- 0.00124
      108/1    0.98115    5.44191    0.98002 +/- 0.00122
      109/1    0.97258    5.44668    0.97986 +/- 0.00120
      110/1    0.97153    5.45337    0.97970 +/- 0.00119
      111/1    0.98939    5.45890    0.97989 +/- 0.00118
      112/1    0.97830    5.46092    0.97986 +/- 0.00116
      113/1    0.96818    5.45807    0.97964 +/- 0.00116
      114/1    0.97933    5.43955    0.97963 +/- 0.00114
      115/1    0.98613    5.46383    0.97975 +/- 0.00112
      116/1    0.98255    5.46203    0.97980 +/- 0.00110
      117/1    0.98591    5.44679    0.97991 +/- 0.00109
      118/1    0.98034    5.44390    0.97991 +/- 0.00107
      119/1    0.98416    5.43934    0.97999 +/- 0.00105
      120/1    0.98509    5.45481    0.98007 +/- 0.00104
      121/1    0.97938    5.45849    0.98006 +/- 0.00102
      122/1    0.97314    5.46058    0.97995 +/- 0.00101
      123/1    0.98522    5.45719    0.98003 +/- 0.00100
      124/1    0.98914    5.45812    0.98017 +/- 0.00099
      125/1    0.96872    5.45664    0.98000 +/- 0.00099
      126/1    0.99445    5.45089    0.98022 +/- 0.00100
      127/1    0.97682    5.46206    0.98017 +/- 0.00099
      128/1    0.97995    5.44822    0.98016 +/- 0.00097
      129/1    0.98717    5.44060    0.98026 +/- 0.00097
      130/1    0.98451    5.46068    0.98032 +/- 0.00095
      131/1    0.98216    5.45147    0.98035 +/- 0.00094
      132/1    0.99134    5.44783    0.98050 +/- 0.00094
      133/1    0.98512    5.44443    0.98057 +/- 0.00093
      134/1    0.98330    5.44825    0.98060 +/- 0.00092
      135/1    0.98368    5.45299    0.98064 +/- 0.00091
      136/1    0.97858    5.44170    0.98062 +/- 0.00089
      137/1    0.97807    5.43889    0.98058 +/- 0.00088
      138/1    0.97303    5.44433    0.98049 +/- 0.00088
      139/1    0.97472    5.44352    0.98041 +/- 0.00087
      140/1    0.97962    5.43610    0.98040 +/- 0.00086
      141/1    0.98651    5.44978    0.98048 +/- 0.00085
      142/1    0.97170    5.44714    0.98037 +/- 0.00085
      143/1    0.97237    5.45607    0.98028 +/- 0.00084
      144/1    0.98535    5.44551    0.98034 +/- 0.00083
      145/1    0.96831    5.44431    0.98020 +/- 0.00084
      146/1    0.97796    5.46785    0.98017 +/- 0.00083
      147/1    0.97212    5.44963    0.98008 +/- 0.00082
      148/1    0.96121    5.44292    0.97986 +/- 0.00084
      149/1    0.98369    5.45125    0.97991 +/- 0.00083
      150/1    0.97123    5.43777    0.97981 +/- 0.00083
      151/1    0.97604    5.44678    0.97977 +/- 0.00082
      152/1    0.98496    5.44688    0.97982 +/- 0.00081
      153/1    0.97781    5.44495    0.97980 +/- 0.00081
      154/1    0.97410    5.44781    0.97974 +/- 0.00080
      155/1    0.98085    5.44433    0.97975 +/- 0.00079
      156/1    0.96555    5.44951    0.97961 +/- 0.00080
      157/1    0.98298    5.45187    0.97964 +/- 0.00079
      158/1    0.97265    5.46339    0.97957 +/- 0.00078
      159/1    0.97314    5.46579    0.97950 +/- 0.00078
      160/1    0.97914    5.46761    0.97950 +/- 0.00077
 Creating state point statepoint.160.h5...

 =======================>     TIMING STATISTICS     <=======================

 Total time for initialization     = 0.0000e+00 seconds
   Reading cross sections          = 0.0000e+00 seconds
 Total time in simulation          = 3.7031e+02 seconds
   Time in transport only          = 3.6918e+02 seconds
   Time in inactive batches        = 1.0943e+02 seconds
   Time in active batches          = 2.6087e+02 seconds
   Time synchronizing fission bank = 2.8395e-01 seconds
     Sampling source sites         = 2.4641e-01 seconds
     SEND/RECV source sites        = 3.6791e-02 seconds
   Time accumulating tallies       = 5.7840e-01 seconds
   Time writing statepoints        = 1.7219e-02 seconds
 Total time for finalization       = 1.7964e-02 seconds
 Total time elapsed                = 3.7081e+02 seconds
 Calculation Rate (inactive)       = 10965.8 particles/second
 Calculation Rate (active)         = 7666.52 particles/second

 ============================>     RESULTS     <============================

 k-effective (Collision)     = 0.98039 +/- 0.00069
 k-effective (Track-length)  = 0.97950 +/- 0.00077
 k-effective (Absorption)    = 0.98043 +/- 0.00068
 Combined k-effective        = 0.98022 +/- 0.00057
 Leakage Fraction            = 0.00691 +/- 0.00005

 Creating state point openmc_simulation_n2.h5...
[openmc.deplete] t=30290421.360875685 s, dt=34617624.412429355 s, source=47715391.07417825
 Maximum neutron transport energy: 20000000 eV for H1
 Initializing source particles...

 ====================>     K EIGENVALUE SIMULATION     <====================

  Bat./Gen.      k       Entropy         Average k 
  =========   ========   ========   ====================
        1/1    0.92138    5.53846
        2/1    0.95290    5.51582
        3/1    0.96471    5.49843
        4/1    0.97708    5.47871
        5/1    0.97821    5.46188
        6/1    0.97584    5.45038
        7/1    0.97569    5.43798
        8/1    0.97964    5.44200
        9/1    0.97412    5.43762
       10/1    0.99743    5.44538
       11/1    0.99861    5.44575
       12/1    0.99546    5.42446
       13/1    1.00069    5.43571
       14/1    0.98751    5.44824
       15/1    0.99230    5.45124
       16/1    0.98572    5.45324
       17/1    0.98603    5.44803
       18/1    0.98203    5.44743
       19/1    0.97217    5.45104
       20/1    0.96814    5.44602
       21/1    0.97377    5.44289
       22/1    0.97914    5.44317
       23/1    0.99404    5.44560
       24/1    0.99155    5.43332
       25/1    0.97693    5.44323
       26/1    0.99243    5.44729
       27/1    0.98031    5.43851
       28/1    0.98223    5.44121
       29/1    0.99466    5.44759
       30/1    0.98049    5.44294
       31/1    0.98747    5.43918
       32/1    0.97727    5.44585
       33/1    0.98555    5.43711
       34/1    0.97612    5.43781
       35/1    0.97955    5.44024
       36/1    0.98034    5.45077
       37/1    0.98108    5.44481
       38/1    0.98802    5.42120
       39/1    0.99392    5.42913
       40/1    0.98198    5.43697
       41/1    0.99468    5.44794
       42/1    0.97824    5.43960
       43/1    0.96775    5.43697
       44/1    0.98620    5.44799
       45/1    0.98731    5.44947
       46/1    0.98160    5.44291
       47/1    1.00323    5.43726
       48/1    0.98571    5.43993
       49/1    0.97393    5.43497
       50/1    0.98197    5.42605
       51/1    0.98400    5.42634
       52/1    0.97432    5.42667
       53/1    0.99847    5.43286
       54/1    0.98018    5.44240
       55/1    0.98078    5.43442
       56/1    1.00519    5.45052
       57/1    0.98313    5.43192
       58/1    0.99644    5.43148
       59/1    0.98544    5.42434
       60/1    0.98376    5.43962
       61/1    0.97962    5.41336
       62/1    0.98070    5.42475    0.98016 +/- 0.00054
       63/1    1.00145    5.44026    0.98726 +/- 0.00710
       64/1    0.99139    5.44488    0.98829 +/- 0.00513
       65/1    0.98737    5.44279    0.98811 +/- 0.00398
       66/1    0.97241    5.43852    0.98549 +/- 0.00417
       67/1    0.97891    5.43419    0.98455 +/- 0.00365
       68/1    0.98055    5.43517    0.98405 +/- 0.00320
       69/1    0.99459    5.43348    0.98522 +/- 0.00305
       70/1    0.98514    5.42921    0.98521 +/- 0.00273
       71/1    0.98066    5.45270    0.98480 +/- 0.00251
       72/1    0.97717    5.44330    0.98416 +/- 0.00237
       73/1    0.98505    5.45217    0.98423 +/- 0.00218
       74/1    0.97839    5.45388    0.98381 +/- 0.00207
       75/1    0.98336    5.45066    0.98378 +/- 0.00192
       76/1    0.98924    5.44907    0.98413 +/- 0.00183
       77/1    0.98637    5.42996    0.98426 +/- 0.00172
       78/1    0.98567    5.44118    0.98434 +/- 0.00163
       79/1    0.98895    5.42804    0.98458 +/- 0.00156
       80/1    0.99036    5.43055    0.98487 +/- 0.00151
       81/1    0.99572    5.43256    0.98538 +/- 0.00152
       82/1    0.97208    5.44031    0.98478 +/- 0.00157
       83/1    0.98421    5.45145    0.98475 +/- 0.00150
       84/1    0.98240    5.45480    0.98466 +/- 0.00144
       85/1    0.97996    5.45010    0.98447 +/- 0.00140
       86/1    0.98573    5.43694    0.98452 +/- 0.00134
       87/1    0.97837    5.43998    0.98429 +/- 0.00131
       88/1    0.99347    5.44366    0.98462 +/- 0.00131
       89/1    0.99539    5.45143    0.98499 +/- 0.00131
       90/1    0.97960    5.43999    0.98481 +/- 0.00128
       91/1    0.97704    5.44534    0.98456 +/- 0.00127
       92/1    0.98450    5.45754    0.98456 +/- 0.00122
       93/1    0.97708    5.45204    0.98433 +/- 0.00121
       94/1    0.98755    5.45255    0.98442 +/- 0.00118
       95/1    0.97886    5.45667    0.98427 +/- 0.00115
       96/1    0.97755    5.43081    0.98408 +/- 0.00114
       97/1    0.97865    5.43480    0.98393 +/- 0.00111
       98/1    0.97903    5.43194    0.98380 +/- 0.00109
       99/1    0.99261    5.43319    0.98403 +/- 0.00109
      100/1    0.97647    5.44766    0.98384 +/- 0.00108
      101/1    0.98772    5.44116    0.98393 +/- 0.00105
      102/1    0.97008    5.43859    0.98361 +/- 0.00108
      103/1    0.99557    5.43072    0.98388 +/- 0.00109
      104/1    0.99435    5.43212    0.98412 +/- 0.00109
      105/1    0.98974    5.44140    0.98425 +/- 0.00108
      106/1    0.97184    5.44928    0.98398 +/- 0.00109
      107/1    0.99464    5.44660    0.98420 +/- 0.00109
      108/1    0.97713    5.43212    0.98406 +/- 0.00107
      109/1    0.98184    5.43522    0.98401 +/- 0.00105
      110/1    0.98169    5.44558    0.98396 +/- 0.00103
      111/1    0.97831    5.44249    0.98385 +/- 0.00102
      112/1    0.99183    5.43091    0.98401 +/- 0.00101
      113/1    0.98064    5.45325    0.98394 +/- 0.00099
      114/1    0.99060    5.44854    0.98407 +/- 0.00098
      115/1    0.99629    5.45450    0.98429 +/- 0.00099
      116/1    0.97635    5.44015    0.98415 +/- 0.00098
      117/1    0.98381    5.45573    0.98414 +/- 0.00096
      118/1    0.98545    5.44255    0.98416 +/- 0.00095
      119/1    0.97623    5.44043    0.98403 +/- 0.00094
      120/1    0.99084    5.44729    0.98414 +/- 0.00093
      121/1    0.98035    5.45206    0.98408 +/- 0.00092
      122/1    0.98532    5.44478    0.98410 +/- 0.00090
      123/1    0.97511    5.44352    0.98396 +/- 0.00090
      124/1    1.00113    5.45090    0.98423 +/- 0.00093
      125/1    0.98654    5.43454    0.98426 +/- 0.00091
      126/1    0.97068    5.44431    0.98406 +/- 0.00092
      127/1    0.98772    5.43663    0.98411 +/- 0.00091
      128/1    0.98068    5.42322    0.98406 +/- 0.00090
      129/1    0.97239    5.43266    0.98389 +/- 0.00090
      130/1    0.96740    5.41989    0.98366 +/- 0.00092
      131/1    0.98807    5.43002    0.98372 +/- 0.00091
      132/1    0.99090    5.43440    0.98382 +/- 0.00090
      133/1    0.98473    5.44788    0.98383 +/- 0.00089
      134/1    0.98207    5.43753    0.98381 +/- 0.00088
      135/1    1.00069    5.43163    0.98403 +/- 0.00089
      136/1    0.96408    5.44803    0.98377 +/- 0.00092
      137/1    0.98812    5.44518    0.98383 +/- 0.00091
      138/1    0.98365    5.44333    0.98382 +/- 0.00090
      139/1    0.96848    5.45219    0.98363 +/- 0.00091
      140/1    0.98782    5.45265    0.98368 +/- 0.00090
      141/1    0.97770    5.44403    0.98361 +/- 0.00089
      142/1    0.96978    5.45075    0.98344 +/- 0.00089
      143/1    0.99138    5.43930    0.98353 +/- 0.00089
      144/1    0.98640    5.44343    0.98357 +/- 0.00088
      145/1    0.99099    5.43542    0.98366 +/- 0.00087
      146/1    0.98891    5.42942    0.98372 +/- 0.00087
      147/1    0.98601    5.43173    0.98374 +/- 0.00086
      148/1    0.99040    5.43899    0.98382 +/- 0.00085
      149/1    0.97524    5.45580    0.98372 +/- 0.00084
      150/1    0.98054    5.45969    0.98369 +/- 0.00084
      151/1    0.95704    5.45337    0.98339 +/- 0.00088
      152/1    0.97030    5.43870    0.98325 +/- 0.00088
      153/1    0.98212    5.44271    0.98324 +/- 0.00087
      154/1    0.99043    5.45648    0.98332 +/- 0.00086
      155/1    1.00986    5.43916    0.98360 +/- 0.00090
      156/1    0.96368    5.42702    0.98339 +/- 0.00091
      157/1    0.98553    5.43522    0.98341 +/- 0.00090
      158/1    1.00402    5.43556    0.98362 +/- 0.00092
      159/1    0.98515    5.42725    0.98364 +/- 0.00091
      160/1    0.99405    5.43134    0.98374 +/- 0.00091
 Creating state point statepoint.160.h5...

 =======================>     TIMING STATISTICS     <=======================

 Total time for initialization     = 0.0000e+00 seconds
   Reading cross sections          = 0.0000e+00 seconds
 Total time in simulation          = 3.7159e+02 seconds
   Time in transport only          = 3.7034e+02 seconds
   Time in inactive batches        = 1.0983e+02 seconds
   Time in active batches          = 2.6176e+02 seconds
   Time synchronizing fission bank = 2.8779e-01 seconds
     Sampling source sites         = 2.4832e-01 seconds
     SEND/RECV source sites        = 3.8726e-02 seconds
   Time accumulating tallies       = 6.5450e-01 seconds
   Time writing statepoints        = 1.4593e-02 seconds
 Total time for finalization       = 1.5293e-02 seconds
 Total time elapsed                = 3.7208e+02 seconds
 Calculation Rate (inactive)       = 10925.7 particles/second
 Calculation Rate (active)         = 7640.59 particles/second

 ============================>     RESULTS     <============================

 k-effective (Collision)     = 0.98501 +/- 0.00076
 k-effective (Track-length)  = 0.98374 +/- 0.00091
 k-effective (Absorption)    = 0.98517 +/- 0.00089
 Combined k-effective        = 0.98481 +/- 0.00073
 Leakage Fraction            = 0.00691 +/- 0.00006

 Creating state point openmc_simulation_n3.h5...
[openmc.deplete] t=64908045.77330504 s, dt=51926436.61864404 s, source=47715391.07417825
 Maximum neutron transport energy: 20000000 eV for H1
 Initializing source particles...

 ====================>     K EIGENVALUE SIMULATION     <====================

  Bat./Gen.      k       Entropy         Average k 
  =========   ========   ========   ====================
        1/1    0.93794    5.54147
        2/1    0.95896    5.51033
        3/1    0.96724    5.49190
        4/1    0.97176    5.47040
        5/1    1.00262    5.46304
        6/1    0.97827    5.45423
        7/1    0.98320    5.44462
        8/1    0.99579    5.43787
        9/1    0.99059    5.43700
       10/1    0.96980    5.45566
       11/1    0.98632    5.44114
       12/1    0.98254    5.42144
       13/1    1.01152    5.43322
       14/1    1.00626    5.42911
       15/1    1.00481    5.42303
       16/1    1.00444    5.42983
       17/1    0.98892    5.42391
       18/1    0.99173    5.41803
       19/1    1.01608    5.42554
       20/1    0.98353    5.42329
       21/1    1.00693    5.43469
       22/1    1.00095    5.39928
       23/1    0.98564    5.40358
       24/1    1.00570    5.41583
       25/1    0.98702    5.41474
       26/1    1.00016    5.41084
       27/1    1.00007    5.41570
       28/1    1.00138    5.41599
       29/1    0.98104    5.40757
       30/1    0.99986    5.42274
       31/1    1.01118    5.40591
       32/1    1.00456    5.41969
       33/1    1.00590    5.41157
       34/1    1.01141    5.41523
       35/1    1.00066    5.41675
       36/1    0.99442    5.42454
       37/1    1.00633    5.40555
       38/1    0.99777    5.41758
       39/1    0.99685    5.42588
       40/1    0.98929    5.42107
       41/1    0.99388    5.43501
       42/1    0.99273    5.42449
       43/1    0.99359    5.42447
       44/1    1.00974    5.41832
       45/1    0.99281    5.42372
       46/1    0.98830    5.41715
       47/1    0.99997    5.42355
       48/1    1.00541    5.42218
       49/1    0.99759    5.41665
       50/1    1.00233    5.42214
       51/1    1.00664    5.42060
       52/1    1.00709    5.43124
       53/1    1.00269    5.43924
       54/1    0.98961    5.44605
       55/1    0.99494    5.42776
       56/1    0.98821    5.45120
       57/1    0.98602    5.44711
       58/1    0.98476    5.43452
       59/1    0.98796    5.42504
       60/1    1.00470    5.42616
       61/1    1.01230    5.42435
       62/1    1.00514    5.41911    1.00872 +/- 0.00358
       63/1    1.00783    5.42525    1.00843 +/- 0.00209
       64/1    0.99897    5.44021    1.00606 +/- 0.00279
       65/1    0.99585    5.43837    1.00402 +/- 0.00297
       66/1    0.99192    5.43008    1.00200 +/- 0.00316
       67/1    0.99244    5.42098    1.00064 +/- 0.00300
       68/1    0.99349    5.41466    0.99974 +/- 0.00274
       69/1    1.00099    5.42692    0.99988 +/- 0.00242
       70/1    1.00386    5.42562    1.00028 +/- 0.00220
       71/1    1.01005    5.42275    1.00117 +/- 0.00218
       72/1    0.99930    5.40439    1.00101 +/- 0.00200
       73/1    0.99214    5.41074    1.00033 +/- 0.00196
       74/1    0.99372    5.41867    0.99986 +/- 0.00188
       75/1    1.00103    5.41610    0.99993 +/- 0.00175
       76/1    0.97844    5.42829    0.99859 +/- 0.00212
       77/1    0.98236    5.41469    0.99764 +/- 0.00221
       78/1    0.99806    5.41827    0.99766 +/- 0.00208
       79/1    0.97758    5.41070    0.99660 +/- 0.00223
       80/1    1.00037    5.40879    0.99679 +/- 0.00213
       81/1    0.99262    5.42142    0.99659 +/- 0.00203
       82/1    1.00704    5.42119    0.99707 +/- 0.00200
       83/1    0.97853    5.41770    0.99626 +/- 0.00207
       84/1    1.01125    5.43110    0.99689 +/- 0.00208
       85/1    1.00953    5.43757    0.99739 +/- 0.00206
       86/1    0.99309    5.42739    0.99723 +/- 0.00198
       87/1    0.98209    5.42293    0.99667 +/- 0.00199
       88/1    1.00914    5.42655    0.99711 +/- 0.00197
       89/1    1.00595    5.42864    0.99742 +/- 0.00192
       90/1    0.99586    5.43399    0.99736 +/- 0.00186
       91/1    1.00172    5.43874    0.99750 +/- 0.00180
       92/1    1.01568    5.43674    0.99807 +/- 0.00184
       93/1    0.99097    5.42556    0.99786 +/- 0.00179
       94/1    1.00256    5.42522    0.99800 +/- 0.00174
       95/1    1.00525    5.41118    0.99820 +/- 0.00171
       96/1    0.99076    5.41605    0.99800 +/- 0.00167
       97/1    0.98297    5.41431    0.99759 +/- 0.00167
       98/1    0.99403    5.41952    0.99750 +/- 0.00163
       99/1    1.01678    5.41217    0.99799 +/- 0.00167
      100/1    0.99021    5.41456    0.99780 +/- 0.00164
      101/1    0.99537    5.42264    0.99774 +/- 0.00160
      102/1    1.00449    5.41750    0.99790 +/- 0.00157
      103/1    0.99260    5.42989    0.99777 +/- 0.00153
      104/1    0.99344    5.42740    0.99768 +/- 0.00150
      105/1    1.00012    5.41342    0.99773 +/- 0.00147
      106/1    0.99796    5.40933    0.99774 +/- 0.00144
      107/1    0.99828    5.41359    0.99775 +/- 0.00141
      108/1    1.00429    5.42191    0.99788 +/- 0.00138
      109/1    1.00160    5.41201    0.99796 +/- 0.00136
      110/1    0.99762    5.42644    0.99795 +/- 0.00133
      111/1    0.99115    5.41818    0.99782 +/- 0.00131
      112/1    0.98894    5.40170    0.99765 +/- 0.00130
      113/1    1.00449    5.40486    0.99778 +/- 0.00128
      114/1    0.99980    5.40898    0.99782 +/- 0.00125
      115/1    0.99682    5.41217    0.99780 +/- 0.00123
      116/1    0.99711    5.40560    0.99778 +/- 0.00121
      117/1    1.00621    5.40885    0.99793 +/- 0.00120
      118/1    1.00836    5.41420    0.99811 +/- 0.00119
      119/1    0.99282    5.40815    0.99802 +/- 0.00117
      120/1    0.98906    5.40184    0.99787 +/- 0.00116
      121/1    0.98716    5.41369    0.99770 +/- 0.00116
      122/1    0.99666    5.42245    0.99768 +/- 0.00114
      123/1    0.98922    5.42591    0.99755 +/- 0.00113
      124/1    0.99913    5.43076    0.99757 +/- 0.00111
      125/1    1.00702    5.43358    0.99772 +/- 0.00110
      126/1    0.99319    5.42450    0.99765 +/- 0.00109
      127/1    0.99691    5.42877    0.99764 +/- 0.00107
      128/1    1.00774    5.41261    0.99779 +/- 0.00107
      129/1    0.99415    5.40452    0.99773 +/- 0.00105
      130/1    0.98510    5.41480    0.99755 +/- 0.00105
      131/1    0.99966    5.41959    0.99758 +/- 0.00104
      132/1    1.00058    5.42504    0.99762 +/- 0.00102
      133/1    0.98378    5.43882    0.99743 +/- 0.00103
      134/1    1.00582    5.44386    0.99755 +/- 0.00102
      135/1    0.99742    5.44310    0.99755 +/- 0.00101
      136/1    0.99517    5.44398    0.99751 +/- 0.00099
      137/1    0.99059    5.43112    0.99742 +/- 0.00098
      138/1    0.99555    5.41972    0.99740 +/- 0.00097
      139/1    1.02022    5.44095    0.99769 +/- 0.00100
      140/1    1.00869    5.42232    0.99783 +/- 0.00100
      141/1    0.99374    5.43900    0.99778 +/- 0.00099
      142/1    1.00309    5.41598    0.99784 +/- 0.00098
      143/1    0.99702    5.43160    0.99783 +/- 0.00097
      144/1    0.99355    5.43384    0.99778 +/- 0.00096
      145/1    0.99275    5.43128    0.99772 +/- 0.00095
      146/1    0.99676    5.42426    0.99771 +/- 0.00094
      147/1    0.99182    5.42119    0.99764 +/- 0.00093
      148/1    1.00317    5.42072    0.99771 +/- 0.00092
      149/1    0.99740    5.39868    0.99770 +/- 0.00091
      150/1    0.98433    5.41668    0.99755 +/- 0.00091
      151/1    1.01632    5.40869    0.99776 +/- 0.00092
      152/1    0.98619    5.41106    0.99763 +/- 0.00092
      153/1    1.00857    5.40915    0.99775 +/- 0.00092
      154/1    0.99525    5.41634    0.99772 +/- 0.00091
      155/1    1.00928    5.42899    0.99785 +/- 0.00091
      156/1    0.98580    5.41958    0.99772 +/- 0.00091
      157/1    1.01094    5.41476    0.99786 +/- 0.00091
      158/1    1.00679    5.42132    0.99795 +/- 0.00090
      159/1    0.99546    5.43243    0.99792 +/- 0.00090
      160/1    0.99674    5.43390    0.99791 +/- 0.00089
 Creating state point statepoint.160.h5...

 =======================>     TIMING STATISTICS     <=======================

 Total time for initialization     = 0.0000e+00 seconds
   Reading cross sections          = 0.0000e+00 seconds
 Total time in simulation          = 3.7667e+02 seconds
   Time in transport only          = 3.7545e+02 seconds
   Time in inactive batches        = 1.1199e+02 seconds
   Time in active batches          = 2.6467e+02 seconds
   Time synchronizing fission bank = 2.8748e-01 seconds
     Sampling source sites         = 2.4754e-01 seconds
     SEND/RECV source sites        = 3.9181e-02 seconds
   Time accumulating tallies       = 6.4901e-01 seconds
   Time writing statepoints        = 1.9919e-02 seconds
 Total time for finalization       = 1.9191e-02 seconds
 Total time elapsed                = 3.7716e+02 seconds
 Calculation Rate (inactive)       = 10715.1 particles/second
 Calculation Rate (active)         = 7556.46 particles/second

 ============================>     RESULTS     <============================

 k-effective (Collision)     = 0.99787 +/- 0.00073
 k-effective (Track-length)  = 0.99791 +/- 0.00089
 k-effective (Absorption)    = 0.99687 +/- 0.00076
 Combined k-effective        = 0.99741 +/- 0.00063
 Leakage Fraction            = 0.00653 +/- 0.00005

 Creating state point openmc_simulation_n4.h5...
[openmc.deplete] t=116834482.39194909 (final operator evaluation)
 Maximum neutron transport energy: 20000000 eV for H1
 Initializing source particles...

 ====================>     K EIGENVALUE SIMULATION     <====================

  Bat./Gen.      k       Entropy         Average k 
  =========   ========   ========   ====================
        1/1    0.94673    5.54768
        2/1    0.95872    5.51302
        3/1    0.94694    5.49675
        4/1    0.96483    5.47693
        5/1    0.98517    5.47036
        6/1    0.95902    5.46693
        7/1    0.96436    5.45505
        8/1    0.98515    5.45870
        9/1    0.97340    5.45064
       10/1    0.96824    5.45392
       11/1    0.98738    5.45270
       12/1    0.98343    5.45060
       13/1    0.96178    5.46832
       14/1    0.97748    5.45691
       15/1    0.98910    5.44062
       16/1    0.97031    5.43921
       17/1    0.98698    5.43439
       18/1    0.98237    5.43179
       19/1    0.98014    5.45333
       20/1    0.98718    5.44554
       21/1    0.97847    5.44557
       22/1    0.98793    5.43574
       23/1    0.97801    5.44902
       24/1    0.97373    5.46029
       25/1    0.97799    5.46075
       26/1    0.97917    5.46105
       27/1    0.98648    5.45741
       28/1    0.97628    5.45609
       29/1    0.98634    5.47469
       30/1    0.96901    5.47187
       31/1    0.98375    5.45704
       32/1    0.97200    5.47411
       33/1    0.97560    5.46478
       34/1    0.96858    5.45995
       35/1    0.98394    5.45585
       36/1    0.97533    5.44992
       37/1    0.97967    5.45836
       38/1    0.97994    5.45489
       39/1    0.99112    5.46375
       40/1    1.00104    5.45652
       41/1    0.97782    5.46732
       42/1    0.98922    5.47337
       43/1    0.97889    5.45444
       44/1    0.97872    5.45468
       45/1    0.96816    5.46402
       46/1    0.99002    5.45453
       47/1    0.97653    5.46280
       48/1    0.99028    5.45807
       49/1    0.97850    5.46212
       50/1    0.97891    5.47027
       51/1    0.97354    5.45509
       52/1    0.97563    5.43896
       53/1    0.99213    5.45180
       54/1    0.99521    5.46397
       55/1    0.97835    5.44994
       56/1    0.97504    5.44863
       57/1    0.97450    5.44733
       58/1    0.97817    5.44110
       59/1    0.97564    5.44316
       60/1    0.97683    5.44898
       61/1    1.00033    5.43504
       62/1    0.97288    5.45214    0.98661 +/- 0.01373
       63/1    0.98262    5.45635    0.98528 +/- 0.00804
       64/1    0.97725    5.44267    0.98327 +/- 0.00603
       65/1    0.97314    5.45339    0.98124 +/- 0.00509
       66/1    0.96940    5.44582    0.97927 +/- 0.00460
       67/1    0.97689    5.46638    0.97893 +/- 0.00390
       68/1    0.97135    5.45207    0.97798 +/- 0.00351
       69/1    0.96835    5.45291    0.97691 +/- 0.00328
       70/1    0.98706    5.44912    0.97793 +/- 0.00310
       71/1    0.99241    5.45251    0.97924 +/- 0.00310
       72/1    0.95552    5.45102    0.97727 +/- 0.00345
       73/1    0.98025    5.43778    0.97750 +/- 0.00318
       74/1    0.98618    5.45632    0.97812 +/- 0.00301
       75/1    0.98444    5.44762    0.97854 +/- 0.00283
       76/1    0.96407    5.43639    0.97763 +/- 0.00280
       77/1    0.96859    5.43896    0.97710 +/- 0.00268
       78/1    0.97871    5.43320    0.97719 +/- 0.00253
       79/1    0.98055    5.44189    0.97737 +/- 0.00240
       80/1    0.97178    5.44481    0.97709 +/- 0.00230
       81/1    0.95740    5.44142    0.97615 +/- 0.00238
       82/1    0.98570    5.44733    0.97658 +/- 0.00231
       83/1    0.97255    5.43812    0.97641 +/- 0.00221
       84/1    0.98124    5.44270    0.97661 +/- 0.00213
       85/1    0.96045    5.44721    0.97596 +/- 0.00214
       86/1    0.98366    5.45990    0.97626 +/- 0.00208
       87/1    0.98889    5.46199    0.97673 +/- 0.00205
       88/1    0.98462    5.43840    0.97701 +/- 0.00200
       89/1    0.96486    5.44840    0.97659 +/- 0.00197
       90/1    0.98683    5.43735    0.97693 +/- 0.00194
       91/1    0.98456    5.43412    0.97718 +/- 0.00189
       92/1    0.99077    5.43870    0.97760 +/- 0.00188
       93/1    0.97874    5.44464    0.97764 +/- 0.00182
       94/1    0.97058    5.42959    0.97743 +/- 0.00178
       95/1    0.97831    5.44081    0.97745 +/- 0.00173
       96/1    0.97230    5.43508    0.97731 +/- 0.00168
       97/1    0.98872    5.45990    0.97762 +/- 0.00167
       98/1    0.97901    5.45176    0.97766 +/- 0.00162
       99/1    0.97686    5.45267    0.97764 +/- 0.00158
      100/1    0.98034    5.45884    0.97770 +/- 0.00154
      101/1    0.99868    5.45168    0.97821 +/- 0.00159
      102/1    0.99106    5.45443    0.97852 +/- 0.00158
      103/1    0.97454    5.44873    0.97843 +/- 0.00155
      104/1    0.96696    5.46401    0.97817 +/- 0.00153
      105/1    0.98446    5.45904    0.97831 +/- 0.00150
      106/1    0.97886    5.45622    0.97832 +/- 0.00147
      107/1    0.99041    5.43919    0.97858 +/- 0.00146
      108/1    0.96974    5.44986    0.97839 +/- 0.00144
      109/1    0.96495    5.43966    0.97812 +/- 0.00144
      110/1    0.98472    5.44096    0.97825 +/- 0.00142
      111/1    0.97998    5.42890    0.97828 +/- 0.00139
      112/1    0.95999    5.45190    0.97793 +/- 0.00141
      113/1    0.98273    5.45377    0.97802 +/- 0.00138
      114/1    0.99044    5.45175    0.97825 +/- 0.00138
      115/1    0.97987    5.45592    0.97828 +/- 0.00135
      116/1    0.98836    5.44588    0.97846 +/- 0.00134
      117/1    0.96062    5.44879    0.97815 +/- 0.00135
      118/1    0.98829    5.46889    0.97832 +/- 0.00134
      119/1    0.98296    5.46292    0.97840 +/- 0.00132
      120/1    0.98101    5.45621    0.97845 +/- 0.00130
      121/1    0.99429    5.45832    0.97871 +/- 0.00130
      122/1    0.97892    5.44779    0.97871 +/- 0.00128
      123/1    0.97595    5.45071    0.97867 +/- 0.00126
      124/1    0.97207    5.45512    0.97856 +/- 0.00125
      125/1    0.99011    5.44665    0.97874 +/- 0.00124
      126/1    0.99824    5.44558    0.97904 +/- 0.00126
      127/1    0.97762    5.43860    0.97901 +/- 0.00124
      128/1    0.98910    5.45319    0.97916 +/- 0.00123
      129/1    0.96767    5.45489    0.97900 +/- 0.00122
      130/1    0.98938    5.45222    0.97914 +/- 0.00121
      131/1    1.00151    5.44764    0.97946 +/- 0.00124
      132/1    0.96826    5.44125    0.97930 +/- 0.00123
      133/1    0.96700    5.44925    0.97914 +/- 0.00122
      134/1    0.97237    5.43978    0.97904 +/- 0.00121
      135/1    0.97758    5.43725    0.97902 +/- 0.00120
      136/1    0.98924    5.45308    0.97916 +/- 0.00119
      137/1    0.98445    5.44409    0.97923 +/- 0.00117
      138/1    0.97384    5.44340    0.97916 +/- 0.00116
      139/1    0.97292    5.45773    0.97908 +/- 0.00115
      140/1    0.98488    5.45421    0.97915 +/- 0.00114
      141/1    0.96828    5.46480    0.97902 +/- 0.00113
      142/1    0.97163    5.45478    0.97893 +/- 0.00112
      143/1    0.97565    5.45969    0.97889 +/- 0.00111
      144/1    0.97639    5.45469    0.97886 +/- 0.00109
      145/1    0.97731    5.46450    0.97884 +/- 0.00108
      146/1    0.98112    5.46639    0.97887 +/- 0.00107
      147/1    0.96773    5.46201    0.97874 +/- 0.00106
      148/1    0.98073    5.44896    0.97876 +/- 0.00105
      149/1    0.97533    5.46731    0.97872 +/- 0.00104
      150/1    0.99827    5.45205    0.97894 +/- 0.00105
      151/1    0.97456    5.45039    0.97889 +/- 0.00104
      152/1    0.98765    5.46947    0.97899 +/- 0.00103
      153/1    0.98295    5.46827    0.97903 +/- 0.00102
      154/1    0.97595    5.46654    0.97900 +/- 0.00101
      155/1    0.97871    5.45905    0.97899 +/- 0.00100
      156/1    0.98318    5.46149    0.97904 +/- 0.00099
      157/1    0.97418    5.45170    0.97899 +/- 0.00098
      158/1    0.97397    5.44982    0.97894 +/- 0.00098
      159/1    0.97800    5.47564    0.97893 +/- 0.00097
      160/1    0.96923    5.46421    0.97883 +/- 0.00096
 Creating state point statepoint.160.h5...

 =======================>     TIMING STATISTICS     <=======================

 Total time for initialization     = 0.0000e+00 seconds
   Reading cross sections          = 0.0000e+00 seconds
 Total time in simulation          = 3.7989e+02 seconds
   Time in transport only          = 3.7872e+02 seconds
   Time in inactive batches        = 1.1502e+02 seconds
   Time in active batches          = 2.6487e+02 seconds
   Time synchronizing fission bank = 2.8028e-01 seconds
     Sampling source sites         = 2.4329e-01 seconds
     SEND/RECV source sites        = 3.6220e-02 seconds
   Time accumulating tallies       = 6.3438e-01 seconds
   Time writing statepoints        = 1.5946e-02 seconds
 Total time for finalization       = 1.0492e-02 seconds
 Total time elapsed                = 3.8039e+02 seconds
 Calculation Rate (inactive)       = 10433.1 particles/second
 Calculation Rate (active)         = 7550.89 particles/second

 ============================>     RESULTS     <============================

 k-effective (Collision)     = 0.97770 +/- 0.00071
 k-effective (Track-length)  = 0.97883 +/- 0.00096
 k-effective (Absorption)    = 0.97870 +/- 0.00066
 Combined k-effective        = 0.97816 +/- 0.00060
 Leakage Fraction            = 0.00720 +/- 0.00006

 Creating state point openmc_simulation_n5.h5...
      k(BOL) 0.99744 x ratio 0.96972 -> end of cycle at k = 0.96723
      state 0: B   0.00 MWd/kgHM  k 0.99744  (target)
      state 1: B   0.50 MWd/kgHM  k 0.97806
      state 2: B   1.50 MWd/kgHM  k 0.98022
      state 3: B   3.50 MWd/kgHM  k 0.98481
      state 4: B   7.50 MWd/kgHM  k 0.99741
      state 5: B  13.50 MWd/kgHM  k 0.97816
                                %%%%%%%%%%%%%%%
                           %%%%%%%%%%%%%%%%%%%%%%%%
                        %%%%%%%%%%%%%%%%%%%%%%%%%%%%%%
                      %%%%%%%%%%%%%%%%%%%%%%%%%%%%%%%%%%
                    %%%%%%%%%%%%%%%%%%%%%%%%%%%%%%%%%%%%%%
                   %%%%%%%%%%%%%%%%%%%%%%%%%%%%%%%%%%%%%%%%
                                    %%%%%%%%%%%%%%%%%%%%%%%%
                                     %%%%%%%%%%%%%%%%%%%%%%%%
                 ###############      %%%%%%%%%%%%%%%%%%%%%%%%
                ##################     %%%%%%%%%%%%%%%%%%%%%%%
                ###################     %%%%%%%%%%%%%%%%%%%%%%%
                ####################     %%%%%%%%%%%%%%%%%%%%%%
                #####################     %%%%%%%%%%%%%%%%%%%%%
                ######################     %%%%%%%%%%%%%%%%%%%%
                #######################     %%%%%%%%%%%%%%%%%%
                 #######################     %%%%%%%%%%%%%%%%%
                 ######################     %%%%%%%%%%%%%%%%%
                  ####################     %%%%%%%%%%%%%%%%%
                    #################     %%%%%%%%%%%%%%%%%
                     ###############     %%%%%%%%%%%%%%%%
                       ############     %%%%%%%%%%%%%%%
                          ########     %%%%%%%%%%%%%%
                                      %%%%%%%%%%%

                 | The OpenMC Monte Carlo Code
       Copyright | 2011-2025 MIT, UChicago Argonne LLC, and contributors
         License | https://docs.openmc.org/en/latest/license.html
         Version | 0.15.3
     Commit Hash | 27e38e894697bb32a1dac7848d2618818b6b8daf
       Date/Time | 2026-09-23 18:02:36
   MPI Processes | 1
  OpenMP Threads | 64

 Reading settings XML file...
 Reading cross sections XML file...
 Reading chain file: /home/diogo/openmc_data/chain_endfb71_pwr.xml...
 Reading materials XML file...
 Reading geometry XML file...
 Reading H1 from /home/diogo/openmc_data/endfb-vii.1-hdf5/neutron/H1.h5
 Reading H2 from /home/diogo/openmc_data/endfb-vii.1-hdf5/neutron/H2.h5
 Reading B10 from /home/diogo/openmc_data/endfb-vii.1-hdf5/neutron/B10.h5
 Reading B11 from /home/diogo/openmc_data/endfb-vii.1-hdf5/neutron/B11.h5
 Reading O16 from /home/diogo/openmc_data/endfb-vii.1-hdf5/neutron/O16.h5
 Reading O17 from /home/diogo/openmc_data/endfb-vii.1-hdf5/neutron/O17.h5
 Reading Cr50 from /home/diogo/openmc_data/endfb-vii.1-hdf5/neutron/Cr50.h5
 Reading Cr52 from /home/diogo/openmc_data/endfb-vii.1-hdf5/neutron/Cr52.h5
 Reading Cr53 from /home/diogo/openmc_data/endfb-vii.1-hdf5/neutron/Cr53.h5
 Reading Cr54 from /home/diogo/openmc_data/endfb-vii.1-hdf5/neutron/Cr54.h5
 Reading Mn55 from /home/diogo/openmc_data/endfb-vii.1-hdf5/neutron/Mn55.h5
 Reading Fe54 from /home/diogo/openmc_data/endfb-vii.1-hdf5/neutron/Fe54.h5
 Reading Fe56 from /home/diogo/openmc_data/endfb-vii.1-hdf5/neutron/Fe56.h5
 Reading Fe57 from /home/diogo/openmc_data/endfb-vii.1-hdf5/neutron/Fe57.h5
 Reading Fe58 from /home/diogo/openmc_data/endfb-vii.1-hdf5/neutron/Fe58.h5
 Reading Ni58 from /home/diogo/openmc_data/endfb-vii.1-hdf5/neutron/Ni58.h5
 Reading Ni60 from /home/diogo/openmc_data/endfb-vii.1-hdf5/neutron/Ni60.h5
 Reading Ni61 from /home/diogo/openmc_data/endfb-vii.1-hdf5/neutron/Ni61.h5
 Reading Ni62 from /home/diogo/openmc_data/endfb-vii.1-hdf5/neutron/Ni62.h5
 Reading Ni64 from /home/diogo/openmc_data/endfb-vii.1-hdf5/neutron/Ni64.h5
 Reading Zr90 from /home/diogo/openmc_data/endfb-vii.1-hdf5/neutron/Zr90.h5
 Reading Zr91 from /home/diogo/openmc_data/endfb-vii.1-hdf5/neutron/Zr91.h5
 Reading Zr92 from /home/diogo/openmc_data/endfb-vii.1-hdf5/neutron/Zr92.h5
 Reading Zr94 from /home/diogo/openmc_data/endfb-vii.1-hdf5/neutron/Zr94.h5
 Reading Zr96 from /home/diogo/openmc_data/endfb-vii.1-hdf5/neutron/Zr96.h5
 Reading Sn112 from /home/diogo/openmc_data/endfb-vii.1-hdf5/neutron/Sn112.h5
 Reading Sn114 from /home/diogo/openmc_data/endfb-vii.1-hdf5/neutron/Sn114.h5
 Reading Sn115 from /home/diogo/openmc_data/endfb-vii.1-hdf5/neutron/Sn115.h5
 Reading Sn116 from /home/diogo/openmc_data/endfb-vii.1-hdf5/neutron/Sn116.h5
 Reading Sn117 from /home/diogo/openmc_data/endfb-vii.1-hdf5/neutron/Sn117.h5
 Reading Sn118 from /home/diogo/openmc_data/endfb-vii.1-hdf5/neutron/Sn118.h5
 Reading Sn119 from /home/diogo/openmc_data/endfb-vii.1-hdf5/neutron/Sn119.h5
 Reading Sn120 from /home/diogo/openmc_data/endfb-vii.1-hdf5/neutron/Sn120.h5
 Reading Sn122 from /home/diogo/openmc_data/endfb-vii.1-hdf5/neutron/Sn122.h5
 Reading Sn124 from /home/diogo/openmc_data/endfb-vii.1-hdf5/neutron/Sn124.h5
 Reading He3 from /home/diogo/openmc_data/endfb-vii.1-hdf5/neutron/He3.h5
 Reading He4 from /home/diogo/openmc_data/endfb-vii.1-hdf5/neutron/He4.h5
 Reading U234 from /home/diogo/openmc_data/endfb-vii.1-hdf5/neutron/U234.h5
 Reading U235 from /home/diogo/openmc_data/endfb-vii.1-hdf5/neutron/U235.h5
 Reading U238 from /home/diogo/openmc_data/endfb-vii.1-hdf5/neutron/U238.h5
 Reading Gd152 from /home/diogo/openmc_data/endfb-vii.1-hdf5/neutron/Gd152.h5
 Reading Gd154 from /home/diogo/openmc_data/endfb-vii.1-hdf5/neutron/Gd154.h5
 Reading Gd155 from /home/diogo/openmc_data/endfb-vii.1-hdf5/neutron/Gd155.h5
 Reading Gd156 from /home/diogo/openmc_data/endfb-vii.1-hdf5/neutron/Gd156.h5
 Reading Gd157 from /home/diogo/openmc_data/endfb-vii.1-hdf5/neutron/Gd157.h5
 Reading Gd158 from /home/diogo/openmc_data/endfb-vii.1-hdf5/neutron/Gd158.h5
 Reading Gd160 from /home/diogo/openmc_data/endfb-vii.1-hdf5/neutron/Gd160.h5
 Reading Si28 from /home/diogo/openmc_data/endfb-vii.1-hdf5/neutron/Si28.h5
 Reading Si29 from /home/diogo/openmc_data/endfb-vii.1-hdf5/neutron/Si29.h5
 Reading Si30 from /home/diogo/openmc_data/endfb-vii.1-hdf5/neutron/Si30.h5
 Reading Ag107 from /home/diogo/openmc_data/endfb-vii.1-hdf5/neutron/Ag107.h5
 Reading Ag109 from /home/diogo/openmc_data/endfb-vii.1-hdf5/neutron/Ag109.h5
 Reading Cd106 from /home/diogo/openmc_data/endfb-vii.1-hdf5/neutron/Cd106.h5
 WARNING: Negative value(s) found on probability table for nuclide Cd106 at 294K
 WARNING: Negative value(s) found on probability table for nuclide Cd106 at 600K
 WARNING: Negative value(s) found on probability table for nuclide Cd106 at 900K
 WARNING: Negative value(s) found on probability table for nuclide Cd106 at
          1200K
 WARNING: Negative value(s) found on probability table for nuclide Cd106 at
          2500K
 Reading Cd108 from /home/diogo/openmc_data/endfb-vii.1-hdf5/neutron/Cd108.h5
 Reading Cd110 from /home/diogo/openmc_data/endfb-vii.1-hdf5/neutron/Cd110.h5
 Reading Cd111 from /home/diogo/openmc_data/endfb-vii.1-hdf5/neutron/Cd111.h5
 Reading Cd112 from /home/diogo/openmc_data/endfb-vii.1-hdf5/neutron/Cd112.h5
 Reading Cd113 from /home/diogo/openmc_data/endfb-vii.1-hdf5/neutron/Cd113.h5
 Reading Cd114 from /home/diogo/openmc_data/endfb-vii.1-hdf5/neutron/Cd114.h5
 Reading Cd116 from /home/diogo/openmc_data/endfb-vii.1-hdf5/neutron/Cd116.h5
 Reading In113 from /home/diogo/openmc_data/endfb-vii.1-hdf5/neutron/In113.h5
 Reading In115 from /home/diogo/openmc_data/endfb-vii.1-hdf5/neutron/In115.h5
 Reading c_H_in_H2O from
 /home/diogo/openmc_data/endfb-vii.1-hdf5/neutron/c_H_in_H2O.h5
 Minimum neutron data temperature: 0 K
 Maximum neutron data temperature: 1.7976931348623157e+308 K
 Reading tallies XML file...
 Preparing distributed cell instances...
 Reading plot XML file...
 Writing summary.h5 file...
[openmc.deplete] t=116834482.39194909 s, dt=34617624.412429355 s, source=47715391.07417825
[openmc.deplete] t=151452106.80437845 s, dt=34617624.412429355 s, source=47715391.07417825
 Reading H3 from /home/diogo/openmc_data/endfb-vii.1-hdf5/neutron/H3.h5
 Reading Li6 from /home/diogo/openmc_data/endfb-vii.1-hdf5/neutron/Li6.h5
 Reading Li7 from /home/diogo/openmc_data/endfb-vii.1-hdf5/neutron/Li7.h5
 Reading N14 from /home/diogo/openmc_data/endfb-vii.1-hdf5/neutron/N14.h5
 Reading N15 from /home/diogo/openmc_data/endfb-vii.1-hdf5/neutron/N15.h5
 Reading F19 from /home/diogo/openmc_data/endfb-vii.1-hdf5/neutron/F19.h5
 Reading Na22 from /home/diogo/openmc_data/endfb-vii.1-hdf5/neutron/Na22.h5
 WARNING: Negative value(s) found on probability table for nuclide Na22 at 250K
 WARNING: Negative value(s) found on probability table for nuclide Na22 at 294K
 WARNING: Negative value(s) found on probability table for nuclide Na22 at 600K
 WARNING: Negative value(s) found on probability table for nuclide Na22 at 900K
 WARNING: Negative value(s) found on probability table for nuclide Na22 at 1200K
 WARNING: Negative value(s) found on probability table for nuclide Na22 at 2500K
 Reading Na23 from /home/diogo/openmc_data/endfb-vii.1-hdf5/neutron/Na23.h5
 Reading Mg24 from /home/diogo/openmc_data/endfb-vii.1-hdf5/neutron/Mg24.h5
 Reading Mg25 from /home/diogo/openmc_data/endfb-vii.1-hdf5/neutron/Mg25.h5
 Reading Mg26 from /home/diogo/openmc_data/endfb-vii.1-hdf5/neutron/Mg26.h5
 Reading Al27 from /home/diogo/openmc_data/endfb-vii.1-hdf5/neutron/Al27.h5
 Reading P31 from /home/diogo/openmc_data/endfb-vii.1-hdf5/neutron/P31.h5
 Reading S32 from /home/diogo/openmc_data/endfb-vii.1-hdf5/neutron/S32.h5
 Reading S33 from /home/diogo/openmc_data/endfb-vii.1-hdf5/neutron/S33.h5
 Reading S34 from /home/diogo/openmc_data/endfb-vii.1-hdf5/neutron/S34.h5
 Reading S36 from /home/diogo/openmc_data/endfb-vii.1-hdf5/neutron/S36.h5
 Reading Cl35 from /home/diogo/openmc_data/endfb-vii.1-hdf5/neutron/Cl35.h5
 Reading Cl37 from /home/diogo/openmc_data/endfb-vii.1-hdf5/neutron/Cl37.h5
 Reading Ar36 from /home/diogo/openmc_data/endfb-vii.1-hdf5/neutron/Ar36.h5
 WARNING: Negative value(s) found on probability table for nuclide Ar36 at 250K
 WARNING: Negative value(s) found on probability table for nuclide Ar36 at 294K
 WARNING: Negative value(s) found on probability table for nuclide Ar36 at 600K
 WARNING: Negative value(s) found on probability table for nuclide Ar36 at 900K
 WARNING: Negative value(s) found on probability table for nuclide Ar36 at 1200K
 WARNING: Negative value(s) found on probability table for nuclide Ar36 at 2500K
 Reading Ar38 from /home/diogo/openmc_data/endfb-vii.1-hdf5/neutron/Ar38.h5
 Reading Ar40 from /home/diogo/openmc_data/endfb-vii.1-hdf5/neutron/Ar40.h5
 Reading K39 from /home/diogo/openmc_data/endfb-vii.1-hdf5/neutron/K39.h5
 Reading K40 from /home/diogo/openmc_data/endfb-vii.1-hdf5/neutron/K40.h5
 Reading K41 from /home/diogo/openmc_data/endfb-vii.1-hdf5/neutron/K41.h5
 Reading Ca40 from /home/diogo/openmc_data/endfb-vii.1-hdf5/neutron/Ca40.h5
 Reading Ca42 from /home/diogo/openmc_data/endfb-vii.1-hdf5/neutron/Ca42.h5
 Reading Ca43 from /home/diogo/openmc_data/endfb-vii.1-hdf5/neutron/Ca43.h5
 Reading Ca44 from /home/diogo/openmc_data/endfb-vii.1-hdf5/neutron/Ca44.h5
 Reading Ca46 from /home/diogo/openmc_data/endfb-vii.1-hdf5/neutron/Ca46.h5
 Reading Sc45 from /home/diogo/openmc_data/endfb-vii.1-hdf5/neutron/Sc45.h5
 Reading Ti46 from /home/diogo/openmc_data/endfb-vii.1-hdf5/neutron/Ti46.h5
 Reading Ti47 from /home/diogo/openmc_data/endfb-vii.1-hdf5/neutron/Ti47.h5
 Reading Ti48 from /home/diogo/openmc_data/endfb-vii.1-hdf5/neutron/Ti48.h5
 Reading Ti49 from /home/diogo/openmc_data/endfb-vii.1-hdf5/neutron/Ti49.h5
 Reading Ti50 from /home/diogo/openmc_data/endfb-vii.1-hdf5/neutron/Ti50.h5
 Reading V50 from /home/diogo/openmc_data/endfb-vii.1-hdf5/neutron/V50.h5
 Reading V51 from /home/diogo/openmc_data/endfb-vii.1-hdf5/neutron/V51.h5
 Reading Co58 from /home/diogo/openmc_data/endfb-vii.1-hdf5/neutron/Co58.h5
 Reading Co59 from /home/diogo/openmc_data/endfb-vii.1-hdf5/neutron/Co59.h5
 Reading Ni59 from /home/diogo/openmc_data/endfb-vii.1-hdf5/neutron/Ni59.h5
 Reading Cu63 from /home/diogo/openmc_data/endfb-vii.1-hdf5/neutron/Cu63.h5
 Reading Cu65 from /home/diogo/openmc_data/endfb-vii.1-hdf5/neutron/Cu65.h5
 Reading Zn64 from /home/diogo/openmc_data/endfb-vii.1-hdf5/neutron/Zn64.h5
 Reading Zn65 from /home/diogo/openmc_data/endfb-vii.1-hdf5/neutron/Zn65.h5
 Reading Zn66 from /home/diogo/openmc_data/endfb-vii.1-hdf5/neutron/Zn66.h5
 Reading Zn67 from /home/diogo/openmc_data/endfb-vii.1-hdf5/neutron/Zn67.h5
 Reading Zn68 from /home/diogo/openmc_data/endfb-vii.1-hdf5/neutron/Zn68.h5
 Reading Zn70 from /home/diogo/openmc_data/endfb-vii.1-hdf5/neutron/Zn70.h5
 Reading Ga69 from /home/diogo/openmc_data/endfb-vii.1-hdf5/neutron/Ga69.h5
 Reading Ga71 from /home/diogo/openmc_data/endfb-vii.1-hdf5/neutron/Ga71.h5
 Reading Ge70 from /home/diogo/openmc_data/endfb-vii.1-hdf5/neutron/Ge70.h5
 Reading Ge72 from /home/diogo/openmc_data/endfb-vii.1-hdf5/neutron/Ge72.h5
 Reading Ge73 from /home/diogo/openmc_data/endfb-vii.1-hdf5/neutron/Ge73.h5
 Reading Ge74 from /home/diogo/openmc_data/endfb-vii.1-hdf5/neutron/Ge74.h5
 Reading Ge76 from /home/diogo/openmc_data/endfb-vii.1-hdf5/neutron/Ge76.h5
 Reading As74 from /home/diogo/openmc_data/endfb-vii.1-hdf5/neutron/As74.h5
 Reading As75 from /home/diogo/openmc_data/endfb-vii.1-hdf5/neutron/As75.h5
 Reading Se74 from /home/diogo/openmc_data/endfb-vii.1-hdf5/neutron/Se74.h5
 Reading Se76 from /home/diogo/openmc_data/endfb-vii.1-hdf5/neutron/Se76.h5
 Reading Se77 from /home/diogo/openmc_data/endfb-vii.1-hdf5/neutron/Se77.h5
 Reading Se78 from /home/diogo/openmc_data/endfb-vii.1-hdf5/neutron/Se78.h5
 Reading Se79 from /home/diogo/openmc_data/endfb-vii.1-hdf5/neutron/Se79.h5
 WARNING: Negative value(s) found on probability table for nuclide Se79 at 250K
 WARNING: Negative value(s) found on probability table for nuclide Se79 at 294K
 WARNING: Negative value(s) found on probability table for nuclide Se79 at 600K
 WARNING: Negative value(s) found on probability table for nuclide Se79 at 900K
 WARNING: Negative value(s) found on probability table for nuclide Se79 at 1200K
 Reading Se80 from /home/diogo/openmc_data/endfb-vii.1-hdf5/neutron/Se80.h5
 Reading Se82 from /home/diogo/openmc_data/endfb-vii.1-hdf5/neutron/Se82.h5
 Reading Br79 from /home/diogo/openmc_data/endfb-vii.1-hdf5/neutron/Br79.h5
 Reading Br81 from /home/diogo/openmc_data/endfb-vii.1-hdf5/neutron/Br81.h5
 Reading Kr78 from /home/diogo/openmc_data/endfb-vii.1-hdf5/neutron/Kr78.h5
 Reading Kr80 from /home/diogo/openmc_data/endfb-vii.1-hdf5/neutron/Kr80.h5
 Reading Kr82 from /home/diogo/openmc_data/endfb-vii.1-hdf5/neutron/Kr82.h5
 Reading Kr83 from /home/diogo/openmc_data/endfb-vii.1-hdf5/neutron/Kr83.h5
 Reading Kr84 from /home/diogo/openmc_data/endfb-vii.1-hdf5/neutron/Kr84.h5
 Reading Kr85 from /home/diogo/openmc_data/endfb-vii.1-hdf5/neutron/Kr85.h5
 Reading Kr86 from /home/diogo/openmc_data/endfb-vii.1-hdf5/neutron/Kr86.h5
 Reading Rb85 from /home/diogo/openmc_data/endfb-vii.1-hdf5/neutron/Rb85.h5
 Reading Rb86 from /home/diogo/openmc_data/endfb-vii.1-hdf5/neutron/Rb86.h5
 Reading Rb87 from /home/diogo/openmc_data/endfb-vii.1-hdf5/neutron/Rb87.h5
 Reading Sr84 from /home/diogo/openmc_data/endfb-vii.1-hdf5/neutron/Sr84.h5
 Reading Sr86 from /home/diogo/openmc_data/endfb-vii.1-hdf5/neutron/Sr86.h5
 Reading Sr87 from /home/diogo/openmc_data/endfb-vii.1-hdf5/neutron/Sr87.h5
 Reading Sr88 from /home/diogo/openmc_data/endfb-vii.1-hdf5/neutron/Sr88.h5
 Reading Sr89 from /home/diogo/openmc_data/endfb-vii.1-hdf5/neutron/Sr89.h5
 Reading Sr90 from /home/diogo/openmc_data/endfb-vii.1-hdf5/neutron/Sr90.h5
 Reading Y89 from /home/diogo/openmc_data/endfb-vii.1-hdf5/neutron/Y89.h5
 Reading Y90 from /home/diogo/openmc_data/endfb-vii.1-hdf5/neutron/Y90.h5
 Reading Y91 from /home/diogo/openmc_data/endfb-vii.1-hdf5/neutron/Y91.h5
 Reading Zr93 from /home/diogo/openmc_data/endfb-vii.1-hdf5/neutron/Zr93.h5
 Reading Zr95 from /home/diogo/openmc_data/endfb-vii.1-hdf5/neutron/Zr95.h5
 Reading Nb93 from /home/diogo/openmc_data/endfb-vii.1-hdf5/neutron/Nb93.h5
 Reading Nb94 from /home/diogo/openmc_data/endfb-vii.1-hdf5/neutron/Nb94.h5
 WARNING: Negative value(s) found on probability table for nuclide Nb94 at 250K
 WARNING: Negative value(s) found on probability table for nuclide Nb94 at 294K
 WARNING: Negative value(s) found on probability table for nuclide Nb94 at 600K
 WARNING: Negative value(s) found on probability table for nuclide Nb94 at 900K
 WARNING: Negative value(s) found on probability table for nuclide Nb94 at 1200K
 WARNING: Negative value(s) found on probability table for nuclide Nb94 at 2500K
 Reading Nb95 from /home/diogo/openmc_data/endfb-vii.1-hdf5/neutron/Nb95.h5
 WARNING: Negative value(s) found on probability table for nuclide Nb95 at 250K
 WARNING: Negative value(s) found on probability table for nuclide Nb95 at 294K
 WARNING: Negative value(s) found on probability table for nuclide Nb95 at 600K
 WARNING: Negative value(s) found on probability table for nuclide Nb95 at 900K
 WARNING: Negative value(s) found on probability table for nuclide Nb95 at 1200K
 Reading Mo92 from /home/diogo/openmc_data/endfb-vii.1-hdf5/neutron/Mo92.h5
 Reading Mo94 from /home/diogo/openmc_data/endfb-vii.1-hdf5/neutron/Mo94.h5
 Reading Mo95 from /home/diogo/openmc_data/endfb-vii.1-hdf5/neutron/Mo95.h5
 Reading Mo96 from /home/diogo/openmc_data/endfb-vii.1-hdf5/neutron/Mo96.h5
 Reading Mo97 from /home/diogo/openmc_data/endfb-vii.1-hdf5/neutron/Mo97.h5
 Reading Mo98 from /home/diogo/openmc_data/endfb-vii.1-hdf5/neutron/Mo98.h5
 Reading Mo99 from /home/diogo/openmc_data/endfb-vii.1-hdf5/neutron/Mo99.h5
 WARNING: Negative value(s) found on probability table for nuclide Mo99 at 250K
 WARNING: Negative value(s) found on probability table for nuclide Mo99 at 294K
 WARNING: Negative value(s) found on probability table for nuclide Mo99 at 600K
 WARNING: Negative value(s) found on probability table for nuclide Mo99 at 900K
 WARNING: Negative value(s) found on probability table for nuclide Mo99 at 1200K
 WARNING: Negative value(s) found on probability table for nuclide Mo99 at 2500K
 Reading Mo100 from /home/diogo/openmc_data/endfb-vii.1-hdf5/neutron/Mo100.h5
 Reading Tc99 from /home/diogo/openmc_data/endfb-vii.1-hdf5/neutron/Tc99.h5
 Reading Ru98 from /home/diogo/openmc_data/endfb-vii.1-hdf5/neutron/Ru98.h5
 Reading Ru99 from /home/diogo/openmc_data/endfb-vii.1-hdf5/neutron/Ru99.h5
 Reading Ru100 from /home/diogo/openmc_data/endfb-vii.1-hdf5/neutron/Ru100.h5
 Reading Ru101 from /home/diogo/openmc_data/endfb-vii.1-hdf5/neutron/Ru101.h5
 Reading Ru102 from /home/diogo/openmc_data/endfb-vii.1-hdf5/neutron/Ru102.h5
 Reading Ru103 from /home/diogo/openmc_data/endfb-vii.1-hdf5/neutron/Ru103.h5
 Reading Ru104 from /home/diogo/openmc_data/endfb-vii.1-hdf5/neutron/Ru104.h5
 Reading Ru105 from /home/diogo/openmc_data/endfb-vii.1-hdf5/neutron/Ru105.h5
 Reading Ru106 from /home/diogo/openmc_data/endfb-vii.1-hdf5/neutron/Ru106.h5
 Reading Rh103 from /home/diogo/openmc_data/endfb-vii.1-hdf5/neutron/Rh103.h5
 Reading Rh105 from /home/diogo/openmc_data/endfb-vii.1-hdf5/neutron/Rh105.h5
 Reading Pd102 from /home/diogo/openmc_data/endfb-vii.1-hdf5/neutron/Pd102.h5
 Reading Pd104 from /home/diogo/openmc_data/endfb-vii.1-hdf5/neutron/Pd104.h5
 Reading Pd105 from /home/diogo/openmc_data/endfb-vii.1-hdf5/neutron/Pd105.h5
 Reading Pd106 from /home/diogo/openmc_data/endfb-vii.1-hdf5/neutron/Pd106.h5
 Reading Pd107 from /home/diogo/openmc_data/endfb-vii.1-hdf5/neutron/Pd107.h5
 Reading Pd108 from /home/diogo/openmc_data/endfb-vii.1-hdf5/neutron/Pd108.h5
 Reading Pd110 from /home/diogo/openmc_data/endfb-vii.1-hdf5/neutron/Pd110.h5
 Reading Ag110_m1 from
 /home/diogo/openmc_data/endfb-vii.1-hdf5/neutron/Ag110_m1.h5
 Reading Ag111 from /home/diogo/openmc_data/endfb-vii.1-hdf5/neutron/Ag111.h5
 Reading Cd115_m1 from
 /home/diogo/openmc_data/endfb-vii.1-hdf5/neutron/Cd115_m1.h5
 Reading Sn113 from /home/diogo/openmc_data/endfb-vii.1-hdf5/neutron/Sn113.h5
 Reading Sn123 from /home/diogo/openmc_data/endfb-vii.1-hdf5/neutron/Sn123.h5
 WARNING: Negative value(s) found on probability table for nuclide Sn123 at 250K
 WARNING: Negative value(s) found on probability table for nuclide Sn123 at 294K
 WARNING: Negative value(s) found on probability table for nuclide Sn123 at 600K
 WARNING: Negative value(s) found on probability table for nuclide Sn123 at 900K
 WARNING: Negative value(s) found on probability table for nuclide Sn123 at
          1200K
 WARNING: Negative value(s) found on probability table for nuclide Sn123 at
          2500K
 Reading Sn125 from /home/diogo/openmc_data/endfb-vii.1-hdf5/neutron/Sn125.h5
 Reading Sn126 from /home/diogo/openmc_data/endfb-vii.1-hdf5/neutron/Sn126.h5
 Reading Sb121 from /home/diogo/openmc_data/endfb-vii.1-hdf5/neutron/Sb121.h5
 Reading Sb123 from /home/diogo/openmc_data/endfb-vii.1-hdf5/neutron/Sb123.h5
 Reading Sb124 from /home/diogo/openmc_data/endfb-vii.1-hdf5/neutron/Sb124.h5
 Reading Sb125 from /home/diogo/openmc_data/endfb-vii.1-hdf5/neutron/Sb125.h5
 Reading Sb126 from /home/diogo/openmc_data/endfb-vii.1-hdf5/neutron/Sb126.h5
 Reading Te120 from /home/diogo/openmc_data/endfb-vii.1-hdf5/neutron/Te120.h5
 WARNING: Negative value(s) found on probability table for nuclide Te120 at 600K
 WARNING: Negative value(s) found on probability table for nuclide Te120 at 900K
 WARNING: Negative value(s) found on probability table for nuclide Te120 at
          1200K
 WARNING: Negative value(s) found on probability table for nuclide Te120 at
          2500K
 Reading Te122 from /home/diogo/openmc_data/endfb-vii.1-hdf5/neutron/Te122.h5
 Reading Te123 from /home/diogo/openmc_data/endfb-vii.1-hdf5/neutron/Te123.h5
 Reading Te124 from /home/diogo/openmc_data/endfb-vii.1-hdf5/neutron/Te124.h5
 Reading Te125 from /home/diogo/openmc_data/endfb-vii.1-hdf5/neutron/Te125.h5
 Reading Te126 from /home/diogo/openmc_data/endfb-vii.1-hdf5/neutron/Te126.h5
 Reading Te127_m1 from
 /home/diogo/openmc_data/endfb-vii.1-hdf5/neutron/Te127_m1.h5
 Reading Te128 from /home/diogo/openmc_data/endfb-vii.1-hdf5/neutron/Te128.h5
 Reading Te129_m1 from
 /home/diogo/openmc_data/endfb-vii.1-hdf5/neutron/Te129_m1.h5
 Reading Te130 from /home/diogo/openmc_data/endfb-vii.1-hdf5/neutron/Te130.h5
 Reading Te132 from /home/diogo/openmc_data/endfb-vii.1-hdf5/neutron/Te132.h5
 Reading I127 from /home/diogo/openmc_data/endfb-vii.1-hdf5/neutron/I127.h5
 Reading I129 from /home/diogo/openmc_data/endfb-vii.1-hdf5/neutron/I129.h5
 Reading I130 from /home/diogo/openmc_data/endfb-vii.1-hdf5/neutron/I130.h5
 Reading I131 from /home/diogo/openmc_data/endfb-vii.1-hdf5/neutron/I131.h5
 WARNING: Negative value(s) found on probability table for nuclide I131 at 250K
 WARNING: Negative value(s) found on probability table for nuclide I131 at 294K
 WARNING: Negative value(s) found on probability table for nuclide I131 at 600K
 WARNING: Negative value(s) found on probability table for nuclide I131 at 900K
 WARNING: Negative value(s) found on probability table for nuclide I131 at 1200K
 WARNING: Negative value(s) found on probability table for nuclide I131 at 2500K
 Reading I135 from /home/diogo/openmc_data/endfb-vii.1-hdf5/neutron/I135.h5
 Reading Xe126 from /home/diogo/openmc_data/endfb-vii.1-hdf5/neutron/Xe126.h5
 Reading Xe128 from /home/diogo/openmc_data/endfb-vii.1-hdf5/neutron/Xe128.h5
 Reading Xe129 from /home/diogo/openmc_data/endfb-vii.1-hdf5/neutron/Xe129.h5
 Reading Xe130 from /home/diogo/openmc_data/endfb-vii.1-hdf5/neutron/Xe130.h5
 Reading Xe131 from /home/diogo/openmc_data/endfb-vii.1-hdf5/neutron/Xe131.h5
 Reading Xe132 from /home/diogo/openmc_data/endfb-vii.1-hdf5/neutron/Xe132.h5
 Reading Xe133 from /home/diogo/openmc_data/endfb-vii.1-hdf5/neutron/Xe133.h5
 WARNING: Negative value(s) found on probability table for nuclide Xe133 at
          2500K
 Reading Xe134 from /home/diogo/openmc_data/endfb-vii.1-hdf5/neutron/Xe134.h5
 Reading Xe135 from /home/diogo/openmc_data/endfb-vii.1-hdf5/neutron/Xe135.h5
 Reading Xe136 from /home/diogo/openmc_data/endfb-vii.1-hdf5/neutron/Xe136.h5
 Reading Cs133 from /home/diogo/openmc_data/endfb-vii.1-hdf5/neutron/Cs133.h5
 Reading Cs134 from /home/diogo/openmc_data/endfb-vii.1-hdf5/neutron/Cs134.h5
 Reading Cs135 from /home/diogo/openmc_data/endfb-vii.1-hdf5/neutron/Cs135.h5
 Reading Cs136 from /home/diogo/openmc_data/endfb-vii.1-hdf5/neutron/Cs136.h5
 WARNING: Negative value(s) found on probability table for nuclide Cs136 at 250K
 WARNING: Negative value(s) found on probability table for nuclide Cs136 at 294K
 WARNING: Negative value(s) found on probability table for nuclide Cs136 at 600K
 WARNING: Negative value(s) found on probability table for nuclide Cs136 at 900K
 WARNING: Negative value(s) found on probability table for nuclide Cs136 at
          1200K
 WARNING: Negative value(s) found on probability table for nuclide Cs136 at
          2500K
 Reading Cs137 from /home/diogo/openmc_data/endfb-vii.1-hdf5/neutron/Cs137.h5
 Reading Ba132 from /home/diogo/openmc_data/endfb-vii.1-hdf5/neutron/Ba132.h5
 Reading Ba133 from /home/diogo/openmc_data/endfb-vii.1-hdf5/neutron/Ba133.h5
 Reading Ba134 from /home/diogo/openmc_data/endfb-vii.1-hdf5/neutron/Ba134.h5
 Reading Ba135 from /home/diogo/openmc_data/endfb-vii.1-hdf5/neutron/Ba135.h5
 Reading Ba136 from /home/diogo/openmc_data/endfb-vii.1-hdf5/neutron/Ba136.h5
 Reading Ba137 from /home/diogo/openmc_data/endfb-vii.1-hdf5/neutron/Ba137.h5
 Reading Ba138 from /home/diogo/openmc_data/endfb-vii.1-hdf5/neutron/Ba138.h5
 Reading Ba140 from /home/diogo/openmc_data/endfb-vii.1-hdf5/neutron/Ba140.h5
 Reading La138 from /home/diogo/openmc_data/endfb-vii.1-hdf5/neutron/La138.h5
 Reading La139 from /home/diogo/openmc_data/endfb-vii.1-hdf5/neutron/La139.h5
 Reading La140 from /home/diogo/openmc_data/endfb-vii.1-hdf5/neutron/La140.h5
 Reading Ce138 from /home/diogo/openmc_data/endfb-vii.1-hdf5/neutron/Ce138.h5
 Reading Ce139 from /home/diogo/openmc_data/endfb-vii.1-hdf5/neutron/Ce139.h5
 Reading Ce140 from /home/diogo/openmc_data/endfb-vii.1-hdf5/neutron/Ce140.h5
 Reading Ce141 from /home/diogo/openmc_data/endfb-vii.1-hdf5/neutron/Ce141.h5
 Reading Ce142 from /home/diogo/openmc_data/endfb-vii.1-hdf5/neutron/Ce142.h5
 Reading Ce143 from /home/diogo/openmc_data/endfb-vii.1-hdf5/neutron/Ce143.h5
 Reading Ce144 from /home/diogo/openmc_data/endfb-vii.1-hdf5/neutron/Ce144.h5
 Reading Pr141 from /home/diogo/openmc_data/endfb-vii.1-hdf5/neutron/Pr141.h5
 Reading Pr142 from /home/diogo/openmc_data/endfb-vii.1-hdf5/neutron/Pr142.h5
 Reading Pr143 from /home/diogo/openmc_data/endfb-vii.1-hdf5/neutron/Pr143.h5
 Reading Nd142 from /home/diogo/openmc_data/endfb-vii.1-hdf5/neutron/Nd142.h5
 Reading Nd143 from /home/diogo/openmc_data/endfb-vii.1-hdf5/neutron/Nd143.h5
 Reading Nd144 from /home/diogo/openmc_data/endfb-vii.1-hdf5/neutron/Nd144.h5
 Reading Nd145 from /home/diogo/openmc_data/endfb-vii.1-hdf5/neutron/Nd145.h5
 Reading Nd146 from /home/diogo/openmc_data/endfb-vii.1-hdf5/neutron/Nd146.h5
 Reading Nd147 from /home/diogo/openmc_data/endfb-vii.1-hdf5/neutron/Nd147.h5
 Reading Nd148 from /home/diogo/openmc_data/endfb-vii.1-hdf5/neutron/Nd148.h5
 Reading Nd150 from /home/diogo/openmc_data/endfb-vii.1-hdf5/neutron/Nd150.h5
 Reading Pm147 from /home/diogo/openmc_data/endfb-vii.1-hdf5/neutron/Pm147.h5
 Reading Pm148 from /home/diogo/openmc_data/endfb-vii.1-hdf5/neutron/Pm148.h5
 Reading Pm148_m1 from
 /home/diogo/openmc_data/endfb-vii.1-hdf5/neutron/Pm148_m1.h5
 Reading Pm149 from /home/diogo/openmc_data/endfb-vii.1-hdf5/neutron/Pm149.h5
 Reading Pm151 from /home/diogo/openmc_data/endfb-vii.1-hdf5/neutron/Pm151.h5
 Reading Sm144 from /home/diogo/openmc_data/endfb-vii.1-hdf5/neutron/Sm144.h5
 Reading Sm147 from /home/diogo/openmc_data/endfb-vii.1-hdf5/neutron/Sm147.h5
 Reading Sm148 from /home/diogo/openmc_data/endfb-vii.1-hdf5/neutron/Sm148.h5
 Reading Sm149 from /home/diogo/openmc_data/endfb-vii.1-hdf5/neutron/Sm149.h5
 Reading Sm150 from /home/diogo/openmc_data/endfb-vii.1-hdf5/neutron/Sm150.h5
 Reading Sm151 from /home/diogo/openmc_data/endfb-vii.1-hdf5/neutron/Sm151.h5
 Reading Sm152 from /home/diogo/openmc_data/endfb-vii.1-hdf5/neutron/Sm152.h5
 Reading Sm153 from /home/diogo/openmc_data/endfb-vii.1-hdf5/neutron/Sm153.h5
 Reading Sm154 from /home/diogo/openmc_data/endfb-vii.1-hdf5/neutron/Sm154.h5
 Reading Eu151 from /home/diogo/openmc_data/endfb-vii.1-hdf5/neutron/Eu151.h5
 Reading Eu152 from /home/diogo/openmc_data/endfb-vii.1-hdf5/neutron/Eu152.h5
 Reading Eu153 from /home/diogo/openmc_data/endfb-vii.1-hdf5/neutron/Eu153.h5
 Reading Eu154 from /home/diogo/openmc_data/endfb-vii.1-hdf5/neutron/Eu154.h5
 Reading Eu155 from /home/diogo/openmc_data/endfb-vii.1-hdf5/neutron/Eu155.h5
 Reading Eu156 from /home/diogo/openmc_data/endfb-vii.1-hdf5/neutron/Eu156.h5
 WARNING: Negative value(s) found on probability table for nuclide Eu156 at 250K
 WARNING: Negative value(s) found on probability table for nuclide Eu156 at 294K
 WARNING: Negative value(s) found on probability table for nuclide Eu156 at 600K
 WARNING: Negative value(s) found on probability table for nuclide Eu156 at 900K
 WARNING: Negative value(s) found on probability table for nuclide Eu156 at
          1200K
 WARNING: Negative value(s) found on probability table for nuclide Eu156 at
          2500K
 Reading Eu157 from /home/diogo/openmc_data/endfb-vii.1-hdf5/neutron/Eu157.h5
 Reading Gd153 from /home/diogo/openmc_data/endfb-vii.1-hdf5/neutron/Gd153.h5
 Reading Tb159 from /home/diogo/openmc_data/endfb-vii.1-hdf5/neutron/Tb159.h5
 Reading Tb160 from /home/diogo/openmc_data/endfb-vii.1-hdf5/neutron/Tb160.h5
 Reading Dy156 from /home/diogo/openmc_data/endfb-vii.1-hdf5/neutron/Dy156.h5
 Reading Dy158 from /home/diogo/openmc_data/endfb-vii.1-hdf5/neutron/Dy158.h5
 Reading Dy160 from /home/diogo/openmc_data/endfb-vii.1-hdf5/neutron/Dy160.h5
 Reading Dy161 from /home/diogo/openmc_data/endfb-vii.1-hdf5/neutron/Dy161.h5
 Reading Dy162 from /home/diogo/openmc_data/endfb-vii.1-hdf5/neutron/Dy162.h5
 Reading Dy163 from /home/diogo/openmc_data/endfb-vii.1-hdf5/neutron/Dy163.h5
 Reading Dy164 from /home/diogo/openmc_data/endfb-vii.1-hdf5/neutron/Dy164.h5
 Reading Ho165 from /home/diogo/openmc_data/endfb-vii.1-hdf5/neutron/Ho165.h5
 Reading Ho166_m1 from
 /home/diogo/openmc_data/endfb-vii.1-hdf5/neutron/Ho166_m1.h5
 Reading Er162 from /home/diogo/openmc_data/endfb-vii.1-hdf5/neutron/Er162.h5
 Reading Er164 from /home/diogo/openmc_data/endfb-vii.1-hdf5/neutron/Er164.h5
 Reading Er166 from /home/diogo/openmc_data/endfb-vii.1-hdf5/neutron/Er166.h5
 Reading Er167 from /home/diogo/openmc_data/endfb-vii.1-hdf5/neutron/Er167.h5
 Reading Er168 from /home/diogo/openmc_data/endfb-vii.1-hdf5/neutron/Er168.h5
 Reading Er170 from /home/diogo/openmc_data/endfb-vii.1-hdf5/neutron/Er170.h5
 Reading Tm168 from /home/diogo/openmc_data/endfb-vii.1-hdf5/neutron/Tm168.h5
 Reading Tm169 from /home/diogo/openmc_data/endfb-vii.1-hdf5/neutron/Tm169.h5
 Reading Tm170 from /home/diogo/openmc_data/endfb-vii.1-hdf5/neutron/Tm170.h5
 Reading Lu175 from /home/diogo/openmc_data/endfb-vii.1-hdf5/neutron/Lu175.h5
 Reading Lu176 from /home/diogo/openmc_data/endfb-vii.1-hdf5/neutron/Lu176.h5
 Reading Hf176 from /home/diogo/openmc_data/endfb-vii.1-hdf5/neutron/Hf176.h5
 Reading Hf177 from /home/diogo/openmc_data/endfb-vii.1-hdf5/neutron/Hf177.h5
 Reading Hf178 from /home/diogo/openmc_data/endfb-vii.1-hdf5/neutron/Hf178.h5
 Reading Hf179 from /home/diogo/openmc_data/endfb-vii.1-hdf5/neutron/Hf179.h5
 Reading Hf180 from /home/diogo/openmc_data/endfb-vii.1-hdf5/neutron/Hf180.h5
 Reading Ta180 from /home/diogo/openmc_data/endfb-vii.1-hdf5/neutron/Ta180.h5
 Reading Ta181 from /home/diogo/openmc_data/endfb-vii.1-hdf5/neutron/Ta181.h5
 Reading Ta182 from /home/diogo/openmc_data/endfb-vii.1-hdf5/neutron/Ta182.h5
 Reading W180 from /home/diogo/openmc_data/endfb-vii.1-hdf5/neutron/W180.h5
 Reading W182 from /home/diogo/openmc_data/endfb-vii.1-hdf5/neutron/W182.h5
 Reading W183 from /home/diogo/openmc_data/endfb-vii.1-hdf5/neutron/W183.h5
 Reading W184 from /home/diogo/openmc_data/endfb-vii.1-hdf5/neutron/W184.h5
 Reading W186 from /home/diogo/openmc_data/endfb-vii.1-hdf5/neutron/W186.h5
 Reading Re185 from /home/diogo/openmc_data/endfb-vii.1-hdf5/neutron/Re185.h5
 Reading Re187 from /home/diogo/openmc_data/endfb-vii.1-hdf5/neutron/Re187.h5
 Reading Hg199 from /home/diogo/openmc_data/endfb-vii.1-hdf5/neutron/Hg199.h5
 Reading Hg200 from /home/diogo/openmc_data/endfb-vii.1-hdf5/neutron/Hg200.h5
 Reading Hg201 from /home/diogo/openmc_data/endfb-vii.1-hdf5/neutron/Hg201.h5
 Reading Hg202 from /home/diogo/openmc_data/endfb-vii.1-hdf5/neutron/Hg202.h5
 Reading Hg204 from /home/diogo/openmc_data/endfb-vii.1-hdf5/neutron/Hg204.h5
 Reading Tl203 from /home/diogo/openmc_data/endfb-vii.1-hdf5/neutron/Tl203.h5
 Reading Tl205 from /home/diogo/openmc_data/endfb-vii.1-hdf5/neutron/Tl205.h5
 Reading Pb204 from /home/diogo/openmc_data/endfb-vii.1-hdf5/neutron/Pb204.h5
 Reading Pb206 from /home/diogo/openmc_data/endfb-vii.1-hdf5/neutron/Pb206.h5
 Reading Pb207 from /home/diogo/openmc_data/endfb-vii.1-hdf5/neutron/Pb207.h5
 Reading Pb208 from /home/diogo/openmc_data/endfb-vii.1-hdf5/neutron/Pb208.h5
 Reading Bi209 from /home/diogo/openmc_data/endfb-vii.1-hdf5/neutron/Bi209.h5
 Reading Ra223 from /home/diogo/openmc_data/endfb-vii.1-hdf5/neutron/Ra223.h5
 Reading Ra224 from /home/diogo/openmc_data/endfb-vii.1-hdf5/neutron/Ra224.h5
 Reading Ra225 from /home/diogo/openmc_data/endfb-vii.1-hdf5/neutron/Ra225.h5
 Reading Ra226 from /home/diogo/openmc_data/endfb-vii.1-hdf5/neutron/Ra226.h5
 Reading Ac225 from /home/diogo/openmc_data/endfb-vii.1-hdf5/neutron/Ac225.h5
 Reading Ac226 from /home/diogo/openmc_data/endfb-vii.1-hdf5/neutron/Ac226.h5
 Reading Ac227 from /home/diogo/openmc_data/endfb-vii.1-hdf5/neutron/Ac227.h5
 Reading Th227 from /home/diogo/openmc_data/endfb-vii.1-hdf5/neutron/Th227.h5
 Reading Th228 from /home/diogo/openmc_data/endfb-vii.1-hdf5/neutron/Th228.h5
 Reading Th229 from /home/diogo/openmc_data/endfb-vii.1-hdf5/neutron/Th229.h5
 Reading Th230 from /home/diogo/openmc_data/endfb-vii.1-hdf5/neutron/Th230.h5
 Reading Th231 from /home/diogo/openmc_data/endfb-vii.1-hdf5/neutron/Th231.h5
 Reading Th232 from /home/diogo/openmc_data/endfb-vii.1-hdf5/neutron/Th232.h5
 Reading Th233 from /home/diogo/openmc_data/endfb-vii.1-hdf5/neutron/Th233.h5
 Reading Th234 from /home/diogo/openmc_data/endfb-vii.1-hdf5/neutron/Th234.h5
 Reading Pa229 from /home/diogo/openmc_data/endfb-vii.1-hdf5/neutron/Pa229.h5
 Reading Pa230 from /home/diogo/openmc_data/endfb-vii.1-hdf5/neutron/Pa230.h5
 Reading Pa231 from /home/diogo/openmc_data/endfb-vii.1-hdf5/neutron/Pa231.h5
 Reading Pa232 from /home/diogo/openmc_data/endfb-vii.1-hdf5/neutron/Pa232.h5
 Reading Pa233 from /home/diogo/openmc_data/endfb-vii.1-hdf5/neutron/Pa233.h5
 Reading U230 from /home/diogo/openmc_data/endfb-vii.1-hdf5/neutron/U230.h5
 Reading U231 from /home/diogo/openmc_data/endfb-vii.1-hdf5/neutron/U231.h5
 Reading U232 from /home/diogo/openmc_data/endfb-vii.1-hdf5/neutron/U232.h5
 Reading U233 from /home/diogo/openmc_data/endfb-vii.1-hdf5/neutron/U233.h5
 Reading U236 from /home/diogo/openmc_data/endfb-vii.1-hdf5/neutron/U236.h5
 Reading U237 from /home/diogo/openmc_data/endfb-vii.1-hdf5/neutron/U237.h5
 Reading U239 from /home/diogo/openmc_data/endfb-vii.1-hdf5/neutron/U239.h5
 Reading U240 from /home/diogo/openmc_data/endfb-vii.1-hdf5/neutron/U240.h5
 Reading U241 from /home/diogo/openmc_data/endfb-vii.1-hdf5/neutron/U241.h5
 Reading Np234 from /home/diogo/openmc_data/endfb-vii.1-hdf5/neutron/Np234.h5
 Reading Np235 from /home/diogo/openmc_data/endfb-vii.1-hdf5/neutron/Np235.h5
 Reading Np236 from /home/diogo/openmc_data/endfb-vii.1-hdf5/neutron/Np236.h5
 Reading Np237 from /home/diogo/openmc_data/endfb-vii.1-hdf5/neutron/Np237.h5
 Reading Np238 from /home/diogo/openmc_data/endfb-vii.1-hdf5/neutron/Np238.h5
 Reading Np239 from /home/diogo/openmc_data/endfb-vii.1-hdf5/neutron/Np239.h5
 Reading Pu236 from /home/diogo/openmc_data/endfb-vii.1-hdf5/neutron/Pu236.h5
 Reading Pu237 from /home/diogo/openmc_data/endfb-vii.1-hdf5/neutron/Pu237.h5
 Reading Pu238 from /home/diogo/openmc_data/endfb-vii.1-hdf5/neutron/Pu238.h5
 Reading Pu239 from /home/diogo/openmc_data/endfb-vii.1-hdf5/neutron/Pu239.h5
 Reading Pu240 from /home/diogo/openmc_data/endfb-vii.1-hdf5/neutron/Pu240.h5
 Reading Pu241 from /home/diogo/openmc_data/endfb-vii.1-hdf5/neutron/Pu241.h5
 Reading Pu242 from /home/diogo/openmc_data/endfb-vii.1-hdf5/neutron/Pu242.h5
 Reading Pu243 from /home/diogo/openmc_data/endfb-vii.1-hdf5/neutron/Pu243.h5
 Reading Pu244 from /home/diogo/openmc_data/endfb-vii.1-hdf5/neutron/Pu244.h5
 Reading Pu246 from /home/diogo/openmc_data/endfb-vii.1-hdf5/neutron/Pu246.h5
 Reading Am240 from /home/diogo/openmc_data/endfb-vii.1-hdf5/neutron/Am240.h5
 Reading Am241 from /home/diogo/openmc_data/endfb-vii.1-hdf5/neutron/Am241.h5
 Reading Am242 from /home/diogo/openmc_data/endfb-vii.1-hdf5/neutron/Am242.h5
 Reading Am242_m1 from
 /home/diogo/openmc_data/endfb-vii.1-hdf5/neutron/Am242_m1.h5
 Reading Am243 from /home/diogo/openmc_data/endfb-vii.1-hdf5/neutron/Am243.h5
 Reading Am244 from /home/diogo/openmc_data/endfb-vii.1-hdf5/neutron/Am244.h5
 Reading Am244_m1 from
 /home/diogo/openmc_data/endfb-vii.1-hdf5/neutron/Am244_m1.h5
 Reading Cm240 from /home/diogo/openmc_data/endfb-vii.1-hdf5/neutron/Cm240.h5
 Reading Cm241 from /home/diogo/openmc_data/endfb-vii.1-hdf5/neutron/Cm241.h5
 Reading Cm242 from /home/diogo/openmc_data/endfb-vii.1-hdf5/neutron/Cm242.h5
 Reading Cm243 from /home/diogo/openmc_data/endfb-vii.1-hdf5/neutron/Cm243.h5
 Reading Cm244 from /home/diogo/openmc_data/endfb-vii.1-hdf5/neutron/Cm244.h5
 Reading Cm245 from /home/diogo/openmc_data/endfb-vii.1-hdf5/neutron/Cm245.h5
 Reading Cm246 from /home/diogo/openmc_data/endfb-vii.1-hdf5/neutron/Cm246.h5
 Reading Cm247 from /home/diogo/openmc_data/endfb-vii.1-hdf5/neutron/Cm247.h5
 Reading Cm248 from /home/diogo/openmc_data/endfb-vii.1-hdf5/neutron/Cm248.h5
 Reading Cm249 from /home/diogo/openmc_data/endfb-vii.1-hdf5/neutron/Cm249.h5
 Reading Cm250 from /home/diogo/openmc_data/endfb-vii.1-hdf5/neutron/Cm250.h5
 Reading Bk245 from /home/diogo/openmc_data/endfb-vii.1-hdf5/neutron/Bk245.h5
 Reading Bk247 from /home/diogo/openmc_data/endfb-vii.1-hdf5/neutron/Bk247.h5
 Reading Bk249 from /home/diogo/openmc_data/endfb-vii.1-hdf5/neutron/Bk249.h5
 Reading Bk250 from /home/diogo/openmc_data/endfb-vii.1-hdf5/neutron/Bk250.h5
 Reading Cf248 from /home/diogo/openmc_data/endfb-vii.1-hdf5/neutron/Cf248.h5
 Reading Cf249 from /home/diogo/openmc_data/endfb-vii.1-hdf5/neutron/Cf249.h5
 Reading Cf250 from /home/diogo/openmc_data/endfb-vii.1-hdf5/neutron/Cf250.h5
 WARNING: Negative value(s) found on probability table for nuclide Cf250 at 250K
 WARNING: Negative value(s) found on probability table for nuclide Cf250 at 294K
 WARNING: Negative value(s) found on probability table for nuclide Cf250 at 900K
 WARNING: Negative value(s) found on probability table for nuclide Cf250 at
          1200K
 Reading Ir191 from /home/diogo/openmc_data/endfb-vii.1-hdf5/neutron/Ir191.h5
 Reading Ir193 from /home/diogo/openmc_data/endfb-vii.1-hdf5/neutron/Ir193.h5
 Reading Hg198 from /home/diogo/openmc_data/endfb-vii.1-hdf5/neutron/Hg198.h5
 Reading Bk248 from /home/diogo/openmc_data/endfb-vii.1-hdf5/neutron/Bk248.h5
 Reading Cf251 from /home/diogo/openmc_data/endfb-vii.1-hdf5/neutron/Cf251.h5
 Reading Cf252 from /home/diogo/openmc_data/endfb-vii.1-hdf5/neutron/Cf252.h5
 Reading Cf253 from /home/diogo/openmc_data/endfb-vii.1-hdf5/neutron/Cf253.h5
 Reading Cf254 from /home/diogo/openmc_data/endfb-vii.1-hdf5/neutron/Cf254.h5
 Reading Es251 from /home/diogo/openmc_data/endfb-vii.1-hdf5/neutron/Es251.h5
 Reading Es252 from /home/diogo/openmc_data/endfb-vii.1-hdf5/neutron/Es252.h5
 Reading Es253 from /home/diogo/openmc_data/endfb-vii.1-hdf5/neutron/Es253.h5
 Reading Es254 from /home/diogo/openmc_data/endfb-vii.1-hdf5/neutron/Es254.h5
 Reading Es254_m1 from
 /home/diogo/openmc_data/endfb-vii.1-hdf5/neutron/Es254_m1.h5
 Reading Es255 from /home/diogo/openmc_data/endfb-vii.1-hdf5/neutron/Es255.h5
 Reading Fm255 from /home/diogo/openmc_data/endfb-vii.1-hdf5/neutron/Fm255.h5
 Reading Bk246 from /home/diogo/openmc_data/endfb-vii.1-hdf5/neutron/Bk246.h5
 Reading Hg196 from /home/diogo/openmc_data/endfb-vii.1-hdf5/neutron/Hg196.h5
 Reading Au197 from /home/diogo/openmc_data/endfb-vii.1-hdf5/neutron/Au197.h5
 Reading Hf174 from /home/diogo/openmc_data/endfb-vii.1-hdf5/neutron/Hf174.h5
 Reading Ru96 from /home/diogo/openmc_data/endfb-vii.1-hdf5/neutron/Ru96.h5
 Reading Xe123 from /home/diogo/openmc_data/endfb-vii.1-hdf5/neutron/Xe123.h5
 Reading Xe124 from /home/diogo/openmc_data/endfb-vii.1-hdf5/neutron/Xe124.h5
 Reading Ba130 from /home/diogo/openmc_data/endfb-vii.1-hdf5/neutron/Ba130.h5
 Reading Ce136 from /home/diogo/openmc_data/endfb-vii.1-hdf5/neutron/Ce136.h5
 Reading Cf246 from /home/diogo/openmc_data/endfb-vii.1-hdf5/neutron/Cf246.h5
 Reading Be9 from /home/diogo/openmc_data/endfb-vii.1-hdf5/neutron/Be9.h5
 Reading Ca48 from /home/diogo/openmc_data/endfb-vii.1-hdf5/neutron/Ca48.h5
 Reading Co58_m1 from
 /home/diogo/openmc_data/endfb-vii.1-hdf5/neutron/Co58_m1.h5
 Maximum neutron transport energy: 20000000 eV for H1
 Initializing source particles...

 ====================>     K EIGENVALUE SIMULATION     <====================

  Bat./Gen.      k       Entropy         Average k 
  =========   ========   ========   ====================
        1/1    0.91750    5.53301
        2/1    0.93020    5.49802
        3/1    0.94072    5.48560
        4/1    0.96350    5.48479
        5/1    0.95660    5.48379
        6/1    0.96887    5.48782
        7/1    0.95498    5.46781
        8/1    0.94677    5.46276
        9/1    0.96501    5.47098
       10/1    0.95313    5.45790
       11/1    0.95501    5.46856
       12/1    0.95175    5.45933
       13/1    0.96997    5.46638
       14/1    0.94869    5.48215
       15/1    0.95395    5.47561
       16/1    0.93076    5.47542
       17/1    0.96547    5.47600
       18/1    0.95113    5.48485
       19/1    0.95273    5.48501
       20/1    0.95047    5.48503
       21/1    0.95323    5.48000
       22/1    0.96250    5.48869
       23/1    0.97032    5.48320
       24/1    0.95547    5.47388
       25/1    0.96116    5.47743
       26/1    0.96149    5.49483
       27/1    0.94125    5.49404
       28/1    0.96164    5.47679
       29/1    0.95074    5.49644
       30/1    0.95472    5.48183
       31/1    0.95455    5.49368
       32/1    0.95951    5.49273
       33/1    0.95602    5.46010
       34/1    0.95403    5.47003
       35/1    0.96507    5.47994
       36/1    0.97548    5.47385
       37/1    0.96001    5.47712
       38/1    0.95448    5.47968
       39/1    0.94567    5.47049
       40/1    0.95668    5.47210
       41/1    0.95131    5.48008
       42/1    0.96791    5.47632
       43/1    0.94695    5.47604
       44/1    0.93973    5.48469
       45/1    0.95824    5.47251
       46/1    0.96655    5.47354
       47/1    0.96542    5.44799
       48/1    0.95746    5.47517
       49/1    0.96389    5.47217
       50/1    0.94564    5.46365
       51/1    0.95085    5.47082
       52/1    0.95709    5.46814
       53/1    0.95758    5.47765
       54/1    0.94096    5.48176
       55/1    0.95868    5.47987
       56/1    0.95440    5.45768
       57/1    0.96770    5.46530
       58/1    0.97162    5.46917
       59/1    0.95514    5.48077
       60/1    0.95821    5.46903
       61/1    0.95878    5.46192
       62/1    0.95836    5.47615    0.95857 +/- 0.00021
       63/1    0.96440    5.48591    0.96051 +/- 0.00195
       64/1    0.94908    5.48235    0.95766 +/- 0.00317
       65/1    0.95015    5.46558    0.95615 +/- 0.00288
       66/1    0.95394    5.47496    0.95578 +/- 0.00238
       67/1    0.95651    5.48098    0.95589 +/- 0.00201
       68/1    0.95784    5.47840    0.95613 +/- 0.00176
       69/1    0.94992    5.47455    0.95544 +/- 0.00170
       70/1    0.96810    5.49278    0.95671 +/- 0.00198
       71/1    0.94372    5.47581    0.95553 +/- 0.00214
       72/1    0.93133    5.46436    0.95351 +/- 0.00281
       73/1    0.95528    5.47411    0.95365 +/- 0.00259
       74/1    0.95509    5.46859    0.95375 +/- 0.00240
       75/1    0.95375    5.47663    0.95375 +/- 0.00223
       76/1    0.94685    5.47197    0.95332 +/- 0.00213
       77/1    0.97480    5.47088    0.95458 +/- 0.00237
       78/1    0.94589    5.48043    0.95410 +/- 0.00228
       79/1    0.96087    5.47659    0.95446 +/- 0.00219
       80/1    0.94401    5.48483    0.95393 +/- 0.00214
       81/1    0.95134    5.48249    0.95381 +/- 0.00204
       82/1    0.95782    5.48574    0.95399 +/- 0.00196
       83/1    0.95583    5.47285    0.95407 +/- 0.00187
       84/1    0.96435    5.49057    0.95450 +/- 0.00184
       85/1    0.95222    5.49749    0.95441 +/- 0.00177
       86/1    0.95655    5.49131    0.95449 +/- 0.00170
       87/1    0.95109    5.48117    0.95437 +/- 0.00164
       88/1    0.96886    5.47779    0.95488 +/- 0.00166
       89/1    0.96192    5.49006    0.95513 +/- 0.00162
       90/1    0.96740    5.48867    0.95553 +/- 0.00162
       91/1    0.96430    5.49498    0.95582 +/- 0.00159
       92/1    0.96131    5.50958    0.95599 +/- 0.00155
       93/1    0.95852    5.48976    0.95607 +/- 0.00151
       94/1    0.96531    5.48455    0.95634 +/- 0.00149
       95/1    0.94198    5.46094    0.95593 +/- 0.00150
       96/1    0.97264    5.48295    0.95639 +/- 0.00153
       97/1    0.96829    5.46687    0.95671 +/- 0.00152
       98/1    0.95659    5.49017    0.95671 +/- 0.00148
       99/1    0.95851    5.48990    0.95676 +/- 0.00144
      100/1    0.95822    5.48671    0.95679 +/- 0.00141
      101/1    0.94302    5.49270    0.95646 +/- 0.00141
      102/1    0.96460    5.48741    0.95665 +/- 0.00139
      103/1    0.95714    5.47367    0.95666 +/- 0.00136
      104/1    0.96006    5.48202    0.95674 +/- 0.00133
      105/1    0.95457    5.48040    0.95669 +/- 0.00130
      106/1    0.97265    5.48611    0.95704 +/- 0.00132
      107/1    0.95574    5.48976    0.95701 +/- 0.00129
      108/1    0.96199    5.48056    0.95711 +/- 0.00127
      109/1    0.96247    5.47920    0.95722 +/- 0.00125
      110/1    0.97203    5.47444    0.95752 +/- 0.00126
      111/1    0.96941    5.48776    0.95775 +/- 0.00126
      112/1    0.96214    5.48904    0.95784 +/- 0.00123
      113/1    0.95801    5.49419    0.95784 +/- 0.00121
      114/1    0.96944    5.49312    0.95805 +/- 0.00121
      115/1    0.95325    5.49054    0.95797 +/- 0.00119
      116/1    0.95618    5.47311    0.95794 +/- 0.00117
      117/1    0.97548    5.48476    0.95824 +/- 0.00119
      118/1    0.96209    5.47234    0.95831 +/- 0.00117
      119/1    0.98177    5.48458    0.95871 +/- 0.00122
      120/1    0.95584    5.46846    0.95866 +/- 0.00120
      121/1    0.97083    5.47473    0.95886 +/- 0.00119
      122/1    0.97233    5.47896    0.95908 +/- 0.00119
      123/1    0.95713    5.47158    0.95905 +/- 0.00117
      124/1    0.95737    5.46820    0.95902 +/- 0.00116
      125/1    0.95103    5.47376    0.95890 +/- 0.00114
      126/1    0.95302    5.48801    0.95881 +/- 0.00113
      127/1    0.95779    5.49572    0.95879 +/- 0.00111
      128/1    0.95092    5.48561    0.95868 +/- 0.00110
      129/1    0.94474    5.48424    0.95847 +/- 0.00111
      130/1    0.95789    5.47167    0.95847 +/- 0.00109
      131/1    0.95055    5.46716    0.95835 +/- 0.00108
      132/1    0.95812    5.47906    0.95835 +/- 0.00107
      133/1    0.94366    5.47821    0.95815 +/- 0.00107
      134/1    0.96099    5.47195    0.95819 +/- 0.00106
      135/1    0.94306    5.48048    0.95799 +/- 0.00106
      136/1    0.95618    5.47892    0.95796 +/- 0.00105
      137/1    0.96029    5.47702    0.95799 +/- 0.00103
      138/1    0.95259    5.46365    0.95792 +/- 0.00102
      139/1    0.94913    5.45525    0.95781 +/- 0.00102
      140/1    0.94592    5.45912    0.95766 +/- 0.00101
      141/1    0.96196    5.47595    0.95772 +/- 0.00100
      142/1    0.95929    5.46992    0.95774 +/- 0.00099
      143/1    0.94888    5.46552    0.95763 +/- 0.00098
      144/1    0.94960    5.47033    0.95753 +/- 0.00098
      145/1    0.97355    5.49050    0.95772 +/- 0.00098
      146/1    0.95898    5.48414    0.95774 +/- 0.00097
      147/1    0.94414    5.47731    0.95758 +/- 0.00097
      148/1    0.95538    5.47109    0.95756 +/- 0.00096
      149/1    0.95406    5.48077    0.95752 +/- 0.00095
      150/1    0.93777    5.46679    0.95730 +/- 0.00097
      151/1    0.97618    5.47275    0.95750 +/- 0.00098
      152/1    0.97038    5.46711    0.95764 +/- 0.00098
      153/1    0.96277    5.48055    0.95770 +/- 0.00097
      154/1    0.96029    5.48972    0.95773 +/- 0.00096
      155/1    0.96201    5.47026    0.95777 +/- 0.00095
      156/1    0.95038    5.48388    0.95770 +/- 0.00094
      157/1    0.95410    5.48610    0.95766 +/- 0.00093
      158/1    0.94801    5.47611    0.95756 +/- 0.00093
      159/1    0.97016    5.46079    0.95769 +/- 0.00093
      160/1    0.94447    5.47629    0.95755 +/- 0.00093
 Creating state point statepoint.160.h5...

 =======================>     TIMING STATISTICS     <=======================

 Total time for initialization     = 6.4703e+01 seconds
   Reading cross sections          = 7.5716e+00 seconds
 Total time in simulation          = 3.9693e+02 seconds
   Time in transport only          = 3.9562e+02 seconds
   Time in inactive batches        = 1.1529e+02 seconds
   Time in active batches          = 2.8164e+02 seconds
   Time synchronizing fission bank = 2.8758e-01 seconds
     Sampling source sites         = 2.5055e-01 seconds
     SEND/RECV source sites        = 3.6080e-02 seconds
   Time accumulating tallies       = 6.5381e-01 seconds
   Time writing statepoints        = 1.5051e-02 seconds
 Total time for finalization       = 1.0051e-02 seconds
 Total time elapsed                = 4.6208e+02 seconds
 Calculation Rate (inactive)       = 10408.4 particles/second
 Calculation Rate (active)         = 7101.2 particles/second

 ============================>     RESULTS     <============================

 k-effective (Collision)     = 0.95689 +/- 0.00077
 k-effective (Track-length)  = 0.95755 +/- 0.00093
 k-effective (Absorption)    = 0.95632 +/- 0.00074
 Combined k-effective        = 0.95670 +/- 0.00061
 Leakage Fraction            = 0.00765 +/- 0.00006

 Creating state point openmc_simulation_n6.h5...
[openmc.deplete] t=186069731.2168078 (final operator evaluation)
 Maximum neutron transport energy: 20000000 eV for H1
 Initializing source particles...

 ====================>     K EIGENVALUE SIMULATION     <====================

  Bat./Gen.      k       Entropy         Average k 
  =========   ========   ========   ====================
        1/1    0.89379    5.53493
        2/1    0.90965    5.50402
        3/1    0.92942    5.48828
        4/1    0.94243    5.49512
        5/1    0.92309    5.47702
        6/1    0.92422    5.49385
        7/1    0.92412    5.48751
        8/1    0.94398    5.48658
        9/1    0.93258    5.48382
       10/1    0.92636    5.48463
       11/1    0.92263    5.48112
       12/1    0.92845    5.47021
       13/1    0.92030    5.46335
       14/1    0.93564    5.48584
       15/1    0.92660    5.47883
       16/1    0.91986    5.47564
       17/1    0.93612    5.49067
       18/1    0.92605    5.47609
       19/1    0.92408    5.47903
       20/1    0.91956    5.47997
       21/1    0.91659    5.45927
       22/1    0.94825    5.47580
       23/1    0.93772    5.48940
       24/1    0.93306    5.49375
       25/1    0.93084    5.49495
       26/1    0.93178    5.48243
       27/1    0.93194    5.49398
       28/1    0.93739    5.49345
       29/1    0.93372    5.48211
       30/1    0.94245    5.48112
       31/1    0.93368    5.48224
       32/1    0.91670    5.49609
       33/1    0.93092    5.47485
       34/1    0.91886    5.47866
       35/1    0.92501    5.49235
       36/1    0.93483    5.50608
       37/1    0.92777    5.49958
       38/1    0.92094    5.49940
       39/1    0.91857    5.48393
       40/1    0.93842    5.48270
       41/1    0.93468    5.48095
       42/1    0.91937    5.47454
       43/1    0.92789    5.49202
       44/1    0.94498    5.49067
       45/1    0.93744    5.48270
       46/1    0.93336    5.47712
       47/1    0.93431    5.48156
       48/1    0.93673    5.48481
       49/1    0.93461    5.49346
       50/1    0.94329    5.49567
       51/1    0.92823    5.48630
       52/1    0.92384    5.47424
       53/1    0.92162    5.47864
       54/1    0.92101    5.50223
       55/1    0.91326    5.49706
       56/1    0.91911    5.49115
       57/1    0.91771    5.49702
       58/1    0.92301    5.48879
       59/1    0.92319    5.48104
       60/1    0.94941    5.48440
       61/1    0.92819    5.49671
       62/1    0.91102    5.50136    0.91961 +/- 0.00859
       63/1    0.90979    5.48093    0.91633 +/- 0.00594
       64/1    0.91102    5.48960    0.91501 +/- 0.00441
       65/1    0.93677    5.48342    0.91936 +/- 0.00553
       66/1    0.93671    5.49640    0.92225 +/- 0.00536
       67/1    0.93918    5.50069    0.92467 +/- 0.00514
       68/1    0.91932    5.48509    0.92400 +/- 0.00450
       69/1    0.94740    5.48967    0.92660 +/- 0.00474
       70/1    0.94403    5.49028    0.92834 +/- 0.00459
       71/1    0.94268    5.49839    0.92965 +/- 0.00435
       72/1    0.92470    5.49942    0.92923 +/- 0.00399
       73/1    0.93121    5.49227    0.92939 +/- 0.00367
       74/1    0.92640    5.48987    0.92917 +/- 0.00341
       75/1    0.92997    5.49796    0.92923 +/- 0.00317
       76/1    0.92929    5.51241    0.92923 +/- 0.00297
       77/1    0.92983    5.49331    0.92927 +/- 0.00279
       78/1    0.93023    5.49029    0.92932 +/- 0.00263
       79/1    0.92914    5.49099    0.92931 +/- 0.00249
       80/1    0.93402    5.49468    0.92955 +/- 0.00237
       81/1    0.93749    5.48422    0.92992 +/- 0.00229
       82/1    0.93404    5.48610    0.93011 +/- 0.00219
       83/1    0.93241    5.47913    0.93021 +/- 0.00209
       84/1    0.92932    5.49604    0.93017 +/- 0.00201
       85/1    0.93160    5.49616    0.93023 +/- 0.00192
       86/1    0.93052    5.48576    0.93024 +/- 0.00185
       87/1    0.94004    5.49772    0.93060 +/- 0.00182
       88/1    0.93292    5.47743    0.93069 +/- 0.00175
       89/1    0.93581    5.48050    0.93086 +/- 0.00170
       90/1    0.92471    5.48917    0.93066 +/- 0.00165
       91/1    0.92246    5.49149    0.93039 +/- 0.00162
       92/1    0.90936    5.49111    0.92974 +/- 0.00170
       93/1    0.95145    5.47917    0.93040 +/- 0.00178
       94/1    0.92946    5.48404    0.93037 +/- 0.00172
       95/1    0.93184    5.46761    0.93041 +/- 0.00167
       96/1    0.93449    5.47562    0.93052 +/- 0.00163
       97/1    0.93190    5.47697    0.93056 +/- 0.00159
       98/1    0.93038    5.48586    0.93056 +/- 0.00154
       99/1    0.92279    5.48729    0.93036 +/- 0.00152
      100/1    0.93875    5.48011    0.93057 +/- 0.00149
      101/1    0.92996    5.49168    0.93055 +/- 0.00146
      102/1    0.93454    5.49251    0.93065 +/- 0.00142
      103/1    0.92439    5.48277    0.93050 +/- 0.00140
      104/1    0.91592    5.49219    0.93017 +/- 0.00141
      105/1    0.93152    5.48337    0.93020 +/- 0.00138
      106/1    0.93308    5.47620    0.93026 +/- 0.00135
      107/1    0.94931    5.47366    0.93067 +/- 0.00138
      108/1    0.94085    5.48582    0.93088 +/- 0.00137
      109/1    0.93097    5.48821    0.93088 +/- 0.00134
      110/1    0.94645    5.49589    0.93119 +/- 0.00135
      111/1    0.94245    5.48571    0.93141 +/- 0.00134
      112/1    0.93092    5.48847    0.93140 +/- 0.00131
      113/1    0.92952    5.47025    0.93137 +/- 0.00129
      114/1    0.93151    5.46864    0.93137 +/- 0.00126
      115/1    0.94252    5.48502    0.93157 +/- 0.00126
      116/1    0.92453    5.48732    0.93145 +/- 0.00124
      117/1    0.92539    5.50259    0.93134 +/- 0.00122
      118/1    0.91958    5.48991    0.93114 +/- 0.00122
      119/1    0.91690    5.48702    0.93090 +/- 0.00122
      120/1    0.91106    5.49514    0.93057 +/- 0.00125
      121/1    0.92819    5.48782    0.93053 +/- 0.00123
      122/1    0.93058    5.49409    0.93053 +/- 0.00121
      123/1    0.93400    5.49152    0.93058 +/- 0.00119
      124/1    0.92556    5.47733    0.93051 +/- 0.00117
      125/1    0.93564    5.49002    0.93058 +/- 0.00116
      126/1    0.92692    5.49042    0.93053 +/- 0.00114
      127/1    0.92811    5.48895    0.93049 +/- 0.00112
      128/1    0.94462    5.49441    0.93070 +/- 0.00113
      129/1    0.93944    5.49040    0.93083 +/- 0.00112
      130/1    0.93190    5.48723    0.93084 +/- 0.00110
      131/1    0.93128    5.49254    0.93085 +/- 0.00109
      132/1    0.93023    5.48166    0.93084 +/- 0.00107
      133/1    0.92850    5.48291    0.93081 +/- 0.00106
      134/1    0.91650    5.47339    0.93061 +/- 0.00106
      135/1    0.92794    5.48702    0.93058 +/- 0.00105
      136/1    0.92002    5.47876    0.93044 +/- 0.00104
      137/1    0.93704    5.48272    0.93053 +/- 0.00103
      138/1    0.94358    5.47183    0.93069 +/- 0.00103
      139/1    0.93061    5.48061    0.93069 +/- 0.00102
      140/1    0.93556    5.48560    0.93075 +/- 0.00101
      141/1    0.92142    5.49903    0.93064 +/- 0.00100
      142/1    0.92415    5.48884    0.93056 +/- 0.00099
      143/1    0.92441    5.48543    0.93048 +/- 0.00098
      144/1    0.94023    5.47557    0.93060 +/- 0.00098
      145/1    0.93565    5.46928    0.93066 +/- 0.00097
      146/1    0.93231    5.46561    0.93068 +/- 0.00096
      147/1    0.91732    5.46389    0.93053 +/- 0.00096
      148/1    0.93553    5.47657    0.93058 +/- 0.00095
      149/1    0.93545    5.49066    0.93064 +/- 0.00094
      150/1    0.93157    5.49664    0.93065 +/- 0.00093
      151/1    0.92735    5.49972    0.93061 +/- 0.00092
      152/1    0.93511    5.48197    0.93066 +/- 0.00091
      153/1    0.92840    5.48192    0.93064 +/- 0.00090
      154/1    0.93602    5.48692    0.93069 +/- 0.00089
      155/1    0.94806    5.46697    0.93088 +/- 0.00090
      156/1    0.94876    5.47646    0.93106 +/- 0.00091
      157/1    0.90611    5.49119    0.93081 +/- 0.00094
      158/1    0.91359    5.47928    0.93063 +/- 0.00095
      159/1    0.92722    5.47832    0.93060 +/- 0.00094
      160/1    0.91019    5.48158    0.93039 +/- 0.00095
 Creating state point statepoint.160.h5...

 =======================>     TIMING STATISTICS     <=======================

 Total time for initialization     = 0.0000e+00 seconds
   Reading cross sections          = 0.0000e+00 seconds
 Total time in simulation          = 3.6017e+02 seconds
   Time in transport only          = 3.5898e+02 seconds
   Time in inactive batches        = 1.0488e+02 seconds
   Time in active batches          = 2.5528e+02 seconds
   Time synchronizing fission bank = 2.7266e-01 seconds
     Sampling source sites         = 2.3561e-01 seconds
     SEND/RECV source sites        = 3.6250e-02 seconds
   Time accumulating tallies       = 6.2712e-01 seconds
   Time writing statepoints        = 1.1698e-02 seconds
 Total time for finalization       = 1.1330e-02 seconds
 Total time elapsed                = 3.6067e+02 seconds
 Calculation Rate (inactive)       = 11441.2 particles/second
 Calculation Rate (active)         = 7834.47 particles/second

 ============================>     RESULTS     <============================

 k-effective (Collision)     = 0.93065 +/- 0.00077
 k-effective (Track-length)  = 0.93039 +/- 0.00095
 k-effective (Absorption)    = 0.92921 +/- 0.00080
 Combined k-effective        = 0.92997 +/- 0.00069
 Leakage Fraction            = 0.00786 +/- 0.00006

 Creating state point openmc_simulation_n7.h5...
      chunk 1: B  21.50 MWd/kgHM k 0.92997 (target 0.96723) [56.7 min]
[d47] EFPD 1556.3 d (archive 1946.7), c_max 1406 (archive 1406), hump +0 pcm [8 solves, 0.94 h]
done; run --analyse
=== Check 3: three-dimensional depletion, one material set per axial layer
C9-47  (12 layers)
  cycle length   3D  1556.3 d (sigma 8.0)   archive  1946.7 d   difference -390.4 d   margins over 1826: 3D -270, archive +121
  k_eff BOL      3D 0.99744 (s.d. 67 pcm)   2D archive 1.02728   L_ax at BOL 1.0299   (table 1.0289)
  hump (3D)      +0 pcm (no floor -3)   archive +0
  c_max          3D 1406 ppm   archive 1406   difference +0 ppm
  (the values marked 'last' are at the last computed state, B = 21.5 MWd/kgHM, past the end of cycle at B = 15.5)
  F_dH           BOL 1.669  max 1.669  last 1.581   F_z BOL 1.447  max 1.454  last 1.166   AO BOL -0.024  last -0.003   entropy conv. max 8
  layer burnup at the last state [MWd/kgHM], bottom to top: 10.4 16.9 22.1 25.8 27.2 29.1 29.1 27.8 24.6 21.0 15.6 8.4   (max/mean 1.356)
  solves 8, wall 0.94 h
