nohup: ignoring input
check 3: designs [32], 8 layers (14 fuel segments, 96 depletable materials), transport {'particles': 20000, 'batches': 160, 'inactive': 60}, end of cycle relative, schedule {'bol_steps': [0.5, 1.0, 2.0, 4.0, 6.0], 'dep_step': 4.0, 'max_burnup': 100.0, 'chunk_steps': 2}, cached []
  C9-32: archive EFPD 1950 d, 8 depletion solves, c_max 2333 ppm
  openmc 0.15.3, chain /home/diogo/openmc_data/chain_endfb71_pwr.xml
[d32] 3D hardware core, 8 layers, 14 fuel segments, 96 depletable materials, seed 65893734, transport {'particles': 20000, 'batches': 160, 'inactive': 60}, end of cycle relative, ratio 0.92791
                                %%%%%%%%%%%%%%%
                           %%%%%%%%%%%%%%%%%%%%%%%%
                        %%%%%%%%%%%%%%%%%%%%%%%%%%%%%%
                      %%%%%%%%%%%%%%%%%%%%%%%%%%%%%%%%%%
                    %%%%%%%%%%%%%%%%%%%%%%%%%%%%%%%%%%%%%%
                   %%%%%%%%%%%%%%%%%%%%%%%%%%%%%%%%%%%%%%%%
                                    %%%%%%%%%%%%%%%%%%%%%%%%
                                     %%%%%%%%%%%%%%%%%%%%%%%%
                 ###############      %%%%%%%%%%%%%%%%%%%%%%%%
                ##################     %%%%%%%%%%%%%%%%%%%%%%%
                ###################     %%%%%%%%%%%%%%%%%%%%%%%
                ####################     %%%%%%%%%%%%%%%%%%%%%%
                #####################     %%%%%%%%%%%%%%%%%%%%%
                ######################     %%%%%%%%%%%%%%%%%%%%
                #######################     %%%%%%%%%%%%%%%%%%
                 #######################     %%%%%%%%%%%%%%%%%
                 ######################     %%%%%%%%%%%%%%%%%
                  ####################     %%%%%%%%%%%%%%%%%
                    #################     %%%%%%%%%%%%%%%%%
                     ###############     %%%%%%%%%%%%%%%%
                       ############     %%%%%%%%%%%%%%%
                          ########     %%%%%%%%%%%%%%
                                      %%%%%%%%%%%

                 | The OpenMC Monte Carlo Code
       Copyright | 2011-2025 MIT, UChicago Argonne LLC, and contributors
         License | https://docs.openmc.org/en/latest/license.html
         Version | 0.15.3
     Commit Hash | 27e38e894697bb32a1dac7848d2618818b6b8daf
       Date/Time | 2026-09-24 17:02:17
   MPI Processes | 1
  OpenMP Threads | 64

 Reading settings XML file...
 Reading cross sections XML file...
 Reading chain file: /home/diogo/openmc_data/chain_endfb71_pwr.xml...
 Reading materials XML file...
 Reading geometry XML file...
 Reading H1 from /home/diogo/openmc_data/endfb-vii.1-hdf5/neutron/H1.h5
 Reading H2 from /home/diogo/openmc_data/endfb-vii.1-hdf5/neutron/H2.h5
 Reading B10 from /home/diogo/openmc_data/endfb-vii.1-hdf5/neutron/B10.h5
 Reading B11 from /home/diogo/openmc_data/endfb-vii.1-hdf5/neutron/B11.h5
 Reading O16 from /home/diogo/openmc_data/endfb-vii.1-hdf5/neutron/O16.h5
 Reading O17 from /home/diogo/openmc_data/endfb-vii.1-hdf5/neutron/O17.h5
 Reading Cr50 from /home/diogo/openmc_data/endfb-vii.1-hdf5/neutron/Cr50.h5
 Reading Cr52 from /home/diogo/openmc_data/endfb-vii.1-hdf5/neutron/Cr52.h5
 Reading Cr53 from /home/diogo/openmc_data/endfb-vii.1-hdf5/neutron/Cr53.h5
 Reading Cr54 from /home/diogo/openmc_data/endfb-vii.1-hdf5/neutron/Cr54.h5
 Reading Mn55 from /home/diogo/openmc_data/endfb-vii.1-hdf5/neutron/Mn55.h5
 Reading Fe54 from /home/diogo/openmc_data/endfb-vii.1-hdf5/neutron/Fe54.h5
 Reading Fe56 from /home/diogo/openmc_data/endfb-vii.1-hdf5/neutron/Fe56.h5
 Reading Fe57 from /home/diogo/openmc_data/endfb-vii.1-hdf5/neutron/Fe57.h5
 Reading Fe58 from /home/diogo/openmc_data/endfb-vii.1-hdf5/neutron/Fe58.h5
 Reading Ni58 from /home/diogo/openmc_data/endfb-vii.1-hdf5/neutron/Ni58.h5
 Reading Ni60 from /home/diogo/openmc_data/endfb-vii.1-hdf5/neutron/Ni60.h5
 Reading Ni61 from /home/diogo/openmc_data/endfb-vii.1-hdf5/neutron/Ni61.h5
 Reading Ni62 from /home/diogo/openmc_data/endfb-vii.1-hdf5/neutron/Ni62.h5
 Reading Ni64 from /home/diogo/openmc_data/endfb-vii.1-hdf5/neutron/Ni64.h5
 Reading Zr90 from /home/diogo/openmc_data/endfb-vii.1-hdf5/neutron/Zr90.h5
 Reading Zr91 from /home/diogo/openmc_data/endfb-vii.1-hdf5/neutron/Zr91.h5
 Reading Zr92 from /home/diogo/openmc_data/endfb-vii.1-hdf5/neutron/Zr92.h5
 Reading Zr94 from /home/diogo/openmc_data/endfb-vii.1-hdf5/neutron/Zr94.h5
 Reading Zr96 from /home/diogo/openmc_data/endfb-vii.1-hdf5/neutron/Zr96.h5
 Reading Sn112 from /home/diogo/openmc_data/endfb-vii.1-hdf5/neutron/Sn112.h5
 Reading Sn114 from /home/diogo/openmc_data/endfb-vii.1-hdf5/neutron/Sn114.h5
 Reading Sn115 from /home/diogo/openmc_data/endfb-vii.1-hdf5/neutron/Sn115.h5
 Reading Sn116 from /home/diogo/openmc_data/endfb-vii.1-hdf5/neutron/Sn116.h5
 Reading Sn117 from /home/diogo/openmc_data/endfb-vii.1-hdf5/neutron/Sn117.h5
 Reading Sn118 from /home/diogo/openmc_data/endfb-vii.1-hdf5/neutron/Sn118.h5
 Reading Sn119 from /home/diogo/openmc_data/endfb-vii.1-hdf5/neutron/Sn119.h5
 Reading Sn120 from /home/diogo/openmc_data/endfb-vii.1-hdf5/neutron/Sn120.h5
 Reading Sn122 from /home/diogo/openmc_data/endfb-vii.1-hdf5/neutron/Sn122.h5
 Reading Sn124 from /home/diogo/openmc_data/endfb-vii.1-hdf5/neutron/Sn124.h5
 Reading He3 from /home/diogo/openmc_data/endfb-vii.1-hdf5/neutron/He3.h5
 Reading He4 from /home/diogo/openmc_data/endfb-vii.1-hdf5/neutron/He4.h5
 Reading U234 from /home/diogo/openmc_data/endfb-vii.1-hdf5/neutron/U234.h5
 Reading U235 from /home/diogo/openmc_data/endfb-vii.1-hdf5/neutron/U235.h5
 Reading U238 from /home/diogo/openmc_data/endfb-vii.1-hdf5/neutron/U238.h5
 Reading Gd152 from /home/diogo/openmc_data/endfb-vii.1-hdf5/neutron/Gd152.h5
 Reading Gd154 from /home/diogo/openmc_data/endfb-vii.1-hdf5/neutron/Gd154.h5
 Reading Gd155 from /home/diogo/openmc_data/endfb-vii.1-hdf5/neutron/Gd155.h5
 Reading Gd156 from /home/diogo/openmc_data/endfb-vii.1-hdf5/neutron/Gd156.h5
 Reading Gd157 from /home/diogo/openmc_data/endfb-vii.1-hdf5/neutron/Gd157.h5
 Reading Gd158 from /home/diogo/openmc_data/endfb-vii.1-hdf5/neutron/Gd158.h5
 Reading Gd160 from /home/diogo/openmc_data/endfb-vii.1-hdf5/neutron/Gd160.h5
 Reading Si28 from /home/diogo/openmc_data/endfb-vii.1-hdf5/neutron/Si28.h5
 Reading Si29 from /home/diogo/openmc_data/endfb-vii.1-hdf5/neutron/Si29.h5
 Reading Si30 from /home/diogo/openmc_data/endfb-vii.1-hdf5/neutron/Si30.h5
 Reading Ag107 from /home/diogo/openmc_data/endfb-vii.1-hdf5/neutron/Ag107.h5
 Reading Ag109 from /home/diogo/openmc_data/endfb-vii.1-hdf5/neutron/Ag109.h5
 Reading Cd106 from /home/diogo/openmc_data/endfb-vii.1-hdf5/neutron/Cd106.h5
 WARNING: Negative value(s) found on probability table for nuclide Cd106 at 294K
 WARNING: Negative value(s) found on probability table for nuclide Cd106 at 600K
 WARNING: Negative value(s) found on probability table for nuclide Cd106 at 900K
 WARNING: Negative value(s) found on probability table for nuclide Cd106 at
          1200K
 WARNING: Negative value(s) found on probability table for nuclide Cd106 at
          2500K
 Reading Cd108 from /home/diogo/openmc_data/endfb-vii.1-hdf5/neutron/Cd108.h5
 Reading Cd110 from /home/diogo/openmc_data/endfb-vii.1-hdf5/neutron/Cd110.h5
 Reading Cd111 from /home/diogo/openmc_data/endfb-vii.1-hdf5/neutron/Cd111.h5
 Reading Cd112 from /home/diogo/openmc_data/endfb-vii.1-hdf5/neutron/Cd112.h5
 Reading Cd113 from /home/diogo/openmc_data/endfb-vii.1-hdf5/neutron/Cd113.h5
 Reading Cd114 from /home/diogo/openmc_data/endfb-vii.1-hdf5/neutron/Cd114.h5
 Reading Cd116 from /home/diogo/openmc_data/endfb-vii.1-hdf5/neutron/Cd116.h5
 Reading In113 from /home/diogo/openmc_data/endfb-vii.1-hdf5/neutron/In113.h5
 Reading In115 from /home/diogo/openmc_data/endfb-vii.1-hdf5/neutron/In115.h5
 Reading c_H_in_H2O from
 /home/diogo/openmc_data/endfb-vii.1-hdf5/neutron/c_H_in_H2O.h5
 Minimum neutron data temperature: 294 K
 Maximum neutron data temperature: 2500 K
 Reading tallies XML file...
 Preparing distributed cell instances...
 Reading plot XML file...
 Writing summary.h5 file...
[openmc.deplete] t=0.0 s, dt=4327203.051553669 s, source=47869523.30856334
 Reading H3 from /home/diogo/openmc_data/endfb-vii.1-hdf5/neutron/H3.h5
 Reading Li6 from /home/diogo/openmc_data/endfb-vii.1-hdf5/neutron/Li6.h5
 Reading Li7 from /home/diogo/openmc_data/endfb-vii.1-hdf5/neutron/Li7.h5
 Reading Be9 from /home/diogo/openmc_data/endfb-vii.1-hdf5/neutron/Be9.h5
 Reading N14 from /home/diogo/openmc_data/endfb-vii.1-hdf5/neutron/N14.h5
 Reading N15 from /home/diogo/openmc_data/endfb-vii.1-hdf5/neutron/N15.h5
 Reading F19 from /home/diogo/openmc_data/endfb-vii.1-hdf5/neutron/F19.h5
 Reading Na22 from /home/diogo/openmc_data/endfb-vii.1-hdf5/neutron/Na22.h5
 WARNING: Negative value(s) found on probability table for nuclide Na22 at 250K
 WARNING: Negative value(s) found on probability table for nuclide Na22 at 294K
 WARNING: Negative value(s) found on probability table for nuclide Na22 at 600K
 WARNING: Negative value(s) found on probability table for nuclide Na22 at 900K
 WARNING: Negative value(s) found on probability table for nuclide Na22 at 1200K
 WARNING: Negative value(s) found on probability table for nuclide Na22 at 2500K
 Reading Na23 from /home/diogo/openmc_data/endfb-vii.1-hdf5/neutron/Na23.h5
 Reading Mg24 from /home/diogo/openmc_data/endfb-vii.1-hdf5/neutron/Mg24.h5
 Reading Mg25 from /home/diogo/openmc_data/endfb-vii.1-hdf5/neutron/Mg25.h5
 Reading Mg26 from /home/diogo/openmc_data/endfb-vii.1-hdf5/neutron/Mg26.h5
 Reading Al27 from /home/diogo/openmc_data/endfb-vii.1-hdf5/neutron/Al27.h5
 Reading P31 from /home/diogo/openmc_data/endfb-vii.1-hdf5/neutron/P31.h5
 Reading S32 from /home/diogo/openmc_data/endfb-vii.1-hdf5/neutron/S32.h5
 Reading S33 from /home/diogo/openmc_data/endfb-vii.1-hdf5/neutron/S33.h5
 Reading S34 from /home/diogo/openmc_data/endfb-vii.1-hdf5/neutron/S34.h5
 Reading S36 from /home/diogo/openmc_data/endfb-vii.1-hdf5/neutron/S36.h5
 Reading Cl35 from /home/diogo/openmc_data/endfb-vii.1-hdf5/neutron/Cl35.h5
 Reading Cl37 from /home/diogo/openmc_data/endfb-vii.1-hdf5/neutron/Cl37.h5
 Reading Ar36 from /home/diogo/openmc_data/endfb-vii.1-hdf5/neutron/Ar36.h5
 WARNING: Negative value(s) found on probability table for nuclide Ar36 at 250K
 WARNING: Negative value(s) found on probability table for nuclide Ar36 at 294K
 WARNING: Negative value(s) found on probability table for nuclide Ar36 at 600K
 WARNING: Negative value(s) found on probability table for nuclide Ar36 at 900K
 WARNING: Negative value(s) found on probability table for nuclide Ar36 at 1200K
 WARNING: Negative value(s) found on probability table for nuclide Ar36 at 2500K
 Reading Ar38 from /home/diogo/openmc_data/endfb-vii.1-hdf5/neutron/Ar38.h5
 Reading Ar40 from /home/diogo/openmc_data/endfb-vii.1-hdf5/neutron/Ar40.h5
 Reading K39 from /home/diogo/openmc_data/endfb-vii.1-hdf5/neutron/K39.h5
 Reading K40 from /home/diogo/openmc_data/endfb-vii.1-hdf5/neutron/K40.h5
 Reading K41 from /home/diogo/openmc_data/endfb-vii.1-hdf5/neutron/K41.h5
 Reading Ca40 from /home/diogo/openmc_data/endfb-vii.1-hdf5/neutron/Ca40.h5
 Reading Ca42 from /home/diogo/openmc_data/endfb-vii.1-hdf5/neutron/Ca42.h5
 Reading Ca43 from /home/diogo/openmc_data/endfb-vii.1-hdf5/neutron/Ca43.h5
 Reading Ca44 from /home/diogo/openmc_data/endfb-vii.1-hdf5/neutron/Ca44.h5
 Reading Ca46 from /home/diogo/openmc_data/endfb-vii.1-hdf5/neutron/Ca46.h5
 Reading Ca48 from /home/diogo/openmc_data/endfb-vii.1-hdf5/neutron/Ca48.h5
 Reading Sc45 from /home/diogo/openmc_data/endfb-vii.1-hdf5/neutron/Sc45.h5
 Reading Ti46 from /home/diogo/openmc_data/endfb-vii.1-hdf5/neutron/Ti46.h5
 Reading Ti47 from /home/diogo/openmc_data/endfb-vii.1-hdf5/neutron/Ti47.h5
 Reading Ti48 from /home/diogo/openmc_data/endfb-vii.1-hdf5/neutron/Ti48.h5
 Reading Ti49 from /home/diogo/openmc_data/endfb-vii.1-hdf5/neutron/Ti49.h5
 Reading Ti50 from /home/diogo/openmc_data/endfb-vii.1-hdf5/neutron/Ti50.h5
 Reading V50 from /home/diogo/openmc_data/endfb-vii.1-hdf5/neutron/V50.h5
 Reading V51 from /home/diogo/openmc_data/endfb-vii.1-hdf5/neutron/V51.h5
 Reading Co58 from /home/diogo/openmc_data/endfb-vii.1-hdf5/neutron/Co58.h5
 Reading Co58_m1 from
 /home/diogo/openmc_data/endfb-vii.1-hdf5/neutron/Co58_m1.h5
 Reading Co59 from /home/diogo/openmc_data/endfb-vii.1-hdf5/neutron/Co59.h5
 Reading Ni59 from /home/diogo/openmc_data/endfb-vii.1-hdf5/neutron/Ni59.h5
 Reading Cu63 from /home/diogo/openmc_data/endfb-vii.1-hdf5/neutron/Cu63.h5
 Reading Cu65 from /home/diogo/openmc_data/endfb-vii.1-hdf5/neutron/Cu65.h5
 Reading Zn64 from /home/diogo/openmc_data/endfb-vii.1-hdf5/neutron/Zn64.h5
 Reading Zn65 from /home/diogo/openmc_data/endfb-vii.1-hdf5/neutron/Zn65.h5
 Reading Zn66 from /home/diogo/openmc_data/endfb-vii.1-hdf5/neutron/Zn66.h5
 Reading Zn67 from /home/diogo/openmc_data/endfb-vii.1-hdf5/neutron/Zn67.h5
 Reading Zn68 from /home/diogo/openmc_data/endfb-vii.1-hdf5/neutron/Zn68.h5
 Reading Zn70 from /home/diogo/openmc_data/endfb-vii.1-hdf5/neutron/Zn70.h5
 Reading Ga69 from /home/diogo/openmc_data/endfb-vii.1-hdf5/neutron/Ga69.h5
 Reading Ga71 from /home/diogo/openmc_data/endfb-vii.1-hdf5/neutron/Ga71.h5
 Reading Ge70 from /home/diogo/openmc_data/endfb-vii.1-hdf5/neutron/Ge70.h5
 Reading Ge72 from /home/diogo/openmc_data/endfb-vii.1-hdf5/neutron/Ge72.h5
 Reading Ge73 from /home/diogo/openmc_data/endfb-vii.1-hdf5/neutron/Ge73.h5
 Reading Ge74 from /home/diogo/openmc_data/endfb-vii.1-hdf5/neutron/Ge74.h5
 Reading Ge76 from /home/diogo/openmc_data/endfb-vii.1-hdf5/neutron/Ge76.h5
 Reading As74 from /home/diogo/openmc_data/endfb-vii.1-hdf5/neutron/As74.h5
 Reading As75 from /home/diogo/openmc_data/endfb-vii.1-hdf5/neutron/As75.h5
 Reading Se74 from /home/diogo/openmc_data/endfb-vii.1-hdf5/neutron/Se74.h5
 Reading Se76 from /home/diogo/openmc_data/endfb-vii.1-hdf5/neutron/Se76.h5
 Reading Se77 from /home/diogo/openmc_data/endfb-vii.1-hdf5/neutron/Se77.h5
 Reading Se78 from /home/diogo/openmc_data/endfb-vii.1-hdf5/neutron/Se78.h5
 Reading Se79 from /home/diogo/openmc_data/endfb-vii.1-hdf5/neutron/Se79.h5
 WARNING: Negative value(s) found on probability table for nuclide Se79 at 250K
 WARNING: Negative value(s) found on probability table for nuclide Se79 at 294K
 WARNING: Negative value(s) found on probability table for nuclide Se79 at 600K
 WARNING: Negative value(s) found on probability table for nuclide Se79 at 900K
 WARNING: Negative value(s) found on probability table for nuclide Se79 at 1200K
 Reading Se80 from /home/diogo/openmc_data/endfb-vii.1-hdf5/neutron/Se80.h5
 Reading Se82 from /home/diogo/openmc_data/endfb-vii.1-hdf5/neutron/Se82.h5
 Reading Br79 from /home/diogo/openmc_data/endfb-vii.1-hdf5/neutron/Br79.h5
 Reading Br81 from /home/diogo/openmc_data/endfb-vii.1-hdf5/neutron/Br81.h5
 Reading Kr78 from /home/diogo/openmc_data/endfb-vii.1-hdf5/neutron/Kr78.h5
 Reading Kr80 from /home/diogo/openmc_data/endfb-vii.1-hdf5/neutron/Kr80.h5
 Reading Kr82 from /home/diogo/openmc_data/endfb-vii.1-hdf5/neutron/Kr82.h5
 Reading Kr83 from /home/diogo/openmc_data/endfb-vii.1-hdf5/neutron/Kr83.h5
 Reading Kr84 from /home/diogo/openmc_data/endfb-vii.1-hdf5/neutron/Kr84.h5
 Reading Kr85 from /home/diogo/openmc_data/endfb-vii.1-hdf5/neutron/Kr85.h5
 Reading Kr86 from /home/diogo/openmc_data/endfb-vii.1-hdf5/neutron/Kr86.h5
 Reading Rb85 from /home/diogo/openmc_data/endfb-vii.1-hdf5/neutron/Rb85.h5
 Reading Rb86 from /home/diogo/openmc_data/endfb-vii.1-hdf5/neutron/Rb86.h5
 Reading Rb87 from /home/diogo/openmc_data/endfb-vii.1-hdf5/neutron/Rb87.h5
 Reading Sr84 from /home/diogo/openmc_data/endfb-vii.1-hdf5/neutron/Sr84.h5
 Reading Sr86 from /home/diogo/openmc_data/endfb-vii.1-hdf5/neutron/Sr86.h5
 Reading Sr87 from /home/diogo/openmc_data/endfb-vii.1-hdf5/neutron/Sr87.h5
 Reading Sr88 from /home/diogo/openmc_data/endfb-vii.1-hdf5/neutron/Sr88.h5
 Reading Sr89 from /home/diogo/openmc_data/endfb-vii.1-hdf5/neutron/Sr89.h5
 Reading Sr90 from /home/diogo/openmc_data/endfb-vii.1-hdf5/neutron/Sr90.h5
 Reading Y89 from /home/diogo/openmc_data/endfb-vii.1-hdf5/neutron/Y89.h5
 Reading Y90 from /home/diogo/openmc_data/endfb-vii.1-hdf5/neutron/Y90.h5
 Reading Y91 from /home/diogo/openmc_data/endfb-vii.1-hdf5/neutron/Y91.h5
 Reading Zr93 from /home/diogo/openmc_data/endfb-vii.1-hdf5/neutron/Zr93.h5
 Reading Zr95 from /home/diogo/openmc_data/endfb-vii.1-hdf5/neutron/Zr95.h5
 Reading Nb93 from /home/diogo/openmc_data/endfb-vii.1-hdf5/neutron/Nb93.h5
 Reading Nb94 from /home/diogo/openmc_data/endfb-vii.1-hdf5/neutron/Nb94.h5
 WARNING: Negative value(s) found on probability table for nuclide Nb94 at 250K
 WARNING: Negative value(s) found on probability table for nuclide Nb94 at 294K
 WARNING: Negative value(s) found on probability table for nuclide Nb94 at 600K
 WARNING: Negative value(s) found on probability table for nuclide Nb94 at 900K
 WARNING: Negative value(s) found on probability table for nuclide Nb94 at 1200K
 WARNING: Negative value(s) found on probability table for nuclide Nb94 at 2500K
 Reading Nb95 from /home/diogo/openmc_data/endfb-vii.1-hdf5/neutron/Nb95.h5
 WARNING: Negative value(s) found on probability table for nuclide Nb95 at 250K
 WARNING: Negative value(s) found on probability table for nuclide Nb95 at 294K
 WARNING: Negative value(s) found on probability table for nuclide Nb95 at 600K
 WARNING: Negative value(s) found on probability table for nuclide Nb95 at 900K
 WARNING: Negative value(s) found on probability table for nuclide Nb95 at 1200K
 Reading Mo92 from /home/diogo/openmc_data/endfb-vii.1-hdf5/neutron/Mo92.h5
 Reading Mo94 from /home/diogo/openmc_data/endfb-vii.1-hdf5/neutron/Mo94.h5
 Reading Mo95 from /home/diogo/openmc_data/endfb-vii.1-hdf5/neutron/Mo95.h5
 Reading Mo96 from /home/diogo/openmc_data/endfb-vii.1-hdf5/neutron/Mo96.h5
 Reading Mo97 from /home/diogo/openmc_data/endfb-vii.1-hdf5/neutron/Mo97.h5
 Reading Mo98 from /home/diogo/openmc_data/endfb-vii.1-hdf5/neutron/Mo98.h5
 Reading Mo99 from /home/diogo/openmc_data/endfb-vii.1-hdf5/neutron/Mo99.h5
 WARNING: Negative value(s) found on probability table for nuclide Mo99 at 250K
 WARNING: Negative value(s) found on probability table for nuclide Mo99 at 294K
 WARNING: Negative value(s) found on probability table for nuclide Mo99 at 600K
 WARNING: Negative value(s) found on probability table for nuclide Mo99 at 900K
 WARNING: Negative value(s) found on probability table for nuclide Mo99 at 1200K
 WARNING: Negative value(s) found on probability table for nuclide Mo99 at 2500K
 Reading Mo100 from /home/diogo/openmc_data/endfb-vii.1-hdf5/neutron/Mo100.h5
 Reading Tc99 from /home/diogo/openmc_data/endfb-vii.1-hdf5/neutron/Tc99.h5
 Reading Ru96 from /home/diogo/openmc_data/endfb-vii.1-hdf5/neutron/Ru96.h5
 Reading Ru98 from /home/diogo/openmc_data/endfb-vii.1-hdf5/neutron/Ru98.h5
 Reading Ru99 from /home/diogo/openmc_data/endfb-vii.1-hdf5/neutron/Ru99.h5
 Reading Ru100 from /home/diogo/openmc_data/endfb-vii.1-hdf5/neutron/Ru100.h5
 Reading Ru101 from /home/diogo/openmc_data/endfb-vii.1-hdf5/neutron/Ru101.h5
 Reading Ru102 from /home/diogo/openmc_data/endfb-vii.1-hdf5/neutron/Ru102.h5
 Reading Ru103 from /home/diogo/openmc_data/endfb-vii.1-hdf5/neutron/Ru103.h5
 Reading Ru104 from /home/diogo/openmc_data/endfb-vii.1-hdf5/neutron/Ru104.h5
 Reading Ru105 from /home/diogo/openmc_data/endfb-vii.1-hdf5/neutron/Ru105.h5
 Reading Ru106 from /home/diogo/openmc_data/endfb-vii.1-hdf5/neutron/Ru106.h5
 Reading Rh103 from /home/diogo/openmc_data/endfb-vii.1-hdf5/neutron/Rh103.h5
 Reading Rh105 from /home/diogo/openmc_data/endfb-vii.1-hdf5/neutron/Rh105.h5
 Reading Pd102 from /home/diogo/openmc_data/endfb-vii.1-hdf5/neutron/Pd102.h5
 Reading Pd104 from /home/diogo/openmc_data/endfb-vii.1-hdf5/neutron/Pd104.h5
 Reading Pd105 from /home/diogo/openmc_data/endfb-vii.1-hdf5/neutron/Pd105.h5
 Reading Pd106 from /home/diogo/openmc_data/endfb-vii.1-hdf5/neutron/Pd106.h5
 Reading Pd107 from /home/diogo/openmc_data/endfb-vii.1-hdf5/neutron/Pd107.h5
 Reading Pd108 from /home/diogo/openmc_data/endfb-vii.1-hdf5/neutron/Pd108.h5
 Reading Pd110 from /home/diogo/openmc_data/endfb-vii.1-hdf5/neutron/Pd110.h5
 Reading Ag110_m1 from
 /home/diogo/openmc_data/endfb-vii.1-hdf5/neutron/Ag110_m1.h5
 Reading Ag111 from /home/diogo/openmc_data/endfb-vii.1-hdf5/neutron/Ag111.h5
 Reading Cd115_m1 from
 /home/diogo/openmc_data/endfb-vii.1-hdf5/neutron/Cd115_m1.h5
 Reading Sn113 from /home/diogo/openmc_data/endfb-vii.1-hdf5/neutron/Sn113.h5
 Reading Sn123 from /home/diogo/openmc_data/endfb-vii.1-hdf5/neutron/Sn123.h5
 WARNING: Negative value(s) found on probability table for nuclide Sn123 at 250K
 WARNING: Negative value(s) found on probability table for nuclide Sn123 at 294K
 WARNING: Negative value(s) found on probability table for nuclide Sn123 at 600K
 WARNING: Negative value(s) found on probability table for nuclide Sn123 at 900K
 WARNING: Negative value(s) found on probability table for nuclide Sn123 at
          1200K
 WARNING: Negative value(s) found on probability table for nuclide Sn123 at
          2500K
 Reading Sn125 from /home/diogo/openmc_data/endfb-vii.1-hdf5/neutron/Sn125.h5
 Reading Sn126 from /home/diogo/openmc_data/endfb-vii.1-hdf5/neutron/Sn126.h5
 Reading Sb121 from /home/diogo/openmc_data/endfb-vii.1-hdf5/neutron/Sb121.h5
 Reading Sb123 from /home/diogo/openmc_data/endfb-vii.1-hdf5/neutron/Sb123.h5
 Reading Sb124 from /home/diogo/openmc_data/endfb-vii.1-hdf5/neutron/Sb124.h5
 Reading Sb125 from /home/diogo/openmc_data/endfb-vii.1-hdf5/neutron/Sb125.h5
 Reading Sb126 from /home/diogo/openmc_data/endfb-vii.1-hdf5/neutron/Sb126.h5
 Reading Te120 from /home/diogo/openmc_data/endfb-vii.1-hdf5/neutron/Te120.h5
 WARNING: Negative value(s) found on probability table for nuclide Te120 at 600K
 WARNING: Negative value(s) found on probability table for nuclide Te120 at 900K
 WARNING: Negative value(s) found on probability table for nuclide Te120 at
          1200K
 WARNING: Negative value(s) found on probability table for nuclide Te120 at
          2500K
 Reading Te122 from /home/diogo/openmc_data/endfb-vii.1-hdf5/neutron/Te122.h5
 Reading Te123 from /home/diogo/openmc_data/endfb-vii.1-hdf5/neutron/Te123.h5
 Reading Te124 from /home/diogo/openmc_data/endfb-vii.1-hdf5/neutron/Te124.h5
 Reading Te125 from /home/diogo/openmc_data/endfb-vii.1-hdf5/neutron/Te125.h5
 Reading Te126 from /home/diogo/openmc_data/endfb-vii.1-hdf5/neutron/Te126.h5
 Reading Te127_m1 from
 /home/diogo/openmc_data/endfb-vii.1-hdf5/neutron/Te127_m1.h5
 Reading Te128 from /home/diogo/openmc_data/endfb-vii.1-hdf5/neutron/Te128.h5
 Reading Te129_m1 from
 /home/diogo/openmc_data/endfb-vii.1-hdf5/neutron/Te129_m1.h5
 Reading Te130 from /home/diogo/openmc_data/endfb-vii.1-hdf5/neutron/Te130.h5
 Reading Te132 from /home/diogo/openmc_data/endfb-vii.1-hdf5/neutron/Te132.h5
 Reading I127 from /home/diogo/openmc_data/endfb-vii.1-hdf5/neutron/I127.h5
 Reading I129 from /home/diogo/openmc_data/endfb-vii.1-hdf5/neutron/I129.h5
 Reading I130 from /home/diogo/openmc_data/endfb-vii.1-hdf5/neutron/I130.h5
 Reading I131 from /home/diogo/openmc_data/endfb-vii.1-hdf5/neutron/I131.h5
 WARNING: Negative value(s) found on probability table for nuclide I131 at 250K
 WARNING: Negative value(s) found on probability table for nuclide I131 at 294K
 WARNING: Negative value(s) found on probability table for nuclide I131 at 600K
 WARNING: Negative value(s) found on probability table for nuclide I131 at 900K
 WARNING: Negative value(s) found on probability table for nuclide I131 at 1200K
 WARNING: Negative value(s) found on probability table for nuclide I131 at 2500K
 Reading I135 from /home/diogo/openmc_data/endfb-vii.1-hdf5/neutron/I135.h5
 Reading Xe123 from /home/diogo/openmc_data/endfb-vii.1-hdf5/neutron/Xe123.h5
 Reading Xe124 from /home/diogo/openmc_data/endfb-vii.1-hdf5/neutron/Xe124.h5
 Reading Xe126 from /home/diogo/openmc_data/endfb-vii.1-hdf5/neutron/Xe126.h5
 Reading Xe128 from /home/diogo/openmc_data/endfb-vii.1-hdf5/neutron/Xe128.h5
 Reading Xe129 from /home/diogo/openmc_data/endfb-vii.1-hdf5/neutron/Xe129.h5
 Reading Xe130 from /home/diogo/openmc_data/endfb-vii.1-hdf5/neutron/Xe130.h5
 Reading Xe131 from /home/diogo/openmc_data/endfb-vii.1-hdf5/neutron/Xe131.h5
 Reading Xe132 from /home/diogo/openmc_data/endfb-vii.1-hdf5/neutron/Xe132.h5
 Reading Xe133 from /home/diogo/openmc_data/endfb-vii.1-hdf5/neutron/Xe133.h5
 WARNING: Negative value(s) found on probability table for nuclide Xe133 at
          2500K
 Reading Xe134 from /home/diogo/openmc_data/endfb-vii.1-hdf5/neutron/Xe134.h5
 Reading Xe135 from /home/diogo/openmc_data/endfb-vii.1-hdf5/neutron/Xe135.h5
 Reading Xe136 from /home/diogo/openmc_data/endfb-vii.1-hdf5/neutron/Xe136.h5
 Reading Cs133 from /home/diogo/openmc_data/endfb-vii.1-hdf5/neutron/Cs133.h5
 Reading Cs134 from /home/diogo/openmc_data/endfb-vii.1-hdf5/neutron/Cs134.h5
 Reading Cs135 from /home/diogo/openmc_data/endfb-vii.1-hdf5/neutron/Cs135.h5
 Reading Cs136 from /home/diogo/openmc_data/endfb-vii.1-hdf5/neutron/Cs136.h5
 WARNING: Negative value(s) found on probability table for nuclide Cs136 at 250K
 WARNING: Negative value(s) found on probability table for nuclide Cs136 at 294K
 WARNING: Negative value(s) found on probability table for nuclide Cs136 at 600K
 WARNING: Negative value(s) found on probability table for nuclide Cs136 at 900K
 WARNING: Negative value(s) found on probability table for nuclide Cs136 at
          1200K
 WARNING: Negative value(s) found on probability table for nuclide Cs136 at
          2500K
 Reading Cs137 from /home/diogo/openmc_data/endfb-vii.1-hdf5/neutron/Cs137.h5
 Reading Ba130 from /home/diogo/openmc_data/endfb-vii.1-hdf5/neutron/Ba130.h5
 Reading Ba132 from /home/diogo/openmc_data/endfb-vii.1-hdf5/neutron/Ba132.h5
 Reading Ba133 from /home/diogo/openmc_data/endfb-vii.1-hdf5/neutron/Ba133.h5
 Reading Ba134 from /home/diogo/openmc_data/endfb-vii.1-hdf5/neutron/Ba134.h5
 Reading Ba135 from /home/diogo/openmc_data/endfb-vii.1-hdf5/neutron/Ba135.h5
 Reading Ba136 from /home/diogo/openmc_data/endfb-vii.1-hdf5/neutron/Ba136.h5
 Reading Ba137 from /home/diogo/openmc_data/endfb-vii.1-hdf5/neutron/Ba137.h5
 Reading Ba138 from /home/diogo/openmc_data/endfb-vii.1-hdf5/neutron/Ba138.h5
 Reading Ba140 from /home/diogo/openmc_data/endfb-vii.1-hdf5/neutron/Ba140.h5
 Reading La138 from /home/diogo/openmc_data/endfb-vii.1-hdf5/neutron/La138.h5
 Reading La139 from /home/diogo/openmc_data/endfb-vii.1-hdf5/neutron/La139.h5
 Reading La140 from /home/diogo/openmc_data/endfb-vii.1-hdf5/neutron/La140.h5
 Reading Ce136 from /home/diogo/openmc_data/endfb-vii.1-hdf5/neutron/Ce136.h5
 Reading Ce138 from /home/diogo/openmc_data/endfb-vii.1-hdf5/neutron/Ce138.h5
 Reading Ce139 from /home/diogo/openmc_data/endfb-vii.1-hdf5/neutron/Ce139.h5
 Reading Ce140 from /home/diogo/openmc_data/endfb-vii.1-hdf5/neutron/Ce140.h5
 Reading Ce141 from /home/diogo/openmc_data/endfb-vii.1-hdf5/neutron/Ce141.h5
 Reading Ce142 from /home/diogo/openmc_data/endfb-vii.1-hdf5/neutron/Ce142.h5
 Reading Ce143 from /home/diogo/openmc_data/endfb-vii.1-hdf5/neutron/Ce143.h5
 Reading Ce144 from /home/diogo/openmc_data/endfb-vii.1-hdf5/neutron/Ce144.h5
 Reading Pr141 from /home/diogo/openmc_data/endfb-vii.1-hdf5/neutron/Pr141.h5
 Reading Pr142 from /home/diogo/openmc_data/endfb-vii.1-hdf5/neutron/Pr142.h5
 Reading Pr143 from /home/diogo/openmc_data/endfb-vii.1-hdf5/neutron/Pr143.h5
 Reading Nd142 from /home/diogo/openmc_data/endfb-vii.1-hdf5/neutron/Nd142.h5
 Reading Nd143 from /home/diogo/openmc_data/endfb-vii.1-hdf5/neutron/Nd143.h5
 Reading Nd144 from /home/diogo/openmc_data/endfb-vii.1-hdf5/neutron/Nd144.h5
 Reading Nd145 from /home/diogo/openmc_data/endfb-vii.1-hdf5/neutron/Nd145.h5
 Reading Nd146 from /home/diogo/openmc_data/endfb-vii.1-hdf5/neutron/Nd146.h5
 Reading Nd147 from /home/diogo/openmc_data/endfb-vii.1-hdf5/neutron/Nd147.h5
 Reading Nd148 from /home/diogo/openmc_data/endfb-vii.1-hdf5/neutron/Nd148.h5
 Reading Nd150 from /home/diogo/openmc_data/endfb-vii.1-hdf5/neutron/Nd150.h5
 Reading Pm147 from /home/diogo/openmc_data/endfb-vii.1-hdf5/neutron/Pm147.h5
 Reading Pm148 from /home/diogo/openmc_data/endfb-vii.1-hdf5/neutron/Pm148.h5
 Reading Pm148_m1 from
 /home/diogo/openmc_data/endfb-vii.1-hdf5/neutron/Pm148_m1.h5
 Reading Pm149 from /home/diogo/openmc_data/endfb-vii.1-hdf5/neutron/Pm149.h5
 Reading Pm151 from /home/diogo/openmc_data/endfb-vii.1-hdf5/neutron/Pm151.h5
 Reading Sm144 from /home/diogo/openmc_data/endfb-vii.1-hdf5/neutron/Sm144.h5
 Reading Sm147 from /home/diogo/openmc_data/endfb-vii.1-hdf5/neutron/Sm147.h5
 Reading Sm148 from /home/diogo/openmc_data/endfb-vii.1-hdf5/neutron/Sm148.h5
 Reading Sm149 from /home/diogo/openmc_data/endfb-vii.1-hdf5/neutron/Sm149.h5
 Reading Sm150 from /home/diogo/openmc_data/endfb-vii.1-hdf5/neutron/Sm150.h5
 Reading Sm151 from /home/diogo/openmc_data/endfb-vii.1-hdf5/neutron/Sm151.h5
 Reading Sm152 from /home/diogo/openmc_data/endfb-vii.1-hdf5/neutron/Sm152.h5
 Reading Sm153 from /home/diogo/openmc_data/endfb-vii.1-hdf5/neutron/Sm153.h5
 Reading Sm154 from /home/diogo/openmc_data/endfb-vii.1-hdf5/neutron/Sm154.h5
 Reading Eu151 from /home/diogo/openmc_data/endfb-vii.1-hdf5/neutron/Eu151.h5
 Reading Eu152 from /home/diogo/openmc_data/endfb-vii.1-hdf5/neutron/Eu152.h5
 Reading Eu153 from /home/diogo/openmc_data/endfb-vii.1-hdf5/neutron/Eu153.h5
 Reading Eu154 from /home/diogo/openmc_data/endfb-vii.1-hdf5/neutron/Eu154.h5
 Reading Eu155 from /home/diogo/openmc_data/endfb-vii.1-hdf5/neutron/Eu155.h5
 Reading Eu156 from /home/diogo/openmc_data/endfb-vii.1-hdf5/neutron/Eu156.h5
 WARNING: Negative value(s) found on probability table for nuclide Eu156 at 250K
 WARNING: Negative value(s) found on probability table for nuclide Eu156 at 294K
 WARNING: Negative value(s) found on probability table for nuclide Eu156 at 600K
 WARNING: Negative value(s) found on probability table for nuclide Eu156 at 900K
 WARNING: Negative value(s) found on probability table for nuclide Eu156 at
          1200K
 WARNING: Negative value(s) found on probability table for nuclide Eu156 at
          2500K
 Reading Eu157 from /home/diogo/openmc_data/endfb-vii.1-hdf5/neutron/Eu157.h5
 Reading Gd153 from /home/diogo/openmc_data/endfb-vii.1-hdf5/neutron/Gd153.h5
 Reading Tb159 from /home/diogo/openmc_data/endfb-vii.1-hdf5/neutron/Tb159.h5
 Reading Tb160 from /home/diogo/openmc_data/endfb-vii.1-hdf5/neutron/Tb160.h5
 Reading Dy156 from /home/diogo/openmc_data/endfb-vii.1-hdf5/neutron/Dy156.h5
 Reading Dy158 from /home/diogo/openmc_data/endfb-vii.1-hdf5/neutron/Dy158.h5
 Reading Dy160 from /home/diogo/openmc_data/endfb-vii.1-hdf5/neutron/Dy160.h5
 Reading Dy161 from /home/diogo/openmc_data/endfb-vii.1-hdf5/neutron/Dy161.h5
 Reading Dy162 from /home/diogo/openmc_data/endfb-vii.1-hdf5/neutron/Dy162.h5
 Reading Dy163 from /home/diogo/openmc_data/endfb-vii.1-hdf5/neutron/Dy163.h5
 Reading Dy164 from /home/diogo/openmc_data/endfb-vii.1-hdf5/neutron/Dy164.h5
 Reading Ho165 from /home/diogo/openmc_data/endfb-vii.1-hdf5/neutron/Ho165.h5
 Reading Ho166_m1 from
 /home/diogo/openmc_data/endfb-vii.1-hdf5/neutron/Ho166_m1.h5
 Reading Er162 from /home/diogo/openmc_data/endfb-vii.1-hdf5/neutron/Er162.h5
 Reading Er164 from /home/diogo/openmc_data/endfb-vii.1-hdf5/neutron/Er164.h5
 Reading Er166 from /home/diogo/openmc_data/endfb-vii.1-hdf5/neutron/Er166.h5
 Reading Er167 from /home/diogo/openmc_data/endfb-vii.1-hdf5/neutron/Er167.h5
 Reading Er168 from /home/diogo/openmc_data/endfb-vii.1-hdf5/neutron/Er168.h5
 Reading Er170 from /home/diogo/openmc_data/endfb-vii.1-hdf5/neutron/Er170.h5
 Reading Tm168 from /home/diogo/openmc_data/endfb-vii.1-hdf5/neutron/Tm168.h5
 Reading Tm169 from /home/diogo/openmc_data/endfb-vii.1-hdf5/neutron/Tm169.h5
 Reading Tm170 from /home/diogo/openmc_data/endfb-vii.1-hdf5/neutron/Tm170.h5
 Reading Lu175 from /home/diogo/openmc_data/endfb-vii.1-hdf5/neutron/Lu175.h5
 Reading Lu176 from /home/diogo/openmc_data/endfb-vii.1-hdf5/neutron/Lu176.h5
 Reading Hf174 from /home/diogo/openmc_data/endfb-vii.1-hdf5/neutron/Hf174.h5
 Reading Hf176 from /home/diogo/openmc_data/endfb-vii.1-hdf5/neutron/Hf176.h5
 Reading Hf177 from /home/diogo/openmc_data/endfb-vii.1-hdf5/neutron/Hf177.h5
 Reading Hf178 from /home/diogo/openmc_data/endfb-vii.1-hdf5/neutron/Hf178.h5
 Reading Hf179 from /home/diogo/openmc_data/endfb-vii.1-hdf5/neutron/Hf179.h5
 Reading Hf180 from /home/diogo/openmc_data/endfb-vii.1-hdf5/neutron/Hf180.h5
 Reading Ta180 from /home/diogo/openmc_data/endfb-vii.1-hdf5/neutron/Ta180.h5
 Reading Ta181 from /home/diogo/openmc_data/endfb-vii.1-hdf5/neutron/Ta181.h5
 Reading Ta182 from /home/diogo/openmc_data/endfb-vii.1-hdf5/neutron/Ta182.h5
 Reading W180 from /home/diogo/openmc_data/endfb-vii.1-hdf5/neutron/W180.h5
 Reading W182 from /home/diogo/openmc_data/endfb-vii.1-hdf5/neutron/W182.h5
 Reading W183 from /home/diogo/openmc_data/endfb-vii.1-hdf5/neutron/W183.h5
 Reading W184 from /home/diogo/openmc_data/endfb-vii.1-hdf5/neutron/W184.h5
 Reading W186 from /home/diogo/openmc_data/endfb-vii.1-hdf5/neutron/W186.h5
 Reading Re185 from /home/diogo/openmc_data/endfb-vii.1-hdf5/neutron/Re185.h5
 Reading Re187 from /home/diogo/openmc_data/endfb-vii.1-hdf5/neutron/Re187.h5
 Reading Ir191 from /home/diogo/openmc_data/endfb-vii.1-hdf5/neutron/Ir191.h5
 Reading Ir193 from /home/diogo/openmc_data/endfb-vii.1-hdf5/neutron/Ir193.h5
 Reading Au197 from /home/diogo/openmc_data/endfb-vii.1-hdf5/neutron/Au197.h5
 Reading Hg196 from /home/diogo/openmc_data/endfb-vii.1-hdf5/neutron/Hg196.h5
 Reading Hg198 from /home/diogo/openmc_data/endfb-vii.1-hdf5/neutron/Hg198.h5
 Reading Hg199 from /home/diogo/openmc_data/endfb-vii.1-hdf5/neutron/Hg199.h5
 Reading Hg200 from /home/diogo/openmc_data/endfb-vii.1-hdf5/neutron/Hg200.h5
 Reading Hg201 from /home/diogo/openmc_data/endfb-vii.1-hdf5/neutron/Hg201.h5
 Reading Hg202 from /home/diogo/openmc_data/endfb-vii.1-hdf5/neutron/Hg202.h5
 Reading Hg204 from /home/diogo/openmc_data/endfb-vii.1-hdf5/neutron/Hg204.h5
 Reading Tl203 from /home/diogo/openmc_data/endfb-vii.1-hdf5/neutron/Tl203.h5
 Reading Tl205 from /home/diogo/openmc_data/endfb-vii.1-hdf5/neutron/Tl205.h5
 Reading Pb204 from /home/diogo/openmc_data/endfb-vii.1-hdf5/neutron/Pb204.h5
 Reading Pb206 from /home/diogo/openmc_data/endfb-vii.1-hdf5/neutron/Pb206.h5
 Reading Pb207 from /home/diogo/openmc_data/endfb-vii.1-hdf5/neutron/Pb207.h5
 Reading Pb208 from /home/diogo/openmc_data/endfb-vii.1-hdf5/neutron/Pb208.h5
 Reading Bi209 from /home/diogo/openmc_data/endfb-vii.1-hdf5/neutron/Bi209.h5
 Reading Ra223 from /home/diogo/openmc_data/endfb-vii.1-hdf5/neutron/Ra223.h5
 Reading Ra224 from /home/diogo/openmc_data/endfb-vii.1-hdf5/neutron/Ra224.h5
 Reading Ra225 from /home/diogo/openmc_data/endfb-vii.1-hdf5/neutron/Ra225.h5
 Reading Ra226 from /home/diogo/openmc_data/endfb-vii.1-hdf5/neutron/Ra226.h5
 Reading Ac225 from /home/diogo/openmc_data/endfb-vii.1-hdf5/neutron/Ac225.h5
 Reading Ac226 from /home/diogo/openmc_data/endfb-vii.1-hdf5/neutron/Ac226.h5
 Reading Ac227 from /home/diogo/openmc_data/endfb-vii.1-hdf5/neutron/Ac227.h5
 Reading Th227 from /home/diogo/openmc_data/endfb-vii.1-hdf5/neutron/Th227.h5
 Reading Th228 from /home/diogo/openmc_data/endfb-vii.1-hdf5/neutron/Th228.h5
 Reading Th229 from /home/diogo/openmc_data/endfb-vii.1-hdf5/neutron/Th229.h5
 Reading Th230 from /home/diogo/openmc_data/endfb-vii.1-hdf5/neutron/Th230.h5
 Reading Th231 from /home/diogo/openmc_data/endfb-vii.1-hdf5/neutron/Th231.h5
 Reading Th232 from /home/diogo/openmc_data/endfb-vii.1-hdf5/neutron/Th232.h5
 Reading Th233 from /home/diogo/openmc_data/endfb-vii.1-hdf5/neutron/Th233.h5
 Reading Th234 from /home/diogo/openmc_data/endfb-vii.1-hdf5/neutron/Th234.h5
 Reading Pa229 from /home/diogo/openmc_data/endfb-vii.1-hdf5/neutron/Pa229.h5
 Reading Pa230 from /home/diogo/openmc_data/endfb-vii.1-hdf5/neutron/Pa230.h5
 Reading Pa231 from /home/diogo/openmc_data/endfb-vii.1-hdf5/neutron/Pa231.h5
 Reading Pa232 from /home/diogo/openmc_data/endfb-vii.1-hdf5/neutron/Pa232.h5
 Reading Pa233 from /home/diogo/openmc_data/endfb-vii.1-hdf5/neutron/Pa233.h5
 Reading U230 from /home/diogo/openmc_data/endfb-vii.1-hdf5/neutron/U230.h5
 Reading U231 from /home/diogo/openmc_data/endfb-vii.1-hdf5/neutron/U231.h5
 Reading U232 from /home/diogo/openmc_data/endfb-vii.1-hdf5/neutron/U232.h5
 Reading U233 from /home/diogo/openmc_data/endfb-vii.1-hdf5/neutron/U233.h5
 Reading U236 from /home/diogo/openmc_data/endfb-vii.1-hdf5/neutron/U236.h5
 Reading U237 from /home/diogo/openmc_data/endfb-vii.1-hdf5/neutron/U237.h5
 Reading U239 from /home/diogo/openmc_data/endfb-vii.1-hdf5/neutron/U239.h5
 Reading U240 from /home/diogo/openmc_data/endfb-vii.1-hdf5/neutron/U240.h5
 Reading U241 from /home/diogo/openmc_data/endfb-vii.1-hdf5/neutron/U241.h5
 Reading Np234 from /home/diogo/openmc_data/endfb-vii.1-hdf5/neutron/Np234.h5
 Reading Np235 from /home/diogo/openmc_data/endfb-vii.1-hdf5/neutron/Np235.h5
 Reading Np236 from /home/diogo/openmc_data/endfb-vii.1-hdf5/neutron/Np236.h5
 Reading Np237 from /home/diogo/openmc_data/endfb-vii.1-hdf5/neutron/Np237.h5
 Reading Np238 from /home/diogo/openmc_data/endfb-vii.1-hdf5/neutron/Np238.h5
 Reading Np239 from /home/diogo/openmc_data/endfb-vii.1-hdf5/neutron/Np239.h5
 Reading Pu236 from /home/diogo/openmc_data/endfb-vii.1-hdf5/neutron/Pu236.h5
 Reading Pu237 from /home/diogo/openmc_data/endfb-vii.1-hdf5/neutron/Pu237.h5
 Reading Pu238 from /home/diogo/openmc_data/endfb-vii.1-hdf5/neutron/Pu238.h5
 Reading Pu239 from /home/diogo/openmc_data/endfb-vii.1-hdf5/neutron/Pu239.h5
 Reading Pu240 from /home/diogo/openmc_data/endfb-vii.1-hdf5/neutron/Pu240.h5
 Reading Pu241 from /home/diogo/openmc_data/endfb-vii.1-hdf5/neutron/Pu241.h5
 Reading Pu242 from /home/diogo/openmc_data/endfb-vii.1-hdf5/neutron/Pu242.h5
 Reading Pu243 from /home/diogo/openmc_data/endfb-vii.1-hdf5/neutron/Pu243.h5
 Reading Pu244 from /home/diogo/openmc_data/endfb-vii.1-hdf5/neutron/Pu244.h5
 Reading Pu246 from /home/diogo/openmc_data/endfb-vii.1-hdf5/neutron/Pu246.h5
 Reading Am240 from /home/diogo/openmc_data/endfb-vii.1-hdf5/neutron/Am240.h5
 Reading Am241 from /home/diogo/openmc_data/endfb-vii.1-hdf5/neutron/Am241.h5
 Reading Am242 from /home/diogo/openmc_data/endfb-vii.1-hdf5/neutron/Am242.h5
 Reading Am242_m1 from
 /home/diogo/openmc_data/endfb-vii.1-hdf5/neutron/Am242_m1.h5
 Reading Am243 from /home/diogo/openmc_data/endfb-vii.1-hdf5/neutron/Am243.h5
 Reading Am244 from /home/diogo/openmc_data/endfb-vii.1-hdf5/neutron/Am244.h5
 Reading Am244_m1 from
 /home/diogo/openmc_data/endfb-vii.1-hdf5/neutron/Am244_m1.h5
 Reading Cm240 from /home/diogo/openmc_data/endfb-vii.1-hdf5/neutron/Cm240.h5
 Reading Cm241 from /home/diogo/openmc_data/endfb-vii.1-hdf5/neutron/Cm241.h5
 Reading Cm242 from /home/diogo/openmc_data/endfb-vii.1-hdf5/neutron/Cm242.h5
 Reading Cm243 from /home/diogo/openmc_data/endfb-vii.1-hdf5/neutron/Cm243.h5
 Reading Cm244 from /home/diogo/openmc_data/endfb-vii.1-hdf5/neutron/Cm244.h5
 Reading Cm245 from /home/diogo/openmc_data/endfb-vii.1-hdf5/neutron/Cm245.h5
 Reading Cm246 from /home/diogo/openmc_data/endfb-vii.1-hdf5/neutron/Cm246.h5
 Reading Cm247 from /home/diogo/openmc_data/endfb-vii.1-hdf5/neutron/Cm247.h5
 Reading Cm248 from /home/diogo/openmc_data/endfb-vii.1-hdf5/neutron/Cm248.h5
 Reading Cm249 from /home/diogo/openmc_data/endfb-vii.1-hdf5/neutron/Cm249.h5
 Reading Cm250 from /home/diogo/openmc_data/endfb-vii.1-hdf5/neutron/Cm250.h5
 Reading Bk245 from /home/diogo/openmc_data/endfb-vii.1-hdf5/neutron/Bk245.h5
 Reading Bk246 from /home/diogo/openmc_data/endfb-vii.1-hdf5/neutron/Bk246.h5
 Reading Bk247 from /home/diogo/openmc_data/endfb-vii.1-hdf5/neutron/Bk247.h5
 Reading Bk248 from /home/diogo/openmc_data/endfb-vii.1-hdf5/neutron/Bk248.h5
 Reading Bk249 from /home/diogo/openmc_data/endfb-vii.1-hdf5/neutron/Bk249.h5
 Reading Bk250 from /home/diogo/openmc_data/endfb-vii.1-hdf5/neutron/Bk250.h5
 Reading Cf246 from /home/diogo/openmc_data/endfb-vii.1-hdf5/neutron/Cf246.h5
 Reading Cf248 from /home/diogo/openmc_data/endfb-vii.1-hdf5/neutron/Cf248.h5
 Reading Cf249 from /home/diogo/openmc_data/endfb-vii.1-hdf5/neutron/Cf249.h5
 Reading Cf250 from /home/diogo/openmc_data/endfb-vii.1-hdf5/neutron/Cf250.h5
 WARNING: Negative value(s) found on probability table for nuclide Cf250 at 250K
 WARNING: Negative value(s) found on probability table for nuclide Cf250 at 294K
 WARNING: Negative value(s) found on probability table for nuclide Cf250 at 900K
 WARNING: Negative value(s) found on probability table for nuclide Cf250 at
          1200K
 Reading Cf251 from /home/diogo/openmc_data/endfb-vii.1-hdf5/neutron/Cf251.h5
 Reading Cf252 from /home/diogo/openmc_data/endfb-vii.1-hdf5/neutron/Cf252.h5
 Reading Cf253 from /home/diogo/openmc_data/endfb-vii.1-hdf5/neutron/Cf253.h5
 Reading Cf254 from /home/diogo/openmc_data/endfb-vii.1-hdf5/neutron/Cf254.h5
 Reading Es251 from /home/diogo/openmc_data/endfb-vii.1-hdf5/neutron/Es251.h5
 Reading Es252 from /home/diogo/openmc_data/endfb-vii.1-hdf5/neutron/Es252.h5
 Reading Es253 from /home/diogo/openmc_data/endfb-vii.1-hdf5/neutron/Es253.h5
 Reading Es254 from /home/diogo/openmc_data/endfb-vii.1-hdf5/neutron/Es254.h5
 Reading Es254_m1 from
 /home/diogo/openmc_data/endfb-vii.1-hdf5/neutron/Es254_m1.h5
 Reading Es255 from /home/diogo/openmc_data/endfb-vii.1-hdf5/neutron/Es255.h5
 Reading Fm255 from /home/diogo/openmc_data/endfb-vii.1-hdf5/neutron/Fm255.h5
 Maximum neutron transport energy: 20000000 eV for H1
 Initializing source particles...

 ====================>     K EIGENVALUE SIMULATION     <====================

  Bat./Gen.      k       Entropy         Average k 
  =========   ========   ========   ====================
        1/1    0.97838    5.54686
        2/1    0.99526    5.49412
        3/1    1.01378    5.49071
        4/1    1.02383    5.48896
        5/1    1.03539    5.46616
        6/1    1.03907    5.46341
        7/1    1.04691    5.45291
        8/1    1.05251    5.45221
        9/1    1.02577    5.44601
       10/1    1.05727    5.43517
       11/1    1.03864    5.44881
       12/1    1.04746    5.43213
       13/1    1.05516    5.43749
       14/1    1.04411    5.43803
       15/1    1.03328    5.43566
       16/1    1.05066    5.43665
       17/1    1.03511    5.45373
       18/1    1.02675    5.43657
       19/1    1.04789    5.45334
       20/1    1.04426    5.44019
       21/1    1.05676    5.44853
       22/1    1.04887    5.45168
       23/1    1.04875    5.44243
       24/1    1.03822    5.44058
       25/1    1.04098    5.44056
       26/1    1.04263    5.42918
       27/1    1.04411    5.44804
       28/1    1.04864    5.43694
       29/1    1.05145    5.42096
       30/1    1.05042    5.43961
       31/1    1.05220    5.43766
       32/1    1.05103    5.45219
       33/1    1.03675    5.45133
       34/1    1.04496    5.43857
       35/1    1.04963    5.45325
       36/1    1.02437    5.45576
       37/1    1.03412    5.44925
       38/1    1.04588    5.46600
       39/1    1.03951    5.46344
       40/1    1.04667    5.45665
       41/1    1.03695    5.44214
       42/1    1.05214    5.44342
       43/1    1.04340    5.44723
       44/1    1.04721    5.45308
       45/1    1.03568    5.44429
       46/1    1.04430    5.44415
       47/1    1.03366    5.43891
       48/1    1.05275    5.44632
       49/1    1.04840    5.44666
       50/1    1.03493    5.45136
       51/1    1.04251    5.45556
       52/1    1.02980    5.44918
       53/1    1.04925    5.44517
       54/1    1.03770    5.43295
       55/1    1.04442    5.43291
       56/1    1.05960    5.43193
       57/1    1.03608    5.41924
       58/1    1.04432    5.41738
       59/1    1.05120    5.41965
       60/1    1.05759    5.43334
       61/1    1.04220    5.44591
       62/1    1.04084    5.43149    1.04152 +/- 0.00068
       63/1    1.05386    5.43022    1.04563 +/- 0.00413
       64/1    1.05107    5.45382    1.04699 +/- 0.00322
       65/1    1.04069    5.44572    1.04573 +/- 0.00280
       66/1    1.04835    5.43641    1.04617 +/- 0.00232
       67/1    1.05382    5.44786    1.04726 +/- 0.00225
       68/1    1.05921    5.44852    1.04875 +/- 0.00245
       69/1    1.03256    5.43999    1.04695 +/- 0.00281
       70/1    1.03517    5.44136    1.04578 +/- 0.00278
       71/1    1.04154    5.44726    1.04539 +/- 0.00254
       72/1    1.04849    5.44645    1.04565 +/- 0.00234
       73/1    1.05320    5.44435    1.04623 +/- 0.00223
       74/1    1.03487    5.43234    1.04542 +/- 0.00221
       75/1    1.05858    5.43679    1.04630 +/- 0.00224
       76/1    1.03203    5.44052    1.04541 +/- 0.00228
       77/1    1.04534    5.44373    1.04540 +/- 0.00214
       78/1    1.03161    5.44017    1.04464 +/- 0.00216
       79/1    1.04677    5.44520    1.04475 +/- 0.00204
       80/1    1.04909    5.44637    1.04496 +/- 0.00195
       81/1    1.03664    5.44758    1.04457 +/- 0.00190
       82/1    1.03523    5.43825    1.04414 +/- 0.00186
       83/1    1.04557    5.44343    1.04421 +/- 0.00178
       84/1    1.03277    5.44758    1.04373 +/- 0.00177
       85/1    1.05150    5.43925    1.04404 +/- 0.00172
       86/1    1.03082    5.44707    1.04353 +/- 0.00173
       87/1    1.06593    5.43545    1.04436 +/- 0.00186
       88/1    1.03665    5.42839    1.04409 +/- 0.00181
       89/1    1.04668    5.43971    1.04418 +/- 0.00175
       90/1    1.04308    5.44417    1.04414 +/- 0.00169
       91/1    1.05452    5.43489    1.04447 +/- 0.00167
       92/1    1.04632    5.44336    1.04453 +/- 0.00162
       93/1    1.03728    5.44215    1.04431 +/- 0.00159
       94/1    1.03846    5.42977    1.04414 +/- 0.00155
       95/1    1.03538    5.43379    1.04389 +/- 0.00152
       96/1    1.04534    5.41572    1.04393 +/- 0.00148
       97/1    1.06262    5.42310    1.04443 +/- 0.00153
       98/1    1.04981    5.42186    1.04458 +/- 0.00149
       99/1    1.03987    5.43023    1.04446 +/- 0.00146
      100/1    1.05827    5.44616    1.04480 +/- 0.00146
      101/1    1.05504    5.42972    1.04505 +/- 0.00145
      102/1    1.05033    5.43763    1.04518 +/- 0.00142
      103/1    1.04873    5.43181    1.04526 +/- 0.00139
      104/1    1.05680    5.44434    1.04552 +/- 0.00138
      105/1    1.02586    5.43226    1.04508 +/- 0.00142
      106/1    1.04991    5.44239    1.04519 +/- 0.00139
      107/1    1.04587    5.44436    1.04520 +/- 0.00136
      108/1    1.04329    5.45760    1.04516 +/- 0.00133
      109/1    1.04171    5.44389    1.04509 +/- 0.00131
      110/1    1.05870    5.44870    1.04537 +/- 0.00131
      111/1    1.03857    5.45748    1.04523 +/- 0.00129
      112/1    1.04345    5.46261    1.04520 +/- 0.00127
      113/1    1.03116    5.43896    1.04493 +/- 0.00127
      114/1    1.04787    5.44262    1.04499 +/- 0.00125
      115/1    1.05703    5.43885    1.04521 +/- 0.00125
      116/1    1.06611    5.44798    1.04558 +/- 0.00128
      117/1    1.03803    5.43707    1.04545 +/- 0.00126
      118/1    1.05141    5.45482    1.04555 +/- 0.00124
      119/1    1.05257    5.45360    1.04567 +/- 0.00123
      120/1    1.04936    5.45425    1.04573 +/- 0.00121
      121/1    1.04317    5.44829    1.04569 +/- 0.00119
      122/1    1.04936    5.43211    1.04575 +/- 0.00117
      123/1    1.05910    5.44551    1.04596 +/- 0.00117
      124/1    1.04578    5.44780    1.04596 +/- 0.00116
      125/1    1.03937    5.44491    1.04586 +/- 0.00114
      126/1    1.05600    5.45696    1.04601 +/- 0.00113
      127/1    1.04611    5.45032    1.04601 +/- 0.00112
      128/1    1.05272    5.46994    1.04611 +/- 0.00111
      129/1    1.03791    5.45324    1.04599 +/- 0.00110
      130/1    1.04528    5.45073    1.04598 +/- 0.00108
      131/1    1.03604    5.45251    1.04584 +/- 0.00107
      132/1    1.03965    5.44852    1.04575 +/- 0.00106
      133/1    1.05036    5.45937    1.04582 +/- 0.00105
      134/1    1.02821    5.45923    1.04558 +/- 0.00106
      135/1    1.03977    5.46265    1.04550 +/- 0.00105
      136/1    1.04864    5.45538    1.04554 +/- 0.00104
      137/1    1.04543    5.45211    1.04554 +/- 0.00102
      138/1    1.04932    5.44360    1.04559 +/- 0.00101
      139/1    1.03660    5.44620    1.04548 +/- 0.00101
      140/1    1.05521    5.43994    1.04560 +/- 0.00100
      141/1    1.05898    5.42587    1.04576 +/- 0.00100
      142/1    1.03981    5.43186    1.04569 +/- 0.00099
      143/1    1.03950    5.43045    1.04562 +/- 0.00098
      144/1    1.04082    5.42966    1.04556 +/- 0.00097
      145/1    1.04616    5.44938    1.04557 +/- 0.00096
      146/1    1.04369    5.44739    1.04554 +/- 0.00095
      147/1    1.04972    5.44367    1.04559 +/- 0.00094
      148/1    1.04673    5.42340    1.04561 +/- 0.00093
      149/1    1.03908    5.43383    1.04553 +/- 0.00092
      150/1    1.04877    5.43900    1.04557 +/- 0.00091
      151/1    1.06576    5.44336    1.04579 +/- 0.00093
      152/1    1.05978    5.45509    1.04594 +/- 0.00093
      153/1    1.04841    5.44906    1.04597 +/- 0.00092
      154/1    1.06635    5.44330    1.04619 +/- 0.00094
      155/1    1.04341    5.44896    1.04616 +/- 0.00093
      156/1    1.04581    5.44102    1.04615 +/- 0.00092
      157/1    1.04103    5.44004    1.04610 +/- 0.00091
      158/1    1.02996    5.45197    1.04593 +/- 0.00092
      159/1    1.05627    5.43867    1.04604 +/- 0.00091
      160/1    1.04548    5.44469    1.04603 +/- 0.00090
 Creating state point statepoint.160.h5...

 =======================>     TIMING STATISTICS     <=======================

 Total time for initialization     = 9.0417e+01 seconds
   Reading cross sections          = 1.0265e+01 seconds
 Total time in simulation          = 5.2050e+02 seconds
   Time in transport only          = 5.1543e+02 seconds
   Time in inactive batches        = 1.0952e+01 seconds
   Time in active batches          = 5.0955e+02 seconds
   Time synchronizing fission bank = 4.8449e-01 seconds
     Sampling source sites         = 4.2070e-01 seconds
     SEND/RECV source sites        = 6.2996e-02 seconds
   Time accumulating tallies       = 4.1818e+00 seconds
   Time writing statepoints        = 1.5352e-02 seconds
 Total time for finalization       = 1.1995e-02 seconds
 Total time elapsed                = 6.1144e+02 seconds
 Calculation Rate (inactive)       = 109572 particles/second
 Calculation Rate (active)         = 3925.02 particles/second

 ============================>     RESULTS     <============================

 k-effective (Collision)     = 1.04653 +/- 0.00078
 k-effective (Track-length)  = 1.04603 +/- 0.00090
 k-effective (Absorption)    = 1.04611 +/- 0.00072
 Combined k-effective        = 1.04620 +/- 0.00062
 Leakage Fraction            = 0.00683 +/- 0.00006

 Creating state point openmc_simulation_n0.h5...
[openmc.deplete] t=4327203.051553669 s, dt=8654406.103107339 s, source=47869523.30856334
 Maximum neutron transport energy: 20000000 eV for H1
 Initializing source particles...

 ====================>     K EIGENVALUE SIMULATION     <====================

  Bat./Gen.      k       Entropy         Average k 
  =========   ========   ========   ====================
        1/1    0.97125    5.54047
        2/1    0.99652    5.51564
        3/1    0.99465    5.47450
        4/1    1.00613    5.47144
        5/1    1.01938    5.45426
        6/1    1.02461    5.45038
        7/1    1.02750    5.45360
        8/1    1.01930    5.44722
        9/1    1.02557    5.44229
       10/1    1.01838    5.44083
       11/1    1.03920    5.44750
       12/1    1.01804    5.45566
       13/1    1.02859    5.44121
       14/1    1.02355    5.44244
       15/1    1.04493    5.44866
       16/1    1.02771    5.43558
       17/1    1.03372    5.43585
       18/1    1.02173    5.44815
       19/1    1.02910    5.44477
       20/1    1.03864    5.43556
       21/1    1.02004    5.44280
       22/1    1.02701    5.42965
       23/1    1.01582    5.44191
       24/1    1.03390    5.42589
       25/1    1.04055    5.44309
       26/1    1.02833    5.41782
       27/1    1.02378    5.42706
       28/1    1.02789    5.42821
       29/1    1.03030    5.44793
       30/1    1.03983    5.43775
       31/1    1.02892    5.44470
       32/1    1.01719    5.44414
       33/1    1.02704    5.44954
       34/1    1.02066    5.44369
       35/1    1.01415    5.46253
       36/1    1.03062    5.44869
       37/1    1.02054    5.45621
       38/1    1.03353    5.43675
       39/1    1.03589    5.45838
       40/1    1.01771    5.44270
       41/1    1.01602    5.44488
       42/1    1.02807    5.44873
       43/1    1.02563    5.43237
       44/1    1.03212    5.43185
       45/1    1.03314    5.43898
       46/1    1.02571    5.43168
       47/1    1.04191    5.45292
       48/1    1.03099    5.43985
       49/1    1.03086    5.43580
       50/1    1.01605    5.43992
       51/1    1.03570    5.43825
       52/1    1.03524    5.44807
       53/1    1.02282    5.42761
       54/1    1.03511    5.45222
       55/1    1.02005    5.45327
       56/1    1.02972    5.44733
       57/1    1.02785    5.43685
       58/1    1.02013    5.45563
       59/1    1.01153    5.45308
       60/1    1.02478    5.45393
       61/1    1.02217    5.44275
       62/1    1.03531    5.44540    1.02874 +/- 0.00657
       63/1    1.02629    5.44718    1.02792 +/- 0.00388
       64/1    1.04007    5.44545    1.03096 +/- 0.00409
       65/1    1.01775    5.44497    1.02832 +/- 0.00413
       66/1    1.03015    5.43131    1.02862 +/- 0.00338
       67/1    1.04512    5.42545    1.03098 +/- 0.00371
       68/1    1.02912    5.43341    1.03075 +/- 0.00322
       69/1    1.02906    5.44022    1.03056 +/- 0.00284
       70/1    1.03754    5.44922    1.03126 +/- 0.00264
       71/1    1.03764    5.43921    1.03184 +/- 0.00246
       72/1    1.02084    5.43819    1.03092 +/- 0.00242
       73/1    1.03118    5.43717    1.03094 +/- 0.00223
       74/1    1.04615    5.44376    1.03203 +/- 0.00233
       75/1    1.03802    5.45260    1.03243 +/- 0.00221
       76/1    1.03354    5.45793    1.03250 +/- 0.00207
       77/1    1.01634    5.44140    1.03155 +/- 0.00216
       78/1    1.02680    5.44170    1.03128 +/- 0.00205
       79/1    1.02906    5.44365    1.03117 +/- 0.00195
       80/1    1.01992    5.44841    1.03060 +/- 0.00193
       81/1    1.03401    5.43114    1.03077 +/- 0.00184
       82/1    1.03045    5.43913    1.03075 +/- 0.00176
       83/1    1.02783    5.43854    1.03062 +/- 0.00168
       84/1    1.04167    5.43362    1.03109 +/- 0.00168
       85/1    1.03570    5.43313    1.03127 +/- 0.00162
       86/1    1.02260    5.42984    1.03094 +/- 0.00159
       87/1    1.03310    5.43848    1.03102 +/- 0.00153
       88/1    1.03216    5.44187    1.03106 +/- 0.00148
       89/1    1.03482    5.43805    1.03119 +/- 0.00143
       90/1    1.04797    5.42939    1.03175 +/- 0.00149
       91/1    1.02255    5.43710    1.03145 +/- 0.00147
       92/1    1.02972    5.43954    1.03140 +/- 0.00143
       93/1    1.01878    5.45376    1.03101 +/- 0.00144
       94/1    1.02148    5.45112    1.03073 +/- 0.00142
       95/1    1.02822    5.44670    1.03066 +/- 0.00138
       96/1    1.02121    5.42837    1.03040 +/- 0.00137
       97/1    1.03194    5.45193    1.03044 +/- 0.00133
       98/1    1.01481    5.44619    1.03003 +/- 0.00136
       99/1    1.02293    5.44338    1.02985 +/- 0.00134
      100/1    1.02679    5.44256    1.02977 +/- 0.00130
      101/1    1.03496    5.44029    1.02990 +/- 0.00128
      102/1    1.03430    5.45310    1.03000 +/- 0.00125
      103/1    1.02527    5.45833    1.02989 +/- 0.00123
      104/1    1.01903    5.44330    1.02965 +/- 0.00122
      105/1    1.02168    5.44893    1.02947 +/- 0.00121
      106/1    1.02251    5.44236    1.02932 +/- 0.00119
      107/1    1.03771    5.43131    1.02950 +/- 0.00118
      108/1    1.01647    5.43974    1.02922 +/- 0.00119
      109/1    1.03225    5.44973    1.02929 +/- 0.00116
      110/1    1.02841    5.44575    1.02927 +/- 0.00114
      111/1    1.03441    5.44724    1.02937 +/- 0.00112
      112/1    1.02969    5.44808    1.02938 +/- 0.00110
      113/1    1.02623    5.43345    1.02932 +/- 0.00108
      114/1    1.03873    5.42451    1.02949 +/- 0.00108
      115/1    1.03375    5.43757    1.02957 +/- 0.00106
      116/1    1.02901    5.44954    1.02956 +/- 0.00104
      117/1    1.03838    5.46654    1.02971 +/- 0.00103
      118/1    1.03073    5.45424    1.02973 +/- 0.00102
      119/1    1.03389    5.45072    1.02980 +/- 0.00100
      120/1    1.01053    5.45020    1.02948 +/- 0.00103
      121/1    1.02686    5.44026    1.02944 +/- 0.00102
      122/1    1.02484    5.44885    1.02936 +/- 0.00100
      123/1    1.02475    5.45538    1.02929 +/- 0.00099
      124/1    1.03476    5.45079    1.02938 +/- 0.00098
      125/1    1.02797    5.44790    1.02935 +/- 0.00096
      126/1    1.01574    5.43985    1.02915 +/- 0.00097
      127/1    1.04457    5.43841    1.02938 +/- 0.00098
      128/1    1.03649    5.43634    1.02948 +/- 0.00098
      129/1    1.03128    5.45054    1.02951 +/- 0.00096
      130/1    1.02698    5.45232    1.02947 +/- 0.00095
      131/1    1.02800    5.44079    1.02945 +/- 0.00094
      132/1    1.05454    5.45071    1.02980 +/- 0.00099
      133/1    1.01476    5.43570    1.02959 +/- 0.00099
      134/1    1.05392    5.43745    1.02992 +/- 0.00103
      135/1    1.03053    5.44230    1.02993 +/- 0.00102
      136/1    1.03280    5.43500    1.02997 +/- 0.00101
      137/1    1.03321    5.43893    1.03001 +/- 0.00100
      138/1    1.02727    5.44348    1.02998 +/- 0.00098
      139/1    1.02105    5.44079    1.02986 +/- 0.00098
      140/1    1.02980    5.45299    1.02986 +/- 0.00096
      141/1    1.03334    5.43897    1.02990 +/- 0.00095
      142/1    1.02683    5.45333    1.02987 +/- 0.00094
      143/1    1.02457    5.44783    1.02980 +/- 0.00093
      144/1    1.03433    5.44151    1.02986 +/- 0.00092
      145/1    1.02736    5.44419    1.02983 +/- 0.00091
      146/1    1.03241    5.42765    1.02986 +/- 0.00090
      147/1    1.02546    5.43647    1.02981 +/- 0.00089
      148/1    1.01562    5.44320    1.02965 +/- 0.00090
      149/1    1.04141    5.43260    1.02978 +/- 0.00090
      150/1    1.03429    5.43339    1.02983 +/- 0.00089
      151/1    1.02750    5.43046    1.02980 +/- 0.00088
      152/1    1.03046    5.44216    1.02981 +/- 0.00087
      153/1    1.03734    5.45497    1.02989 +/- 0.00086
      154/1    1.03718    5.44845    1.02997 +/- 0.00086
      155/1    1.03192    5.45290    1.02999 +/- 0.00085
      156/1    1.05012    5.45386    1.03020 +/- 0.00087
      157/1    1.02486    5.43845    1.03014 +/- 0.00086
      158/1    1.02735    5.43995    1.03012 +/- 0.00085
      159/1    1.01988    5.43514    1.03001 +/- 0.00085
      160/1    1.02719    5.42764    1.02998 +/- 0.00084
 Creating state point statepoint.160.h5...

 =======================>     TIMING STATISTICS     <=======================

 Total time for initialization     = 0.0000e+00 seconds
   Reading cross sections          = 0.0000e+00 seconds
 Total time in simulation          = 6.5854e+02 seconds
   Time in transport only          = 6.5242e+02 seconds
   Time in inactive batches        = 2.1193e+02 seconds
   Time in active batches          = 4.4661e+02 seconds
   Time synchronizing fission bank = 5.9023e-01 seconds
     Sampling source sites         = 4.8409e-01 seconds
     SEND/RECV source sites        = 1.0536e-01 seconds
   Time accumulating tallies       = 5.0330e+00 seconds
   Time writing statepoints        = 1.4730e-02 seconds
 Total time for finalization       = 1.2832e-02 seconds
 Total time elapsed                = 6.5925e+02 seconds
 Calculation Rate (inactive)       = 5662.35 particles/second
 Calculation Rate (active)         = 4478.16 particles/second

 ============================>     RESULTS     <============================

 k-effective (Collision)     = 1.02907 +/- 0.00075
 k-effective (Track-length)  = 1.02998 +/- 0.00084
 k-effective (Absorption)    = 1.02885 +/- 0.00078
 Combined k-effective        = 1.02927 +/- 0.00062
 Leakage Fraction            = 0.00698 +/- 0.00006

 Creating state point openmc_simulation_n1.h5...
[openmc.deplete] t=12981609.154661007 s, dt=17308812.206214678 s, source=47869523.30856334
 Maximum neutron transport energy: 20000000 eV for H1
 Initializing source particles...

 ====================>     K EIGENVALUE SIMULATION     <====================

  Bat./Gen.      k       Entropy         Average k 
  =========   ========   ========   ====================
        1/1    0.97666    5.54472
        2/1    0.99654    5.52712
        3/1    1.01720    5.49311
        4/1    1.02357    5.48575
        5/1    1.02026    5.47754
        6/1    1.03126    5.45807
        7/1    1.02660    5.45567
        8/1    1.04412    5.45022
        9/1    1.03986    5.44392
       10/1    1.04488    5.43593
       11/1    1.03271    5.45398
       12/1    1.04906    5.44634
       13/1    1.03749    5.43932
       14/1    1.05839    5.43071
       15/1    1.02849    5.43446
       16/1    1.04210    5.43098
       17/1    1.03328    5.42966
       18/1    1.03796    5.42282
       19/1    1.05400    5.41599
       20/1    1.05246    5.41408
       21/1    1.03420    5.41613
       22/1    1.04688    5.41142
       23/1    1.03381    5.42097
       24/1    1.03536    5.42975
       25/1    1.01119    5.42189
       26/1    1.02627    5.41860
       27/1    1.03134    5.41279
       28/1    1.04622    5.42109
       29/1    1.02929    5.41215
       30/1    1.02766    5.42437
       31/1    1.03914    5.42085
       32/1    1.04120    5.43644
       33/1    1.01868    5.43023
       34/1    1.04544    5.42281
       35/1    1.05707    5.41607
       36/1    1.02376    5.42408
       37/1    1.04347    5.42802
       38/1    1.04123    5.42956
       39/1    1.03257    5.41512
       40/1    1.05381    5.39625
       41/1    1.04043    5.42563
       42/1    1.02527    5.42093
       43/1    1.02251    5.43958
       44/1    1.04936    5.44191
       45/1    1.02166    5.42365
       46/1    1.03358    5.42580
       47/1    1.03468    5.42833
       48/1    1.03424    5.41912
       49/1    1.04658    5.41176
       50/1    1.03524    5.40919
       51/1    1.05281    5.41045
       52/1    1.03683    5.40619
       53/1    1.06163    5.41017
       54/1    1.05912    5.43506
       55/1    1.04251    5.43235
       56/1    1.05117    5.43005
       57/1    1.04255    5.43641
       58/1    1.03949    5.43250
       59/1    1.04292    5.42230
       60/1    1.05721    5.41324
       61/1    1.05263    5.42856
       62/1    1.04589    5.42246    1.04926 +/- 0.00337
       63/1    1.04837    5.42152    1.04896 +/- 0.00197
       64/1    1.05545    5.42922    1.05058 +/- 0.00214
       65/1    1.04600    5.42699    1.04967 +/- 0.00189
       66/1    1.03763    5.43341    1.04766 +/- 0.00253
       67/1    1.03809    5.43802    1.04629 +/- 0.00254
       68/1    1.04651    5.43202    1.04632 +/- 0.00220
       69/1    1.04528    5.42469    1.04621 +/- 0.00194
       70/1    1.04979    5.41381    1.04656 +/- 0.00177
       71/1    1.02579    5.42536    1.04468 +/- 0.00248
       72/1    1.03181    5.42584    1.04360 +/- 0.00250
       73/1    1.03903    5.42974    1.04325 +/- 0.00233
       74/1    1.03946    5.42665    1.04298 +/- 0.00217
       75/1    1.04422    5.43713    1.04306 +/- 0.00203
       76/1    1.03544    5.43603    1.04259 +/- 0.00195
       77/1    1.03840    5.42607    1.04234 +/- 0.00185
       78/1    1.04436    5.43562    1.04245 +/- 0.00175
       79/1    1.04071    5.42250    1.04236 +/- 0.00166
       80/1    1.03782    5.42630    1.04213 +/- 0.00159
       81/1    1.04435    5.42609    1.04224 +/- 0.00151
       82/1    1.03699    5.41855    1.04200 +/- 0.00146
       83/1    1.02887    5.41241    1.04143 +/- 0.00151
       84/1    1.02373    5.42765    1.04069 +/- 0.00162
       85/1    1.04623    5.42518    1.04091 +/- 0.00157
       86/1    1.04408    5.42851    1.04104 +/- 0.00152
       87/1    1.02668    5.42804    1.04050 +/- 0.00155
       88/1    1.05234    5.44219    1.04093 +/- 0.00155
       89/1    1.03304    5.42616    1.04065 +/- 0.00152
       90/1    1.05495    5.43003    1.04113 +/- 0.00155
       91/1    1.03735    5.42299    1.04101 +/- 0.00150
       92/1    1.03719    5.42717    1.04089 +/- 0.00146
       93/1    1.03527    5.43131    1.04072 +/- 0.00142
       94/1    1.02781    5.42754    1.04034 +/- 0.00143
       95/1    1.05279    5.42256    1.04070 +/- 0.00144
       96/1    1.03558    5.42904    1.04055 +/- 0.00140
       97/1    1.04207    5.42516    1.04059 +/- 0.00137
       98/1    1.04474    5.42015    1.04070 +/- 0.00133
       99/1    1.02816    5.43287    1.04038 +/- 0.00134
      100/1    1.03981    5.42580    1.04037 +/- 0.00130
      101/1    1.03931    5.42337    1.04034 +/- 0.00127
      102/1    1.04102    5.42290    1.04036 +/- 0.00124
      103/1    1.03015    5.42695    1.04012 +/- 0.00124
      104/1    1.04348    5.43718    1.04020 +/- 0.00121
      105/1    1.04866    5.44113    1.04039 +/- 0.00120
      106/1    1.04865    5.44003    1.04056 +/- 0.00118
      107/1    1.04993    5.42678    1.04076 +/- 0.00118
      108/1    1.04284    5.41680    1.04081 +/- 0.00115
      109/1    1.02463    5.42890    1.04048 +/- 0.00118
      110/1    1.03195    5.42854    1.04031 +/- 0.00116
      111/1    1.03534    5.43705    1.04021 +/- 0.00115
      112/1    1.03336    5.44405    1.04008 +/- 0.00113
      113/1    1.04960    5.43112    1.04026 +/- 0.00112
      114/1    1.03838    5.44711    1.04022 +/- 0.00110
      115/1    1.05516    5.44248    1.04049 +/- 0.00112
      116/1    1.03430    5.44813    1.04038 +/- 0.00110
      117/1    1.03925    5.45484    1.04036 +/- 0.00108
      118/1    1.04066    5.44405    1.04037 +/- 0.00106
      119/1    1.04444    5.44477    1.04044 +/- 0.00105
      120/1    1.03878    5.43442    1.04041 +/- 0.00103
      121/1    1.04261    5.42187    1.04045 +/- 0.00101
      122/1    1.04103    5.41896    1.04046 +/- 0.00100
      123/1    1.03423    5.42131    1.04036 +/- 0.00099
      124/1    1.03413    5.42861    1.04026 +/- 0.00098
      125/1    1.04802    5.42105    1.04038 +/- 0.00097
      126/1    1.04929    5.43233    1.04051 +/- 0.00096
      127/1    1.04738    5.43129    1.04062 +/- 0.00095
      128/1    1.03731    5.43344    1.04057 +/- 0.00094
      129/1    1.03442    5.43205    1.04048 +/- 0.00093
      130/1    1.04426    5.44147    1.04053 +/- 0.00092
      131/1    1.05203    5.44157    1.04069 +/- 0.00092
      132/1    1.03036    5.44934    1.04055 +/- 0.00092
      133/1    1.02589    5.44463    1.04035 +/- 0.00093
      134/1    1.02556    5.43600    1.04015 +/- 0.00094
      135/1    1.02709    5.44313    1.03998 +/- 0.00094
      136/1    1.03218    5.43823    1.03987 +/- 0.00093
      137/1    1.06515    5.43345    1.04020 +/- 0.00098
      138/1    1.03579    5.43113    1.04015 +/- 0.00097
      139/1    1.01727    5.44101    1.03986 +/- 0.00100
      140/1    1.04388    5.44045    1.03991 +/- 0.00099
      141/1    1.03926    5.44424    1.03990 +/- 0.00098
      142/1    1.02820    5.44186    1.03976 +/- 0.00097
      143/1    1.04904    5.44274    1.03987 +/- 0.00097
      144/1    1.03901    5.43798    1.03986 +/- 0.00096
      145/1    1.06006    5.42964    1.04010 +/- 0.00098
      146/1    1.03728    5.42277    1.04006 +/- 0.00096
      147/1    1.03953    5.43946    1.04006 +/- 0.00095
      148/1    1.04186    5.43824    1.04008 +/- 0.00094
      149/1    1.02867    5.41506    1.03995 +/- 0.00094
      150/1    1.05003    5.42654    1.04006 +/- 0.00094
      151/1    1.04646    5.42139    1.04013 +/- 0.00093
      152/1    1.04705    5.41040    1.04021 +/- 0.00092
      153/1    1.03212    5.41210    1.04012 +/- 0.00092
      154/1    1.04156    5.41848    1.04013 +/- 0.00091
      155/1    1.02740    5.41637    1.04000 +/- 0.00091
      156/1    1.03906    5.41871    1.03999 +/- 0.00090
      157/1    1.04845    5.43132    1.04008 +/- 0.00089
      158/1    1.04001    5.42562    1.04008 +/- 0.00088
      159/1    1.04214    5.41440    1.04010 +/- 0.00087
      160/1    1.04573    5.43398    1.04015 +/- 0.00087
 Creating state point statepoint.160.h5...

 =======================>     TIMING STATISTICS     <=======================

 Total time for initialization     = 0.0000e+00 seconds
   Reading cross sections          = 0.0000e+00 seconds
 Total time in simulation          = 6.3129e+02 seconds
   Time in transport only          = 6.2460e+02 seconds
   Time in inactive batches        = 1.7875e+02 seconds
   Time in active batches          = 4.5254e+02 seconds
   Time synchronizing fission bank = 4.0148e-01 seconds
     Sampling source sites         = 2.7273e-01 seconds
     SEND/RECV source sites        = 1.2801e-01 seconds
   Time accumulating tallies       = 5.8812e+00 seconds
   Time writing statepoints        = 1.5067e-02 seconds
 Total time for finalization       = 1.3823e-02 seconds
 Total time elapsed                = 6.3217e+02 seconds
 Calculation Rate (inactive)       = 6713.38 particles/second
 Calculation Rate (active)         = 4419.47 particles/second

 ============================>     RESULTS     <============================

 k-effective (Collision)     = 1.03951 +/- 0.00071
 k-effective (Track-length)  = 1.04015 +/- 0.00087
 k-effective (Absorption)    = 1.03921 +/- 0.00072
 Combined k-effective        = 1.03948 +/- 0.00057
 Leakage Fraction            = 0.00666 +/- 0.00005

 Creating state point openmc_simulation_n2.h5...
[openmc.deplete] t=30290421.360875685 s, dt=34617624.412429355 s, source=47869523.30856334
 Maximum neutron transport energy: 20000000 eV for H1
 Initializing source particles...

 ====================>     K EIGENVALUE SIMULATION     <====================

  Bat./Gen.      k       Entropy         Average k 
  =========   ========   ========   ====================
        1/1    0.98889    5.52684
        2/1    1.04348    5.49760
        3/1    1.04561    5.48718
        4/1    1.02290    5.46951
        5/1    1.03315    5.44923
        6/1    1.05639    5.44761
        7/1    1.05277    5.44591
        8/1    1.04791    5.44055
        9/1    1.03854    5.41192
       10/1    1.04067    5.40901
       11/1    1.06262    5.39386
       12/1    1.06047    5.40971
       13/1    1.06361    5.40912
       14/1    1.05044    5.42190
       15/1    1.07551    5.40660
       16/1    1.06392    5.42589
       17/1    1.06409    5.41695
       18/1    1.06423    5.41844
       19/1    1.05988    5.42563
       20/1    1.06236    5.40679
       21/1    1.07414    5.40663
       22/1    1.05990    5.40506
       23/1    1.06272    5.41595
       24/1    1.05384    5.40933
       25/1    1.04485    5.40603
       26/1    1.05601    5.42387
       27/1    1.04885    5.41131
       28/1    1.05135    5.40503
       29/1    1.05362    5.40906
       30/1    1.06239    5.41637
       31/1    1.06541    5.41049
       32/1    1.05698    5.43251
       33/1    1.05626    5.43120
       34/1    1.05226    5.41068
       35/1    1.04631    5.42493
       36/1    1.05039    5.43468
       37/1    1.05583    5.43015
       38/1    1.04203    5.43357
       39/1    1.05128    5.42505
       40/1    1.05826    5.43919
       41/1    1.05456    5.41703
       42/1    1.06200    5.42013
       43/1    1.04825    5.42763
       44/1    1.05992    5.41665
       45/1    1.05448    5.41182
       46/1    1.05487    5.42387
       47/1    1.05965    5.41114
       48/1    1.08431    5.41408
       49/1    1.07888    5.42985
       50/1    1.04526    5.40968
       51/1    1.05479    5.40873
       52/1    1.06088    5.40583
       53/1    1.06068    5.41411
       54/1    1.05508    5.40332
       55/1    1.06996    5.40071
       56/1    1.05814    5.40065
       57/1    1.05444    5.41035
       58/1    1.07323    5.41052
       59/1    1.05437    5.40789
       60/1    1.06271    5.41184
       61/1    1.05283    5.39918
       62/1    1.05706    5.40584    1.05494 +/- 0.00211
       63/1    1.06953    5.39633    1.05980 +/- 0.00501
       64/1    1.04571    5.39021    1.05628 +/- 0.00500
       65/1    1.05960    5.40038    1.05695 +/- 0.00393
       66/1    1.05321    5.41885    1.05632 +/- 0.00327
       67/1    1.06532    5.41804    1.05761 +/- 0.00305
       68/1    1.06147    5.42067    1.05809 +/- 0.00268
       69/1    1.06533    5.42068    1.05890 +/- 0.00250
       70/1    1.04782    5.43901    1.05779 +/- 0.00249
       71/1    1.07604    5.42736    1.05945 +/- 0.00280
       72/1    1.05762    5.40534    1.05929 +/- 0.00256
       73/1    1.06482    5.42173    1.05972 +/- 0.00239
       74/1    1.07783    5.40486    1.06101 +/- 0.00257
       75/1    1.05751    5.40721    1.06078 +/- 0.00240
       76/1    1.06212    5.41119    1.06086 +/- 0.00225
       77/1    1.05948    5.41407    1.06078 +/- 0.00211
       78/1    1.06207    5.40770    1.06085 +/- 0.00199
       79/1    1.05402    5.40680    1.06049 +/- 0.00192
       80/1    1.07019    5.41007    1.06098 +/- 0.00188
       81/1    1.06564    5.41832    1.06120 +/- 0.00181
       82/1    1.05262    5.42278    1.06081 +/- 0.00176
       83/1    1.05509    5.42279    1.06056 +/- 0.00170
       84/1    1.06251    5.41768    1.06064 +/- 0.00163
       85/1    1.06714    5.39335    1.06090 +/- 0.00159
       86/1    1.06251    5.41620    1.06096 +/- 0.00153
       87/1    1.06089    5.41529    1.06096 +/- 0.00147
       88/1    1.03484    5.41285    1.06003 +/- 0.00170
       89/1    1.04431    5.41001    1.05949 +/- 0.00172
       90/1    1.05217    5.41285    1.05924 +/- 0.00168
       91/1    1.06470    5.41133    1.05942 +/- 0.00164
       92/1    1.05312    5.42172    1.05922 +/- 0.00160
       93/1    1.04060    5.40856    1.05866 +/- 0.00165
       94/1    1.06743    5.40970    1.05892 +/- 0.00162
       95/1    1.06043    5.39948    1.05896 +/- 0.00157
       96/1    1.04956    5.41590    1.05870 +/- 0.00155
       97/1    1.05595    5.40815    1.05862 +/- 0.00151
       98/1    1.05478    5.40770    1.05852 +/- 0.00147
       99/1    1.05394    5.40510    1.05840 +/- 0.00144
      100/1    1.05356    5.41980    1.05828 +/- 0.00141
      101/1    1.06824    5.40528    1.05853 +/- 0.00140
      102/1    1.06712    5.41732    1.05873 +/- 0.00138
      103/1    1.06034    5.41644    1.05877 +/- 0.00135
      104/1    1.06022    5.42770    1.05880 +/- 0.00131
      105/1    1.05718    5.42621    1.05877 +/- 0.00129
      106/1    1.05895    5.40971    1.05877 +/- 0.00126
      107/1    1.06254    5.41321    1.05885 +/- 0.00123
      108/1    1.05967    5.41462    1.05887 +/- 0.00121
      109/1    1.05945    5.41686    1.05888 +/- 0.00118
      110/1    1.05479    5.41810    1.05880 +/- 0.00116
      111/1    1.04632    5.42091    1.05855 +/- 0.00116
      112/1    1.06697    5.41005    1.05871 +/- 0.00115
      113/1    1.05731    5.40269    1.05869 +/- 0.00113
      114/1    1.05684    5.41051    1.05865 +/- 0.00111
      115/1    1.06794    5.40247    1.05882 +/- 0.00110
      116/1    1.06693    5.40447    1.05897 +/- 0.00109
      117/1    1.05196    5.40911    1.05884 +/- 0.00108
      118/1    1.06678    5.41600    1.05898 +/- 0.00107
      119/1    1.05670    5.42646    1.05894 +/- 0.00105
      120/1    1.05613    5.41251    1.05890 +/- 0.00104
      121/1    1.05808    5.44371    1.05888 +/- 0.00102
      122/1    1.07482    5.43749    1.05914 +/- 0.00104
      123/1    1.05664    5.43931    1.05910 +/- 0.00102
      124/1    1.05474    5.42279    1.05903 +/- 0.00101
      125/1    1.06704    5.42849    1.05915 +/- 0.00100
      126/1    1.06836    5.43072    1.05929 +/- 0.00099
      127/1    1.07324    5.42842    1.05950 +/- 0.00100
      128/1    1.05433    5.41364    1.05943 +/- 0.00099
      129/1    1.05668    5.41713    1.05939 +/- 0.00097
      130/1    1.06762    5.40382    1.05950 +/- 0.00097
      131/1    1.06224    5.41123    1.05954 +/- 0.00095
      132/1    1.03953    5.40954    1.05926 +/- 0.00098
      133/1    1.06968    5.42355    1.05941 +/- 0.00098
      134/1    1.04978    5.41220    1.05928 +/- 0.00097
      135/1    1.06956    5.40661    1.05941 +/- 0.00097
      136/1    1.06206    5.40733    1.05945 +/- 0.00096
      137/1    1.06566    5.41004    1.05953 +/- 0.00095
      138/1    1.05967    5.42068    1.05953 +/- 0.00094
      139/1    1.06092    5.41153    1.05955 +/- 0.00092
      140/1    1.05659    5.40136    1.05951 +/- 0.00091
      141/1    1.04856    5.39479    1.05938 +/- 0.00091
      142/1    1.06677    5.40881    1.05947 +/- 0.00091
      143/1    1.05037    5.40200    1.05936 +/- 0.00090
      144/1    1.04529    5.40708    1.05919 +/- 0.00091
      145/1    1.05130    5.39883    1.05910 +/- 0.00090
      146/1    1.04671    5.39675    1.05895 +/- 0.00090
      147/1    1.05938    5.40834    1.05896 +/- 0.00089
      148/1    1.06925    5.41072    1.05907 +/- 0.00089
      149/1    1.06940    5.39733    1.05919 +/- 0.00089
      150/1    1.06045    5.40541    1.05920 +/- 0.00088
      151/1    1.05345    5.41566    1.05914 +/- 0.00087
      152/1    1.07364    5.40874    1.05930 +/- 0.00087
      153/1    1.04123    5.41643    1.05910 +/- 0.00089
      154/1    1.04916    5.42343    1.05900 +/- 0.00088
      155/1    1.05824    5.41738    1.05899 +/- 0.00087
      156/1    1.05418    5.40235    1.05894 +/- 0.00087
      157/1    1.04744    5.40850    1.05882 +/- 0.00087
      158/1    1.07601    5.40676    1.05900 +/- 0.00087
      159/1    1.06081    5.40049    1.05902 +/- 0.00087
      160/1    1.06215    5.41512    1.05905 +/- 0.00086
 Creating state point statepoint.160.h5...

 =======================>     TIMING STATISTICS     <=======================

 Total time for initialization     = 0.0000e+00 seconds
   Reading cross sections          = 0.0000e+00 seconds
 Total time in simulation          = 6.6680e+02 seconds
   Time in transport only          = 6.6081e+02 seconds
   Time in inactive batches        = 1.6304e+02 seconds
   Time in active batches          = 5.0376e+02 seconds
   Time synchronizing fission bank = 4.0992e-01 seconds
     Sampling source sites         = 3.4819e-01 seconds
     SEND/RECV source sites        = 6.1006e-02 seconds
   Time accumulating tallies       = 4.9748e+00 seconds
   Time writing statepoints        = 3.0613e-02 seconds
 Total time for finalization       = 2.5104e-02 seconds
 Total time elapsed                = 6.6743e+02 seconds
 Calculation Rate (inactive)       = 7359.97 particles/second
 Calculation Rate (active)         = 3970.16 particles/second

 ============================>     RESULTS     <============================

 k-effective (Collision)     = 1.05824 +/- 0.00079
 k-effective (Track-length)  = 1.05905 +/- 0.00086
 k-effective (Absorption)    = 1.05806 +/- 0.00074
 Combined k-effective        = 1.05837 +/- 0.00063
 Leakage Fraction            = 0.00647 +/- 0.00007

 Creating state point openmc_simulation_n3.h5...
[openmc.deplete] t=64908045.77330504 s, dt=51926436.61864404 s, source=47869523.30856334
 Maximum neutron transport energy: 20000000 eV for H1
 Initializing source particles...

 ====================>     K EIGENVALUE SIMULATION     <====================

  Bat./Gen.      k       Entropy         Average k 
  =========   ========   ========   ====================
        1/1    0.99802    5.53288
        2/1    1.00104    5.51542
        3/1    1.02232    5.49348
        4/1    1.02835    5.48282
        5/1    1.02519    5.46454
        6/1    1.03451    5.45175
        7/1    1.02852    5.46086
        8/1    1.03773    5.48354
        9/1    1.02271    5.46621
       10/1    1.04957    5.46458
       11/1    1.03883    5.46643
       12/1    1.03701    5.45734
       13/1    1.06134    5.44660
       14/1    1.02988    5.45917
       15/1    1.03209    5.45300
       16/1    1.03550    5.46222
       17/1    1.02252    5.46330
       18/1    1.02753    5.44758
       19/1    1.05127    5.44661
       20/1    1.03403    5.43450
       21/1    1.04176    5.44098
       22/1    1.04945    5.44486
       23/1    1.03014    5.43802
       24/1    1.03695    5.44206
       25/1    1.04197    5.44567
       26/1    1.02719    5.44440
       27/1    1.06495    5.44491
       28/1    1.04754    5.45744
       29/1    1.04937    5.45765
       30/1    1.02998    5.44840
       31/1    1.04340    5.45592
       32/1    1.04585    5.45081
       33/1    1.04877    5.45806
       34/1    1.02681    5.47180
       35/1    1.03772    5.45529
       36/1    1.04629    5.44667
       37/1    1.03210    5.44843
       38/1    1.04622    5.44168
       39/1    1.03008    5.45636
       40/1    1.02466    5.44962
       41/1    1.06024    5.45693
       42/1    1.02329    5.43638
       43/1    1.04671    5.44836
       44/1    1.04827    5.43720
       45/1    1.05430    5.43533
       46/1    1.04716    5.44856
       47/1    1.03259    5.44081
       48/1    1.05626    5.43423
       49/1    1.05039    5.44907
       50/1    1.04101    5.44560
       51/1    1.03853    5.44647
       52/1    1.04704    5.44622
       53/1    1.02852    5.45935
       54/1    1.02296    5.44962
       55/1    1.05902    5.45740
       56/1    1.03409    5.45775
       57/1    1.04582    5.45342
       58/1    1.04000    5.45344
       59/1    1.03228    5.45043
       60/1    1.04149    5.45206
       61/1    1.04212    5.44106
       62/1    1.04933    5.43213    1.04572 +/- 0.00361
       63/1    1.06039    5.44151    1.05061 +/- 0.00531
       64/1    1.05632    5.43744    1.05204 +/- 0.00402
       65/1    1.04848    5.42561    1.05133 +/- 0.00319
       66/1    1.04433    5.43738    1.05016 +/- 0.00286
       67/1    1.04087    5.45196    1.04883 +/- 0.00276
       68/1    1.03386    5.45361    1.04696 +/- 0.00303
       69/1    1.04096    5.43817    1.04629 +/- 0.00276
       70/1    1.05340    5.45123    1.04701 +/- 0.00257
       71/1    1.04634    5.43701    1.04695 +/- 0.00232
       72/1    1.04517    5.43809    1.04680 +/- 0.00212
       73/1    1.04232    5.43454    1.04645 +/- 0.00198
       74/1    1.05363    5.44033    1.04697 +/- 0.00191
       75/1    1.04491    5.44395    1.04683 +/- 0.00178
       76/1    1.03848    5.43773    1.04631 +/- 0.00175
       77/1    1.04903    5.43059    1.04647 +/- 0.00165
       78/1    1.05213    5.42492    1.04678 +/- 0.00159
       79/1    1.05293    5.43824    1.04711 +/- 0.00153
       80/1    1.04889    5.44018    1.04719 +/- 0.00146
       81/1    1.04054    5.45403    1.04688 +/- 0.00142
       82/1    1.04672    5.44869    1.04687 +/- 0.00136
       83/1    1.04416    5.45191    1.04675 +/- 0.00130
       84/1    1.04713    5.44656    1.04677 +/- 0.00125
       85/1    1.05977    5.44718    1.04729 +/- 0.00130
       86/1    1.04628    5.45013    1.04725 +/- 0.00125
       87/1    1.05506    5.44029    1.04754 +/- 0.00124
       88/1    1.05489    5.44952    1.04780 +/- 0.00122
       89/1    1.03225    5.45347    1.04727 +/- 0.00130
       90/1    1.04068    5.45133    1.04705 +/- 0.00127
       91/1    1.04048    5.44218    1.04683 +/- 0.00125
       92/1    1.02402    5.44034    1.04612 +/- 0.00140
       93/1    1.04663    5.45959    1.04614 +/- 0.00136
       94/1    1.03997    5.45992    1.04595 +/- 0.00133
       95/1    1.02864    5.44327    1.04546 +/- 0.00138
       96/1    1.04486    5.44174    1.04544 +/- 0.00135
       97/1    1.05400    5.44508    1.04567 +/- 0.00133
       98/1    1.04060    5.44257    1.04554 +/- 0.00130
       99/1    1.05145    5.44400    1.04569 +/- 0.00128
      100/1    1.04434    5.45234    1.04566 +/- 0.00124
      101/1    1.04936    5.44147    1.04575 +/- 0.00122
      102/1    1.06216    5.45003    1.04614 +/- 0.00125
      103/1    1.04828    5.44718    1.04619 +/- 0.00122
      104/1    1.04833    5.44176    1.04624 +/- 0.00119
      105/1    1.05006    5.44580    1.04632 +/- 0.00117
      106/1    1.03658    5.44426    1.04611 +/- 0.00116
      107/1    1.02251    5.45260    1.04561 +/- 0.00124
      108/1    1.03637    5.44327    1.04542 +/- 0.00123
      109/1    1.04366    5.45076    1.04538 +/- 0.00121
      110/1    1.03457    5.44559    1.04516 +/- 0.00120
      111/1    1.03422    5.43934    1.04495 +/- 0.00120
      112/1    1.04259    5.44927    1.04490 +/- 0.00118
      113/1    1.02388    5.43427    1.04451 +/- 0.00122
      114/1    1.06180    5.43568    1.04483 +/- 0.00124
      115/1    1.05171    5.44388    1.04495 +/- 0.00122
      116/1    1.05989    5.44921    1.04522 +/- 0.00123
      117/1    1.05071    5.44563    1.04532 +/- 0.00121
      118/1    1.04893    5.43893    1.04538 +/- 0.00119
      119/1    1.04595    5.43759    1.04539 +/- 0.00117
      120/1    1.03785    5.43348    1.04526 +/- 0.00116
      121/1    1.04722    5.44764    1.04529 +/- 0.00114
      122/1    1.04106    5.43250    1.04523 +/- 0.00113
      123/1    1.04425    5.43521    1.04521 +/- 0.00111
      124/1    1.04182    5.43763    1.04516 +/- 0.00109
      125/1    1.05077    5.43024    1.04524 +/- 0.00108
      126/1    1.05880    5.44202    1.04545 +/- 0.00108
      127/1    1.04529    5.44387    1.04545 +/- 0.00106
      128/1    1.04701    5.44220    1.04547 +/- 0.00105
      129/1    1.05403    5.44571    1.04559 +/- 0.00104
      130/1    1.03804    5.43586    1.04549 +/- 0.00103
      131/1    1.05026    5.45906    1.04555 +/- 0.00102
      132/1    1.03515    5.46767    1.04541 +/- 0.00102
      133/1    1.05305    5.46503    1.04551 +/- 0.00101
      134/1    1.05991    5.46095    1.04571 +/- 0.00101
      135/1    1.04428    5.45440    1.04569 +/- 0.00100
      136/1    1.06054    5.44666    1.04588 +/- 0.00100
      137/1    1.05512    5.46941    1.04600 +/- 0.00100
      138/1    1.04940    5.45616    1.04605 +/- 0.00099
      139/1    1.04772    5.46441    1.04607 +/- 0.00097
      140/1    1.05698    5.46097    1.04621 +/- 0.00097
      141/1    1.02694    5.47079    1.04597 +/- 0.00099
      142/1    1.04251    5.44346    1.04593 +/- 0.00098
      143/1    1.04971    5.44228    1.04597 +/- 0.00097
      144/1    1.02419    5.45039    1.04571 +/- 0.00099
      145/1    1.04102    5.45751    1.04566 +/- 0.00098
      146/1    1.03615    5.44671    1.04555 +/- 0.00097
      147/1    1.03023    5.44291    1.04537 +/- 0.00098
      148/1    1.04532    5.44589    1.04537 +/- 0.00097
      149/1    1.04031    5.44663    1.04531 +/- 0.00096
      150/1    1.02542    5.44072    1.04509 +/- 0.00097
      151/1    1.05245    5.42652    1.04517 +/- 0.00097
      152/1    1.04671    5.44435    1.04519 +/- 0.00096
      153/1    1.02404    5.45117    1.04496 +/- 0.00097
      154/1    1.06066    5.44714    1.04513 +/- 0.00098
      155/1    1.03161    5.44614    1.04499 +/- 0.00098
      156/1    1.02559    5.44592    1.04479 +/- 0.00099
      157/1    1.04791    5.46435    1.04482 +/- 0.00098
      158/1    1.04125    5.44916    1.04478 +/- 0.00097
      159/1    1.04500    5.44942    1.04478 +/- 0.00096
      160/1    1.04258    5.45400    1.04476 +/- 0.00095
 Creating state point statepoint.160.h5...

 =======================>     TIMING STATISTICS     <=======================

 Total time for initialization     = 0.0000e+00 seconds
   Reading cross sections          = 0.0000e+00 seconds
 Total time in simulation          = 6.4017e+02 seconds
   Time in transport only          = 6.3375e+02 seconds
   Time in inactive batches        = 2.1163e+02 seconds
   Time in active batches          = 4.2854e+02 seconds
   Time synchronizing fission bank = 5.8787e-01 seconds
     Sampling source sites         = 4.6311e-01 seconds
     SEND/RECV source sites        = 1.2392e-01 seconds
   Time accumulating tallies       = 4.6339e+00 seconds
   Time writing statepoints        = 1.8727e-02 seconds
 Total time for finalization       = 2.0386e-02 seconds
 Total time elapsed                = 6.4134e+02 seconds
 Calculation Rate (inactive)       = 5670.34 particles/second
 Calculation Rate (active)         = 4667.03 particles/second

 ============================>     RESULTS     <============================

 k-effective (Collision)     = 1.04463 +/- 0.00077
 k-effective (Track-length)  = 1.04476 +/- 0.00095
 k-effective (Absorption)    = 1.04410 +/- 0.00084
 Combined k-effective        = 1.04441 +/- 0.00069
 Leakage Fraction            = 0.00702 +/- 0.00006

 Creating state point openmc_simulation_n4.h5...
[openmc.deplete] t=116834482.39194909 (final operator evaluation)
 Maximum neutron transport energy: 20000000 eV for H1
 Initializing source particles...

 ====================>     K EIGENVALUE SIMULATION     <====================

  Bat./Gen.      k       Entropy         Average k 
  =========   ========   ========   ====================
        1/1    0.95564    5.54049
        2/1    0.98985    5.52389
        3/1    0.97533    5.51272
        4/1    0.97650    5.48860
        5/1    0.97986    5.48401
        6/1    0.99119    5.47724
        7/1    0.98716    5.48936
        8/1    0.98873    5.48053
        9/1    0.98638    5.48179
       10/1    1.00069    5.48553
       11/1    0.98921    5.48543
       12/1    0.99276    5.46948
       13/1    0.99642    5.47158
       14/1    0.98383    5.47077
       15/1    0.99210    5.45359
       16/1    0.99312    5.45236
       17/1    0.99673    5.47542
       18/1    0.98980    5.45905
       19/1    0.98946    5.48022
       20/1    1.00264    5.47952
       21/1    0.99222    5.48420
       22/1    0.99378    5.48065
       23/1    0.99680    5.46331
       24/1    0.99620    5.45463
       25/1    1.01128    5.48438
       26/1    0.99695    5.47924
       27/1    1.00910    5.47211
       28/1    1.00425    5.46989
       29/1    0.98683    5.47399
       30/1    1.00921    5.47027
       31/1    0.99512    5.46487
       32/1    0.98479    5.48716
       33/1    0.97877    5.47050
       34/1    0.99761    5.47100
       35/1    0.99872    5.46852
       36/1    0.98677    5.48272
       37/1    1.00099    5.48286
       38/1    1.02015    5.47401
       39/1    0.98240    5.48601
       40/1    0.98853    5.48090
       41/1    1.00191    5.48817
       42/1    0.98662    5.48147
       43/1    0.98564    5.46832
       44/1    0.98999    5.46643
       45/1    0.98610    5.46586
       46/1    1.00756    5.47386
       47/1    0.98858    5.46772
       48/1    0.99464    5.48170
       49/1    0.99439    5.48313
       50/1    0.99652    5.46943
       51/1    1.00635    5.46782
       52/1    1.00364    5.46181
       53/1    0.99099    5.46196
       54/1    1.00161    5.46230
       55/1    0.99780    5.47926
       56/1    1.00048    5.47459
       57/1    0.96821    5.46105
       58/1    0.99307    5.46645
       59/1    1.00269    5.47635
       60/1    0.97589    5.46640
       61/1    1.00028    5.46940
       62/1    1.00673    5.46959    1.00351 +/- 0.00323
       63/1    1.00261    5.47340    1.00321 +/- 0.00189
       64/1    1.00451    5.47200    1.00353 +/- 0.00137
       65/1    1.00609    5.47313    1.00404 +/- 0.00118
       66/1    0.99724    5.46523    1.00291 +/- 0.00149
       67/1    1.01156    5.46633    1.00415 +/- 0.00176
       68/1    0.99270    5.46098    1.00271 +/- 0.00209
       69/1    0.98896    5.45375    1.00119 +/- 0.00240
       70/1    1.00515    5.46530    1.00158 +/- 0.00218
       71/1    1.00152    5.47326    1.00158 +/- 0.00197
       72/1    1.00150    5.46702    1.00157 +/- 0.00180
       73/1    0.99032    5.48079    1.00070 +/- 0.00187
       74/1    0.98962    5.47187    0.99991 +/- 0.00190
       75/1    0.98180    5.47471    0.99871 +/- 0.00214
       76/1    0.99462    5.46556    0.99845 +/- 0.00202
       77/1    1.00239    5.47174    0.99868 +/- 0.00191
       78/1    0.98887    5.46849    0.99814 +/- 0.00188
       79/1    0.97360    5.47920    0.99685 +/- 0.00220
       80/1    0.98390    5.46037    0.99620 +/- 0.00219
       81/1    0.99697    5.46644    0.99624 +/- 0.00208
       82/1    0.98374    5.47591    0.99567 +/- 0.00206
       83/1    1.00479    5.46267    0.99606 +/- 0.00201
       84/1    0.99325    5.46583    0.99595 +/- 0.00193
       85/1    0.99231    5.46315    0.99580 +/- 0.00186
       86/1    0.99831    5.46675    0.99590 +/- 0.00179
       87/1    0.99634    5.47073    0.99591 +/- 0.00172
       88/1    0.97630    5.46886    0.99521 +/- 0.00180
       89/1    0.97068    5.47590    0.99437 +/- 0.00193
       90/1    0.99414    5.46081    0.99436 +/- 0.00186
       91/1    1.00499    5.46817    0.99470 +/- 0.00184
       92/1    0.99528    5.46100    0.99472 +/- 0.00178
       93/1    1.00319    5.48019    0.99498 +/- 0.00174
       94/1    0.99255    5.47095    0.99491 +/- 0.00169
       95/1    1.00560    5.45469    0.99521 +/- 0.00167
       96/1    0.99642    5.46244    0.99525 +/- 0.00162
       97/1    0.99125    5.45872    0.99514 +/- 0.00158
       98/1    0.99412    5.46055    0.99511 +/- 0.00154
       99/1    0.98403    5.45431    0.99483 +/- 0.00153
      100/1    1.00946    5.44834    0.99519 +/- 0.00153
      101/1    0.99729    5.46361    0.99524 +/- 0.00150
      102/1    0.97520    5.46291    0.99477 +/- 0.00154
      103/1    0.99909    5.47058    0.99487 +/- 0.00150
      104/1    0.99661    5.46016    0.99491 +/- 0.00147
      105/1    1.00252    5.47677    0.99508 +/- 0.00145
      106/1    1.00010    5.48265    0.99518 +/- 0.00142
      107/1    1.00564    5.46123    0.99541 +/- 0.00141
      108/1    0.97820    5.46897    0.99505 +/- 0.00142
      109/1    1.00011    5.47769    0.99515 +/- 0.00140
      110/1    0.99812    5.48024    0.99521 +/- 0.00137
      111/1    0.98529    5.48123    0.99502 +/- 0.00136
      112/1    0.99475    5.47642    0.99501 +/- 0.00133
      113/1    1.02344    5.46768    0.99555 +/- 0.00141
      114/1    0.96786    5.47194    0.99504 +/- 0.00148
      115/1    0.98746    5.46991    0.99490 +/- 0.00146
      116/1    0.98303    5.46408    0.99469 +/- 0.00145
      117/1    0.99003    5.46173    0.99460 +/- 0.00142
      118/1    0.96787    5.47824    0.99414 +/- 0.00147
      119/1    0.99334    5.47382    0.99413 +/- 0.00145
      120/1    0.99349    5.48501    0.99412 +/- 0.00142
      121/1    1.00519    5.47023    0.99430 +/- 0.00141
      122/1    1.00421    5.47748    0.99446 +/- 0.00140
      123/1    0.99169    5.47216    0.99442 +/- 0.00137
      124/1    0.98901    5.46681    0.99433 +/- 0.00136
      125/1    0.98715    5.48007    0.99422 +/- 0.00134
      126/1    0.98363    5.48792    0.99406 +/- 0.00133
      127/1    1.00269    5.46729    0.99419 +/- 0.00131
      128/1    0.98218    5.47030    0.99401 +/- 0.00131
      129/1    0.99850    5.46842    0.99408 +/- 0.00129
      130/1    0.98335    5.48665    0.99392 +/- 0.00128
      131/1    1.00492    5.47525    0.99408 +/- 0.00127
      132/1    0.99804    5.47479    0.99413 +/- 0.00126
      133/1    0.98258    5.48152    0.99398 +/- 0.00125
      134/1    0.98985    5.50049    0.99392 +/- 0.00123
      135/1    0.99490    5.49114    0.99393 +/- 0.00122
      136/1    0.98681    5.49916    0.99384 +/- 0.00120
      137/1    1.00597    5.48631    0.99400 +/- 0.00120
      138/1    0.98369    5.48075    0.99387 +/- 0.00119
      139/1    0.99663    5.46782    0.99390 +/- 0.00118
      140/1    1.00022    5.47479    0.99398 +/- 0.00116
      141/1    1.00928    5.49393    0.99417 +/- 0.00116
      142/1    0.99342    5.50273    0.99416 +/- 0.00115
      143/1    0.99073    5.49820    0.99412 +/- 0.00114
      144/1    1.00021    5.48647    0.99419 +/- 0.00113
      145/1    1.00115    5.47263    0.99427 +/- 0.00112
      146/1    0.98635    5.48537    0.99418 +/- 0.00111
      147/1    0.99958    5.46581    0.99424 +/- 0.00109
      148/1    0.99277    5.46438    0.99423 +/- 0.00108
      149/1    0.99488    5.44704    0.99423 +/- 0.00107
      150/1    1.01712    5.47345    0.99449 +/- 0.00109
      151/1    0.99539    5.46611    0.99450 +/- 0.00108
      152/1    0.98871    5.45516    0.99443 +/- 0.00107
      153/1    1.01209    5.45936    0.99462 +/- 0.00107
      154/1    0.99469    5.45927    0.99462 +/- 0.00106
      155/1    1.00151    5.45698    0.99470 +/- 0.00105
      156/1    1.00145    5.44657    0.99477 +/- 0.00104
      157/1    1.01005    5.45762    0.99492 +/- 0.00104
      158/1    1.01091    5.48746    0.99509 +/- 0.00105
      159/1    0.99519    5.48616    0.99509 +/- 0.00104
      160/1    0.99906    5.47427    0.99513 +/- 0.00103
 Creating state point statepoint.160.h5...

 =======================>     TIMING STATISTICS     <=======================

 Total time for initialization     = 0.0000e+00 seconds
   Reading cross sections          = 0.0000e+00 seconds
 Total time in simulation          = 5.4510e+02 seconds
   Time in transport only          = 5.4083e+02 seconds
   Time in inactive batches        = 1.5885e+02 seconds
   Time in active batches          = 3.8625e+02 seconds
   Time synchronizing fission bank = 3.6702e-01 seconds
     Sampling source sites         = 2.6611e-01 seconds
     SEND/RECV source sites        = 1.0017e-01 seconds
   Time accumulating tallies       = 3.3819e+00 seconds
   Time writing statepoints        = 5.9617e-02 seconds
 Total time for finalization       = 4.8998e-02 seconds
 Total time elapsed                = 5.4559e+02 seconds
 Calculation Rate (inactive)       = 7554.23 particles/second
 Calculation Rate (active)         = 5178.05 particles/second

 ============================>     RESULTS     <============================

 k-effective (Collision)     = 0.99501 +/- 0.00081
 k-effective (Track-length)  = 0.99513 +/- 0.00103
 k-effective (Absorption)    = 0.99570 +/- 0.00072
 Combined k-effective        = 0.99542 +/- 0.00066
 Leakage Fraction            = 0.00763 +/- 0.00007

 Creating state point openmc_simulation_n5.h5...
      k(BOL) 1.04620 x ratio 0.92791 -> end of cycle at k = 0.97077
      state 0: B   0.00 MWd/kgHM  k 1.04620  (target)
      state 1: B   0.50 MWd/kgHM  k 1.02927
      state 2: B   1.50 MWd/kgHM  k 1.03948
      state 3: B   3.50 MWd/kgHM  k 1.05837
      state 4: B   7.50 MWd/kgHM  k 1.04441
      state 5: B  13.50 MWd/kgHM  k 0.99542
                                %%%%%%%%%%%%%%%
                           %%%%%%%%%%%%%%%%%%%%%%%%
                        %%%%%%%%%%%%%%%%%%%%%%%%%%%%%%
                      %%%%%%%%%%%%%%%%%%%%%%%%%%%%%%%%%%
                    %%%%%%%%%%%%%%%%%%%%%%%%%%%%%%%%%%%%%%
                   %%%%%%%%%%%%%%%%%%%%%%%%%%%%%%%%%%%%%%%%
                                    %%%%%%%%%%%%%%%%%%%%%%%%
                                     %%%%%%%%%%%%%%%%%%%%%%%%
                 ###############      %%%%%%%%%%%%%%%%%%%%%%%%
                ##################     %%%%%%%%%%%%%%%%%%%%%%%
                ###################     %%%%%%%%%%%%%%%%%%%%%%%
                ####################     %%%%%%%%%%%%%%%%%%%%%%
                #####################     %%%%%%%%%%%%%%%%%%%%%
                ######################     %%%%%%%%%%%%%%%%%%%%
                #######################     %%%%%%%%%%%%%%%%%%
                 #######################     %%%%%%%%%%%%%%%%%
                 ######################     %%%%%%%%%%%%%%%%%
                  ####################     %%%%%%%%%%%%%%%%%
                    #################     %%%%%%%%%%%%%%%%%
                     ###############     %%%%%%%%%%%%%%%%
                       ############     %%%%%%%%%%%%%%%
                          ########     %%%%%%%%%%%%%%
                                      %%%%%%%%%%%

                 | The OpenMC Monte Carlo Code
       Copyright | 2011-2025 MIT, UChicago Argonne LLC, and contributors
         License | https://docs.openmc.org/en/latest/license.html
         Version | 0.15.3
     Commit Hash | 27e38e894697bb32a1dac7848d2618818b6b8daf
       Date/Time | 2026-09-24 18:08:47
   MPI Processes | 1
  OpenMP Threads | 64

 Reading settings XML file...
 Reading cross sections XML file...
 Reading chain file: /home/diogo/openmc_data/chain_endfb71_pwr.xml...
 Reading materials XML file...
 Reading geometry XML file...
 Reading H1 from /home/diogo/openmc_data/endfb-vii.1-hdf5/neutron/H1.h5
 Reading H2 from /home/diogo/openmc_data/endfb-vii.1-hdf5/neutron/H2.h5
 Reading B10 from /home/diogo/openmc_data/endfb-vii.1-hdf5/neutron/B10.h5
 Reading B11 from /home/diogo/openmc_data/endfb-vii.1-hdf5/neutron/B11.h5
 Reading O16 from /home/diogo/openmc_data/endfb-vii.1-hdf5/neutron/O16.h5
 Reading O17 from /home/diogo/openmc_data/endfb-vii.1-hdf5/neutron/O17.h5
 Reading Cr50 from /home/diogo/openmc_data/endfb-vii.1-hdf5/neutron/Cr50.h5
 Reading Cr52 from /home/diogo/openmc_data/endfb-vii.1-hdf5/neutron/Cr52.h5
 Reading Cr53 from /home/diogo/openmc_data/endfb-vii.1-hdf5/neutron/Cr53.h5
 Reading Cr54 from /home/diogo/openmc_data/endfb-vii.1-hdf5/neutron/Cr54.h5
 Reading Mn55 from /home/diogo/openmc_data/endfb-vii.1-hdf5/neutron/Mn55.h5
 Reading Fe54 from /home/diogo/openmc_data/endfb-vii.1-hdf5/neutron/Fe54.h5
 Reading Fe56 from /home/diogo/openmc_data/endfb-vii.1-hdf5/neutron/Fe56.h5
 Reading Fe57 from /home/diogo/openmc_data/endfb-vii.1-hdf5/neutron/Fe57.h5
 Reading Fe58 from /home/diogo/openmc_data/endfb-vii.1-hdf5/neutron/Fe58.h5
 Reading Ni58 from /home/diogo/openmc_data/endfb-vii.1-hdf5/neutron/Ni58.h5
 Reading Ni60 from /home/diogo/openmc_data/endfb-vii.1-hdf5/neutron/Ni60.h5
 Reading Ni61 from /home/diogo/openmc_data/endfb-vii.1-hdf5/neutron/Ni61.h5
 Reading Ni62 from /home/diogo/openmc_data/endfb-vii.1-hdf5/neutron/Ni62.h5
 Reading Ni64 from /home/diogo/openmc_data/endfb-vii.1-hdf5/neutron/Ni64.h5
 Reading Zr90 from /home/diogo/openmc_data/endfb-vii.1-hdf5/neutron/Zr90.h5
 Reading Zr91 from /home/diogo/openmc_data/endfb-vii.1-hdf5/neutron/Zr91.h5
 Reading Zr92 from /home/diogo/openmc_data/endfb-vii.1-hdf5/neutron/Zr92.h5
 Reading Zr94 from /home/diogo/openmc_data/endfb-vii.1-hdf5/neutron/Zr94.h5
 Reading Zr96 from /home/diogo/openmc_data/endfb-vii.1-hdf5/neutron/Zr96.h5
 Reading Sn112 from /home/diogo/openmc_data/endfb-vii.1-hdf5/neutron/Sn112.h5
 Reading Sn114 from /home/diogo/openmc_data/endfb-vii.1-hdf5/neutron/Sn114.h5
 Reading Sn115 from /home/diogo/openmc_data/endfb-vii.1-hdf5/neutron/Sn115.h5
 Reading Sn116 from /home/diogo/openmc_data/endfb-vii.1-hdf5/neutron/Sn116.h5
 Reading Sn117 from /home/diogo/openmc_data/endfb-vii.1-hdf5/neutron/Sn117.h5
 Reading Sn118 from /home/diogo/openmc_data/endfb-vii.1-hdf5/neutron/Sn118.h5
 Reading Sn119 from /home/diogo/openmc_data/endfb-vii.1-hdf5/neutron/Sn119.h5
 Reading Sn120 from /home/diogo/openmc_data/endfb-vii.1-hdf5/neutron/Sn120.h5
 Reading Sn122 from /home/diogo/openmc_data/endfb-vii.1-hdf5/neutron/Sn122.h5
 Reading Sn124 from /home/diogo/openmc_data/endfb-vii.1-hdf5/neutron/Sn124.h5
 Reading He3 from /home/diogo/openmc_data/endfb-vii.1-hdf5/neutron/He3.h5
 Reading He4 from /home/diogo/openmc_data/endfb-vii.1-hdf5/neutron/He4.h5
 Reading U234 from /home/diogo/openmc_data/endfb-vii.1-hdf5/neutron/U234.h5
 Reading U235 from /home/diogo/openmc_data/endfb-vii.1-hdf5/neutron/U235.h5
 Reading U238 from /home/diogo/openmc_data/endfb-vii.1-hdf5/neutron/U238.h5
 Reading Gd152 from /home/diogo/openmc_data/endfb-vii.1-hdf5/neutron/Gd152.h5
 Reading Gd154 from /home/diogo/openmc_data/endfb-vii.1-hdf5/neutron/Gd154.h5
 Reading Gd155 from /home/diogo/openmc_data/endfb-vii.1-hdf5/neutron/Gd155.h5
 Reading Gd156 from /home/diogo/openmc_data/endfb-vii.1-hdf5/neutron/Gd156.h5
 Reading Gd157 from /home/diogo/openmc_data/endfb-vii.1-hdf5/neutron/Gd157.h5
 Reading Gd158 from /home/diogo/openmc_data/endfb-vii.1-hdf5/neutron/Gd158.h5
 Reading Gd160 from /home/diogo/openmc_data/endfb-vii.1-hdf5/neutron/Gd160.h5
 Reading Si28 from /home/diogo/openmc_data/endfb-vii.1-hdf5/neutron/Si28.h5
 Reading Si29 from /home/diogo/openmc_data/endfb-vii.1-hdf5/neutron/Si29.h5
 Reading Si30 from /home/diogo/openmc_data/endfb-vii.1-hdf5/neutron/Si30.h5
 Reading Ag107 from /home/diogo/openmc_data/endfb-vii.1-hdf5/neutron/Ag107.h5
 Reading Ag109 from /home/diogo/openmc_data/endfb-vii.1-hdf5/neutron/Ag109.h5
 Reading Cd106 from /home/diogo/openmc_data/endfb-vii.1-hdf5/neutron/Cd106.h5
 WARNING: Negative value(s) found on probability table for nuclide Cd106 at 294K
 WARNING: Negative value(s) found on probability table for nuclide Cd106 at 600K
 WARNING: Negative value(s) found on probability table for nuclide Cd106 at 900K
 WARNING: Negative value(s) found on probability table for nuclide Cd106 at
          1200K
 WARNING: Negative value(s) found on probability table for nuclide Cd106 at
          2500K
 Reading Cd108 from /home/diogo/openmc_data/endfb-vii.1-hdf5/neutron/Cd108.h5
 Reading Cd110 from /home/diogo/openmc_data/endfb-vii.1-hdf5/neutron/Cd110.h5
 Reading Cd111 from /home/diogo/openmc_data/endfb-vii.1-hdf5/neutron/Cd111.h5
 Reading Cd112 from /home/diogo/openmc_data/endfb-vii.1-hdf5/neutron/Cd112.h5
 Reading Cd113 from /home/diogo/openmc_data/endfb-vii.1-hdf5/neutron/Cd113.h5
 Reading Cd114 from /home/diogo/openmc_data/endfb-vii.1-hdf5/neutron/Cd114.h5
 Reading Cd116 from /home/diogo/openmc_data/endfb-vii.1-hdf5/neutron/Cd116.h5
 Reading In113 from /home/diogo/openmc_data/endfb-vii.1-hdf5/neutron/In113.h5
 Reading In115 from /home/diogo/openmc_data/endfb-vii.1-hdf5/neutron/In115.h5
 Reading c_H_in_H2O from
 /home/diogo/openmc_data/endfb-vii.1-hdf5/neutron/c_H_in_H2O.h5
 Minimum neutron data temperature: 0 K
 Maximum neutron data temperature: 1.7976931348623157e+308 K
 Reading tallies XML file...
 Preparing distributed cell instances...
 Reading plot XML file...
 Writing summary.h5 file...
[openmc.deplete] t=116834482.39194909 s, dt=34617624.412429355 s, source=47869523.30856334
[openmc.deplete] t=151452106.80437845 s, dt=34617624.412429355 s, source=47869523.30856334
 Reading H3 from /home/diogo/openmc_data/endfb-vii.1-hdf5/neutron/H3.h5
 Reading Li6 from /home/diogo/openmc_data/endfb-vii.1-hdf5/neutron/Li6.h5
 Reading Li7 from /home/diogo/openmc_data/endfb-vii.1-hdf5/neutron/Li7.h5
 Reading N14 from /home/diogo/openmc_data/endfb-vii.1-hdf5/neutron/N14.h5
 Reading N15 from /home/diogo/openmc_data/endfb-vii.1-hdf5/neutron/N15.h5
 Reading F19 from /home/diogo/openmc_data/endfb-vii.1-hdf5/neutron/F19.h5
 Reading Na22 from /home/diogo/openmc_data/endfb-vii.1-hdf5/neutron/Na22.h5
 WARNING: Negative value(s) found on probability table for nuclide Na22 at 250K
 WARNING: Negative value(s) found on probability table for nuclide Na22 at 294K
 WARNING: Negative value(s) found on probability table for nuclide Na22 at 600K
 WARNING: Negative value(s) found on probability table for nuclide Na22 at 900K
 WARNING: Negative value(s) found on probability table for nuclide Na22 at 1200K
 WARNING: Negative value(s) found on probability table for nuclide Na22 at 2500K
 Reading Na23 from /home/diogo/openmc_data/endfb-vii.1-hdf5/neutron/Na23.h5
 Reading Mg24 from /home/diogo/openmc_data/endfb-vii.1-hdf5/neutron/Mg24.h5
 Reading Mg25 from /home/diogo/openmc_data/endfb-vii.1-hdf5/neutron/Mg25.h5
 Reading Mg26 from /home/diogo/openmc_data/endfb-vii.1-hdf5/neutron/Mg26.h5
 Reading Al27 from /home/diogo/openmc_data/endfb-vii.1-hdf5/neutron/Al27.h5
 Reading P31 from /home/diogo/openmc_data/endfb-vii.1-hdf5/neutron/P31.h5
 Reading S32 from /home/diogo/openmc_data/endfb-vii.1-hdf5/neutron/S32.h5
 Reading S33 from /home/diogo/openmc_data/endfb-vii.1-hdf5/neutron/S33.h5
 Reading S34 from /home/diogo/openmc_data/endfb-vii.1-hdf5/neutron/S34.h5
 Reading S36 from /home/diogo/openmc_data/endfb-vii.1-hdf5/neutron/S36.h5
 Reading Cl35 from /home/diogo/openmc_data/endfb-vii.1-hdf5/neutron/Cl35.h5
 Reading Cl37 from /home/diogo/openmc_data/endfb-vii.1-hdf5/neutron/Cl37.h5
 Reading Ar36 from /home/diogo/openmc_data/endfb-vii.1-hdf5/neutron/Ar36.h5
 WARNING: Negative value(s) found on probability table for nuclide Ar36 at 250K
 WARNING: Negative value(s) found on probability table for nuclide Ar36 at 294K
 WARNING: Negative value(s) found on probability table for nuclide Ar36 at 600K
 WARNING: Negative value(s) found on probability table for nuclide Ar36 at 900K
 WARNING: Negative value(s) found on probability table for nuclide Ar36 at 1200K
 WARNING: Negative value(s) found on probability table for nuclide Ar36 at 2500K
 Reading Ar38 from /home/diogo/openmc_data/endfb-vii.1-hdf5/neutron/Ar38.h5
 Reading Ar40 from /home/diogo/openmc_data/endfb-vii.1-hdf5/neutron/Ar40.h5
 Reading K39 from /home/diogo/openmc_data/endfb-vii.1-hdf5/neutron/K39.h5
 Reading K40 from /home/diogo/openmc_data/endfb-vii.1-hdf5/neutron/K40.h5
 Reading K41 from /home/diogo/openmc_data/endfb-vii.1-hdf5/neutron/K41.h5
 Reading Ca40 from /home/diogo/openmc_data/endfb-vii.1-hdf5/neutron/Ca40.h5
 Reading Ca42 from /home/diogo/openmc_data/endfb-vii.1-hdf5/neutron/Ca42.h5
 Reading Ca43 from /home/diogo/openmc_data/endfb-vii.1-hdf5/neutron/Ca43.h5
 Reading Ca44 from /home/diogo/openmc_data/endfb-vii.1-hdf5/neutron/Ca44.h5
 Reading Ca46 from /home/diogo/openmc_data/endfb-vii.1-hdf5/neutron/Ca46.h5
 Reading Sc45 from /home/diogo/openmc_data/endfb-vii.1-hdf5/neutron/Sc45.h5
 Reading Ti46 from /home/diogo/openmc_data/endfb-vii.1-hdf5/neutron/Ti46.h5
 Reading Ti47 from /home/diogo/openmc_data/endfb-vii.1-hdf5/neutron/Ti47.h5
 Reading Ti48 from /home/diogo/openmc_data/endfb-vii.1-hdf5/neutron/Ti48.h5
 Reading Ti49 from /home/diogo/openmc_data/endfb-vii.1-hdf5/neutron/Ti49.h5
 Reading Ti50 from /home/diogo/openmc_data/endfb-vii.1-hdf5/neutron/Ti50.h5
 Reading V50 from /home/diogo/openmc_data/endfb-vii.1-hdf5/neutron/V50.h5
 Reading V51 from /home/diogo/openmc_data/endfb-vii.1-hdf5/neutron/V51.h5
 Reading Co58 from /home/diogo/openmc_data/endfb-vii.1-hdf5/neutron/Co58.h5
 Reading Co59 from /home/diogo/openmc_data/endfb-vii.1-hdf5/neutron/Co59.h5
 Reading Ni59 from /home/diogo/openmc_data/endfb-vii.1-hdf5/neutron/Ni59.h5
 Reading Cu63 from /home/diogo/openmc_data/endfb-vii.1-hdf5/neutron/Cu63.h5
 Reading Cu65 from /home/diogo/openmc_data/endfb-vii.1-hdf5/neutron/Cu65.h5
 Reading Zn64 from /home/diogo/openmc_data/endfb-vii.1-hdf5/neutron/Zn64.h5
 Reading Zn65 from /home/diogo/openmc_data/endfb-vii.1-hdf5/neutron/Zn65.h5
 Reading Zn66 from /home/diogo/openmc_data/endfb-vii.1-hdf5/neutron/Zn66.h5
 Reading Zn67 from /home/diogo/openmc_data/endfb-vii.1-hdf5/neutron/Zn67.h5
 Reading Zn68 from /home/diogo/openmc_data/endfb-vii.1-hdf5/neutron/Zn68.h5
 Reading Zn70 from /home/diogo/openmc_data/endfb-vii.1-hdf5/neutron/Zn70.h5
 Reading Ga69 from /home/diogo/openmc_data/endfb-vii.1-hdf5/neutron/Ga69.h5
 Reading Ga71 from /home/diogo/openmc_data/endfb-vii.1-hdf5/neutron/Ga71.h5
 Reading Ge70 from /home/diogo/openmc_data/endfb-vii.1-hdf5/neutron/Ge70.h5
 Reading Ge72 from /home/diogo/openmc_data/endfb-vii.1-hdf5/neutron/Ge72.h5
 Reading Ge73 from /home/diogo/openmc_data/endfb-vii.1-hdf5/neutron/Ge73.h5
 Reading Ge74 from /home/diogo/openmc_data/endfb-vii.1-hdf5/neutron/Ge74.h5
 Reading Ge76 from /home/diogo/openmc_data/endfb-vii.1-hdf5/neutron/Ge76.h5
 Reading As74 from /home/diogo/openmc_data/endfb-vii.1-hdf5/neutron/As74.h5
 Reading As75 from /home/diogo/openmc_data/endfb-vii.1-hdf5/neutron/As75.h5
 Reading Se74 from /home/diogo/openmc_data/endfb-vii.1-hdf5/neutron/Se74.h5
 Reading Se76 from /home/diogo/openmc_data/endfb-vii.1-hdf5/neutron/Se76.h5
 Reading Se77 from /home/diogo/openmc_data/endfb-vii.1-hdf5/neutron/Se77.h5
 Reading Se78 from /home/diogo/openmc_data/endfb-vii.1-hdf5/neutron/Se78.h5
 Reading Se79 from /home/diogo/openmc_data/endfb-vii.1-hdf5/neutron/Se79.h5
 WARNING: Negative value(s) found on probability table for nuclide Se79 at 250K
 WARNING: Negative value(s) found on probability table for nuclide Se79 at 294K
 WARNING: Negative value(s) found on probability table for nuclide Se79 at 600K
 WARNING: Negative value(s) found on probability table for nuclide Se79 at 900K
 WARNING: Negative value(s) found on probability table for nuclide Se79 at 1200K
 Reading Se80 from /home/diogo/openmc_data/endfb-vii.1-hdf5/neutron/Se80.h5
 Reading Se82 from /home/diogo/openmc_data/endfb-vii.1-hdf5/neutron/Se82.h5
 Reading Br79 from /home/diogo/openmc_data/endfb-vii.1-hdf5/neutron/Br79.h5
 Reading Br81 from /home/diogo/openmc_data/endfb-vii.1-hdf5/neutron/Br81.h5
 Reading Kr78 from /home/diogo/openmc_data/endfb-vii.1-hdf5/neutron/Kr78.h5
 Reading Kr80 from /home/diogo/openmc_data/endfb-vii.1-hdf5/neutron/Kr80.h5
 Reading Kr82 from /home/diogo/openmc_data/endfb-vii.1-hdf5/neutron/Kr82.h5
 Reading Kr83 from /home/diogo/openmc_data/endfb-vii.1-hdf5/neutron/Kr83.h5
 Reading Kr84 from /home/diogo/openmc_data/endfb-vii.1-hdf5/neutron/Kr84.h5
 Reading Kr85 from /home/diogo/openmc_data/endfb-vii.1-hdf5/neutron/Kr85.h5
 Reading Kr86 from /home/diogo/openmc_data/endfb-vii.1-hdf5/neutron/Kr86.h5
 Reading Rb85 from /home/diogo/openmc_data/endfb-vii.1-hdf5/neutron/Rb85.h5
 Reading Rb86 from /home/diogo/openmc_data/endfb-vii.1-hdf5/neutron/Rb86.h5
 Reading Rb87 from /home/diogo/openmc_data/endfb-vii.1-hdf5/neutron/Rb87.h5
 Reading Sr84 from /home/diogo/openmc_data/endfb-vii.1-hdf5/neutron/Sr84.h5
 Reading Sr86 from /home/diogo/openmc_data/endfb-vii.1-hdf5/neutron/Sr86.h5
 Reading Sr87 from /home/diogo/openmc_data/endfb-vii.1-hdf5/neutron/Sr87.h5
 Reading Sr88 from /home/diogo/openmc_data/endfb-vii.1-hdf5/neutron/Sr88.h5
 Reading Sr89 from /home/diogo/openmc_data/endfb-vii.1-hdf5/neutron/Sr89.h5
 Reading Sr90 from /home/diogo/openmc_data/endfb-vii.1-hdf5/neutron/Sr90.h5
 Reading Y89 from /home/diogo/openmc_data/endfb-vii.1-hdf5/neutron/Y89.h5
 Reading Y90 from /home/diogo/openmc_data/endfb-vii.1-hdf5/neutron/Y90.h5
 Reading Y91 from /home/diogo/openmc_data/endfb-vii.1-hdf5/neutron/Y91.h5
 Reading Zr93 from /home/diogo/openmc_data/endfb-vii.1-hdf5/neutron/Zr93.h5
 Reading Zr95 from /home/diogo/openmc_data/endfb-vii.1-hdf5/neutron/Zr95.h5
 Reading Nb93 from /home/diogo/openmc_data/endfb-vii.1-hdf5/neutron/Nb93.h5
 Reading Nb94 from /home/diogo/openmc_data/endfb-vii.1-hdf5/neutron/Nb94.h5
 WARNING: Negative value(s) found on probability table for nuclide Nb94 at 250K
 WARNING: Negative value(s) found on probability table for nuclide Nb94 at 294K
 WARNING: Negative value(s) found on probability table for nuclide Nb94 at 600K
 WARNING: Negative value(s) found on probability table for nuclide Nb94 at 900K
 WARNING: Negative value(s) found on probability table for nuclide Nb94 at 1200K
 WARNING: Negative value(s) found on probability table for nuclide Nb94 at 2500K
 Reading Nb95 from /home/diogo/openmc_data/endfb-vii.1-hdf5/neutron/Nb95.h5
 WARNING: Negative value(s) found on probability table for nuclide Nb95 at 250K
 WARNING: Negative value(s) found on probability table for nuclide Nb95 at 294K
 WARNING: Negative value(s) found on probability table for nuclide Nb95 at 600K
 WARNING: Negative value(s) found on probability table for nuclide Nb95 at 900K
 WARNING: Negative value(s) found on probability table for nuclide Nb95 at 1200K
 Reading Mo92 from /home/diogo/openmc_data/endfb-vii.1-hdf5/neutron/Mo92.h5
 Reading Mo94 from /home/diogo/openmc_data/endfb-vii.1-hdf5/neutron/Mo94.h5
 Reading Mo95 from /home/diogo/openmc_data/endfb-vii.1-hdf5/neutron/Mo95.h5
 Reading Mo96 from /home/diogo/openmc_data/endfb-vii.1-hdf5/neutron/Mo96.h5
 Reading Mo97 from /home/diogo/openmc_data/endfb-vii.1-hdf5/neutron/Mo97.h5
 Reading Mo98 from /home/diogo/openmc_data/endfb-vii.1-hdf5/neutron/Mo98.h5
 Reading Mo99 from /home/diogo/openmc_data/endfb-vii.1-hdf5/neutron/Mo99.h5
 WARNING: Negative value(s) found on probability table for nuclide Mo99 at 250K
 WARNING: Negative value(s) found on probability table for nuclide Mo99 at 294K
 WARNING: Negative value(s) found on probability table for nuclide Mo99 at 600K
 WARNING: Negative value(s) found on probability table for nuclide Mo99 at 900K
 WARNING: Negative value(s) found on probability table for nuclide Mo99 at 1200K
 WARNING: Negative value(s) found on probability table for nuclide Mo99 at 2500K
 Reading Mo100 from /home/diogo/openmc_data/endfb-vii.1-hdf5/neutron/Mo100.h5
 Reading Tc99 from /home/diogo/openmc_data/endfb-vii.1-hdf5/neutron/Tc99.h5
 Reading Ru98 from /home/diogo/openmc_data/endfb-vii.1-hdf5/neutron/Ru98.h5
 Reading Ru99 from /home/diogo/openmc_data/endfb-vii.1-hdf5/neutron/Ru99.h5
 Reading Ru100 from /home/diogo/openmc_data/endfb-vii.1-hdf5/neutron/Ru100.h5
 Reading Ru101 from /home/diogo/openmc_data/endfb-vii.1-hdf5/neutron/Ru101.h5
 Reading Ru102 from /home/diogo/openmc_data/endfb-vii.1-hdf5/neutron/Ru102.h5
 Reading Ru103 from /home/diogo/openmc_data/endfb-vii.1-hdf5/neutron/Ru103.h5
 Reading Ru104 from /home/diogo/openmc_data/endfb-vii.1-hdf5/neutron/Ru104.h5
 Reading Ru105 from /home/diogo/openmc_data/endfb-vii.1-hdf5/neutron/Ru105.h5
 Reading Ru106 from /home/diogo/openmc_data/endfb-vii.1-hdf5/neutron/Ru106.h5
 Reading Rh103 from /home/diogo/openmc_data/endfb-vii.1-hdf5/neutron/Rh103.h5
 Reading Rh105 from /home/diogo/openmc_data/endfb-vii.1-hdf5/neutron/Rh105.h5
 Reading Pd102 from /home/diogo/openmc_data/endfb-vii.1-hdf5/neutron/Pd102.h5
 Reading Pd104 from /home/diogo/openmc_data/endfb-vii.1-hdf5/neutron/Pd104.h5
 Reading Pd105 from /home/diogo/openmc_data/endfb-vii.1-hdf5/neutron/Pd105.h5
 Reading Pd106 from /home/diogo/openmc_data/endfb-vii.1-hdf5/neutron/Pd106.h5
 Reading Pd107 from /home/diogo/openmc_data/endfb-vii.1-hdf5/neutron/Pd107.h5
 Reading Pd108 from /home/diogo/openmc_data/endfb-vii.1-hdf5/neutron/Pd108.h5
 Reading Pd110 from /home/diogo/openmc_data/endfb-vii.1-hdf5/neutron/Pd110.h5
 Reading Ag110_m1 from
 /home/diogo/openmc_data/endfb-vii.1-hdf5/neutron/Ag110_m1.h5
 Reading Ag111 from /home/diogo/openmc_data/endfb-vii.1-hdf5/neutron/Ag111.h5
 Reading Cd115_m1 from
 /home/diogo/openmc_data/endfb-vii.1-hdf5/neutron/Cd115_m1.h5
 Reading Sn113 from /home/diogo/openmc_data/endfb-vii.1-hdf5/neutron/Sn113.h5
 Reading Sn123 from /home/diogo/openmc_data/endfb-vii.1-hdf5/neutron/Sn123.h5
 WARNING: Negative value(s) found on probability table for nuclide Sn123 at 250K
 WARNING: Negative value(s) found on probability table for nuclide Sn123 at 294K
 WARNING: Negative value(s) found on probability table for nuclide Sn123 at 600K
 WARNING: Negative value(s) found on probability table for nuclide Sn123 at 900K
 WARNING: Negative value(s) found on probability table for nuclide Sn123 at
          1200K
 WARNING: Negative value(s) found on probability table for nuclide Sn123 at
          2500K
 Reading Sn125 from /home/diogo/openmc_data/endfb-vii.1-hdf5/neutron/Sn125.h5
 Reading Sn126 from /home/diogo/openmc_data/endfb-vii.1-hdf5/neutron/Sn126.h5
 Reading Sb121 from /home/diogo/openmc_data/endfb-vii.1-hdf5/neutron/Sb121.h5
 Reading Sb123 from /home/diogo/openmc_data/endfb-vii.1-hdf5/neutron/Sb123.h5
 Reading Sb124 from /home/diogo/openmc_data/endfb-vii.1-hdf5/neutron/Sb124.h5
 Reading Sb125 from /home/diogo/openmc_data/endfb-vii.1-hdf5/neutron/Sb125.h5
 Reading Sb126 from /home/diogo/openmc_data/endfb-vii.1-hdf5/neutron/Sb126.h5
 Reading Te120 from /home/diogo/openmc_data/endfb-vii.1-hdf5/neutron/Te120.h5
 WARNING: Negative value(s) found on probability table for nuclide Te120 at 600K
 WARNING: Negative value(s) found on probability table for nuclide Te120 at 900K
 WARNING: Negative value(s) found on probability table for nuclide Te120 at
          1200K
 WARNING: Negative value(s) found on probability table for nuclide Te120 at
          2500K
 Reading Te122 from /home/diogo/openmc_data/endfb-vii.1-hdf5/neutron/Te122.h5
 Reading Te123 from /home/diogo/openmc_data/endfb-vii.1-hdf5/neutron/Te123.h5
 Reading Te124 from /home/diogo/openmc_data/endfb-vii.1-hdf5/neutron/Te124.h5
 Reading Te125 from /home/diogo/openmc_data/endfb-vii.1-hdf5/neutron/Te125.h5
 Reading Te126 from /home/diogo/openmc_data/endfb-vii.1-hdf5/neutron/Te126.h5
 Reading Te127_m1 from
 /home/diogo/openmc_data/endfb-vii.1-hdf5/neutron/Te127_m1.h5
 Reading Te128 from /home/diogo/openmc_data/endfb-vii.1-hdf5/neutron/Te128.h5
 Reading Te129_m1 from
 /home/diogo/openmc_data/endfb-vii.1-hdf5/neutron/Te129_m1.h5
 Reading Te130 from /home/diogo/openmc_data/endfb-vii.1-hdf5/neutron/Te130.h5
 Reading Te132 from /home/diogo/openmc_data/endfb-vii.1-hdf5/neutron/Te132.h5
 Reading I127 from /home/diogo/openmc_data/endfb-vii.1-hdf5/neutron/I127.h5
 Reading I129 from /home/diogo/openmc_data/endfb-vii.1-hdf5/neutron/I129.h5
 Reading I130 from /home/diogo/openmc_data/endfb-vii.1-hdf5/neutron/I130.h5
 Reading I131 from /home/diogo/openmc_data/endfb-vii.1-hdf5/neutron/I131.h5
 WARNING: Negative value(s) found on probability table for nuclide I131 at 250K
 WARNING: Negative value(s) found on probability table for nuclide I131 at 294K
 WARNING: Negative value(s) found on probability table for nuclide I131 at 600K
 WARNING: Negative value(s) found on probability table for nuclide I131 at 900K
 WARNING: Negative value(s) found on probability table for nuclide I131 at 1200K
 WARNING: Negative value(s) found on probability table for nuclide I131 at 2500K
 Reading I135 from /home/diogo/openmc_data/endfb-vii.1-hdf5/neutron/I135.h5
 Reading Xe123 from /home/diogo/openmc_data/endfb-vii.1-hdf5/neutron/Xe123.h5
 Reading Xe124 from /home/diogo/openmc_data/endfb-vii.1-hdf5/neutron/Xe124.h5
 Reading Xe126 from /home/diogo/openmc_data/endfb-vii.1-hdf5/neutron/Xe126.h5
 Reading Xe128 from /home/diogo/openmc_data/endfb-vii.1-hdf5/neutron/Xe128.h5
 Reading Xe129 from /home/diogo/openmc_data/endfb-vii.1-hdf5/neutron/Xe129.h5
 Reading Xe130 from /home/diogo/openmc_data/endfb-vii.1-hdf5/neutron/Xe130.h5
 Reading Xe131 from /home/diogo/openmc_data/endfb-vii.1-hdf5/neutron/Xe131.h5
 Reading Xe132 from /home/diogo/openmc_data/endfb-vii.1-hdf5/neutron/Xe132.h5
 Reading Xe133 from /home/diogo/openmc_data/endfb-vii.1-hdf5/neutron/Xe133.h5
 WARNING: Negative value(s) found on probability table for nuclide Xe133 at
          2500K
 Reading Xe134 from /home/diogo/openmc_data/endfb-vii.1-hdf5/neutron/Xe134.h5
 Reading Xe135 from /home/diogo/openmc_data/endfb-vii.1-hdf5/neutron/Xe135.h5
 Reading Xe136 from /home/diogo/openmc_data/endfb-vii.1-hdf5/neutron/Xe136.h5
 Reading Cs133 from /home/diogo/openmc_data/endfb-vii.1-hdf5/neutron/Cs133.h5
 Reading Cs134 from /home/diogo/openmc_data/endfb-vii.1-hdf5/neutron/Cs134.h5
 Reading Cs135 from /home/diogo/openmc_data/endfb-vii.1-hdf5/neutron/Cs135.h5
 Reading Cs136 from /home/diogo/openmc_data/endfb-vii.1-hdf5/neutron/Cs136.h5
 WARNING: Negative value(s) found on probability table for nuclide Cs136 at 250K
 WARNING: Negative value(s) found on probability table for nuclide Cs136 at 294K
 WARNING: Negative value(s) found on probability table for nuclide Cs136 at 600K
 WARNING: Negative value(s) found on probability table for nuclide Cs136 at 900K
 WARNING: Negative value(s) found on probability table for nuclide Cs136 at
          1200K
 WARNING: Negative value(s) found on probability table for nuclide Cs136 at
          2500K
 Reading Cs137 from /home/diogo/openmc_data/endfb-vii.1-hdf5/neutron/Cs137.h5
 Reading Ba130 from /home/diogo/openmc_data/endfb-vii.1-hdf5/neutron/Ba130.h5
 Reading Ba132 from /home/diogo/openmc_data/endfb-vii.1-hdf5/neutron/Ba132.h5
 Reading Ba133 from /home/diogo/openmc_data/endfb-vii.1-hdf5/neutron/Ba133.h5
 Reading Ba134 from /home/diogo/openmc_data/endfb-vii.1-hdf5/neutron/Ba134.h5
 Reading Ba135 from /home/diogo/openmc_data/endfb-vii.1-hdf5/neutron/Ba135.h5
 Reading Ba136 from /home/diogo/openmc_data/endfb-vii.1-hdf5/neutron/Ba136.h5
 Reading Ba137 from /home/diogo/openmc_data/endfb-vii.1-hdf5/neutron/Ba137.h5
 Reading Ba138 from /home/diogo/openmc_data/endfb-vii.1-hdf5/neutron/Ba138.h5
 Reading Ba140 from /home/diogo/openmc_data/endfb-vii.1-hdf5/neutron/Ba140.h5
 Reading La138 from /home/diogo/openmc_data/endfb-vii.1-hdf5/neutron/La138.h5
 Reading La139 from /home/diogo/openmc_data/endfb-vii.1-hdf5/neutron/La139.h5
 Reading La140 from /home/diogo/openmc_data/endfb-vii.1-hdf5/neutron/La140.h5
 Reading Ce136 from /home/diogo/openmc_data/endfb-vii.1-hdf5/neutron/Ce136.h5
 Reading Ce138 from /home/diogo/openmc_data/endfb-vii.1-hdf5/neutron/Ce138.h5
 Reading Ce139 from /home/diogo/openmc_data/endfb-vii.1-hdf5/neutron/Ce139.h5
 Reading Ce140 from /home/diogo/openmc_data/endfb-vii.1-hdf5/neutron/Ce140.h5
 Reading Ce141 from /home/diogo/openmc_data/endfb-vii.1-hdf5/neutron/Ce141.h5
 Reading Ce142 from /home/diogo/openmc_data/endfb-vii.1-hdf5/neutron/Ce142.h5
 Reading Ce143 from /home/diogo/openmc_data/endfb-vii.1-hdf5/neutron/Ce143.h5
 Reading Ce144 from /home/diogo/openmc_data/endfb-vii.1-hdf5/neutron/Ce144.h5
 Reading Pr141 from /home/diogo/openmc_data/endfb-vii.1-hdf5/neutron/Pr141.h5
 Reading Pr142 from /home/diogo/openmc_data/endfb-vii.1-hdf5/neutron/Pr142.h5
 Reading Pr143 from /home/diogo/openmc_data/endfb-vii.1-hdf5/neutron/Pr143.h5
 Reading Nd142 from /home/diogo/openmc_data/endfb-vii.1-hdf5/neutron/Nd142.h5
 Reading Nd143 from /home/diogo/openmc_data/endfb-vii.1-hdf5/neutron/Nd143.h5
 Reading Nd144 from /home/diogo/openmc_data/endfb-vii.1-hdf5/neutron/Nd144.h5
 Reading Nd145 from /home/diogo/openmc_data/endfb-vii.1-hdf5/neutron/Nd145.h5
 Reading Nd146 from /home/diogo/openmc_data/endfb-vii.1-hdf5/neutron/Nd146.h5
 Reading Nd147 from /home/diogo/openmc_data/endfb-vii.1-hdf5/neutron/Nd147.h5
 Reading Nd148 from /home/diogo/openmc_data/endfb-vii.1-hdf5/neutron/Nd148.h5
 Reading Nd150 from /home/diogo/openmc_data/endfb-vii.1-hdf5/neutron/Nd150.h5
 Reading Pm147 from /home/diogo/openmc_data/endfb-vii.1-hdf5/neutron/Pm147.h5
 Reading Pm148 from /home/diogo/openmc_data/endfb-vii.1-hdf5/neutron/Pm148.h5
 Reading Pm148_m1 from
 /home/diogo/openmc_data/endfb-vii.1-hdf5/neutron/Pm148_m1.h5
 Reading Pm149 from /home/diogo/openmc_data/endfb-vii.1-hdf5/neutron/Pm149.h5
 Reading Pm151 from /home/diogo/openmc_data/endfb-vii.1-hdf5/neutron/Pm151.h5
 Reading Sm144 from /home/diogo/openmc_data/endfb-vii.1-hdf5/neutron/Sm144.h5
 Reading Sm147 from /home/diogo/openmc_data/endfb-vii.1-hdf5/neutron/Sm147.h5
 Reading Sm148 from /home/diogo/openmc_data/endfb-vii.1-hdf5/neutron/Sm148.h5
 Reading Sm149 from /home/diogo/openmc_data/endfb-vii.1-hdf5/neutron/Sm149.h5
 Reading Sm150 from /home/diogo/openmc_data/endfb-vii.1-hdf5/neutron/Sm150.h5
 Reading Sm151 from /home/diogo/openmc_data/endfb-vii.1-hdf5/neutron/Sm151.h5
 Reading Sm152 from /home/diogo/openmc_data/endfb-vii.1-hdf5/neutron/Sm152.h5
 Reading Sm153 from /home/diogo/openmc_data/endfb-vii.1-hdf5/neutron/Sm153.h5
 Reading Sm154 from /home/diogo/openmc_data/endfb-vii.1-hdf5/neutron/Sm154.h5
 Reading Eu151 from /home/diogo/openmc_data/endfb-vii.1-hdf5/neutron/Eu151.h5
 Reading Eu152 from /home/diogo/openmc_data/endfb-vii.1-hdf5/neutron/Eu152.h5
 Reading Eu153 from /home/diogo/openmc_data/endfb-vii.1-hdf5/neutron/Eu153.h5
 Reading Eu154 from /home/diogo/openmc_data/endfb-vii.1-hdf5/neutron/Eu154.h5
 Reading Eu155 from /home/diogo/openmc_data/endfb-vii.1-hdf5/neutron/Eu155.h5
 Reading Eu156 from /home/diogo/openmc_data/endfb-vii.1-hdf5/neutron/Eu156.h5
 WARNING: Negative value(s) found on probability table for nuclide Eu156 at 250K
 WARNING: Negative value(s) found on probability table for nuclide Eu156 at 294K
 WARNING: Negative value(s) found on probability table for nuclide Eu156 at 600K
 WARNING: Negative value(s) found on probability table for nuclide Eu156 at 900K
 WARNING: Negative value(s) found on probability table for nuclide Eu156 at
          1200K
 WARNING: Negative value(s) found on probability table for nuclide Eu156 at
          2500K
 Reading Eu157 from /home/diogo/openmc_data/endfb-vii.1-hdf5/neutron/Eu157.h5
 Reading Gd153 from /home/diogo/openmc_data/endfb-vii.1-hdf5/neutron/Gd153.h5
 Reading Tb159 from /home/diogo/openmc_data/endfb-vii.1-hdf5/neutron/Tb159.h5
 Reading Tb160 from /home/diogo/openmc_data/endfb-vii.1-hdf5/neutron/Tb160.h5
 Reading Dy156 from /home/diogo/openmc_data/endfb-vii.1-hdf5/neutron/Dy156.h5
 Reading Dy158 from /home/diogo/openmc_data/endfb-vii.1-hdf5/neutron/Dy158.h5
 Reading Dy160 from /home/diogo/openmc_data/endfb-vii.1-hdf5/neutron/Dy160.h5
 Reading Dy161 from /home/diogo/openmc_data/endfb-vii.1-hdf5/neutron/Dy161.h5
 Reading Dy162 from /home/diogo/openmc_data/endfb-vii.1-hdf5/neutron/Dy162.h5
 Reading Dy163 from /home/diogo/openmc_data/endfb-vii.1-hdf5/neutron/Dy163.h5
 Reading Dy164 from /home/diogo/openmc_data/endfb-vii.1-hdf5/neutron/Dy164.h5
 Reading Ho165 from /home/diogo/openmc_data/endfb-vii.1-hdf5/neutron/Ho165.h5
 Reading Ho166_m1 from
 /home/diogo/openmc_data/endfb-vii.1-hdf5/neutron/Ho166_m1.h5
 Reading Er162 from /home/diogo/openmc_data/endfb-vii.1-hdf5/neutron/Er162.h5
 Reading Er164 from /home/diogo/openmc_data/endfb-vii.1-hdf5/neutron/Er164.h5
 Reading Er166 from /home/diogo/openmc_data/endfb-vii.1-hdf5/neutron/Er166.h5
 Reading Er167 from /home/diogo/openmc_data/endfb-vii.1-hdf5/neutron/Er167.h5
 Reading Er168 from /home/diogo/openmc_data/endfb-vii.1-hdf5/neutron/Er168.h5
 Reading Er170 from /home/diogo/openmc_data/endfb-vii.1-hdf5/neutron/Er170.h5
 Reading Tm168 from /home/diogo/openmc_data/endfb-vii.1-hdf5/neutron/Tm168.h5
 Reading Tm169 from /home/diogo/openmc_data/endfb-vii.1-hdf5/neutron/Tm169.h5
 Reading Tm170 from /home/diogo/openmc_data/endfb-vii.1-hdf5/neutron/Tm170.h5
 Reading Lu175 from /home/diogo/openmc_data/endfb-vii.1-hdf5/neutron/Lu175.h5
 Reading Lu176 from /home/diogo/openmc_data/endfb-vii.1-hdf5/neutron/Lu176.h5
 Reading Hf174 from /home/diogo/openmc_data/endfb-vii.1-hdf5/neutron/Hf174.h5
 Reading Hf176 from /home/diogo/openmc_data/endfb-vii.1-hdf5/neutron/Hf176.h5
 Reading Hf177 from /home/diogo/openmc_data/endfb-vii.1-hdf5/neutron/Hf177.h5
 Reading Hf178 from /home/diogo/openmc_data/endfb-vii.1-hdf5/neutron/Hf178.h5
 Reading Hf179 from /home/diogo/openmc_data/endfb-vii.1-hdf5/neutron/Hf179.h5
 Reading Hf180 from /home/diogo/openmc_data/endfb-vii.1-hdf5/neutron/Hf180.h5
 Reading Ta180 from /home/diogo/openmc_data/endfb-vii.1-hdf5/neutron/Ta180.h5
 Reading Ta181 from /home/diogo/openmc_data/endfb-vii.1-hdf5/neutron/Ta181.h5
 Reading Ta182 from /home/diogo/openmc_data/endfb-vii.1-hdf5/neutron/Ta182.h5
 Reading W180 from /home/diogo/openmc_data/endfb-vii.1-hdf5/neutron/W180.h5
 Reading W182 from /home/diogo/openmc_data/endfb-vii.1-hdf5/neutron/W182.h5
 Reading W183 from /home/diogo/openmc_data/endfb-vii.1-hdf5/neutron/W183.h5
 Reading W184 from /home/diogo/openmc_data/endfb-vii.1-hdf5/neutron/W184.h5
 Reading W186 from /home/diogo/openmc_data/endfb-vii.1-hdf5/neutron/W186.h5
 Reading Re185 from /home/diogo/openmc_data/endfb-vii.1-hdf5/neutron/Re185.h5
 Reading Re187 from /home/diogo/openmc_data/endfb-vii.1-hdf5/neutron/Re187.h5
 Reading Ir191 from /home/diogo/openmc_data/endfb-vii.1-hdf5/neutron/Ir191.h5
 Reading Ir193 from /home/diogo/openmc_data/endfb-vii.1-hdf5/neutron/Ir193.h5
 Reading Au197 from /home/diogo/openmc_data/endfb-vii.1-hdf5/neutron/Au197.h5
 Reading Hg198 from /home/diogo/openmc_data/endfb-vii.1-hdf5/neutron/Hg198.h5
 Reading Hg199 from /home/diogo/openmc_data/endfb-vii.1-hdf5/neutron/Hg199.h5
 Reading Hg200 from /home/diogo/openmc_data/endfb-vii.1-hdf5/neutron/Hg200.h5
 Reading Hg201 from /home/diogo/openmc_data/endfb-vii.1-hdf5/neutron/Hg201.h5
 Reading Hg202 from /home/diogo/openmc_data/endfb-vii.1-hdf5/neutron/Hg202.h5
 Reading Hg204 from /home/diogo/openmc_data/endfb-vii.1-hdf5/neutron/Hg204.h5
 Reading Tl203 from /home/diogo/openmc_data/endfb-vii.1-hdf5/neutron/Tl203.h5
 Reading Tl205 from /home/diogo/openmc_data/endfb-vii.1-hdf5/neutron/Tl205.h5
 Reading Pb204 from /home/diogo/openmc_data/endfb-vii.1-hdf5/neutron/Pb204.h5
 Reading Pb206 from /home/diogo/openmc_data/endfb-vii.1-hdf5/neutron/Pb206.h5
 Reading Pb207 from /home/diogo/openmc_data/endfb-vii.1-hdf5/neutron/Pb207.h5
 Reading Pb208 from /home/diogo/openmc_data/endfb-vii.1-hdf5/neutron/Pb208.h5
 Reading Bi209 from /home/diogo/openmc_data/endfb-vii.1-hdf5/neutron/Bi209.h5
 Reading Ra223 from /home/diogo/openmc_data/endfb-vii.1-hdf5/neutron/Ra223.h5
 Reading Ra224 from /home/diogo/openmc_data/endfb-vii.1-hdf5/neutron/Ra224.h5
 Reading Ra225 from /home/diogo/openmc_data/endfb-vii.1-hdf5/neutron/Ra225.h5
 Reading Ra226 from /home/diogo/openmc_data/endfb-vii.1-hdf5/neutron/Ra226.h5
 Reading Ac225 from /home/diogo/openmc_data/endfb-vii.1-hdf5/neutron/Ac225.h5
 Reading Ac226 from /home/diogo/openmc_data/endfb-vii.1-hdf5/neutron/Ac226.h5
 Reading Ac227 from /home/diogo/openmc_data/endfb-vii.1-hdf5/neutron/Ac227.h5
 Reading Th227 from /home/diogo/openmc_data/endfb-vii.1-hdf5/neutron/Th227.h5
 Reading Th228 from /home/diogo/openmc_data/endfb-vii.1-hdf5/neutron/Th228.h5
 Reading Th229 from /home/diogo/openmc_data/endfb-vii.1-hdf5/neutron/Th229.h5
 Reading Th230 from /home/diogo/openmc_data/endfb-vii.1-hdf5/neutron/Th230.h5
 Reading Th231 from /home/diogo/openmc_data/endfb-vii.1-hdf5/neutron/Th231.h5
 Reading Th232 from /home/diogo/openmc_data/endfb-vii.1-hdf5/neutron/Th232.h5
 Reading Th233 from /home/diogo/openmc_data/endfb-vii.1-hdf5/neutron/Th233.h5
 Reading Th234 from /home/diogo/openmc_data/endfb-vii.1-hdf5/neutron/Th234.h5
 Reading Pa229 from /home/diogo/openmc_data/endfb-vii.1-hdf5/neutron/Pa229.h5
 Reading Pa230 from /home/diogo/openmc_data/endfb-vii.1-hdf5/neutron/Pa230.h5
 Reading Pa231 from /home/diogo/openmc_data/endfb-vii.1-hdf5/neutron/Pa231.h5
 Reading Pa232 from /home/diogo/openmc_data/endfb-vii.1-hdf5/neutron/Pa232.h5
 Reading Pa233 from /home/diogo/openmc_data/endfb-vii.1-hdf5/neutron/Pa233.h5
 Reading U230 from /home/diogo/openmc_data/endfb-vii.1-hdf5/neutron/U230.h5
 Reading U231 from /home/diogo/openmc_data/endfb-vii.1-hdf5/neutron/U231.h5
 Reading U232 from /home/diogo/openmc_data/endfb-vii.1-hdf5/neutron/U232.h5
 Reading U233 from /home/diogo/openmc_data/endfb-vii.1-hdf5/neutron/U233.h5
 Reading U236 from /home/diogo/openmc_data/endfb-vii.1-hdf5/neutron/U236.h5
 Reading U237 from /home/diogo/openmc_data/endfb-vii.1-hdf5/neutron/U237.h5
 Reading U239 from /home/diogo/openmc_data/endfb-vii.1-hdf5/neutron/U239.h5
 Reading U240 from /home/diogo/openmc_data/endfb-vii.1-hdf5/neutron/U240.h5
 Reading U241 from /home/diogo/openmc_data/endfb-vii.1-hdf5/neutron/U241.h5
 Reading Np234 from /home/diogo/openmc_data/endfb-vii.1-hdf5/neutron/Np234.h5
 Reading Np235 from /home/diogo/openmc_data/endfb-vii.1-hdf5/neutron/Np235.h5
 Reading Np236 from /home/diogo/openmc_data/endfb-vii.1-hdf5/neutron/Np236.h5
 Reading Np237 from /home/diogo/openmc_data/endfb-vii.1-hdf5/neutron/Np237.h5
 Reading Np238 from /home/diogo/openmc_data/endfb-vii.1-hdf5/neutron/Np238.h5
 Reading Np239 from /home/diogo/openmc_data/endfb-vii.1-hdf5/neutron/Np239.h5
 Reading Pu236 from /home/diogo/openmc_data/endfb-vii.1-hdf5/neutron/Pu236.h5
 Reading Pu237 from /home/diogo/openmc_data/endfb-vii.1-hdf5/neutron/Pu237.h5
 Reading Pu238 from /home/diogo/openmc_data/endfb-vii.1-hdf5/neutron/Pu238.h5
 Reading Pu239 from /home/diogo/openmc_data/endfb-vii.1-hdf5/neutron/Pu239.h5
 Reading Pu240 from /home/diogo/openmc_data/endfb-vii.1-hdf5/neutron/Pu240.h5
 Reading Pu241 from /home/diogo/openmc_data/endfb-vii.1-hdf5/neutron/Pu241.h5
 Reading Pu242 from /home/diogo/openmc_data/endfb-vii.1-hdf5/neutron/Pu242.h5
 Reading Pu243 from /home/diogo/openmc_data/endfb-vii.1-hdf5/neutron/Pu243.h5
 Reading Pu244 from /home/diogo/openmc_data/endfb-vii.1-hdf5/neutron/Pu244.h5
 Reading Pu246 from /home/diogo/openmc_data/endfb-vii.1-hdf5/neutron/Pu246.h5
 Reading Am240 from /home/diogo/openmc_data/endfb-vii.1-hdf5/neutron/Am240.h5
 Reading Am241 from /home/diogo/openmc_data/endfb-vii.1-hdf5/neutron/Am241.h5
 Reading Am242 from /home/diogo/openmc_data/endfb-vii.1-hdf5/neutron/Am242.h5
 Reading Am242_m1 from
 /home/diogo/openmc_data/endfb-vii.1-hdf5/neutron/Am242_m1.h5
 Reading Am243 from /home/diogo/openmc_data/endfb-vii.1-hdf5/neutron/Am243.h5
 Reading Am244 from /home/diogo/openmc_data/endfb-vii.1-hdf5/neutron/Am244.h5
 Reading Am244_m1 from
 /home/diogo/openmc_data/endfb-vii.1-hdf5/neutron/Am244_m1.h5
 Reading Cm240 from /home/diogo/openmc_data/endfb-vii.1-hdf5/neutron/Cm240.h5
 Reading Cm241 from /home/diogo/openmc_data/endfb-vii.1-hdf5/neutron/Cm241.h5
 Reading Cm242 from /home/diogo/openmc_data/endfb-vii.1-hdf5/neutron/Cm242.h5
 Reading Cm243 from /home/diogo/openmc_data/endfb-vii.1-hdf5/neutron/Cm243.h5
 Reading Cm244 from /home/diogo/openmc_data/endfb-vii.1-hdf5/neutron/Cm244.h5
 Reading Cm245 from /home/diogo/openmc_data/endfb-vii.1-hdf5/neutron/Cm245.h5
 Reading Cm246 from /home/diogo/openmc_data/endfb-vii.1-hdf5/neutron/Cm246.h5
 Reading Cm247 from /home/diogo/openmc_data/endfb-vii.1-hdf5/neutron/Cm247.h5
 Reading Cm248 from /home/diogo/openmc_data/endfb-vii.1-hdf5/neutron/Cm248.h5
 Reading Cm249 from /home/diogo/openmc_data/endfb-vii.1-hdf5/neutron/Cm249.h5
 Reading Cm250 from /home/diogo/openmc_data/endfb-vii.1-hdf5/neutron/Cm250.h5
 Reading Bk245 from /home/diogo/openmc_data/endfb-vii.1-hdf5/neutron/Bk245.h5
 Reading Bk247 from /home/diogo/openmc_data/endfb-vii.1-hdf5/neutron/Bk247.h5
 Reading Bk248 from /home/diogo/openmc_data/endfb-vii.1-hdf5/neutron/Bk248.h5
 Reading Bk249 from /home/diogo/openmc_data/endfb-vii.1-hdf5/neutron/Bk249.h5
 Reading Bk250 from /home/diogo/openmc_data/endfb-vii.1-hdf5/neutron/Bk250.h5
 Reading Cf248 from /home/diogo/openmc_data/endfb-vii.1-hdf5/neutron/Cf248.h5
 Reading Cf249 from /home/diogo/openmc_data/endfb-vii.1-hdf5/neutron/Cf249.h5
 Reading Cf250 from /home/diogo/openmc_data/endfb-vii.1-hdf5/neutron/Cf250.h5
 WARNING: Negative value(s) found on probability table for nuclide Cf250 at 250K
 WARNING: Negative value(s) found on probability table for nuclide Cf250 at 294K
 WARNING: Negative value(s) found on probability table for nuclide Cf250 at 900K
 WARNING: Negative value(s) found on probability table for nuclide Cf250 at
          1200K
 Reading Cf251 from /home/diogo/openmc_data/endfb-vii.1-hdf5/neutron/Cf251.h5
 Reading Cf252 from /home/diogo/openmc_data/endfb-vii.1-hdf5/neutron/Cf252.h5
 Reading Cf253 from /home/diogo/openmc_data/endfb-vii.1-hdf5/neutron/Cf253.h5
 Reading Es251 from /home/diogo/openmc_data/endfb-vii.1-hdf5/neutron/Es251.h5
 Reading Es253 from /home/diogo/openmc_data/endfb-vii.1-hdf5/neutron/Es253.h5
 Reading Es254_m1 from
 /home/diogo/openmc_data/endfb-vii.1-hdf5/neutron/Es254_m1.h5
 Reading Es252 from /home/diogo/openmc_data/endfb-vii.1-hdf5/neutron/Es252.h5
 Reading Es254 from /home/diogo/openmc_data/endfb-vii.1-hdf5/neutron/Es254.h5
 Reading Es255 from /home/diogo/openmc_data/endfb-vii.1-hdf5/neutron/Es255.h5
 Reading Fm255 from /home/diogo/openmc_data/endfb-vii.1-hdf5/neutron/Fm255.h5
 Reading Hg196 from /home/diogo/openmc_data/endfb-vii.1-hdf5/neutron/Hg196.h5
 Reading Ru96 from /home/diogo/openmc_data/endfb-vii.1-hdf5/neutron/Ru96.h5
 Reading Bk246 from /home/diogo/openmc_data/endfb-vii.1-hdf5/neutron/Bk246.h5
 Reading Cf254 from /home/diogo/openmc_data/endfb-vii.1-hdf5/neutron/Cf254.h5
 Reading Cf246 from /home/diogo/openmc_data/endfb-vii.1-hdf5/neutron/Cf246.h5
 Reading Be9 from /home/diogo/openmc_data/endfb-vii.1-hdf5/neutron/Be9.h5
 Reading Ca48 from /home/diogo/openmc_data/endfb-vii.1-hdf5/neutron/Ca48.h5
 Reading Co58_m1 from
 /home/diogo/openmc_data/endfb-vii.1-hdf5/neutron/Co58_m1.h5
 Maximum neutron transport energy: 20000000 eV for H1
 Initializing source particles...

 ====================>     K EIGENVALUE SIMULATION     <====================

  Bat./Gen.      k       Entropy         Average k 
  =========   ========   ========   ====================
        1/1    0.90759    5.55124
        2/1    0.94278    5.53065
        3/1    0.93996    5.50415
        4/1    0.95691    5.50673
        5/1    0.96389    5.50111
        6/1    0.94553    5.49487
        7/1    0.95739    5.48313
        8/1    0.96418    5.50960
        9/1    0.96596    5.49587
       10/1    0.94256    5.48359
       11/1    0.95897    5.48499
       12/1    0.97986    5.48077
       13/1    0.96176    5.49774
       14/1    0.96758    5.47944
       15/1    0.96402    5.48588
       16/1    0.96543    5.48891
       17/1    0.95993    5.47393
       18/1    0.94987    5.48736
       19/1    0.97143    5.47967
       20/1    0.96322    5.47903
       21/1    0.95266    5.47022
       22/1    0.96802    5.47486
       23/1    0.96464    5.46555
       24/1    0.97523    5.46296
       25/1    0.95617    5.47073
       26/1    0.95826    5.46833
       27/1    0.97861    5.48584
       28/1    0.96610    5.49728
       29/1    0.94913    5.48093
       30/1    0.98032    5.47465
       31/1    0.96853    5.48851
       32/1    0.96350    5.47460
       33/1    0.97261    5.49381
       34/1    0.96787    5.49540
       35/1    0.96106    5.48266
       36/1    0.95443    5.48335
       37/1    0.97130    5.48284
       38/1    0.96567    5.47524
       39/1    0.96430    5.49040
       40/1    0.95567    5.49315
       41/1    0.96136    5.48952
       42/1    0.95999    5.48064
       43/1    0.95722    5.47269
       44/1    0.96632    5.46438
       45/1    0.96623    5.46312
       46/1    0.96509    5.46943
       47/1    0.95370    5.46410
       48/1    0.95877    5.47480
       49/1    0.95109    5.47733
       50/1    0.96775    5.47833
       51/1    0.96068    5.48831
       52/1    0.95331    5.49769
       53/1    0.95552    5.47103
       54/1    0.96900    5.48951
       55/1    0.95881    5.48563
       56/1    0.94826    5.46738
       57/1    0.95092    5.46168
       58/1    0.94607    5.47195
       59/1    0.97253    5.47681
       60/1    0.97486    5.48413
       61/1    0.95531    5.45953
       62/1    0.97112    5.48080    0.96321 +/- 0.00791
       63/1    0.97350    5.48322    0.96664 +/- 0.00571
       64/1    0.97188    5.47369    0.96795 +/- 0.00424
       65/1    0.95181    5.48586    0.96472 +/- 0.00461
       66/1    0.95814    5.46038    0.96363 +/- 0.00392
       67/1    0.95099    5.46155    0.96182 +/- 0.00377
       68/1    0.96912    5.45565    0.96273 +/- 0.00339
       69/1    0.96034    5.46782    0.96247 +/- 0.00300
       70/1    0.95897    5.47836    0.96212 +/- 0.00271
       71/1    0.97419    5.49000    0.96322 +/- 0.00268
       72/1    0.96840    5.47494    0.96365 +/- 0.00249
       73/1    0.96739    5.48315    0.96394 +/- 0.00231
       74/1    0.95697    5.47054    0.96344 +/- 0.00219
       75/1    0.95931    5.47287    0.96316 +/- 0.00206
       76/1    0.95896    5.46760    0.96290 +/- 0.00195
       77/1    0.96341    5.47754    0.96293 +/- 0.00183
       78/1    0.96414    5.47349    0.96300 +/- 0.00172
       79/1    0.98559    5.46868    0.96419 +/- 0.00202
       80/1    0.96394    5.48382    0.96417 +/- 0.00191
       81/1    0.96429    5.48165    0.96418 +/- 0.00182
       82/1    0.95851    5.49986    0.96392 +/- 0.00176
       83/1    0.97201    5.49281    0.96427 +/- 0.00171
       84/1    0.96459    5.47622    0.96429 +/- 0.00164
       85/1    0.96375    5.48235    0.96427 +/- 0.00157
       86/1    0.96898    5.48337    0.96445 +/- 0.00152
       87/1    0.97800    5.48800    0.96495 +/- 0.00155
       88/1    0.97370    5.47237    0.96526 +/- 0.00153
       89/1    0.95874    5.47172    0.96504 +/- 0.00149
       90/1    0.94981    5.46971    0.96453 +/- 0.00153
       91/1    0.96507    5.47245    0.96455 +/- 0.00148
       92/1    0.96821    5.48658    0.96466 +/- 0.00143
       93/1    0.96783    5.48030    0.96476 +/- 0.00139
       94/1    0.95320    5.47647    0.96442 +/- 0.00139
       95/1    0.96721    5.47935    0.96450 +/- 0.00135
       96/1    0.95881    5.47044    0.96434 +/- 0.00133
       97/1    0.95592    5.47410    0.96411 +/- 0.00131
       98/1    0.97111    5.47512    0.96430 +/- 0.00129
       99/1    0.96613    5.48623    0.96434 +/- 0.00126
      100/1    0.97234    5.49074    0.96454 +/- 0.00124
      101/1    0.95522    5.48842    0.96432 +/- 0.00123
      102/1    0.96174    5.47226    0.96425 +/- 0.00120
      103/1    0.98337    5.49325    0.96470 +/- 0.00126
      104/1    0.95705    5.48787    0.96452 +/- 0.00124
      105/1    0.96513    5.47512    0.96454 +/- 0.00121
      106/1    0.96464    5.48580    0.96454 +/- 0.00118
      107/1    0.95926    5.48876    0.96443 +/- 0.00116
      108/1    0.96707    5.49024    0.96448 +/- 0.00114
      109/1    0.95015    5.49331    0.96419 +/- 0.00116
      110/1    0.96623    5.48477    0.96423 +/- 0.00113
      111/1    0.95919    5.48933    0.96413 +/- 0.00111
      112/1    0.96662    5.49147    0.96418 +/- 0.00109
      113/1    0.95496    5.49000    0.96401 +/- 0.00109
      114/1    0.97237    5.48909    0.96416 +/- 0.00108
      115/1    0.96630    5.48497    0.96420 +/- 0.00106
      116/1    0.96619    5.47971    0.96424 +/- 0.00104
      117/1    0.95794    5.50096    0.96412 +/- 0.00103
      118/1    0.95996    5.50080    0.96405 +/- 0.00101
      119/1    0.97629    5.50056    0.96426 +/- 0.00102
      120/1    0.96574    5.48389    0.96429 +/- 0.00100
      121/1    0.96014    5.48463    0.96422 +/- 0.00099
      122/1    0.97416    5.48097    0.96438 +/- 0.00098
      123/1    0.95404    5.48687    0.96421 +/- 0.00098
      124/1    0.97032    5.47935    0.96431 +/- 0.00097
      125/1    0.95741    5.47817    0.96420 +/- 0.00096
      126/1    0.95669    5.48391    0.96409 +/- 0.00095
      127/1    0.94396    5.47699    0.96379 +/- 0.00099
      128/1    0.97447    5.48033    0.96395 +/- 0.00098
      129/1    0.97400    5.47447    0.96409 +/- 0.00098
      130/1    0.95215    5.49277    0.96392 +/- 0.00098
      131/1    0.97843    5.48749    0.96412 +/- 0.00099
      132/1    0.98350    5.48145    0.96439 +/- 0.00101
      133/1    0.98122    5.47863    0.96462 +/- 0.00102
      134/1    0.94608    5.48423    0.96437 +/- 0.00104
      135/1    0.96380    5.49403    0.96437 +/- 0.00103
      136/1    0.97165    5.48322    0.96446 +/- 0.00102
      137/1    0.95185    5.48626    0.96430 +/- 0.00102
      138/1    0.96526    5.48130    0.96431 +/- 0.00100
      139/1    0.96961    5.47740    0.96438 +/- 0.00099
      140/1    0.95482    5.47335    0.96426 +/- 0.00099
      141/1    0.95421    5.47520    0.96413 +/- 0.00098
      142/1    0.96740    5.46423    0.96417 +/- 0.00097
      143/1    0.96433    5.47124    0.96418 +/- 0.00096
      144/1    0.95456    5.45693    0.96406 +/- 0.00096
      145/1    0.96844    5.47685    0.96411 +/- 0.00095
      146/1    0.94876    5.47536    0.96393 +/- 0.00095
      147/1    0.95582    5.48268    0.96384 +/- 0.00095
      148/1    0.94903    5.48092    0.96367 +/- 0.00095
      149/1    0.97860    5.46952    0.96384 +/- 0.00095
      150/1    0.96143    5.46918    0.96381 +/- 0.00094
      151/1    0.96863    5.48162    0.96387 +/- 0.00093
      152/1    0.95813    5.48094    0.96380 +/- 0.00093
      153/1    0.95461    5.46746    0.96371 +/- 0.00092
      154/1    0.97691    5.47284    0.96385 +/- 0.00092
      155/1    0.96207    5.48439    0.96383 +/- 0.00091
      156/1    0.95256    5.48585    0.96371 +/- 0.00091
      157/1    0.94661    5.47938    0.96353 +/- 0.00092
      158/1    0.95782    5.48119    0.96348 +/- 0.00091
      159/1    0.97828    5.48349    0.96362 +/- 0.00091
      160/1    0.96652    5.48707    0.96365 +/- 0.00091
 Creating state point statepoint.160.h5...

 =======================>     TIMING STATISTICS     <=======================

 Total time for initialization     = 1.0178e+02 seconds
   Reading cross sections          = 9.7193e+00 seconds
 Total time in simulation          = 5.8457e+02 seconds
   Time in transport only          = 5.7829e+02 seconds
   Time in inactive batches        = 1.7259e+02 seconds
   Time in active batches          = 4.1198e+02 seconds
   Time synchronizing fission bank = 4.8722e-01 seconds
     Sampling source sites         = 3.5695e-01 seconds
     SEND/RECV source sites        = 1.2953e-01 seconds
   Time accumulating tallies       = 5.4036e+00 seconds
   Time writing statepoints        = 2.0641e-02 seconds
 Total time for finalization       = 1.4479e-02 seconds
 Total time elapsed                = 6.8712e+02 seconds
 Calculation Rate (inactive)       = 6952.93 particles/second
 Calculation Rate (active)         = 4854.55 particles/second

 ============================>     RESULTS     <============================

 k-effective (Collision)     = 0.96442 +/- 0.00076
 k-effective (Track-length)  = 0.96365 +/- 0.00091
 k-effective (Absorption)    = 0.96355 +/- 0.00069
 Combined k-effective        = 0.96375 +/- 0.00059
 Leakage Fraction            = 0.00778 +/- 0.00007

 Creating state point openmc_simulation_n6.h5...
[openmc.deplete] t=186069731.2168078 (final operator evaluation)
 Maximum neutron transport energy: 20000000 eV for H1
 Initializing source particles...

 ====================>     K EIGENVALUE SIMULATION     <====================

  Bat./Gen.      k       Entropy         Average k 
  =========   ========   ========   ====================
        1/1    0.90270    5.54972
        2/1    0.91239    5.51057
        3/1    0.91707    5.51296
        4/1    0.92514    5.51344
        5/1    0.92835    5.51109
        6/1    0.93724    5.50070
        7/1    0.93707    5.50405
        8/1    0.93705    5.49103
        9/1    0.94018    5.50819
       10/1    0.90662    5.48787
       11/1    0.93439    5.49224
       12/1    0.92749    5.49528
       13/1    0.92125    5.49580
       14/1    0.92095    5.49653
       15/1    0.93514    5.48683
       16/1    0.93570    5.48708
       17/1    0.92322    5.50019
       18/1    0.92936    5.48699
       19/1    0.93290    5.48716
       20/1    0.92925    5.47867
       21/1    0.93174    5.48805
       22/1    0.93933    5.48950
       23/1    0.93375    5.48652
       24/1    0.93090    5.47930
       25/1    0.93809    5.47256
       26/1    0.92161    5.49453
       27/1    0.91944    5.47723
       28/1    0.93978    5.48327
       29/1    0.94192    5.48182
       30/1    0.93366    5.49621
       31/1    0.92558    5.48761
       32/1    0.92785    5.49780
       33/1    0.94084    5.51153
       34/1    0.92085    5.50448
       35/1    0.92485    5.49975
       36/1    0.93849    5.48760
       37/1    0.91770    5.51070
       38/1    0.92200    5.49963
       39/1    0.94248    5.49621
       40/1    0.94621    5.49544
       41/1    0.93815    5.48534
       42/1    0.94135    5.47819
       43/1    0.92850    5.47823
       44/1    0.93536    5.46366
       45/1    0.93446    5.47585
       46/1    0.92365    5.48627
       47/1    0.92251    5.49936
       48/1    0.94159    5.49196
       49/1    0.93427    5.48525
       50/1    0.92498    5.47814
       51/1    0.93532    5.47772
       52/1    0.93322    5.49710
       53/1    0.92527    5.48717
       54/1    0.93043    5.49433
       55/1    0.95761    5.49093
       56/1    0.92482    5.49294
       57/1    0.94284    5.47318
       58/1    0.94537    5.48389
       59/1    0.93799    5.48354
       60/1    0.93507    5.49243
       61/1    0.93126    5.48107
       62/1    0.93809    5.48246    0.93467 +/- 0.00341
       63/1    0.95493    5.47509    0.94143 +/- 0.00703
       64/1    0.92755    5.48119    0.93796 +/- 0.00607
       65/1    0.92857    5.50073    0.93608 +/- 0.00506
       66/1    0.92956    5.49939    0.93499 +/- 0.00427
       67/1    0.93211    5.49334    0.93458 +/- 0.00363
       68/1    0.94252    5.48297    0.93557 +/- 0.00330
       69/1    0.92532    5.49630    0.93443 +/- 0.00312
       70/1    0.93609    5.48420    0.93460 +/- 0.00280
       71/1    0.93766    5.48312    0.93488 +/- 0.00255
       72/1    0.93716    5.48420    0.93507 +/- 0.00233
       73/1    0.95213    5.49520    0.93638 +/- 0.00252
       74/1    0.93938    5.49784    0.93659 +/- 0.00234
       75/1    0.94095    5.49943    0.93689 +/- 0.00220
       76/1    0.93763    5.48672    0.93693 +/- 0.00206
       77/1    0.91898    5.49197    0.93588 +/- 0.00220
       78/1    0.92581    5.49513    0.93532 +/- 0.00215
       79/1    0.93446    5.48561    0.93527 +/- 0.00203
       80/1    0.93428    5.48614    0.93522 +/- 0.00193
       81/1    0.94402    5.49152    0.93564 +/- 0.00188
       82/1    0.91532    5.49429    0.93472 +/- 0.00202
       83/1    0.93729    5.49522    0.93483 +/- 0.00193
       84/1    0.91521    5.48476    0.93401 +/- 0.00202
       85/1    0.94444    5.48276    0.93443 +/- 0.00198
       86/1    0.92293    5.47577    0.93399 +/- 0.00196
       87/1    0.94049    5.47976    0.93423 +/- 0.00190
       88/1    0.92651    5.47511    0.93395 +/- 0.00185
       89/1    0.91987    5.47525    0.93347 +/- 0.00185
       90/1    0.92958    5.47543    0.93334 +/- 0.00179
       91/1    0.93931    5.46797    0.93353 +/- 0.00174
       92/1    0.92269    5.46980    0.93319 +/- 0.00172
       93/1    0.95033    5.47567    0.93371 +/- 0.00175
       94/1    0.92562    5.49786    0.93347 +/- 0.00171
       95/1    0.93057    5.49711    0.93339 +/- 0.00166
       96/1    0.93698    5.50455    0.93349 +/- 0.00162
       97/1    0.92861    5.49509    0.93336 +/- 0.00158
       98/1    0.93690    5.49647    0.93345 +/- 0.00154
       99/1    0.93109    5.47500    0.93339 +/- 0.00150
      100/1    0.93478    5.49591    0.93343 +/- 0.00147
      101/1    0.94288    5.49156    0.93366 +/- 0.00145
      102/1    0.91876    5.49912    0.93330 +/- 0.00146
      103/1    0.92796    5.48128    0.93318 +/- 0.00143
      104/1    0.92399    5.47918    0.93297 +/- 0.00141
      105/1    0.93744    5.49031    0.93307 +/- 0.00138
      106/1    0.94127    5.47338    0.93325 +/- 0.00136
      107/1    0.94059    5.46558    0.93340 +/- 0.00134
      108/1    0.94039    5.47499    0.93355 +/- 0.00132
      109/1    0.93074    5.47306    0.93349 +/- 0.00130
      110/1    0.93731    5.46891    0.93357 +/- 0.00127
      111/1    0.95209    5.47663    0.93393 +/- 0.00130
      112/1    0.93096    5.48300    0.93387 +/- 0.00128
      113/1    0.92546    5.49218    0.93371 +/- 0.00126
      114/1    0.93578    5.49300    0.93375 +/- 0.00124
      115/1    0.93368    5.48869    0.93375 +/- 0.00122
      116/1    0.92434    5.47625    0.93358 +/- 0.00121
      117/1    0.94654    5.46677    0.93381 +/- 0.00121
      118/1    0.92460    5.47410    0.93365 +/- 0.00120
      119/1    0.90287    5.47597    0.93313 +/- 0.00129
      120/1    0.93157    5.49385    0.93310 +/- 0.00126
      121/1    0.93056    5.49217    0.93306 +/- 0.00124
      122/1    0.93490    5.48245    0.93309 +/- 0.00122
      123/1    0.93097    5.48270    0.93306 +/- 0.00121
      124/1    0.93294    5.46902    0.93306 +/- 0.00119
      125/1    0.93085    5.47689    0.93302 +/- 0.00117
      126/1    0.93515    5.47775    0.93305 +/- 0.00115
      127/1    0.93293    5.49803    0.93305 +/- 0.00113
      128/1    0.92519    5.46916    0.93294 +/- 0.00112
      129/1    0.92793    5.47530    0.93286 +/- 0.00111
      130/1    0.93943    5.47848    0.93296 +/- 0.00110
      131/1    0.93414    5.45524    0.93297 +/- 0.00108
      132/1    0.93955    5.47210    0.93307 +/- 0.00107
      133/1    0.94559    5.49438    0.93324 +/- 0.00107
      134/1    0.93281    5.48489    0.93323 +/- 0.00106
      135/1    0.92715    5.49070    0.93315 +/- 0.00104
      136/1    0.92967    5.47309    0.93310 +/- 0.00103
      137/1    0.92968    5.48888    0.93306 +/- 0.00102
      138/1    0.93257    5.48839    0.93305 +/- 0.00101
      139/1    0.92173    5.48511    0.93291 +/- 0.00100
      140/1    0.93471    5.47632    0.93293 +/- 0.00099
      141/1    0.92784    5.47800    0.93287 +/- 0.00098
      142/1    0.93664    5.48525    0.93292 +/- 0.00097
      143/1    0.92825    5.49403    0.93286 +/- 0.00096
      144/1    0.92275    5.48792    0.93274 +/- 0.00096
      145/1    0.93330    5.48054    0.93275 +/- 0.00094
      146/1    0.93217    5.48615    0.93274 +/- 0.00093
      147/1    0.92175    5.48894    0.93261 +/- 0.00093
      148/1    0.91617    5.47185    0.93243 +/- 0.00094
      149/1    0.93894    5.47417    0.93250 +/- 0.00093
      150/1    0.92770    5.48626    0.93245 +/- 0.00092
      151/1    0.93578    5.48002    0.93248 +/- 0.00091
      152/1    0.92889    5.48096    0.93244 +/- 0.00090
      153/1    0.92267    5.49436    0.93234 +/- 0.00090
      154/1    0.92663    5.48866    0.93228 +/- 0.00089
      155/1    0.92720    5.48783    0.93222 +/- 0.00088
      156/1    0.93939    5.47505    0.93230 +/- 0.00088
      157/1    0.94022    5.48228    0.93238 +/- 0.00087
      158/1    0.94306    5.50158    0.93249 +/- 0.00087
      159/1    0.93006    5.48695    0.93247 +/- 0.00086
      160/1    0.93046    5.48482    0.93245 +/- 0.00085
 Creating state point statepoint.160.h5...

 =======================>     TIMING STATISTICS     <=======================

 Total time for initialization     = 0.0000e+00 seconds
   Reading cross sections          = 0.0000e+00 seconds
 Total time in simulation          = 5.4964e+02 seconds
   Time in transport only          = 5.4355e+02 seconds
   Time in inactive batches        = 1.5136e+02 seconds
   Time in active batches          = 3.9827e+02 seconds
   Time synchronizing fission bank = 2.9539e-01 seconds
     Sampling source sites         = 2.5014e-01 seconds
     SEND/RECV source sites        = 4.4571e-02 seconds
   Time accumulating tallies       = 4.5597e+00 seconds
   Time writing statepoints        = 1.2045e-02 seconds
 Total time for finalization       = 1.1203e-02 seconds
 Total time elapsed                = 5.5045e+02 seconds
 Calculation Rate (inactive)       = 7927.99 particles/second
 Calculation Rate (active)         = 5021.66 particles/second

 ============================>     RESULTS     <============================

 k-effective (Collision)     = 0.93373 +/- 0.00065
 k-effective (Track-length)  = 0.93245 +/- 0.00085
 k-effective (Absorption)    = 0.93520 +/- 0.00062
 Combined k-effective        = 0.93427 +/- 0.00052
 Leakage Fraction            = 0.00793 +/- 0.00007

 Creating state point openmc_simulation_n7.h5...
      chunk 1: B  21.50 MWd/kgHM k 0.93427 (target 0.97077) [89.1 min]
[d32] EFPD 1664.1 d (archive 1950.4), c_max 2293 (archive 2333), hump +1099 pcm [8 solves, 1.49 h]
done; run --analyse
