check 3: designs [70, 88], 8 layers (14 fuel segments, 96 depletable materials), transport {'particles': 20000, 'batches': 160, 'inactive': 60}, end of cycle relative, schedule {'bol_steps': [0.5, 1.0, 2.0, 4.0, 6.0], 'dep_step': 4.0, 'max_burnup': 100.0, 'chunk_steps': 2}, cached []
  C9-70: archive EFPD 2280 d, 10 depletion solves, c_max 1840 ppm
  C9-88: archive EFPD 2355 d, 10 depletion solves, c_max 1859 ppm
  openmc 0.15.3, chain /home/diogo/openmc_data/chain_endfb71_pwr.xml
[d70] 3D hardware core, 8 layers, 14 fuel segments, 96 depletable materials, seed 1850921304, transport {'particles': 20000, 'batches': 160, 'inactive': 60}, end of cycle relative, ratio 0.94920
                                %%%%%%%%%%%%%%%
                           %%%%%%%%%%%%%%%%%%%%%%%%
                        %%%%%%%%%%%%%%%%%%%%%%%%%%%%%%
                      %%%%%%%%%%%%%%%%%%%%%%%%%%%%%%%%%%
                    %%%%%%%%%%%%%%%%%%%%%%%%%%%%%%%%%%%%%%
                   %%%%%%%%%%%%%%%%%%%%%%%%%%%%%%%%%%%%%%%%
                                    %%%%%%%%%%%%%%%%%%%%%%%%
                                     %%%%%%%%%%%%%%%%%%%%%%%%
                 ###############      %%%%%%%%%%%%%%%%%%%%%%%%
                ##################     %%%%%%%%%%%%%%%%%%%%%%%
                ###################     %%%%%%%%%%%%%%%%%%%%%%%
                ####################     %%%%%%%%%%%%%%%%%%%%%%
                #####################     %%%%%%%%%%%%%%%%%%%%%
                ######################     %%%%%%%%%%%%%%%%%%%%
                #######################     %%%%%%%%%%%%%%%%%%
                 #######################     %%%%%%%%%%%%%%%%%
                 ######################     %%%%%%%%%%%%%%%%%
                  ####################     %%%%%%%%%%%%%%%%%
                    #################     %%%%%%%%%%%%%%%%%
                     ###############     %%%%%%%%%%%%%%%%
                       ############     %%%%%%%%%%%%%%%
                          ########     %%%%%%%%%%%%%%
                                      %%%%%%%%%%%

                 | The OpenMC Monte Carlo Code
       Copyright | 2011-2025 MIT, UChicago Argonne LLC, and contributors
         License | https://docs.openmc.org/en/latest/license.html
         Version | 0.15.3
     Commit Hash | 27e38e894697bb32a1dac7848d2618818b6b8daf
       Date/Time | 2026-09-25 22:33:05
   MPI Processes | 1
  OpenMP Threads | 64

 Reading settings XML file...
 Reading cross sections XML file...
 Reading chain file: /home/diogo/openmc_data/chain_endfb71_pwr.xml...
 Reading materials XML file...
 Reading geometry XML file...
 Reading H1 from /home/diogo/openmc_data/endfb-vii.1-hdf5/neutron/H1.h5
 Reading H2 from /home/diogo/openmc_data/endfb-vii.1-hdf5/neutron/H2.h5
 Reading B10 from /home/diogo/openmc_data/endfb-vii.1-hdf5/neutron/B10.h5
 Reading B11 from /home/diogo/openmc_data/endfb-vii.1-hdf5/neutron/B11.h5
 Reading O16 from /home/diogo/openmc_data/endfb-vii.1-hdf5/neutron/O16.h5
 Reading O17 from /home/diogo/openmc_data/endfb-vii.1-hdf5/neutron/O17.h5
 Reading Cr50 from /home/diogo/openmc_data/endfb-vii.1-hdf5/neutron/Cr50.h5
 Reading Cr52 from /home/diogo/openmc_data/endfb-vii.1-hdf5/neutron/Cr52.h5
 Reading Cr53 from /home/diogo/openmc_data/endfb-vii.1-hdf5/neutron/Cr53.h5
 Reading Cr54 from /home/diogo/openmc_data/endfb-vii.1-hdf5/neutron/Cr54.h5
 Reading Mn55 from /home/diogo/openmc_data/endfb-vii.1-hdf5/neutron/Mn55.h5
 Reading Fe54 from /home/diogo/openmc_data/endfb-vii.1-hdf5/neutron/Fe54.h5
 Reading Fe56 from /home/diogo/openmc_data/endfb-vii.1-hdf5/neutron/Fe56.h5
 Reading Fe57 from /home/diogo/openmc_data/endfb-vii.1-hdf5/neutron/Fe57.h5
 Reading Fe58 from /home/diogo/openmc_data/endfb-vii.1-hdf5/neutron/Fe58.h5
 Reading Ni58 from /home/diogo/openmc_data/endfb-vii.1-hdf5/neutron/Ni58.h5
 Reading Ni60 from /home/diogo/openmc_data/endfb-vii.1-hdf5/neutron/Ni60.h5
 Reading Ni61 from /home/diogo/openmc_data/endfb-vii.1-hdf5/neutron/Ni61.h5
 Reading Ni62 from /home/diogo/openmc_data/endfb-vii.1-hdf5/neutron/Ni62.h5
 Reading Ni64 from /home/diogo/openmc_data/endfb-vii.1-hdf5/neutron/Ni64.h5
 Reading Zr90 from /home/diogo/openmc_data/endfb-vii.1-hdf5/neutron/Zr90.h5
 Reading Zr91 from /home/diogo/openmc_data/endfb-vii.1-hdf5/neutron/Zr91.h5
 Reading Zr92 from /home/diogo/openmc_data/endfb-vii.1-hdf5/neutron/Zr92.h5
 Reading Zr94 from /home/diogo/openmc_data/endfb-vii.1-hdf5/neutron/Zr94.h5
 Reading Zr96 from /home/diogo/openmc_data/endfb-vii.1-hdf5/neutron/Zr96.h5
 Reading Sn112 from /home/diogo/openmc_data/endfb-vii.1-hdf5/neutron/Sn112.h5
 Reading Sn114 from /home/diogo/openmc_data/endfb-vii.1-hdf5/neutron/Sn114.h5
 Reading Sn115 from /home/diogo/openmc_data/endfb-vii.1-hdf5/neutron/Sn115.h5
 Reading Sn116 from /home/diogo/openmc_data/endfb-vii.1-hdf5/neutron/Sn116.h5
 Reading Sn117 from /home/diogo/openmc_data/endfb-vii.1-hdf5/neutron/Sn117.h5
 Reading Sn118 from /home/diogo/openmc_data/endfb-vii.1-hdf5/neutron/Sn118.h5
 Reading Sn119 from /home/diogo/openmc_data/endfb-vii.1-hdf5/neutron/Sn119.h5
 Reading Sn120 from /home/diogo/openmc_data/endfb-vii.1-hdf5/neutron/Sn120.h5
 Reading Sn122 from /home/diogo/openmc_data/endfb-vii.1-hdf5/neutron/Sn122.h5
 Reading Sn124 from /home/diogo/openmc_data/endfb-vii.1-hdf5/neutron/Sn124.h5
 Reading He3 from /home/diogo/openmc_data/endfb-vii.1-hdf5/neutron/He3.h5
 Reading He4 from /home/diogo/openmc_data/endfb-vii.1-hdf5/neutron/He4.h5
 Reading U234 from /home/diogo/openmc_data/endfb-vii.1-hdf5/neutron/U234.h5
 Reading U235 from /home/diogo/openmc_data/endfb-vii.1-hdf5/neutron/U235.h5
 Reading U238 from /home/diogo/openmc_data/endfb-vii.1-hdf5/neutron/U238.h5
 Reading Gd152 from /home/diogo/openmc_data/endfb-vii.1-hdf5/neutron/Gd152.h5
 Reading Gd154 from /home/diogo/openmc_data/endfb-vii.1-hdf5/neutron/Gd154.h5
 Reading Gd155 from /home/diogo/openmc_data/endfb-vii.1-hdf5/neutron/Gd155.h5
 Reading Gd156 from /home/diogo/openmc_data/endfb-vii.1-hdf5/neutron/Gd156.h5
 Reading Gd157 from /home/diogo/openmc_data/endfb-vii.1-hdf5/neutron/Gd157.h5
 Reading Gd158 from /home/diogo/openmc_data/endfb-vii.1-hdf5/neutron/Gd158.h5
 Reading Gd160 from /home/diogo/openmc_data/endfb-vii.1-hdf5/neutron/Gd160.h5
 Reading Si28 from /home/diogo/openmc_data/endfb-vii.1-hdf5/neutron/Si28.h5
 Reading Si29 from /home/diogo/openmc_data/endfb-vii.1-hdf5/neutron/Si29.h5
 Reading Si30 from /home/diogo/openmc_data/endfb-vii.1-hdf5/neutron/Si30.h5
 Reading Ag107 from /home/diogo/openmc_data/endfb-vii.1-hdf5/neutron/Ag107.h5
 Reading Ag109 from /home/diogo/openmc_data/endfb-vii.1-hdf5/neutron/Ag109.h5
 Reading Cd106 from /home/diogo/openmc_data/endfb-vii.1-hdf5/neutron/Cd106.h5
 WARNING: Negative value(s) found on probability table for nuclide Cd106 at 294K
 WARNING: Negative value(s) found on probability table for nuclide Cd106 at 600K
 WARNING: Negative value(s) found on probability table for nuclide Cd106 at 900K
 WARNING: Negative value(s) found on probability table for nuclide Cd106 at
          1200K
 WARNING: Negative value(s) found on probability table for nuclide Cd106 at
          2500K
 Reading Cd108 from /home/diogo/openmc_data/endfb-vii.1-hdf5/neutron/Cd108.h5
 Reading Cd110 from /home/diogo/openmc_data/endfb-vii.1-hdf5/neutron/Cd110.h5
 Reading Cd111 from /home/diogo/openmc_data/endfb-vii.1-hdf5/neutron/Cd111.h5
 Reading Cd112 from /home/diogo/openmc_data/endfb-vii.1-hdf5/neutron/Cd112.h5
 Reading Cd113 from /home/diogo/openmc_data/endfb-vii.1-hdf5/neutron/Cd113.h5
 Reading Cd114 from /home/diogo/openmc_data/endfb-vii.1-hdf5/neutron/Cd114.h5
 Reading Cd116 from /home/diogo/openmc_data/endfb-vii.1-hdf5/neutron/Cd116.h5
 Reading In113 from /home/diogo/openmc_data/endfb-vii.1-hdf5/neutron/In113.h5
 Reading In115 from /home/diogo/openmc_data/endfb-vii.1-hdf5/neutron/In115.h5
 Reading c_H_in_H2O from
 /home/diogo/openmc_data/endfb-vii.1-hdf5/neutron/c_H_in_H2O.h5
 Minimum neutron data temperature: 294 K
 Maximum neutron data temperature: 2500 K
 Reading tallies XML file...
 Preparing distributed cell instances...
 Reading plot XML file...
 Writing summary.h5 file...
[openmc.deplete] t=0.0 s, dt=4327203.051553669 s, source=47715611.008249946
 Reading H3 from /home/diogo/openmc_data/endfb-vii.1-hdf5/neutron/H3.h5
 Reading Li6 from /home/diogo/openmc_data/endfb-vii.1-hdf5/neutron/Li6.h5
 Reading Li7 from /home/diogo/openmc_data/endfb-vii.1-hdf5/neutron/Li7.h5
 Reading Be9 from /home/diogo/openmc_data/endfb-vii.1-hdf5/neutron/Be9.h5
 Reading N14 from /home/diogo/openmc_data/endfb-vii.1-hdf5/neutron/N14.h5
 Reading N15 from /home/diogo/openmc_data/endfb-vii.1-hdf5/neutron/N15.h5
 Reading F19 from /home/diogo/openmc_data/endfb-vii.1-hdf5/neutron/F19.h5
 Reading Na22 from /home/diogo/openmc_data/endfb-vii.1-hdf5/neutron/Na22.h5
 WARNING: Negative value(s) found on probability table for nuclide Na22 at 250K
 WARNING: Negative value(s) found on probability table for nuclide Na22 at 294K
 WARNING: Negative value(s) found on probability table for nuclide Na22 at 600K
 WARNING: Negative value(s) found on probability table for nuclide Na22 at 900K
 WARNING: Negative value(s) found on probability table for nuclide Na22 at 1200K
 WARNING: Negative value(s) found on probability table for nuclide Na22 at 2500K
 Reading Na23 from /home/diogo/openmc_data/endfb-vii.1-hdf5/neutron/Na23.h5
 Reading Mg24 from /home/diogo/openmc_data/endfb-vii.1-hdf5/neutron/Mg24.h5
 Reading Mg25 from /home/diogo/openmc_data/endfb-vii.1-hdf5/neutron/Mg25.h5
 Reading Mg26 from /home/diogo/openmc_data/endfb-vii.1-hdf5/neutron/Mg26.h5
 Reading Al27 from /home/diogo/openmc_data/endfb-vii.1-hdf5/neutron/Al27.h5
 Reading P31 from /home/diogo/openmc_data/endfb-vii.1-hdf5/neutron/P31.h5
 Reading S32 from /home/diogo/openmc_data/endfb-vii.1-hdf5/neutron/S32.h5
 Reading S33 from /home/diogo/openmc_data/endfb-vii.1-hdf5/neutron/S33.h5
 Reading S34 from /home/diogo/openmc_data/endfb-vii.1-hdf5/neutron/S34.h5
 Reading S36 from /home/diogo/openmc_data/endfb-vii.1-hdf5/neutron/S36.h5
 Reading Cl35 from /home/diogo/openmc_data/endfb-vii.1-hdf5/neutron/Cl35.h5
 Reading Cl37 from /home/diogo/openmc_data/endfb-vii.1-hdf5/neutron/Cl37.h5
 Reading Ar36 from /home/diogo/openmc_data/endfb-vii.1-hdf5/neutron/Ar36.h5
 WARNING: Negative value(s) found on probability table for nuclide Ar36 at 250K
 WARNING: Negative value(s) found on probability table for nuclide Ar36 at 294K
 WARNING: Negative value(s) found on probability table for nuclide Ar36 at 600K
 WARNING: Negative value(s) found on probability table for nuclide Ar36 at 900K
 WARNING: Negative value(s) found on probability table for nuclide Ar36 at 1200K
 WARNING: Negative value(s) found on probability table for nuclide Ar36 at 2500K
 Reading Ar38 from /home/diogo/openmc_data/endfb-vii.1-hdf5/neutron/Ar38.h5
 Reading Ar40 from /home/diogo/openmc_data/endfb-vii.1-hdf5/neutron/Ar40.h5
 Reading K39 from /home/diogo/openmc_data/endfb-vii.1-hdf5/neutron/K39.h5
 Reading K40 from /home/diogo/openmc_data/endfb-vii.1-hdf5/neutron/K40.h5
 Reading K41 from /home/diogo/openmc_data/endfb-vii.1-hdf5/neutron/K41.h5
 Reading Ca40 from /home/diogo/openmc_data/endfb-vii.1-hdf5/neutron/Ca40.h5
 Reading Ca42 from /home/diogo/openmc_data/endfb-vii.1-hdf5/neutron/Ca42.h5
 Reading Ca43 from /home/diogo/openmc_data/endfb-vii.1-hdf5/neutron/Ca43.h5
 Reading Ca44 from /home/diogo/openmc_data/endfb-vii.1-hdf5/neutron/Ca44.h5
 Reading Ca46 from /home/diogo/openmc_data/endfb-vii.1-hdf5/neutron/Ca46.h5
 Reading Ca48 from /home/diogo/openmc_data/endfb-vii.1-hdf5/neutron/Ca48.h5
 Reading Sc45 from /home/diogo/openmc_data/endfb-vii.1-hdf5/neutron/Sc45.h5
 Reading Ti46 from /home/diogo/openmc_data/endfb-vii.1-hdf5/neutron/Ti46.h5
 Reading Ti47 from /home/diogo/openmc_data/endfb-vii.1-hdf5/neutron/Ti47.h5
 Reading Ti48 from /home/diogo/openmc_data/endfb-vii.1-hdf5/neutron/Ti48.h5
 Reading Ti49 from /home/diogo/openmc_data/endfb-vii.1-hdf5/neutron/Ti49.h5
 Reading Ti50 from /home/diogo/openmc_data/endfb-vii.1-hdf5/neutron/Ti50.h5
 Reading V50 from /home/diogo/openmc_data/endfb-vii.1-hdf5/neutron/V50.h5
 Reading V51 from /home/diogo/openmc_data/endfb-vii.1-hdf5/neutron/V51.h5
 Reading Co58 from /home/diogo/openmc_data/endfb-vii.1-hdf5/neutron/Co58.h5
 Reading Co58_m1 from
 /home/diogo/openmc_data/endfb-vii.1-hdf5/neutron/Co58_m1.h5
 Reading Co59 from /home/diogo/openmc_data/endfb-vii.1-hdf5/neutron/Co59.h5
 Reading Ni59 from /home/diogo/openmc_data/endfb-vii.1-hdf5/neutron/Ni59.h5
 Reading Cu63 from /home/diogo/openmc_data/endfb-vii.1-hdf5/neutron/Cu63.h5
 Reading Cu65 from /home/diogo/openmc_data/endfb-vii.1-hdf5/neutron/Cu65.h5
 Reading Zn64 from /home/diogo/openmc_data/endfb-vii.1-hdf5/neutron/Zn64.h5
 Reading Zn65 from /home/diogo/openmc_data/endfb-vii.1-hdf5/neutron/Zn65.h5
 Reading Zn66 from /home/diogo/openmc_data/endfb-vii.1-hdf5/neutron/Zn66.h5
 Reading Zn67 from /home/diogo/openmc_data/endfb-vii.1-hdf5/neutron/Zn67.h5
 Reading Zn68 from /home/diogo/openmc_data/endfb-vii.1-hdf5/neutron/Zn68.h5
 Reading Zn70 from /home/diogo/openmc_data/endfb-vii.1-hdf5/neutron/Zn70.h5
 Reading Ga69 from /home/diogo/openmc_data/endfb-vii.1-hdf5/neutron/Ga69.h5
 Reading Ga71 from /home/diogo/openmc_data/endfb-vii.1-hdf5/neutron/Ga71.h5
 Reading Ge70 from /home/diogo/openmc_data/endfb-vii.1-hdf5/neutron/Ge70.h5
 Reading Ge72 from /home/diogo/openmc_data/endfb-vii.1-hdf5/neutron/Ge72.h5
 Reading Ge73 from /home/diogo/openmc_data/endfb-vii.1-hdf5/neutron/Ge73.h5
 Reading Ge74 from /home/diogo/openmc_data/endfb-vii.1-hdf5/neutron/Ge74.h5
 Reading Ge76 from /home/diogo/openmc_data/endfb-vii.1-hdf5/neutron/Ge76.h5
 Reading As74 from /home/diogo/openmc_data/endfb-vii.1-hdf5/neutron/As74.h5
 Reading As75 from /home/diogo/openmc_data/endfb-vii.1-hdf5/neutron/As75.h5
 Reading Se74 from /home/diogo/openmc_data/endfb-vii.1-hdf5/neutron/Se74.h5
 Reading Se76 from /home/diogo/openmc_data/endfb-vii.1-hdf5/neutron/Se76.h5
 Reading Se77 from /home/diogo/openmc_data/endfb-vii.1-hdf5/neutron/Se77.h5
 Reading Se78 from /home/diogo/openmc_data/endfb-vii.1-hdf5/neutron/Se78.h5
 Reading Se79 from /home/diogo/openmc_data/endfb-vii.1-hdf5/neutron/Se79.h5
 WARNING: Negative value(s) found on probability table for nuclide Se79 at 250K
 WARNING: Negative value(s) found on probability table for nuclide Se79 at 294K
 WARNING: Negative value(s) found on probability table for nuclide Se79 at 600K
 WARNING: Negative value(s) found on probability table for nuclide Se79 at 900K
 WARNING: Negative value(s) found on probability table for nuclide Se79 at 1200K
 Reading Se80 from /home/diogo/openmc_data/endfb-vii.1-hdf5/neutron/Se80.h5
 Reading Se82 from /home/diogo/openmc_data/endfb-vii.1-hdf5/neutron/Se82.h5
 Reading Br79 from /home/diogo/openmc_data/endfb-vii.1-hdf5/neutron/Br79.h5
 Reading Br81 from /home/diogo/openmc_data/endfb-vii.1-hdf5/neutron/Br81.h5
 Reading Kr78 from /home/diogo/openmc_data/endfb-vii.1-hdf5/neutron/Kr78.h5
 Reading Kr80 from /home/diogo/openmc_data/endfb-vii.1-hdf5/neutron/Kr80.h5
 Reading Kr82 from /home/diogo/openmc_data/endfb-vii.1-hdf5/neutron/Kr82.h5
 Reading Kr83 from /home/diogo/openmc_data/endfb-vii.1-hdf5/neutron/Kr83.h5
 Reading Kr84 from /home/diogo/openmc_data/endfb-vii.1-hdf5/neutron/Kr84.h5
 Reading Kr85 from /home/diogo/openmc_data/endfb-vii.1-hdf5/neutron/Kr85.h5
 Reading Kr86 from /home/diogo/openmc_data/endfb-vii.1-hdf5/neutron/Kr86.h5
 Reading Rb85 from /home/diogo/openmc_data/endfb-vii.1-hdf5/neutron/Rb85.h5
 Reading Rb86 from /home/diogo/openmc_data/endfb-vii.1-hdf5/neutron/Rb86.h5
 Reading Rb87 from /home/diogo/openmc_data/endfb-vii.1-hdf5/neutron/Rb87.h5
 Reading Sr84 from /home/diogo/openmc_data/endfb-vii.1-hdf5/neutron/Sr84.h5
 Reading Sr86 from /home/diogo/openmc_data/endfb-vii.1-hdf5/neutron/Sr86.h5
 Reading Sr87 from /home/diogo/openmc_data/endfb-vii.1-hdf5/neutron/Sr87.h5
 Reading Sr88 from /home/diogo/openmc_data/endfb-vii.1-hdf5/neutron/Sr88.h5
 Reading Sr89 from /home/diogo/openmc_data/endfb-vii.1-hdf5/neutron/Sr89.h5
 Reading Sr90 from /home/diogo/openmc_data/endfb-vii.1-hdf5/neutron/Sr90.h5
 Reading Y89 from /home/diogo/openmc_data/endfb-vii.1-hdf5/neutron/Y89.h5
 Reading Y90 from /home/diogo/openmc_data/endfb-vii.1-hdf5/neutron/Y90.h5
 Reading Y91 from /home/diogo/openmc_data/endfb-vii.1-hdf5/neutron/Y91.h5
 Reading Zr93 from /home/diogo/openmc_data/endfb-vii.1-hdf5/neutron/Zr93.h5
 Reading Zr95 from /home/diogo/openmc_data/endfb-vii.1-hdf5/neutron/Zr95.h5
 Reading Nb93 from /home/diogo/openmc_data/endfb-vii.1-hdf5/neutron/Nb93.h5
 Reading Nb94 from /home/diogo/openmc_data/endfb-vii.1-hdf5/neutron/Nb94.h5
 WARNING: Negative value(s) found on probability table for nuclide Nb94 at 250K
 WARNING: Negative value(s) found on probability table for nuclide Nb94 at 294K
 WARNING: Negative value(s) found on probability table for nuclide Nb94 at 600K
 WARNING: Negative value(s) found on probability table for nuclide Nb94 at 900K
 WARNING: Negative value(s) found on probability table for nuclide Nb94 at 1200K
 WARNING: Negative value(s) found on probability table for nuclide Nb94 at 2500K
 Reading Nb95 from /home/diogo/openmc_data/endfb-vii.1-hdf5/neutron/Nb95.h5
 WARNING: Negative value(s) found on probability table for nuclide Nb95 at 250K
 WARNING: Negative value(s) found on probability table for nuclide Nb95 at 294K
 WARNING: Negative value(s) found on probability table for nuclide Nb95 at 600K
 WARNING: Negative value(s) found on probability table for nuclide Nb95 at 900K
 WARNING: Negative value(s) found on probability table for nuclide Nb95 at 1200K
 Reading Mo92 from /home/diogo/openmc_data/endfb-vii.1-hdf5/neutron/Mo92.h5
 Reading Mo94 from /home/diogo/openmc_data/endfb-vii.1-hdf5/neutron/Mo94.h5
 Reading Mo95 from /home/diogo/openmc_data/endfb-vii.1-hdf5/neutron/Mo95.h5
 Reading Mo96 from /home/diogo/openmc_data/endfb-vii.1-hdf5/neutron/Mo96.h5
 Reading Mo97 from /home/diogo/openmc_data/endfb-vii.1-hdf5/neutron/Mo97.h5
 Reading Mo98 from /home/diogo/openmc_data/endfb-vii.1-hdf5/neutron/Mo98.h5
 Reading Mo99 from /home/diogo/openmc_data/endfb-vii.1-hdf5/neutron/Mo99.h5
 WARNING: Negative value(s) found on probability table for nuclide Mo99 at 250K
 WARNING: Negative value(s) found on probability table for nuclide Mo99 at 294K
 WARNING: Negative value(s) found on probability table for nuclide Mo99 at 600K
 WARNING: Negative value(s) found on probability table for nuclide Mo99 at 900K
 WARNING: Negative value(s) found on probability table for nuclide Mo99 at 1200K
 WARNING: Negative value(s) found on probability table for nuclide Mo99 at 2500K
 Reading Mo100 from /home/diogo/openmc_data/endfb-vii.1-hdf5/neutron/Mo100.h5
 Reading Tc99 from /home/diogo/openmc_data/endfb-vii.1-hdf5/neutron/Tc99.h5
 Reading Ru96 from /home/diogo/openmc_data/endfb-vii.1-hdf5/neutron/Ru96.h5
 Reading Ru98 from /home/diogo/openmc_data/endfb-vii.1-hdf5/neutron/Ru98.h5
 Reading Ru99 from /home/diogo/openmc_data/endfb-vii.1-hdf5/neutron/Ru99.h5
 Reading Ru100 from /home/diogo/openmc_data/endfb-vii.1-hdf5/neutron/Ru100.h5
 Reading Ru101 from /home/diogo/openmc_data/endfb-vii.1-hdf5/neutron/Ru101.h5
 Reading Ru102 from /home/diogo/openmc_data/endfb-vii.1-hdf5/neutron/Ru102.h5
 Reading Ru103 from /home/diogo/openmc_data/endfb-vii.1-hdf5/neutron/Ru103.h5
 Reading Ru104 from /home/diogo/openmc_data/endfb-vii.1-hdf5/neutron/Ru104.h5
 Reading Ru105 from /home/diogo/openmc_data/endfb-vii.1-hdf5/neutron/Ru105.h5
 Reading Ru106 from /home/diogo/openmc_data/endfb-vii.1-hdf5/neutron/Ru106.h5
 Reading Rh103 from /home/diogo/openmc_data/endfb-vii.1-hdf5/neutron/Rh103.h5
 Reading Rh105 from /home/diogo/openmc_data/endfb-vii.1-hdf5/neutron/Rh105.h5
 Reading Pd102 from /home/diogo/openmc_data/endfb-vii.1-hdf5/neutron/Pd102.h5
 Reading Pd104 from /home/diogo/openmc_data/endfb-vii.1-hdf5/neutron/Pd104.h5
 Reading Pd105 from /home/diogo/openmc_data/endfb-vii.1-hdf5/neutron/Pd105.h5
 Reading Pd106 from /home/diogo/openmc_data/endfb-vii.1-hdf5/neutron/Pd106.h5
 Reading Pd107 from /home/diogo/openmc_data/endfb-vii.1-hdf5/neutron/Pd107.h5
 Reading Pd108 from /home/diogo/openmc_data/endfb-vii.1-hdf5/neutron/Pd108.h5
 Reading Pd110 from /home/diogo/openmc_data/endfb-vii.1-hdf5/neutron/Pd110.h5
 Reading Ag110_m1 from
 /home/diogo/openmc_data/endfb-vii.1-hdf5/neutron/Ag110_m1.h5
 Reading Ag111 from /home/diogo/openmc_data/endfb-vii.1-hdf5/neutron/Ag111.h5
 Reading Cd115_m1 from
 /home/diogo/openmc_data/endfb-vii.1-hdf5/neutron/Cd115_m1.h5
 Reading Sn113 from /home/diogo/openmc_data/endfb-vii.1-hdf5/neutron/Sn113.h5
 Reading Sn123 from /home/diogo/openmc_data/endfb-vii.1-hdf5/neutron/Sn123.h5
 WARNING: Negative value(s) found on probability table for nuclide Sn123 at 250K
 WARNING: Negative value(s) found on probability table for nuclide Sn123 at 294K
 WARNING: Negative value(s) found on probability table for nuclide Sn123 at 600K
 WARNING: Negative value(s) found on probability table for nuclide Sn123 at 900K
 WARNING: Negative value(s) found on probability table for nuclide Sn123 at
          1200K
 WARNING: Negative value(s) found on probability table for nuclide Sn123 at
          2500K
 Reading Sn125 from /home/diogo/openmc_data/endfb-vii.1-hdf5/neutron/Sn125.h5
 Reading Sn126 from /home/diogo/openmc_data/endfb-vii.1-hdf5/neutron/Sn126.h5
 Reading Sb121 from /home/diogo/openmc_data/endfb-vii.1-hdf5/neutron/Sb121.h5
 Reading Sb123 from /home/diogo/openmc_data/endfb-vii.1-hdf5/neutron/Sb123.h5
 Reading Sb124 from /home/diogo/openmc_data/endfb-vii.1-hdf5/neutron/Sb124.h5
 Reading Sb125 from /home/diogo/openmc_data/endfb-vii.1-hdf5/neutron/Sb125.h5
 Reading Sb126 from /home/diogo/openmc_data/endfb-vii.1-hdf5/neutron/Sb126.h5
 Reading Te120 from /home/diogo/openmc_data/endfb-vii.1-hdf5/neutron/Te120.h5
 WARNING: Negative value(s) found on probability table for nuclide Te120 at 600K
 WARNING: Negative value(s) found on probability table for nuclide Te120 at 900K
 WARNING: Negative value(s) found on probability table for nuclide Te120 at
          1200K
 WARNING: Negative value(s) found on probability table for nuclide Te120 at
          2500K
 Reading Te122 from /home/diogo/openmc_data/endfb-vii.1-hdf5/neutron/Te122.h5
 Reading Te123 from /home/diogo/openmc_data/endfb-vii.1-hdf5/neutron/Te123.h5
 Reading Te124 from /home/diogo/openmc_data/endfb-vii.1-hdf5/neutron/Te124.h5
 Reading Te125 from /home/diogo/openmc_data/endfb-vii.1-hdf5/neutron/Te125.h5
 Reading Te126 from /home/diogo/openmc_data/endfb-vii.1-hdf5/neutron/Te126.h5
 Reading Te127_m1 from
 /home/diogo/openmc_data/endfb-vii.1-hdf5/neutron/Te127_m1.h5
 Reading Te128 from /home/diogo/openmc_data/endfb-vii.1-hdf5/neutron/Te128.h5
 Reading Te129_m1 from
 /home/diogo/openmc_data/endfb-vii.1-hdf5/neutron/Te129_m1.h5
 Reading Te130 from /home/diogo/openmc_data/endfb-vii.1-hdf5/neutron/Te130.h5
 Reading Te132 from /home/diogo/openmc_data/endfb-vii.1-hdf5/neutron/Te132.h5
 Reading I127 from /home/diogo/openmc_data/endfb-vii.1-hdf5/neutron/I127.h5
 Reading I129 from /home/diogo/openmc_data/endfb-vii.1-hdf5/neutron/I129.h5
 Reading I130 from /home/diogo/openmc_data/endfb-vii.1-hdf5/neutron/I130.h5
 Reading I131 from /home/diogo/openmc_data/endfb-vii.1-hdf5/neutron/I131.h5
 WARNING: Negative value(s) found on probability table for nuclide I131 at 250K
 WARNING: Negative value(s) found on probability table for nuclide I131 at 294K
 WARNING: Negative value(s) found on probability table for nuclide I131 at 600K
 WARNING: Negative value(s) found on probability table for nuclide I131 at 900K
 WARNING: Negative value(s) found on probability table for nuclide I131 at 1200K
 WARNING: Negative value(s) found on probability table for nuclide I131 at 2500K
 Reading I135 from /home/diogo/openmc_data/endfb-vii.1-hdf5/neutron/I135.h5
 Reading Xe123 from /home/diogo/openmc_data/endfb-vii.1-hdf5/neutron/Xe123.h5
 Reading Xe124 from /home/diogo/openmc_data/endfb-vii.1-hdf5/neutron/Xe124.h5
 Reading Xe126 from /home/diogo/openmc_data/endfb-vii.1-hdf5/neutron/Xe126.h5
 Reading Xe128 from /home/diogo/openmc_data/endfb-vii.1-hdf5/neutron/Xe128.h5
 Reading Xe129 from /home/diogo/openmc_data/endfb-vii.1-hdf5/neutron/Xe129.h5
 Reading Xe130 from /home/diogo/openmc_data/endfb-vii.1-hdf5/neutron/Xe130.h5
 Reading Xe131 from /home/diogo/openmc_data/endfb-vii.1-hdf5/neutron/Xe131.h5
 Reading Xe132 from /home/diogo/openmc_data/endfb-vii.1-hdf5/neutron/Xe132.h5
 Reading Xe133 from /home/diogo/openmc_data/endfb-vii.1-hdf5/neutron/Xe133.h5
 WARNING: Negative value(s) found on probability table for nuclide Xe133 at
          2500K
 Reading Xe134 from /home/diogo/openmc_data/endfb-vii.1-hdf5/neutron/Xe134.h5
 Reading Xe135 from /home/diogo/openmc_data/endfb-vii.1-hdf5/neutron/Xe135.h5
 Reading Xe136 from /home/diogo/openmc_data/endfb-vii.1-hdf5/neutron/Xe136.h5
 Reading Cs133 from /home/diogo/openmc_data/endfb-vii.1-hdf5/neutron/Cs133.h5
 Reading Cs134 from /home/diogo/openmc_data/endfb-vii.1-hdf5/neutron/Cs134.h5
 Reading Cs135 from /home/diogo/openmc_data/endfb-vii.1-hdf5/neutron/Cs135.h5
 Reading Cs136 from /home/diogo/openmc_data/endfb-vii.1-hdf5/neutron/Cs136.h5
 WARNING: Negative value(s) found on probability table for nuclide Cs136 at 250K
 WARNING: Negative value(s) found on probability table for nuclide Cs136 at 294K
 WARNING: Negative value(s) found on probability table for nuclide Cs136 at 600K
 WARNING: Negative value(s) found on probability table for nuclide Cs136 at 900K
 WARNING: Negative value(s) found on probability table for nuclide Cs136 at
          1200K
 WARNING: Negative value(s) found on probability table for nuclide Cs136 at
          2500K
 Reading Cs137 from /home/diogo/openmc_data/endfb-vii.1-hdf5/neutron/Cs137.h5
 Reading Ba130 from /home/diogo/openmc_data/endfb-vii.1-hdf5/neutron/Ba130.h5
 Reading Ba132 from /home/diogo/openmc_data/endfb-vii.1-hdf5/neutron/Ba132.h5
 Reading Ba133 from /home/diogo/openmc_data/endfb-vii.1-hdf5/neutron/Ba133.h5
 Reading Ba134 from /home/diogo/openmc_data/endfb-vii.1-hdf5/neutron/Ba134.h5
 Reading Ba135 from /home/diogo/openmc_data/endfb-vii.1-hdf5/neutron/Ba135.h5
 Reading Ba136 from /home/diogo/openmc_data/endfb-vii.1-hdf5/neutron/Ba136.h5
 Reading Ba137 from /home/diogo/openmc_data/endfb-vii.1-hdf5/neutron/Ba137.h5
 Reading Ba138 from /home/diogo/openmc_data/endfb-vii.1-hdf5/neutron/Ba138.h5
 Reading Ba140 from /home/diogo/openmc_data/endfb-vii.1-hdf5/neutron/Ba140.h5
 Reading La138 from /home/diogo/openmc_data/endfb-vii.1-hdf5/neutron/La138.h5
 Reading La139 from /home/diogo/openmc_data/endfb-vii.1-hdf5/neutron/La139.h5
 Reading La140 from /home/diogo/openmc_data/endfb-vii.1-hdf5/neutron/La140.h5
 Reading Ce136 from /home/diogo/openmc_data/endfb-vii.1-hdf5/neutron/Ce136.h5
 Reading Ce138 from /home/diogo/openmc_data/endfb-vii.1-hdf5/neutron/Ce138.h5
 Reading Ce139 from /home/diogo/openmc_data/endfb-vii.1-hdf5/neutron/Ce139.h5
 Reading Ce140 from /home/diogo/openmc_data/endfb-vii.1-hdf5/neutron/Ce140.h5
 Reading Ce141 from /home/diogo/openmc_data/endfb-vii.1-hdf5/neutron/Ce141.h5
 Reading Ce142 from /home/diogo/openmc_data/endfb-vii.1-hdf5/neutron/Ce142.h5
 Reading Ce143 from /home/diogo/openmc_data/endfb-vii.1-hdf5/neutron/Ce143.h5
 Reading Ce144 from /home/diogo/openmc_data/endfb-vii.1-hdf5/neutron/Ce144.h5
 Reading Pr141 from /home/diogo/openmc_data/endfb-vii.1-hdf5/neutron/Pr141.h5
 Reading Pr142 from /home/diogo/openmc_data/endfb-vii.1-hdf5/neutron/Pr142.h5
 Reading Pr143 from /home/diogo/openmc_data/endfb-vii.1-hdf5/neutron/Pr143.h5
 Reading Nd142 from /home/diogo/openmc_data/endfb-vii.1-hdf5/neutron/Nd142.h5
 Reading Nd143 from /home/diogo/openmc_data/endfb-vii.1-hdf5/neutron/Nd143.h5
 Reading Nd144 from /home/diogo/openmc_data/endfb-vii.1-hdf5/neutron/Nd144.h5
 Reading Nd145 from /home/diogo/openmc_data/endfb-vii.1-hdf5/neutron/Nd145.h5
 Reading Nd146 from /home/diogo/openmc_data/endfb-vii.1-hdf5/neutron/Nd146.h5
 Reading Nd147 from /home/diogo/openmc_data/endfb-vii.1-hdf5/neutron/Nd147.h5
 Reading Nd148 from /home/diogo/openmc_data/endfb-vii.1-hdf5/neutron/Nd148.h5
 Reading Nd150 from /home/diogo/openmc_data/endfb-vii.1-hdf5/neutron/Nd150.h5
 Reading Pm147 from /home/diogo/openmc_data/endfb-vii.1-hdf5/neutron/Pm147.h5
 Reading Pm148 from /home/diogo/openmc_data/endfb-vii.1-hdf5/neutron/Pm148.h5
 Reading Pm148_m1 from
 /home/diogo/openmc_data/endfb-vii.1-hdf5/neutron/Pm148_m1.h5
 Reading Pm149 from /home/diogo/openmc_data/endfb-vii.1-hdf5/neutron/Pm149.h5
 Reading Pm151 from /home/diogo/openmc_data/endfb-vii.1-hdf5/neutron/Pm151.h5
 Reading Sm144 from /home/diogo/openmc_data/endfb-vii.1-hdf5/neutron/Sm144.h5
 Reading Sm147 from /home/diogo/openmc_data/endfb-vii.1-hdf5/neutron/Sm147.h5
 Reading Sm148 from /home/diogo/openmc_data/endfb-vii.1-hdf5/neutron/Sm148.h5
 Reading Sm149 from /home/diogo/openmc_data/endfb-vii.1-hdf5/neutron/Sm149.h5
 Reading Sm150 from /home/diogo/openmc_data/endfb-vii.1-hdf5/neutron/Sm150.h5
 Reading Sm151 from /home/diogo/openmc_data/endfb-vii.1-hdf5/neutron/Sm151.h5
 Reading Sm152 from /home/diogo/openmc_data/endfb-vii.1-hdf5/neutron/Sm152.h5
 Reading Sm153 from /home/diogo/openmc_data/endfb-vii.1-hdf5/neutron/Sm153.h5
 Reading Sm154 from /home/diogo/openmc_data/endfb-vii.1-hdf5/neutron/Sm154.h5
 Reading Eu151 from /home/diogo/openmc_data/endfb-vii.1-hdf5/neutron/Eu151.h5
 Reading Eu152 from /home/diogo/openmc_data/endfb-vii.1-hdf5/neutron/Eu152.h5
 Reading Eu153 from /home/diogo/openmc_data/endfb-vii.1-hdf5/neutron/Eu153.h5
 Reading Eu154 from /home/diogo/openmc_data/endfb-vii.1-hdf5/neutron/Eu154.h5
 Reading Eu155 from /home/diogo/openmc_data/endfb-vii.1-hdf5/neutron/Eu155.h5
 Reading Eu156 from /home/diogo/openmc_data/endfb-vii.1-hdf5/neutron/Eu156.h5
 WARNING: Negative value(s) found on probability table for nuclide Eu156 at 250K
 WARNING: Negative value(s) found on probability table for nuclide Eu156 at 294K
 WARNING: Negative value(s) found on probability table for nuclide Eu156 at 600K
 WARNING: Negative value(s) found on probability table for nuclide Eu156 at 900K
 WARNING: Negative value(s) found on probability table for nuclide Eu156 at
          1200K
 WARNING: Negative value(s) found on probability table for nuclide Eu156 at
          2500K
 Reading Eu157 from /home/diogo/openmc_data/endfb-vii.1-hdf5/neutron/Eu157.h5
 Reading Gd153 from /home/diogo/openmc_data/endfb-vii.1-hdf5/neutron/Gd153.h5
 Reading Tb159 from /home/diogo/openmc_data/endfb-vii.1-hdf5/neutron/Tb159.h5
 Reading Tb160 from /home/diogo/openmc_data/endfb-vii.1-hdf5/neutron/Tb160.h5
 Reading Dy156 from /home/diogo/openmc_data/endfb-vii.1-hdf5/neutron/Dy156.h5
 Reading Dy158 from /home/diogo/openmc_data/endfb-vii.1-hdf5/neutron/Dy158.h5
 Reading Dy160 from /home/diogo/openmc_data/endfb-vii.1-hdf5/neutron/Dy160.h5
 Reading Dy161 from /home/diogo/openmc_data/endfb-vii.1-hdf5/neutron/Dy161.h5
 Reading Dy162 from /home/diogo/openmc_data/endfb-vii.1-hdf5/neutron/Dy162.h5
 Reading Dy163 from /home/diogo/openmc_data/endfb-vii.1-hdf5/neutron/Dy163.h5
 Reading Dy164 from /home/diogo/openmc_data/endfb-vii.1-hdf5/neutron/Dy164.h5
 Reading Ho165 from /home/diogo/openmc_data/endfb-vii.1-hdf5/neutron/Ho165.h5
 Reading Ho166_m1 from
 /home/diogo/openmc_data/endfb-vii.1-hdf5/neutron/Ho166_m1.h5
 Reading Er162 from /home/diogo/openmc_data/endfb-vii.1-hdf5/neutron/Er162.h5
 Reading Er164 from /home/diogo/openmc_data/endfb-vii.1-hdf5/neutron/Er164.h5
 Reading Er166 from /home/diogo/openmc_data/endfb-vii.1-hdf5/neutron/Er166.h5
 Reading Er167 from /home/diogo/openmc_data/endfb-vii.1-hdf5/neutron/Er167.h5
 Reading Er168 from /home/diogo/openmc_data/endfb-vii.1-hdf5/neutron/Er168.h5
 Reading Er170 from /home/diogo/openmc_data/endfb-vii.1-hdf5/neutron/Er170.h5
 Reading Tm168 from /home/diogo/openmc_data/endfb-vii.1-hdf5/neutron/Tm168.h5
 Reading Tm169 from /home/diogo/openmc_data/endfb-vii.1-hdf5/neutron/Tm169.h5
 Reading Tm170 from /home/diogo/openmc_data/endfb-vii.1-hdf5/neutron/Tm170.h5
 Reading Lu175 from /home/diogo/openmc_data/endfb-vii.1-hdf5/neutron/Lu175.h5
 Reading Lu176 from /home/diogo/openmc_data/endfb-vii.1-hdf5/neutron/Lu176.h5
 Reading Hf174 from /home/diogo/openmc_data/endfb-vii.1-hdf5/neutron/Hf174.h5
 Reading Hf176 from /home/diogo/openmc_data/endfb-vii.1-hdf5/neutron/Hf176.h5
 Reading Hf177 from /home/diogo/openmc_data/endfb-vii.1-hdf5/neutron/Hf177.h5
 Reading Hf178 from /home/diogo/openmc_data/endfb-vii.1-hdf5/neutron/Hf178.h5
 Reading Hf179 from /home/diogo/openmc_data/endfb-vii.1-hdf5/neutron/Hf179.h5
 Reading Hf180 from /home/diogo/openmc_data/endfb-vii.1-hdf5/neutron/Hf180.h5
 Reading Ta180 from /home/diogo/openmc_data/endfb-vii.1-hdf5/neutron/Ta180.h5
 Reading Ta181 from /home/diogo/openmc_data/endfb-vii.1-hdf5/neutron/Ta181.h5
 Reading Ta182 from /home/diogo/openmc_data/endfb-vii.1-hdf5/neutron/Ta182.h5
 Reading W180 from /home/diogo/openmc_data/endfb-vii.1-hdf5/neutron/W180.h5
 Reading W182 from /home/diogo/openmc_data/endfb-vii.1-hdf5/neutron/W182.h5
 Reading W183 from /home/diogo/openmc_data/endfb-vii.1-hdf5/neutron/W183.h5
 Reading W184 from /home/diogo/openmc_data/endfb-vii.1-hdf5/neutron/W184.h5
 Reading W186 from /home/diogo/openmc_data/endfb-vii.1-hdf5/neutron/W186.h5
 Reading Re185 from /home/diogo/openmc_data/endfb-vii.1-hdf5/neutron/Re185.h5
 Reading Re187 from /home/diogo/openmc_data/endfb-vii.1-hdf5/neutron/Re187.h5
 Reading Ir191 from /home/diogo/openmc_data/endfb-vii.1-hdf5/neutron/Ir191.h5
 Reading Ir193 from /home/diogo/openmc_data/endfb-vii.1-hdf5/neutron/Ir193.h5
 Reading Au197 from /home/diogo/openmc_data/endfb-vii.1-hdf5/neutron/Au197.h5
 Reading Hg196 from /home/diogo/openmc_data/endfb-vii.1-hdf5/neutron/Hg196.h5
 Reading Hg198 from /home/diogo/openmc_data/endfb-vii.1-hdf5/neutron/Hg198.h5
 Reading Hg199 from /home/diogo/openmc_data/endfb-vii.1-hdf5/neutron/Hg199.h5
 Reading Hg200 from /home/diogo/openmc_data/endfb-vii.1-hdf5/neutron/Hg200.h5
 Reading Hg201 from /home/diogo/openmc_data/endfb-vii.1-hdf5/neutron/Hg201.h5
 Reading Hg202 from /home/diogo/openmc_data/endfb-vii.1-hdf5/neutron/Hg202.h5
 Reading Hg204 from /home/diogo/openmc_data/endfb-vii.1-hdf5/neutron/Hg204.h5
 Reading Tl203 from /home/diogo/openmc_data/endfb-vii.1-hdf5/neutron/Tl203.h5
 Reading Tl205 from /home/diogo/openmc_data/endfb-vii.1-hdf5/neutron/Tl205.h5
 Reading Pb204 from /home/diogo/openmc_data/endfb-vii.1-hdf5/neutron/Pb204.h5
 Reading Pb206 from /home/diogo/openmc_data/endfb-vii.1-hdf5/neutron/Pb206.h5
 Reading Pb207 from /home/diogo/openmc_data/endfb-vii.1-hdf5/neutron/Pb207.h5
 Reading Pb208 from /home/diogo/openmc_data/endfb-vii.1-hdf5/neutron/Pb208.h5
 Reading Bi209 from /home/diogo/openmc_data/endfb-vii.1-hdf5/neutron/Bi209.h5
 Reading Ra223 from /home/diogo/openmc_data/endfb-vii.1-hdf5/neutron/Ra223.h5
 Reading Ra224 from /home/diogo/openmc_data/endfb-vii.1-hdf5/neutron/Ra224.h5
 Reading Ra225 from /home/diogo/openmc_data/endfb-vii.1-hdf5/neutron/Ra225.h5
 Reading Ra226 from /home/diogo/openmc_data/endfb-vii.1-hdf5/neutron/Ra226.h5
 Reading Ac225 from /home/diogo/openmc_data/endfb-vii.1-hdf5/neutron/Ac225.h5
 Reading Ac226 from /home/diogo/openmc_data/endfb-vii.1-hdf5/neutron/Ac226.h5
 Reading Ac227 from /home/diogo/openmc_data/endfb-vii.1-hdf5/neutron/Ac227.h5
 Reading Th227 from /home/diogo/openmc_data/endfb-vii.1-hdf5/neutron/Th227.h5
 Reading Th228 from /home/diogo/openmc_data/endfb-vii.1-hdf5/neutron/Th228.h5
 Reading Th229 from /home/diogo/openmc_data/endfb-vii.1-hdf5/neutron/Th229.h5
 Reading Th230 from /home/diogo/openmc_data/endfb-vii.1-hdf5/neutron/Th230.h5
 Reading Th231 from /home/diogo/openmc_data/endfb-vii.1-hdf5/neutron/Th231.h5
 Reading Th232 from /home/diogo/openmc_data/endfb-vii.1-hdf5/neutron/Th232.h5
 Reading Th233 from /home/diogo/openmc_data/endfb-vii.1-hdf5/neutron/Th233.h5
 Reading Th234 from /home/diogo/openmc_data/endfb-vii.1-hdf5/neutron/Th234.h5
 Reading Pa229 from /home/diogo/openmc_data/endfb-vii.1-hdf5/neutron/Pa229.h5
 Reading Pa230 from /home/diogo/openmc_data/endfb-vii.1-hdf5/neutron/Pa230.h5
 Reading Pa231 from /home/diogo/openmc_data/endfb-vii.1-hdf5/neutron/Pa231.h5
 Reading Pa232 from /home/diogo/openmc_data/endfb-vii.1-hdf5/neutron/Pa232.h5
 Reading Pa233 from /home/diogo/openmc_data/endfb-vii.1-hdf5/neutron/Pa233.h5
 Reading U230 from /home/diogo/openmc_data/endfb-vii.1-hdf5/neutron/U230.h5
 Reading U231 from /home/diogo/openmc_data/endfb-vii.1-hdf5/neutron/U231.h5
 Reading U232 from /home/diogo/openmc_data/endfb-vii.1-hdf5/neutron/U232.h5
 Reading U233 from /home/diogo/openmc_data/endfb-vii.1-hdf5/neutron/U233.h5
 Reading U236 from /home/diogo/openmc_data/endfb-vii.1-hdf5/neutron/U236.h5
 Reading U237 from /home/diogo/openmc_data/endfb-vii.1-hdf5/neutron/U237.h5
 Reading U239 from /home/diogo/openmc_data/endfb-vii.1-hdf5/neutron/U239.h5
 Reading U240 from /home/diogo/openmc_data/endfb-vii.1-hdf5/neutron/U240.h5
 Reading U241 from /home/diogo/openmc_data/endfb-vii.1-hdf5/neutron/U241.h5
 Reading Np234 from /home/diogo/openmc_data/endfb-vii.1-hdf5/neutron/Np234.h5
 Reading Np235 from /home/diogo/openmc_data/endfb-vii.1-hdf5/neutron/Np235.h5
 Reading Np236 from /home/diogo/openmc_data/endfb-vii.1-hdf5/neutron/Np236.h5
 Reading Np237 from /home/diogo/openmc_data/endfb-vii.1-hdf5/neutron/Np237.h5
 Reading Np238 from /home/diogo/openmc_data/endfb-vii.1-hdf5/neutron/Np238.h5
 Reading Np239 from /home/diogo/openmc_data/endfb-vii.1-hdf5/neutron/Np239.h5
 Reading Pu236 from /home/diogo/openmc_data/endfb-vii.1-hdf5/neutron/Pu236.h5
 Reading Pu237 from /home/diogo/openmc_data/endfb-vii.1-hdf5/neutron/Pu237.h5
 Reading Pu238 from /home/diogo/openmc_data/endfb-vii.1-hdf5/neutron/Pu238.h5
 Reading Pu239 from /home/diogo/openmc_data/endfb-vii.1-hdf5/neutron/Pu239.h5
 Reading Pu240 from /home/diogo/openmc_data/endfb-vii.1-hdf5/neutron/Pu240.h5
 Reading Pu241 from /home/diogo/openmc_data/endfb-vii.1-hdf5/neutron/Pu241.h5
 Reading Pu242 from /home/diogo/openmc_data/endfb-vii.1-hdf5/neutron/Pu242.h5
 Reading Pu243 from /home/diogo/openmc_data/endfb-vii.1-hdf5/neutron/Pu243.h5
 Reading Pu244 from /home/diogo/openmc_data/endfb-vii.1-hdf5/neutron/Pu244.h5
 Reading Pu246 from /home/diogo/openmc_data/endfb-vii.1-hdf5/neutron/Pu246.h5
 Reading Am240 from /home/diogo/openmc_data/endfb-vii.1-hdf5/neutron/Am240.h5
 Reading Am241 from /home/diogo/openmc_data/endfb-vii.1-hdf5/neutron/Am241.h5
 Reading Am242 from /home/diogo/openmc_data/endfb-vii.1-hdf5/neutron/Am242.h5
 Reading Am242_m1 from
 /home/diogo/openmc_data/endfb-vii.1-hdf5/neutron/Am242_m1.h5
 Reading Am243 from /home/diogo/openmc_data/endfb-vii.1-hdf5/neutron/Am243.h5
 Reading Am244 from /home/diogo/openmc_data/endfb-vii.1-hdf5/neutron/Am244.h5
 Reading Am244_m1 from
 /home/diogo/openmc_data/endfb-vii.1-hdf5/neutron/Am244_m1.h5
 Reading Cm240 from /home/diogo/openmc_data/endfb-vii.1-hdf5/neutron/Cm240.h5
 Reading Cm241 from /home/diogo/openmc_data/endfb-vii.1-hdf5/neutron/Cm241.h5
 Reading Cm242 from /home/diogo/openmc_data/endfb-vii.1-hdf5/neutron/Cm242.h5
 Reading Cm243 from /home/diogo/openmc_data/endfb-vii.1-hdf5/neutron/Cm243.h5
 Reading Cm244 from /home/diogo/openmc_data/endfb-vii.1-hdf5/neutron/Cm244.h5
 Reading Cm245 from /home/diogo/openmc_data/endfb-vii.1-hdf5/neutron/Cm245.h5
 Reading Cm246 from /home/diogo/openmc_data/endfb-vii.1-hdf5/neutron/Cm246.h5
 Reading Cm247 from /home/diogo/openmc_data/endfb-vii.1-hdf5/neutron/Cm247.h5
 Reading Cm248 from /home/diogo/openmc_data/endfb-vii.1-hdf5/neutron/Cm248.h5
 Reading Cm249 from /home/diogo/openmc_data/endfb-vii.1-hdf5/neutron/Cm249.h5
 Reading Cm250 from /home/diogo/openmc_data/endfb-vii.1-hdf5/neutron/Cm250.h5
 Reading Bk245 from /home/diogo/openmc_data/endfb-vii.1-hdf5/neutron/Bk245.h5
 Reading Bk246 from /home/diogo/openmc_data/endfb-vii.1-hdf5/neutron/Bk246.h5
 Reading Bk247 from /home/diogo/openmc_data/endfb-vii.1-hdf5/neutron/Bk247.h5
 Reading Bk248 from /home/diogo/openmc_data/endfb-vii.1-hdf5/neutron/Bk248.h5
 Reading Bk249 from /home/diogo/openmc_data/endfb-vii.1-hdf5/neutron/Bk249.h5
 Reading Bk250 from /home/diogo/openmc_data/endfb-vii.1-hdf5/neutron/Bk250.h5
 Reading Cf246 from /home/diogo/openmc_data/endfb-vii.1-hdf5/neutron/Cf246.h5
 Reading Cf248 from /home/diogo/openmc_data/endfb-vii.1-hdf5/neutron/Cf248.h5
 Reading Cf249 from /home/diogo/openmc_data/endfb-vii.1-hdf5/neutron/Cf249.h5
 Reading Cf250 from /home/diogo/openmc_data/endfb-vii.1-hdf5/neutron/Cf250.h5
 WARNING: Negative value(s) found on probability table for nuclide Cf250 at 250K
 WARNING: Negative value(s) found on probability table for nuclide Cf250 at 294K
 WARNING: Negative value(s) found on probability table for nuclide Cf250 at 900K
 WARNING: Negative value(s) found on probability table for nuclide Cf250 at
          1200K
 Reading Cf251 from /home/diogo/openmc_data/endfb-vii.1-hdf5/neutron/Cf251.h5
 Reading Cf252 from /home/diogo/openmc_data/endfb-vii.1-hdf5/neutron/Cf252.h5
 Reading Cf253 from /home/diogo/openmc_data/endfb-vii.1-hdf5/neutron/Cf253.h5
 Reading Cf254 from /home/diogo/openmc_data/endfb-vii.1-hdf5/neutron/Cf254.h5
 Reading Es251 from /home/diogo/openmc_data/endfb-vii.1-hdf5/neutron/Es251.h5
 Reading Es252 from /home/diogo/openmc_data/endfb-vii.1-hdf5/neutron/Es252.h5
 Reading Es253 from /home/diogo/openmc_data/endfb-vii.1-hdf5/neutron/Es253.h5
 Reading Es254 from /home/diogo/openmc_data/endfb-vii.1-hdf5/neutron/Es254.h5
 Reading Es254_m1 from
 /home/diogo/openmc_data/endfb-vii.1-hdf5/neutron/Es254_m1.h5
 Reading Es255 from /home/diogo/openmc_data/endfb-vii.1-hdf5/neutron/Es255.h5
 Reading Fm255 from /home/diogo/openmc_data/endfb-vii.1-hdf5/neutron/Fm255.h5
 Maximum neutron transport energy: 20000000 eV for H1
 Initializing source particles...

 ====================>     K EIGENVALUE SIMULATION     <====================

  Bat./Gen.      k       Entropy         Average k 
  =========   ========   ========   ====================
        1/1    0.95472    5.54295
        2/1    0.98628    5.50511
        3/1    1.00188    5.49278
        4/1    1.00893    5.47337
        5/1    1.01819    5.48108
        6/1    1.00293    5.47052
        7/1    1.01558    5.48179
        8/1    1.01865    5.48812
        9/1    1.00610    5.47509
       10/1    1.02706    5.47572
       11/1    1.02316    5.46631
       12/1    1.01227    5.45416
       13/1    1.02534    5.45692
       14/1    1.02445    5.45493
       15/1    1.03528    5.44144
       16/1    1.02222    5.44434
       17/1    1.01329    5.44652
       18/1    1.03676    5.43934
       19/1    1.03382    5.43287
       20/1    1.01402    5.45296
       21/1    1.02185    5.45250
       22/1    1.02517    5.46203
       23/1    1.03745    5.46256
       24/1    1.01014    5.46047
       25/1    1.01022    5.46630
       26/1    1.03463    5.46125
       27/1    1.02093    5.45546
       28/1    1.03522    5.44634
       29/1    1.02199    5.47109
       30/1    1.02543    5.45993
       31/1    1.02546    5.45057
       32/1    1.00862    5.45723
       33/1    1.01760    5.45433
       34/1    1.00989    5.45472
       35/1    1.01715    5.44745
       36/1    1.01873    5.45797
       37/1    1.01859    5.44925
       38/1    1.01499    5.44875
       39/1    1.02237    5.44555
       40/1    1.02239    5.44532
       41/1    1.02205    5.45305
       42/1    1.01450    5.45520
       43/1    1.02266    5.45500
       44/1    1.02448    5.44718
       45/1    1.01571    5.43886
       46/1    1.02190    5.45012
       47/1    1.02835    5.45174
       48/1    1.02620    5.43944
       49/1    1.02457    5.44934
       50/1    1.03078    5.45324
       51/1    1.01711    5.45369
       52/1    1.02308    5.45294
       53/1    1.02087    5.44444
       54/1    1.01608    5.43860
       55/1    1.00842    5.43810
       56/1    1.01426    5.43113
       57/1    1.02329    5.43738
       58/1    1.02755    5.44301
       59/1    1.02418    5.43965
       60/1    1.03670    5.45138
       61/1    1.02655    5.44752
       62/1    1.02413    5.44804    1.02534 +/- 0.00121
       63/1    1.03201    5.44457    1.02756 +/- 0.00233
       64/1    1.02415    5.44504    1.02671 +/- 0.00185
       65/1    1.01180    5.45460    1.02373 +/- 0.00331
       66/1    1.03319    5.45859    1.02530 +/- 0.00313
       67/1    0.99900    5.45010    1.02155 +/- 0.00459
       68/1    1.00126    5.45186    1.01901 +/- 0.00472
       69/1    1.02263    5.43712    1.01941 +/- 0.00418
       70/1    1.02790    5.45771    1.02026 +/- 0.00383
       71/1    1.01729    5.44994    1.01999 +/- 0.00348
       72/1    1.02341    5.43714    1.02028 +/- 0.00319
       73/1    1.02198    5.44273    1.02041 +/- 0.00294
       74/1    1.00500    5.43467    1.01931 +/- 0.00293
       75/1    1.01865    5.44092    1.01926 +/- 0.00273
       76/1    1.02339    5.44466    1.01952 +/- 0.00257
       77/1    1.01831    5.44602    1.01945 +/- 0.00241
       78/1    1.02855    5.42747    1.01996 +/- 0.00233
       79/1    1.02844    5.43823    1.02040 +/- 0.00225
       80/1    1.01416    5.44374    1.02009 +/- 0.00216
       81/1    1.02908    5.43983    1.02052 +/- 0.00209
       82/1    1.00182    5.45793    1.01967 +/- 0.00217
       83/1    1.03425    5.44754    1.02030 +/- 0.00217
       84/1    1.01965    5.44330    1.02027 +/- 0.00208
       85/1    1.03359    5.44092    1.02081 +/- 0.00206
       86/1    1.02528    5.43662    1.02098 +/- 0.00199
       87/1    1.02029    5.43057    1.02095 +/- 0.00191
       88/1    1.01498    5.44594    1.02074 +/- 0.00186
       89/1    1.03474    5.44638    1.02122 +/- 0.00185
       90/1    1.01285    5.44206    1.02094 +/- 0.00181
       91/1    1.01596    5.44319    1.02078 +/- 0.00176
       92/1    1.01139    5.44266    1.02049 +/- 0.00173
       93/1    1.00150    5.44887    1.01991 +/- 0.00177
       94/1    1.02018    5.44001    1.01992 +/- 0.00172
       95/1    1.01982    5.44466    1.01992 +/- 0.00167
       96/1    1.02604    5.43934    1.02009 +/- 0.00163
       97/1    1.03578    5.44483    1.02051 +/- 0.00164
       98/1    1.01232    5.46469    1.02030 +/- 0.00161
       99/1    1.02117    5.45165    1.02032 +/- 0.00157
      100/1    0.99660    5.45562    1.01973 +/- 0.00164
      101/1    1.02023    5.45118    1.01974 +/- 0.00160
      102/1    1.01083    5.44965    1.01953 +/- 0.00158
      103/1    1.01369    5.46281    1.01939 +/- 0.00155
      104/1    1.02185    5.44997    1.01945 +/- 0.00151
      105/1    1.02614    5.45856    1.01960 +/- 0.00149
      106/1    1.01564    5.44750    1.01951 +/- 0.00146
      107/1    1.01811    5.45402    1.01948 +/- 0.00142
      108/1    1.02425    5.45379    1.01958 +/- 0.00140
      109/1    1.01630    5.45615    1.01951 +/- 0.00137
      110/1    1.02873    5.45678    1.01970 +/- 0.00136
      111/1    1.03884    5.44401    1.02007 +/- 0.00138
      112/1    1.03619    5.45402    1.02038 +/- 0.00139
      113/1    1.00682    5.46106    1.02013 +/- 0.00139
      114/1    1.02508    5.44919    1.02022 +/- 0.00136
      115/1    1.02768    5.45163    1.02035 +/- 0.00135
      116/1    1.01225    5.45312    1.02021 +/- 0.00133
      117/1    1.01488    5.44424    1.02012 +/- 0.00131
      118/1    1.01959    5.43525    1.02011 +/- 0.00129
      119/1    1.02431    5.43620    1.02018 +/- 0.00127
      120/1    1.02159    5.45331    1.02020 +/- 0.00125
      121/1    1.02217    5.45071    1.02023 +/- 0.00123
      122/1    1.03526    5.45192    1.02048 +/- 0.00123
      123/1    1.01856    5.44250    1.02045 +/- 0.00121
      124/1    1.00854    5.44864    1.02026 +/- 0.00121
      125/1    1.02549    5.44488    1.02034 +/- 0.00119
      126/1    1.02038    5.45783    1.02034 +/- 0.00117
      127/1    1.00291    5.44867    1.02008 +/- 0.00118
      128/1    1.01445    5.44048    1.02000 +/- 0.00117
      129/1    1.00442    5.45786    1.01977 +/- 0.00117
      130/1    1.01540    5.43675    1.01971 +/- 0.00116
      131/1    1.02072    5.44622    1.01972 +/- 0.00114
      132/1    1.02909    5.44497    1.01985 +/- 0.00113
      133/1    1.03047    5.44276    1.02000 +/- 0.00113
      134/1    1.01677    5.43556    1.01996 +/- 0.00111
      135/1    1.01537    5.45615    1.01989 +/- 0.00110
      136/1    1.02124    5.43119    1.01991 +/- 0.00108
      137/1    1.01960    5.42759    1.01991 +/- 0.00107
      138/1    1.03193    5.42870    1.02006 +/- 0.00107
      139/1    1.02119    5.45007    1.02008 +/- 0.00105
      140/1    1.01686    5.45033    1.02004 +/- 0.00104
      141/1    1.01719    5.43534    1.02000 +/- 0.00103
      142/1    1.00728    5.45546    1.01985 +/- 0.00103
      143/1    1.02907    5.44152    1.01996 +/- 0.00102
      144/1    1.03149    5.43658    1.02009 +/- 0.00102
      145/1    1.02036    5.44710    1.02010 +/- 0.00101
      146/1    1.02301    5.43522    1.02013 +/- 0.00100
      147/1    1.01304    5.44510    1.02005 +/- 0.00099
      148/1    1.03479    5.43274    1.02022 +/- 0.00099
      149/1    1.03195    5.44278    1.02035 +/- 0.00099
      150/1    1.03223    5.43733    1.02048 +/- 0.00099
      151/1    1.01935    5.43607    1.02047 +/- 0.00098
      152/1    1.01481    5.42747    1.02041 +/- 0.00097
      153/1    1.01784    5.42957    1.02038 +/- 0.00096
      154/1    1.00903    5.43436    1.02026 +/- 0.00095
      155/1    1.02075    5.43077    1.02026 +/- 0.00094
      156/1    1.01976    5.44347    1.02026 +/- 0.00093
      157/1    1.01391    5.44805    1.02019 +/- 0.00093
      158/1    1.01445    5.44375    1.02014 +/- 0.00092
      159/1    1.02099    5.43837    1.02014 +/- 0.00091
      160/1    1.02214    5.43797    1.02016 +/- 0.00090
 Creating state point statepoint.160.h5...

 =======================>     TIMING STATISTICS     <=======================

 Total time for initialization     = 5.1454e+01 seconds
   Reading cross sections          = 7.6277e+00 seconds
 Total time in simulation          = 3.2690e+02 seconds
   Time in transport only          = 3.2558e+02 seconds
   Time in inactive batches        = 1.0456e+01 seconds
   Time in active batches          = 3.1645e+02 seconds
   Time synchronizing fission bank = 2.9454e-01 seconds
     Sampling source sites         = 2.5679e-01 seconds
     SEND/RECV source sites        = 3.6988e-02 seconds
   Time accumulating tallies       = 7.4573e-01 seconds
   Time writing statepoints        = 1.9825e-02 seconds
 Total time for finalization       = 1.8155e-02 seconds
 Total time elapsed                = 3.7884e+02 seconds
 Calculation Rate (inactive)       = 114764 particles/second
 Calculation Rate (active)         = 6320.21 particles/second

 ============================>     RESULTS     <============================

 k-effective (Collision)     = 1.02046 +/- 0.00079
 k-effective (Track-length)  = 1.02016 +/- 0.00090
 k-effective (Absorption)    = 1.02256 +/- 0.00076
 Combined k-effective        = 1.02153 +/- 0.00072
 Leakage Fraction            = 0.00687 +/- 0.00007

 Creating state point openmc_simulation_n0.h5...
[openmc.deplete] t=4327203.051553669 s, dt=8654406.103107339 s, source=47715611.008249946
 Maximum neutron transport energy: 20000000 eV for H1
 Initializing source particles...

 ====================>     K EIGENVALUE SIMULATION     <====================

  Bat./Gen.      k       Entropy         Average k 
  =========   ========   ========   ====================
        1/1    0.95030    5.56372
        2/1    0.96202    5.51915
        3/1    0.98110    5.50267
        4/1    0.99352    5.48748
        5/1    0.99478    5.48207
        6/1    0.99389    5.47821
        7/1    0.98833    5.47318
        8/1    0.99845    5.46650
        9/1    1.00917    5.45799
       10/1    0.99941    5.45511
       11/1    0.99956    5.44845
       12/1    1.01325    5.45567
       13/1    1.00218    5.45786
       14/1    0.99569    5.45450
       15/1    0.98765    5.45855
       16/1    1.00067    5.43881
       17/1    0.98528    5.43774
       18/1    1.00427    5.44619
       19/1    1.00892    5.44970
       20/1    1.00762    5.44483
       21/1    0.98899    5.44034
       22/1    1.01989    5.45578
       23/1    1.00865    5.44187
       24/1    1.01691    5.45968
       25/1    0.99743    5.44730
       26/1    1.00245    5.47012
       27/1    1.00124    5.45767
       28/1    0.98553    5.46112
       29/1    0.99942    5.45927
       30/1    1.00811    5.46056
       31/1    1.00151    5.46875
       32/1    0.99053    5.45421
       33/1    1.00358    5.45647
       34/1    1.00533    5.46181
       35/1    1.00660    5.46667
       36/1    1.01195    5.46212
       37/1    1.00357    5.46450
       38/1    1.00701    5.45534
       39/1    1.01258    5.46634
       40/1    1.00352    5.46791
       41/1    1.00097    5.46258
       42/1    1.00713    5.44842
       43/1    0.99430    5.46194
       44/1    0.99921    5.44871
       45/1    1.01411    5.46950
       46/1    0.99177    5.45141
       47/1    0.99929    5.45607
       48/1    1.01251    5.44609
       49/1    0.99155    5.44443
       50/1    1.01001    5.45197
       51/1    1.01800    5.45111
       52/1    0.99016    5.44262
       53/1    1.00000    5.45507
       54/1    1.00381    5.47101
       55/1    0.98685    5.46041
       56/1    0.99939    5.46296
       57/1    1.00352    5.47051
       58/1    0.99591    5.46733
       59/1    0.99526    5.45613
       60/1    0.99494    5.46890
       61/1    1.00339    5.45814
       62/1    0.99714    5.46844    1.00027 +/- 0.00312
       63/1    1.00311    5.46189    1.00121 +/- 0.00204
       64/1    0.99479    5.46038    0.99961 +/- 0.00216
       65/1    0.98596    5.44679    0.99688 +/- 0.00320
       66/1    1.00277    5.44482    0.99786 +/- 0.00279
       67/1    0.99604    5.44025    0.99760 +/- 0.00237
       68/1    0.99670    5.42923    0.99749 +/- 0.00206
       69/1    0.99703    5.45237    0.99744 +/- 0.00182
       70/1    1.00504    5.45049    0.99820 +/- 0.00179
       71/1    0.99840    5.44956    0.99821 +/- 0.00162
       72/1    1.01665    5.44985    0.99975 +/- 0.00213
       73/1    1.00896    5.45555    1.00046 +/- 0.00209
       74/1    1.01191    5.45531    1.00128 +/- 0.00210
       75/1    1.00255    5.46039    1.00136 +/- 0.00196
       76/1    1.00353    5.46387    1.00150 +/- 0.00183
       77/1    1.01631    5.46861    1.00237 +/- 0.00193
       78/1    1.02217    5.46188    1.00347 +/- 0.00213
       79/1    1.00536    5.45642    1.00357 +/- 0.00201
       80/1    1.01554    5.45965    1.00417 +/- 0.00200
       81/1    1.02073    5.46523    1.00496 +/- 0.00206
       82/1    0.99765    5.46062    1.00462 +/- 0.00199
       83/1    0.99070    5.44599    1.00402 +/- 0.00200
       84/1    0.99951    5.44017    1.00383 +/- 0.00192
       85/1    1.00013    5.45074    1.00368 +/- 0.00185
       86/1    0.97933    5.46156    1.00275 +/- 0.00201
       87/1    1.00493    5.43220    1.00283 +/- 0.00194
       88/1    0.99331    5.44377    1.00249 +/- 0.00190
       89/1    1.00360    5.44788    1.00253 +/- 0.00183
       90/1    1.01393    5.45014    1.00291 +/- 0.00181
       91/1    0.99868    5.45788    1.00277 +/- 0.00175
       92/1    1.00018    5.45756    1.00269 +/- 0.00170
       93/1    0.99996    5.44933    1.00261 +/- 0.00165
       94/1    1.00433    5.45524    1.00266 +/- 0.00160
       95/1    0.99804    5.45730    1.00252 +/- 0.00156
       96/1    0.99603    5.43667    1.00234 +/- 0.00153
       97/1    1.00677    5.45707    1.00246 +/- 0.00149
       98/1    1.00839    5.43716    1.00262 +/- 0.00146
       99/1    0.99446    5.45041    1.00241 +/- 0.00144
      100/1    1.00985    5.44802    1.00260 +/- 0.00141
      101/1    1.00065    5.44252    1.00255 +/- 0.00138
      102/1    0.99068    5.44633    1.00227 +/- 0.00137
      103/1    1.00678    5.44743    1.00237 +/- 0.00135
      104/1    1.00662    5.45368    1.00247 +/- 0.00132
      105/1    0.99420    5.44781    1.00228 +/- 0.00130
      106/1    1.00961    5.46623    1.00244 +/- 0.00128
      107/1    1.00288    5.44468    1.00245 +/- 0.00126
      108/1    1.01309    5.43939    1.00267 +/- 0.00125
      109/1    1.00832    5.45476    1.00279 +/- 0.00123
      110/1    0.98958    5.44266    1.00253 +/- 0.00123
      111/1    1.01572    5.43198    1.00278 +/- 0.00124
      112/1    1.01126    5.43686    1.00295 +/- 0.00122
      113/1    1.01222    5.44568    1.00312 +/- 0.00121
      114/1    0.98284    5.44269    1.00275 +/- 0.00125
      115/1    1.01044    5.44393    1.00289 +/- 0.00123
      116/1    1.00053    5.44944    1.00284 +/- 0.00121
      117/1    1.00804    5.45386    1.00294 +/- 0.00119
      118/1    1.00690    5.44827    1.00300 +/- 0.00117
      119/1    0.99486    5.45189    1.00287 +/- 0.00116
      120/1    1.01451    5.44102    1.00306 +/- 0.00116
      121/1    1.00598    5.43865    1.00311 +/- 0.00114
      122/1    1.01375    5.43020    1.00328 +/- 0.00114
      123/1    0.99991    5.42515    1.00323 +/- 0.00112
      124/1    0.99215    5.44050    1.00305 +/- 0.00111
      125/1    1.01021    5.44098    1.00316 +/- 0.00110
      126/1    0.99787    5.44240    1.00308 +/- 0.00109
      127/1    1.01120    5.46638    1.00320 +/- 0.00108
      128/1    1.00006    5.46915    1.00316 +/- 0.00106
      129/1    1.00129    5.46312    1.00313 +/- 0.00105
      130/1    1.00241    5.44834    1.00312 +/- 0.00103
      131/1    1.00653    5.44216    1.00317 +/- 0.00102
      132/1    0.99316    5.44930    1.00303 +/- 0.00102
      133/1    1.00295    5.43587    1.00303 +/- 0.00100
      134/1    0.99324    5.44134    1.00290 +/- 0.00100
      135/1    1.00679    5.44752    1.00295 +/- 0.00098
      136/1    1.01230    5.46461    1.00307 +/- 0.00098
      137/1    1.00813    5.45525    1.00314 +/- 0.00097
      138/1    1.01300    5.45276    1.00326 +/- 0.00096
      139/1    1.00194    5.45903    1.00325 +/- 0.00095
      140/1    0.99518    5.45852    1.00315 +/- 0.00095
      141/1    1.01168    5.45903    1.00325 +/- 0.00094
      142/1    0.99154    5.46048    1.00311 +/- 0.00094
      143/1    1.02245    5.45717    1.00334 +/- 0.00096
      144/1    1.01613    5.45639    1.00349 +/- 0.00096
      145/1    1.00442    5.45456    1.00350 +/- 0.00095
      146/1    0.99936    5.45888    1.00346 +/- 0.00094
      147/1    1.00420    5.44994    1.00346 +/- 0.00093
      148/1    1.00318    5.45393    1.00346 +/- 0.00092
      149/1    0.99988    5.46035    1.00342 +/- 0.00091
      150/1    0.99739    5.46170    1.00335 +/- 0.00090
      151/1    1.00914    5.46271    1.00342 +/- 0.00089
      152/1    1.00622    5.47847    1.00345 +/- 0.00088
      153/1    0.99244    5.46744    1.00333 +/- 0.00088
      154/1    0.98437    5.45911    1.00313 +/- 0.00089
      155/1    0.99391    5.46196    1.00303 +/- 0.00089
      156/1    0.99072    5.45220    1.00290 +/- 0.00089
      157/1    0.99931    5.45844    1.00287 +/- 0.00088
      158/1    1.01695    5.45306    1.00301 +/- 0.00088
      159/1    1.01244    5.44753    1.00310 +/- 0.00088
      160/1    1.01252    5.44829    1.00320 +/- 0.00088
 Creating state point statepoint.160.h5...

 =======================>     TIMING STATISTICS     <=======================

 Total time for initialization     = 0.0000e+00 seconds
   Reading cross sections          = 0.0000e+00 seconds
 Total time in simulation          = 3.6006e+02 seconds
   Time in transport only          = 3.5887e+02 seconds
   Time in inactive batches        = 1.0518e+02 seconds
   Time in active batches          = 2.5487e+02 seconds
   Time synchronizing fission bank = 2.9529e-01 seconds
     Sampling source sites         = 2.5323e-01 seconds
     SEND/RECV source sites        = 4.1332e-02 seconds
   Time accumulating tallies       = 5.9747e-01 seconds
   Time writing statepoints        = 1.8349e-02 seconds
 Total time for finalization       = 1.9233e-02 seconds
 Total time elapsed                = 3.6056e+02 seconds
 Calculation Rate (inactive)       = 11408.8 particles/second
 Calculation Rate (active)         = 7847.04 particles/second

 ============================>     RESULTS     <============================

 k-effective (Collision)     = 1.00346 +/- 0.00079
 k-effective (Track-length)  = 1.00320 +/- 0.00088
 k-effective (Absorption)    = 1.00301 +/- 0.00072
 Combined k-effective        = 1.00313 +/- 0.00061
 Leakage Fraction            = 0.00697 +/- 0.00005

 Creating state point openmc_simulation_n1.h5...
[openmc.deplete] t=12981609.154661007 s, dt=17308812.206214678 s, source=47715611.008249946
 Maximum neutron transport energy: 20000000 eV for H1
 Initializing source particles...

 ====================>     K EIGENVALUE SIMULATION     <====================

  Bat./Gen.      k       Entropy         Average k 
  =========   ========   ========   ====================
        1/1    0.92934    5.56051
        2/1    0.98407    5.51003
        3/1    0.98449    5.49792
        4/1    0.98411    5.48355
        5/1    0.98966    5.47485
        6/1    0.98759    5.48889
        7/1    0.98741    5.47643
        8/1    0.99718    5.48168
        9/1    0.99108    5.45974
       10/1    0.99096    5.45382
       11/1    1.00575    5.45262
       12/1    0.98149    5.45284
       13/1    0.98631    5.46438
       14/1    1.01810    5.47000
       15/1    0.97960    5.46618
       16/1    0.99040    5.44896
       17/1    0.99425    5.44281
       18/1    1.00783    5.45835
       19/1    0.98866    5.45501
       20/1    0.99635    5.44139
       21/1    0.98741    5.42929
       22/1    1.00328    5.44019
       23/1    1.01141    5.44395
       24/1    0.99248    5.43047
       25/1    1.00854    5.44801
       26/1    0.99205    5.45953
       27/1    1.02047    5.45551
       28/1    0.98841    5.45740
       29/1    0.99875    5.43903
       30/1    0.99388    5.43384
       31/1    1.00035    5.44284
       32/1    1.01033    5.45465
       33/1    1.00156    5.45961
       34/1    1.00241    5.45552
       35/1    0.99830    5.45398
       36/1    1.00158    5.43924
       37/1    1.01566    5.45051
       38/1    0.99228    5.45223
       39/1    1.00307    5.43834
       40/1    1.00475    5.44393
       41/1    1.00181    5.45897
       42/1    1.01224    5.46229
       43/1    0.99399    5.45865
       44/1    1.00198    5.45425
       45/1    0.99969    5.45463
       46/1    1.00527    5.46932
       47/1    1.00876    5.47345
       48/1    0.99148    5.45215
       49/1    0.99453    5.44181
       50/1    0.99617    5.43326
       51/1    1.00707    5.44608
       52/1    1.00054    5.44900
       53/1    1.02588    5.44292
       54/1    1.00254    5.44725
       55/1    0.99539    5.44325
       56/1    0.99845    5.44799
       57/1    0.98796    5.45364
       58/1    0.98882    5.44958
       59/1    1.00523    5.44796
       60/1    1.00626    5.44748
       61/1    1.00553    5.45155
       62/1    1.01645    5.44500    1.01099 +/- 0.00546
       63/1    1.00297    5.44617    1.00832 +/- 0.00413
       64/1    0.99478    5.45189    1.00493 +/- 0.00447
       65/1    0.99515    5.45983    1.00298 +/- 0.00398
       66/1    1.00674    5.44679    1.00360 +/- 0.00331
       67/1    0.99890    5.45170    1.00293 +/- 0.00288
       68/1    0.99942    5.45124    1.00249 +/- 0.00253
       69/1    0.99686    5.44987    1.00187 +/- 0.00232
       70/1    1.00698    5.44079    1.00238 +/- 0.00213
       71/1    0.99623    5.44831    1.00182 +/- 0.00201
       72/1    1.01164    5.44114    1.00264 +/- 0.00201
       73/1    0.99206    5.45498    1.00182 +/- 0.00202
       74/1    0.98507    5.46740    1.00063 +/- 0.00222
       75/1    0.99985    5.46451    1.00058 +/- 0.00207
       76/1    1.00775    5.45465    1.00102 +/- 0.00198
       77/1    0.99330    5.44611    1.00057 +/- 0.00192
       78/1    1.00601    5.46037    1.00087 +/- 0.00183
       79/1    1.02010    5.46183    1.00188 +/- 0.00201
       80/1    1.00014    5.45036    1.00180 +/- 0.00191
       81/1    1.00610    5.45340    1.00200 +/- 0.00183
       82/1    1.01943    5.46397    1.00279 +/- 0.00191
       83/1    0.99960    5.45535    1.00265 +/- 0.00183
       84/1    0.99657    5.45962    1.00240 +/- 0.00177
       85/1    0.99401    5.44356    1.00207 +/- 0.00173
       86/1    1.00011    5.44622    1.00199 +/- 0.00167
       87/1    0.99385    5.43862    1.00169 +/- 0.00163
       88/1    0.99464    5.44709    1.00144 +/- 0.00159
       89/1    1.00756    5.44271    1.00165 +/- 0.00155
       90/1    0.99285    5.43819    1.00135 +/- 0.00153
       91/1    0.99918    5.44610    1.00128 +/- 0.00148
       92/1    1.00558    5.45044    1.00142 +/- 0.00144
       93/1    1.01088    5.43919    1.00171 +/- 0.00142
       94/1    0.99265    5.45930    1.00144 +/- 0.00141
       95/1    0.99966    5.44894    1.00139 +/- 0.00137
       96/1    1.01766    5.45263    1.00184 +/- 0.00140
       97/1    1.01840    5.44472    1.00229 +/- 0.00144
       98/1    0.99210    5.44799    1.00202 +/- 0.00142
       99/1    1.00300    5.46440    1.00205 +/- 0.00139
      100/1    1.00193    5.45072    1.00204 +/- 0.00135
      101/1    0.99358    5.45083    1.00184 +/- 0.00133
      102/1    1.00342    5.44573    1.00187 +/- 0.00130
      103/1    1.00461    5.44101    1.00194 +/- 0.00127
      104/1    1.01937    5.42856    1.00233 +/- 0.00131
      105/1    1.01128    5.43045    1.00253 +/- 0.00129
      106/1    1.01277    5.43347    1.00276 +/- 0.00128
      107/1    1.00408    5.44592    1.00278 +/- 0.00126
      108/1    0.99519    5.43110    1.00263 +/- 0.00124
      109/1    0.99128    5.43125    1.00239 +/- 0.00124
      110/1    0.99589    5.43489    1.00226 +/- 0.00122
      111/1    0.99542    5.43818    1.00213 +/- 0.00120
      112/1    1.01006    5.43198    1.00228 +/- 0.00119
      113/1    1.00342    5.43924    1.00230 +/- 0.00116
      114/1    1.00567    5.44658    1.00237 +/- 0.00114
      115/1    1.00069    5.44135    1.00234 +/- 0.00112
      116/1    1.00302    5.44064    1.00235 +/- 0.00110
      117/1    0.99439    5.43599    1.00221 +/- 0.00109
      118/1    1.00105    5.45540    1.00219 +/- 0.00107
      119/1    0.99520    5.43968    1.00207 +/- 0.00106
      120/1    1.00121    5.43245    1.00206 +/- 0.00105
      121/1    1.01173    5.44154    1.00221 +/- 0.00104
      122/1    1.01562    5.45802    1.00243 +/- 0.00105
      123/1    1.01472    5.44569    1.00262 +/- 0.00105
      124/1    1.00741    5.44707    1.00270 +/- 0.00103
      125/1    0.99022    5.44169    1.00251 +/- 0.00104
      126/1    1.00675    5.44892    1.00257 +/- 0.00102
      127/1    0.98786    5.45470    1.00235 +/- 0.00103
      128/1    1.00716    5.44924    1.00242 +/- 0.00102
      129/1    0.99127    5.45918    1.00226 +/- 0.00102
      130/1    1.00980    5.44770    1.00237 +/- 0.00101
      131/1    1.00150    5.45589    1.00236 +/- 0.00099
      132/1    0.99471    5.46086    1.00225 +/- 0.00098
      133/1    1.01561    5.45155    1.00243 +/- 0.00099
      134/1    1.00070    5.44996    1.00241 +/- 0.00097
      135/1    0.99259    5.43937    1.00228 +/- 0.00097
      136/1    1.00318    5.44545    1.00229 +/- 0.00096
      137/1    0.99334    5.44393    1.00217 +/- 0.00095
      138/1    1.00339    5.45264    1.00219 +/- 0.00094
      139/1    1.00589    5.45008    1.00224 +/- 0.00093
      140/1    0.99776    5.44728    1.00218 +/- 0.00092
      141/1    1.01321    5.43647    1.00232 +/- 0.00092
      142/1    1.01543    5.43777    1.00248 +/- 0.00092
      143/1    1.00397    5.43953    1.00250 +/- 0.00091
      144/1    0.98834    5.44090    1.00233 +/- 0.00091
      145/1    1.00493    5.44420    1.00236 +/- 0.00090
      146/1    1.00383    5.44619    1.00237 +/- 0.00089
      147/1    1.00732    5.42025    1.00243 +/- 0.00089
      148/1    1.00376    5.44518    1.00245 +/- 0.00088
      149/1    1.01317    5.44374    1.00257 +/- 0.00087
      150/1    0.99946    5.43517    1.00253 +/- 0.00086
      151/1    1.00265    5.43578    1.00253 +/- 0.00086
      152/1    1.01387    5.45597    1.00266 +/- 0.00085
      153/1    1.00661    5.44879    1.00270 +/- 0.00085
      154/1    1.00959    5.45454    1.00277 +/- 0.00084
      155/1    0.99531    5.44757    1.00269 +/- 0.00084
      156/1    0.99982    5.44203    1.00266 +/- 0.00083
      157/1    1.01777    5.46371    1.00282 +/- 0.00083
      158/1    0.99241    5.43427    1.00271 +/- 0.00083
      159/1    1.00684    5.44917    1.00276 +/- 0.00082
      160/1    1.00467    5.45273    1.00277 +/- 0.00082
 Creating state point statepoint.160.h5...

 =======================>     TIMING STATISTICS     <=======================

 Total time for initialization     = 0.0000e+00 seconds
   Reading cross sections          = 0.0000e+00 seconds
 Total time in simulation          = 3.5430e+02 seconds
   Time in transport only          = 3.5309e+02 seconds
   Time in inactive batches        = 1.0109e+02 seconds
   Time in active batches          = 2.5322e+02 seconds
   Time synchronizing fission bank = 3.0464e-01 seconds
     Sampling source sites         = 2.6785e-01 seconds
     SEND/RECV source sites        = 3.6182e-02 seconds
   Time accumulating tallies       = 6.0363e-01 seconds
   Time writing statepoints        = 1.3708e-02 seconds
 Total time for finalization       = 1.0539e-02 seconds
 Total time elapsed                = 3.5479e+02 seconds
 Calculation Rate (inactive)       = 11871.2 particles/second
 Calculation Rate (active)         = 7898.34 particles/second

 ============================>     RESULTS     <============================

 k-effective (Collision)     = 1.00251 +/- 0.00074
 k-effective (Track-length)  = 1.00277 +/- 0.00082
 k-effective (Absorption)    = 1.00347 +/- 0.00076
 Combined k-effective        = 1.00306 +/- 0.00062
 Leakage Fraction            = 0.00683 +/- 0.00006

 Creating state point openmc_simulation_n2.h5...
[openmc.deplete] t=30290421.360875685 s, dt=34617624.412429355 s, source=47715611.008249946
 Maximum neutron transport energy: 20000000 eV for H1
 Initializing source particles...

 ====================>     K EIGENVALUE SIMULATION     <====================

  Bat./Gen.      k       Entropy         Average k 
  =========   ========   ========   ====================
        1/1    0.93334    5.55389
        2/1    0.97205    5.50662
        3/1    0.97064    5.47979
        4/1    0.98712    5.46623
        5/1    1.00616    5.47533
        6/1    0.99666    5.47121
        7/1    0.99875    5.46223
        8/1    0.99637    5.46192
        9/1    1.00742    5.45453
       10/1    1.01564    5.46356
       11/1    0.99982    5.44582
       12/1    1.00207    5.44387
       13/1    1.01190    5.45068
       14/1    1.00427    5.44547
       15/1    1.00630    5.44079
       16/1    1.00225    5.44398
       17/1    1.01649    5.43103
       18/1    1.00976    5.42911
       19/1    0.99464    5.43073
       20/1    0.99541    5.44395
       21/1    1.00735    5.44890
       22/1    1.00856    5.43684
       23/1    1.01625    5.44674
       24/1    1.01489    5.44827
       25/1    0.99764    5.44980
       26/1    0.99746    5.45779
       27/1    0.98824    5.44389
       28/1    1.00068    5.44490
       29/1    1.01450    5.45082
       30/1    1.00185    5.42773
       31/1    1.00115    5.43734
       32/1    1.00748    5.44662
       33/1    1.00691    5.43589
       34/1    1.01675    5.44671
       35/1    0.98736    5.43838
       36/1    0.99931    5.44407
       37/1    1.01766    5.44408
       38/1    1.01326    5.44338
       39/1    0.99986    5.44506
       40/1    1.02605    5.43786
       41/1    1.00496    5.43755
       42/1    0.99653    5.44067
       43/1    0.99570    5.43236
       44/1    0.99960    5.42687
       45/1    1.00337    5.43365
       46/1    1.02143    5.43582
       47/1    0.99766    5.41577
       48/1    1.00167    5.42419
       49/1    1.00001    5.44229
       50/1    0.99358    5.44829
       51/1    0.98787    5.45503
       52/1    0.99215    5.44811
       53/1    0.99368    5.44941
       54/1    1.01931    5.44574
       55/1    1.01194    5.44336
       56/1    1.01176    5.43125
       57/1    1.00661    5.43140
       58/1    0.98760    5.43067
       59/1    0.99748    5.41431
       60/1    1.00383    5.44407
       61/1    0.98904    5.43141
       62/1    0.99552    5.43615    0.99228 +/- 0.00324
       63/1    1.00807    5.43531    0.99754 +/- 0.00558
       64/1    1.00366    5.43028    0.99907 +/- 0.00423
       65/1    1.02052    5.43981    1.00336 +/- 0.00540
       66/1    0.99959    5.43886    1.00273 +/- 0.00445
       67/1    1.01159    5.44693    1.00400 +/- 0.00397
       68/1    1.01042    5.45208    1.00480 +/- 0.00353
       69/1    1.01113    5.46580    1.00550 +/- 0.00319
       70/1    1.00438    5.46002    1.00539 +/- 0.00286
       71/1    1.00604    5.44681    1.00545 +/- 0.00259
       72/1    1.01711    5.45423    1.00642 +/- 0.00255
       73/1    0.98700    5.43584    1.00493 +/- 0.00278
       74/1    0.99939    5.43952    1.00453 +/- 0.00261
       75/1    1.00004    5.43700    1.00423 +/- 0.00245
       76/1    1.00296    5.43209    1.00415 +/- 0.00229
       77/1    0.99341    5.43465    1.00352 +/- 0.00224
       78/1    1.01434    5.44767    1.00412 +/- 0.00220
       79/1    1.00540    5.43355    1.00419 +/- 0.00208
       80/1    1.00728    5.43601    1.00434 +/- 0.00198
       81/1    1.00905    5.44608    1.00457 +/- 0.00189
       82/1    1.01913    5.45465    1.00523 +/- 0.00192
       83/1    1.01348    5.43952    1.00559 +/- 0.00187
       84/1    1.00107    5.43501    1.00540 +/- 0.00180
       85/1    1.01510    5.43815    1.00579 +/- 0.00177
       86/1    1.00641    5.43420    1.00581 +/- 0.00170
       87/1    0.99990    5.43030    1.00559 +/- 0.00165
       88/1    1.00489    5.44169    1.00557 +/- 0.00159
       89/1    0.99424    5.44987    1.00518 +/- 0.00159
       90/1    1.00259    5.44352    1.00509 +/- 0.00154
       91/1    1.00435    5.43227    1.00507 +/- 0.00148
       92/1    1.00918    5.44716    1.00520 +/- 0.00144
       93/1    0.98857    5.44110    1.00469 +/- 0.00149
       94/1    1.01667    5.44435    1.00504 +/- 0.00149
       95/1    1.01355    5.43805    1.00529 +/- 0.00146
       96/1    0.99641    5.42782    1.00504 +/- 0.00144
       97/1    1.00447    5.43789    1.00503 +/- 0.00140
       98/1    0.99794    5.44744    1.00484 +/- 0.00138
       99/1    1.00005    5.44232    1.00472 +/- 0.00135
      100/1    1.01187    5.44415    1.00489 +/- 0.00133
      101/1    0.99724    5.44285    1.00471 +/- 0.00131
      102/1    1.01599    5.43885    1.00498 +/- 0.00130
      103/1    0.99802    5.45201    1.00481 +/- 0.00128
      104/1    1.00941    5.45302    1.00492 +/- 0.00126
      105/1    0.99397    5.44638    1.00468 +/- 0.00125
      106/1    1.01996    5.45459    1.00501 +/- 0.00127
      107/1    1.01127    5.43620    1.00514 +/- 0.00125
      108/1    0.99129    5.44273    1.00485 +/- 0.00126
      109/1    1.00913    5.42537    1.00494 +/- 0.00123
      110/1    1.00356    5.42141    1.00491 +/- 0.00121
      111/1    1.01933    5.44165    1.00520 +/- 0.00122
      112/1    0.99949    5.42594    1.00509 +/- 0.00120
      113/1    1.01820    5.43896    1.00533 +/- 0.00120
      114/1    0.99495    5.44099    1.00514 +/- 0.00120
      115/1    1.00381    5.44570    1.00512 +/- 0.00117
      116/1    1.01956    5.44975    1.00537 +/- 0.00118
      117/1    1.00340    5.45064    1.00534 +/- 0.00116
      118/1    1.00481    5.46270    1.00533 +/- 0.00114
      119/1    1.01789    5.46223    1.00554 +/- 0.00114
      120/1    1.00722    5.45040    1.00557 +/- 0.00112
      121/1    1.01171    5.44958    1.00567 +/- 0.00111
      122/1    1.01643    5.45109    1.00585 +/- 0.00110
      123/1    1.01460    5.44541    1.00598 +/- 0.00110
      124/1    1.01226    5.44093    1.00608 +/- 0.00108
      125/1    1.00823    5.45683    1.00612 +/- 0.00107
      126/1    0.99277    5.45281    1.00591 +/- 0.00107
      127/1    1.00033    5.44606    1.00583 +/- 0.00106
      128/1    1.00739    5.45246    1.00585 +/- 0.00104
      129/1    1.01838    5.44913    1.00603 +/- 0.00104
      130/1    1.01414    5.45639    1.00615 +/- 0.00103
      131/1    1.02042    5.44850    1.00635 +/- 0.00104
      132/1    1.01187    5.45507    1.00643 +/- 0.00103
      133/1    1.00495    5.44029    1.00641 +/- 0.00101
      134/1    1.02438    5.44857    1.00665 +/- 0.00103
      135/1    0.99506    5.44038    1.00650 +/- 0.00103
      136/1    1.00997    5.44785    1.00654 +/- 0.00101
      137/1    1.00191    5.43920    1.00648 +/- 0.00100
      138/1    0.99754    5.43629    1.00637 +/- 0.00100
      139/1    1.00260    5.43436    1.00632 +/- 0.00098
      140/1    1.03326    5.42604    1.00666 +/- 0.00103
      141/1    0.99380    5.42296    1.00650 +/- 0.00103
      142/1    0.99646    5.43100    1.00637 +/- 0.00102
      143/1    1.00319    5.44482    1.00634 +/- 0.00101
      144/1    0.98785    5.43659    1.00612 +/- 0.00102
      145/1    1.00512    5.43957    1.00610 +/- 0.00101
      146/1    0.99413    5.42906    1.00597 +/- 0.00101
      147/1    0.98417    5.43351    1.00572 +/- 0.00103
      148/1    0.99064    5.42305    1.00554 +/- 0.00103
      149/1    0.99490    5.41422    1.00542 +/- 0.00103
      150/1    1.02466    5.40514    1.00564 +/- 0.00104
      151/1    1.00737    5.40364    1.00566 +/- 0.00103
      152/1    1.00975    5.41848    1.00570 +/- 0.00102
      153/1    1.01140    5.43612    1.00576 +/- 0.00101
      154/1    1.01380    5.44317    1.00585 +/- 0.00100
      155/1    1.01844    5.44239    1.00598 +/- 0.00100
      156/1    1.01891    5.43251    1.00612 +/- 0.00100
      157/1    0.98725    5.43640    1.00592 +/- 0.00100
      158/1    1.00035    5.44685    1.00586 +/- 0.00100
      159/1    1.00914    5.43321    1.00590 +/- 0.00099
      160/1    0.99319    5.44370    1.00577 +/- 0.00098
 Creating state point statepoint.160.h5...

 =======================>     TIMING STATISTICS     <=======================

 Total time for initialization     = 0.0000e+00 seconds
   Reading cross sections          = 0.0000e+00 seconds
 Total time in simulation          = 3.5223e+02 seconds
   Time in transport only          = 3.5110e+02 seconds
   Time in inactive batches        = 9.9319e+01 seconds
   Time in active batches          = 2.5291e+02 seconds
   Time synchronizing fission bank = 3.0266e-01 seconds
     Sampling source sites         = 2.6537e-01 seconds
     SEND/RECV source sites        = 3.6682e-02 seconds
   Time accumulating tallies       = 5.3298e-01 seconds
   Time writing statepoints        = 1.2203e-02 seconds
 Total time for finalization       = 1.1573e-02 seconds
 Total time elapsed                = 3.5273e+02 seconds
 Calculation Rate (inactive)       = 12082.2 particles/second
 Calculation Rate (active)         = 7907.85 particles/second

 ============================>     RESULTS     <============================

 k-effective (Collision)     = 1.00579 +/- 0.00084
 k-effective (Track-length)  = 1.00577 +/- 0.00098
 k-effective (Absorption)    = 1.00505 +/- 0.00067
 Combined k-effective        = 1.00528 +/- 0.00061
 Leakage Fraction            = 0.00687 +/- 0.00006

 Creating state point openmc_simulation_n3.h5...
[openmc.deplete] t=64908045.77330504 s, dt=51926436.61864404 s, source=47715611.008249946
 Maximum neutron transport energy: 20000000 eV for H1
 Initializing source particles...

 ====================>     K EIGENVALUE SIMULATION     <====================

  Bat./Gen.      k       Entropy         Average k 
  =========   ========   ========   ====================
        1/1    0.95187    5.54485
        2/1    0.97202    5.49881
        3/1    0.99357    5.48887
        4/1    0.98405    5.46440
        5/1    0.98688    5.46948
        6/1    0.99508    5.46188
        7/1    1.00361    5.44944
        8/1    1.01537    5.43696
        9/1    1.00564    5.44651
       10/1    0.98849    5.44135
       11/1    1.01637    5.44676
       12/1    0.99646    5.44347
       13/1    0.99824    5.43052
       14/1    1.01464    5.43889
       15/1    1.00715    5.42022
       16/1    0.99732    5.41647
       17/1    1.00302    5.42523
       18/1    1.02158    5.43375
       19/1    1.02980    5.43732
       20/1    1.01158    5.43770
       21/1    1.01138    5.42477
       22/1    1.01509    5.42187
       23/1    1.01328    5.43775
       24/1    1.00877    5.44800
       25/1    1.02465    5.44201
       26/1    1.01548    5.42940
       27/1    0.99912    5.42311
       28/1    1.01460    5.42227
       29/1    1.02781    5.42642
       30/1    1.01948    5.40736
       31/1    1.00903    5.42770
       32/1    1.00326    5.41605
       33/1    1.01429    5.42000
       34/1    0.99268    5.43144
       35/1    0.99818    5.42490
       36/1    1.00870    5.42672
       37/1    1.02316    5.41477
       38/1    0.99475    5.42616
       39/1    1.00890    5.42176
       40/1    1.01200    5.41578
       41/1    1.02839    5.41910
       42/1    1.02120    5.42060
       43/1    1.02751    5.42020
       44/1    1.01352    5.42109
       45/1    0.99596    5.42854
       46/1    1.00260    5.43440
       47/1    1.00961    5.42526
       48/1    1.01572    5.42030
       49/1    1.01855    5.42983
       50/1    1.00166    5.41836
       51/1    1.01429    5.42127
       52/1    1.02183    5.41959
       53/1    1.02461    5.43094
       54/1    1.01779    5.42566
       55/1    1.01491    5.42718
       56/1    1.01432    5.41683
       57/1    1.00359    5.42488
       58/1    1.00968    5.42890
       59/1    1.00205    5.44415
       60/1    1.01252    5.43650
       61/1    1.01110    5.44339
       62/1    1.01322    5.44327    1.01216 +/- 0.00106
       63/1    1.02748    5.43494    1.01727 +/- 0.00514
       64/1    1.01807    5.43949    1.01747 +/- 0.00364
       65/1    1.01821    5.43411    1.01762 +/- 0.00283
       66/1    1.01587    5.43173    1.01732 +/- 0.00233
       67/1    1.02493    5.43475    1.01841 +/- 0.00225
       68/1    0.99611    5.42741    1.01562 +/- 0.00340
       69/1    1.00050    5.44374    1.01394 +/- 0.00344
       70/1    1.02523    5.42964    1.01507 +/- 0.00327
       71/1    1.00350    5.42669    1.01402 +/- 0.00314
       72/1    1.00779    5.42510    1.01350 +/- 0.00292
       73/1    1.02086    5.41440    1.01407 +/- 0.00274
       74/1    1.01311    5.42617    1.01400 +/- 0.00254
       75/1    1.00509    5.41382    1.01340 +/- 0.00244
       76/1    1.03314    5.41220    1.01464 +/- 0.00259
       77/1    0.98216    5.41060    1.01273 +/- 0.00309
       78/1    1.02761    5.42969    1.01355 +/- 0.00303
       79/1    1.00534    5.42354    1.01312 +/- 0.00290
       80/1    1.02977    5.42628    1.01395 +/- 0.00288
       81/1    0.99965    5.43734    1.01327 +/- 0.00282
       82/1    1.01752    5.42951    1.01347 +/- 0.00269
       83/1    1.03067    5.42808    1.01421 +/- 0.00268
       84/1    1.00069    5.41977    1.01365 +/- 0.00263
       85/1    1.00003    5.42671    1.01311 +/- 0.00258
       86/1    1.02148    5.41582    1.01343 +/- 0.00250
       87/1    1.00883    5.41789    1.01326 +/- 0.00241
       88/1    1.00907    5.43353    1.01311 +/- 0.00233
       89/1    1.01594    5.43675    1.01320 +/- 0.00225
       90/1    1.01847    5.40751    1.01338 +/- 0.00218
       91/1    1.01822    5.41185    1.01354 +/- 0.00211
       92/1    1.00629    5.43632    1.01331 +/- 0.00206
       93/1    1.01426    5.42694    1.01334 +/- 0.00200
       94/1    1.01912    5.42412    1.01351 +/- 0.00194
       95/1    0.99853    5.42217    1.01308 +/- 0.00193
       96/1    1.01050    5.42782    1.01301 +/- 0.00188
       97/1    1.01272    5.42756    1.01300 +/- 0.00183
       98/1    1.02991    5.42832    1.01345 +/- 0.00184
       99/1    1.01113    5.42292    1.01339 +/- 0.00179
      100/1    1.02461    5.43466    1.01367 +/- 0.00177
      101/1    1.01669    5.44395    1.01374 +/- 0.00172
      102/1    1.00764    5.44116    1.01360 +/- 0.00169
      103/1    1.00189    5.43741    1.01332 +/- 0.00167
      104/1    0.99683    5.42109    1.01295 +/- 0.00168
      105/1    1.01381    5.42428    1.01297 +/- 0.00164
      106/1    1.00645    5.42916    1.01283 +/- 0.00161
      107/1    1.02187    5.43848    1.01302 +/- 0.00159
      108/1    0.99107    5.43863    1.01256 +/- 0.00162
      109/1    1.02170    5.42629    1.01275 +/- 0.00160
      110/1    0.99855    5.41687    1.01246 +/- 0.00159
      111/1    1.01100    5.42649    1.01244 +/- 0.00156
      112/1    1.00973    5.42580    1.01238 +/- 0.00153
      113/1    1.00944    5.41839    1.01233 +/- 0.00150
      114/1    1.03088    5.41843    1.01267 +/- 0.00151
      115/1    1.01687    5.42071    1.01275 +/- 0.00149
      116/1    0.99731    5.42715    1.01247 +/- 0.00149
      117/1    1.01035    5.42763    1.01243 +/- 0.00146
      118/1    1.03107    5.42060    1.01276 +/- 0.00147
      119/1    1.01813    5.41534    1.01285 +/- 0.00145
      120/1    1.01157    5.43145    1.01283 +/- 0.00142
      121/1    1.00181    5.43429    1.01265 +/- 0.00141
      122/1    1.01840    5.43331    1.01274 +/- 0.00139
      123/1    1.03051    5.44035    1.01302 +/- 0.00140
      124/1    1.01237    5.43819    1.01301 +/- 0.00138
      125/1    0.99547    5.42234    1.01274 +/- 0.00138
      126/1    1.02091    5.42870    1.01286 +/- 0.00137
      127/1    1.01558    5.42262    1.01290 +/- 0.00135
      128/1    1.01384    5.42296    1.01292 +/- 0.00133
      129/1    1.01441    5.42823    1.01294 +/- 0.00131
      130/1    1.01856    5.42696    1.01302 +/- 0.00129
      131/1    1.01768    5.42705    1.01309 +/- 0.00127
      132/1    1.01426    5.42795    1.01310 +/- 0.00126
      133/1    1.01048    5.42735    1.01307 +/- 0.00124
      134/1    1.01249    5.42956    1.01306 +/- 0.00122
      135/1    1.02376    5.43175    1.01320 +/- 0.00121
      136/1    1.03426    5.42854    1.01348 +/- 0.00123
      137/1    0.99714    5.41747    1.01327 +/- 0.00123
      138/1    1.02181    5.43460    1.01338 +/- 0.00122
      139/1    1.00347    5.43181    1.01325 +/- 0.00121
      140/1    1.02720    5.43248    1.01342 +/- 0.00121
      141/1    1.01474    5.44796    1.01344 +/- 0.00119
      142/1    1.01911    5.45580    1.01351 +/- 0.00118
      143/1    0.99671    5.44663    1.01331 +/- 0.00119
      144/1    1.01458    5.45101    1.01332 +/- 0.00117
      145/1    1.00121    5.44000    1.01318 +/- 0.00117
      146/1    1.00856    5.45067    1.01313 +/- 0.00115
      147/1    1.01358    5.43413    1.01313 +/- 0.00114
      148/1    1.01862    5.41280    1.01319 +/- 0.00113
      149/1    1.03798    5.41437    1.01347 +/- 0.00115
      150/1    1.01022    5.41595    1.01344 +/- 0.00114
      151/1    1.00758    5.40658    1.01337 +/- 0.00113
      152/1    1.01018    5.39981    1.01334 +/- 0.00112
      153/1    0.99194    5.41084    1.01311 +/- 0.00113
      154/1    0.99974    5.41279    1.01297 +/- 0.00112
      155/1    1.02029    5.41118    1.01304 +/- 0.00111
      156/1    1.01917    5.41515    1.01311 +/- 0.00111
      157/1    1.01434    5.42603    1.01312 +/- 0.00109
      158/1    1.02452    5.42474    1.01324 +/- 0.00109
      159/1    1.01088    5.41663    1.01321 +/- 0.00108
      160/1    1.03019    5.41656    1.01338 +/- 0.00108
 Creating state point statepoint.160.h5...

 =======================>     TIMING STATISTICS     <=======================

 Total time for initialization     = 0.0000e+00 seconds
   Reading cross sections          = 0.0000e+00 seconds
 Total time in simulation          = 3.5242e+02 seconds
   Time in transport only          = 3.5128e+02 seconds
   Time in inactive batches        = 9.9274e+01 seconds
   Time in active batches          = 2.5315e+02 seconds
   Time synchronizing fission bank = 2.9444e-01 seconds
     Sampling source sites         = 2.5816e-01 seconds
     SEND/RECV source sites        = 3.5591e-02 seconds
   Time accumulating tallies       = 5.6463e-01 seconds
   Time writing statepoints        = 2.0500e-02 seconds
 Total time for finalization       = 1.9602e-02 seconds
 Total time elapsed                = 3.5293e+02 seconds
 Calculation Rate (inactive)       = 12087.8 particles/second
 Calculation Rate (active)         = 7900.49 particles/second

 ============================>     RESULTS     <============================

 k-effective (Collision)     = 1.01393 +/- 0.00084
 k-effective (Track-length)  = 1.01338 +/- 0.00108
 k-effective (Absorption)    = 1.01284 +/- 0.00068
 Combined k-effective        = 1.01318 +/- 0.00062
 Leakage Fraction            = 0.00663 +/- 0.00006

 Creating state point openmc_simulation_n4.h5...
[openmc.deplete] t=116834482.39194909 (final operator evaluation)
 Maximum neutron transport energy: 20000000 eV for H1
 Initializing source particles...

 ====================>     K EIGENVALUE SIMULATION     <====================

  Bat./Gen.      k       Entropy         Average k 
  =========   ========   ========   ====================
        1/1    0.95262    5.54185
        2/1    0.98040    5.51552
        3/1    0.99014    5.50793
        4/1    0.97534    5.49852
        5/1    0.98793    5.46798
        6/1    0.97657    5.48038
        7/1    1.00017    5.47184
        8/1    0.99077    5.46129
        9/1    0.98181    5.47317
       10/1    0.99529    5.46350
       11/1    0.98358    5.45216
       12/1    0.99257    5.45895
       13/1    0.99006    5.47799
       14/1    1.01658    5.45188
       15/1    1.00876    5.45834
       16/1    0.99880    5.46828
       17/1    1.00622    5.46202
       18/1    1.00577    5.47053
       19/1    1.00270    5.44939
       20/1    0.99857    5.44535
       21/1    1.00093    5.45343
       22/1    0.98791    5.44931
       23/1    0.98238    5.45713
       24/1    0.98141    5.44621
       25/1    0.99863    5.47192
       26/1    0.98909    5.45135
       27/1    0.99502    5.46123
       28/1    0.98323    5.46902
       29/1    0.99110    5.45889
       30/1    0.99001    5.45320
       31/1    0.99238    5.45099
       32/1    0.97294    5.44552
       33/1    1.00006    5.46466
       34/1    0.99226    5.45834
       35/1    1.01445    5.47297
       36/1    0.99199    5.46722
       37/1    1.01134    5.46196
       38/1    1.00001    5.45963
       39/1    0.99220    5.45091
       40/1    0.99686    5.46258
       41/1    0.99276    5.44322
       42/1    1.01732    5.43401
       43/1    0.99652    5.44657
       44/1    1.03550    5.43469
       45/1    1.00104    5.45051
       46/1    0.99674    5.45711
       47/1    0.98981    5.43704
       48/1    0.99012    5.43355
       49/1    0.99943    5.44626
       50/1    0.99140    5.44287
       51/1    1.00477    5.43629
       52/1    0.99025    5.43897
       53/1    1.00869    5.44171
       54/1    1.00418    5.44008
       55/1    1.00458    5.45002
       56/1    1.00401    5.45140
       57/1    1.00068    5.44588
       58/1    1.00675    5.46093
       59/1    1.01102    5.45742
       60/1    0.99830    5.46594
       61/1    1.00842    5.46656
       62/1    0.99767    5.45558    1.00305 +/- 0.00537
       63/1    0.99017    5.45932    0.99875 +/- 0.00530
       64/1    1.00355    5.45497    0.99995 +/- 0.00393
       65/1    0.99772    5.46639    0.99951 +/- 0.00308
       66/1    0.98643    5.46287    0.99733 +/- 0.00333
       67/1    0.98920    5.45716    0.99617 +/- 0.00304
       68/1    0.97435    5.46578    0.99344 +/- 0.00379
       69/1    0.99429    5.45695    0.99353 +/- 0.00335
       70/1    0.98988    5.46215    0.99317 +/- 0.00302
       71/1    0.98366    5.46506    0.99230 +/- 0.00286
       72/1    0.98775    5.45674    0.99192 +/- 0.00264
       73/1    1.00407    5.45925    0.99286 +/- 0.00260
       74/1    0.99756    5.45379    0.99319 +/- 0.00243
       75/1    1.00755    5.43915    0.99415 +/- 0.00246
       76/1    0.98687    5.45671    0.99370 +/- 0.00234
       77/1    1.00312    5.45364    0.99425 +/- 0.00227
       78/1    0.98570    5.45048    0.99378 +/- 0.00219
       79/1    0.99646    5.45959    0.99392 +/- 0.00208
       80/1    1.01158    5.44664    0.99480 +/- 0.00216
       81/1    0.98111    5.44529    0.99415 +/- 0.00216
       82/1    0.99597    5.43575    0.99423 +/- 0.00206
       83/1    1.00723    5.43543    0.99480 +/- 0.00205
       84/1    1.00192    5.44260    0.99509 +/- 0.00198
       85/1    0.98273    5.43535    0.99460 +/- 0.00196
       86/1    1.00344    5.44240    0.99494 +/- 0.00192
       87/1    1.01286    5.45385    0.99560 +/- 0.00196
       88/1    0.99318    5.43944    0.99552 +/- 0.00189
       89/1    1.01048    5.45944    0.99603 +/- 0.00190
       90/1    1.00011    5.44437    0.99617 +/- 0.00184
       91/1    0.99655    5.44615    0.99618 +/- 0.00178
       92/1    1.00526    5.44072    0.99646 +/- 0.00174
       93/1    0.99286    5.46333    0.99635 +/- 0.00169
       94/1    1.00211    5.46557    0.99652 +/- 0.00165
       95/1    1.00302    5.47628    0.99671 +/- 0.00161
       96/1    1.00617    5.47652    0.99697 +/- 0.00159
       97/1    0.98078    5.47026    0.99653 +/- 0.00161
       98/1    1.00421    5.47870    0.99674 +/- 0.00158
       99/1    1.02348    5.48185    0.99742 +/- 0.00168
      100/1    0.98858    5.47396    0.99720 +/- 0.00166
      101/1    1.00662    5.47583    0.99743 +/- 0.00163
      102/1    0.97899    5.48095    0.99699 +/- 0.00165
      103/1    0.99500    5.46071    0.99695 +/- 0.00161
      104/1    0.99780    5.46198    0.99697 +/- 0.00158
      105/1    1.00765    5.45599    0.99720 +/- 0.00156
      106/1    1.00795    5.45576    0.99744 +/- 0.00154
      107/1    1.00124    5.46232    0.99752 +/- 0.00151
      108/1    1.00022    5.46105    0.99757 +/- 0.00148
      109/1    1.00314    5.44493    0.99769 +/- 0.00145
      110/1    1.00665    5.45336    0.99787 +/- 0.00144
      111/1    0.99331    5.46041    0.99778 +/- 0.00141
      112/1    0.99489    5.45252    0.99772 +/- 0.00138
      113/1    1.00818    5.44089    0.99792 +/- 0.00137
      114/1    0.98081    5.46719    0.99760 +/- 0.00138
      115/1    0.99140    5.45912    0.99749 +/- 0.00136
      116/1    0.97765    5.45437    0.99713 +/- 0.00138
      117/1    0.99145    5.46351    0.99704 +/- 0.00136
      118/1    0.99425    5.45736    0.99699 +/- 0.00134
      119/1    0.99302    5.46114    0.99692 +/- 0.00132
      120/1    1.00697    5.47095    0.99709 +/- 0.00131
      121/1    0.98147    5.45879    0.99683 +/- 0.00131
      122/1    1.00609    5.44671    0.99698 +/- 0.00130
      123/1    0.98519    5.45412    0.99679 +/- 0.00129
      124/1    1.02055    5.46114    0.99716 +/- 0.00132
      125/1    0.99429    5.45767    0.99712 +/- 0.00130
      126/1    0.97793    5.44907    0.99683 +/- 0.00132
      127/1    1.02252    5.45677    0.99721 +/- 0.00135
      128/1    0.98551    5.44141    0.99704 +/- 0.00134
      129/1    1.00190    5.45701    0.99711 +/- 0.00133
      130/1    1.00572    5.45252    0.99723 +/- 0.00131
      131/1    1.00563    5.44226    0.99735 +/- 0.00130
      132/1    1.00796    5.45799    0.99750 +/- 0.00129
      133/1    1.01224    5.45568    0.99770 +/- 0.00129
      134/1    0.99741    5.43792    0.99770 +/- 0.00127
      135/1    1.00345    5.44153    0.99777 +/- 0.00126
      136/1    0.99826    5.43318    0.99778 +/- 0.00124
      137/1    0.99122    5.44727    0.99770 +/- 0.00123
      138/1    0.99235    5.46363    0.99763 +/- 0.00121
      139/1    0.98311    5.45598    0.99744 +/- 0.00121
      140/1    1.00656    5.46136    0.99756 +/- 0.00120
      141/1    0.98744    5.45272    0.99743 +/- 0.00119
      142/1    0.99442    5.43869    0.99740 +/- 0.00118
      143/1    0.99037    5.44444    0.99731 +/- 0.00117
      144/1    1.00132    5.45116    0.99736 +/- 0.00115
      145/1    0.99873    5.45149    0.99737 +/- 0.00114
      146/1    0.99958    5.45624    0.99740 +/- 0.00113
      147/1    0.99905    5.45331    0.99742 +/- 0.00111
      148/1    0.99567    5.44940    0.99740 +/- 0.00110
      149/1    0.99896    5.45832    0.99742 +/- 0.00109
      150/1    0.99238    5.45424    0.99736 +/- 0.00108
      151/1    1.00129    5.44226    0.99740 +/- 0.00107
      152/1    0.99867    5.45930    0.99742 +/- 0.00106
      153/1    0.99563    5.46369    0.99740 +/- 0.00105
      154/1    0.99634    5.44545    0.99739 +/- 0.00103
      155/1    0.99018    5.43091    0.99731 +/- 0.00103
      156/1    1.00872    5.42521    0.99743 +/- 0.00102
      157/1    1.00122    5.42266    0.99747 +/- 0.00101
      158/1    1.00931    5.44001    0.99759 +/- 0.00101
      159/1    1.01430    5.44994    0.99776 +/- 0.00101
      160/1    1.00920    5.45344    0.99787 +/- 0.00101
 Creating state point statepoint.160.h5...

 =======================>     TIMING STATISTICS     <=======================

 Total time for initialization     = 0.0000e+00 seconds
   Reading cross sections          = 0.0000e+00 seconds
 Total time in simulation          = 3.5593e+02 seconds
   Time in transport only          = 3.5487e+02 seconds
   Time in inactive batches        = 9.9919e+01 seconds
   Time in active batches          = 2.5602e+02 seconds
   Time synchronizing fission bank = 2.8500e-01 seconds
     Sampling source sites         = 2.4591e-01 seconds
     SEND/RECV source sites        = 3.8426e-02 seconds
   Time accumulating tallies       = 4.9880e-01 seconds
   Time writing statepoints        = 1.3449e-02 seconds
 Total time for finalization       = 1.1397e-02 seconds
 Total time elapsed                = 3.5644e+02 seconds
 Calculation Rate (inactive)       = 12009.7 particles/second
 Calculation Rate (active)         = 7812.01 particles/second

 ============================>     RESULTS     <============================

 k-effective (Collision)     = 0.99848 +/- 0.00080
 k-effective (Track-length)  = 0.99787 +/- 0.00101
 k-effective (Absorption)    = 0.99842 +/- 0.00070
 Combined k-effective        = 0.99842 +/- 0.00064
 Leakage Fraction            = 0.00722 +/- 0.00006

 Creating state point openmc_simulation_n5.h5...
      k(BOL) 1.02153 x ratio 0.94920 -> end of cycle at k = 0.96964
      state 0: B   0.00 MWd/kgHM  k 1.02153  (target)
      state 1: B   0.50 MWd/kgHM  k 1.00313
      state 2: B   1.50 MWd/kgHM  k 1.00306
      state 3: B   3.50 MWd/kgHM  k 1.00528
      state 4: B   7.50 MWd/kgHM  k 1.01318
      state 5: B  13.50 MWd/kgHM  k 0.99842
                                %%%%%%%%%%%%%%%
                           %%%%%%%%%%%%%%%%%%%%%%%%
                        %%%%%%%%%%%%%%%%%%%%%%%%%%%%%%
                      %%%%%%%%%%%%%%%%%%%%%%%%%%%%%%%%%%
                    %%%%%%%%%%%%%%%%%%%%%%%%%%%%%%%%%%%%%%
                   %%%%%%%%%%%%%%%%%%%%%%%%%%%%%%%%%%%%%%%%
                                    %%%%%%%%%%%%%%%%%%%%%%%%
                                     %%%%%%%%%%%%%%%%%%%%%%%%
                 ###############      %%%%%%%%%%%%%%%%%%%%%%%%
                ##################     %%%%%%%%%%%%%%%%%%%%%%%
                ###################     %%%%%%%%%%%%%%%%%%%%%%%
                ####################     %%%%%%%%%%%%%%%%%%%%%%
                #####################     %%%%%%%%%%%%%%%%%%%%%
                ######################     %%%%%%%%%%%%%%%%%%%%
                #######################     %%%%%%%%%%%%%%%%%%
                 #######################     %%%%%%%%%%%%%%%%%
                 ######################     %%%%%%%%%%%%%%%%%
                  ####################     %%%%%%%%%%%%%%%%%
                    #################     %%%%%%%%%%%%%%%%%
                     ###############     %%%%%%%%%%%%%%%%
                       ############     %%%%%%%%%%%%%%%
                          ########     %%%%%%%%%%%%%%
                                      %%%%%%%%%%%

                 | The OpenMC Monte Carlo Code
       Copyright | 2011-2025 MIT, UChicago Argonne LLC, and contributors
         License | https://docs.openmc.org/en/latest/license.html
         Version | 0.15.3
     Commit Hash | 27e38e894697bb32a1dac7848d2618818b6b8daf
       Date/Time | 2026-09-25 23:11:23
   MPI Processes | 1
  OpenMP Threads | 64

 Reading settings XML file...
 Reading cross sections XML file...
 Reading chain file: /home/diogo/openmc_data/chain_endfb71_pwr.xml...
 Reading materials XML file...
 Reading geometry XML file...
 Reading H1 from /home/diogo/openmc_data/endfb-vii.1-hdf5/neutron/H1.h5
 Reading H2 from /home/diogo/openmc_data/endfb-vii.1-hdf5/neutron/H2.h5
 Reading B10 from /home/diogo/openmc_data/endfb-vii.1-hdf5/neutron/B10.h5
 Reading B11 from /home/diogo/openmc_data/endfb-vii.1-hdf5/neutron/B11.h5
 Reading O16 from /home/diogo/openmc_data/endfb-vii.1-hdf5/neutron/O16.h5
 Reading O17 from /home/diogo/openmc_data/endfb-vii.1-hdf5/neutron/O17.h5
 Reading Cr50 from /home/diogo/openmc_data/endfb-vii.1-hdf5/neutron/Cr50.h5
 Reading Cr52 from /home/diogo/openmc_data/endfb-vii.1-hdf5/neutron/Cr52.h5
 Reading Cr53 from /home/diogo/openmc_data/endfb-vii.1-hdf5/neutron/Cr53.h5
 Reading Cr54 from /home/diogo/openmc_data/endfb-vii.1-hdf5/neutron/Cr54.h5
 Reading Mn55 from /home/diogo/openmc_data/endfb-vii.1-hdf5/neutron/Mn55.h5
 Reading Fe54 from /home/diogo/openmc_data/endfb-vii.1-hdf5/neutron/Fe54.h5
 Reading Fe56 from /home/diogo/openmc_data/endfb-vii.1-hdf5/neutron/Fe56.h5
 Reading Fe57 from /home/diogo/openmc_data/endfb-vii.1-hdf5/neutron/Fe57.h5
 Reading Fe58 from /home/diogo/openmc_data/endfb-vii.1-hdf5/neutron/Fe58.h5
 Reading Ni58 from /home/diogo/openmc_data/endfb-vii.1-hdf5/neutron/Ni58.h5
 Reading Ni60 from /home/diogo/openmc_data/endfb-vii.1-hdf5/neutron/Ni60.h5
 Reading Ni61 from /home/diogo/openmc_data/endfb-vii.1-hdf5/neutron/Ni61.h5
 Reading Ni62 from /home/diogo/openmc_data/endfb-vii.1-hdf5/neutron/Ni62.h5
 Reading Ni64 from /home/diogo/openmc_data/endfb-vii.1-hdf5/neutron/Ni64.h5
 Reading Zr90 from /home/diogo/openmc_data/endfb-vii.1-hdf5/neutron/Zr90.h5
 Reading Zr91 from /home/diogo/openmc_data/endfb-vii.1-hdf5/neutron/Zr91.h5
 Reading Zr92 from /home/diogo/openmc_data/endfb-vii.1-hdf5/neutron/Zr92.h5
 Reading Zr94 from /home/diogo/openmc_data/endfb-vii.1-hdf5/neutron/Zr94.h5
 Reading Zr96 from /home/diogo/openmc_data/endfb-vii.1-hdf5/neutron/Zr96.h5
 Reading Sn112 from /home/diogo/openmc_data/endfb-vii.1-hdf5/neutron/Sn112.h5
 Reading Sn114 from /home/diogo/openmc_data/endfb-vii.1-hdf5/neutron/Sn114.h5
 Reading Sn115 from /home/diogo/openmc_data/endfb-vii.1-hdf5/neutron/Sn115.h5
 Reading Sn116 from /home/diogo/openmc_data/endfb-vii.1-hdf5/neutron/Sn116.h5
 Reading Sn117 from /home/diogo/openmc_data/endfb-vii.1-hdf5/neutron/Sn117.h5
 Reading Sn118 from /home/diogo/openmc_data/endfb-vii.1-hdf5/neutron/Sn118.h5
 Reading Sn119 from /home/diogo/openmc_data/endfb-vii.1-hdf5/neutron/Sn119.h5
 Reading Sn120 from /home/diogo/openmc_data/endfb-vii.1-hdf5/neutron/Sn120.h5
 Reading Sn122 from /home/diogo/openmc_data/endfb-vii.1-hdf5/neutron/Sn122.h5
 Reading Sn124 from /home/diogo/openmc_data/endfb-vii.1-hdf5/neutron/Sn124.h5
 Reading He3 from /home/diogo/openmc_data/endfb-vii.1-hdf5/neutron/He3.h5
 Reading He4 from /home/diogo/openmc_data/endfb-vii.1-hdf5/neutron/He4.h5
 Reading U234 from /home/diogo/openmc_data/endfb-vii.1-hdf5/neutron/U234.h5
 Reading U235 from /home/diogo/openmc_data/endfb-vii.1-hdf5/neutron/U235.h5
 Reading U238 from /home/diogo/openmc_data/endfb-vii.1-hdf5/neutron/U238.h5
 Reading Gd152 from /home/diogo/openmc_data/endfb-vii.1-hdf5/neutron/Gd152.h5
 Reading Gd154 from /home/diogo/openmc_data/endfb-vii.1-hdf5/neutron/Gd154.h5
 Reading Gd155 from /home/diogo/openmc_data/endfb-vii.1-hdf5/neutron/Gd155.h5
 Reading Gd156 from /home/diogo/openmc_data/endfb-vii.1-hdf5/neutron/Gd156.h5
 Reading Gd157 from /home/diogo/openmc_data/endfb-vii.1-hdf5/neutron/Gd157.h5
 Reading Gd158 from /home/diogo/openmc_data/endfb-vii.1-hdf5/neutron/Gd158.h5
 Reading Gd160 from /home/diogo/openmc_data/endfb-vii.1-hdf5/neutron/Gd160.h5
 Reading Si28 from /home/diogo/openmc_data/endfb-vii.1-hdf5/neutron/Si28.h5
 Reading Si29 from /home/diogo/openmc_data/endfb-vii.1-hdf5/neutron/Si29.h5
 Reading Si30 from /home/diogo/openmc_data/endfb-vii.1-hdf5/neutron/Si30.h5
 Reading Ag107 from /home/diogo/openmc_data/endfb-vii.1-hdf5/neutron/Ag107.h5
 Reading Ag109 from /home/diogo/openmc_data/endfb-vii.1-hdf5/neutron/Ag109.h5
 Reading Cd106 from /home/diogo/openmc_data/endfb-vii.1-hdf5/neutron/Cd106.h5
 WARNING: Negative value(s) found on probability table for nuclide Cd106 at 294K
 WARNING: Negative value(s) found on probability table for nuclide Cd106 at 600K
 WARNING: Negative value(s) found on probability table for nuclide Cd106 at 900K
 WARNING: Negative value(s) found on probability table for nuclide Cd106 at
          1200K
 WARNING: Negative value(s) found on probability table for nuclide Cd106 at
          2500K
 Reading Cd108 from /home/diogo/openmc_data/endfb-vii.1-hdf5/neutron/Cd108.h5
 Reading Cd110 from /home/diogo/openmc_data/endfb-vii.1-hdf5/neutron/Cd110.h5
 Reading Cd111 from /home/diogo/openmc_data/endfb-vii.1-hdf5/neutron/Cd111.h5
 Reading Cd112 from /home/diogo/openmc_data/endfb-vii.1-hdf5/neutron/Cd112.h5
 Reading Cd113 from /home/diogo/openmc_data/endfb-vii.1-hdf5/neutron/Cd113.h5
 Reading Cd114 from /home/diogo/openmc_data/endfb-vii.1-hdf5/neutron/Cd114.h5
 Reading Cd116 from /home/diogo/openmc_data/endfb-vii.1-hdf5/neutron/Cd116.h5
 Reading In113 from /home/diogo/openmc_data/endfb-vii.1-hdf5/neutron/In113.h5
 Reading In115 from /home/diogo/openmc_data/endfb-vii.1-hdf5/neutron/In115.h5
 Reading c_H_in_H2O from
 /home/diogo/openmc_data/endfb-vii.1-hdf5/neutron/c_H_in_H2O.h5
 Minimum neutron data temperature: 0 K
 Maximum neutron data temperature: 1.7976931348623157e+308 K
 Reading tallies XML file...
 Preparing distributed cell instances...
 Reading plot XML file...
 Writing summary.h5 file...
[openmc.deplete] t=116834482.39194909 s, dt=34617624.412429355 s, source=47715611.008249946
[openmc.deplete] t=151452106.80437845 s, dt=34617624.412429355 s, source=47715611.008249946
 Reading H3 from /home/diogo/openmc_data/endfb-vii.1-hdf5/neutron/H3.h5
 Reading Li6 from /home/diogo/openmc_data/endfb-vii.1-hdf5/neutron/Li6.h5
 Reading Li7 from /home/diogo/openmc_data/endfb-vii.1-hdf5/neutron/Li7.h5
 Reading N14 from /home/diogo/openmc_data/endfb-vii.1-hdf5/neutron/N14.h5
 Reading N15 from /home/diogo/openmc_data/endfb-vii.1-hdf5/neutron/N15.h5
 Reading F19 from /home/diogo/openmc_data/endfb-vii.1-hdf5/neutron/F19.h5
 Reading Na22 from /home/diogo/openmc_data/endfb-vii.1-hdf5/neutron/Na22.h5
 WARNING: Negative value(s) found on probability table for nuclide Na22 at 250K
 WARNING: Negative value(s) found on probability table for nuclide Na22 at 294K
 WARNING: Negative value(s) found on probability table for nuclide Na22 at 600K
 WARNING: Negative value(s) found on probability table for nuclide Na22 at 900K
 WARNING: Negative value(s) found on probability table for nuclide Na22 at 1200K
 WARNING: Negative value(s) found on probability table for nuclide Na22 at 2500K
 Reading Na23 from /home/diogo/openmc_data/endfb-vii.1-hdf5/neutron/Na23.h5
 Reading Mg24 from /home/diogo/openmc_data/endfb-vii.1-hdf5/neutron/Mg24.h5
 Reading Mg25 from /home/diogo/openmc_data/endfb-vii.1-hdf5/neutron/Mg25.h5
 Reading Mg26 from /home/diogo/openmc_data/endfb-vii.1-hdf5/neutron/Mg26.h5
 Reading Al27 from /home/diogo/openmc_data/endfb-vii.1-hdf5/neutron/Al27.h5
 Reading P31 from /home/diogo/openmc_data/endfb-vii.1-hdf5/neutron/P31.h5
 Reading S32 from /home/diogo/openmc_data/endfb-vii.1-hdf5/neutron/S32.h5
 Reading S33 from /home/diogo/openmc_data/endfb-vii.1-hdf5/neutron/S33.h5
 Reading S34 from /home/diogo/openmc_data/endfb-vii.1-hdf5/neutron/S34.h5
 Reading S36 from /home/diogo/openmc_data/endfb-vii.1-hdf5/neutron/S36.h5
 Reading Cl35 from /home/diogo/openmc_data/endfb-vii.1-hdf5/neutron/Cl35.h5
 Reading Cl37 from /home/diogo/openmc_data/endfb-vii.1-hdf5/neutron/Cl37.h5
 Reading Ar36 from /home/diogo/openmc_data/endfb-vii.1-hdf5/neutron/Ar36.h5
 WARNING: Negative value(s) found on probability table for nuclide Ar36 at 250K
 WARNING: Negative value(s) found on probability table for nuclide Ar36 at 294K
 WARNING: Negative value(s) found on probability table for nuclide Ar36 at 600K
 WARNING: Negative value(s) found on probability table for nuclide Ar36 at 900K
 WARNING: Negative value(s) found on probability table for nuclide Ar36 at 1200K
 WARNING: Negative value(s) found on probability table for nuclide Ar36 at 2500K
 Reading Ar38 from /home/diogo/openmc_data/endfb-vii.1-hdf5/neutron/Ar38.h5
 Reading Ar40 from /home/diogo/openmc_data/endfb-vii.1-hdf5/neutron/Ar40.h5
 Reading K39 from /home/diogo/openmc_data/endfb-vii.1-hdf5/neutron/K39.h5
 Reading K40 from /home/diogo/openmc_data/endfb-vii.1-hdf5/neutron/K40.h5
 Reading K41 from /home/diogo/openmc_data/endfb-vii.1-hdf5/neutron/K41.h5
 Reading Ca40 from /home/diogo/openmc_data/endfb-vii.1-hdf5/neutron/Ca40.h5
 Reading Ca42 from /home/diogo/openmc_data/endfb-vii.1-hdf5/neutron/Ca42.h5
 Reading Ca43 from /home/diogo/openmc_data/endfb-vii.1-hdf5/neutron/Ca43.h5
 Reading Ca44 from /home/diogo/openmc_data/endfb-vii.1-hdf5/neutron/Ca44.h5
 Reading Ca46 from /home/diogo/openmc_data/endfb-vii.1-hdf5/neutron/Ca46.h5
 Reading Sc45 from /home/diogo/openmc_data/endfb-vii.1-hdf5/neutron/Sc45.h5
 Reading Ti46 from /home/diogo/openmc_data/endfb-vii.1-hdf5/neutron/Ti46.h5
 Reading Ti47 from /home/diogo/openmc_data/endfb-vii.1-hdf5/neutron/Ti47.h5
 Reading Ti48 from /home/diogo/openmc_data/endfb-vii.1-hdf5/neutron/Ti48.h5
 Reading Ti49 from /home/diogo/openmc_data/endfb-vii.1-hdf5/neutron/Ti49.h5
 Reading Ti50 from /home/diogo/openmc_data/endfb-vii.1-hdf5/neutron/Ti50.h5
 Reading V50 from /home/diogo/openmc_data/endfb-vii.1-hdf5/neutron/V50.h5
 Reading V51 from /home/diogo/openmc_data/endfb-vii.1-hdf5/neutron/V51.h5
 Reading Co58 from /home/diogo/openmc_data/endfb-vii.1-hdf5/neutron/Co58.h5
 Reading Co59 from /home/diogo/openmc_data/endfb-vii.1-hdf5/neutron/Co59.h5
 Reading Ni59 from /home/diogo/openmc_data/endfb-vii.1-hdf5/neutron/Ni59.h5
 Reading Cu63 from /home/diogo/openmc_data/endfb-vii.1-hdf5/neutron/Cu63.h5
 Reading Cu65 from /home/diogo/openmc_data/endfb-vii.1-hdf5/neutron/Cu65.h5
 Reading Zn64 from /home/diogo/openmc_data/endfb-vii.1-hdf5/neutron/Zn64.h5
 Reading Zn65 from /home/diogo/openmc_data/endfb-vii.1-hdf5/neutron/Zn65.h5
 Reading Zn66 from /home/diogo/openmc_data/endfb-vii.1-hdf5/neutron/Zn66.h5
 Reading Zn67 from /home/diogo/openmc_data/endfb-vii.1-hdf5/neutron/Zn67.h5
 Reading Zn68 from /home/diogo/openmc_data/endfb-vii.1-hdf5/neutron/Zn68.h5
 Reading Zn70 from /home/diogo/openmc_data/endfb-vii.1-hdf5/neutron/Zn70.h5
 Reading Ga69 from /home/diogo/openmc_data/endfb-vii.1-hdf5/neutron/Ga69.h5
 Reading Ga71 from /home/diogo/openmc_data/endfb-vii.1-hdf5/neutron/Ga71.h5
 Reading Ge70 from /home/diogo/openmc_data/endfb-vii.1-hdf5/neutron/Ge70.h5
 Reading Ge72 from /home/diogo/openmc_data/endfb-vii.1-hdf5/neutron/Ge72.h5
 Reading Ge73 from /home/diogo/openmc_data/endfb-vii.1-hdf5/neutron/Ge73.h5
 Reading Ge74 from /home/diogo/openmc_data/endfb-vii.1-hdf5/neutron/Ge74.h5
 Reading Ge76 from /home/diogo/openmc_data/endfb-vii.1-hdf5/neutron/Ge76.h5
 Reading As74 from /home/diogo/openmc_data/endfb-vii.1-hdf5/neutron/As74.h5
 Reading As75 from /home/diogo/openmc_data/endfb-vii.1-hdf5/neutron/As75.h5
 Reading Se74 from /home/diogo/openmc_data/endfb-vii.1-hdf5/neutron/Se74.h5
 Reading Se76 from /home/diogo/openmc_data/endfb-vii.1-hdf5/neutron/Se76.h5
 Reading Se77 from /home/diogo/openmc_data/endfb-vii.1-hdf5/neutron/Se77.h5
 Reading Se78 from /home/diogo/openmc_data/endfb-vii.1-hdf5/neutron/Se78.h5
 Reading Se79 from /home/diogo/openmc_data/endfb-vii.1-hdf5/neutron/Se79.h5
 WARNING: Negative value(s) found on probability table for nuclide Se79 at 250K
 WARNING: Negative value(s) found on probability table for nuclide Se79 at 294K
 WARNING: Negative value(s) found on probability table for nuclide Se79 at 600K
 WARNING: Negative value(s) found on probability table for nuclide Se79 at 900K
 WARNING: Negative value(s) found on probability table for nuclide Se79 at 1200K
 Reading Se80 from /home/diogo/openmc_data/endfb-vii.1-hdf5/neutron/Se80.h5
 Reading Se82 from /home/diogo/openmc_data/endfb-vii.1-hdf5/neutron/Se82.h5
 Reading Br79 from /home/diogo/openmc_data/endfb-vii.1-hdf5/neutron/Br79.h5
 Reading Br81 from /home/diogo/openmc_data/endfb-vii.1-hdf5/neutron/Br81.h5
 Reading Kr78 from /home/diogo/openmc_data/endfb-vii.1-hdf5/neutron/Kr78.h5
 Reading Kr80 from /home/diogo/openmc_data/endfb-vii.1-hdf5/neutron/Kr80.h5
 Reading Kr82 from /home/diogo/openmc_data/endfb-vii.1-hdf5/neutron/Kr82.h5
 Reading Kr83 from /home/diogo/openmc_data/endfb-vii.1-hdf5/neutron/Kr83.h5
 Reading Kr84 from /home/diogo/openmc_data/endfb-vii.1-hdf5/neutron/Kr84.h5
 Reading Kr85 from /home/diogo/openmc_data/endfb-vii.1-hdf5/neutron/Kr85.h5
 Reading Kr86 from /home/diogo/openmc_data/endfb-vii.1-hdf5/neutron/Kr86.h5
 Reading Rb85 from /home/diogo/openmc_data/endfb-vii.1-hdf5/neutron/Rb85.h5
 Reading Rb86 from /home/diogo/openmc_data/endfb-vii.1-hdf5/neutron/Rb86.h5
 Reading Rb87 from /home/diogo/openmc_data/endfb-vii.1-hdf5/neutron/Rb87.h5
 Reading Sr84 from /home/diogo/openmc_data/endfb-vii.1-hdf5/neutron/Sr84.h5
 Reading Sr86 from /home/diogo/openmc_data/endfb-vii.1-hdf5/neutron/Sr86.h5
 Reading Sr87 from /home/diogo/openmc_data/endfb-vii.1-hdf5/neutron/Sr87.h5
 Reading Sr88 from /home/diogo/openmc_data/endfb-vii.1-hdf5/neutron/Sr88.h5
 Reading Sr89 from /home/diogo/openmc_data/endfb-vii.1-hdf5/neutron/Sr89.h5
 Reading Sr90 from /home/diogo/openmc_data/endfb-vii.1-hdf5/neutron/Sr90.h5
 Reading Y89 from /home/diogo/openmc_data/endfb-vii.1-hdf5/neutron/Y89.h5
 Reading Y90 from /home/diogo/openmc_data/endfb-vii.1-hdf5/neutron/Y90.h5
 Reading Y91 from /home/diogo/openmc_data/endfb-vii.1-hdf5/neutron/Y91.h5
 Reading Zr93 from /home/diogo/openmc_data/endfb-vii.1-hdf5/neutron/Zr93.h5
 Reading Zr95 from /home/diogo/openmc_data/endfb-vii.1-hdf5/neutron/Zr95.h5
 Reading Nb93 from /home/diogo/openmc_data/endfb-vii.1-hdf5/neutron/Nb93.h5
 Reading Nb94 from /home/diogo/openmc_data/endfb-vii.1-hdf5/neutron/Nb94.h5
 WARNING: Negative value(s) found on probability table for nuclide Nb94 at 250K
 WARNING: Negative value(s) found on probability table for nuclide Nb94 at 294K
 WARNING: Negative value(s) found on probability table for nuclide Nb94 at 600K
 WARNING: Negative value(s) found on probability table for nuclide Nb94 at 900K
 WARNING: Negative value(s) found on probability table for nuclide Nb94 at 1200K
 WARNING: Negative value(s) found on probability table for nuclide Nb94 at 2500K
 Reading Nb95 from /home/diogo/openmc_data/endfb-vii.1-hdf5/neutron/Nb95.h5
 WARNING: Negative value(s) found on probability table for nuclide Nb95 at 250K
 WARNING: Negative value(s) found on probability table for nuclide Nb95 at 294K
 WARNING: Negative value(s) found on probability table for nuclide Nb95 at 600K
 WARNING: Negative value(s) found on probability table for nuclide Nb95 at 900K
 WARNING: Negative value(s) found on probability table for nuclide Nb95 at 1200K
 Reading Mo92 from /home/diogo/openmc_data/endfb-vii.1-hdf5/neutron/Mo92.h5
 Reading Mo94 from /home/diogo/openmc_data/endfb-vii.1-hdf5/neutron/Mo94.h5
 Reading Mo95 from /home/diogo/openmc_data/endfb-vii.1-hdf5/neutron/Mo95.h5
 Reading Mo96 from /home/diogo/openmc_data/endfb-vii.1-hdf5/neutron/Mo96.h5
 Reading Mo97 from /home/diogo/openmc_data/endfb-vii.1-hdf5/neutron/Mo97.h5
 Reading Mo98 from /home/diogo/openmc_data/endfb-vii.1-hdf5/neutron/Mo98.h5
 Reading Mo99 from /home/diogo/openmc_data/endfb-vii.1-hdf5/neutron/Mo99.h5
 WARNING: Negative value(s) found on probability table for nuclide Mo99 at 250K
 WARNING: Negative value(s) found on probability table for nuclide Mo99 at 294K
 WARNING: Negative value(s) found on probability table for nuclide Mo99 at 600K
 WARNING: Negative value(s) found on probability table for nuclide Mo99 at 900K
 WARNING: Negative value(s) found on probability table for nuclide Mo99 at 1200K
 WARNING: Negative value(s) found on probability table for nuclide Mo99 at 2500K
 Reading Mo100 from /home/diogo/openmc_data/endfb-vii.1-hdf5/neutron/Mo100.h5
 Reading Tc99 from /home/diogo/openmc_data/endfb-vii.1-hdf5/neutron/Tc99.h5
 Reading Ru98 from /home/diogo/openmc_data/endfb-vii.1-hdf5/neutron/Ru98.h5
 Reading Ru99 from /home/diogo/openmc_data/endfb-vii.1-hdf5/neutron/Ru99.h5
 Reading Ru100 from /home/diogo/openmc_data/endfb-vii.1-hdf5/neutron/Ru100.h5
 Reading Ru101 from /home/diogo/openmc_data/endfb-vii.1-hdf5/neutron/Ru101.h5
 Reading Ru102 from /home/diogo/openmc_data/endfb-vii.1-hdf5/neutron/Ru102.h5
 Reading Ru103 from /home/diogo/openmc_data/endfb-vii.1-hdf5/neutron/Ru103.h5
 Reading Ru104 from /home/diogo/openmc_data/endfb-vii.1-hdf5/neutron/Ru104.h5
 Reading Ru105 from /home/diogo/openmc_data/endfb-vii.1-hdf5/neutron/Ru105.h5
 Reading Ru106 from /home/diogo/openmc_data/endfb-vii.1-hdf5/neutron/Ru106.h5
 Reading Rh103 from /home/diogo/openmc_data/endfb-vii.1-hdf5/neutron/Rh103.h5
 Reading Rh105 from /home/diogo/openmc_data/endfb-vii.1-hdf5/neutron/Rh105.h5
 Reading Pd102 from /home/diogo/openmc_data/endfb-vii.1-hdf5/neutron/Pd102.h5
 Reading Pd104 from /home/diogo/openmc_data/endfb-vii.1-hdf5/neutron/Pd104.h5
 Reading Pd105 from /home/diogo/openmc_data/endfb-vii.1-hdf5/neutron/Pd105.h5
 Reading Pd106 from /home/diogo/openmc_data/endfb-vii.1-hdf5/neutron/Pd106.h5
 Reading Pd107 from /home/diogo/openmc_data/endfb-vii.1-hdf5/neutron/Pd107.h5
 Reading Pd108 from /home/diogo/openmc_data/endfb-vii.1-hdf5/neutron/Pd108.h5
 Reading Pd110 from /home/diogo/openmc_data/endfb-vii.1-hdf5/neutron/Pd110.h5
 Reading Ag110_m1 from
 /home/diogo/openmc_data/endfb-vii.1-hdf5/neutron/Ag110_m1.h5
 Reading Ag111 from /home/diogo/openmc_data/endfb-vii.1-hdf5/neutron/Ag111.h5
 Reading Cd115_m1 from
 /home/diogo/openmc_data/endfb-vii.1-hdf5/neutron/Cd115_m1.h5
 Reading Sn113 from /home/diogo/openmc_data/endfb-vii.1-hdf5/neutron/Sn113.h5
 Reading Sn123 from /home/diogo/openmc_data/endfb-vii.1-hdf5/neutron/Sn123.h5
 WARNING: Negative value(s) found on probability table for nuclide Sn123 at 250K
 WARNING: Negative value(s) found on probability table for nuclide Sn123 at 294K
 WARNING: Negative value(s) found on probability table for nuclide Sn123 at 600K
 WARNING: Negative value(s) found on probability table for nuclide Sn123 at 900K
 WARNING: Negative value(s) found on probability table for nuclide Sn123 at
          1200K
 WARNING: Negative value(s) found on probability table for nuclide Sn123 at
          2500K
 Reading Sn125 from /home/diogo/openmc_data/endfb-vii.1-hdf5/neutron/Sn125.h5
 Reading Sn126 from /home/diogo/openmc_data/endfb-vii.1-hdf5/neutron/Sn126.h5
 Reading Sb121 from /home/diogo/openmc_data/endfb-vii.1-hdf5/neutron/Sb121.h5
 Reading Sb123 from /home/diogo/openmc_data/endfb-vii.1-hdf5/neutron/Sb123.h5
 Reading Sb124 from /home/diogo/openmc_data/endfb-vii.1-hdf5/neutron/Sb124.h5
 Reading Sb125 from /home/diogo/openmc_data/endfb-vii.1-hdf5/neutron/Sb125.h5
 Reading Sb126 from /home/diogo/openmc_data/endfb-vii.1-hdf5/neutron/Sb126.h5
 Reading Te120 from /home/diogo/openmc_data/endfb-vii.1-hdf5/neutron/Te120.h5
 WARNING: Negative value(s) found on probability table for nuclide Te120 at 600K
 WARNING: Negative value(s) found on probability table for nuclide Te120 at 900K
 WARNING: Negative value(s) found on probability table for nuclide Te120 at
          1200K
 WARNING: Negative value(s) found on probability table for nuclide Te120 at
          2500K
 Reading Te122 from /home/diogo/openmc_data/endfb-vii.1-hdf5/neutron/Te122.h5
 Reading Te123 from /home/diogo/openmc_data/endfb-vii.1-hdf5/neutron/Te123.h5
 Reading Te124 from /home/diogo/openmc_data/endfb-vii.1-hdf5/neutron/Te124.h5
 Reading Te125 from /home/diogo/openmc_data/endfb-vii.1-hdf5/neutron/Te125.h5
 Reading Te126 from /home/diogo/openmc_data/endfb-vii.1-hdf5/neutron/Te126.h5
 Reading Te127_m1 from
 /home/diogo/openmc_data/endfb-vii.1-hdf5/neutron/Te127_m1.h5
 Reading Te128 from /home/diogo/openmc_data/endfb-vii.1-hdf5/neutron/Te128.h5
 Reading Te129_m1 from
 /home/diogo/openmc_data/endfb-vii.1-hdf5/neutron/Te129_m1.h5
 Reading Te130 from /home/diogo/openmc_data/endfb-vii.1-hdf5/neutron/Te130.h5
 Reading Te132 from /home/diogo/openmc_data/endfb-vii.1-hdf5/neutron/Te132.h5
 Reading I127 from /home/diogo/openmc_data/endfb-vii.1-hdf5/neutron/I127.h5
 Reading I129 from /home/diogo/openmc_data/endfb-vii.1-hdf5/neutron/I129.h5
 Reading I130 from /home/diogo/openmc_data/endfb-vii.1-hdf5/neutron/I130.h5
 Reading I131 from /home/diogo/openmc_data/endfb-vii.1-hdf5/neutron/I131.h5
 WARNING: Negative value(s) found on probability table for nuclide I131 at 250K
 WARNING: Negative value(s) found on probability table for nuclide I131 at 294K
 WARNING: Negative value(s) found on probability table for nuclide I131 at 600K
 WARNING: Negative value(s) found on probability table for nuclide I131 at 900K
 WARNING: Negative value(s) found on probability table for nuclide I131 at 1200K
 WARNING: Negative value(s) found on probability table for nuclide I131 at 2500K
 Reading I135 from /home/diogo/openmc_data/endfb-vii.1-hdf5/neutron/I135.h5
 Reading Xe126 from /home/diogo/openmc_data/endfb-vii.1-hdf5/neutron/Xe126.h5
 Reading Xe128 from /home/diogo/openmc_data/endfb-vii.1-hdf5/neutron/Xe128.h5
 Reading Xe129 from /home/diogo/openmc_data/endfb-vii.1-hdf5/neutron/Xe129.h5
 Reading Xe130 from /home/diogo/openmc_data/endfb-vii.1-hdf5/neutron/Xe130.h5
 Reading Xe131 from /home/diogo/openmc_data/endfb-vii.1-hdf5/neutron/Xe131.h5
 Reading Xe132 from /home/diogo/openmc_data/endfb-vii.1-hdf5/neutron/Xe132.h5
 Reading Xe133 from /home/diogo/openmc_data/endfb-vii.1-hdf5/neutron/Xe133.h5
 WARNING: Negative value(s) found on probability table for nuclide Xe133 at
          2500K
 Reading Xe134 from /home/diogo/openmc_data/endfb-vii.1-hdf5/neutron/Xe134.h5
 Reading Xe135 from /home/diogo/openmc_data/endfb-vii.1-hdf5/neutron/Xe135.h5
 Reading Xe136 from /home/diogo/openmc_data/endfb-vii.1-hdf5/neutron/Xe136.h5
 Reading Cs133 from /home/diogo/openmc_data/endfb-vii.1-hdf5/neutron/Cs133.h5
 Reading Cs134 from /home/diogo/openmc_data/endfb-vii.1-hdf5/neutron/Cs134.h5
 Reading Cs135 from /home/diogo/openmc_data/endfb-vii.1-hdf5/neutron/Cs135.h5
 Reading Cs136 from /home/diogo/openmc_data/endfb-vii.1-hdf5/neutron/Cs136.h5
 WARNING: Negative value(s) found on probability table for nuclide Cs136 at 250K
 WARNING: Negative value(s) found on probability table for nuclide Cs136 at 294K
 WARNING: Negative value(s) found on probability table for nuclide Cs136 at 600K
 WARNING: Negative value(s) found on probability table for nuclide Cs136 at 900K
 WARNING: Negative value(s) found on probability table for nuclide Cs136 at
          1200K
 WARNING: Negative value(s) found on probability table for nuclide Cs136 at
          2500K
 Reading Cs137 from /home/diogo/openmc_data/endfb-vii.1-hdf5/neutron/Cs137.h5
 Reading Ba132 from /home/diogo/openmc_data/endfb-vii.1-hdf5/neutron/Ba132.h5
 Reading Ba133 from /home/diogo/openmc_data/endfb-vii.1-hdf5/neutron/Ba133.h5
 Reading Ba134 from /home/diogo/openmc_data/endfb-vii.1-hdf5/neutron/Ba134.h5
 Reading Ba135 from /home/diogo/openmc_data/endfb-vii.1-hdf5/neutron/Ba135.h5
 Reading Ba136 from /home/diogo/openmc_data/endfb-vii.1-hdf5/neutron/Ba136.h5
 Reading Ba137 from /home/diogo/openmc_data/endfb-vii.1-hdf5/neutron/Ba137.h5
 Reading Ba138 from /home/diogo/openmc_data/endfb-vii.1-hdf5/neutron/Ba138.h5
 Reading Ba140 from /home/diogo/openmc_data/endfb-vii.1-hdf5/neutron/Ba140.h5
 Reading La138 from /home/diogo/openmc_data/endfb-vii.1-hdf5/neutron/La138.h5
 Reading La139 from /home/diogo/openmc_data/endfb-vii.1-hdf5/neutron/La139.h5
 Reading La140 from /home/diogo/openmc_data/endfb-vii.1-hdf5/neutron/La140.h5
 Reading Ce138 from /home/diogo/openmc_data/endfb-vii.1-hdf5/neutron/Ce138.h5
 Reading Ce139 from /home/diogo/openmc_data/endfb-vii.1-hdf5/neutron/Ce139.h5
 Reading Ce140 from /home/diogo/openmc_data/endfb-vii.1-hdf5/neutron/Ce140.h5
 Reading Ce141 from /home/diogo/openmc_data/endfb-vii.1-hdf5/neutron/Ce141.h5
 Reading Ce142 from /home/diogo/openmc_data/endfb-vii.1-hdf5/neutron/Ce142.h5
 Reading Ce143 from /home/diogo/openmc_data/endfb-vii.1-hdf5/neutron/Ce143.h5
 Reading Ce144 from /home/diogo/openmc_data/endfb-vii.1-hdf5/neutron/Ce144.h5
 Reading Pr141 from /home/diogo/openmc_data/endfb-vii.1-hdf5/neutron/Pr141.h5
 Reading Pr142 from /home/diogo/openmc_data/endfb-vii.1-hdf5/neutron/Pr142.h5
 Reading Pr143 from /home/diogo/openmc_data/endfb-vii.1-hdf5/neutron/Pr143.h5
 Reading Nd142 from /home/diogo/openmc_data/endfb-vii.1-hdf5/neutron/Nd142.h5
 Reading Nd143 from /home/diogo/openmc_data/endfb-vii.1-hdf5/neutron/Nd143.h5
 Reading Nd144 from /home/diogo/openmc_data/endfb-vii.1-hdf5/neutron/Nd144.h5
 Reading Nd145 from /home/diogo/openmc_data/endfb-vii.1-hdf5/neutron/Nd145.h5
 Reading Nd146 from /home/diogo/openmc_data/endfb-vii.1-hdf5/neutron/Nd146.h5
 Reading Nd147 from /home/diogo/openmc_data/endfb-vii.1-hdf5/neutron/Nd147.h5
 Reading Nd148 from /home/diogo/openmc_data/endfb-vii.1-hdf5/neutron/Nd148.h5
 Reading Nd150 from /home/diogo/openmc_data/endfb-vii.1-hdf5/neutron/Nd150.h5
 Reading Pm147 from /home/diogo/openmc_data/endfb-vii.1-hdf5/neutron/Pm147.h5
 Reading Pm148 from /home/diogo/openmc_data/endfb-vii.1-hdf5/neutron/Pm148.h5
 Reading Pm148_m1 from
 /home/diogo/openmc_data/endfb-vii.1-hdf5/neutron/Pm148_m1.h5
 Reading Pm149 from /home/diogo/openmc_data/endfb-vii.1-hdf5/neutron/Pm149.h5
 Reading Pm151 from /home/diogo/openmc_data/endfb-vii.1-hdf5/neutron/Pm151.h5
 Reading Sm144 from /home/diogo/openmc_data/endfb-vii.1-hdf5/neutron/Sm144.h5
 Reading Sm147 from /home/diogo/openmc_data/endfb-vii.1-hdf5/neutron/Sm147.h5
 Reading Sm148 from /home/diogo/openmc_data/endfb-vii.1-hdf5/neutron/Sm148.h5
 Reading Sm149 from /home/diogo/openmc_data/endfb-vii.1-hdf5/neutron/Sm149.h5
 Reading Sm150 from /home/diogo/openmc_data/endfb-vii.1-hdf5/neutron/Sm150.h5
 Reading Sm151 from /home/diogo/openmc_data/endfb-vii.1-hdf5/neutron/Sm151.h5
 Reading Sm152 from /home/diogo/openmc_data/endfb-vii.1-hdf5/neutron/Sm152.h5
 Reading Sm153 from /home/diogo/openmc_data/endfb-vii.1-hdf5/neutron/Sm153.h5
 Reading Sm154 from /home/diogo/openmc_data/endfb-vii.1-hdf5/neutron/Sm154.h5
 Reading Eu151 from /home/diogo/openmc_data/endfb-vii.1-hdf5/neutron/Eu151.h5
 Reading Eu152 from /home/diogo/openmc_data/endfb-vii.1-hdf5/neutron/Eu152.h5
 Reading Eu153 from /home/diogo/openmc_data/endfb-vii.1-hdf5/neutron/Eu153.h5
 Reading Eu154 from /home/diogo/openmc_data/endfb-vii.1-hdf5/neutron/Eu154.h5
 Reading Eu155 from /home/diogo/openmc_data/endfb-vii.1-hdf5/neutron/Eu155.h5
 Reading Eu156 from /home/diogo/openmc_data/endfb-vii.1-hdf5/neutron/Eu156.h5
 WARNING: Negative value(s) found on probability table for nuclide Eu156 at 250K
 WARNING: Negative value(s) found on probability table for nuclide Eu156 at 294K
 WARNING: Negative value(s) found on probability table for nuclide Eu156 at 600K
 WARNING: Negative value(s) found on probability table for nuclide Eu156 at 900K
 WARNING: Negative value(s) found on probability table for nuclide Eu156 at
          1200K
 WARNING: Negative value(s) found on probability table for nuclide Eu156 at
          2500K
 Reading Eu157 from /home/diogo/openmc_data/endfb-vii.1-hdf5/neutron/Eu157.h5
 Reading Gd153 from /home/diogo/openmc_data/endfb-vii.1-hdf5/neutron/Gd153.h5
 Reading Tb159 from /home/diogo/openmc_data/endfb-vii.1-hdf5/neutron/Tb159.h5
 Reading Tb160 from /home/diogo/openmc_data/endfb-vii.1-hdf5/neutron/Tb160.h5
 Reading Dy156 from /home/diogo/openmc_data/endfb-vii.1-hdf5/neutron/Dy156.h5
 Reading Dy158 from /home/diogo/openmc_data/endfb-vii.1-hdf5/neutron/Dy158.h5
 Reading Dy160 from /home/diogo/openmc_data/endfb-vii.1-hdf5/neutron/Dy160.h5
 Reading Dy161 from /home/diogo/openmc_data/endfb-vii.1-hdf5/neutron/Dy161.h5
 Reading Dy162 from /home/diogo/openmc_data/endfb-vii.1-hdf5/neutron/Dy162.h5
 Reading Dy163 from /home/diogo/openmc_data/endfb-vii.1-hdf5/neutron/Dy163.h5
 Reading Dy164 from /home/diogo/openmc_data/endfb-vii.1-hdf5/neutron/Dy164.h5
 Reading Ho165 from /home/diogo/openmc_data/endfb-vii.1-hdf5/neutron/Ho165.h5
 Reading Ho166_m1 from
 /home/diogo/openmc_data/endfb-vii.1-hdf5/neutron/Ho166_m1.h5
 Reading Er162 from /home/diogo/openmc_data/endfb-vii.1-hdf5/neutron/Er162.h5
 Reading Er164 from /home/diogo/openmc_data/endfb-vii.1-hdf5/neutron/Er164.h5
 Reading Er166 from /home/diogo/openmc_data/endfb-vii.1-hdf5/neutron/Er166.h5
 Reading Er167 from /home/diogo/openmc_data/endfb-vii.1-hdf5/neutron/Er167.h5
 Reading Er168 from /home/diogo/openmc_data/endfb-vii.1-hdf5/neutron/Er168.h5
 Reading Er170 from /home/diogo/openmc_data/endfb-vii.1-hdf5/neutron/Er170.h5
 Reading Tm168 from /home/diogo/openmc_data/endfb-vii.1-hdf5/neutron/Tm168.h5
 Reading Tm169 from /home/diogo/openmc_data/endfb-vii.1-hdf5/neutron/Tm169.h5
 Reading Tm170 from /home/diogo/openmc_data/endfb-vii.1-hdf5/neutron/Tm170.h5
 Reading Hg199 from /home/diogo/openmc_data/endfb-vii.1-hdf5/neutron/Hg199.h5
 Reading Hg200 from /home/diogo/openmc_data/endfb-vii.1-hdf5/neutron/Hg200.h5
 Reading Hg201 from /home/diogo/openmc_data/endfb-vii.1-hdf5/neutron/Hg201.h5
 Reading Hg202 from /home/diogo/openmc_data/endfb-vii.1-hdf5/neutron/Hg202.h5
 Reading Hg204 from /home/diogo/openmc_data/endfb-vii.1-hdf5/neutron/Hg204.h5
 Reading Tl203 from /home/diogo/openmc_data/endfb-vii.1-hdf5/neutron/Tl203.h5
 Reading Tl205 from /home/diogo/openmc_data/endfb-vii.1-hdf5/neutron/Tl205.h5
 Reading Pb204 from /home/diogo/openmc_data/endfb-vii.1-hdf5/neutron/Pb204.h5
 Reading Pb206 from /home/diogo/openmc_data/endfb-vii.1-hdf5/neutron/Pb206.h5
 Reading Pb207 from /home/diogo/openmc_data/endfb-vii.1-hdf5/neutron/Pb207.h5
 Reading Pb208 from /home/diogo/openmc_data/endfb-vii.1-hdf5/neutron/Pb208.h5
 Reading Bi209 from /home/diogo/openmc_data/endfb-vii.1-hdf5/neutron/Bi209.h5
 Reading Ra223 from /home/diogo/openmc_data/endfb-vii.1-hdf5/neutron/Ra223.h5
 Reading Ra224 from /home/diogo/openmc_data/endfb-vii.1-hdf5/neutron/Ra224.h5
 Reading Ra225 from /home/diogo/openmc_data/endfb-vii.1-hdf5/neutron/Ra225.h5
 Reading Ra226 from /home/diogo/openmc_data/endfb-vii.1-hdf5/neutron/Ra226.h5
 Reading Ac225 from /home/diogo/openmc_data/endfb-vii.1-hdf5/neutron/Ac225.h5
 Reading Ac226 from /home/diogo/openmc_data/endfb-vii.1-hdf5/neutron/Ac226.h5
 Reading Ac227 from /home/diogo/openmc_data/endfb-vii.1-hdf5/neutron/Ac227.h5
 Reading Th227 from /home/diogo/openmc_data/endfb-vii.1-hdf5/neutron/Th227.h5
 Reading Th228 from /home/diogo/openmc_data/endfb-vii.1-hdf5/neutron/Th228.h5
 Reading Th229 from /home/diogo/openmc_data/endfb-vii.1-hdf5/neutron/Th229.h5
 Reading Th230 from /home/diogo/openmc_data/endfb-vii.1-hdf5/neutron/Th230.h5
 Reading Th231 from /home/diogo/openmc_data/endfb-vii.1-hdf5/neutron/Th231.h5
 Reading Th232 from /home/diogo/openmc_data/endfb-vii.1-hdf5/neutron/Th232.h5
 Reading Th233 from /home/diogo/openmc_data/endfb-vii.1-hdf5/neutron/Th233.h5
 Reading Th234 from /home/diogo/openmc_data/endfb-vii.1-hdf5/neutron/Th234.h5
 Reading Pa229 from /home/diogo/openmc_data/endfb-vii.1-hdf5/neutron/Pa229.h5
 Reading Pa230 from /home/diogo/openmc_data/endfb-vii.1-hdf5/neutron/Pa230.h5
 Reading Pa231 from /home/diogo/openmc_data/endfb-vii.1-hdf5/neutron/Pa231.h5
 Reading Pa232 from /home/diogo/openmc_data/endfb-vii.1-hdf5/neutron/Pa232.h5
 Reading Pa233 from /home/diogo/openmc_data/endfb-vii.1-hdf5/neutron/Pa233.h5
 Reading U230 from /home/diogo/openmc_data/endfb-vii.1-hdf5/neutron/U230.h5
 Reading U231 from /home/diogo/openmc_data/endfb-vii.1-hdf5/neutron/U231.h5
 Reading U232 from /home/diogo/openmc_data/endfb-vii.1-hdf5/neutron/U232.h5
 Reading U233 from /home/diogo/openmc_data/endfb-vii.1-hdf5/neutron/U233.h5
 Reading U236 from /home/diogo/openmc_data/endfb-vii.1-hdf5/neutron/U236.h5
 Reading U237 from /home/diogo/openmc_data/endfb-vii.1-hdf5/neutron/U237.h5
 Reading U239 from /home/diogo/openmc_data/endfb-vii.1-hdf5/neutron/U239.h5
 Reading U240 from /home/diogo/openmc_data/endfb-vii.1-hdf5/neutron/U240.h5
 Reading U241 from /home/diogo/openmc_data/endfb-vii.1-hdf5/neutron/U241.h5
 Reading Np234 from /home/diogo/openmc_data/endfb-vii.1-hdf5/neutron/Np234.h5
 Reading Np235 from /home/diogo/openmc_data/endfb-vii.1-hdf5/neutron/Np235.h5
 Reading Np236 from /home/diogo/openmc_data/endfb-vii.1-hdf5/neutron/Np236.h5
 Reading Np237 from /home/diogo/openmc_data/endfb-vii.1-hdf5/neutron/Np237.h5
 Reading Np238 from /home/diogo/openmc_data/endfb-vii.1-hdf5/neutron/Np238.h5
 Reading Np239 from /home/diogo/openmc_data/endfb-vii.1-hdf5/neutron/Np239.h5
 Reading Pu236 from /home/diogo/openmc_data/endfb-vii.1-hdf5/neutron/Pu236.h5
 Reading Pu237 from /home/diogo/openmc_data/endfb-vii.1-hdf5/neutron/Pu237.h5
 Reading Pu238 from /home/diogo/openmc_data/endfb-vii.1-hdf5/neutron/Pu238.h5
 Reading Pu239 from /home/diogo/openmc_data/endfb-vii.1-hdf5/neutron/Pu239.h5
 Reading Pu240 from /home/diogo/openmc_data/endfb-vii.1-hdf5/neutron/Pu240.h5
 Reading Pu241 from /home/diogo/openmc_data/endfb-vii.1-hdf5/neutron/Pu241.h5
 Reading Pu242 from /home/diogo/openmc_data/endfb-vii.1-hdf5/neutron/Pu242.h5
 Reading Pu243 from /home/diogo/openmc_data/endfb-vii.1-hdf5/neutron/Pu243.h5
 Reading Pu244 from /home/diogo/openmc_data/endfb-vii.1-hdf5/neutron/Pu244.h5
 Reading Pu246 from /home/diogo/openmc_data/endfb-vii.1-hdf5/neutron/Pu246.h5
 Reading Am240 from /home/diogo/openmc_data/endfb-vii.1-hdf5/neutron/Am240.h5
 Reading Am241 from /home/diogo/openmc_data/endfb-vii.1-hdf5/neutron/Am241.h5
 Reading Am242 from /home/diogo/openmc_data/endfb-vii.1-hdf5/neutron/Am242.h5
 Reading Am242_m1 from
 /home/diogo/openmc_data/endfb-vii.1-hdf5/neutron/Am242_m1.h5
 Reading Am243 from /home/diogo/openmc_data/endfb-vii.1-hdf5/neutron/Am243.h5
 Reading Am244 from /home/diogo/openmc_data/endfb-vii.1-hdf5/neutron/Am244.h5
 Reading Am244_m1 from
 /home/diogo/openmc_data/endfb-vii.1-hdf5/neutron/Am244_m1.h5
 Reading Cm240 from /home/diogo/openmc_data/endfb-vii.1-hdf5/neutron/Cm240.h5
 Reading Cm241 from /home/diogo/openmc_data/endfb-vii.1-hdf5/neutron/Cm241.h5
 Reading Cm242 from /home/diogo/openmc_data/endfb-vii.1-hdf5/neutron/Cm242.h5
 Reading Cm243 from /home/diogo/openmc_data/endfb-vii.1-hdf5/neutron/Cm243.h5
 Reading Cm244 from /home/diogo/openmc_data/endfb-vii.1-hdf5/neutron/Cm244.h5
 Reading Cm245 from /home/diogo/openmc_data/endfb-vii.1-hdf5/neutron/Cm245.h5
 Reading Cm246 from /home/diogo/openmc_data/endfb-vii.1-hdf5/neutron/Cm246.h5
 Reading Cm247 from /home/diogo/openmc_data/endfb-vii.1-hdf5/neutron/Cm247.h5
 Reading Cm248 from /home/diogo/openmc_data/endfb-vii.1-hdf5/neutron/Cm248.h5
 Reading Cm249 from /home/diogo/openmc_data/endfb-vii.1-hdf5/neutron/Cm249.h5
 Reading Cm250 from /home/diogo/openmc_data/endfb-vii.1-hdf5/neutron/Cm250.h5
 Reading Bk245 from /home/diogo/openmc_data/endfb-vii.1-hdf5/neutron/Bk245.h5
 Reading Bk247 from /home/diogo/openmc_data/endfb-vii.1-hdf5/neutron/Bk247.h5
 Reading Bk248 from /home/diogo/openmc_data/endfb-vii.1-hdf5/neutron/Bk248.h5
 Reading Bk249 from /home/diogo/openmc_data/endfb-vii.1-hdf5/neutron/Bk249.h5
 Reading Bk250 from /home/diogo/openmc_data/endfb-vii.1-hdf5/neutron/Bk250.h5
 Reading Cf248 from /home/diogo/openmc_data/endfb-vii.1-hdf5/neutron/Cf248.h5
 Reading Cf249 from /home/diogo/openmc_data/endfb-vii.1-hdf5/neutron/Cf249.h5
 Reading Cf250 from /home/diogo/openmc_data/endfb-vii.1-hdf5/neutron/Cf250.h5
 WARNING: Negative value(s) found on probability table for nuclide Cf250 at 250K
 WARNING: Negative value(s) found on probability table for nuclide Cf250 at 294K
 WARNING: Negative value(s) found on probability table for nuclide Cf250 at 900K
 WARNING: Negative value(s) found on probability table for nuclide Cf250 at
          1200K
 Reading Cf251 from /home/diogo/openmc_data/endfb-vii.1-hdf5/neutron/Cf251.h5
 Reading Ba130 from /home/diogo/openmc_data/endfb-vii.1-hdf5/neutron/Ba130.h5
 Reading Ce136 from /home/diogo/openmc_data/endfb-vii.1-hdf5/neutron/Ce136.h5
 Reading Ir191 from /home/diogo/openmc_data/endfb-vii.1-hdf5/neutron/Ir191.h5
 Reading Ir193 from /home/diogo/openmc_data/endfb-vii.1-hdf5/neutron/Ir193.h5
 Reading Hg198 from /home/diogo/openmc_data/endfb-vii.1-hdf5/neutron/Hg198.h5
 Reading Bk246 from /home/diogo/openmc_data/endfb-vii.1-hdf5/neutron/Bk246.h5
 Reading Hf179 from /home/diogo/openmc_data/endfb-vii.1-hdf5/neutron/Hf179.h5
 Reading W183 from /home/diogo/openmc_data/endfb-vii.1-hdf5/neutron/W183.h5
 Reading Au197 from /home/diogo/openmc_data/endfb-vii.1-hdf5/neutron/Au197.h5
 Reading Hg196 from /home/diogo/openmc_data/endfb-vii.1-hdf5/neutron/Hg196.h5
 Reading Cf252 from /home/diogo/openmc_data/endfb-vii.1-hdf5/neutron/Cf252.h5
 Reading Cf253 from /home/diogo/openmc_data/endfb-vii.1-hdf5/neutron/Cf253.h5
 Reading Es251 from /home/diogo/openmc_data/endfb-vii.1-hdf5/neutron/Es251.h5
 Reading Es253 from /home/diogo/openmc_data/endfb-vii.1-hdf5/neutron/Es253.h5
 Reading Es254_m1 from
 /home/diogo/openmc_data/endfb-vii.1-hdf5/neutron/Es254_m1.h5
 Reading Cf254 from /home/diogo/openmc_data/endfb-vii.1-hdf5/neutron/Cf254.h5
 Reading Es252 from /home/diogo/openmc_data/endfb-vii.1-hdf5/neutron/Es252.h5
 Reading Es254 from /home/diogo/openmc_data/endfb-vii.1-hdf5/neutron/Es254.h5
 Reading Es255 from /home/diogo/openmc_data/endfb-vii.1-hdf5/neutron/Es255.h5
 Reading Fm255 from /home/diogo/openmc_data/endfb-vii.1-hdf5/neutron/Fm255.h5
 Reading Ru96 from /home/diogo/openmc_data/endfb-vii.1-hdf5/neutron/Ru96.h5
 Reading Xe123 from /home/diogo/openmc_data/endfb-vii.1-hdf5/neutron/Xe123.h5
 Reading Xe124 from /home/diogo/openmc_data/endfb-vii.1-hdf5/neutron/Xe124.h5
 Reading Lu175 from /home/diogo/openmc_data/endfb-vii.1-hdf5/neutron/Lu175.h5
 Reading Lu176 from /home/diogo/openmc_data/endfb-vii.1-hdf5/neutron/Lu176.h5
 Reading Hf174 from /home/diogo/openmc_data/endfb-vii.1-hdf5/neutron/Hf174.h5
 Reading Hf176 from /home/diogo/openmc_data/endfb-vii.1-hdf5/neutron/Hf176.h5
 Reading Hf177 from /home/diogo/openmc_data/endfb-vii.1-hdf5/neutron/Hf177.h5
 Reading Hf178 from /home/diogo/openmc_data/endfb-vii.1-hdf5/neutron/Hf178.h5
 Reading Hf180 from /home/diogo/openmc_data/endfb-vii.1-hdf5/neutron/Hf180.h5
 Reading W180 from /home/diogo/openmc_data/endfb-vii.1-hdf5/neutron/W180.h5
 Reading W182 from /home/diogo/openmc_data/endfb-vii.1-hdf5/neutron/W182.h5
 Reading W184 from /home/diogo/openmc_data/endfb-vii.1-hdf5/neutron/W184.h5
 Reading W186 from /home/diogo/openmc_data/endfb-vii.1-hdf5/neutron/W186.h5
 Reading Re185 from /home/diogo/openmc_data/endfb-vii.1-hdf5/neutron/Re185.h5
 Reading Re187 from /home/diogo/openmc_data/endfb-vii.1-hdf5/neutron/Re187.h5
 Reading Ta180 from /home/diogo/openmc_data/endfb-vii.1-hdf5/neutron/Ta180.h5
 Reading Ta181 from /home/diogo/openmc_data/endfb-vii.1-hdf5/neutron/Ta181.h5
 Reading Ta182 from /home/diogo/openmc_data/endfb-vii.1-hdf5/neutron/Ta182.h5
 Reading Cf246 from /home/diogo/openmc_data/endfb-vii.1-hdf5/neutron/Cf246.h5
 Reading Be9 from /home/diogo/openmc_data/endfb-vii.1-hdf5/neutron/Be9.h5
 Reading Ca48 from /home/diogo/openmc_data/endfb-vii.1-hdf5/neutron/Ca48.h5
 Reading Co58_m1 from
 /home/diogo/openmc_data/endfb-vii.1-hdf5/neutron/Co58_m1.h5
 Maximum neutron transport energy: 20000000 eV for H1
 Initializing source particles...

 ====================>     K EIGENVALUE SIMULATION     <====================

  Bat./Gen.      k       Entropy         Average k 
  =========   ========   ========   ====================
        1/1    0.93377    5.54695
        2/1    0.96262    5.52077
        3/1    0.95467    5.49404
        4/1    0.95702    5.49047
        5/1    0.95132    5.47672
        6/1    0.95125    5.47772
        7/1    0.98451    5.47334
        8/1    0.98536    5.48473
        9/1    0.98254    5.47389
       10/1    0.97772    5.46813
       11/1    0.98529    5.46861
       12/1    0.97423    5.47883
       13/1    0.98293    5.47539
       14/1    0.97119    5.47428
       15/1    0.97078    5.46970
       16/1    0.98457    5.48153
       17/1    0.98515    5.47024
       18/1    0.98351    5.46781
       19/1    0.99324    5.47918
       20/1    0.98460    5.47631
       21/1    0.97719    5.48420
       22/1    0.97574    5.48143
       23/1    0.96292    5.47978
       24/1    0.96775    5.46991
       25/1    0.97411    5.46724
       26/1    0.99530    5.48935
       27/1    0.97123    5.47911
       28/1    0.97208    5.47434
       29/1    0.97513    5.47107
       30/1    0.98174    5.47415
       31/1    0.98073    5.46347
       32/1    0.97670    5.47306
       33/1    0.97246    5.46990
       34/1    0.98007    5.46205
       35/1    0.98171    5.46887
       36/1    0.97963    5.45173
       37/1    0.99195    5.46512
       38/1    1.00195    5.48164
       39/1    0.98464    5.48612
       40/1    0.98162    5.48656
       41/1    0.97309    5.47188
       42/1    0.96545    5.48573
       43/1    0.98754    5.47172
       44/1    0.98922    5.46369
       45/1    0.97122    5.47694
       46/1    0.97057    5.45781
       47/1    0.96422    5.47327
       48/1    0.99423    5.48068
       49/1    0.97682    5.46272
       50/1    0.98701    5.46312
       51/1    0.96783    5.44922
       52/1    0.98541    5.45991
       53/1    0.99054    5.47076
       54/1    0.96647    5.45654
       55/1    0.97882    5.46446
       56/1    0.98131    5.46148
       57/1    0.96858    5.47171
       58/1    0.97927    5.47576
       59/1    0.97523    5.47019
       60/1    0.96679    5.48491
       61/1    0.97398    5.48091
       62/1    0.97252    5.48202    0.97325 +/- 0.00073
       63/1    0.99085    5.47571    0.97912 +/- 0.00588
       64/1    0.99343    5.47167    0.98270 +/- 0.00549
       65/1    0.98828    5.48912    0.98381 +/- 0.00439
       66/1    0.97563    5.47895    0.98245 +/- 0.00384
       67/1    0.96675    5.47790    0.98021 +/- 0.00394
       68/1    0.99115    5.47720    0.98157 +/- 0.00368
       69/1    0.97371    5.46888    0.98070 +/- 0.00336
       70/1    0.97347    5.47566    0.97998 +/- 0.00309
       71/1    0.97088    5.47024    0.97915 +/- 0.00292
       72/1    0.99182    5.45270    0.98021 +/- 0.00286
       73/1    0.97836    5.44674    0.98006 +/- 0.00264
       74/1    0.98393    5.47096    0.98034 +/- 0.00246
       75/1    0.97957    5.46365    0.98029 +/- 0.00229
       76/1    0.98625    5.47277    0.98066 +/- 0.00217
       77/1    0.97041    5.48242    0.98006 +/- 0.00213
       78/1    0.97692    5.47954    0.97988 +/- 0.00201
       79/1    0.97431    5.46904    0.97959 +/- 0.00193
       80/1    0.97949    5.46639    0.97959 +/- 0.00183
       81/1    0.98692    5.46789    0.97994 +/- 0.00177
       82/1    0.97677    5.46037    0.97979 +/- 0.00170
       83/1    0.96053    5.47357    0.97895 +/- 0.00183
       84/1    0.99606    5.47577    0.97967 +/- 0.00189
       85/1    0.98097    5.47408    0.97972 +/- 0.00181
       86/1    0.96531    5.47231    0.97916 +/- 0.00183
       87/1    0.97490    5.47690    0.97901 +/- 0.00176
       88/1    0.96750    5.47653    0.97860 +/- 0.00175
       89/1    0.96553    5.48877    0.97815 +/- 0.00175
       90/1    0.95729    5.48625    0.97745 +/- 0.00183
       91/1    0.97735    5.46822    0.97745 +/- 0.00177
       92/1    0.98342    5.47117    0.97763 +/- 0.00172
       93/1    0.97774    5.45469    0.97764 +/- 0.00167
       94/1    0.98849    5.46671    0.97796 +/- 0.00165
       95/1    0.96834    5.47903    0.97768 +/- 0.00162
       96/1    0.97201    5.46407    0.97752 +/- 0.00159
       97/1    0.99359    5.46222    0.97796 +/- 0.00160
       98/1    0.96741    5.47033    0.97768 +/- 0.00158
       99/1    0.94993    5.47317    0.97697 +/- 0.00170
      100/1    0.96612    5.45116    0.97670 +/- 0.00168
      101/1    0.97338    5.46488    0.97662 +/- 0.00164
      102/1    0.98558    5.47787    0.97683 +/- 0.00161
      103/1    0.96741    5.47891    0.97661 +/- 0.00159
      104/1    0.96336    5.47783    0.97631 +/- 0.00158
      105/1    0.97368    5.47739    0.97625 +/- 0.00155
      106/1    0.99051    5.47369    0.97656 +/- 0.00155
      107/1    0.98967    5.48059    0.97684 +/- 0.00154
      108/1    0.97563    5.49331    0.97682 +/- 0.00151
      109/1    0.99154    5.47858    0.97712 +/- 0.00151
      110/1    0.97418    5.47041    0.97706 +/- 0.00148
      111/1    0.98664    5.47178    0.97724 +/- 0.00146
      112/1    0.96130    5.47741    0.97694 +/- 0.00146
      113/1    0.98704    5.47908    0.97713 +/- 0.00145
      114/1    0.97251    5.49266    0.97704 +/- 0.00142
      115/1    0.98085    5.47998    0.97711 +/- 0.00140
      116/1    0.97398    5.47565    0.97706 +/- 0.00137
      117/1    0.97693    5.45779    0.97705 +/- 0.00135
      118/1    0.98441    5.46234    0.97718 +/- 0.00133
      119/1    0.98090    5.47275    0.97724 +/- 0.00131
      120/1    0.96813    5.47767    0.97709 +/- 0.00130
      121/1    0.96921    5.46568    0.97696 +/- 0.00128
      122/1    0.97575    5.47259    0.97694 +/- 0.00126
      123/1    0.97198    5.48455    0.97686 +/- 0.00125
      124/1    0.96565    5.47312    0.97669 +/- 0.00124
      125/1    0.99637    5.47448    0.97699 +/- 0.00126
      126/1    0.97710    5.48029    0.97699 +/- 0.00124
      127/1    0.97847    5.47462    0.97702 +/- 0.00122
      128/1    0.98491    5.48147    0.97713 +/- 0.00121
      129/1    0.96794    5.47137    0.97700 +/- 0.00120
      130/1    0.97562    5.47153    0.97698 +/- 0.00118
      131/1    0.97766    5.47971    0.97699 +/- 0.00116
      132/1    0.97028    5.48775    0.97690 +/- 0.00115
      133/1    0.98570    5.48475    0.97702 +/- 0.00114
      134/1    0.96872    5.47730    0.97690 +/- 0.00113
      135/1    0.98055    5.48972    0.97695 +/- 0.00112
      136/1    0.97271    5.48985    0.97690 +/- 0.00110
      137/1    0.97297    5.48496    0.97685 +/- 0.00109
      138/1    0.96608    5.48545    0.97671 +/- 0.00108
      139/1    0.95546    5.47581    0.97644 +/- 0.00110
      140/1    0.96909    5.47972    0.97635 +/- 0.00109
      141/1    0.98682    5.46771    0.97648 +/- 0.00109
      142/1    0.97901    5.47510    0.97651 +/- 0.00107
      143/1    0.97642    5.49038    0.97651 +/- 0.00106
      144/1    0.97763    5.47294    0.97652 +/- 0.00105
      145/1    0.95115    5.48154    0.97622 +/- 0.00108
      146/1    0.97346    5.47912    0.97619 +/- 0.00107
      147/1    0.98263    5.47375    0.97626 +/- 0.00106
      148/1    0.96891    5.47629    0.97618 +/- 0.00105
      149/1    0.98977    5.46011    0.97633 +/- 0.00105
      150/1    0.97283    5.47343    0.97629 +/- 0.00104
      151/1    0.97671    5.47364    0.97630 +/- 0.00103
      152/1    0.97730    5.46732    0.97631 +/- 0.00101
      153/1    0.97474    5.46760    0.97629 +/- 0.00100
      154/1    0.96083    5.46350    0.97613 +/- 0.00101
      155/1    0.97570    5.47902    0.97612 +/- 0.00100
      156/1    0.97697    5.46664    0.97613 +/- 0.00098
      157/1    0.96627    5.48565    0.97603 +/- 0.00098
      158/1    0.97579    5.48359    0.97603 +/- 0.00097
      159/1    0.98825    5.47083    0.97615 +/- 0.00097
      160/1    0.97583    5.47981    0.97615 +/- 0.00096
 Creating state point statepoint.160.h5...

 =======================>     TIMING STATISTICS     <=======================

 Total time for initialization     = 5.3470e+01 seconds
   Reading cross sections          = 7.6320e+00 seconds
 Total time in simulation          = 4.0338e+02 seconds
   Time in transport only          = 4.0204e+02 seconds
   Time in inactive batches        = 1.1712e+02 seconds
   Time in active batches          = 2.8627e+02 seconds
   Time synchronizing fission bank = 2.9658e-01 seconds
     Sampling source sites         = 2.5786e-01 seconds
     SEND/RECV source sites        = 3.8089e-02 seconds
   Time accumulating tallies       = 7.6065e-01 seconds
   Time writing statepoints        = 2.4191e-02 seconds
 Total time for finalization       = 1.7497e-02 seconds
 Total time elapsed                = 4.5733e+02 seconds
 Calculation Rate (inactive)       = 10246.1 particles/second
 Calculation Rate (active)         = 6986.51 particles/second

 ============================>     RESULTS     <============================

 k-effective (Collision)     = 0.97520 +/- 0.00084
 k-effective (Track-length)  = 0.97615 +/- 0.00096
 k-effective (Absorption)    = 0.97575 +/- 0.00066
 Combined k-effective        = 0.97566 +/- 0.00063
 Leakage Fraction            = 0.00765 +/- 0.00006

 Creating state point openmc_simulation_n6.h5...
[openmc.deplete] t=186069731.2168078 (final operator evaluation)
 Maximum neutron transport energy: 20000000 eV for H1
 Initializing source particles...

 ====================>     K EIGENVALUE SIMULATION     <====================

  Bat./Gen.      k       Entropy         Average k 
  =========   ========   ========   ====================
        1/1    0.90845    5.55023
        2/1    0.93203    5.54497
        3/1    0.94850    5.54755
        4/1    0.93432    5.50339
        5/1    0.94716    5.50217
        6/1    0.93590    5.49460
        7/1    0.94011    5.49860
        8/1    0.94517    5.49523
        9/1    0.95496    5.48234
       10/1    0.96309    5.48679
       11/1    0.95129    5.48670
       12/1    0.94583    5.47883
       13/1    0.93986    5.50143
       14/1    0.94683    5.47780
       15/1    0.94687    5.47597
       16/1    0.94879    5.48286
       17/1    0.94189    5.48250
       18/1    0.95762    5.48493
       19/1    0.96701    5.49401
       20/1    0.93676    5.49060
       21/1    0.95272    5.48136
       22/1    0.96835    5.49544
       23/1    0.96380    5.47668
       24/1    0.95106    5.49772
       25/1    0.94926    5.48533
       26/1    0.94882    5.49830
       27/1    0.96670    5.47907
       28/1    0.94834    5.48003
       29/1    0.94246    5.50301
       30/1    0.95088    5.49727
       31/1    0.93501    5.49308
       32/1    0.95557    5.48246
       33/1    0.95941    5.48958
       34/1    0.95451    5.48612
       35/1    0.95081    5.50518
       36/1    0.95175    5.48872
       37/1    0.94360    5.48565
       38/1    0.95081    5.46613
       39/1    0.95712    5.48184
       40/1    0.94214    5.49271
       41/1    0.93150    5.48043
       42/1    0.95098    5.48050
       43/1    0.94211    5.47575
       44/1    0.94729    5.48453
       45/1    0.95889    5.48569
       46/1    0.95705    5.49561
       47/1    0.95090    5.48584
       48/1    0.95071    5.48810
       49/1    0.94998    5.48808
       50/1    0.95788    5.48541
       51/1    0.95708    5.47372
       52/1    0.94329    5.48818
       53/1    0.95071    5.47253
       54/1    0.95193    5.48522
       55/1    0.94735    5.48027
       56/1    0.93491    5.48725
       57/1    0.94160    5.49577
       58/1    0.93998    5.47938
       59/1    0.95803    5.48360
       60/1    0.95399    5.48375
       61/1    0.95540    5.47523
       62/1    0.94350    5.47049    0.94945 +/- 0.00595
       63/1    0.93870    5.47234    0.94587 +/- 0.00497
       64/1    0.95733    5.47954    0.94873 +/- 0.00453
       65/1    0.96202    5.48825    0.95139 +/- 0.00440
       66/1    0.96047    5.47394    0.95290 +/- 0.00390
       67/1    0.94583    5.48379    0.95189 +/- 0.00345
       68/1    0.96191    5.48717    0.95314 +/- 0.00324
       69/1    0.95417    5.48502    0.95326 +/- 0.00286
       70/1    0.95510    5.48604    0.95344 +/- 0.00256
       71/1    0.95363    5.48357    0.95346 +/- 0.00232
       72/1    0.96739    5.49163    0.95462 +/- 0.00241
       73/1    0.96376    5.49226    0.95532 +/- 0.00233
       74/1    0.94185    5.49169    0.95436 +/- 0.00236
       75/1    0.95353    5.48897    0.95430 +/- 0.00220
       76/1    0.94946    5.48545    0.95400 +/- 0.00208
       77/1    0.94696    5.48067    0.95359 +/- 0.00200
       78/1    0.96943    5.48830    0.95447 +/- 0.00208
       79/1    0.95099    5.48488    0.95428 +/- 0.00197
       80/1    0.94675    5.49266    0.95391 +/- 0.00191
       81/1    0.93835    5.48330    0.95317 +/- 0.00196
       82/1    0.94563    5.49321    0.95282 +/- 0.00190
       83/1    0.95057    5.49375    0.95273 +/- 0.00182
       84/1    0.95202    5.48361    0.95270 +/- 0.00174
       85/1    0.94100    5.48397    0.95223 +/- 0.00174
       86/1    0.95481    5.46467    0.95233 +/- 0.00167
       87/1    0.94552    5.48553    0.95208 +/- 0.00163
       88/1    0.96993    5.48534    0.95271 +/- 0.00169
       89/1    0.94011    5.48590    0.95228 +/- 0.00169
       90/1    0.93634    5.48749    0.95175 +/- 0.00172
       91/1    0.94174    5.47701    0.95142 +/- 0.00169
       92/1    0.94772    5.48069    0.95131 +/- 0.00164
       93/1    0.93534    5.46869    0.95082 +/- 0.00166
       94/1    0.94562    5.47099    0.95067 +/- 0.00162
       95/1    0.95487    5.48465    0.95079 +/- 0.00158
       96/1    0.96179    5.48508    0.95110 +/- 0.00156
       97/1    0.94742    5.47863    0.95100 +/- 0.00152
       98/1    0.94484    5.48737    0.95084 +/- 0.00149
       99/1    0.95299    5.49345    0.95089 +/- 0.00146
      100/1    0.94171    5.49273    0.95066 +/- 0.00144
      101/1    0.93305    5.49585    0.95023 +/- 0.00147
      102/1    0.96266    5.49852    0.95053 +/- 0.00146
      103/1    0.94734    5.49421    0.95045 +/- 0.00143
      104/1    0.94469    5.48757    0.95032 +/- 0.00140
      105/1    0.93621    5.48175    0.95001 +/- 0.00141
      106/1    0.95241    5.48176    0.95006 +/- 0.00138
      107/1    0.94631    5.48551    0.94998 +/- 0.00135
      108/1    0.95698    5.49307    0.95013 +/- 0.00133
      109/1    0.93957    5.48927    0.94991 +/- 0.00132
      110/1    0.95000    5.48733    0.94991 +/- 0.00129
      111/1    0.94899    5.48314    0.94990 +/- 0.00127
      112/1    0.94459    5.48147    0.94979 +/- 0.00125
      113/1    0.95986    5.49830    0.94998 +/- 0.00124
      114/1    0.93938    5.50003    0.94979 +/- 0.00123
      115/1    0.94980    5.48229    0.94979 +/- 0.00121
      116/1    0.94572    5.46748    0.94971 +/- 0.00119
      117/1    0.95377    5.49072    0.94979 +/- 0.00117
      118/1    0.95266    5.47676    0.94984 +/- 0.00115
      119/1    0.95172    5.48561    0.94987 +/- 0.00113
      120/1    0.94075    5.48472    0.94972 +/- 0.00112
      121/1    0.95527    5.48420    0.94981 +/- 0.00111
      122/1    0.94503    5.48837    0.94973 +/- 0.00109
      123/1    0.94160    5.48656    0.94960 +/- 0.00108
      124/1    0.94874    5.48503    0.94959 +/- 0.00106
      125/1    0.95477    5.49065    0.94967 +/- 0.00105
      126/1    0.93657    5.49192    0.94947 +/- 0.00105
      127/1    0.95995    5.49778    0.94962 +/- 0.00105
      128/1    0.94966    5.49278    0.94962 +/- 0.00103
      129/1    0.93939    5.50074    0.94948 +/- 0.00103
      130/1    0.94946    5.49551    0.94948 +/- 0.00102
      131/1    0.95245    5.49451    0.94952 +/- 0.00100
      132/1    0.94101    5.49234    0.94940 +/- 0.00099
      133/1    0.94219    5.48619    0.94930 +/- 0.00099
      134/1    0.96540    5.49190    0.94952 +/- 0.00100
      135/1    0.95436    5.50397    0.94958 +/- 0.00099
      136/1    0.94776    5.49167    0.94956 +/- 0.00097
      137/1    0.94127    5.50359    0.94945 +/- 0.00097
      138/1    0.93426    5.49730    0.94926 +/- 0.00097
      139/1    0.96300    5.50025    0.94943 +/- 0.00098
      140/1    0.94338    5.49833    0.94936 +/- 0.00097
      141/1    0.93904    5.49353    0.94923 +/- 0.00096
      142/1    0.94323    5.50009    0.94915 +/- 0.00095
      143/1    0.94485    5.49561    0.94910 +/- 0.00094
      144/1    0.95058    5.49581    0.94912 +/- 0.00093
      145/1    0.95489    5.47906    0.94919 +/- 0.00092
      146/1    0.94834    5.48776    0.94918 +/- 0.00091
      147/1    0.93200    5.48463    0.94898 +/- 0.00092
      148/1    0.93521    5.48603    0.94882 +/- 0.00093
      149/1    0.94458    5.48179    0.94878 +/- 0.00092
      150/1    0.94744    5.49373    0.94876 +/- 0.00091
      151/1    0.96304    5.48825    0.94892 +/- 0.00091
      152/1    0.95430    5.48508    0.94898 +/- 0.00090
      153/1    0.94882    5.47373    0.94898 +/- 0.00089
      154/1    0.97598    5.47619    0.94926 +/- 0.00093
      155/1    0.95244    5.47083    0.94930 +/- 0.00092
      156/1    0.94837    5.49531    0.94929 +/- 0.00091
      157/1    0.94591    5.48869    0.94925 +/- 0.00090
      158/1    0.95483    5.49064    0.94931 +/- 0.00089
      159/1    0.95481    5.48809    0.94936 +/- 0.00089
      160/1    0.97081    5.48021    0.94958 +/- 0.00090
 Creating state point statepoint.160.h5...

 =======================>     TIMING STATISTICS     <=======================

 Total time for initialization     = 0.0000e+00 seconds
   Reading cross sections          = 0.0000e+00 seconds
 Total time in simulation          = 3.7447e+02 seconds
   Time in transport only          = 3.7317e+02 seconds
   Time in inactive batches        = 1.0313e+02 seconds
   Time in active batches          = 2.7133e+02 seconds
   Time synchronizing fission bank = 2.9725e-01 seconds
     Sampling source sites         = 2.6024e-01 seconds
     SEND/RECV source sites        = 3.6358e-02 seconds
   Time accumulating tallies       = 6.9809e-01 seconds
   Time writing statepoints        = 2.5860e-02 seconds
 Total time for finalization       = 1.6955e-02 seconds
 Total time elapsed                = 3.7496e+02 seconds
 Calculation Rate (inactive)       = 11635.3 particles/second
 Calculation Rate (active)         = 7371.05 particles/second

 ============================>     RESULTS     <============================

 k-effective (Collision)     = 0.95047 +/- 0.00070
 k-effective (Track-length)  = 0.94958 +/- 0.00090
 k-effective (Absorption)    = 0.95138 +/- 0.00060
 Combined k-effective        = 0.95092 +/- 0.00053
 Leakage Fraction            = 0.00801 +/- 0.00007

 Creating state point openmc_simulation_n7.h5...
      chunk 1: B  21.50 MWd/kgHM k 0.95092 (target 0.96964) [53.5 min]
[d70] EFPD 1850.4 d (archive 2279.7), c_max 1840 (archive 1840), hump +0 pcm [8 solves, 0.89 h]
[d88] 3D hardware core, 8 layers, 14 fuel segments, 96 depletable materials, seed 376224237, transport {'particles': 20000, 'batches': 160, 'inactive': 60}, end of cycle relative, ratio 0.95162
                                %%%%%%%%%%%%%%%
                           %%%%%%%%%%%%%%%%%%%%%%%%
                        %%%%%%%%%%%%%%%%%%%%%%%%%%%%%%
                      %%%%%%%%%%%%%%%%%%%%%%%%%%%%%%%%%%
                    %%%%%%%%%%%%%%%%%%%%%%%%%%%%%%%%%%%%%%
                   %%%%%%%%%%%%%%%%%%%%%%%%%%%%%%%%%%%%%%%%
                                    %%%%%%%%%%%%%%%%%%%%%%%%
                                     %%%%%%%%%%%%%%%%%%%%%%%%
                 ###############      %%%%%%%%%%%%%%%%%%%%%%%%
                ##################     %%%%%%%%%%%%%%%%%%%%%%%
                ###################     %%%%%%%%%%%%%%%%%%%%%%%
                ####################     %%%%%%%%%%%%%%%%%%%%%%
                #####################     %%%%%%%%%%%%%%%%%%%%%
                ######################     %%%%%%%%%%%%%%%%%%%%
                #######################     %%%%%%%%%%%%%%%%%%
                 #######################     %%%%%%%%%%%%%%%%%
                 ######################     %%%%%%%%%%%%%%%%%
                  ####################     %%%%%%%%%%%%%%%%%
                    #################     %%%%%%%%%%%%%%%%%
                     ###############     %%%%%%%%%%%%%%%%
                       ############     %%%%%%%%%%%%%%%
                          ########     %%%%%%%%%%%%%%
                                      %%%%%%%%%%%

                 | The OpenMC Monte Carlo Code
       Copyright | 2011-2025 MIT, UChicago Argonne LLC, and contributors
         License | https://docs.openmc.org/en/latest/license.html
         Version | 0.15.3
     Commit Hash | 27e38e894697bb32a1dac7848d2618818b6b8daf
       Date/Time | 2026-09-25 23:51:05
   MPI Processes | 1
  OpenMP Threads | 64

 Reading settings XML file...
 Reading cross sections XML file...
 Reading chain file: /home/diogo/openmc_data/chain_endfb71_pwr.xml...
 Reading materials XML file...
 Reading geometry XML file...
 Reading H1 from /home/diogo/openmc_data/endfb-vii.1-hdf5/neutron/H1.h5
 Reading H2 from /home/diogo/openmc_data/endfb-vii.1-hdf5/neutron/H2.h5
 Reading B10 from /home/diogo/openmc_data/endfb-vii.1-hdf5/neutron/B10.h5
 Reading B11 from /home/diogo/openmc_data/endfb-vii.1-hdf5/neutron/B11.h5
 Reading O16 from /home/diogo/openmc_data/endfb-vii.1-hdf5/neutron/O16.h5
 Reading O17 from /home/diogo/openmc_data/endfb-vii.1-hdf5/neutron/O17.h5
 Reading Cr50 from /home/diogo/openmc_data/endfb-vii.1-hdf5/neutron/Cr50.h5
 Reading Cr52 from /home/diogo/openmc_data/endfb-vii.1-hdf5/neutron/Cr52.h5
 Reading Cr53 from /home/diogo/openmc_data/endfb-vii.1-hdf5/neutron/Cr53.h5
 Reading Cr54 from /home/diogo/openmc_data/endfb-vii.1-hdf5/neutron/Cr54.h5
 Reading Mn55 from /home/diogo/openmc_data/endfb-vii.1-hdf5/neutron/Mn55.h5
 Reading Fe54 from /home/diogo/openmc_data/endfb-vii.1-hdf5/neutron/Fe54.h5
 Reading Fe56 from /home/diogo/openmc_data/endfb-vii.1-hdf5/neutron/Fe56.h5
 Reading Fe57 from /home/diogo/openmc_data/endfb-vii.1-hdf5/neutron/Fe57.h5
 Reading Fe58 from /home/diogo/openmc_data/endfb-vii.1-hdf5/neutron/Fe58.h5
 Reading Ni58 from /home/diogo/openmc_data/endfb-vii.1-hdf5/neutron/Ni58.h5
 Reading Ni60 from /home/diogo/openmc_data/endfb-vii.1-hdf5/neutron/Ni60.h5
 Reading Ni61 from /home/diogo/openmc_data/endfb-vii.1-hdf5/neutron/Ni61.h5
 Reading Ni62 from /home/diogo/openmc_data/endfb-vii.1-hdf5/neutron/Ni62.h5
 Reading Ni64 from /home/diogo/openmc_data/endfb-vii.1-hdf5/neutron/Ni64.h5
 Reading Zr90 from /home/diogo/openmc_data/endfb-vii.1-hdf5/neutron/Zr90.h5
 Reading Zr91 from /home/diogo/openmc_data/endfb-vii.1-hdf5/neutron/Zr91.h5
 Reading Zr92 from /home/diogo/openmc_data/endfb-vii.1-hdf5/neutron/Zr92.h5
 Reading Zr94 from /home/diogo/openmc_data/endfb-vii.1-hdf5/neutron/Zr94.h5
 Reading Zr96 from /home/diogo/openmc_data/endfb-vii.1-hdf5/neutron/Zr96.h5
 Reading Sn112 from /home/diogo/openmc_data/endfb-vii.1-hdf5/neutron/Sn112.h5
 Reading Sn114 from /home/diogo/openmc_data/endfb-vii.1-hdf5/neutron/Sn114.h5
 Reading Sn115 from /home/diogo/openmc_data/endfb-vii.1-hdf5/neutron/Sn115.h5
 Reading Sn116 from /home/diogo/openmc_data/endfb-vii.1-hdf5/neutron/Sn116.h5
 Reading Sn117 from /home/diogo/openmc_data/endfb-vii.1-hdf5/neutron/Sn117.h5
 Reading Sn118 from /home/diogo/openmc_data/endfb-vii.1-hdf5/neutron/Sn118.h5
 Reading Sn119 from /home/diogo/openmc_data/endfb-vii.1-hdf5/neutron/Sn119.h5
 Reading Sn120 from /home/diogo/openmc_data/endfb-vii.1-hdf5/neutron/Sn120.h5
 Reading Sn122 from /home/diogo/openmc_data/endfb-vii.1-hdf5/neutron/Sn122.h5
 Reading Sn124 from /home/diogo/openmc_data/endfb-vii.1-hdf5/neutron/Sn124.h5
 Reading He3 from /home/diogo/openmc_data/endfb-vii.1-hdf5/neutron/He3.h5
 Reading He4 from /home/diogo/openmc_data/endfb-vii.1-hdf5/neutron/He4.h5
 Reading U234 from /home/diogo/openmc_data/endfb-vii.1-hdf5/neutron/U234.h5
 Reading U235 from /home/diogo/openmc_data/endfb-vii.1-hdf5/neutron/U235.h5
 Reading U238 from /home/diogo/openmc_data/endfb-vii.1-hdf5/neutron/U238.h5
 Reading Gd152 from /home/diogo/openmc_data/endfb-vii.1-hdf5/neutron/Gd152.h5
 Reading Gd154 from /home/diogo/openmc_data/endfb-vii.1-hdf5/neutron/Gd154.h5
 Reading Gd155 from /home/diogo/openmc_data/endfb-vii.1-hdf5/neutron/Gd155.h5
 Reading Gd156 from /home/diogo/openmc_data/endfb-vii.1-hdf5/neutron/Gd156.h5
 Reading Gd157 from /home/diogo/openmc_data/endfb-vii.1-hdf5/neutron/Gd157.h5
 Reading Gd158 from /home/diogo/openmc_data/endfb-vii.1-hdf5/neutron/Gd158.h5
 Reading Gd160 from /home/diogo/openmc_data/endfb-vii.1-hdf5/neutron/Gd160.h5
 Reading Si28 from /home/diogo/openmc_data/endfb-vii.1-hdf5/neutron/Si28.h5
 Reading Si29 from /home/diogo/openmc_data/endfb-vii.1-hdf5/neutron/Si29.h5
 Reading Si30 from /home/diogo/openmc_data/endfb-vii.1-hdf5/neutron/Si30.h5
 Reading Ag107 from /home/diogo/openmc_data/endfb-vii.1-hdf5/neutron/Ag107.h5
 Reading Ag109 from /home/diogo/openmc_data/endfb-vii.1-hdf5/neutron/Ag109.h5
 Reading Cd106 from /home/diogo/openmc_data/endfb-vii.1-hdf5/neutron/Cd106.h5
 WARNING: Negative value(s) found on probability table for nuclide Cd106 at 294K
 WARNING: Negative value(s) found on probability table for nuclide Cd106 at 600K
 WARNING: Negative value(s) found on probability table for nuclide Cd106 at 900K
 WARNING: Negative value(s) found on probability table for nuclide Cd106 at
          1200K
 WARNING: Negative value(s) found on probability table for nuclide Cd106 at
          2500K
 Reading Cd108 from /home/diogo/openmc_data/endfb-vii.1-hdf5/neutron/Cd108.h5
 Reading Cd110 from /home/diogo/openmc_data/endfb-vii.1-hdf5/neutron/Cd110.h5
 Reading Cd111 from /home/diogo/openmc_data/endfb-vii.1-hdf5/neutron/Cd111.h5
 Reading Cd112 from /home/diogo/openmc_data/endfb-vii.1-hdf5/neutron/Cd112.h5
 Reading Cd113 from /home/diogo/openmc_data/endfb-vii.1-hdf5/neutron/Cd113.h5
 Reading Cd114 from /home/diogo/openmc_data/endfb-vii.1-hdf5/neutron/Cd114.h5
 Reading Cd116 from /home/diogo/openmc_data/endfb-vii.1-hdf5/neutron/Cd116.h5
 Reading In113 from /home/diogo/openmc_data/endfb-vii.1-hdf5/neutron/In113.h5
 Reading In115 from /home/diogo/openmc_data/endfb-vii.1-hdf5/neutron/In115.h5
 Reading c_H_in_H2O from
 /home/diogo/openmc_data/endfb-vii.1-hdf5/neutron/c_H_in_H2O.h5
 Minimum neutron data temperature: 0 K
 Maximum neutron data temperature: 1.7976931348623157e+308 K
 Reading tallies XML file...
 Preparing distributed cell instances...
 Reading plot XML file...
 Writing summary.h5 file...
[openmc.deplete] t=0.0 s, dt=4327203.051553669 s, source=47662824.37942663
 Reading H3 from /home/diogo/openmc_data/endfb-vii.1-hdf5/neutron/H3.h5
 Reading Li6 from /home/diogo/openmc_data/endfb-vii.1-hdf5/neutron/Li6.h5
 Reading Li7 from /home/diogo/openmc_data/endfb-vii.1-hdf5/neutron/Li7.h5
 Reading Be9 from /home/diogo/openmc_data/endfb-vii.1-hdf5/neutron/Be9.h5
 Reading N14 from /home/diogo/openmc_data/endfb-vii.1-hdf5/neutron/N14.h5
 Reading N15 from /home/diogo/openmc_data/endfb-vii.1-hdf5/neutron/N15.h5
 Reading F19 from /home/diogo/openmc_data/endfb-vii.1-hdf5/neutron/F19.h5
 Reading Na22 from /home/diogo/openmc_data/endfb-vii.1-hdf5/neutron/Na22.h5
 WARNING: Negative value(s) found on probability table for nuclide Na22 at 250K
 WARNING: Negative value(s) found on probability table for nuclide Na22 at 294K
 WARNING: Negative value(s) found on probability table for nuclide Na22 at 600K
 WARNING: Negative value(s) found on probability table for nuclide Na22 at 900K
 WARNING: Negative value(s) found on probability table for nuclide Na22 at 1200K
 WARNING: Negative value(s) found on probability table for nuclide Na22 at 2500K
 Reading Na23 from /home/diogo/openmc_data/endfb-vii.1-hdf5/neutron/Na23.h5
 Reading Mg24 from /home/diogo/openmc_data/endfb-vii.1-hdf5/neutron/Mg24.h5
 Reading Mg25 from /home/diogo/openmc_data/endfb-vii.1-hdf5/neutron/Mg25.h5
 Reading Mg26 from /home/diogo/openmc_data/endfb-vii.1-hdf5/neutron/Mg26.h5
 Reading Al27 from /home/diogo/openmc_data/endfb-vii.1-hdf5/neutron/Al27.h5
 Reading P31 from /home/diogo/openmc_data/endfb-vii.1-hdf5/neutron/P31.h5
 Reading S32 from /home/diogo/openmc_data/endfb-vii.1-hdf5/neutron/S32.h5
 Reading S33 from /home/diogo/openmc_data/endfb-vii.1-hdf5/neutron/S33.h5
 Reading S34 from /home/diogo/openmc_data/endfb-vii.1-hdf5/neutron/S34.h5
 Reading S36 from /home/diogo/openmc_data/endfb-vii.1-hdf5/neutron/S36.h5
 Reading Cl35 from /home/diogo/openmc_data/endfb-vii.1-hdf5/neutron/Cl35.h5
 Reading Cl37 from /home/diogo/openmc_data/endfb-vii.1-hdf5/neutron/Cl37.h5
 Reading Ar36 from /home/diogo/openmc_data/endfb-vii.1-hdf5/neutron/Ar36.h5
 WARNING: Negative value(s) found on probability table for nuclide Ar36 at 250K
 WARNING: Negative value(s) found on probability table for nuclide Ar36 at 294K
 WARNING: Negative value(s) found on probability table for nuclide Ar36 at 600K
 WARNING: Negative value(s) found on probability table for nuclide Ar36 at 900K
 WARNING: Negative value(s) found on probability table for nuclide Ar36 at 1200K
 WARNING: Negative value(s) found on probability table for nuclide Ar36 at 2500K
 Reading Ar38 from /home/diogo/openmc_data/endfb-vii.1-hdf5/neutron/Ar38.h5
 Reading Ar40 from /home/diogo/openmc_data/endfb-vii.1-hdf5/neutron/Ar40.h5
 Reading K39 from /home/diogo/openmc_data/endfb-vii.1-hdf5/neutron/K39.h5
 Reading K40 from /home/diogo/openmc_data/endfb-vii.1-hdf5/neutron/K40.h5
 Reading K41 from /home/diogo/openmc_data/endfb-vii.1-hdf5/neutron/K41.h5
 Reading Ca40 from /home/diogo/openmc_data/endfb-vii.1-hdf5/neutron/Ca40.h5
 Reading Ca42 from /home/diogo/openmc_data/endfb-vii.1-hdf5/neutron/Ca42.h5
 Reading Ca43 from /home/diogo/openmc_data/endfb-vii.1-hdf5/neutron/Ca43.h5
 Reading Ca44 from /home/diogo/openmc_data/endfb-vii.1-hdf5/neutron/Ca44.h5
 Reading Ca46 from /home/diogo/openmc_data/endfb-vii.1-hdf5/neutron/Ca46.h5
 Reading Ca48 from /home/diogo/openmc_data/endfb-vii.1-hdf5/neutron/Ca48.h5
 Reading Sc45 from /home/diogo/openmc_data/endfb-vii.1-hdf5/neutron/Sc45.h5
 Reading Ti46 from /home/diogo/openmc_data/endfb-vii.1-hdf5/neutron/Ti46.h5
 Reading Ti47 from /home/diogo/openmc_data/endfb-vii.1-hdf5/neutron/Ti47.h5
 Reading Ti48 from /home/diogo/openmc_data/endfb-vii.1-hdf5/neutron/Ti48.h5
 Reading Ti49 from /home/diogo/openmc_data/endfb-vii.1-hdf5/neutron/Ti49.h5
 Reading Ti50 from /home/diogo/openmc_data/endfb-vii.1-hdf5/neutron/Ti50.h5
 Reading V50 from /home/diogo/openmc_data/endfb-vii.1-hdf5/neutron/V50.h5
 Reading V51 from /home/diogo/openmc_data/endfb-vii.1-hdf5/neutron/V51.h5
 Reading Co58 from /home/diogo/openmc_data/endfb-vii.1-hdf5/neutron/Co58.h5
 Reading Co58_m1 from
 /home/diogo/openmc_data/endfb-vii.1-hdf5/neutron/Co58_m1.h5
 Reading Co59 from /home/diogo/openmc_data/endfb-vii.1-hdf5/neutron/Co59.h5
 Reading Ni59 from /home/diogo/openmc_data/endfb-vii.1-hdf5/neutron/Ni59.h5
 Reading Cu63 from /home/diogo/openmc_data/endfb-vii.1-hdf5/neutron/Cu63.h5
 Reading Cu65 from /home/diogo/openmc_data/endfb-vii.1-hdf5/neutron/Cu65.h5
 Reading Zn64 from /home/diogo/openmc_data/endfb-vii.1-hdf5/neutron/Zn64.h5
 Reading Zn65 from /home/diogo/openmc_data/endfb-vii.1-hdf5/neutron/Zn65.h5
 Reading Zn66 from /home/diogo/openmc_data/endfb-vii.1-hdf5/neutron/Zn66.h5
 Reading Zn67 from /home/diogo/openmc_data/endfb-vii.1-hdf5/neutron/Zn67.h5
 Reading Zn68 from /home/diogo/openmc_data/endfb-vii.1-hdf5/neutron/Zn68.h5
 Reading Zn70 from /home/diogo/openmc_data/endfb-vii.1-hdf5/neutron/Zn70.h5
 Reading Ga69 from /home/diogo/openmc_data/endfb-vii.1-hdf5/neutron/Ga69.h5
 Reading Ga71 from /home/diogo/openmc_data/endfb-vii.1-hdf5/neutron/Ga71.h5
 Reading Ge70 from /home/diogo/openmc_data/endfb-vii.1-hdf5/neutron/Ge70.h5
 Reading Ge72 from /home/diogo/openmc_data/endfb-vii.1-hdf5/neutron/Ge72.h5
 Reading Ge73 from /home/diogo/openmc_data/endfb-vii.1-hdf5/neutron/Ge73.h5
 Reading Ge74 from /home/diogo/openmc_data/endfb-vii.1-hdf5/neutron/Ge74.h5
 Reading Ge76 from /home/diogo/openmc_data/endfb-vii.1-hdf5/neutron/Ge76.h5
 Reading As74 from /home/diogo/openmc_data/endfb-vii.1-hdf5/neutron/As74.h5
 Reading As75 from /home/diogo/openmc_data/endfb-vii.1-hdf5/neutron/As75.h5
 Reading Se74 from /home/diogo/openmc_data/endfb-vii.1-hdf5/neutron/Se74.h5
 Reading Se76 from /home/diogo/openmc_data/endfb-vii.1-hdf5/neutron/Se76.h5
 Reading Se77 from /home/diogo/openmc_data/endfb-vii.1-hdf5/neutron/Se77.h5
 Reading Se78 from /home/diogo/openmc_data/endfb-vii.1-hdf5/neutron/Se78.h5
 Reading Se79 from /home/diogo/openmc_data/endfb-vii.1-hdf5/neutron/Se79.h5
 WARNING: Negative value(s) found on probability table for nuclide Se79 at 250K
 WARNING: Negative value(s) found on probability table for nuclide Se79 at 294K
 WARNING: Negative value(s) found on probability table for nuclide Se79 at 600K
 WARNING: Negative value(s) found on probability table for nuclide Se79 at 900K
 WARNING: Negative value(s) found on probability table for nuclide Se79 at 1200K
 Reading Se80 from /home/diogo/openmc_data/endfb-vii.1-hdf5/neutron/Se80.h5
 Reading Se82 from /home/diogo/openmc_data/endfb-vii.1-hdf5/neutron/Se82.h5
 Reading Br79 from /home/diogo/openmc_data/endfb-vii.1-hdf5/neutron/Br79.h5
 Reading Br81 from /home/diogo/openmc_data/endfb-vii.1-hdf5/neutron/Br81.h5
 Reading Kr78 from /home/diogo/openmc_data/endfb-vii.1-hdf5/neutron/Kr78.h5
 Reading Kr80 from /home/diogo/openmc_data/endfb-vii.1-hdf5/neutron/Kr80.h5
 Reading Kr82 from /home/diogo/openmc_data/endfb-vii.1-hdf5/neutron/Kr82.h5
 Reading Kr83 from /home/diogo/openmc_data/endfb-vii.1-hdf5/neutron/Kr83.h5
 Reading Kr84 from /home/diogo/openmc_data/endfb-vii.1-hdf5/neutron/Kr84.h5
 Reading Kr85 from /home/diogo/openmc_data/endfb-vii.1-hdf5/neutron/Kr85.h5
 Reading Kr86 from /home/diogo/openmc_data/endfb-vii.1-hdf5/neutron/Kr86.h5
 Reading Rb85 from /home/diogo/openmc_data/endfb-vii.1-hdf5/neutron/Rb85.h5
 Reading Rb86 from /home/diogo/openmc_data/endfb-vii.1-hdf5/neutron/Rb86.h5
 Reading Rb87 from /home/diogo/openmc_data/endfb-vii.1-hdf5/neutron/Rb87.h5
 Reading Sr84 from /home/diogo/openmc_data/endfb-vii.1-hdf5/neutron/Sr84.h5
 Reading Sr86 from /home/diogo/openmc_data/endfb-vii.1-hdf5/neutron/Sr86.h5
 Reading Sr87 from /home/diogo/openmc_data/endfb-vii.1-hdf5/neutron/Sr87.h5
 Reading Sr88 from /home/diogo/openmc_data/endfb-vii.1-hdf5/neutron/Sr88.h5
 Reading Sr89 from /home/diogo/openmc_data/endfb-vii.1-hdf5/neutron/Sr89.h5
 Reading Sr90 from /home/diogo/openmc_data/endfb-vii.1-hdf5/neutron/Sr90.h5
 Reading Y89 from /home/diogo/openmc_data/endfb-vii.1-hdf5/neutron/Y89.h5
 Reading Y90 from /home/diogo/openmc_data/endfb-vii.1-hdf5/neutron/Y90.h5
 Reading Y91 from /home/diogo/openmc_data/endfb-vii.1-hdf5/neutron/Y91.h5
 Reading Zr93 from /home/diogo/openmc_data/endfb-vii.1-hdf5/neutron/Zr93.h5
 Reading Zr95 from /home/diogo/openmc_data/endfb-vii.1-hdf5/neutron/Zr95.h5
 Reading Nb93 from /home/diogo/openmc_data/endfb-vii.1-hdf5/neutron/Nb93.h5
 Reading Nb94 from /home/diogo/openmc_data/endfb-vii.1-hdf5/neutron/Nb94.h5
 WARNING: Negative value(s) found on probability table for nuclide Nb94 at 250K
 WARNING: Negative value(s) found on probability table for nuclide Nb94 at 294K
 WARNING: Negative value(s) found on probability table for nuclide Nb94 at 600K
 WARNING: Negative value(s) found on probability table for nuclide Nb94 at 900K
 WARNING: Negative value(s) found on probability table for nuclide Nb94 at 1200K
 WARNING: Negative value(s) found on probability table for nuclide Nb94 at 2500K
 Reading Nb95 from /home/diogo/openmc_data/endfb-vii.1-hdf5/neutron/Nb95.h5
 WARNING: Negative value(s) found on probability table for nuclide Nb95 at 250K
 WARNING: Negative value(s) found on probability table for nuclide Nb95 at 294K
 WARNING: Negative value(s) found on probability table for nuclide Nb95 at 600K
 WARNING: Negative value(s) found on probability table for nuclide Nb95 at 900K
 WARNING: Negative value(s) found on probability table for nuclide Nb95 at 1200K
 Reading Mo92 from /home/diogo/openmc_data/endfb-vii.1-hdf5/neutron/Mo92.h5
 Reading Mo94 from /home/diogo/openmc_data/endfb-vii.1-hdf5/neutron/Mo94.h5
 Reading Mo95 from /home/diogo/openmc_data/endfb-vii.1-hdf5/neutron/Mo95.h5
 Reading Mo96 from /home/diogo/openmc_data/endfb-vii.1-hdf5/neutron/Mo96.h5
 Reading Mo97 from /home/diogo/openmc_data/endfb-vii.1-hdf5/neutron/Mo97.h5
 Reading Mo98 from /home/diogo/openmc_data/endfb-vii.1-hdf5/neutron/Mo98.h5
 Reading Mo99 from /home/diogo/openmc_data/endfb-vii.1-hdf5/neutron/Mo99.h5
 WARNING: Negative value(s) found on probability table for nuclide Mo99 at 250K
 WARNING: Negative value(s) found on probability table for nuclide Mo99 at 294K
 WARNING: Negative value(s) found on probability table for nuclide Mo99 at 600K
 WARNING: Negative value(s) found on probability table for nuclide Mo99 at 900K
 WARNING: Negative value(s) found on probability table for nuclide Mo99 at 1200K
 WARNING: Negative value(s) found on probability table for nuclide Mo99 at 2500K
 Reading Mo100 from /home/diogo/openmc_data/endfb-vii.1-hdf5/neutron/Mo100.h5
 Reading Tc99 from /home/diogo/openmc_data/endfb-vii.1-hdf5/neutron/Tc99.h5
 Reading Ru96 from /home/diogo/openmc_data/endfb-vii.1-hdf5/neutron/Ru96.h5
 Reading Ru98 from /home/diogo/openmc_data/endfb-vii.1-hdf5/neutron/Ru98.h5
 Reading Ru99 from /home/diogo/openmc_data/endfb-vii.1-hdf5/neutron/Ru99.h5
 Reading Ru100 from /home/diogo/openmc_data/endfb-vii.1-hdf5/neutron/Ru100.h5
 Reading Ru101 from /home/diogo/openmc_data/endfb-vii.1-hdf5/neutron/Ru101.h5
 Reading Ru102 from /home/diogo/openmc_data/endfb-vii.1-hdf5/neutron/Ru102.h5
 Reading Ru103 from /home/diogo/openmc_data/endfb-vii.1-hdf5/neutron/Ru103.h5
 Reading Ru104 from /home/diogo/openmc_data/endfb-vii.1-hdf5/neutron/Ru104.h5
 Reading Ru105 from /home/diogo/openmc_data/endfb-vii.1-hdf5/neutron/Ru105.h5
 Reading Ru106 from /home/diogo/openmc_data/endfb-vii.1-hdf5/neutron/Ru106.h5
 Reading Rh103 from /home/diogo/openmc_data/endfb-vii.1-hdf5/neutron/Rh103.h5
 Reading Rh105 from /home/diogo/openmc_data/endfb-vii.1-hdf5/neutron/Rh105.h5
 Reading Pd102 from /home/diogo/openmc_data/endfb-vii.1-hdf5/neutron/Pd102.h5
 Reading Pd104 from /home/diogo/openmc_data/endfb-vii.1-hdf5/neutron/Pd104.h5
 Reading Pd105 from /home/diogo/openmc_data/endfb-vii.1-hdf5/neutron/Pd105.h5
 Reading Pd106 from /home/diogo/openmc_data/endfb-vii.1-hdf5/neutron/Pd106.h5
 Reading Pd107 from /home/diogo/openmc_data/endfb-vii.1-hdf5/neutron/Pd107.h5
 Reading Pd108 from /home/diogo/openmc_data/endfb-vii.1-hdf5/neutron/Pd108.h5
 Reading Pd110 from /home/diogo/openmc_data/endfb-vii.1-hdf5/neutron/Pd110.h5
 Reading Ag110_m1 from
 /home/diogo/openmc_data/endfb-vii.1-hdf5/neutron/Ag110_m1.h5
 Reading Ag111 from /home/diogo/openmc_data/endfb-vii.1-hdf5/neutron/Ag111.h5
 Reading Cd115_m1 from
 /home/diogo/openmc_data/endfb-vii.1-hdf5/neutron/Cd115_m1.h5
 Reading Sn113 from /home/diogo/openmc_data/endfb-vii.1-hdf5/neutron/Sn113.h5
 Reading Sn123 from /home/diogo/openmc_data/endfb-vii.1-hdf5/neutron/Sn123.h5
 WARNING: Negative value(s) found on probability table for nuclide Sn123 at 250K
 WARNING: Negative value(s) found on probability table for nuclide Sn123 at 294K
 WARNING: Negative value(s) found on probability table for nuclide Sn123 at 600K
 WARNING: Negative value(s) found on probability table for nuclide Sn123 at 900K
 WARNING: Negative value(s) found on probability table for nuclide Sn123 at
          1200K
 WARNING: Negative value(s) found on probability table for nuclide Sn123 at
          2500K
 Reading Sn125 from /home/diogo/openmc_data/endfb-vii.1-hdf5/neutron/Sn125.h5
 Reading Sn126 from /home/diogo/openmc_data/endfb-vii.1-hdf5/neutron/Sn126.h5
 Reading Sb121 from /home/diogo/openmc_data/endfb-vii.1-hdf5/neutron/Sb121.h5
 Reading Sb123 from /home/diogo/openmc_data/endfb-vii.1-hdf5/neutron/Sb123.h5
 Reading Sb124 from /home/diogo/openmc_data/endfb-vii.1-hdf5/neutron/Sb124.h5
 Reading Sb125 from /home/diogo/openmc_data/endfb-vii.1-hdf5/neutron/Sb125.h5
 Reading Sb126 from /home/diogo/openmc_data/endfb-vii.1-hdf5/neutron/Sb126.h5
 Reading Te120 from /home/diogo/openmc_data/endfb-vii.1-hdf5/neutron/Te120.h5
 WARNING: Negative value(s) found on probability table for nuclide Te120 at 600K
 WARNING: Negative value(s) found on probability table for nuclide Te120 at 900K
 WARNING: Negative value(s) found on probability table for nuclide Te120 at
          1200K
 WARNING: Negative value(s) found on probability table for nuclide Te120 at
          2500K
 Reading Te122 from /home/diogo/openmc_data/endfb-vii.1-hdf5/neutron/Te122.h5
 Reading Te123 from /home/diogo/openmc_data/endfb-vii.1-hdf5/neutron/Te123.h5
 Reading Te124 from /home/diogo/openmc_data/endfb-vii.1-hdf5/neutron/Te124.h5
 Reading Te125 from /home/diogo/openmc_data/endfb-vii.1-hdf5/neutron/Te125.h5
 Reading Te126 from /home/diogo/openmc_data/endfb-vii.1-hdf5/neutron/Te126.h5
 Reading Te127_m1 from
 /home/diogo/openmc_data/endfb-vii.1-hdf5/neutron/Te127_m1.h5
 Reading Te128 from /home/diogo/openmc_data/endfb-vii.1-hdf5/neutron/Te128.h5
 Reading Te129_m1 from
 /home/diogo/openmc_data/endfb-vii.1-hdf5/neutron/Te129_m1.h5
 Reading Te130 from /home/diogo/openmc_data/endfb-vii.1-hdf5/neutron/Te130.h5
 Reading Te132 from /home/diogo/openmc_data/endfb-vii.1-hdf5/neutron/Te132.h5
 Reading I127 from /home/diogo/openmc_data/endfb-vii.1-hdf5/neutron/I127.h5
 Reading I129 from /home/diogo/openmc_data/endfb-vii.1-hdf5/neutron/I129.h5
 Reading I130 from /home/diogo/openmc_data/endfb-vii.1-hdf5/neutron/I130.h5
 Reading I131 from /home/diogo/openmc_data/endfb-vii.1-hdf5/neutron/I131.h5
 WARNING: Negative value(s) found on probability table for nuclide I131 at 250K
 WARNING: Negative value(s) found on probability table for nuclide I131 at 294K
 WARNING: Negative value(s) found on probability table for nuclide I131 at 600K
 WARNING: Negative value(s) found on probability table for nuclide I131 at 900K
 WARNING: Negative value(s) found on probability table for nuclide I131 at 1200K
 WARNING: Negative value(s) found on probability table for nuclide I131 at 2500K
 Reading I135 from /home/diogo/openmc_data/endfb-vii.1-hdf5/neutron/I135.h5
 Reading Xe123 from /home/diogo/openmc_data/endfb-vii.1-hdf5/neutron/Xe123.h5
 Reading Xe124 from /home/diogo/openmc_data/endfb-vii.1-hdf5/neutron/Xe124.h5
 Reading Xe126 from /home/diogo/openmc_data/endfb-vii.1-hdf5/neutron/Xe126.h5
 Reading Xe128 from /home/diogo/openmc_data/endfb-vii.1-hdf5/neutron/Xe128.h5
 Reading Xe129 from /home/diogo/openmc_data/endfb-vii.1-hdf5/neutron/Xe129.h5
 Reading Xe130 from /home/diogo/openmc_data/endfb-vii.1-hdf5/neutron/Xe130.h5
 Reading Xe131 from /home/diogo/openmc_data/endfb-vii.1-hdf5/neutron/Xe131.h5
 Reading Xe132 from /home/diogo/openmc_data/endfb-vii.1-hdf5/neutron/Xe132.h5
 Reading Xe133 from /home/diogo/openmc_data/endfb-vii.1-hdf5/neutron/Xe133.h5
 WARNING: Negative value(s) found on probability table for nuclide Xe133 at
          2500K
 Reading Xe134 from /home/diogo/openmc_data/endfb-vii.1-hdf5/neutron/Xe134.h5
 Reading Xe135 from /home/diogo/openmc_data/endfb-vii.1-hdf5/neutron/Xe135.h5
 Reading Xe136 from /home/diogo/openmc_data/endfb-vii.1-hdf5/neutron/Xe136.h5
 Reading Cs133 from /home/diogo/openmc_data/endfb-vii.1-hdf5/neutron/Cs133.h5
 Reading Cs134 from /home/diogo/openmc_data/endfb-vii.1-hdf5/neutron/Cs134.h5
 Reading Cs135 from /home/diogo/openmc_data/endfb-vii.1-hdf5/neutron/Cs135.h5
 Reading Cs136 from /home/diogo/openmc_data/endfb-vii.1-hdf5/neutron/Cs136.h5
 WARNING: Negative value(s) found on probability table for nuclide Cs136 at 250K
 WARNING: Negative value(s) found on probability table for nuclide Cs136 at 294K
 WARNING: Negative value(s) found on probability table for nuclide Cs136 at 600K
 WARNING: Negative value(s) found on probability table for nuclide Cs136 at 900K
 WARNING: Negative value(s) found on probability table for nuclide Cs136 at
          1200K
 WARNING: Negative value(s) found on probability table for nuclide Cs136 at
          2500K
 Reading Cs137 from /home/diogo/openmc_data/endfb-vii.1-hdf5/neutron/Cs137.h5
 Reading Ba130 from /home/diogo/openmc_data/endfb-vii.1-hdf5/neutron/Ba130.h5
 Reading Ba132 from /home/diogo/openmc_data/endfb-vii.1-hdf5/neutron/Ba132.h5
 Reading Ba133 from /home/diogo/openmc_data/endfb-vii.1-hdf5/neutron/Ba133.h5
 Reading Ba134 from /home/diogo/openmc_data/endfb-vii.1-hdf5/neutron/Ba134.h5
 Reading Ba135 from /home/diogo/openmc_data/endfb-vii.1-hdf5/neutron/Ba135.h5
 Reading Ba136 from /home/diogo/openmc_data/endfb-vii.1-hdf5/neutron/Ba136.h5
 Reading Ba137 from /home/diogo/openmc_data/endfb-vii.1-hdf5/neutron/Ba137.h5
 Reading Ba138 from /home/diogo/openmc_data/endfb-vii.1-hdf5/neutron/Ba138.h5
 Reading Ba140 from /home/diogo/openmc_data/endfb-vii.1-hdf5/neutron/Ba140.h5
 Reading La138 from /home/diogo/openmc_data/endfb-vii.1-hdf5/neutron/La138.h5
 Reading La139 from /home/diogo/openmc_data/endfb-vii.1-hdf5/neutron/La139.h5
 Reading La140 from /home/diogo/openmc_data/endfb-vii.1-hdf5/neutron/La140.h5
 Reading Ce136 from /home/diogo/openmc_data/endfb-vii.1-hdf5/neutron/Ce136.h5
 Reading Ce138 from /home/diogo/openmc_data/endfb-vii.1-hdf5/neutron/Ce138.h5
 Reading Ce139 from /home/diogo/openmc_data/endfb-vii.1-hdf5/neutron/Ce139.h5
 Reading Ce140 from /home/diogo/openmc_data/endfb-vii.1-hdf5/neutron/Ce140.h5
 Reading Ce141 from /home/diogo/openmc_data/endfb-vii.1-hdf5/neutron/Ce141.h5
 Reading Ce142 from /home/diogo/openmc_data/endfb-vii.1-hdf5/neutron/Ce142.h5
 Reading Ce143 from /home/diogo/openmc_data/endfb-vii.1-hdf5/neutron/Ce143.h5
 Reading Ce144 from /home/diogo/openmc_data/endfb-vii.1-hdf5/neutron/Ce144.h5
 Reading Pr141 from /home/diogo/openmc_data/endfb-vii.1-hdf5/neutron/Pr141.h5
 Reading Pr142 from /home/diogo/openmc_data/endfb-vii.1-hdf5/neutron/Pr142.h5
 Reading Pr143 from /home/diogo/openmc_data/endfb-vii.1-hdf5/neutron/Pr143.h5
 Reading Nd142 from /home/diogo/openmc_data/endfb-vii.1-hdf5/neutron/Nd142.h5
 Reading Nd143 from /home/diogo/openmc_data/endfb-vii.1-hdf5/neutron/Nd143.h5
 Reading Nd144 from /home/diogo/openmc_data/endfb-vii.1-hdf5/neutron/Nd144.h5
 Reading Nd145 from /home/diogo/openmc_data/endfb-vii.1-hdf5/neutron/Nd145.h5
 Reading Nd146 from /home/diogo/openmc_data/endfb-vii.1-hdf5/neutron/Nd146.h5
 Reading Nd147 from /home/diogo/openmc_data/endfb-vii.1-hdf5/neutron/Nd147.h5
 Reading Nd148 from /home/diogo/openmc_data/endfb-vii.1-hdf5/neutron/Nd148.h5
 Reading Nd150 from /home/diogo/openmc_data/endfb-vii.1-hdf5/neutron/Nd150.h5
 Reading Pm147 from /home/diogo/openmc_data/endfb-vii.1-hdf5/neutron/Pm147.h5
 Reading Pm148 from /home/diogo/openmc_data/endfb-vii.1-hdf5/neutron/Pm148.h5
 Reading Pm148_m1 from
 /home/diogo/openmc_data/endfb-vii.1-hdf5/neutron/Pm148_m1.h5
 Reading Pm149 from /home/diogo/openmc_data/endfb-vii.1-hdf5/neutron/Pm149.h5
 Reading Pm151 from /home/diogo/openmc_data/endfb-vii.1-hdf5/neutron/Pm151.h5
 Reading Sm144 from /home/diogo/openmc_data/endfb-vii.1-hdf5/neutron/Sm144.h5
 Reading Sm147 from /home/diogo/openmc_data/endfb-vii.1-hdf5/neutron/Sm147.h5
 Reading Sm148 from /home/diogo/openmc_data/endfb-vii.1-hdf5/neutron/Sm148.h5
 Reading Sm149 from /home/diogo/openmc_data/endfb-vii.1-hdf5/neutron/Sm149.h5
 Reading Sm150 from /home/diogo/openmc_data/endfb-vii.1-hdf5/neutron/Sm150.h5
 Reading Sm151 from /home/diogo/openmc_data/endfb-vii.1-hdf5/neutron/Sm151.h5
 Reading Sm152 from /home/diogo/openmc_data/endfb-vii.1-hdf5/neutron/Sm152.h5
 Reading Sm153 from /home/diogo/openmc_data/endfb-vii.1-hdf5/neutron/Sm153.h5
 Reading Sm154 from /home/diogo/openmc_data/endfb-vii.1-hdf5/neutron/Sm154.h5
 Reading Eu151 from /home/diogo/openmc_data/endfb-vii.1-hdf5/neutron/Eu151.h5
 Reading Eu152 from /home/diogo/openmc_data/endfb-vii.1-hdf5/neutron/Eu152.h5
 Reading Eu153 from /home/diogo/openmc_data/endfb-vii.1-hdf5/neutron/Eu153.h5
 Reading Eu154 from /home/diogo/openmc_data/endfb-vii.1-hdf5/neutron/Eu154.h5
 Reading Eu155 from /home/diogo/openmc_data/endfb-vii.1-hdf5/neutron/Eu155.h5
 Reading Eu156 from /home/diogo/openmc_data/endfb-vii.1-hdf5/neutron/Eu156.h5
 WARNING: Negative value(s) found on probability table for nuclide Eu156 at 250K
 WARNING: Negative value(s) found on probability table for nuclide Eu156 at 294K
 WARNING: Negative value(s) found on probability table for nuclide Eu156 at 600K
 WARNING: Negative value(s) found on probability table for nuclide Eu156 at 900K
 WARNING: Negative value(s) found on probability table for nuclide Eu156 at
          1200K
 WARNING: Negative value(s) found on probability table for nuclide Eu156 at
          2500K
 Reading Eu157 from /home/diogo/openmc_data/endfb-vii.1-hdf5/neutron/Eu157.h5
 Reading Gd153 from /home/diogo/openmc_data/endfb-vii.1-hdf5/neutron/Gd153.h5
 Reading Tb159 from /home/diogo/openmc_data/endfb-vii.1-hdf5/neutron/Tb159.h5
 Reading Tb160 from /home/diogo/openmc_data/endfb-vii.1-hdf5/neutron/Tb160.h5
 Reading Dy156 from /home/diogo/openmc_data/endfb-vii.1-hdf5/neutron/Dy156.h5
 Reading Dy158 from /home/diogo/openmc_data/endfb-vii.1-hdf5/neutron/Dy158.h5
 Reading Dy160 from /home/diogo/openmc_data/endfb-vii.1-hdf5/neutron/Dy160.h5
 Reading Dy161 from /home/diogo/openmc_data/endfb-vii.1-hdf5/neutron/Dy161.h5
 Reading Dy162 from /home/diogo/openmc_data/endfb-vii.1-hdf5/neutron/Dy162.h5
 Reading Dy163 from /home/diogo/openmc_data/endfb-vii.1-hdf5/neutron/Dy163.h5
 Reading Dy164 from /home/diogo/openmc_data/endfb-vii.1-hdf5/neutron/Dy164.h5
 Reading Ho165 from /home/diogo/openmc_data/endfb-vii.1-hdf5/neutron/Ho165.h5
 Reading Ho166_m1 from
 /home/diogo/openmc_data/endfb-vii.1-hdf5/neutron/Ho166_m1.h5
 Reading Er162 from /home/diogo/openmc_data/endfb-vii.1-hdf5/neutron/Er162.h5
 Reading Er164 from /home/diogo/openmc_data/endfb-vii.1-hdf5/neutron/Er164.h5
 Reading Er166 from /home/diogo/openmc_data/endfb-vii.1-hdf5/neutron/Er166.h5
 Reading Er167 from /home/diogo/openmc_data/endfb-vii.1-hdf5/neutron/Er167.h5
 Reading Er168 from /home/diogo/openmc_data/endfb-vii.1-hdf5/neutron/Er168.h5
 Reading Er170 from /home/diogo/openmc_data/endfb-vii.1-hdf5/neutron/Er170.h5
 Reading Tm168 from /home/diogo/openmc_data/endfb-vii.1-hdf5/neutron/Tm168.h5
 Reading Tm169 from /home/diogo/openmc_data/endfb-vii.1-hdf5/neutron/Tm169.h5
 Reading Tm170 from /home/diogo/openmc_data/endfb-vii.1-hdf5/neutron/Tm170.h5
 Reading Lu175 from /home/diogo/openmc_data/endfb-vii.1-hdf5/neutron/Lu175.h5
 Reading Lu176 from /home/diogo/openmc_data/endfb-vii.1-hdf5/neutron/Lu176.h5
 Reading Hf174 from /home/diogo/openmc_data/endfb-vii.1-hdf5/neutron/Hf174.h5
 Reading Hf176 from /home/diogo/openmc_data/endfb-vii.1-hdf5/neutron/Hf176.h5
 Reading Hf177 from /home/diogo/openmc_data/endfb-vii.1-hdf5/neutron/Hf177.h5
 Reading Hf178 from /home/diogo/openmc_data/endfb-vii.1-hdf5/neutron/Hf178.h5
 Reading Hf179 from /home/diogo/openmc_data/endfb-vii.1-hdf5/neutron/Hf179.h5
 Reading Hf180 from /home/diogo/openmc_data/endfb-vii.1-hdf5/neutron/Hf180.h5
 Reading Ta180 from /home/diogo/openmc_data/endfb-vii.1-hdf5/neutron/Ta180.h5
 Reading Ta181 from /home/diogo/openmc_data/endfb-vii.1-hdf5/neutron/Ta181.h5
 Reading Ta182 from /home/diogo/openmc_data/endfb-vii.1-hdf5/neutron/Ta182.h5
 Reading W180 from /home/diogo/openmc_data/endfb-vii.1-hdf5/neutron/W180.h5
 Reading W182 from /home/diogo/openmc_data/endfb-vii.1-hdf5/neutron/W182.h5
 Reading W183 from /home/diogo/openmc_data/endfb-vii.1-hdf5/neutron/W183.h5
 Reading W184 from /home/diogo/openmc_data/endfb-vii.1-hdf5/neutron/W184.h5
 Reading W186 from /home/diogo/openmc_data/endfb-vii.1-hdf5/neutron/W186.h5
 Reading Re185 from /home/diogo/openmc_data/endfb-vii.1-hdf5/neutron/Re185.h5
 Reading Re187 from /home/diogo/openmc_data/endfb-vii.1-hdf5/neutron/Re187.h5
 Reading Ir191 from /home/diogo/openmc_data/endfb-vii.1-hdf5/neutron/Ir191.h5
 Reading Ir193 from /home/diogo/openmc_data/endfb-vii.1-hdf5/neutron/Ir193.h5
 Reading Au197 from /home/diogo/openmc_data/endfb-vii.1-hdf5/neutron/Au197.h5
 Reading Hg196 from /home/diogo/openmc_data/endfb-vii.1-hdf5/neutron/Hg196.h5
 Reading Hg198 from /home/diogo/openmc_data/endfb-vii.1-hdf5/neutron/Hg198.h5
 Reading Hg199 from /home/diogo/openmc_data/endfb-vii.1-hdf5/neutron/Hg199.h5
 Reading Hg200 from /home/diogo/openmc_data/endfb-vii.1-hdf5/neutron/Hg200.h5
 Reading Hg201 from /home/diogo/openmc_data/endfb-vii.1-hdf5/neutron/Hg201.h5
 Reading Hg202 from /home/diogo/openmc_data/endfb-vii.1-hdf5/neutron/Hg202.h5
 Reading Hg204 from /home/diogo/openmc_data/endfb-vii.1-hdf5/neutron/Hg204.h5
 Reading Tl203 from /home/diogo/openmc_data/endfb-vii.1-hdf5/neutron/Tl203.h5
 Reading Tl205 from /home/diogo/openmc_data/endfb-vii.1-hdf5/neutron/Tl205.h5
 Reading Pb204 from /home/diogo/openmc_data/endfb-vii.1-hdf5/neutron/Pb204.h5
 Reading Pb206 from /home/diogo/openmc_data/endfb-vii.1-hdf5/neutron/Pb206.h5
 Reading Pb207 from /home/diogo/openmc_data/endfb-vii.1-hdf5/neutron/Pb207.h5
 Reading Pb208 from /home/diogo/openmc_data/endfb-vii.1-hdf5/neutron/Pb208.h5
 Reading Bi209 from /home/diogo/openmc_data/endfb-vii.1-hdf5/neutron/Bi209.h5
 Reading Ra223 from /home/diogo/openmc_data/endfb-vii.1-hdf5/neutron/Ra223.h5
 Reading Ra224 from /home/diogo/openmc_data/endfb-vii.1-hdf5/neutron/Ra224.h5
 Reading Ra225 from /home/diogo/openmc_data/endfb-vii.1-hdf5/neutron/Ra225.h5
 Reading Ra226 from /home/diogo/openmc_data/endfb-vii.1-hdf5/neutron/Ra226.h5
 Reading Ac225 from /home/diogo/openmc_data/endfb-vii.1-hdf5/neutron/Ac225.h5
 Reading Ac226 from /home/diogo/openmc_data/endfb-vii.1-hdf5/neutron/Ac226.h5
 Reading Ac227 from /home/diogo/openmc_data/endfb-vii.1-hdf5/neutron/Ac227.h5
 Reading Th227 from /home/diogo/openmc_data/endfb-vii.1-hdf5/neutron/Th227.h5
 Reading Th228 from /home/diogo/openmc_data/endfb-vii.1-hdf5/neutron/Th228.h5
 Reading Th229 from /home/diogo/openmc_data/endfb-vii.1-hdf5/neutron/Th229.h5
 Reading Th230 from /home/diogo/openmc_data/endfb-vii.1-hdf5/neutron/Th230.h5
 Reading Th231 from /home/diogo/openmc_data/endfb-vii.1-hdf5/neutron/Th231.h5
 Reading Th232 from /home/diogo/openmc_data/endfb-vii.1-hdf5/neutron/Th232.h5
 Reading Th233 from /home/diogo/openmc_data/endfb-vii.1-hdf5/neutron/Th233.h5
 Reading Th234 from /home/diogo/openmc_data/endfb-vii.1-hdf5/neutron/Th234.h5
 Reading Pa229 from /home/diogo/openmc_data/endfb-vii.1-hdf5/neutron/Pa229.h5
 Reading Pa230 from /home/diogo/openmc_data/endfb-vii.1-hdf5/neutron/Pa230.h5
 Reading Pa231 from /home/diogo/openmc_data/endfb-vii.1-hdf5/neutron/Pa231.h5
 Reading Pa232 from /home/diogo/openmc_data/endfb-vii.1-hdf5/neutron/Pa232.h5
 Reading Pa233 from /home/diogo/openmc_data/endfb-vii.1-hdf5/neutron/Pa233.h5
 Reading U230 from /home/diogo/openmc_data/endfb-vii.1-hdf5/neutron/U230.h5
 Reading U231 from /home/diogo/openmc_data/endfb-vii.1-hdf5/neutron/U231.h5
 Reading U232 from /home/diogo/openmc_data/endfb-vii.1-hdf5/neutron/U232.h5
 Reading U233 from /home/diogo/openmc_data/endfb-vii.1-hdf5/neutron/U233.h5
 Reading U236 from /home/diogo/openmc_data/endfb-vii.1-hdf5/neutron/U236.h5
 Reading U237 from /home/diogo/openmc_data/endfb-vii.1-hdf5/neutron/U237.h5
 Reading U239 from /home/diogo/openmc_data/endfb-vii.1-hdf5/neutron/U239.h5
 Reading U240 from /home/diogo/openmc_data/endfb-vii.1-hdf5/neutron/U240.h5
 Reading U241 from /home/diogo/openmc_data/endfb-vii.1-hdf5/neutron/U241.h5
 Reading Np234 from /home/diogo/openmc_data/endfb-vii.1-hdf5/neutron/Np234.h5
 Reading Np235 from /home/diogo/openmc_data/endfb-vii.1-hdf5/neutron/Np235.h5
 Reading Np236 from /home/diogo/openmc_data/endfb-vii.1-hdf5/neutron/Np236.h5
 Reading Np237 from /home/diogo/openmc_data/endfb-vii.1-hdf5/neutron/Np237.h5
 Reading Np238 from /home/diogo/openmc_data/endfb-vii.1-hdf5/neutron/Np238.h5
 Reading Np239 from /home/diogo/openmc_data/endfb-vii.1-hdf5/neutron/Np239.h5
 Reading Pu236 from /home/diogo/openmc_data/endfb-vii.1-hdf5/neutron/Pu236.h5
 Reading Pu237 from /home/diogo/openmc_data/endfb-vii.1-hdf5/neutron/Pu237.h5
 Reading Pu238 from /home/diogo/openmc_data/endfb-vii.1-hdf5/neutron/Pu238.h5
 Reading Pu239 from /home/diogo/openmc_data/endfb-vii.1-hdf5/neutron/Pu239.h5
 Reading Pu240 from /home/diogo/openmc_data/endfb-vii.1-hdf5/neutron/Pu240.h5
 Reading Pu241 from /home/diogo/openmc_data/endfb-vii.1-hdf5/neutron/Pu241.h5
 Reading Pu242 from /home/diogo/openmc_data/endfb-vii.1-hdf5/neutron/Pu242.h5
 Reading Pu243 from /home/diogo/openmc_data/endfb-vii.1-hdf5/neutron/Pu243.h5
 Reading Pu244 from /home/diogo/openmc_data/endfb-vii.1-hdf5/neutron/Pu244.h5
 Reading Pu246 from /home/diogo/openmc_data/endfb-vii.1-hdf5/neutron/Pu246.h5
 Reading Am240 from /home/diogo/openmc_data/endfb-vii.1-hdf5/neutron/Am240.h5
 Reading Am241 from /home/diogo/openmc_data/endfb-vii.1-hdf5/neutron/Am241.h5
 Reading Am242 from /home/diogo/openmc_data/endfb-vii.1-hdf5/neutron/Am242.h5
 Reading Am242_m1 from
 /home/diogo/openmc_data/endfb-vii.1-hdf5/neutron/Am242_m1.h5
 Reading Am243 from /home/diogo/openmc_data/endfb-vii.1-hdf5/neutron/Am243.h5
 Reading Am244 from /home/diogo/openmc_data/endfb-vii.1-hdf5/neutron/Am244.h5
 Reading Am244_m1 from
 /home/diogo/openmc_data/endfb-vii.1-hdf5/neutron/Am244_m1.h5
 Reading Cm240 from /home/diogo/openmc_data/endfb-vii.1-hdf5/neutron/Cm240.h5
 Reading Cm241 from /home/diogo/openmc_data/endfb-vii.1-hdf5/neutron/Cm241.h5
 Reading Cm242 from /home/diogo/openmc_data/endfb-vii.1-hdf5/neutron/Cm242.h5
 Reading Cm243 from /home/diogo/openmc_data/endfb-vii.1-hdf5/neutron/Cm243.h5
 Reading Cm244 from /home/diogo/openmc_data/endfb-vii.1-hdf5/neutron/Cm244.h5
 Reading Cm245 from /home/diogo/openmc_data/endfb-vii.1-hdf5/neutron/Cm245.h5
 Reading Cm246 from /home/diogo/openmc_data/endfb-vii.1-hdf5/neutron/Cm246.h5
 Reading Cm247 from /home/diogo/openmc_data/endfb-vii.1-hdf5/neutron/Cm247.h5
 Reading Cm248 from /home/diogo/openmc_data/endfb-vii.1-hdf5/neutron/Cm248.h5
 Reading Cm249 from /home/diogo/openmc_data/endfb-vii.1-hdf5/neutron/Cm249.h5
 Reading Cm250 from /home/diogo/openmc_data/endfb-vii.1-hdf5/neutron/Cm250.h5
 Reading Bk245 from /home/diogo/openmc_data/endfb-vii.1-hdf5/neutron/Bk245.h5
 Reading Bk246 from /home/diogo/openmc_data/endfb-vii.1-hdf5/neutron/Bk246.h5
 Reading Bk247 from /home/diogo/openmc_data/endfb-vii.1-hdf5/neutron/Bk247.h5
 Reading Bk248 from /home/diogo/openmc_data/endfb-vii.1-hdf5/neutron/Bk248.h5
 Reading Bk249 from /home/diogo/openmc_data/endfb-vii.1-hdf5/neutron/Bk249.h5
 Reading Bk250 from /home/diogo/openmc_data/endfb-vii.1-hdf5/neutron/Bk250.h5
 Reading Cf246 from /home/diogo/openmc_data/endfb-vii.1-hdf5/neutron/Cf246.h5
 Reading Cf248 from /home/diogo/openmc_data/endfb-vii.1-hdf5/neutron/Cf248.h5
 Reading Cf249 from /home/diogo/openmc_data/endfb-vii.1-hdf5/neutron/Cf249.h5
 Reading Cf250 from /home/diogo/openmc_data/endfb-vii.1-hdf5/neutron/Cf250.h5
 WARNING: Negative value(s) found on probability table for nuclide Cf250 at 250K
 WARNING: Negative value(s) found on probability table for nuclide Cf250 at 294K
 WARNING: Negative value(s) found on probability table for nuclide Cf250 at 900K
 WARNING: Negative value(s) found on probability table for nuclide Cf250 at
          1200K
 Reading Cf251 from /home/diogo/openmc_data/endfb-vii.1-hdf5/neutron/Cf251.h5
 Reading Cf252 from /home/diogo/openmc_data/endfb-vii.1-hdf5/neutron/Cf252.h5
 Reading Cf253 from /home/diogo/openmc_data/endfb-vii.1-hdf5/neutron/Cf253.h5
 Reading Cf254 from /home/diogo/openmc_data/endfb-vii.1-hdf5/neutron/Cf254.h5
 Reading Es251 from /home/diogo/openmc_data/endfb-vii.1-hdf5/neutron/Es251.h5
 Reading Es252 from /home/diogo/openmc_data/endfb-vii.1-hdf5/neutron/Es252.h5
 Reading Es253 from /home/diogo/openmc_data/endfb-vii.1-hdf5/neutron/Es253.h5
 Reading Es254 from /home/diogo/openmc_data/endfb-vii.1-hdf5/neutron/Es254.h5
 Reading Es254_m1 from
 /home/diogo/openmc_data/endfb-vii.1-hdf5/neutron/Es254_m1.h5
 Reading Es255 from /home/diogo/openmc_data/endfb-vii.1-hdf5/neutron/Es255.h5
 Reading Fm255 from /home/diogo/openmc_data/endfb-vii.1-hdf5/neutron/Fm255.h5
 Maximum neutron transport energy: 20000000 eV for H1
 Initializing source particles...

 ====================>     K EIGENVALUE SIMULATION     <====================

  Bat./Gen.      k       Entropy         Average k 
  =========   ========   ========   ====================
        1/1    0.94336    5.55021
        2/1    1.00562    5.51479
        3/1    1.01436    5.49586
        4/1    1.00320    5.48200
        5/1    1.00730    5.47806
        6/1    0.99052    5.47403
        7/1    1.00747    5.47344
        8/1    1.01630    5.46291
        9/1    1.01966    5.46065
       10/1    0.99010    5.45042
       11/1    1.01106    5.45093
       12/1    1.02734    5.45123
       13/1    1.02204    5.45903
       14/1    1.01726    5.45120
       15/1    1.02418    5.44027
       16/1    1.02297    5.45764
       17/1    1.00891    5.46071
       18/1    1.03059    5.46529
       19/1    1.00505    5.47347
       20/1    1.02294    5.45345
       21/1    1.03316    5.45229
       22/1    1.02735    5.44505
       23/1    1.01680    5.44458
       24/1    1.03459    5.45410
       25/1    1.02871    5.44964
       26/1    1.03120    5.44142
       27/1    1.02500    5.44349
       28/1    1.00586    5.44652
       29/1    1.03085    5.43333
       30/1    1.02388    5.43448
       31/1    1.02335    5.43955
       32/1    1.01807    5.44449
       33/1    1.01887    5.44003
       34/1    1.03133    5.45226
       35/1    1.01914    5.44627
       36/1    1.02189    5.45836
       37/1    1.02007    5.46680
       38/1    1.02559    5.44933
       39/1    1.02449    5.45172
       40/1    1.01894    5.45277
       41/1    1.02444    5.44829
       42/1    1.01484    5.43542
       43/1    1.02196    5.45359
       44/1    1.03130    5.44694
       45/1    1.01939    5.46061
       46/1    1.01680    5.44193
       47/1    1.00880    5.45572
       48/1    1.01527    5.44054
       49/1    1.01537    5.44318
       50/1    1.01529    5.44671
       51/1    1.01780    5.45326
       52/1    1.01784    5.45472
       53/1    1.01494    5.44830
       54/1    1.01740    5.44694
       55/1    1.02546    5.44285
       56/1    0.98953    5.44850
       57/1    1.02962    5.43492
       58/1    1.02468    5.44122
       59/1    1.02244    5.45147
       60/1    1.02346    5.45923
       61/1    1.02129    5.46187
       62/1    1.02062    5.44939    1.02095 +/- 0.00033
       63/1    1.02159    5.45219    1.02117 +/- 0.00029
       64/1    1.01392    5.44802    1.01935 +/- 0.00182
       65/1    1.00970    5.45507    1.01742 +/- 0.00239
       66/1    1.02271    5.44530    1.01830 +/- 0.00214
       67/1    1.02272    5.45610    1.01893 +/- 0.00192
       68/1    1.01315    5.45528    1.01821 +/- 0.00181
       69/1    1.02619    5.45104    1.01910 +/- 0.00183
       70/1    1.02428    5.44288    1.01962 +/- 0.00171
       71/1    1.00157    5.43630    1.01797 +/- 0.00226
       72/1    1.02382    5.45451    1.01846 +/- 0.00212
       73/1    1.01905    5.45836    1.01851 +/- 0.00195
       74/1    1.03327    5.45313    1.01956 +/- 0.00209
       75/1    1.03634    5.45917    1.02068 +/- 0.00224
       76/1    1.02861    5.45450    1.02118 +/- 0.00216
       77/1    1.03704    5.45319    1.02211 +/- 0.00223
       78/1    1.02945    5.45997    1.02252 +/- 0.00214
       79/1    1.02149    5.45136    1.02246 +/- 0.00203
       80/1    1.00901    5.45106    1.02179 +/- 0.00204
       81/1    1.01960    5.45968    1.02169 +/- 0.00194
       82/1    1.04480    5.45359    1.02274 +/- 0.00213
       83/1    1.02828    5.45057    1.02298 +/- 0.00205
       84/1    1.03732    5.43444    1.02357 +/- 0.00205
       85/1    1.03366    5.44517    1.02398 +/- 0.00201
       86/1    1.01928    5.43386    1.02380 +/- 0.00194
       87/1    1.00722    5.43243    1.02318 +/- 0.00196
       88/1    1.01073    5.43895    1.02274 +/- 0.00194
       89/1    1.01749    5.44002    1.02256 +/- 0.00188
       90/1    1.03351    5.44954    1.02292 +/- 0.00186
       91/1    1.03023    5.45250    1.02316 +/- 0.00181
       92/1    1.03363    5.44579    1.02349 +/- 0.00178
       93/1    1.03775    5.44907    1.02392 +/- 0.00178
       94/1    1.01292    5.45351    1.02359 +/- 0.00176
       95/1    1.02778    5.44973    1.02371 +/- 0.00171
       96/1    1.02414    5.45182    1.02373 +/- 0.00166
       97/1    1.01900    5.45760    1.02360 +/- 0.00162
       98/1    1.00975    5.45025    1.02323 +/- 0.00162
       99/1    1.01047    5.46063    1.02291 +/- 0.00161
      100/1    1.01156    5.45215    1.02262 +/- 0.00160
      101/1    1.02351    5.44967    1.02264 +/- 0.00156
      102/1    1.02658    5.44852    1.02274 +/- 0.00152
      103/1    1.01756    5.43577    1.02262 +/- 0.00149
      104/1    1.01709    5.44836    1.02249 +/- 0.00146
      105/1    1.00526    5.44678    1.02211 +/- 0.00148
      106/1    1.01684    5.44937    1.02199 +/- 0.00145
      107/1    1.00793    5.45385    1.02170 +/- 0.00145
      108/1    1.02961    5.45324    1.02186 +/- 0.00143
      109/1    1.01587    5.45571    1.02174 +/- 0.00141
      110/1    1.01842    5.44407    1.02167 +/- 0.00138
      111/1    1.01579    5.44983    1.02156 +/- 0.00136
      112/1    1.03337    5.46093    1.02178 +/- 0.00135
      113/1    1.01356    5.44561    1.02163 +/- 0.00133
      114/1    1.02537    5.44781    1.02170 +/- 0.00131
      115/1    1.02147    5.45362    1.02169 +/- 0.00129
      116/1    1.02162    5.45871    1.02169 +/- 0.00126
      117/1    1.02835    5.47041    1.02181 +/- 0.00125
      118/1    1.00721    5.45483    1.02156 +/- 0.00125
      119/1    1.02088    5.45143    1.02155 +/- 0.00123
      120/1    1.02219    5.44461    1.02156 +/- 0.00121
      121/1    1.03773    5.44427    1.02182 +/- 0.00122
      122/1    1.01989    5.44889    1.02179 +/- 0.00120
      123/1    1.03451    5.44079    1.02199 +/- 0.00120
      124/1    1.01091    5.45479    1.02182 +/- 0.00119
      125/1    1.01617    5.45098    1.02173 +/- 0.00118
      126/1    1.02387    5.44607    1.02176 +/- 0.00116
      127/1    1.03236    5.45365    1.02192 +/- 0.00115
      128/1    1.01378    5.46442    1.02180 +/- 0.00114
      129/1    1.01984    5.46075    1.02177 +/- 0.00112
      130/1    1.02192    5.45111    1.02178 +/- 0.00111
      131/1    1.01574    5.44841    1.02169 +/- 0.00110
      132/1    1.02163    5.43313    1.02169 +/- 0.00108
      133/1    1.03153    5.43780    1.02183 +/- 0.00107
      134/1    1.00883    5.44489    1.02165 +/- 0.00107
      135/1    1.02551    5.44138    1.02170 +/- 0.00106
      136/1    1.02573    5.45775    1.02175 +/- 0.00105
      137/1    1.02276    5.45273    1.02177 +/- 0.00103
      138/1    1.02494    5.43947    1.02181 +/- 0.00102
      139/1    1.02414    5.44160    1.02184 +/- 0.00101
      140/1    1.01447    5.44302    1.02175 +/- 0.00100
      141/1    1.01638    5.46204    1.02168 +/- 0.00099
      142/1    1.00764    5.47182    1.02151 +/- 0.00099
      143/1    1.01856    5.45547    1.02147 +/- 0.00098
      144/1    1.01794    5.44627    1.02143 +/- 0.00097
      145/1    1.03844    5.43776    1.02163 +/- 0.00098
      146/1    1.01226    5.44030    1.02152 +/- 0.00097
      147/1    1.02980    5.45585    1.02162 +/- 0.00097
      148/1    1.03148    5.45381    1.02173 +/- 0.00096
      149/1    1.01493    5.44800    1.02165 +/- 0.00096
      150/1    1.02815    5.46269    1.02172 +/- 0.00095
      151/1    1.00968    5.44414    1.02159 +/- 0.00095
      152/1    1.03148    5.42991    1.02170 +/- 0.00094
      153/1    1.03629    5.42651    1.02186 +/- 0.00095
      154/1    1.04239    5.44574    1.02208 +/- 0.00096
      155/1    1.00943    5.45841    1.02194 +/- 0.00096
      156/1    1.03548    5.43858    1.02208 +/- 0.00096
      157/1    1.01503    5.43489    1.02201 +/- 0.00095
      158/1    1.04193    5.43496    1.02221 +/- 0.00096
      159/1    1.02914    5.46148    1.02228 +/- 0.00096
      160/1    1.00455    5.44846    1.02211 +/- 0.00096
 Creating state point statepoint.160.h5...

 =======================>     TIMING STATISTICS     <=======================

 Total time for initialization     = 5.1172e+01 seconds
   Reading cross sections          = 7.4130e+00 seconds
 Total time in simulation          = 3.8257e+02 seconds
   Time in transport only          = 3.7910e+02 seconds
   Time in inactive batches        = 1.0361e+01 seconds
   Time in active batches          = 3.7220e+02 seconds
   Time synchronizing fission bank = 2.7788e-01 seconds
     Sampling source sites         = 2.3994e-01 seconds
     SEND/RECV source sites        = 3.7277e-02 seconds
   Time accumulating tallies       = 2.8878e+00 seconds
   Time writing statepoints        = 2.3171e-02 seconds
 Total time for finalization       = 3.6925e-02 seconds
 Total time elapsed                = 4.3420e+02 seconds
 Calculation Rate (inactive)       = 115817 particles/second
 Calculation Rate (active)         = 5373.39 particles/second

 ============================>     RESULTS     <============================

 k-effective (Collision)     = 1.02206 +/- 0.00085
 k-effective (Track-length)  = 1.02211 +/- 0.00096
 k-effective (Absorption)    = 1.02311 +/- 0.00068
 Combined k-effective        = 1.02279 +/- 0.00063
 Leakage Fraction            = 0.00680 +/- 0.00007

 Creating state point openmc_simulation_n0.h5...
[openmc.deplete] t=4327203.051553669 s, dt=8654406.103107339 s, source=47662824.37942663
 Maximum neutron transport energy: 20000000 eV for H1
 Initializing source particles...

 ====================>     K EIGENVALUE SIMULATION     <====================

  Bat./Gen.      k       Entropy         Average k 
  =========   ========   ========   ====================
        1/1    0.94733    5.55103
        2/1    0.96512    5.51516
        3/1    0.98217    5.49924
        4/1    0.98939    5.48114
        5/1    0.98312    5.46091
        6/1    0.99053    5.45434
        7/1    1.00196    5.44969
        8/1    1.00886    5.45298
        9/1    1.01318    5.44253
       10/1    0.99739    5.45378
       11/1    1.00271    5.45584
       12/1    0.99807    5.43378
       13/1    1.01043    5.44863
       14/1    0.99596    5.43737
       15/1    1.01176    5.44013
       16/1    1.00934    5.44350
       17/1    0.99365    5.43652
       18/1    0.99467    5.44340
       19/1    0.99403    5.45647
       20/1    0.99578    5.45774
       21/1    0.99821    5.45175
       22/1    1.00014    5.46398
       23/1    0.99626    5.45717
       24/1    1.01282    5.47396
       25/1    0.99593    5.45845
       26/1    1.00609    5.46238
       27/1    1.00905    5.42773
       28/1    0.98874    5.44395
       29/1    0.98758    5.46163
       30/1    1.00825    5.45618
       31/1    1.00903    5.46286
       32/1    1.00715    5.47079
       33/1    1.00229    5.46962
       34/1    1.00854    5.47433
       35/1    1.01484    5.46969
       36/1    0.98810    5.46844
       37/1    1.00190    5.46077
       38/1    0.98881    5.47117
       39/1    1.01136    5.46651
       40/1    1.00651    5.45585
       41/1    0.99696    5.46811
       42/1    1.01588    5.46419
       43/1    0.99709    5.45534
       44/1    0.98431    5.44330
       45/1    1.00334    5.45311
       46/1    0.99632    5.44412
       47/1    1.01780    5.44105
       48/1    1.00375    5.44151
       49/1    0.98381    5.44786
       50/1    1.00983    5.44150
       51/1    1.00644    5.43504
       52/1    1.00317    5.44630
       53/1    0.99368    5.43570
       54/1    1.01290    5.45605
       55/1    1.00943    5.44789
       56/1    1.00045    5.44083
       57/1    1.00419    5.46539
       58/1    0.98946    5.45117
       59/1    1.01599    5.45162
       60/1    1.00293    5.44926
       61/1    1.02546    5.45414
       62/1    0.99771    5.45449    1.01159 +/- 0.01387
       63/1    1.00605    5.46474    1.00974 +/- 0.00822
       64/1    0.98796    5.45038    1.00430 +/- 0.00796
       65/1    0.99652    5.45083    1.00274 +/- 0.00636
       66/1    1.00770    5.45741    1.00357 +/- 0.00526
       67/1    0.99544    5.44332    1.00241 +/- 0.00459
       68/1    0.99851    5.44694    1.00192 +/- 0.00401
       69/1    1.00703    5.43333    1.00249 +/- 0.00358
       70/1    1.00713    5.44801    1.00295 +/- 0.00324
       71/1    1.01745    5.45030    1.00427 +/- 0.00321
       72/1    1.01230    5.43123    1.00494 +/- 0.00301
       73/1    1.00412    5.43589    1.00488 +/- 0.00277
       74/1    1.00149    5.44925    1.00463 +/- 0.00257
       75/1    0.99832    5.46176    1.00421 +/- 0.00243
       76/1    0.99594    5.45819    1.00370 +/- 0.00233
       77/1    0.99249    5.46122    1.00304 +/- 0.00229
       78/1    0.99576    5.45462    1.00263 +/- 0.00219
       79/1    1.01191    5.45638    1.00312 +/- 0.00213
       80/1    1.01988    5.46807    1.00396 +/- 0.00219
       81/1    0.99561    5.46152    1.00356 +/- 0.00212
       82/1    1.01609    5.45572    1.00413 +/- 0.00210
       83/1    1.00793    5.47391    1.00430 +/- 0.00201
       84/1    1.02127    5.46355    1.00500 +/- 0.00205
       85/1    0.98184    5.45604    1.00408 +/- 0.00218
       86/1    1.01648    5.46093    1.00455 +/- 0.00215
       87/1    1.00393    5.45663    1.00453 +/- 0.00206
       88/1    1.01360    5.45007    1.00485 +/- 0.00202
       89/1    0.99724    5.43857    1.00459 +/- 0.00196
       90/1    1.01807    5.44786    1.00504 +/- 0.00195
       91/1    1.00723    5.44082    1.00511 +/- 0.00189
       92/1    1.00088    5.45847    1.00498 +/- 0.00183
       93/1    1.02124    5.44587    1.00547 +/- 0.00184
       94/1    1.00706    5.44124    1.00552 +/- 0.00179
       95/1    1.01110    5.43749    1.00568 +/- 0.00174
       96/1    1.00107    5.43971    1.00555 +/- 0.00170
       97/1    1.00363    5.44449    1.00550 +/- 0.00165
       98/1    1.01239    5.45935    1.00568 +/- 0.00162
       99/1    1.01085    5.45514    1.00581 +/- 0.00158
      100/1    0.98610    5.45210    1.00532 +/- 0.00162
      101/1    0.99340    5.46514    1.00503 +/- 0.00161
      102/1    1.00375    5.46861    1.00500 +/- 0.00157
      103/1    0.99185    5.45620    1.00469 +/- 0.00156
      104/1    0.99495    5.46973    1.00447 +/- 0.00154
      105/1    1.03302    5.46795    1.00511 +/- 0.00163
      106/1    0.99360    5.45536    1.00486 +/- 0.00162
      107/1    0.98983    5.46647    1.00454 +/- 0.00162
      108/1    0.99673    5.46761    1.00437 +/- 0.00159
      109/1    0.99012    5.47154    1.00408 +/- 0.00158
      110/1    0.98282    5.46195    1.00366 +/- 0.00161
      111/1    0.98435    5.47467    1.00328 +/- 0.00162
      112/1    0.99581    5.45981    1.00313 +/- 0.00160
      113/1    0.99909    5.46692    1.00306 +/- 0.00157
      114/1    1.00386    5.45604    1.00307 +/- 0.00154
      115/1    0.99605    5.47619    1.00295 +/- 0.00152
      116/1    0.99631    5.45649    1.00283 +/- 0.00149
      117/1    1.00352    5.45027    1.00284 +/- 0.00147
      118/1    1.01854    5.45381    1.00311 +/- 0.00147
      119/1    0.99111    5.44959    1.00291 +/- 0.00146
      120/1    1.01080    5.44947    1.00304 +/- 0.00144
      121/1    1.00188    5.45760    1.00302 +/- 0.00141
      122/1    1.00400    5.45417    1.00303 +/- 0.00139
      123/1    1.00118    5.45348    1.00301 +/- 0.00137
      124/1    0.99528    5.44392    1.00288 +/- 0.00135
      125/1    0.99315    5.45681    1.00273 +/- 0.00134
      126/1    0.99037    5.44970    1.00255 +/- 0.00133
      127/1    1.02014    5.44924    1.00281 +/- 0.00134
      128/1    1.00574    5.47753    1.00285 +/- 0.00132
      129/1    0.99101    5.45691    1.00268 +/- 0.00131
      130/1    0.99788    5.46395    1.00261 +/- 0.00129
      131/1    0.99853    5.45645    1.00256 +/- 0.00128
      132/1    0.99198    5.45136    1.00241 +/- 0.00127
      133/1    1.00710    5.44664    1.00247 +/- 0.00125
      134/1    1.01385    5.44404    1.00263 +/- 0.00125
      135/1    1.01363    5.44633    1.00277 +/- 0.00124
      136/1    0.99565    5.45764    1.00268 +/- 0.00122
      137/1    1.01317    5.46319    1.00282 +/- 0.00122
      138/1    1.00278    5.46819    1.00282 +/- 0.00120
      139/1    1.00538    5.45422    1.00285 +/- 0.00119
      140/1    1.01470    5.44634    1.00300 +/- 0.00118
      141/1    1.00081    5.44911    1.00297 +/- 0.00117
      142/1    1.00660    5.44975    1.00301 +/- 0.00115
      143/1    0.99051    5.46892    1.00286 +/- 0.00115
      144/1    1.00017    5.45074    1.00283 +/- 0.00113
      145/1    0.98607    5.45420    1.00263 +/- 0.00114
      146/1    0.99759    5.45186    1.00257 +/- 0.00113
      147/1    1.01439    5.46777    1.00271 +/- 0.00112
      148/1    0.99546    5.46001    1.00263 +/- 0.00111
      149/1    0.99963    5.45697    1.00259 +/- 0.00110
      150/1    0.99252    5.46606    1.00248 +/- 0.00109
      151/1    1.00096    5.47933    1.00247 +/- 0.00108
      152/1    0.99394    5.48329    1.00237 +/- 0.00107
      153/1    0.99965    5.46984    1.00234 +/- 0.00106
      154/1    0.98973    5.46116    1.00221 +/- 0.00106
      155/1    0.99873    5.47135    1.00217 +/- 0.00105
      156/1    1.00537    5.45836    1.00221 +/- 0.00104
      157/1    1.01132    5.46724    1.00230 +/- 0.00103
      158/1    1.02000    5.46738    1.00248 +/- 0.00104
      159/1    0.99371    5.46235    1.00239 +/- 0.00103
      160/1    0.99239    5.46443    1.00229 +/- 0.00103
 Creating state point statepoint.160.h5...

 =======================>     TIMING STATISTICS     <=======================

 Total time for initialization     = 0.0000e+00 seconds
   Reading cross sections          = 0.0000e+00 seconds
 Total time in simulation          = 5.7680e+02 seconds
   Time in transport only          = 5.6761e+02 seconds
   Time in inactive batches        = 1.5670e+02 seconds
   Time in active batches          = 4.2010e+02 seconds
   Time synchronizing fission bank = 2.6431e-01 seconds
     Sampling source sites         = 2.2601e-01 seconds
     SEND/RECV source sites        = 3.7739e-02 seconds
   Time accumulating tallies       = 8.3610e+00 seconds
   Time writing statepoints        = 1.7506e-02 seconds
 Total time for finalization       = 1.9765e-02 seconds
 Total time elapsed                = 5.7726e+02 seconds
 Calculation Rate (inactive)       = 7658.19 particles/second
 Calculation Rate (active)         = 4760.74 particles/second

 ============================>     RESULTS     <============================

 k-effective (Collision)     = 1.00251 +/- 0.00087
 k-effective (Track-length)  = 1.00229 +/- 0.00103
 k-effective (Absorption)    = 1.00268 +/- 0.00075
 Combined k-effective        = 1.00256 +/- 0.00068
 Leakage Fraction            = 0.00700 +/- 0.00006

 Creating state point openmc_simulation_n1.h5...
[openmc.deplete] t=12981609.154661007 s, dt=17308812.206214678 s, source=47662824.37942663
 Maximum neutron transport energy: 20000000 eV for H1
 Initializing source particles...

 ====================>     K EIGENVALUE SIMULATION     <====================

  Bat./Gen.      k       Entropy         Average k 
  =========   ========   ========   ====================
        1/1    0.94358    5.55140
        2/1    0.96106    5.52746
        3/1    0.98071    5.51189
        4/1    0.98795    5.48345
        5/1    0.97679    5.48548
        6/1    0.99089    5.47174
        7/1    0.99843    5.45506
        8/1    0.99745    5.46811
        9/1    0.99076    5.45452
       10/1    0.98774    5.45517
       11/1    1.00659    5.46435
       12/1    0.98696    5.45248
       13/1    1.01079    5.46296
       14/1    0.99389    5.45039
       15/1    1.00239    5.46522
       16/1    0.98885    5.44738
       17/1    0.99863    5.44280
       18/1    1.00183    5.45977
       19/1    1.00961    5.45125
       20/1    0.99859    5.45392
       21/1    1.00920    5.44561
       22/1    0.99124    5.43311
       23/1    1.00487    5.45432
       24/1    1.01326    5.44215
       25/1    1.00188    5.46052
       26/1    1.00341    5.45880
       27/1    1.01085    5.45208
       28/1    0.98014    5.44413
       29/1    0.99587    5.44961
       30/1    1.00467    5.45755
       31/1    1.01448    5.46281
       32/1    1.01313    5.44634
       33/1    0.98829    5.44418
       34/1    1.00195    5.45411
       35/1    1.01374    5.45016
       36/1    1.00813    5.44983
       37/1    1.00292    5.44793
       38/1    0.99478    5.44929
       39/1    0.99427    5.45527
       40/1    1.00933    5.46988
       41/1    0.99308    5.45439
       42/1    0.99073    5.44898
       43/1    1.00784    5.45942
       44/1    1.01857    5.45986
       45/1    0.99396    5.44419
       46/1    1.02092    5.45821
       47/1    0.99928    5.45015
       48/1    1.00282    5.44616
       49/1    1.00446    5.45995
       50/1    0.99553    5.45406
       51/1    1.01081    5.45173
       52/1    1.01472    5.46820
       53/1    1.00372    5.45741
       54/1    0.99829    5.45037
       55/1    0.99521    5.45315
       56/1    0.99380    5.45955
       57/1    1.00001    5.44083
       58/1    0.99862    5.45221
       59/1    0.99696    5.45415
       60/1    1.01924    5.45761
       61/1    0.98923    5.45460
       62/1    1.01333    5.45193    1.00128 +/- 0.01205
       63/1    1.01869    5.46400    1.00708 +/- 0.00906
       64/1    0.99514    5.46170    1.00410 +/- 0.00707
       65/1    1.00023    5.45077    1.00332 +/- 0.00553
       66/1    1.00346    5.46416    1.00335 +/- 0.00451
       67/1    0.98117    5.44611    1.00018 +/- 0.00496
       68/1    0.98932    5.44781    0.99882 +/- 0.00450
       69/1    1.00977    5.45442    1.00004 +/- 0.00415
       70/1    0.99658    5.43693    0.99969 +/- 0.00373
       71/1    1.00136    5.45774    0.99984 +/- 0.00338
       72/1    1.00362    5.44643    1.00016 +/- 0.00310
       73/1    1.02056    5.45500    1.00173 +/- 0.00326
       74/1    1.00360    5.44092    1.00186 +/- 0.00302
       75/1    1.00572    5.44107    1.00212 +/- 0.00282
       76/1    0.98544    5.44255    1.00108 +/- 0.00284
       77/1    1.00386    5.43851    1.00124 +/- 0.00267
       78/1    1.00925    5.45047    1.00168 +/- 0.00256
       79/1    1.01251    5.45098    1.00225 +/- 0.00248
       80/1    1.00251    5.46474    1.00227 +/- 0.00236
       81/1    1.01263    5.44792    1.00276 +/- 0.00230
       82/1    1.00815    5.45468    1.00301 +/- 0.00220
       83/1    1.01089    5.45161    1.00335 +/- 0.00213
       84/1    0.99817    5.46054    1.00313 +/- 0.00205
       85/1    0.99836    5.45025    1.00294 +/- 0.00198
       86/1    1.00563    5.46401    1.00304 +/- 0.00190
       87/1    0.99715    5.44550    1.00283 +/- 0.00184
       88/1    1.01326    5.46595    1.00320 +/- 0.00182
       89/1    0.98385    5.45961    1.00253 +/- 0.00187
       90/1    1.00452    5.45415    1.00260 +/- 0.00181
       91/1    1.00421    5.45897    1.00265 +/- 0.00175
       92/1    1.00170    5.46378    1.00262 +/- 0.00170
       93/1    0.98579    5.45521    1.00211 +/- 0.00172
       94/1    1.00537    5.45779    1.00221 +/- 0.00167
       95/1    1.00802    5.45508    1.00237 +/- 0.00163
       96/1    1.01106    5.46556    1.00261 +/- 0.00161
       97/1    1.00195    5.45482    1.00260 +/- 0.00156
       98/1    1.00431    5.43505    1.00264 +/- 0.00152
       99/1    1.00854    5.43675    1.00279 +/- 0.00149
      100/1    1.00630    5.44730    1.00288 +/- 0.00145
      101/1    0.99832    5.45571    1.00277 +/- 0.00142
      102/1    1.00144    5.44198    1.00274 +/- 0.00139
      103/1    1.01075    5.46697    1.00292 +/- 0.00137
      104/1    0.99239    5.45482    1.00268 +/- 0.00136
      105/1    0.97415    5.45285    1.00205 +/- 0.00147
      106/1    0.99486    5.45512    1.00189 +/- 0.00145
      107/1    1.00741    5.45840    1.00201 +/- 0.00142
      108/1    0.99810    5.45460    1.00193 +/- 0.00139
      109/1    0.98837    5.46555    1.00165 +/- 0.00139
      110/1    0.99789    5.46308    1.00158 +/- 0.00137
      111/1    1.00116    5.44580    1.00157 +/- 0.00134
      112/1    0.99236    5.46969    1.00139 +/- 0.00133
      113/1    0.99477    5.46033    1.00127 +/- 0.00131
      114/1    0.99618    5.45413    1.00117 +/- 0.00129
      115/1    1.00257    5.45140    1.00120 +/- 0.00126
      116/1    1.00473    5.46009    1.00126 +/- 0.00124
      117/1    0.99486    5.46155    1.00115 +/- 0.00122
      118/1    0.99614    5.45034    1.00106 +/- 0.00121
      119/1    1.00509    5.46701    1.00113 +/- 0.00119
      120/1    1.01116    5.44672    1.00130 +/- 0.00118
      121/1    1.00928    5.46932    1.00143 +/- 0.00117
      122/1    0.99979    5.45878    1.00140 +/- 0.00115
      123/1    1.00500    5.44492    1.00146 +/- 0.00113
      124/1    0.97920    5.44167    1.00111 +/- 0.00117
      125/1    1.01434    5.45287    1.00131 +/- 0.00117
      126/1    1.01040    5.45386    1.00145 +/- 0.00116
      127/1    1.00576    5.44440    1.00152 +/- 0.00114
      128/1    1.02493    5.45227    1.00186 +/- 0.00118
      129/1    1.00498    5.45673    1.00191 +/- 0.00116
      130/1    1.02700    5.47112    1.00226 +/- 0.00120
      131/1    0.98725    5.46802    1.00205 +/- 0.00120
      132/1    0.99505    5.46529    1.00196 +/- 0.00119
      133/1    0.98384    5.44308    1.00171 +/- 0.00120
      134/1    0.99933    5.44972    1.00168 +/- 0.00118
      135/1    0.99934    5.44790    1.00164 +/- 0.00117
      136/1    1.00154    5.44604    1.00164 +/- 0.00115
      137/1    1.01993    5.45577    1.00188 +/- 0.00116
      138/1    0.99250    5.44902    1.00176 +/- 0.00115
      139/1    0.99108    5.44405    1.00163 +/- 0.00114
      140/1    1.01207    5.45339    1.00176 +/- 0.00114
      141/1    0.99979    5.45569    1.00173 +/- 0.00112
      142/1    1.01023    5.45396    1.00184 +/- 0.00111
      143/1    1.00724    5.44335    1.00190 +/- 0.00110
      144/1    0.99702    5.46676    1.00184 +/- 0.00109
      145/1    0.99498    5.44552    1.00176 +/- 0.00108
      146/1    1.00049    5.46504    1.00175 +/- 0.00107
      147/1    0.99102    5.46108    1.00162 +/- 0.00106
      148/1    0.97833    5.45627    1.00136 +/- 0.00108
      149/1    1.00184    5.45087    1.00136 +/- 0.00107
      150/1    0.99827    5.45122    1.00133 +/- 0.00106
      151/1    0.99965    5.43878    1.00131 +/- 0.00105
      152/1    1.00381    5.43607    1.00134 +/- 0.00104
      153/1    1.01688    5.45079    1.00151 +/- 0.00104
      154/1    1.00662    5.44879    1.00156 +/- 0.00103
      155/1    0.99936    5.45154    1.00154 +/- 0.00102
      156/1    0.99805    5.44938    1.00150 +/- 0.00101
      157/1    1.00879    5.46010    1.00158 +/- 0.00100
      158/1    0.99237    5.46071    1.00148 +/- 0.00100
      159/1    0.99178    5.45202    1.00138 +/- 0.00099
      160/1    1.00334    5.44832    1.00140 +/- 0.00098
 Creating state point statepoint.160.h5...

 =======================>     TIMING STATISTICS     <=======================

 Total time for initialization     = 0.0000e+00 seconds
   Reading cross sections          = 0.0000e+00 seconds
 Total time in simulation          = 3.5866e+02 seconds
   Time in transport only          = 3.5763e+02 seconds
   Time in inactive batches        = 1.0452e+02 seconds
   Time in active batches          = 2.5414e+02 seconds
   Time synchronizing fission bank = 2.8076e-01 seconds
     Sampling source sites         = 2.4345e-01 seconds
     SEND/RECV source sites        = 3.6624e-02 seconds
   Time accumulating tallies       = 4.6230e-01 seconds
   Time writing statepoints        = 1.5653e-02 seconds
 Total time for finalization       = 1.1261e-02 seconds
 Total time elapsed                = 3.5914e+02 seconds
 Calculation Rate (inactive)       = 11481 particles/second
 Calculation Rate (active)         = 7869.54 particles/second

 ============================>     RESULTS     <============================

 k-effective (Collision)     = 1.00125 +/- 0.00079
 k-effective (Track-length)  = 1.00140 +/- 0.00098
 k-effective (Absorption)    = 1.00088 +/- 0.00076
 Combined k-effective        = 1.00106 +/- 0.00065
 Leakage Fraction            = 0.00695 +/- 0.00006

 Creating state point openmc_simulation_n2.h5...
[openmc.deplete] t=30290421.360875685 s, dt=34617624.412429355 s, source=47662824.37942663
 Maximum neutron transport energy: 20000000 eV for H1
 Initializing source particles...

 ====================>     K EIGENVALUE SIMULATION     <====================

  Bat./Gen.      k       Entropy         Average k 
  =========   ========   ========   ====================
        1/1    0.94548    5.55084
        2/1    0.95584    5.51778
        3/1    0.98688    5.49685
        4/1    0.96944    5.49220
        5/1    0.98826    5.48091
        6/1    0.98922    5.49034
        7/1    0.99033    5.47663
        8/1    0.98637    5.46458
        9/1    0.97419    5.46656
       10/1    0.99554    5.46535
       11/1    0.99607    5.45577
       12/1    0.98754    5.46399
       13/1    1.00146    5.46229
       14/1    1.00998    5.45581
       15/1    0.99923    5.45523
       16/1    0.98142    5.45224
       17/1    1.00079    5.47306
       18/1    1.00143    5.45557
       19/1    1.00506    5.45641
       20/1    0.99903    5.46115
       21/1    0.98406    5.44144
       22/1    0.98832    5.44873
       23/1    0.98426    5.44483
       24/1    1.00240    5.43619
       25/1    0.99762    5.43870
       26/1    0.99412    5.43129
       27/1    0.98982    5.44450
       28/1    0.99596    5.42754
       29/1    1.00237    5.43649
       30/1    1.00773    5.43764
       31/1    1.00238    5.44524
       32/1    0.98913    5.44428
       33/1    0.99030    5.45776
       34/1    0.99863    5.45843
       35/1    0.99171    5.44565
       36/1    0.99741    5.46348
       37/1    0.98884    5.45120
       38/1    0.99669    5.45155
       39/1    1.00459    5.43865
       40/1    0.99859    5.44545
       41/1    0.99942    5.44066
       42/1    1.00543    5.43397
       43/1    0.99061    5.45538
       44/1    1.00171    5.43507
       45/1    0.98338    5.46574
       46/1    0.99666    5.44529
       47/1    1.01507    5.43586
       48/1    0.99803    5.43293
       49/1    1.00704    5.43425
       50/1    0.99747    5.44641
       51/1    0.99040    5.44291
       52/1    1.00187    5.45540
       53/1    1.00576    5.44660
       54/1    1.00577    5.46443
       55/1    0.99732    5.45734
       56/1    0.99975    5.45141
       57/1    0.99872    5.44872
       58/1    1.00383    5.44264
       59/1    0.98858    5.43683
       60/1    1.00172    5.46012
       61/1    1.00681    5.45313
       62/1    1.00397    5.46751    1.00539 +/- 0.00142
       63/1    0.99716    5.46231    1.00265 +/- 0.00286
       64/1    0.98642    5.45895    0.99859 +/- 0.00453
       65/1    0.98866    5.46176    0.99661 +/- 0.00403
       66/1    1.00028    5.45036    0.99722 +/- 0.00335
       67/1    1.01053    5.45629    0.99912 +/- 0.00341
       68/1    0.99020    5.44276    0.99800 +/- 0.00316
       69/1    1.00757    5.44911    0.99907 +/- 0.00298
       70/1    0.99844    5.45381    0.99900 +/- 0.00267
       71/1    1.00556    5.44380    0.99960 +/- 0.00248
       72/1    0.99266    5.45062    0.99902 +/- 0.00234
       73/1    1.01229    5.44586    1.00004 +/- 0.00238
       74/1    0.99314    5.44522    0.99955 +/- 0.00226
       75/1    0.98232    5.43872    0.99840 +/- 0.00240
       76/1    0.99354    5.45950    0.99810 +/- 0.00226
       77/1    0.98296    5.45321    0.99721 +/- 0.00230
       78/1    1.00702    5.45660    0.99775 +/- 0.00224
       79/1    0.99747    5.45275    0.99774 +/- 0.00212
       80/1    0.99726    5.45398    0.99771 +/- 0.00201
       81/1    0.99726    5.46205    0.99769 +/- 0.00191
       82/1    0.98126    5.44514    0.99695 +/- 0.00197
       83/1    0.99544    5.46511    0.99688 +/- 0.00188
       84/1    1.00351    5.46369    0.99716 +/- 0.00182
       85/1    1.00456    5.46364    0.99745 +/- 0.00178
       86/1    0.99270    5.43717    0.99727 +/- 0.00172
       87/1    1.00332    5.44952    0.99749 +/- 0.00167
       88/1    0.98957    5.46451    0.99721 +/- 0.00163
       89/1    0.99542    5.45207    0.99715 +/- 0.00157
       90/1    1.00615    5.45755    0.99745 +/- 0.00155
       91/1    0.99051    5.45281    0.99722 +/- 0.00152
       92/1    0.99820    5.45348    0.99726 +/- 0.00147
       93/1    0.99406    5.45506    0.99716 +/- 0.00143
       94/1    0.99665    5.46939    0.99714 +/- 0.00138
       95/1    0.98856    5.47486    0.99690 +/- 0.00137
       96/1    0.99248    5.46713    0.99678 +/- 0.00133
       97/1    1.00736    5.45582    0.99706 +/- 0.00133
       98/1    1.00042    5.45438    0.99715 +/- 0.00130
       99/1    0.99006    5.44669    0.99697 +/- 0.00127
      100/1    0.99904    5.44743    0.99702 +/- 0.00124
      101/1    0.99636    5.44294    0.99700 +/- 0.00121
      102/1    1.01478    5.44036    0.99743 +/- 0.00126
      103/1    0.99888    5.44610    0.99746 +/- 0.00123
      104/1    0.99959    5.45312    0.99751 +/- 0.00120
      105/1    1.00900    5.46798    0.99776 +/- 0.00120
      106/1    1.00441    5.46104    0.99791 +/- 0.00118
      107/1    0.99334    5.46025    0.99781 +/- 0.00116
      108/1    0.99143    5.45223    0.99768 +/- 0.00115
      109/1    0.99411    5.46080    0.99761 +/- 0.00112
      110/1    1.00164    5.45075    0.99769 +/- 0.00110
      111/1    1.00416    5.45696    0.99781 +/- 0.00109
      112/1    0.98764    5.45215    0.99762 +/- 0.00109
      113/1    1.00261    5.45955    0.99771 +/- 0.00107
      114/1    0.98899    5.44769    0.99755 +/- 0.00106
      115/1    0.99025    5.44200    0.99742 +/- 0.00105
      116/1    1.00592    5.44474    0.99757 +/- 0.00104
      117/1    1.00136    5.44620    0.99764 +/- 0.00103
      118/1    1.01855    5.45438    0.99800 +/- 0.00107
      119/1    1.00717    5.45067    0.99815 +/- 0.00106
      120/1    0.99993    5.44035    0.99818 +/- 0.00105
      121/1    0.99973    5.44476    0.99821 +/- 0.00103
      122/1    0.99534    5.44503    0.99816 +/- 0.00101
      123/1    0.99158    5.43389    0.99806 +/- 0.00100
      124/1    1.01268    5.43446    0.99829 +/- 0.00101
      125/1    0.98910    5.46104    0.99814 +/- 0.00101
      126/1    1.00618    5.44676    0.99827 +/- 0.00100
      127/1    0.99618    5.42345    0.99823 +/- 0.00099
      128/1    1.00490    5.44765    0.99833 +/- 0.00098
      129/1    0.98122    5.44973    0.99808 +/- 0.00099
      130/1    0.98289    5.44747    0.99787 +/- 0.00100
      131/1    1.00676    5.44068    0.99799 +/- 0.00100
      132/1    1.00141    5.45591    0.99804 +/- 0.00098
      133/1    0.99168    5.46343    0.99795 +/- 0.00097
      134/1    0.99327    5.44821    0.99789 +/- 0.00096
      135/1    0.99884    5.44717    0.99790 +/- 0.00095
      136/1    1.00523    5.44956    0.99800 +/- 0.00094
      137/1    0.99775    5.45594    0.99800 +/- 0.00093
      138/1    1.00743    5.43249    0.99812 +/- 0.00093
      139/1    0.99966    5.44470    0.99814 +/- 0.00091
      140/1    0.99269    5.45092    0.99807 +/- 0.00091
      141/1    0.99444    5.44411    0.99802 +/- 0.00090
      142/1    0.98639    5.43336    0.99788 +/- 0.00090
      143/1    0.99597    5.45359    0.99786 +/- 0.00089
      144/1    1.00339    5.44334    0.99792 +/- 0.00088
      145/1    1.01858    5.44909    0.99817 +/- 0.00090
      146/1    0.98433    5.46861    0.99801 +/- 0.00090
      147/1    1.01051    5.45530    0.99815 +/- 0.00090
      148/1    1.00007    5.45815    0.99817 +/- 0.00089
      149/1    0.99503    5.44351    0.99814 +/- 0.00089
      150/1    0.99501    5.43811    0.99810 +/- 0.00088
      151/1    1.00093    5.43896    0.99813 +/- 0.00087
      152/1    0.99346    5.44614    0.99808 +/- 0.00086
      153/1    0.98416    5.45147    0.99793 +/- 0.00086
      154/1    0.98372    5.44211    0.99778 +/- 0.00087
      155/1    1.00795    5.45408    0.99789 +/- 0.00086
      156/1    0.99870    5.46099    0.99790 +/- 0.00086
      157/1    1.00496    5.45627    0.99797 +/- 0.00085
      158/1    1.00078    5.44846    0.99800 +/- 0.00084
      159/1    1.01726    5.44975    0.99819 +/- 0.00086
      160/1    1.01206    5.46229    0.99833 +/- 0.00086
 Creating state point statepoint.160.h5...

 =======================>     TIMING STATISTICS     <=======================

 Total time for initialization     = 0.0000e+00 seconds
   Reading cross sections          = 0.0000e+00 seconds
 Total time in simulation          = 3.5477e+02 seconds
   Time in transport only          = 3.5358e+02 seconds
   Time in inactive batches        = 1.0148e+02 seconds
   Time in active batches          = 2.5329e+02 seconds
   Time synchronizing fission bank = 3.0302e-01 seconds
     Sampling source sites         = 2.6530e-01 seconds
     SEND/RECV source sites        = 3.7141e-02 seconds
   Time accumulating tallies       = 5.7298e-01 seconds
   Time writing statepoints        = 1.7843e-02 seconds
 Total time for finalization       = 1.9301e-02 seconds
 Total time elapsed                = 3.5525e+02 seconds
 Calculation Rate (inactive)       = 11824.7 particles/second
 Calculation Rate (active)         = 7896.17 particles/second

 ============================>     RESULTS     <============================

 k-effective (Collision)     = 0.99882 +/- 0.00074
 k-effective (Track-length)  = 0.99833 +/- 0.00086
 k-effective (Absorption)    = 0.99984 +/- 0.00072
 Combined k-effective        = 0.99926 +/- 0.00062
 Leakage Fraction            = 0.00698 +/- 0.00006

 Creating state point openmc_simulation_n3.h5...
[openmc.deplete] t=64908045.77330504 s, dt=51926436.61864404 s, source=47662824.37942663
 Maximum neutron transport energy: 20000000 eV for H1
 Initializing source particles...

 ====================>     K EIGENVALUE SIMULATION     <====================

  Bat./Gen.      k       Entropy         Average k 
  =========   ========   ========   ====================
        1/1    0.94414    5.54339
        2/1    0.97225    5.50075
        3/1    0.97750    5.49257
        4/1    0.98455    5.48990
        5/1    0.97800    5.48325
        6/1    0.99786    5.48517
        7/1    0.99184    5.46546
        8/1    0.97486    5.45897
        9/1    0.99629    5.45342
       10/1    1.00357    5.44534
       11/1    0.99456    5.44650
       12/1    1.01537    5.43813
       13/1    0.98620    5.45949
       14/1    0.99032    5.43981
       15/1    1.00643    5.42108
       16/1    0.99813    5.42150
       17/1    0.99662    5.41637
       18/1    0.98845    5.41991
       19/1    0.99638    5.43246
       20/1    1.00257    5.42684
       21/1    1.00784    5.43528
       22/1    1.00328    5.43114
       23/1    1.00658    5.43393
       24/1    1.02928    5.43110
       25/1    1.00154    5.42917
       26/1    1.00960    5.43779
       27/1    1.00798    5.43446
       28/1    0.99914    5.43003
       29/1    1.01406    5.44510
       30/1    0.99740    5.44682
       31/1    0.99627    5.45029
       32/1    0.98224    5.44209
       33/1    1.00939    5.43229
       34/1    1.00205    5.41812
       35/1    1.00067    5.43332
       36/1    1.01074    5.44341
       37/1    0.98921    5.44414
       38/1    0.99688    5.44443
       39/1    1.01734    5.43661
       40/1    0.99239    5.41957
       41/1    0.99725    5.42389
       42/1    0.99971    5.40798
       43/1    0.99648    5.42263
       44/1    1.00070    5.42842
       45/1    0.99437    5.43674
       46/1    0.99818    5.44176
       47/1    1.00829    5.43242
       48/1    1.00442    5.42733
       49/1    1.01327    5.42173
       50/1    0.99691    5.43862
       51/1    0.99837    5.43907
       52/1    0.98259    5.45687
       53/1    0.99395    5.42648
       54/1    1.01346    5.44412
       55/1    1.00146    5.43238
       56/1    0.99679    5.43141
       57/1    0.99336    5.44046
       58/1    0.99815    5.43960
       59/1    0.99493    5.43483
       60/1    0.99445    5.43505
       61/1    1.00630    5.42985
       62/1    0.99720    5.43660    1.00175 +/- 0.00455
       63/1    0.98765    5.42098    0.99705 +/- 0.00538
       64/1    0.99515    5.42069    0.99657 +/- 0.00384
       65/1    0.99319    5.42683    0.99590 +/- 0.00305
       66/1    1.00163    5.42455    0.99685 +/- 0.00267
       67/1    1.00477    5.42423    0.99798 +/- 0.00252
       68/1    1.00312    5.43171    0.99863 +/- 0.00228
       69/1    0.99643    5.41925    0.99838 +/- 0.00202
       70/1    0.99491    5.42478    0.99803 +/- 0.00184
       71/1    0.99618    5.42259    0.99787 +/- 0.00167
       72/1    1.00335    5.43732    0.99832 +/- 0.00160
       73/1    0.99231    5.42852    0.99786 +/- 0.00154
       74/1    0.99796    5.42644    0.99787 +/- 0.00142
       75/1    0.99887    5.40819    0.99793 +/- 0.00133
       76/1    0.99659    5.40970    0.99785 +/- 0.00124
       77/1    0.99930    5.41883    0.99794 +/- 0.00117
       78/1    0.99556    5.42853    0.99780 +/- 0.00111
       79/1    0.98957    5.41970    0.99737 +/- 0.00114
       80/1    1.00510    5.42593    0.99776 +/- 0.00115
       81/1    1.00023    5.42241    0.99787 +/- 0.00110
       82/1    1.00196    5.43407    0.99806 +/- 0.00106
       83/1    0.99515    5.42180    0.99793 +/- 0.00102
       84/1    0.99441    5.42945    0.99779 +/- 0.00099
       85/1    1.00764    5.42140    0.99818 +/- 0.00103
       86/1    1.00124    5.42372    0.99830 +/- 0.00100
       87/1    0.98631    5.42911    0.99785 +/- 0.00106
       88/1    0.98657    5.43015    0.99745 +/- 0.00109
       89/1    0.99223    5.42902    0.99727 +/- 0.00107
       90/1    1.00939    5.43507    0.99768 +/- 0.00111
       91/1    0.99225    5.42811    0.99750 +/- 0.00109
       92/1    1.00548    5.44369    0.99775 +/- 0.00108
       93/1    1.00351    5.44762    0.99792 +/- 0.00106
       94/1    1.00272    5.43991    0.99807 +/- 0.00104
       95/1    1.00718    5.44367    0.99833 +/- 0.00104
       96/1    0.99123    5.42279    0.99813 +/- 0.00103
       97/1    0.99201    5.42731    0.99796 +/- 0.00102
       98/1    0.99183    5.43796    0.99780 +/- 0.00101
       99/1    1.00517    5.43812    0.99799 +/- 0.00100
      100/1    1.00262    5.43945    0.99811 +/- 0.00098
      101/1    1.00893    5.43477    0.99837 +/- 0.00099
      102/1    0.99431    5.43901    0.99827 +/- 0.00097
      103/1    1.00644    5.42810    0.99846 +/- 0.00097
      104/1    1.00084    5.43672    0.99852 +/- 0.00095
      105/1    1.00071    5.45072    0.99857 +/- 0.00093
      106/1    0.99588    5.44155    0.99851 +/- 0.00091
      107/1    1.01016    5.42600    0.99876 +/- 0.00092
      108/1    0.99548    5.42457    0.99869 +/- 0.00091
      109/1    0.98063    5.43201    0.99832 +/- 0.00096
      110/1    1.00615    5.43522    0.99848 +/- 0.00095
      111/1    0.99554    5.41917    0.99842 +/- 0.00094
      112/1    0.98414    5.42883    0.99814 +/- 0.00096
      113/1    1.00440    5.42887    0.99826 +/- 0.00095
      114/1    0.99746    5.43336    0.99825 +/- 0.00093
      115/1    1.00782    5.42894    0.99842 +/- 0.00093
      116/1    1.00590    5.43279    0.99855 +/- 0.00092
      117/1    0.98405    5.43166    0.99830 +/- 0.00094
      118/1    1.00052    5.42379    0.99834 +/- 0.00093
      119/1    0.99145    5.42153    0.99822 +/- 0.00092
      120/1    0.99581    5.42393    0.99818 +/- 0.00090
      121/1    1.00952    5.42358    0.99837 +/- 0.00091
      122/1    1.01551    5.43651    0.99864 +/- 0.00093
      123/1    1.01487    5.43921    0.99890 +/- 0.00095
      124/1    0.99231    5.42907    0.99880 +/- 0.00095
      125/1    1.00400    5.43597    0.99888 +/- 0.00093
      126/1    0.98083    5.41431    0.99860 +/- 0.00096
      127/1    0.99344    5.42048    0.99853 +/- 0.00095
      128/1    1.00675    5.42766    0.99865 +/- 0.00094
      129/1    0.99554    5.41843    0.99860 +/- 0.00093
      130/1    0.99291    5.42786    0.99852 +/- 0.00092
      131/1    0.98517    5.43091    0.99833 +/- 0.00093
      132/1    0.99968    5.42694    0.99835 +/- 0.00091
      133/1    0.99335    5.43764    0.99828 +/- 0.00090
      134/1    1.00902    5.43429    0.99843 +/- 0.00090
      135/1    0.99345    5.43455    0.99836 +/- 0.00089
      136/1    0.99990    5.45025    0.99838 +/- 0.00088
      137/1    0.99802    5.44876    0.99838 +/- 0.00087
      138/1    0.99155    5.44707    0.99829 +/- 0.00086
      139/1    0.98637    5.44399    0.99814 +/- 0.00087
      140/1    0.99287    5.44447    0.99807 +/- 0.00086
      141/1    0.99906    5.44876    0.99809 +/- 0.00085
      142/1    0.98858    5.43036    0.99797 +/- 0.00084
      143/1    0.99825    5.41680    0.99797 +/- 0.00083
      144/1    1.00571    5.41987    0.99807 +/- 0.00083
      145/1    1.00784    5.41652    0.99818 +/- 0.00083
      146/1    0.99529    5.41403    0.99815 +/- 0.00082
      147/1    0.98950    5.42036    0.99805 +/- 0.00081
      148/1    0.97917    5.42931    0.99783 +/- 0.00083
      149/1    1.00189    5.42967    0.99788 +/- 0.00083
      150/1    1.00808    5.42827    0.99799 +/- 0.00082
      151/1    0.99976    5.43553    0.99801 +/- 0.00082
      152/1    1.00849    5.42692    0.99813 +/- 0.00081
      153/1    1.00337    5.44513    0.99818 +/- 0.00081
      154/1    1.00213    5.43866    0.99822 +/- 0.00080
      155/1    0.99424    5.42140    0.99818 +/- 0.00079
      156/1    1.00413    5.43634    0.99824 +/- 0.00079
      157/1    0.99670    5.44054    0.99823 +/- 0.00078
      158/1    0.99423    5.43793    0.99819 +/- 0.00077
      159/1    1.00076    5.43474    0.99821 +/- 0.00076
      160/1    0.98796    5.42681    0.99811 +/- 0.00076
 Creating state point statepoint.160.h5...

 =======================>     TIMING STATISTICS     <=======================

 Total time for initialization     = 0.0000e+00 seconds
   Reading cross sections          = 0.0000e+00 seconds
 Total time in simulation          = 3.5720e+02 seconds
   Time in transport only          = 3.5604e+02 seconds
   Time in inactive batches        = 1.0327e+02 seconds
   Time in active batches          = 2.5393e+02 seconds
   Time synchronizing fission bank = 3.0876e-01 seconds
     Sampling source sites         = 2.6999e-01 seconds
     SEND/RECV source sites        = 3.8210e-02 seconds
   Time accumulating tallies       = 5.4955e-01 seconds
   Time writing statepoints        = 1.6150e-02 seconds
 Total time for finalization       = 1.5317e-02 seconds
 Total time elapsed                = 3.5768e+02 seconds
 Calculation Rate (inactive)       = 11620 particles/second
 Calculation Rate (active)         = 7876.05 particles/second

 ============================>     RESULTS     <============================

 k-effective (Collision)     = 0.99881 +/- 0.00068
 k-effective (Track-length)  = 0.99811 +/- 0.00076
 k-effective (Absorption)    = 1.00061 +/- 0.00063
 Combined k-effective        = 0.99962 +/- 0.00055
 Leakage Fraction            = 0.00674 +/- 0.00006

 Creating state point openmc_simulation_n4.h5...
[openmc.deplete] t=116834482.39194909 (final operator evaluation)
 Maximum neutron transport energy: 20000000 eV for H1
 Initializing source particles...

 ====================>     K EIGENVALUE SIMULATION     <====================

  Bat./Gen.      k       Entropy         Average k 
  =========   ========   ========   ====================
        1/1    0.93749    5.54463
        2/1    0.96462    5.50389
        3/1    0.98495    5.49306
        4/1    0.98766    5.47969
        5/1    0.98910    5.47879
        6/1    0.98476    5.45547
        7/1    0.97609    5.46769
        8/1    1.00615    5.45144
        9/1    0.98126    5.45241
       10/1    0.99392    5.44944
       11/1    0.99673    5.44695
       12/1    1.01129    5.45897
       13/1    0.97182    5.44504
       14/1    0.99265    5.43853
       15/1    1.00114    5.43850
       16/1    0.99690    5.44662
       17/1    0.98469    5.44092
       18/1    0.99813    5.44683
       19/1    1.01208    5.44011
       20/1    0.99280    5.43763
       21/1    0.99239    5.44117
       22/1    1.00571    5.43683
       23/1    1.00795    5.43144
       24/1    0.99554    5.43400
       25/1    0.99975    5.42833
       26/1    0.98788    5.43674
       27/1    0.98991    5.43795
       28/1    0.99125    5.44788
       29/1    0.97586    5.44625
       30/1    0.99445    5.44520
       31/1    0.98744    5.43769
       32/1    0.99791    5.44851
       33/1    0.98450    5.44647
       34/1    0.99456    5.45400
       35/1    0.99468    5.43870
       36/1    0.99940    5.43457
       37/1    0.98453    5.43118
       38/1    0.99413    5.42650
       39/1    0.98891    5.43896
       40/1    0.98978    5.43691
       41/1    0.99145    5.43568
       42/1    0.98070    5.43612
       43/1    1.00278    5.44020
       44/1    0.99102    5.43410
       45/1    0.98444    5.42772
       46/1    0.99249    5.44001
       47/1    0.99360    5.44306
       48/1    0.99414    5.43209
       49/1    0.98269    5.43785
       50/1    0.97894    5.42828
       51/1    0.99442    5.45511
       52/1    0.99008    5.44407
       53/1    1.00093    5.42619
       54/1    0.98348    5.45555
       55/1    0.98503    5.44377
       56/1    0.99979    5.44040
       57/1    0.99216    5.44192
       58/1    0.99390    5.43158
       59/1    0.99857    5.43592
       60/1    0.99020    5.44362
       61/1    0.98130    5.43173
       62/1    1.00120    5.44182    0.99125 +/- 0.00995
       63/1    0.97910    5.44063    0.98720 +/- 0.00703
       64/1    1.00802    5.44298    0.99241 +/- 0.00720
       65/1    1.00020    5.43930    0.99396 +/- 0.00579
       66/1    0.98654    5.42657    0.99273 +/- 0.00489
       67/1    0.99729    5.43602    0.99338 +/- 0.00418
       68/1    0.99922    5.41692    0.99411 +/- 0.00369
       69/1    1.01622    5.42512    0.99657 +/- 0.00408
       70/1    1.01349    5.43805    0.99826 +/- 0.00402
       71/1    0.99775    5.43060    0.99821 +/- 0.00364
       72/1    0.98602    5.42024    0.99720 +/- 0.00347
       73/1    0.98382    5.42246    0.99617 +/- 0.00336
       74/1    0.99154    5.43230    0.99584 +/- 0.00313
       75/1    0.98386    5.42628    0.99504 +/- 0.00302
       76/1    1.00042    5.43040    0.99537 +/- 0.00284
       77/1    1.00594    5.41574    0.99600 +/- 0.00274
       78/1    0.98498    5.42640    0.99538 +/- 0.00266
       79/1    0.98858    5.43329    0.99503 +/- 0.00254
       80/1    0.97465    5.42303    0.99401 +/- 0.00261
       81/1    1.00905    5.43059    0.99472 +/- 0.00259
       82/1    0.99393    5.43425    0.99469 +/- 0.00247
       83/1    1.00760    5.44950    0.99525 +/- 0.00242
       84/1    1.00027    5.44136    0.99546 +/- 0.00233
       85/1    0.99867    5.43719    0.99559 +/- 0.00224
       86/1    0.99565    5.43896    0.99559 +/- 0.00215
       87/1    0.99979    5.43198    0.99574 +/- 0.00208
       88/1    0.98712    5.44454    0.99544 +/- 0.00202
       89/1    1.01183    5.43758    0.99600 +/- 0.00203
       90/1    0.99970    5.45316    0.99612 +/- 0.00197
       91/1    1.00153    5.43800    0.99630 +/- 0.00191
       92/1    0.99507    5.43615    0.99626 +/- 0.00185
       93/1    0.99280    5.45253    0.99616 +/- 0.00180
       94/1    1.00907    5.44196    0.99654 +/- 0.00178
       95/1    0.99779    5.43680    0.99657 +/- 0.00173
       96/1    1.01421    5.43908    0.99706 +/- 0.00175
       97/1    0.99137    5.44780    0.99691 +/- 0.00171
       98/1    1.01484    5.43162    0.99738 +/- 0.00173
       99/1    1.00104    5.42977    0.99747 +/- 0.00169
      100/1    1.01274    5.43866    0.99786 +/- 0.00169
      101/1    1.00435    5.43909    0.99801 +/- 0.00166
      102/1    1.00783    5.42798    0.99825 +/- 0.00163
      103/1    0.98923    5.43248    0.99804 +/- 0.00161
      104/1    0.98830    5.43686    0.99782 +/- 0.00159
      105/1    0.99413    5.42728    0.99773 +/- 0.00155
      106/1    0.99312    5.44149    0.99763 +/- 0.00152
      107/1    0.99803    5.42510    0.99764 +/- 0.00149
      108/1    1.00694    5.44362    0.99784 +/- 0.00147
      109/1    0.99407    5.45279    0.99776 +/- 0.00144
      110/1    0.98243    5.45484    0.99745 +/- 0.00145
      111/1    0.98624    5.43836    0.99723 +/- 0.00144
      112/1    0.99580    5.45269    0.99721 +/- 0.00141
      113/1    0.99207    5.44392    0.99711 +/- 0.00138
      114/1    0.99125    5.45147    0.99700 +/- 0.00136
      115/1    0.98770    5.44428    0.99683 +/- 0.00135
      116/1    1.00462    5.44354    0.99697 +/- 0.00133
      117/1    1.00075    5.44911    0.99704 +/- 0.00131
      118/1    0.99372    5.44339    0.99698 +/- 0.00129
      119/1    0.98525    5.44807    0.99678 +/- 0.00128
      120/1    1.00414    5.44531    0.99690 +/- 0.00127
      121/1    0.99949    5.43906    0.99695 +/- 0.00125
      122/1    0.98501    5.43799    0.99675 +/- 0.00124
      123/1    0.98628    5.44288    0.99659 +/- 0.00123
      124/1    0.98279    5.42987    0.99637 +/- 0.00123
      125/1    0.99573    5.42019    0.99636 +/- 0.00121
      126/1    0.99722    5.42798    0.99637 +/- 0.00119
      127/1    0.99933    5.42944    0.99642 +/- 0.00118
      128/1    1.01116    5.43308    0.99664 +/- 0.00118
      129/1    0.99994    5.42856    0.99668 +/- 0.00116
      130/1    0.97835    5.43239    0.99642 +/- 0.00118
      131/1    0.99298    5.42667    0.99637 +/- 0.00116
      132/1    0.99123    5.42944    0.99630 +/- 0.00115
      133/1    0.99182    5.41385    0.99624 +/- 0.00113
      134/1    1.00321    5.43341    0.99633 +/- 0.00112
      135/1    0.99802    5.42453    0.99636 +/- 0.00111
      136/1    0.99270    5.41211    0.99631 +/- 0.00109
      137/1    1.00026    5.41707    0.99636 +/- 0.00108
      138/1    1.00727    5.42806    0.99650 +/- 0.00107
      139/1    0.98183    5.44262    0.99631 +/- 0.00108
      140/1    1.00179    5.43759    0.99638 +/- 0.00107
      141/1    0.97619    5.43429    0.99613 +/- 0.00108
      142/1    1.00316    5.44810    0.99622 +/- 0.00107
      143/1    0.98820    5.43947    0.99612 +/- 0.00106
      144/1    1.00527    5.44753    0.99623 +/- 0.00106
      145/1    0.99758    5.45684    0.99625 +/- 0.00104
      146/1    1.00554    5.45218    0.99635 +/- 0.00104
      147/1    0.99379    5.44706    0.99633 +/- 0.00103
      148/1    1.00598    5.43903    0.99644 +/- 0.00102
      149/1    0.98784    5.45051    0.99634 +/- 0.00101
      150/1    0.99212    5.43188    0.99629 +/- 0.00100
      151/1    0.99506    5.43747    0.99628 +/- 0.00099
      152/1    0.98794    5.44317    0.99619 +/- 0.00098
      153/1    0.98483    5.43747    0.99607 +/- 0.00098
      154/1    0.99208    5.42888    0.99602 +/- 0.00097
      155/1    0.98516    5.42734    0.99591 +/- 0.00097
      156/1    0.98438    5.43466    0.99579 +/- 0.00097
      157/1    0.99651    5.44223    0.99580 +/- 0.00096
      158/1    0.98485    5.43604    0.99568 +/- 0.00095
      159/1    0.99955    5.43834    0.99572 +/- 0.00094
      160/1    0.97387    5.44520    0.99550 +/- 0.00096
 Creating state point statepoint.160.h5...

 =======================>     TIMING STATISTICS     <=======================

 Total time for initialization     = 0.0000e+00 seconds
   Reading cross sections          = 0.0000e+00 seconds
 Total time in simulation          = 3.5850e+02 seconds
   Time in transport only          = 3.5731e+02 seconds
   Time in inactive batches        = 1.0436e+02 seconds
   Time in active batches          = 2.5414e+02 seconds
   Time synchronizing fission bank = 2.9827e-01 seconds
     Sampling source sites         = 2.6256e-01 seconds
     SEND/RECV source sites        = 3.5116e-02 seconds
   Time accumulating tallies       = 5.9672e-01 seconds
   Time writing statepoints        = 1.2343e-02 seconds
 Total time for finalization       = 1.0653e-02 seconds
 Total time elapsed                = 3.5898e+02 seconds
 Calculation Rate (inactive)       = 11498.3 particles/second
 Calculation Rate (active)         = 7869.78 particles/second

 ============================>     RESULTS     <============================

 k-effective (Collision)     = 0.99417 +/- 0.00074
 k-effective (Track-length)  = 0.99550 +/- 0.00096
 k-effective (Absorption)    = 0.99415 +/- 0.00069
 Combined k-effective        = 0.99424 +/- 0.00063
 Leakage Fraction            = 0.00682 +/- 0.00006

 Creating state point openmc_simulation_n5.h5...
      k(BOL) 1.02279 x ratio 0.95162 -> end of cycle at k = 0.97330
      state 0: B   0.00 MWd/kgHM  k 1.02279  (target)
      state 1: B   0.50 MWd/kgHM  k 1.00256
      state 2: B   1.50 MWd/kgHM  k 1.00106
      state 3: B   3.50 MWd/kgHM  k 0.99926
      state 4: B   7.50 MWd/kgHM  k 0.99962
      state 5: B  13.50 MWd/kgHM  k 0.99424
                                %%%%%%%%%%%%%%%
                           %%%%%%%%%%%%%%%%%%%%%%%%
                        %%%%%%%%%%%%%%%%%%%%%%%%%%%%%%
                      %%%%%%%%%%%%%%%%%%%%%%%%%%%%%%%%%%
                    %%%%%%%%%%%%%%%%%%%%%%%%%%%%%%%%%%%%%%
                   %%%%%%%%%%%%%%%%%%%%%%%%%%%%%%%%%%%%%%%%
                                    %%%%%%%%%%%%%%%%%%%%%%%%
                                     %%%%%%%%%%%%%%%%%%%%%%%%
                 ###############      %%%%%%%%%%%%%%%%%%%%%%%%
                ##################     %%%%%%%%%%%%%%%%%%%%%%%
                ###################     %%%%%%%%%%%%%%%%%%%%%%%
                ####################     %%%%%%%%%%%%%%%%%%%%%%
                #####################     %%%%%%%%%%%%%%%%%%%%%
                ######################     %%%%%%%%%%%%%%%%%%%%
                #######################     %%%%%%%%%%%%%%%%%%
                 #######################     %%%%%%%%%%%%%%%%%
                 ######################     %%%%%%%%%%%%%%%%%
                  ####################     %%%%%%%%%%%%%%%%%
                    #################     %%%%%%%%%%%%%%%%%
                     ###############     %%%%%%%%%%%%%%%%
                       ############     %%%%%%%%%%%%%%%
                          ########     %%%%%%%%%%%%%%
                                      %%%%%%%%%%%

                 | The OpenMC Monte Carlo Code
       Copyright | 2011-2025 MIT, UChicago Argonne LLC, and contributors
         License | https://docs.openmc.org/en/latest/license.html
         Version | 0.15.3
     Commit Hash | 27e38e894697bb32a1dac7848d2618818b6b8daf
       Date/Time | 2026-09-26 00:34:19
   MPI Processes | 1
  OpenMP Threads | 64

 Reading settings XML file...
 Reading cross sections XML file...
 Reading chain file: /home/diogo/openmc_data/chain_endfb71_pwr.xml...
 Reading materials XML file...
 Reading geometry XML file...
 Reading H1 from /home/diogo/openmc_data/endfb-vii.1-hdf5/neutron/H1.h5
 Reading H2 from /home/diogo/openmc_data/endfb-vii.1-hdf5/neutron/H2.h5
 Reading B10 from /home/diogo/openmc_data/endfb-vii.1-hdf5/neutron/B10.h5
 Reading B11 from /home/diogo/openmc_data/endfb-vii.1-hdf5/neutron/B11.h5
 Reading O16 from /home/diogo/openmc_data/endfb-vii.1-hdf5/neutron/O16.h5
 Reading O17 from /home/diogo/openmc_data/endfb-vii.1-hdf5/neutron/O17.h5
 Reading Cr50 from /home/diogo/openmc_data/endfb-vii.1-hdf5/neutron/Cr50.h5
 Reading Cr52 from /home/diogo/openmc_data/endfb-vii.1-hdf5/neutron/Cr52.h5
 Reading Cr53 from /home/diogo/openmc_data/endfb-vii.1-hdf5/neutron/Cr53.h5
 Reading Cr54 from /home/diogo/openmc_data/endfb-vii.1-hdf5/neutron/Cr54.h5
 Reading Mn55 from /home/diogo/openmc_data/endfb-vii.1-hdf5/neutron/Mn55.h5
 Reading Fe54 from /home/diogo/openmc_data/endfb-vii.1-hdf5/neutron/Fe54.h5
 Reading Fe56 from /home/diogo/openmc_data/endfb-vii.1-hdf5/neutron/Fe56.h5
 Reading Fe57 from /home/diogo/openmc_data/endfb-vii.1-hdf5/neutron/Fe57.h5
 Reading Fe58 from /home/diogo/openmc_data/endfb-vii.1-hdf5/neutron/Fe58.h5
 Reading Ni58 from /home/diogo/openmc_data/endfb-vii.1-hdf5/neutron/Ni58.h5
 Reading Ni60 from /home/diogo/openmc_data/endfb-vii.1-hdf5/neutron/Ni60.h5
 Reading Ni61 from /home/diogo/openmc_data/endfb-vii.1-hdf5/neutron/Ni61.h5
 Reading Ni62 from /home/diogo/openmc_data/endfb-vii.1-hdf5/neutron/Ni62.h5
 Reading Ni64 from /home/diogo/openmc_data/endfb-vii.1-hdf5/neutron/Ni64.h5
 Reading Zr90 from /home/diogo/openmc_data/endfb-vii.1-hdf5/neutron/Zr90.h5
 Reading Zr91 from /home/diogo/openmc_data/endfb-vii.1-hdf5/neutron/Zr91.h5
 Reading Zr92 from /home/diogo/openmc_data/endfb-vii.1-hdf5/neutron/Zr92.h5
 Reading Zr94 from /home/diogo/openmc_data/endfb-vii.1-hdf5/neutron/Zr94.h5
 Reading Zr96 from /home/diogo/openmc_data/endfb-vii.1-hdf5/neutron/Zr96.h5
 Reading Sn112 from /home/diogo/openmc_data/endfb-vii.1-hdf5/neutron/Sn112.h5
 Reading Sn114 from /home/diogo/openmc_data/endfb-vii.1-hdf5/neutron/Sn114.h5
 Reading Sn115 from /home/diogo/openmc_data/endfb-vii.1-hdf5/neutron/Sn115.h5
 Reading Sn116 from /home/diogo/openmc_data/endfb-vii.1-hdf5/neutron/Sn116.h5
 Reading Sn117 from /home/diogo/openmc_data/endfb-vii.1-hdf5/neutron/Sn117.h5
 Reading Sn118 from /home/diogo/openmc_data/endfb-vii.1-hdf5/neutron/Sn118.h5
 Reading Sn119 from /home/diogo/openmc_data/endfb-vii.1-hdf5/neutron/Sn119.h5
 Reading Sn120 from /home/diogo/openmc_data/endfb-vii.1-hdf5/neutron/Sn120.h5
 Reading Sn122 from /home/diogo/openmc_data/endfb-vii.1-hdf5/neutron/Sn122.h5
 Reading Sn124 from /home/diogo/openmc_data/endfb-vii.1-hdf5/neutron/Sn124.h5
 Reading He3 from /home/diogo/openmc_data/endfb-vii.1-hdf5/neutron/He3.h5
 Reading He4 from /home/diogo/openmc_data/endfb-vii.1-hdf5/neutron/He4.h5
 Reading U234 from /home/diogo/openmc_data/endfb-vii.1-hdf5/neutron/U234.h5
 Reading U235 from /home/diogo/openmc_data/endfb-vii.1-hdf5/neutron/U235.h5
 Reading U238 from /home/diogo/openmc_data/endfb-vii.1-hdf5/neutron/U238.h5
 Reading Gd152 from /home/diogo/openmc_data/endfb-vii.1-hdf5/neutron/Gd152.h5
 Reading Gd154 from /home/diogo/openmc_data/endfb-vii.1-hdf5/neutron/Gd154.h5
 Reading Gd155 from /home/diogo/openmc_data/endfb-vii.1-hdf5/neutron/Gd155.h5
 Reading Gd156 from /home/diogo/openmc_data/endfb-vii.1-hdf5/neutron/Gd156.h5
 Reading Gd157 from /home/diogo/openmc_data/endfb-vii.1-hdf5/neutron/Gd157.h5
 Reading Gd158 from /home/diogo/openmc_data/endfb-vii.1-hdf5/neutron/Gd158.h5
 Reading Gd160 from /home/diogo/openmc_data/endfb-vii.1-hdf5/neutron/Gd160.h5
 Reading Si28 from /home/diogo/openmc_data/endfb-vii.1-hdf5/neutron/Si28.h5
 Reading Si29 from /home/diogo/openmc_data/endfb-vii.1-hdf5/neutron/Si29.h5
 Reading Si30 from /home/diogo/openmc_data/endfb-vii.1-hdf5/neutron/Si30.h5
 Reading Ag107 from /home/diogo/openmc_data/endfb-vii.1-hdf5/neutron/Ag107.h5
 Reading Ag109 from /home/diogo/openmc_data/endfb-vii.1-hdf5/neutron/Ag109.h5
 Reading Cd106 from /home/diogo/openmc_data/endfb-vii.1-hdf5/neutron/Cd106.h5
 WARNING: Negative value(s) found on probability table for nuclide Cd106 at 294K
 WARNING: Negative value(s) found on probability table for nuclide Cd106 at 600K
 WARNING: Negative value(s) found on probability table for nuclide Cd106 at 900K
 WARNING: Negative value(s) found on probability table for nuclide Cd106 at
          1200K
 WARNING: Negative value(s) found on probability table for nuclide Cd106 at
          2500K
 Reading Cd108 from /home/diogo/openmc_data/endfb-vii.1-hdf5/neutron/Cd108.h5
 Reading Cd110 from /home/diogo/openmc_data/endfb-vii.1-hdf5/neutron/Cd110.h5
 Reading Cd111 from /home/diogo/openmc_data/endfb-vii.1-hdf5/neutron/Cd111.h5
 Reading Cd112 from /home/diogo/openmc_data/endfb-vii.1-hdf5/neutron/Cd112.h5
 Reading Cd113 from /home/diogo/openmc_data/endfb-vii.1-hdf5/neutron/Cd113.h5
 Reading Cd114 from /home/diogo/openmc_data/endfb-vii.1-hdf5/neutron/Cd114.h5
 Reading Cd116 from /home/diogo/openmc_data/endfb-vii.1-hdf5/neutron/Cd116.h5
 Reading In113 from /home/diogo/openmc_data/endfb-vii.1-hdf5/neutron/In113.h5
 Reading In115 from /home/diogo/openmc_data/endfb-vii.1-hdf5/neutron/In115.h5
 Reading c_H_in_H2O from
 /home/diogo/openmc_data/endfb-vii.1-hdf5/neutron/c_H_in_H2O.h5
 Minimum neutron data temperature: 0 K
 Maximum neutron data temperature: 1.7976931348623157e+308 K
 Reading tallies XML file...
 Preparing distributed cell instances...
 Reading plot XML file...
 Writing summary.h5 file...
[openmc.deplete] t=116834482.39194909 s, dt=34617624.412429355 s, source=47662824.37942663
[openmc.deplete] t=151452106.80437845 s, dt=34617624.412429355 s, source=47662824.37942663
 Reading H3 from /home/diogo/openmc_data/endfb-vii.1-hdf5/neutron/H3.h5
 Reading Li6 from /home/diogo/openmc_data/endfb-vii.1-hdf5/neutron/Li6.h5
 Reading Li7 from /home/diogo/openmc_data/endfb-vii.1-hdf5/neutron/Li7.h5
 Reading N14 from /home/diogo/openmc_data/endfb-vii.1-hdf5/neutron/N14.h5
 Reading N15 from /home/diogo/openmc_data/endfb-vii.1-hdf5/neutron/N15.h5
 Reading F19 from /home/diogo/openmc_data/endfb-vii.1-hdf5/neutron/F19.h5
 Reading Na22 from /home/diogo/openmc_data/endfb-vii.1-hdf5/neutron/Na22.h5
 WARNING: Negative value(s) found on probability table for nuclide Na22 at 250K
 WARNING: Negative value(s) found on probability table for nuclide Na22 at 294K
 WARNING: Negative value(s) found on probability table for nuclide Na22 at 600K
 WARNING: Negative value(s) found on probability table for nuclide Na22 at 900K
 WARNING: Negative value(s) found on probability table for nuclide Na22 at 1200K
 WARNING: Negative value(s) found on probability table for nuclide Na22 at 2500K
 Reading Na23 from /home/diogo/openmc_data/endfb-vii.1-hdf5/neutron/Na23.h5
 Reading Mg24 from /home/diogo/openmc_data/endfb-vii.1-hdf5/neutron/Mg24.h5
 Reading Mg25 from /home/diogo/openmc_data/endfb-vii.1-hdf5/neutron/Mg25.h5
 Reading Mg26 from /home/diogo/openmc_data/endfb-vii.1-hdf5/neutron/Mg26.h5
 Reading Al27 from /home/diogo/openmc_data/endfb-vii.1-hdf5/neutron/Al27.h5
 Reading P31 from /home/diogo/openmc_data/endfb-vii.1-hdf5/neutron/P31.h5
 Reading S32 from /home/diogo/openmc_data/endfb-vii.1-hdf5/neutron/S32.h5
 Reading S33 from /home/diogo/openmc_data/endfb-vii.1-hdf5/neutron/S33.h5
 Reading S34 from /home/diogo/openmc_data/endfb-vii.1-hdf5/neutron/S34.h5
 Reading S36 from /home/diogo/openmc_data/endfb-vii.1-hdf5/neutron/S36.h5
 Reading Cl35 from /home/diogo/openmc_data/endfb-vii.1-hdf5/neutron/Cl35.h5
 Reading Cl37 from /home/diogo/openmc_data/endfb-vii.1-hdf5/neutron/Cl37.h5
 Reading Ar36 from /home/diogo/openmc_data/endfb-vii.1-hdf5/neutron/Ar36.h5
 WARNING: Negative value(s) found on probability table for nuclide Ar36 at 250K
 WARNING: Negative value(s) found on probability table for nuclide Ar36 at 294K
 WARNING: Negative value(s) found on probability table for nuclide Ar36 at 600K
 WARNING: Negative value(s) found on probability table for nuclide Ar36 at 900K
 WARNING: Negative value(s) found on probability table for nuclide Ar36 at 1200K
 WARNING: Negative value(s) found on probability table for nuclide Ar36 at 2500K
 Reading Ar38 from /home/diogo/openmc_data/endfb-vii.1-hdf5/neutron/Ar38.h5
 Reading Ar40 from /home/diogo/openmc_data/endfb-vii.1-hdf5/neutron/Ar40.h5
 Reading K39 from /home/diogo/openmc_data/endfb-vii.1-hdf5/neutron/K39.h5
 Reading K40 from /home/diogo/openmc_data/endfb-vii.1-hdf5/neutron/K40.h5
 Reading K41 from /home/diogo/openmc_data/endfb-vii.1-hdf5/neutron/K41.h5
 Reading Ca40 from /home/diogo/openmc_data/endfb-vii.1-hdf5/neutron/Ca40.h5
 Reading Ca42 from /home/diogo/openmc_data/endfb-vii.1-hdf5/neutron/Ca42.h5
 Reading Ca43 from /home/diogo/openmc_data/endfb-vii.1-hdf5/neutron/Ca43.h5
 Reading Ca44 from /home/diogo/openmc_data/endfb-vii.1-hdf5/neutron/Ca44.h5
 Reading Ca46 from /home/diogo/openmc_data/endfb-vii.1-hdf5/neutron/Ca46.h5
 Reading Sc45 from /home/diogo/openmc_data/endfb-vii.1-hdf5/neutron/Sc45.h5
 Reading Ti46 from /home/diogo/openmc_data/endfb-vii.1-hdf5/neutron/Ti46.h5
 Reading Ti47 from /home/diogo/openmc_data/endfb-vii.1-hdf5/neutron/Ti47.h5
 Reading Ti48 from /home/diogo/openmc_data/endfb-vii.1-hdf5/neutron/Ti48.h5
 Reading Ti49 from /home/diogo/openmc_data/endfb-vii.1-hdf5/neutron/Ti49.h5
 Reading Ti50 from /home/diogo/openmc_data/endfb-vii.1-hdf5/neutron/Ti50.h5
 Reading V50 from /home/diogo/openmc_data/endfb-vii.1-hdf5/neutron/V50.h5
 Reading V51 from /home/diogo/openmc_data/endfb-vii.1-hdf5/neutron/V51.h5
 Reading Co58 from /home/diogo/openmc_data/endfb-vii.1-hdf5/neutron/Co58.h5
 Reading Co59 from /home/diogo/openmc_data/endfb-vii.1-hdf5/neutron/Co59.h5
 Reading Ni59 from /home/diogo/openmc_data/endfb-vii.1-hdf5/neutron/Ni59.h5
 Reading Cu63 from /home/diogo/openmc_data/endfb-vii.1-hdf5/neutron/Cu63.h5
 Reading Cu65 from /home/diogo/openmc_data/endfb-vii.1-hdf5/neutron/Cu65.h5
 Reading Zn64 from /home/diogo/openmc_data/endfb-vii.1-hdf5/neutron/Zn64.h5
 Reading Zn65 from /home/diogo/openmc_data/endfb-vii.1-hdf5/neutron/Zn65.h5
 Reading Zn66 from /home/diogo/openmc_data/endfb-vii.1-hdf5/neutron/Zn66.h5
 Reading Zn67 from /home/diogo/openmc_data/endfb-vii.1-hdf5/neutron/Zn67.h5
 Reading Zn68 from /home/diogo/openmc_data/endfb-vii.1-hdf5/neutron/Zn68.h5
 Reading Zn70 from /home/diogo/openmc_data/endfb-vii.1-hdf5/neutron/Zn70.h5
 Reading Ga69 from /home/diogo/openmc_data/endfb-vii.1-hdf5/neutron/Ga69.h5
 Reading Ga71 from /home/diogo/openmc_data/endfb-vii.1-hdf5/neutron/Ga71.h5
 Reading Ge70 from /home/diogo/openmc_data/endfb-vii.1-hdf5/neutron/Ge70.h5
 Reading Ge72 from /home/diogo/openmc_data/endfb-vii.1-hdf5/neutron/Ge72.h5
 Reading Ge73 from /home/diogo/openmc_data/endfb-vii.1-hdf5/neutron/Ge73.h5
 Reading Ge74 from /home/diogo/openmc_data/endfb-vii.1-hdf5/neutron/Ge74.h5
 Reading Ge76 from /home/diogo/openmc_data/endfb-vii.1-hdf5/neutron/Ge76.h5
 Reading As74 from /home/diogo/openmc_data/endfb-vii.1-hdf5/neutron/As74.h5
 Reading As75 from /home/diogo/openmc_data/endfb-vii.1-hdf5/neutron/As75.h5
 Reading Se74 from /home/diogo/openmc_data/endfb-vii.1-hdf5/neutron/Se74.h5
 Reading Se76 from /home/diogo/openmc_data/endfb-vii.1-hdf5/neutron/Se76.h5
 Reading Se77 from /home/diogo/openmc_data/endfb-vii.1-hdf5/neutron/Se77.h5
 Reading Se78 from /home/diogo/openmc_data/endfb-vii.1-hdf5/neutron/Se78.h5
 Reading Se79 from /home/diogo/openmc_data/endfb-vii.1-hdf5/neutron/Se79.h5
 WARNING: Negative value(s) found on probability table for nuclide Se79 at 250K
 WARNING: Negative value(s) found on probability table for nuclide Se79 at 294K
 WARNING: Negative value(s) found on probability table for nuclide Se79 at 600K
 WARNING: Negative value(s) found on probability table for nuclide Se79 at 900K
 WARNING: Negative value(s) found on probability table for nuclide Se79 at 1200K
 Reading Se80 from /home/diogo/openmc_data/endfb-vii.1-hdf5/neutron/Se80.h5
 Reading Se82 from /home/diogo/openmc_data/endfb-vii.1-hdf5/neutron/Se82.h5
 Reading Br79 from /home/diogo/openmc_data/endfb-vii.1-hdf5/neutron/Br79.h5
 Reading Br81 from /home/diogo/openmc_data/endfb-vii.1-hdf5/neutron/Br81.h5
 Reading Kr78 from /home/diogo/openmc_data/endfb-vii.1-hdf5/neutron/Kr78.h5
 Reading Kr80 from /home/diogo/openmc_data/endfb-vii.1-hdf5/neutron/Kr80.h5
 Reading Kr82 from /home/diogo/openmc_data/endfb-vii.1-hdf5/neutron/Kr82.h5
 Reading Kr83 from /home/diogo/openmc_data/endfb-vii.1-hdf5/neutron/Kr83.h5
 Reading Kr84 from /home/diogo/openmc_data/endfb-vii.1-hdf5/neutron/Kr84.h5
 Reading Kr85 from /home/diogo/openmc_data/endfb-vii.1-hdf5/neutron/Kr85.h5
 Reading Kr86 from /home/diogo/openmc_data/endfb-vii.1-hdf5/neutron/Kr86.h5
 Reading Rb85 from /home/diogo/openmc_data/endfb-vii.1-hdf5/neutron/Rb85.h5
 Reading Rb86 from /home/diogo/openmc_data/endfb-vii.1-hdf5/neutron/Rb86.h5
 Reading Rb87 from /home/diogo/openmc_data/endfb-vii.1-hdf5/neutron/Rb87.h5
 Reading Sr84 from /home/diogo/openmc_data/endfb-vii.1-hdf5/neutron/Sr84.h5
 Reading Sr86 from /home/diogo/openmc_data/endfb-vii.1-hdf5/neutron/Sr86.h5
 Reading Sr87 from /home/diogo/openmc_data/endfb-vii.1-hdf5/neutron/Sr87.h5
 Reading Sr88 from /home/diogo/openmc_data/endfb-vii.1-hdf5/neutron/Sr88.h5
 Reading Sr89 from /home/diogo/openmc_data/endfb-vii.1-hdf5/neutron/Sr89.h5
 Reading Sr90 from /home/diogo/openmc_data/endfb-vii.1-hdf5/neutron/Sr90.h5
 Reading Y89 from /home/diogo/openmc_data/endfb-vii.1-hdf5/neutron/Y89.h5
 Reading Y90 from /home/diogo/openmc_data/endfb-vii.1-hdf5/neutron/Y90.h5
 Reading Y91 from /home/diogo/openmc_data/endfb-vii.1-hdf5/neutron/Y91.h5
 Reading Zr93 from /home/diogo/openmc_data/endfb-vii.1-hdf5/neutron/Zr93.h5
 Reading Zr95 from /home/diogo/openmc_data/endfb-vii.1-hdf5/neutron/Zr95.h5
 Reading Nb93 from /home/diogo/openmc_data/endfb-vii.1-hdf5/neutron/Nb93.h5
 Reading Nb94 from /home/diogo/openmc_data/endfb-vii.1-hdf5/neutron/Nb94.h5
 WARNING: Negative value(s) found on probability table for nuclide Nb94 at 250K
 WARNING: Negative value(s) found on probability table for nuclide Nb94 at 294K
 WARNING: Negative value(s) found on probability table for nuclide Nb94 at 600K
 WARNING: Negative value(s) found on probability table for nuclide Nb94 at 900K
 WARNING: Negative value(s) found on probability table for nuclide Nb94 at 1200K
 WARNING: Negative value(s) found on probability table for nuclide Nb94 at 2500K
 Reading Nb95 from /home/diogo/openmc_data/endfb-vii.1-hdf5/neutron/Nb95.h5
 WARNING: Negative value(s) found on probability table for nuclide Nb95 at 250K
 WARNING: Negative value(s) found on probability table for nuclide Nb95 at 294K
 WARNING: Negative value(s) found on probability table for nuclide Nb95 at 600K
 WARNING: Negative value(s) found on probability table for nuclide Nb95 at 900K
 WARNING: Negative value(s) found on probability table for nuclide Nb95 at 1200K
 Reading Mo92 from /home/diogo/openmc_data/endfb-vii.1-hdf5/neutron/Mo92.h5
 Reading Mo94 from /home/diogo/openmc_data/endfb-vii.1-hdf5/neutron/Mo94.h5
 Reading Mo95 from /home/diogo/openmc_data/endfb-vii.1-hdf5/neutron/Mo95.h5
 Reading Mo96 from /home/diogo/openmc_data/endfb-vii.1-hdf5/neutron/Mo96.h5
 Reading Mo97 from /home/diogo/openmc_data/endfb-vii.1-hdf5/neutron/Mo97.h5
 Reading Mo98 from /home/diogo/openmc_data/endfb-vii.1-hdf5/neutron/Mo98.h5
 Reading Mo99 from /home/diogo/openmc_data/endfb-vii.1-hdf5/neutron/Mo99.h5
 WARNING: Negative value(s) found on probability table for nuclide Mo99 at 250K
 WARNING: Negative value(s) found on probability table for nuclide Mo99 at 294K
 WARNING: Negative value(s) found on probability table for nuclide Mo99 at 600K
 WARNING: Negative value(s) found on probability table for nuclide Mo99 at 900K
 WARNING: Negative value(s) found on probability table for nuclide Mo99 at 1200K
 WARNING: Negative value(s) found on probability table for nuclide Mo99 at 2500K
 Reading Mo100 from /home/diogo/openmc_data/endfb-vii.1-hdf5/neutron/Mo100.h5
 Reading Tc99 from /home/diogo/openmc_data/endfb-vii.1-hdf5/neutron/Tc99.h5
 Reading Ru98 from /home/diogo/openmc_data/endfb-vii.1-hdf5/neutron/Ru98.h5
 Reading Ru99 from /home/diogo/openmc_data/endfb-vii.1-hdf5/neutron/Ru99.h5
 Reading Ru100 from /home/diogo/openmc_data/endfb-vii.1-hdf5/neutron/Ru100.h5
 Reading Ru101 from /home/diogo/openmc_data/endfb-vii.1-hdf5/neutron/Ru101.h5
 Reading Ru102 from /home/diogo/openmc_data/endfb-vii.1-hdf5/neutron/Ru102.h5
 Reading Ru103 from /home/diogo/openmc_data/endfb-vii.1-hdf5/neutron/Ru103.h5
 Reading Ru104 from /home/diogo/openmc_data/endfb-vii.1-hdf5/neutron/Ru104.h5
 Reading Ru105 from /home/diogo/openmc_data/endfb-vii.1-hdf5/neutron/Ru105.h5
 Reading Ru106 from /home/diogo/openmc_data/endfb-vii.1-hdf5/neutron/Ru106.h5
 Reading Rh103 from /home/diogo/openmc_data/endfb-vii.1-hdf5/neutron/Rh103.h5
 Reading Rh105 from /home/diogo/openmc_data/endfb-vii.1-hdf5/neutron/Rh105.h5
 Reading Pd102 from /home/diogo/openmc_data/endfb-vii.1-hdf5/neutron/Pd102.h5
 Reading Pd104 from /home/diogo/openmc_data/endfb-vii.1-hdf5/neutron/Pd104.h5
 Reading Pd105 from /home/diogo/openmc_data/endfb-vii.1-hdf5/neutron/Pd105.h5
 Reading Pd106 from /home/diogo/openmc_data/endfb-vii.1-hdf5/neutron/Pd106.h5
 Reading Pd107 from /home/diogo/openmc_data/endfb-vii.1-hdf5/neutron/Pd107.h5
 Reading Pd108 from /home/diogo/openmc_data/endfb-vii.1-hdf5/neutron/Pd108.h5
 Reading Pd110 from /home/diogo/openmc_data/endfb-vii.1-hdf5/neutron/Pd110.h5
 Reading Ag110_m1 from
 /home/diogo/openmc_data/endfb-vii.1-hdf5/neutron/Ag110_m1.h5
 Reading Ag111 from /home/diogo/openmc_data/endfb-vii.1-hdf5/neutron/Ag111.h5
 Reading Cd115_m1 from
 /home/diogo/openmc_data/endfb-vii.1-hdf5/neutron/Cd115_m1.h5
 Reading Sn113 from /home/diogo/openmc_data/endfb-vii.1-hdf5/neutron/Sn113.h5
 Reading Sn123 from /home/diogo/openmc_data/endfb-vii.1-hdf5/neutron/Sn123.h5
 WARNING: Negative value(s) found on probability table for nuclide Sn123 at 250K
 WARNING: Negative value(s) found on probability table for nuclide Sn123 at 294K
 WARNING: Negative value(s) found on probability table for nuclide Sn123 at 600K
 WARNING: Negative value(s) found on probability table for nuclide Sn123 at 900K
 WARNING: Negative value(s) found on probability table for nuclide Sn123 at
          1200K
 WARNING: Negative value(s) found on probability table for nuclide Sn123 at
          2500K
 Reading Sn125 from /home/diogo/openmc_data/endfb-vii.1-hdf5/neutron/Sn125.h5
 Reading Sn126 from /home/diogo/openmc_data/endfb-vii.1-hdf5/neutron/Sn126.h5
 Reading Sb121 from /home/diogo/openmc_data/endfb-vii.1-hdf5/neutron/Sb121.h5
 Reading Sb123 from /home/diogo/openmc_data/endfb-vii.1-hdf5/neutron/Sb123.h5
 Reading Sb124 from /home/diogo/openmc_data/endfb-vii.1-hdf5/neutron/Sb124.h5
 Reading Sb125 from /home/diogo/openmc_data/endfb-vii.1-hdf5/neutron/Sb125.h5
 Reading Sb126 from /home/diogo/openmc_data/endfb-vii.1-hdf5/neutron/Sb126.h5
 Reading Te120 from /home/diogo/openmc_data/endfb-vii.1-hdf5/neutron/Te120.h5
 WARNING: Negative value(s) found on probability table for nuclide Te120 at 600K
 WARNING: Negative value(s) found on probability table for nuclide Te120 at 900K
 WARNING: Negative value(s) found on probability table for nuclide Te120 at
          1200K
 WARNING: Negative value(s) found on probability table for nuclide Te120 at
          2500K
 Reading Te122 from /home/diogo/openmc_data/endfb-vii.1-hdf5/neutron/Te122.h5
 Reading Te123 from /home/diogo/openmc_data/endfb-vii.1-hdf5/neutron/Te123.h5
 Reading Te124 from /home/diogo/openmc_data/endfb-vii.1-hdf5/neutron/Te124.h5
 Reading Te125 from /home/diogo/openmc_data/endfb-vii.1-hdf5/neutron/Te125.h5
 Reading Te126 from /home/diogo/openmc_data/endfb-vii.1-hdf5/neutron/Te126.h5
 Reading Te127_m1 from
 /home/diogo/openmc_data/endfb-vii.1-hdf5/neutron/Te127_m1.h5
 Reading Te128 from /home/diogo/openmc_data/endfb-vii.1-hdf5/neutron/Te128.h5
 Reading Te129_m1 from
 /home/diogo/openmc_data/endfb-vii.1-hdf5/neutron/Te129_m1.h5
 Reading Te130 from /home/diogo/openmc_data/endfb-vii.1-hdf5/neutron/Te130.h5
 Reading Te132 from /home/diogo/openmc_data/endfb-vii.1-hdf5/neutron/Te132.h5
 Reading I127 from /home/diogo/openmc_data/endfb-vii.1-hdf5/neutron/I127.h5
 Reading I129 from /home/diogo/openmc_data/endfb-vii.1-hdf5/neutron/I129.h5
 Reading I130 from /home/diogo/openmc_data/endfb-vii.1-hdf5/neutron/I130.h5
 Reading I131 from /home/diogo/openmc_data/endfb-vii.1-hdf5/neutron/I131.h5
 WARNING: Negative value(s) found on probability table for nuclide I131 at 250K
 WARNING: Negative value(s) found on probability table for nuclide I131 at 294K
 WARNING: Negative value(s) found on probability table for nuclide I131 at 600K
 WARNING: Negative value(s) found on probability table for nuclide I131 at 900K
 WARNING: Negative value(s) found on probability table for nuclide I131 at 1200K
 WARNING: Negative value(s) found on probability table for nuclide I131 at 2500K
 Reading I135 from /home/diogo/openmc_data/endfb-vii.1-hdf5/neutron/I135.h5
 Reading Xe126 from /home/diogo/openmc_data/endfb-vii.1-hdf5/neutron/Xe126.h5
 Reading Xe128 from /home/diogo/openmc_data/endfb-vii.1-hdf5/neutron/Xe128.h5
 Reading Xe129 from /home/diogo/openmc_data/endfb-vii.1-hdf5/neutron/Xe129.h5
 Reading Xe130 from /home/diogo/openmc_data/endfb-vii.1-hdf5/neutron/Xe130.h5
 Reading Xe131 from /home/diogo/openmc_data/endfb-vii.1-hdf5/neutron/Xe131.h5
 Reading Xe132 from /home/diogo/openmc_data/endfb-vii.1-hdf5/neutron/Xe132.h5
 Reading Xe133 from /home/diogo/openmc_data/endfb-vii.1-hdf5/neutron/Xe133.h5
 WARNING: Negative value(s) found on probability table for nuclide Xe133 at
          2500K
 Reading Xe134 from /home/diogo/openmc_data/endfb-vii.1-hdf5/neutron/Xe134.h5
 Reading Xe135 from /home/diogo/openmc_data/endfb-vii.1-hdf5/neutron/Xe135.h5
 Reading Xe136 from /home/diogo/openmc_data/endfb-vii.1-hdf5/neutron/Xe136.h5
 Reading Cs133 from /home/diogo/openmc_data/endfb-vii.1-hdf5/neutron/Cs133.h5
 Reading Cs134 from /home/diogo/openmc_data/endfb-vii.1-hdf5/neutron/Cs134.h5
 Reading Cs135 from /home/diogo/openmc_data/endfb-vii.1-hdf5/neutron/Cs135.h5
 Reading Cs136 from /home/diogo/openmc_data/endfb-vii.1-hdf5/neutron/Cs136.h5
 WARNING: Negative value(s) found on probability table for nuclide Cs136 at 250K
 WARNING: Negative value(s) found on probability table for nuclide Cs136 at 294K
 WARNING: Negative value(s) found on probability table for nuclide Cs136 at 600K
 WARNING: Negative value(s) found on probability table for nuclide Cs136 at 900K
 WARNING: Negative value(s) found on probability table for nuclide Cs136 at
          1200K
 WARNING: Negative value(s) found on probability table for nuclide Cs136 at
          2500K
 Reading Cs137 from /home/diogo/openmc_data/endfb-vii.1-hdf5/neutron/Cs137.h5
 Reading Ba132 from /home/diogo/openmc_data/endfb-vii.1-hdf5/neutron/Ba132.h5
 Reading Ba133 from /home/diogo/openmc_data/endfb-vii.1-hdf5/neutron/Ba133.h5
 Reading Ba134 from /home/diogo/openmc_data/endfb-vii.1-hdf5/neutron/Ba134.h5
 Reading Ba135 from /home/diogo/openmc_data/endfb-vii.1-hdf5/neutron/Ba135.h5
 Reading Ba136 from /home/diogo/openmc_data/endfb-vii.1-hdf5/neutron/Ba136.h5
 Reading Ba137 from /home/diogo/openmc_data/endfb-vii.1-hdf5/neutron/Ba137.h5
 Reading Ba138 from /home/diogo/openmc_data/endfb-vii.1-hdf5/neutron/Ba138.h5
 Reading Ba140 from /home/diogo/openmc_data/endfb-vii.1-hdf5/neutron/Ba140.h5
 Reading La138 from /home/diogo/openmc_data/endfb-vii.1-hdf5/neutron/La138.h5
 Reading La139 from /home/diogo/openmc_data/endfb-vii.1-hdf5/neutron/La139.h5
 Reading La140 from /home/diogo/openmc_data/endfb-vii.1-hdf5/neutron/La140.h5
 Reading Ce138 from /home/diogo/openmc_data/endfb-vii.1-hdf5/neutron/Ce138.h5
 Reading Ce139 from /home/diogo/openmc_data/endfb-vii.1-hdf5/neutron/Ce139.h5
 Reading Ce140 from /home/diogo/openmc_data/endfb-vii.1-hdf5/neutron/Ce140.h5
 Reading Ce141 from /home/diogo/openmc_data/endfb-vii.1-hdf5/neutron/Ce141.h5
 Reading Ce142 from /home/diogo/openmc_data/endfb-vii.1-hdf5/neutron/Ce142.h5
 Reading Ce143 from /home/diogo/openmc_data/endfb-vii.1-hdf5/neutron/Ce143.h5
 Reading Ce144 from /home/diogo/openmc_data/endfb-vii.1-hdf5/neutron/Ce144.h5
 Reading Pr141 from /home/diogo/openmc_data/endfb-vii.1-hdf5/neutron/Pr141.h5
 Reading Pr142 from /home/diogo/openmc_data/endfb-vii.1-hdf5/neutron/Pr142.h5
 Reading Pr143 from /home/diogo/openmc_data/endfb-vii.1-hdf5/neutron/Pr143.h5
 Reading Nd142 from /home/diogo/openmc_data/endfb-vii.1-hdf5/neutron/Nd142.h5
 Reading Nd143 from /home/diogo/openmc_data/endfb-vii.1-hdf5/neutron/Nd143.h5
 Reading Nd144 from /home/diogo/openmc_data/endfb-vii.1-hdf5/neutron/Nd144.h5
 Reading Nd145 from /home/diogo/openmc_data/endfb-vii.1-hdf5/neutron/Nd145.h5
 Reading Nd146 from /home/diogo/openmc_data/endfb-vii.1-hdf5/neutron/Nd146.h5
 Reading Nd147 from /home/diogo/openmc_data/endfb-vii.1-hdf5/neutron/Nd147.h5
 Reading Nd148 from /home/diogo/openmc_data/endfb-vii.1-hdf5/neutron/Nd148.h5
 Reading Nd150 from /home/diogo/openmc_data/endfb-vii.1-hdf5/neutron/Nd150.h5
 Reading Pm147 from /home/diogo/openmc_data/endfb-vii.1-hdf5/neutron/Pm147.h5
 Reading Pm148 from /home/diogo/openmc_data/endfb-vii.1-hdf5/neutron/Pm148.h5
 Reading Pm148_m1 from
 /home/diogo/openmc_data/endfb-vii.1-hdf5/neutron/Pm148_m1.h5
 Reading Pm149 from /home/diogo/openmc_data/endfb-vii.1-hdf5/neutron/Pm149.h5
 Reading Pm151 from /home/diogo/openmc_data/endfb-vii.1-hdf5/neutron/Pm151.h5
 Reading Sm144 from /home/diogo/openmc_data/endfb-vii.1-hdf5/neutron/Sm144.h5
 Reading Sm147 from /home/diogo/openmc_data/endfb-vii.1-hdf5/neutron/Sm147.h5
 Reading Sm148 from /home/diogo/openmc_data/endfb-vii.1-hdf5/neutron/Sm148.h5
 Reading Sm149 from /home/diogo/openmc_data/endfb-vii.1-hdf5/neutron/Sm149.h5
 Reading Sm150 from /home/diogo/openmc_data/endfb-vii.1-hdf5/neutron/Sm150.h5
 Reading Sm151 from /home/diogo/openmc_data/endfb-vii.1-hdf5/neutron/Sm151.h5
 Reading Sm152 from /home/diogo/openmc_data/endfb-vii.1-hdf5/neutron/Sm152.h5
 Reading Sm153 from /home/diogo/openmc_data/endfb-vii.1-hdf5/neutron/Sm153.h5
 Reading Sm154 from /home/diogo/openmc_data/endfb-vii.1-hdf5/neutron/Sm154.h5
 Reading Eu151 from /home/diogo/openmc_data/endfb-vii.1-hdf5/neutron/Eu151.h5
 Reading Eu152 from /home/diogo/openmc_data/endfb-vii.1-hdf5/neutron/Eu152.h5
 Reading Eu153 from /home/diogo/openmc_data/endfb-vii.1-hdf5/neutron/Eu153.h5
 Reading Eu154 from /home/diogo/openmc_data/endfb-vii.1-hdf5/neutron/Eu154.h5
 Reading Eu155 from /home/diogo/openmc_data/endfb-vii.1-hdf5/neutron/Eu155.h5
 Reading Eu156 from /home/diogo/openmc_data/endfb-vii.1-hdf5/neutron/Eu156.h5
 WARNING: Negative value(s) found on probability table for nuclide Eu156 at 250K
 WARNING: Negative value(s) found on probability table for nuclide Eu156 at 294K
 WARNING: Negative value(s) found on probability table for nuclide Eu156 at 600K
 WARNING: Negative value(s) found on probability table for nuclide Eu156 at 900K
 WARNING: Negative value(s) found on probability table for nuclide Eu156 at
          1200K
 WARNING: Negative value(s) found on probability table for nuclide Eu156 at
          2500K
 Reading Eu157 from /home/diogo/openmc_data/endfb-vii.1-hdf5/neutron/Eu157.h5
 Reading Gd153 from /home/diogo/openmc_data/endfb-vii.1-hdf5/neutron/Gd153.h5
 Reading Tb159 from /home/diogo/openmc_data/endfb-vii.1-hdf5/neutron/Tb159.h5
 Reading Tb160 from /home/diogo/openmc_data/endfb-vii.1-hdf5/neutron/Tb160.h5
 Reading Dy156 from /home/diogo/openmc_data/endfb-vii.1-hdf5/neutron/Dy156.h5
 Reading Dy158 from /home/diogo/openmc_data/endfb-vii.1-hdf5/neutron/Dy158.h5
 Reading Dy160 from /home/diogo/openmc_data/endfb-vii.1-hdf5/neutron/Dy160.h5
 Reading Dy161 from /home/diogo/openmc_data/endfb-vii.1-hdf5/neutron/Dy161.h5
 Reading Dy162 from /home/diogo/openmc_data/endfb-vii.1-hdf5/neutron/Dy162.h5
 Reading Dy163 from /home/diogo/openmc_data/endfb-vii.1-hdf5/neutron/Dy163.h5
 Reading Dy164 from /home/diogo/openmc_data/endfb-vii.1-hdf5/neutron/Dy164.h5
 Reading Ho165 from /home/diogo/openmc_data/endfb-vii.1-hdf5/neutron/Ho165.h5
 Reading Ho166_m1 from
 /home/diogo/openmc_data/endfb-vii.1-hdf5/neutron/Ho166_m1.h5
 Reading Er162 from /home/diogo/openmc_data/endfb-vii.1-hdf5/neutron/Er162.h5
 Reading Er164 from /home/diogo/openmc_data/endfb-vii.1-hdf5/neutron/Er164.h5
 Reading Er166 from /home/diogo/openmc_data/endfb-vii.1-hdf5/neutron/Er166.h5
 Reading Er167 from /home/diogo/openmc_data/endfb-vii.1-hdf5/neutron/Er167.h5
 Reading Er168 from /home/diogo/openmc_data/endfb-vii.1-hdf5/neutron/Er168.h5
 Reading Er170 from /home/diogo/openmc_data/endfb-vii.1-hdf5/neutron/Er170.h5
 Reading Tm168 from /home/diogo/openmc_data/endfb-vii.1-hdf5/neutron/Tm168.h5
 Reading Tm169 from /home/diogo/openmc_data/endfb-vii.1-hdf5/neutron/Tm169.h5
 Reading Tm170 from /home/diogo/openmc_data/endfb-vii.1-hdf5/neutron/Tm170.h5
 Reading Ir191 from /home/diogo/openmc_data/endfb-vii.1-hdf5/neutron/Ir191.h5
 Reading Ir193 from /home/diogo/openmc_data/endfb-vii.1-hdf5/neutron/Ir193.h5
 Reading Au197 from /home/diogo/openmc_data/endfb-vii.1-hdf5/neutron/Au197.h5
 Reading Hg196 from /home/diogo/openmc_data/endfb-vii.1-hdf5/neutron/Hg196.h5
 Reading Hg198 from /home/diogo/openmc_data/endfb-vii.1-hdf5/neutron/Hg198.h5
 Reading Hg199 from /home/diogo/openmc_data/endfb-vii.1-hdf5/neutron/Hg199.h5
 Reading Hg200 from /home/diogo/openmc_data/endfb-vii.1-hdf5/neutron/Hg200.h5
 Reading Hg201 from /home/diogo/openmc_data/endfb-vii.1-hdf5/neutron/Hg201.h5
 Reading Hg202 from /home/diogo/openmc_data/endfb-vii.1-hdf5/neutron/Hg202.h5
 Reading Hg204 from /home/diogo/openmc_data/endfb-vii.1-hdf5/neutron/Hg204.h5
 Reading Tl203 from /home/diogo/openmc_data/endfb-vii.1-hdf5/neutron/Tl203.h5
 Reading Tl205 from /home/diogo/openmc_data/endfb-vii.1-hdf5/neutron/Tl205.h5
 Reading Pb204 from /home/diogo/openmc_data/endfb-vii.1-hdf5/neutron/Pb204.h5
 Reading Pb206 from /home/diogo/openmc_data/endfb-vii.1-hdf5/neutron/Pb206.h5
 Reading Pb207 from /home/diogo/openmc_data/endfb-vii.1-hdf5/neutron/Pb207.h5
 Reading Pb208 from /home/diogo/openmc_data/endfb-vii.1-hdf5/neutron/Pb208.h5
 Reading Bi209 from /home/diogo/openmc_data/endfb-vii.1-hdf5/neutron/Bi209.h5
 Reading Ra223 from /home/diogo/openmc_data/endfb-vii.1-hdf5/neutron/Ra223.h5
 Reading Ra224 from /home/diogo/openmc_data/endfb-vii.1-hdf5/neutron/Ra224.h5
 Reading Ra225 from /home/diogo/openmc_data/endfb-vii.1-hdf5/neutron/Ra225.h5
 Reading Ra226 from /home/diogo/openmc_data/endfb-vii.1-hdf5/neutron/Ra226.h5
 Reading Ac225 from /home/diogo/openmc_data/endfb-vii.1-hdf5/neutron/Ac225.h5
 Reading Ac226 from /home/diogo/openmc_data/endfb-vii.1-hdf5/neutron/Ac226.h5
 Reading Ac227 from /home/diogo/openmc_data/endfb-vii.1-hdf5/neutron/Ac227.h5
 Reading Th227 from /home/diogo/openmc_data/endfb-vii.1-hdf5/neutron/Th227.h5
 Reading Th228 from /home/diogo/openmc_data/endfb-vii.1-hdf5/neutron/Th228.h5
 Reading Th229 from /home/diogo/openmc_data/endfb-vii.1-hdf5/neutron/Th229.h5
 Reading Th230 from /home/diogo/openmc_data/endfb-vii.1-hdf5/neutron/Th230.h5
 Reading Th231 from /home/diogo/openmc_data/endfb-vii.1-hdf5/neutron/Th231.h5
 Reading Th232 from /home/diogo/openmc_data/endfb-vii.1-hdf5/neutron/Th232.h5
 Reading Th233 from /home/diogo/openmc_data/endfb-vii.1-hdf5/neutron/Th233.h5
 Reading Th234 from /home/diogo/openmc_data/endfb-vii.1-hdf5/neutron/Th234.h5
 Reading Pa229 from /home/diogo/openmc_data/endfb-vii.1-hdf5/neutron/Pa229.h5
 Reading Pa230 from /home/diogo/openmc_data/endfb-vii.1-hdf5/neutron/Pa230.h5
 Reading Pa231 from /home/diogo/openmc_data/endfb-vii.1-hdf5/neutron/Pa231.h5
 Reading Pa232 from /home/diogo/openmc_data/endfb-vii.1-hdf5/neutron/Pa232.h5
 Reading Pa233 from /home/diogo/openmc_data/endfb-vii.1-hdf5/neutron/Pa233.h5
 Reading U230 from /home/diogo/openmc_data/endfb-vii.1-hdf5/neutron/U230.h5
 Reading U231 from /home/diogo/openmc_data/endfb-vii.1-hdf5/neutron/U231.h5
 Reading U232 from /home/diogo/openmc_data/endfb-vii.1-hdf5/neutron/U232.h5
 Reading U233 from /home/diogo/openmc_data/endfb-vii.1-hdf5/neutron/U233.h5
 Reading U236 from /home/diogo/openmc_data/endfb-vii.1-hdf5/neutron/U236.h5
 Reading U237 from /home/diogo/openmc_data/endfb-vii.1-hdf5/neutron/U237.h5
 Reading U239 from /home/diogo/openmc_data/endfb-vii.1-hdf5/neutron/U239.h5
 Reading U240 from /home/diogo/openmc_data/endfb-vii.1-hdf5/neutron/U240.h5
 Reading U241 from /home/diogo/openmc_data/endfb-vii.1-hdf5/neutron/U241.h5
 Reading Np234 from /home/diogo/openmc_data/endfb-vii.1-hdf5/neutron/Np234.h5
 Reading Np235 from /home/diogo/openmc_data/endfb-vii.1-hdf5/neutron/Np235.h5
 Reading Np236 from /home/diogo/openmc_data/endfb-vii.1-hdf5/neutron/Np236.h5
 Reading Np237 from /home/diogo/openmc_data/endfb-vii.1-hdf5/neutron/Np237.h5
 Reading Np238 from /home/diogo/openmc_data/endfb-vii.1-hdf5/neutron/Np238.h5
 Reading Np239 from /home/diogo/openmc_data/endfb-vii.1-hdf5/neutron/Np239.h5
 Reading Pu236 from /home/diogo/openmc_data/endfb-vii.1-hdf5/neutron/Pu236.h5
 Reading Pu237 from /home/diogo/openmc_data/endfb-vii.1-hdf5/neutron/Pu237.h5
 Reading Pu238 from /home/diogo/openmc_data/endfb-vii.1-hdf5/neutron/Pu238.h5
 Reading Pu239 from /home/diogo/openmc_data/endfb-vii.1-hdf5/neutron/Pu239.h5
 Reading Pu240 from /home/diogo/openmc_data/endfb-vii.1-hdf5/neutron/Pu240.h5
 Reading Pu241 from /home/diogo/openmc_data/endfb-vii.1-hdf5/neutron/Pu241.h5
 Reading Pu242 from /home/diogo/openmc_data/endfb-vii.1-hdf5/neutron/Pu242.h5
 Reading Pu243 from /home/diogo/openmc_data/endfb-vii.1-hdf5/neutron/Pu243.h5
 Reading Pu244 from /home/diogo/openmc_data/endfb-vii.1-hdf5/neutron/Pu244.h5
 Reading Pu246 from /home/diogo/openmc_data/endfb-vii.1-hdf5/neutron/Pu246.h5
 Reading Am240 from /home/diogo/openmc_data/endfb-vii.1-hdf5/neutron/Am240.h5
 Reading Am241 from /home/diogo/openmc_data/endfb-vii.1-hdf5/neutron/Am241.h5
 Reading Am242 from /home/diogo/openmc_data/endfb-vii.1-hdf5/neutron/Am242.h5
 Reading Am242_m1 from
 /home/diogo/openmc_data/endfb-vii.1-hdf5/neutron/Am242_m1.h5
 Reading Am243 from /home/diogo/openmc_data/endfb-vii.1-hdf5/neutron/Am243.h5
 Reading Am244 from /home/diogo/openmc_data/endfb-vii.1-hdf5/neutron/Am244.h5
 Reading Am244_m1 from
 /home/diogo/openmc_data/endfb-vii.1-hdf5/neutron/Am244_m1.h5
 Reading Cm240 from /home/diogo/openmc_data/endfb-vii.1-hdf5/neutron/Cm240.h5
 Reading Cm241 from /home/diogo/openmc_data/endfb-vii.1-hdf5/neutron/Cm241.h5
 Reading Cm242 from /home/diogo/openmc_data/endfb-vii.1-hdf5/neutron/Cm242.h5
 Reading Cm243 from /home/diogo/openmc_data/endfb-vii.1-hdf5/neutron/Cm243.h5
 Reading Cm244 from /home/diogo/openmc_data/endfb-vii.1-hdf5/neutron/Cm244.h5
 Reading Cm245 from /home/diogo/openmc_data/endfb-vii.1-hdf5/neutron/Cm245.h5
 Reading Cm246 from /home/diogo/openmc_data/endfb-vii.1-hdf5/neutron/Cm246.h5
 Reading Cm247 from /home/diogo/openmc_data/endfb-vii.1-hdf5/neutron/Cm247.h5
 Reading Cm248 from /home/diogo/openmc_data/endfb-vii.1-hdf5/neutron/Cm248.h5
 Reading Cm249 from /home/diogo/openmc_data/endfb-vii.1-hdf5/neutron/Cm249.h5
 Reading Cm250 from /home/diogo/openmc_data/endfb-vii.1-hdf5/neutron/Cm250.h5
 Reading Bk245 from /home/diogo/openmc_data/endfb-vii.1-hdf5/neutron/Bk245.h5
 Reading Bk247 from /home/diogo/openmc_data/endfb-vii.1-hdf5/neutron/Bk247.h5
 Reading Bk248 from /home/diogo/openmc_data/endfb-vii.1-hdf5/neutron/Bk248.h5
 Reading Bk249 from /home/diogo/openmc_data/endfb-vii.1-hdf5/neutron/Bk249.h5
 Reading Bk250 from /home/diogo/openmc_data/endfb-vii.1-hdf5/neutron/Bk250.h5
 Reading Cf248 from /home/diogo/openmc_data/endfb-vii.1-hdf5/neutron/Cf248.h5
 Reading Cf249 from /home/diogo/openmc_data/endfb-vii.1-hdf5/neutron/Cf249.h5
 Reading Cf250 from /home/diogo/openmc_data/endfb-vii.1-hdf5/neutron/Cf250.h5
 WARNING: Negative value(s) found on probability table for nuclide Cf250 at 250K
 WARNING: Negative value(s) found on probability table for nuclide Cf250 at 294K
 WARNING: Negative value(s) found on probability table for nuclide Cf250 at 900K
 WARNING: Negative value(s) found on probability table for nuclide Cf250 at
          1200K
 Reading Cf251 from /home/diogo/openmc_data/endfb-vii.1-hdf5/neutron/Cf251.h5
 Reading Ru96 from /home/diogo/openmc_data/endfb-vii.1-hdf5/neutron/Ru96.h5
 Reading Xe123 from /home/diogo/openmc_data/endfb-vii.1-hdf5/neutron/Xe123.h5
 Reading Xe124 from /home/diogo/openmc_data/endfb-vii.1-hdf5/neutron/Xe124.h5
 Reading Ba130 from /home/diogo/openmc_data/endfb-vii.1-hdf5/neutron/Ba130.h5
 Reading Ce136 from /home/diogo/openmc_data/endfb-vii.1-hdf5/neutron/Ce136.h5
 Reading Cf252 from /home/diogo/openmc_data/endfb-vii.1-hdf5/neutron/Cf252.h5
 Reading Cf253 from /home/diogo/openmc_data/endfb-vii.1-hdf5/neutron/Cf253.h5
 Reading Es251 from /home/diogo/openmc_data/endfb-vii.1-hdf5/neutron/Es251.h5
 Reading Es252 from /home/diogo/openmc_data/endfb-vii.1-hdf5/neutron/Es252.h5
 Reading Es253 from /home/diogo/openmc_data/endfb-vii.1-hdf5/neutron/Es253.h5
 Reading Es254 from /home/diogo/openmc_data/endfb-vii.1-hdf5/neutron/Es254.h5
 Reading Es254_m1 from
 /home/diogo/openmc_data/endfb-vii.1-hdf5/neutron/Es254_m1.h5
 Reading Lu175 from /home/diogo/openmc_data/endfb-vii.1-hdf5/neutron/Lu175.h5
 Reading Lu176 from /home/diogo/openmc_data/endfb-vii.1-hdf5/neutron/Lu176.h5
 Reading Hf176 from /home/diogo/openmc_data/endfb-vii.1-hdf5/neutron/Hf176.h5
 Reading Hf177 from /home/diogo/openmc_data/endfb-vii.1-hdf5/neutron/Hf177.h5
 Reading Hf178 from /home/diogo/openmc_data/endfb-vii.1-hdf5/neutron/Hf178.h5
 Reading Hf179 from /home/diogo/openmc_data/endfb-vii.1-hdf5/neutron/Hf179.h5
 Reading Hf180 from /home/diogo/openmc_data/endfb-vii.1-hdf5/neutron/Hf180.h5
 Reading Ta180 from /home/diogo/openmc_data/endfb-vii.1-hdf5/neutron/Ta180.h5
 Reading Ta181 from /home/diogo/openmc_data/endfb-vii.1-hdf5/neutron/Ta181.h5
 Reading Ta182 from /home/diogo/openmc_data/endfb-vii.1-hdf5/neutron/Ta182.h5
 Reading W180 from /home/diogo/openmc_data/endfb-vii.1-hdf5/neutron/W180.h5
 Reading W182 from /home/diogo/openmc_data/endfb-vii.1-hdf5/neutron/W182.h5
 Reading W183 from /home/diogo/openmc_data/endfb-vii.1-hdf5/neutron/W183.h5
 Reading W184 from /home/diogo/openmc_data/endfb-vii.1-hdf5/neutron/W184.h5
 Reading W186 from /home/diogo/openmc_data/endfb-vii.1-hdf5/neutron/W186.h5
 Reading Re185 from /home/diogo/openmc_data/endfb-vii.1-hdf5/neutron/Re185.h5
 Reading Re187 from /home/diogo/openmc_data/endfb-vii.1-hdf5/neutron/Re187.h5
 Reading Bk246 from /home/diogo/openmc_data/endfb-vii.1-hdf5/neutron/Bk246.h5
 Reading Cf254 from /home/diogo/openmc_data/endfb-vii.1-hdf5/neutron/Cf254.h5
 Reading Es255 from /home/diogo/openmc_data/endfb-vii.1-hdf5/neutron/Es255.h5
 Reading Fm255 from /home/diogo/openmc_data/endfb-vii.1-hdf5/neutron/Fm255.h5
 Reading Hf174 from /home/diogo/openmc_data/endfb-vii.1-hdf5/neutron/Hf174.h5
 Reading Cf246 from /home/diogo/openmc_data/endfb-vii.1-hdf5/neutron/Cf246.h5
 Reading Be9 from /home/diogo/openmc_data/endfb-vii.1-hdf5/neutron/Be9.h5
 Reading Ca48 from /home/diogo/openmc_data/endfb-vii.1-hdf5/neutron/Ca48.h5
 Reading Co58_m1 from
 /home/diogo/openmc_data/endfb-vii.1-hdf5/neutron/Co58_m1.h5
 Maximum neutron transport energy: 20000000 eV for H1
 Initializing source particles...

 ====================>     K EIGENVALUE SIMULATION     <====================

  Bat./Gen.      k       Entropy         Average k 
  =========   ========   ========   ====================
        1/1    0.92357    5.54616
        2/1    0.94748    5.52504
        3/1    0.96176    5.50651
        4/1    0.96568    5.48213
        5/1    0.99483    5.47889
        6/1    0.98260    5.46593
        7/1    0.97485    5.47366
        8/1    0.97770    5.48382
        9/1    0.96648    5.47286
       10/1    0.98207    5.46514
       11/1    0.96569    5.46648
       12/1    0.97339    5.46494
       13/1    0.98206    5.46867
       14/1    0.96727    5.47276
       15/1    0.97869    5.46675
       16/1    0.97244    5.47454
       17/1    0.96186    5.47754
       18/1    0.98786    5.48014
       19/1    0.97976    5.46363
       20/1    0.97668    5.46385
       21/1    0.97800    5.47721
       22/1    0.96037    5.47636
       23/1    0.98272    5.46332
       24/1    0.96686    5.46324
       25/1    0.97777    5.44507
       26/1    0.98195    5.45947
       27/1    0.97558    5.46311
       28/1    0.98890    5.47635
       29/1    0.97987    5.46304
       30/1    0.96519    5.45983
       31/1    0.97292    5.46863
       32/1    0.97878    5.44825
       33/1    0.97536    5.46928
       34/1    0.97256    5.46529
       35/1    0.98510    5.47206
       36/1    0.97771    5.45360
       37/1    0.97760    5.45503
       38/1    0.98885    5.45684
       39/1    0.98197    5.45245
       40/1    0.99619    5.47676
       41/1    0.96577    5.46380
       42/1    0.98366    5.46446
       43/1    0.99795    5.46705
       44/1    0.98024    5.45560
       45/1    0.99970    5.45227
       46/1    0.97253    5.46145
       47/1    0.99055    5.46435
       48/1    0.96813    5.47286
       49/1    0.97711    5.45924
       50/1    0.97387    5.46044
       51/1    0.99519    5.47275
       52/1    0.98803    5.47689
       53/1    0.97606    5.48152
       54/1    0.97109    5.47425
       55/1    0.96289    5.46651
       56/1    0.97510    5.46160
       57/1    0.96218    5.47643
       58/1    0.96719    5.46946
       59/1    0.97016    5.46226
       60/1    0.97078    5.46899
       61/1    0.98385    5.46280
       62/1    0.98037    5.46885    0.98211 +/- 0.00174
       63/1    0.97543    5.46275    0.97989 +/- 0.00244
       64/1    0.98236    5.49060    0.98050 +/- 0.00183
       65/1    0.98892    5.46874    0.98219 +/- 0.00220
       66/1    0.97975    5.47666    0.98178 +/- 0.00184
       67/1    0.97430    5.48948    0.98071 +/- 0.00189
       68/1    0.97716    5.48341    0.98027 +/- 0.00170
       69/1    0.95907    5.47678    0.97791 +/- 0.00279
       70/1    0.97800    5.46658    0.97792 +/- 0.00250
       71/1    0.96588    5.47130    0.97683 +/- 0.00251
       72/1    0.97903    5.45777    0.97701 +/- 0.00230
       73/1    0.97008    5.46035    0.97648 +/- 0.00218
       74/1    0.97077    5.45462    0.97607 +/- 0.00206
       75/1    0.97267    5.46447    0.97584 +/- 0.00193
       76/1    0.98198    5.47180    0.97623 +/- 0.00185
       77/1    0.99422    5.45625    0.97728 +/- 0.00203
       78/1    0.96710    5.45547    0.97672 +/- 0.00200
       79/1    0.95983    5.45930    0.97583 +/- 0.00209
       80/1    0.98687    5.44698    0.97638 +/- 0.00206
       81/1    0.97656    5.44654    0.97639 +/- 0.00196
       82/1    0.97217    5.45696    0.97620 +/- 0.00187
       83/1    0.98292    5.46325    0.97649 +/- 0.00181
       84/1    1.00692    5.47094    0.97776 +/- 0.00215
       85/1    0.98756    5.45456    0.97815 +/- 0.00210
       86/1    0.97672    5.47801    0.97810 +/- 0.00202
       87/1    0.98950    5.48469    0.97852 +/- 0.00199
       88/1    0.98243    5.47765    0.97866 +/- 0.00192
       89/1    0.97644    5.47836    0.97858 +/- 0.00185
       90/1    0.96387    5.46860    0.97809 +/- 0.00186
       91/1    0.99658    5.47883    0.97869 +/- 0.00189
       92/1    0.97963    5.47076    0.97872 +/- 0.00183
       93/1    0.98435    5.46678    0.97889 +/- 0.00178
       94/1    0.97487    5.47250    0.97877 +/- 0.00174
       95/1    0.98124    5.45858    0.97884 +/- 0.00169
       96/1    0.98129    5.45836    0.97891 +/- 0.00164
       97/1    0.99564    5.47323    0.97936 +/- 0.00166
       98/1    0.97425    5.46913    0.97923 +/- 0.00162
       99/1    0.97742    5.45235    0.97918 +/- 0.00158
      100/1    0.97614    5.46310    0.97910 +/- 0.00154
      101/1    0.98864    5.46013    0.97934 +/- 0.00152
      102/1    0.97165    5.46662    0.97915 +/- 0.00149
      103/1    0.97986    5.46182    0.97917 +/- 0.00146
      104/1    0.95043    5.46313    0.97852 +/- 0.00157
      105/1    0.97455    5.45919    0.97843 +/- 0.00154
      106/1    0.98071    5.45982    0.97848 +/- 0.00150
      107/1    0.97686    5.46533    0.97844 +/- 0.00147
      108/1    0.97666    5.47092    0.97841 +/- 0.00144
      109/1    0.97663    5.47158    0.97837 +/- 0.00141
      110/1    0.96162    5.47186    0.97804 +/- 0.00142
      111/1    0.96302    5.46629    0.97774 +/- 0.00143
      112/1    0.98508    5.46561    0.97788 +/- 0.00140
      113/1    0.97549    5.47252    0.97784 +/- 0.00138
      114/1    0.98617    5.47846    0.97799 +/- 0.00136
      115/1    0.97181    5.47630    0.97788 +/- 0.00134
      116/1    0.97324    5.47870    0.97780 +/- 0.00132
      117/1    0.96797    5.46970    0.97762 +/- 0.00131
      118/1    0.97921    5.46693    0.97765 +/- 0.00129
      119/1    0.98976    5.45864    0.97786 +/- 0.00128
      120/1    0.96844    5.47770    0.97770 +/- 0.00127
      121/1    0.98587    5.47889    0.97783 +/- 0.00125
      122/1    0.95988    5.45276    0.97754 +/- 0.00127
      123/1    0.99141    5.45632    0.97776 +/- 0.00127
      124/1    0.95859    5.46720    0.97746 +/- 0.00128
      125/1    0.98067    5.47970    0.97751 +/- 0.00126
      126/1    0.96809    5.47503    0.97737 +/- 0.00125
      127/1    0.99100    5.48026    0.97757 +/- 0.00125
      128/1    0.96331    5.47562    0.97736 +/- 0.00125
      129/1    0.97911    5.46791    0.97739 +/- 0.00123
      130/1    0.98559    5.47124    0.97751 +/- 0.00122
      131/1    0.97208    5.47269    0.97743 +/- 0.00120
      132/1    0.96605    5.47280    0.97727 +/- 0.00120
      133/1    0.97376    5.46342    0.97722 +/- 0.00118
      134/1    0.96435    5.46123    0.97705 +/- 0.00118
      135/1    0.97637    5.46665    0.97704 +/- 0.00116
      136/1    0.96809    5.46797    0.97692 +/- 0.00115
      137/1    0.98450    5.47349    0.97702 +/- 0.00114
      138/1    0.96394    5.47334    0.97685 +/- 0.00114
      139/1    0.98160    5.46072    0.97691 +/- 0.00113
      140/1    0.97203    5.45896    0.97685 +/- 0.00112
      141/1    0.96700    5.46988    0.97673 +/- 0.00111
      142/1    0.95847    5.45517    0.97651 +/- 0.00112
      143/1    0.98220    5.46564    0.97658 +/- 0.00111
      144/1    0.96918    5.46343    0.97649 +/- 0.00110
      145/1    0.98245    5.45222    0.97656 +/- 0.00109
      146/1    0.96953    5.46594    0.97648 +/- 0.00108
      147/1    0.97626    5.47276    0.97647 +/- 0.00106
      148/1    0.98887    5.45840    0.97662 +/- 0.00106
      149/1    0.96450    5.45450    0.97648 +/- 0.00106
      150/1    0.97241    5.47692    0.97643 +/- 0.00105
      151/1    0.97528    5.47081    0.97642 +/- 0.00103
      152/1    0.98266    5.47393    0.97649 +/- 0.00103
      153/1    0.98836    5.48018    0.97662 +/- 0.00102
      154/1    0.98100    5.46269    0.97666 +/- 0.00101
      155/1    0.98202    5.46117    0.97672 +/- 0.00100
      156/1    0.97067    5.45698    0.97666 +/- 0.00100
      157/1    0.97606    5.47676    0.97665 +/- 0.00099
      158/1    0.97821    5.46692    0.97667 +/- 0.00098
      159/1    0.99232    5.47048    0.97683 +/- 0.00098
      160/1    0.99501    5.47157    0.97701 +/- 0.00099
 Creating state point statepoint.160.h5...

 =======================>     TIMING STATISTICS     <=======================

 Total time for initialization     = 5.1474e+01 seconds
   Reading cross sections          = 7.5735e+00 seconds
 Total time in simulation          = 3.8366e+02 seconds
   Time in transport only          = 3.8235e+02 seconds
   Time in inactive batches        = 1.0683e+02 seconds
   Time in active batches          = 2.7683e+02 seconds
   Time synchronizing fission bank = 2.9442e-01 seconds
     Sampling source sites         = 2.5685e-01 seconds
     SEND/RECV source sites        = 3.6967e-02 seconds
   Time accumulating tallies       = 7.2868e-01 seconds
   Time writing statepoints        = 1.9994e-02 seconds
 Total time for finalization       = 1.8265e-02 seconds
 Total time elapsed                = 4.3557e+02 seconds
 Calculation Rate (inactive)       = 11232.9 particles/second
 Calculation Rate (active)         = 7224.75 particles/second

 ============================>     RESULTS     <============================

 k-effective (Collision)     = 0.97712 +/- 0.00086
 k-effective (Track-length)  = 0.97701 +/- 0.00099
 k-effective (Absorption)    = 0.97582 +/- 0.00079
 Combined k-effective        = 0.97634 +/- 0.00071
 Leakage Fraction            = 0.00746 +/- 0.00006

 Creating state point openmc_simulation_n6.h5...
[openmc.deplete] t=186069731.2168078 (final operator evaluation)
 Maximum neutron transport energy: 20000000 eV for H1
 Initializing source particles...

 ====================>     K EIGENVALUE SIMULATION     <====================

  Bat./Gen.      k       Entropy         Average k 
  =========   ========   ========   ====================
        1/1    0.91635    5.54728
        2/1    0.93422    5.53623
        3/1    0.93859    5.52925
        4/1    0.93227    5.50156
        5/1    0.93522    5.50941
        6/1    0.93894    5.49651
        7/1    0.95116    5.48170
        8/1    0.95156    5.48427
        9/1    0.93810    5.48587
       10/1    0.95165    5.48577
       11/1    0.94992    5.48038
       12/1    0.96256    5.48264
       13/1    0.94095    5.48413
       14/1    0.94522    5.48900
       15/1    0.94542    5.49032
       16/1    0.93835    5.48629
       17/1    0.94777    5.48676
       18/1    0.95738    5.48871
       19/1    0.94682    5.49453
       20/1    0.95897    5.48357
       21/1    0.95092    5.49232
       22/1    0.94057    5.49616
       23/1    0.94363    5.48904
       24/1    0.93089    5.49671
       25/1    0.95462    5.49242
       26/1    0.94066    5.49127
       27/1    0.95443    5.50019
       28/1    0.94666    5.46473
       29/1    0.96065    5.48005
       30/1    0.93538    5.47029
       31/1    0.94830    5.47374
       32/1    0.96480    5.48674
       33/1    0.97206    5.48929
       34/1    0.94376    5.49405
       35/1    0.95052    5.48512
       36/1    0.95503    5.47388
       37/1    0.95858    5.46604
       38/1    0.95537    5.49452
       39/1    0.93763    5.49590
       40/1    0.95445    5.49702
       41/1    0.95696    5.49238
       42/1    0.95441    5.48555
       43/1    0.94642    5.48257
       44/1    0.95231    5.48816
       45/1    0.94974    5.48508
       46/1    0.96313    5.47058
       47/1    0.94273    5.49378
       48/1    0.94906    5.49248
       49/1    0.95613    5.50762
       50/1    0.95615    5.50379
       51/1    0.94862    5.50169
       52/1    0.94252    5.49270
       53/1    0.94812    5.48953
       54/1    0.95416    5.49584
       55/1    0.94313    5.48630
       56/1    0.95496    5.48584
       57/1    0.95688    5.49878
       58/1    0.95397    5.48950
       59/1    0.95493    5.49080
       60/1    0.95593    5.48037
       61/1    0.96578    5.49442
       62/1    0.95715    5.48279    0.96146 +/- 0.00432
       63/1    0.95584    5.48933    0.95959 +/- 0.00312
       64/1    0.94855    5.49127    0.95683 +/- 0.00353
       65/1    0.95370    5.49353    0.95620 +/- 0.00281
       66/1    0.95358    5.48060    0.95577 +/- 0.00233
       67/1    0.95567    5.47119    0.95575 +/- 0.00197
       68/1    0.94561    5.48478    0.95448 +/- 0.00213
       69/1    0.94636    5.47852    0.95358 +/- 0.00208
       70/1    0.93598    5.47808    0.95182 +/- 0.00256
       71/1    0.95067    5.49040    0.95172 +/- 0.00232
       72/1    0.94299    5.48808    0.95099 +/- 0.00224
       73/1    0.96502    5.49422    0.95207 +/- 0.00233
       74/1    0.96501    5.49435    0.95299 +/- 0.00234
       75/1    0.94261    5.49206    0.95230 +/- 0.00229
       76/1    0.95565    5.48636    0.95251 +/- 0.00215
       77/1    0.94195    5.49407    0.95189 +/- 0.00211
       78/1    0.95169    5.49815    0.95188 +/- 0.00199
       79/1    0.94520    5.48070    0.95153 +/- 0.00192
       80/1    0.95483    5.48197    0.95169 +/- 0.00183
       81/1    0.95186    5.49109    0.95170 +/- 0.00174
       82/1    0.95318    5.49342    0.95177 +/- 0.00166
       83/1    0.94951    5.49142    0.95167 +/- 0.00159
       84/1    0.94841    5.49054    0.95153 +/- 0.00153
       85/1    0.96104    5.47790    0.95191 +/- 0.00151
       86/1    0.94471    5.47645    0.95164 +/- 0.00148
       87/1    0.96067    5.48120    0.95197 +/- 0.00146
       88/1    0.95049    5.47202    0.95192 +/- 0.00141
       89/1    0.95307    5.47022    0.95196 +/- 0.00136
       90/1    0.94847    5.48112    0.95184 +/- 0.00132
       91/1    0.95879    5.46893    0.95207 +/- 0.00130
       92/1    0.94411    5.47416    0.95182 +/- 0.00128
       93/1    0.94946    5.49133    0.95175 +/- 0.00124
       94/1    0.95338    5.47387    0.95179 +/- 0.00121
       95/1    0.93056    5.47582    0.95119 +/- 0.00132
       96/1    0.95341    5.48512    0.95125 +/- 0.00128
       97/1    0.94402    5.48258    0.95105 +/- 0.00126
       98/1    0.94861    5.47643    0.95099 +/- 0.00123
       99/1    0.96491    5.48458    0.95135 +/- 0.00125
      100/1    0.94415    5.49877    0.95117 +/- 0.00123
      101/1    0.95340    5.48997    0.95122 +/- 0.00120
      102/1    0.95492    5.48129    0.95131 +/- 0.00118
      103/1    0.95929    5.49266    0.95149 +/- 0.00116
      104/1    0.95396    5.47616    0.95155 +/- 0.00114
      105/1    0.95270    5.48766    0.95158 +/- 0.00111
      106/1    0.96534    5.48579    0.95188 +/- 0.00113
      107/1    0.96522    5.48944    0.95216 +/- 0.00114
      108/1    0.94529    5.48840    0.95202 +/- 0.00113
      109/1    0.95896    5.47795    0.95216 +/- 0.00111
      110/1    0.93457    5.48297    0.95181 +/- 0.00115
      111/1    0.95549    5.46729    0.95188 +/- 0.00113
      112/1    0.95432    5.47845    0.95193 +/- 0.00110
      113/1    0.95463    5.47338    0.95198 +/- 0.00108
      114/1    0.95930    5.47434    0.95211 +/- 0.00107
      115/1    0.95307    5.46612    0.95213 +/- 0.00105
      116/1    0.94538    5.47069    0.95201 +/- 0.00104
      117/1    0.94529    5.48679    0.95189 +/- 0.00103
      118/1    0.95636    5.48691    0.95197 +/- 0.00101
      119/1    0.94925    5.48025    0.95192 +/- 0.00100
      120/1    0.93905    5.47306    0.95171 +/- 0.00100
      121/1    0.95174    5.48713    0.95171 +/- 0.00099
      122/1    0.95458    5.48795    0.95175 +/- 0.00097
      123/1    0.94161    5.48163    0.95159 +/- 0.00097
      124/1    0.94993    5.49138    0.95157 +/- 0.00096
      125/1    0.94995    5.47231    0.95154 +/- 0.00094
      126/1    0.95062    5.47659    0.95153 +/- 0.00093
      127/1    0.95046    5.48676    0.95151 +/- 0.00091
      128/1    0.94744    5.48412    0.95145 +/- 0.00090
      129/1    0.95417    5.48315    0.95149 +/- 0.00089
      130/1    0.94800    5.48089    0.95144 +/- 0.00088
      131/1    0.94579    5.49201    0.95136 +/- 0.00087
      132/1    0.95604    5.48913    0.95143 +/- 0.00086
      133/1    0.95415    5.48462    0.95147 +/- 0.00085
      134/1    0.94588    5.48699    0.95139 +/- 0.00084
      135/1    0.96712    5.49239    0.95160 +/- 0.00086
      136/1    0.95081    5.48036    0.95159 +/- 0.00084
      137/1    0.94572    5.48153    0.95151 +/- 0.00084
      138/1    0.95316    5.47528    0.95153 +/- 0.00083
      139/1    0.95393    5.47475    0.95156 +/- 0.00082
      140/1    0.94893    5.47344    0.95153 +/- 0.00081
      141/1    0.95641    5.48042    0.95159 +/- 0.00080
      142/1    0.94575    5.47871    0.95152 +/- 0.00079
      143/1    0.93425    5.49387    0.95131 +/- 0.00081
      144/1    0.96848    5.49402    0.95152 +/- 0.00083
      145/1    0.94734    5.49986    0.95147 +/- 0.00082
      146/1    0.94007    5.49451    0.95133 +/- 0.00082
      147/1    0.96122    5.49920    0.95145 +/- 0.00082
      148/1    0.96089    5.48460    0.95156 +/- 0.00081
      149/1    0.96083    5.47784    0.95166 +/- 0.00081
      150/1    0.94742    5.47821    0.95161 +/- 0.00080
      151/1    0.95450    5.48616    0.95164 +/- 0.00080
      152/1    0.95555    5.48189    0.95169 +/- 0.00079
      153/1    0.95324    5.49163    0.95170 +/- 0.00078
      154/1    0.97260    5.47639    0.95193 +/- 0.00080
      155/1    0.96387    5.48264    0.95205 +/- 0.00080
      156/1    0.96370    5.47383    0.95217 +/- 0.00081
      157/1    0.94196    5.48456    0.95207 +/- 0.00080
      158/1    0.96665    5.48683    0.95222 +/- 0.00081
      159/1    0.94656    5.48718    0.95216 +/- 0.00080
      160/1    0.94766    5.47724    0.95211 +/- 0.00080
 Creating state point statepoint.160.h5...

 =======================>     TIMING STATISTICS     <=======================

 Total time for initialization     = 0.0000e+00 seconds
   Reading cross sections          = 0.0000e+00 seconds
 Total time in simulation          = 3.5921e+02 seconds
   Time in transport only          = 3.5800e+02 seconds
   Time in inactive batches        = 9.9704e+01 seconds
   Time in active batches          = 2.5950e+02 seconds
   Time synchronizing fission bank = 3.0114e-01 seconds
     Sampling source sites         = 2.6244e-01 seconds
     SEND/RECV source sites        = 3.8127e-02 seconds
   Time accumulating tallies       = 5.9420e-01 seconds
   Time writing statepoints        = 1.3775e-02 seconds
 Total time for finalization       = 1.0800e-02 seconds
 Total time elapsed                = 3.5970e+02 seconds
 Calculation Rate (inactive)       = 12035.7 particles/second
 Calculation Rate (active)         = 7707.04 particles/second

 ============================>     RESULTS     <============================

 k-effective (Collision)     = 0.95269 +/- 0.00074
 k-effective (Track-length)  = 0.95211 +/- 0.00080
 k-effective (Absorption)    = 0.95326 +/- 0.00072
 Combined k-effective        = 0.95284 +/- 0.00062
 Leakage Fraction            = 0.00794 +/- 0.00006

 Creating state point openmc_simulation_n7.h5...
      chunk 1: B  21.50 MWd/kgHM k 0.95284 (target 0.97330) [57.8 min]
[d88] EFPD 1804.7 d (archive 2354.6), c_max 1859 (archive 1859), hump +0 pcm [8 solves, 0.96 h]
done; run --analyse
=== Check 3: three-dimensional depletion, one material set per axial layer
C9-70  (8 layers)
  cycle length   3D  1850.4 d (sigma 8.0)   archive  2279.7 d   difference -429.3 d   margins over 1826: 3D +24, archive +454
  k_eff BOL      3D 1.02153 (s.d. 72 pcm)   2D archive 1.05268   L_ax at BOL 1.0305   (table 1.0289)
  hump (3D)      +0 pcm (no floor -807)   archive +0
  c_max          3D 1840 ppm   archive 1840   difference +0 ppm
  (the values marked 'last' are at the last computed state, B = 21.5 MWd/kgHM, past the end of cycle at B = 18.5)
  F_dH           BOL 1.664  max 1.683  last 1.651   F_z BOL 1.416  max 1.434  last 1.171   AO BOL -0.022  last -0.027   entropy conv. max 11
  layer burnup at the last state [MWd/kgHM], bottom to top: 12.0 20.8 26.3 28.4 28.8 25.6 19.7 10.3   (max/mean 1.340)
  solves 8, wall 0.89 h
C9-88  (8 layers)
  cycle length   3D  1804.7 d (sigma 10.7)   archive  2354.6 d   difference -549.9 d   margins over 1826: 3D -21, archive +529
  k_eff BOL      3D 1.02279 (s.d. 63 pcm)   2D archive 1.05389   L_ax at BOL 1.0304   (table 1.0289)
  hump (3D)      +0 pcm (no floor -1972)   archive +0
  c_max          3D 1859 ppm   archive 1859   difference +0 ppm
  (the values marked 'last' are at the last computed state, B = 21.5 MWd/kgHM, past the end of cycle at B = 18.0)
  F_dH           BOL 1.656  max 1.694  last 1.532   F_z BOL 1.429  max 1.433  last 1.200   AO BOL -0.017  last -0.018   entropy conv. max 9
  layer burnup at the last state [MWd/kgHM], bottom to top: 11.9 20.8 26.4 28.6 28.9 25.6 19.6 10.1   (max/mean 1.345)
  solves 8, wall 0.96 h
