check 3: designs [70, 88], 8 layers (14 fuel segments, 96 depletable materials), transport {'particles': 20000, 'batches': 160, 'inactive': 60}, end of cycle relative, schedule {'bol_steps': [0.5, 1.0, 2.0, 4.0, 6.0], 'dep_step': 4.0, 'max_burnup': 100.0, 'chunk_steps': 2}, cached []
  C9-70: archive EFPD 2280 d, 10 depletion solves, c_max 1840 ppm
  C9-88: archive EFPD 2355 d, 10 depletion solves, c_max 1859 ppm
  openmc 0.15.3, chain /home/diogo/openmc_data/chain_endfb71_pwr.xml
[d70] 3D hardware core, 8 layers, 14 fuel segments, 96 depletable materials, seed 79125749, transport {'particles': 20000, 'batches': 160, 'inactive': 60}, end of cycle relative, ratio 0.94920
                                %%%%%%%%%%%%%%%
                           %%%%%%%%%%%%%%%%%%%%%%%%
                        %%%%%%%%%%%%%%%%%%%%%%%%%%%%%%
                      %%%%%%%%%%%%%%%%%%%%%%%%%%%%%%%%%%
                    %%%%%%%%%%%%%%%%%%%%%%%%%%%%%%%%%%%%%%
                   %%%%%%%%%%%%%%%%%%%%%%%%%%%%%%%%%%%%%%%%
                                    %%%%%%%%%%%%%%%%%%%%%%%%
                                     %%%%%%%%%%%%%%%%%%%%%%%%
                 ###############      %%%%%%%%%%%%%%%%%%%%%%%%
                ##################     %%%%%%%%%%%%%%%%%%%%%%%
                ###################     %%%%%%%%%%%%%%%%%%%%%%%
                ####################     %%%%%%%%%%%%%%%%%%%%%%
                #####################     %%%%%%%%%%%%%%%%%%%%%
                ######################     %%%%%%%%%%%%%%%%%%%%
                #######################     %%%%%%%%%%%%%%%%%%
                 #######################     %%%%%%%%%%%%%%%%%
                 ######################     %%%%%%%%%%%%%%%%%
                  ####################     %%%%%%%%%%%%%%%%%
                    #################     %%%%%%%%%%%%%%%%%
                     ###############     %%%%%%%%%%%%%%%%
                       ############     %%%%%%%%%%%%%%%
                          ########     %%%%%%%%%%%%%%
                                      %%%%%%%%%%%

                 | The OpenMC Monte Carlo Code
       Copyright | 2011-2025 MIT, UChicago Argonne LLC, and contributors
         License | https://docs.openmc.org/en/latest/license.html
         Version | 0.15.3
     Commit Hash | 27e38e894697bb32a1dac7848d2618818b6b8daf
       Date/Time | 2026-09-28 04:43:40
   MPI Processes | 1
  OpenMP Threads | 64

 Reading settings XML file...
 Reading cross sections XML file...
 Reading chain file: /home/diogo/openmc_data/chain_endfb71_pwr.xml...
 Reading materials XML file...
 Reading geometry XML file...
 Reading H1 from /home/diogo/openmc_data/endfb-vii.1-hdf5/neutron/H1.h5
 Reading H2 from /home/diogo/openmc_data/endfb-vii.1-hdf5/neutron/H2.h5
 Reading B10 from /home/diogo/openmc_data/endfb-vii.1-hdf5/neutron/B10.h5
 Reading B11 from /home/diogo/openmc_data/endfb-vii.1-hdf5/neutron/B11.h5
 Reading O16 from /home/diogo/openmc_data/endfb-vii.1-hdf5/neutron/O16.h5
 Reading O17 from /home/diogo/openmc_data/endfb-vii.1-hdf5/neutron/O17.h5
 Reading Cr50 from /home/diogo/openmc_data/endfb-vii.1-hdf5/neutron/Cr50.h5
 Reading Cr52 from /home/diogo/openmc_data/endfb-vii.1-hdf5/neutron/Cr52.h5
 Reading Cr53 from /home/diogo/openmc_data/endfb-vii.1-hdf5/neutron/Cr53.h5
 Reading Cr54 from /home/diogo/openmc_data/endfb-vii.1-hdf5/neutron/Cr54.h5
 Reading Mn55 from /home/diogo/openmc_data/endfb-vii.1-hdf5/neutron/Mn55.h5
 Reading Fe54 from /home/diogo/openmc_data/endfb-vii.1-hdf5/neutron/Fe54.h5
 Reading Fe56 from /home/diogo/openmc_data/endfb-vii.1-hdf5/neutron/Fe56.h5
 Reading Fe57 from /home/diogo/openmc_data/endfb-vii.1-hdf5/neutron/Fe57.h5
 Reading Fe58 from /home/diogo/openmc_data/endfb-vii.1-hdf5/neutron/Fe58.h5
 Reading Ni58 from /home/diogo/openmc_data/endfb-vii.1-hdf5/neutron/Ni58.h5
 Reading Ni60 from /home/diogo/openmc_data/endfb-vii.1-hdf5/neutron/Ni60.h5
 Reading Ni61 from /home/diogo/openmc_data/endfb-vii.1-hdf5/neutron/Ni61.h5
 Reading Ni62 from /home/diogo/openmc_data/endfb-vii.1-hdf5/neutron/Ni62.h5
 Reading Ni64 from /home/diogo/openmc_data/endfb-vii.1-hdf5/neutron/Ni64.h5
 Reading Zr90 from /home/diogo/openmc_data/endfb-vii.1-hdf5/neutron/Zr90.h5
 Reading Zr91 from /home/diogo/openmc_data/endfb-vii.1-hdf5/neutron/Zr91.h5
 Reading Zr92 from /home/diogo/openmc_data/endfb-vii.1-hdf5/neutron/Zr92.h5
 Reading Zr94 from /home/diogo/openmc_data/endfb-vii.1-hdf5/neutron/Zr94.h5
 Reading Zr96 from /home/diogo/openmc_data/endfb-vii.1-hdf5/neutron/Zr96.h5
 Reading Sn112 from /home/diogo/openmc_data/endfb-vii.1-hdf5/neutron/Sn112.h5
 Reading Sn114 from /home/diogo/openmc_data/endfb-vii.1-hdf5/neutron/Sn114.h5
 Reading Sn115 from /home/diogo/openmc_data/endfb-vii.1-hdf5/neutron/Sn115.h5
 Reading Sn116 from /home/diogo/openmc_data/endfb-vii.1-hdf5/neutron/Sn116.h5
 Reading Sn117 from /home/diogo/openmc_data/endfb-vii.1-hdf5/neutron/Sn117.h5
 Reading Sn118 from /home/diogo/openmc_data/endfb-vii.1-hdf5/neutron/Sn118.h5
 Reading Sn119 from /home/diogo/openmc_data/endfb-vii.1-hdf5/neutron/Sn119.h5
 Reading Sn120 from /home/diogo/openmc_data/endfb-vii.1-hdf5/neutron/Sn120.h5
 Reading Sn122 from /home/diogo/openmc_data/endfb-vii.1-hdf5/neutron/Sn122.h5
 Reading Sn124 from /home/diogo/openmc_data/endfb-vii.1-hdf5/neutron/Sn124.h5
 Reading He3 from /home/diogo/openmc_data/endfb-vii.1-hdf5/neutron/He3.h5
 Reading He4 from /home/diogo/openmc_data/endfb-vii.1-hdf5/neutron/He4.h5
 Reading U234 from /home/diogo/openmc_data/endfb-vii.1-hdf5/neutron/U234.h5
 Reading U235 from /home/diogo/openmc_data/endfb-vii.1-hdf5/neutron/U235.h5
 Reading U238 from /home/diogo/openmc_data/endfb-vii.1-hdf5/neutron/U238.h5
 Reading Gd152 from /home/diogo/openmc_data/endfb-vii.1-hdf5/neutron/Gd152.h5
 Reading Gd154 from /home/diogo/openmc_data/endfb-vii.1-hdf5/neutron/Gd154.h5
 Reading Gd155 from /home/diogo/openmc_data/endfb-vii.1-hdf5/neutron/Gd155.h5
 Reading Gd156 from /home/diogo/openmc_data/endfb-vii.1-hdf5/neutron/Gd156.h5
 Reading Gd157 from /home/diogo/openmc_data/endfb-vii.1-hdf5/neutron/Gd157.h5
 Reading Gd158 from /home/diogo/openmc_data/endfb-vii.1-hdf5/neutron/Gd158.h5
 Reading Gd160 from /home/diogo/openmc_data/endfb-vii.1-hdf5/neutron/Gd160.h5
 Reading Si28 from /home/diogo/openmc_data/endfb-vii.1-hdf5/neutron/Si28.h5
 Reading Si29 from /home/diogo/openmc_data/endfb-vii.1-hdf5/neutron/Si29.h5
 Reading Si30 from /home/diogo/openmc_data/endfb-vii.1-hdf5/neutron/Si30.h5
 Reading Ag107 from /home/diogo/openmc_data/endfb-vii.1-hdf5/neutron/Ag107.h5
 Reading Ag109 from /home/diogo/openmc_data/endfb-vii.1-hdf5/neutron/Ag109.h5
 Reading Cd106 from /home/diogo/openmc_data/endfb-vii.1-hdf5/neutron/Cd106.h5
 WARNING: Negative value(s) found on probability table for nuclide Cd106 at 294K
 WARNING: Negative value(s) found on probability table for nuclide Cd106 at 600K
 WARNING: Negative value(s) found on probability table for nuclide Cd106 at 900K
 WARNING: Negative value(s) found on probability table for nuclide Cd106 at
          1200K
 WARNING: Negative value(s) found on probability table for nuclide Cd106 at
          2500K
 Reading Cd108 from /home/diogo/openmc_data/endfb-vii.1-hdf5/neutron/Cd108.h5
 Reading Cd110 from /home/diogo/openmc_data/endfb-vii.1-hdf5/neutron/Cd110.h5
 Reading Cd111 from /home/diogo/openmc_data/endfb-vii.1-hdf5/neutron/Cd111.h5
 Reading Cd112 from /home/diogo/openmc_data/endfb-vii.1-hdf5/neutron/Cd112.h5
 Reading Cd113 from /home/diogo/openmc_data/endfb-vii.1-hdf5/neutron/Cd113.h5
 Reading Cd114 from /home/diogo/openmc_data/endfb-vii.1-hdf5/neutron/Cd114.h5
 Reading Cd116 from /home/diogo/openmc_data/endfb-vii.1-hdf5/neutron/Cd116.h5
 Reading In113 from /home/diogo/openmc_data/endfb-vii.1-hdf5/neutron/In113.h5
 Reading In115 from /home/diogo/openmc_data/endfb-vii.1-hdf5/neutron/In115.h5
 Reading c_H_in_H2O from
 /home/diogo/openmc_data/endfb-vii.1-hdf5/neutron/c_H_in_H2O.h5
 Minimum neutron data temperature: 294 K
 Maximum neutron data temperature: 2500 K
 Reading tallies XML file...
 Preparing distributed cell instances...
 Reading plot XML file...
 Writing summary.h5 file...
 Reading H3 from /home/diogo/openmc_data/endfb-vii.1-hdf5/neutron/H3.h5
 Reading Li6 from /home/diogo/openmc_data/endfb-vii.1-hdf5/neutron/Li6.h5
 Reading Li7 from /home/diogo/openmc_data/endfb-vii.1-hdf5/neutron/Li7.h5
 Reading Be9 from /home/diogo/openmc_data/endfb-vii.1-hdf5/neutron/Be9.h5
 Reading N14 from /home/diogo/openmc_data/endfb-vii.1-hdf5/neutron/N14.h5
 Reading N15 from /home/diogo/openmc_data/endfb-vii.1-hdf5/neutron/N15.h5
 Reading F19 from /home/diogo/openmc_data/endfb-vii.1-hdf5/neutron/F19.h5
 Reading Na22 from /home/diogo/openmc_data/endfb-vii.1-hdf5/neutron/Na22.h5
 WARNING: Negative value(s) found on probability table for nuclide Na22 at 250K
 WARNING: Negative value(s) found on probability table for nuclide Na22 at 294K
 WARNING: Negative value(s) found on probability table for nuclide Na22 at 600K
 WARNING: Negative value(s) found on probability table for nuclide Na22 at 900K
 WARNING: Negative value(s) found on probability table for nuclide Na22 at 1200K
 WARNING: Negative value(s) found on probability table for nuclide Na22 at 2500K
 Reading Na23 from /home/diogo/openmc_data/endfb-vii.1-hdf5/neutron/Na23.h5
 Reading Mg24 from /home/diogo/openmc_data/endfb-vii.1-hdf5/neutron/Mg24.h5
 Reading Mg25 from /home/diogo/openmc_data/endfb-vii.1-hdf5/neutron/Mg25.h5
 Reading Mg26 from /home/diogo/openmc_data/endfb-vii.1-hdf5/neutron/Mg26.h5
 Reading Al27 from /home/diogo/openmc_data/endfb-vii.1-hdf5/neutron/Al27.h5
 Reading P31 from /home/diogo/openmc_data/endfb-vii.1-hdf5/neutron/P31.h5
 Reading S32 from /home/diogo/openmc_data/endfb-vii.1-hdf5/neutron/S32.h5
 Reading S33 from /home/diogo/openmc_data/endfb-vii.1-hdf5/neutron/S33.h5
 Reading S34 from /home/diogo/openmc_data/endfb-vii.1-hdf5/neutron/S34.h5
 Reading S36 from /home/diogo/openmc_data/endfb-vii.1-hdf5/neutron/S36.h5
 Reading Cl35 from /home/diogo/openmc_data/endfb-vii.1-hdf5/neutron/Cl35.h5
 Reading Cl37 from /home/diogo/openmc_data/endfb-vii.1-hdf5/neutron/Cl37.h5
 Reading Ar36 from /home/diogo/openmc_data/endfb-vii.1-hdf5/neutron/Ar36.h5
 WARNING: Negative value(s) found on probability table for nuclide Ar36 at 250K
 WARNING: Negative value(s) found on probability table for nuclide Ar36 at 294K
 WARNING: Negative value(s) found on probability table for nuclide Ar36 at 600K
 WARNING: Negative value(s) found on probability table for nuclide Ar36 at 900K
 WARNING: Negative value(s) found on probability table for nuclide Ar36 at 1200K
 WARNING: Negative value(s) found on probability table for nuclide Ar36 at 2500K
 Reading Ar38 from /home/diogo/openmc_data/endfb-vii.1-hdf5/neutron/Ar38.h5
 Reading Ar40 from /home/diogo/openmc_data/endfb-vii.1-hdf5/neutron/Ar40.h5
 Reading K39 from /home/diogo/openmc_data/endfb-vii.1-hdf5/neutron/K39.h5
 Reading K40 from /home/diogo/openmc_data/endfb-vii.1-hdf5/neutron/K40.h5
 Reading K41 from /home/diogo/openmc_data/endfb-vii.1-hdf5/neutron/K41.h5
 Reading Ca40 from /home/diogo/openmc_data/endfb-vii.1-hdf5/neutron/Ca40.h5
 Reading Ca42 from /home/diogo/openmc_data/endfb-vii.1-hdf5/neutron/Ca42.h5
 Reading Ca43 from /home/diogo/openmc_data/endfb-vii.1-hdf5/neutron/Ca43.h5
 Reading Ca44 from /home/diogo/openmc_data/endfb-vii.1-hdf5/neutron/Ca44.h5
 Reading Ca46 from /home/diogo/openmc_data/endfb-vii.1-hdf5/neutron/Ca46.h5
 Reading Ca48 from /home/diogo/openmc_data/endfb-vii.1-hdf5/neutron/Ca48.h5
 Reading Sc45 from /home/diogo/openmc_data/endfb-vii.1-hdf5/neutron/Sc45.h5
 Reading Ti46 from /home/diogo/openmc_data/endfb-vii.1-hdf5/neutron/Ti46.h5
 Reading Ti47 from /home/diogo/openmc_data/endfb-vii.1-hdf5/neutron/Ti47.h5
 Reading Ti48 from /home/diogo/openmc_data/endfb-vii.1-hdf5/neutron/Ti48.h5
 Reading Ti49 from /home/diogo/openmc_data/endfb-vii.1-hdf5/neutron/Ti49.h5
 Reading Ti50 from /home/diogo/openmc_data/endfb-vii.1-hdf5/neutron/Ti50.h5
 Reading V50 from /home/diogo/openmc_data/endfb-vii.1-hdf5/neutron/V50.h5
 Reading V51 from /home/diogo/openmc_data/endfb-vii.1-hdf5/neutron/V51.h5
 Reading Co58 from /home/diogo/openmc_data/endfb-vii.1-hdf5/neutron/Co58.h5
 Reading Co58_m1 from
 /home/diogo/openmc_data/endfb-vii.1-hdf5/neutron/Co58_m1.h5
 Reading Co59 from /home/diogo/openmc_data/endfb-vii.1-hdf5/neutron/Co59.h5
 Reading Ni59 from /home/diogo/openmc_data/endfb-vii.1-hdf5/neutron/Ni59.h5
 Reading Cu63 from /home/diogo/openmc_data/endfb-vii.1-hdf5/neutron/Cu63.h5
 Reading Cu65 from /home/diogo/openmc_data/endfb-vii.1-hdf5/neutron/Cu65.h5
 Reading Zn64 from /home/diogo/openmc_data/endfb-vii.1-hdf5/neutron/Zn64.h5
 Reading Zn65 from /home/diogo/openmc_data/endfb-vii.1-hdf5/neutron/Zn65.h5
 Reading Zn66 from /home/diogo/openmc_data/endfb-vii.1-hdf5/neutron/Zn66.h5
 Reading Zn67 from /home/diogo/openmc_data/endfb-vii.1-hdf5/neutron/Zn67.h5
 Reading Zn68 from /home/diogo/openmc_data/endfb-vii.1-hdf5/neutron/Zn68.h5
 Reading Zn70 from /home/diogo/openmc_data/endfb-vii.1-hdf5/neutron/Zn70.h5
 Reading Ga69 from /home/diogo/openmc_data/endfb-vii.1-hdf5/neutron/Ga69.h5
 Reading Ga71 from /home/diogo/openmc_data/endfb-vii.1-hdf5/neutron/Ga71.h5
 Reading Ge70 from /home/diogo/openmc_data/endfb-vii.1-hdf5/neutron/Ge70.h5
 Reading Ge72 from /home/diogo/openmc_data/endfb-vii.1-hdf5/neutron/Ge72.h5
 Reading Ge73 from /home/diogo/openmc_data/endfb-vii.1-hdf5/neutron/Ge73.h5
 Reading Ge74 from /home/diogo/openmc_data/endfb-vii.1-hdf5/neutron/Ge74.h5
 Reading Ge76 from /home/diogo/openmc_data/endfb-vii.1-hdf5/neutron/Ge76.h5
 Reading As74 from /home/diogo/openmc_data/endfb-vii.1-hdf5/neutron/As74.h5
 Reading As75 from /home/diogo/openmc_data/endfb-vii.1-hdf5/neutron/As75.h5
 Reading Se74 from /home/diogo/openmc_data/endfb-vii.1-hdf5/neutron/Se74.h5
 Reading Se76 from /home/diogo/openmc_data/endfb-vii.1-hdf5/neutron/Se76.h5
 Reading Se77 from /home/diogo/openmc_data/endfb-vii.1-hdf5/neutron/Se77.h5
 Reading Se78 from /home/diogo/openmc_data/endfb-vii.1-hdf5/neutron/Se78.h5
 Reading Se79 from /home/diogo/openmc_data/endfb-vii.1-hdf5/neutron/Se79.h5
 WARNING: Negative value(s) found on probability table for nuclide Se79 at 250K
 WARNING: Negative value(s) found on probability table for nuclide Se79 at 294K
 WARNING: Negative value(s) found on probability table for nuclide Se79 at 600K
 WARNING: Negative value(s) found on probability table for nuclide Se79 at 900K
 WARNING: Negative value(s) found on probability table for nuclide Se79 at 1200K
 Reading Se80 from /home/diogo/openmc_data/endfb-vii.1-hdf5/neutron/Se80.h5
 Reading Se82 from /home/diogo/openmc_data/endfb-vii.1-hdf5/neutron/Se82.h5
 Reading Br79 from /home/diogo/openmc_data/endfb-vii.1-hdf5/neutron/Br79.h5
 Reading Br81 from /home/diogo/openmc_data/endfb-vii.1-hdf5/neutron/Br81.h5
 Reading Kr78 from /home/diogo/openmc_data/endfb-vii.1-hdf5/neutron/Kr78.h5
 Reading Kr80 from /home/diogo/openmc_data/endfb-vii.1-hdf5/neutron/Kr80.h5
 Reading Kr82 from /home/diogo/openmc_data/endfb-vii.1-hdf5/neutron/Kr82.h5
 Reading Kr83 from /home/diogo/openmc_data/endfb-vii.1-hdf5/neutron/Kr83.h5
 Reading Kr84 from /home/diogo/openmc_data/endfb-vii.1-hdf5/neutron/Kr84.h5
 Reading Kr85 from /home/diogo/openmc_data/endfb-vii.1-hdf5/neutron/Kr85.h5
 Reading Kr86 from /home/diogo/openmc_data/endfb-vii.1-hdf5/neutron/Kr86.h5
 Reading Rb85 from /home/diogo/openmc_data/endfb-vii.1-hdf5/neutron/Rb85.h5
 Reading Rb86 from /home/diogo/openmc_data/endfb-vii.1-hdf5/neutron/Rb86.h5
 Reading Rb87 from /home/diogo/openmc_data/endfb-vii.1-hdf5/neutron/Rb87.h5
 Reading Sr84 from /home/diogo/openmc_data/endfb-vii.1-hdf5/neutron/Sr84.h5
 Reading Sr86 from /home/diogo/openmc_data/endfb-vii.1-hdf5/neutron/Sr86.h5
 Reading Sr87 from /home/diogo/openmc_data/endfb-vii.1-hdf5/neutron/Sr87.h5
 Reading Sr88 from /home/diogo/openmc_data/endfb-vii.1-hdf5/neutron/Sr88.h5
 Reading Sr89 from /home/diogo/openmc_data/endfb-vii.1-hdf5/neutron/Sr89.h5
 Reading Sr90 from /home/diogo/openmc_data/endfb-vii.1-hdf5/neutron/Sr90.h5
 Reading Y89 from /home/diogo/openmc_data/endfb-vii.1-hdf5/neutron/Y89.h5
 Reading Y90 from /home/diogo/openmc_data/endfb-vii.1-hdf5/neutron/Y90.h5
 Reading Y91 from /home/diogo/openmc_data/endfb-vii.1-hdf5/neutron/Y91.h5
 Reading Zr93 from /home/diogo/openmc_data/endfb-vii.1-hdf5/neutron/Zr93.h5
 Reading Zr95 from /home/diogo/openmc_data/endfb-vii.1-hdf5/neutron/Zr95.h5
 Reading Nb93 from /home/diogo/openmc_data/endfb-vii.1-hdf5/neutron/Nb93.h5
 Reading Nb94 from /home/diogo/openmc_data/endfb-vii.1-hdf5/neutron/Nb94.h5
 WARNING: Negative value(s) found on probability table for nuclide Nb94 at 250K
 WARNING: Negative value(s) found on probability table for nuclide Nb94 at 294K
 WARNING: Negative value(s) found on probability table for nuclide Nb94 at 600K
 WARNING: Negative value(s) found on probability table for nuclide Nb94 at 900K
 WARNING: Negative value(s) found on probability table for nuclide Nb94 at 1200K
 WARNING: Negative value(s) found on probability table for nuclide Nb94 at 2500K
 Reading Nb95 from /home/diogo/openmc_data/endfb-vii.1-hdf5/neutron/Nb95.h5
 WARNING: Negative value(s) found on probability table for nuclide Nb95 at 250K
 WARNING: Negative value(s) found on probability table for nuclide Nb95 at 294K
 WARNING: Negative value(s) found on probability table for nuclide Nb95 at 600K
 WARNING: Negative value(s) found on probability table for nuclide Nb95 at 900K
 WARNING: Negative value(s) found on probability table for nuclide Nb95 at 1200K
 Reading Mo92 from /home/diogo/openmc_data/endfb-vii.1-hdf5/neutron/Mo92.h5
 Reading Mo94 from /home/diogo/openmc_data/endfb-vii.1-hdf5/neutron/Mo94.h5
 Reading Mo95 from /home/diogo/openmc_data/endfb-vii.1-hdf5/neutron/Mo95.h5
 Reading Mo96 from /home/diogo/openmc_data/endfb-vii.1-hdf5/neutron/Mo96.h5
 Reading Mo97 from /home/diogo/openmc_data/endfb-vii.1-hdf5/neutron/Mo97.h5
 Reading Mo98 from /home/diogo/openmc_data/endfb-vii.1-hdf5/neutron/Mo98.h5
 Reading Mo99 from /home/diogo/openmc_data/endfb-vii.1-hdf5/neutron/Mo99.h5
 WARNING: Negative value(s) found on probability table for nuclide Mo99 at 250K
 WARNING: Negative value(s) found on probability table for nuclide Mo99 at 294K
 WARNING: Negative value(s) found on probability table for nuclide Mo99 at 600K
 WARNING: Negative value(s) found on probability table for nuclide Mo99 at 900K
 WARNING: Negative value(s) found on probability table for nuclide Mo99 at 1200K
 WARNING: Negative value(s) found on probability table for nuclide Mo99 at 2500K
 Reading Mo100 from /home/diogo/openmc_data/endfb-vii.1-hdf5/neutron/Mo100.h5
 Reading Tc99 from /home/diogo/openmc_data/endfb-vii.1-hdf5/neutron/Tc99.h5
 Reading Ru96 from /home/diogo/openmc_data/endfb-vii.1-hdf5/neutron/Ru96.h5
 Reading Ru98 from /home/diogo/openmc_data/endfb-vii.1-hdf5/neutron/Ru98.h5
 Reading Ru99 from /home/diogo/openmc_data/endfb-vii.1-hdf5/neutron/Ru99.h5
 Reading Ru100 from /home/diogo/openmc_data/endfb-vii.1-hdf5/neutron/Ru100.h5
 Reading Ru101 from /home/diogo/openmc_data/endfb-vii.1-hdf5/neutron/Ru101.h5
 Reading Ru102 from /home/diogo/openmc_data/endfb-vii.1-hdf5/neutron/Ru102.h5
 Reading Ru103 from /home/diogo/openmc_data/endfb-vii.1-hdf5/neutron/Ru103.h5
 Reading Ru104 from /home/diogo/openmc_data/endfb-vii.1-hdf5/neutron/Ru104.h5
 Reading Ru105 from /home/diogo/openmc_data/endfb-vii.1-hdf5/neutron/Ru105.h5
 Reading Ru106 from /home/diogo/openmc_data/endfb-vii.1-hdf5/neutron/Ru106.h5
 Reading Rh103 from /home/diogo/openmc_data/endfb-vii.1-hdf5/neutron/Rh103.h5
 Reading Rh105 from /home/diogo/openmc_data/endfb-vii.1-hdf5/neutron/Rh105.h5
 Reading Pd102 from /home/diogo/openmc_data/endfb-vii.1-hdf5/neutron/Pd102.h5
 Reading Pd104 from /home/diogo/openmc_data/endfb-vii.1-hdf5/neutron/Pd104.h5
 Reading Pd105 from /home/diogo/openmc_data/endfb-vii.1-hdf5/neutron/Pd105.h5
 Reading Pd106 from /home/diogo/openmc_data/endfb-vii.1-hdf5/neutron/Pd106.h5
 Reading Pd107 from /home/diogo/openmc_data/endfb-vii.1-hdf5/neutron/Pd107.h5
 Reading Pd108 from /home/diogo/openmc_data/endfb-vii.1-hdf5/neutron/Pd108.h5
 Reading Pd110 from /home/diogo/openmc_data/endfb-vii.1-hdf5/neutron/Pd110.h5
 Reading Ag110_m1 from
 /home/diogo/openmc_data/endfb-vii.1-hdf5/neutron/Ag110_m1.h5
 Reading Ag111 from /home/diogo/openmc_data/endfb-vii.1-hdf5/neutron/Ag111.h5
 Reading Cd115_m1 from
 /home/diogo/openmc_data/endfb-vii.1-hdf5/neutron/Cd115_m1.h5
 Reading Sn113 from /home/diogo/openmc_data/endfb-vii.1-hdf5/neutron/Sn113.h5
 Reading Sn123 from /home/diogo/openmc_data/endfb-vii.1-hdf5/neutron/Sn123.h5
 WARNING: Negative value(s) found on probability table for nuclide Sn123 at 250K
 WARNING: Negative value(s) found on probability table for nuclide Sn123 at 294K
 WARNING: Negative value(s) found on probability table for nuclide Sn123 at 600K
 WARNING: Negative value(s) found on probability table for nuclide Sn123 at 900K
 WARNING: Negative value(s) found on probability table for nuclide Sn123 at
          1200K
 WARNING: Negative value(s) found on probability table for nuclide Sn123 at
          2500K
 Reading Sn125 from /home/diogo/openmc_data/endfb-vii.1-hdf5/neutron/Sn125.h5
 Reading Sn126 from /home/diogo/openmc_data/endfb-vii.1-hdf5/neutron/Sn126.h5
 Reading Sb121 from /home/diogo/openmc_data/endfb-vii.1-hdf5/neutron/Sb121.h5
 Reading Sb123 from /home/diogo/openmc_data/endfb-vii.1-hdf5/neutron/Sb123.h5
 Reading Sb124 from /home/diogo/openmc_data/endfb-vii.1-hdf5/neutron/Sb124.h5
 Reading Sb125 from /home/diogo/openmc_data/endfb-vii.1-hdf5/neutron/Sb125.h5
 Reading Sb126 from /home/diogo/openmc_data/endfb-vii.1-hdf5/neutron/Sb126.h5
 Reading Te120 from /home/diogo/openmc_data/endfb-vii.1-hdf5/neutron/Te120.h5
 WARNING: Negative value(s) found on probability table for nuclide Te120 at 600K
 WARNING: Negative value(s) found on probability table for nuclide Te120 at 900K
 WARNING: Negative value(s) found on probability table for nuclide Te120 at
          1200K
 WARNING: Negative value(s) found on probability table for nuclide Te120 at
          2500K
 Reading Te122 from /home/diogo/openmc_data/endfb-vii.1-hdf5/neutron/Te122.h5
 Reading Te123 from /home/diogo/openmc_data/endfb-vii.1-hdf5/neutron/Te123.h5
 Reading Te124 from /home/diogo/openmc_data/endfb-vii.1-hdf5/neutron/Te124.h5
 Reading Te125 from /home/diogo/openmc_data/endfb-vii.1-hdf5/neutron/Te125.h5
 Reading Te126 from /home/diogo/openmc_data/endfb-vii.1-hdf5/neutron/Te126.h5
 Reading Te127_m1 from
 /home/diogo/openmc_data/endfb-vii.1-hdf5/neutron/Te127_m1.h5
 Reading Te128 from /home/diogo/openmc_data/endfb-vii.1-hdf5/neutron/Te128.h5
 Reading Te129_m1 from
 /home/diogo/openmc_data/endfb-vii.1-hdf5/neutron/Te129_m1.h5
 Reading Te130 from /home/diogo/openmc_data/endfb-vii.1-hdf5/neutron/Te130.h5
 Reading Te132 from /home/diogo/openmc_data/endfb-vii.1-hdf5/neutron/Te132.h5
 Reading I127 from /home/diogo/openmc_data/endfb-vii.1-hdf5/neutron/I127.h5
 Reading I129 from /home/diogo/openmc_data/endfb-vii.1-hdf5/neutron/I129.h5
 Reading I130 from /home/diogo/openmc_data/endfb-vii.1-hdf5/neutron/I130.h5
 Reading I131 from /home/diogo/openmc_data/endfb-vii.1-hdf5/neutron/I131.h5
 WARNING: Negative value(s) found on probability table for nuclide I131 at 250K
 WARNING: Negative value(s) found on probability table for nuclide I131 at 294K
 WARNING: Negative value(s) found on probability table for nuclide I131 at 600K
 WARNING: Negative value(s) found on probability table for nuclide I131 at 900K
 WARNING: Negative value(s) found on probability table for nuclide I131 at 1200K
 WARNING: Negative value(s) found on probability table for nuclide I131 at 2500K
 Reading I135 from /home/diogo/openmc_data/endfb-vii.1-hdf5/neutron/I135.h5
 Reading Xe123 from /home/diogo/openmc_data/endfb-vii.1-hdf5/neutron/Xe123.h5
 Reading Xe124 from /home/diogo/openmc_data/endfb-vii.1-hdf5/neutron/Xe124.h5
 Reading Xe126 from /home/diogo/openmc_data/endfb-vii.1-hdf5/neutron/Xe126.h5
 Reading Xe128 from /home/diogo/openmc_data/endfb-vii.1-hdf5/neutron/Xe128.h5
 Reading Xe129 from /home/diogo/openmc_data/endfb-vii.1-hdf5/neutron/Xe129.h5
 Reading Xe130 from /home/diogo/openmc_data/endfb-vii.1-hdf5/neutron/Xe130.h5
 Reading Xe131 from /home/diogo/openmc_data/endfb-vii.1-hdf5/neutron/Xe131.h5
 Reading Xe132 from /home/diogo/openmc_data/endfb-vii.1-hdf5/neutron/Xe132.h5
 Reading Xe133 from /home/diogo/openmc_data/endfb-vii.1-hdf5/neutron/Xe133.h5
 WARNING: Negative value(s) found on probability table for nuclide Xe133 at
          2500K
 Reading Xe134 from /home/diogo/openmc_data/endfb-vii.1-hdf5/neutron/Xe134.h5
 Reading Xe135 from /home/diogo/openmc_data/endfb-vii.1-hdf5/neutron/Xe135.h5
 Reading Xe136 from /home/diogo/openmc_data/endfb-vii.1-hdf5/neutron/Xe136.h5
 Reading Cs133 from /home/diogo/openmc_data/endfb-vii.1-hdf5/neutron/Cs133.h5
 Reading Cs134 from /home/diogo/openmc_data/endfb-vii.1-hdf5/neutron/Cs134.h5
 Reading Cs135 from /home/diogo/openmc_data/endfb-vii.1-hdf5/neutron/Cs135.h5
 Reading Cs136 from /home/diogo/openmc_data/endfb-vii.1-hdf5/neutron/Cs136.h5
 WARNING: Negative value(s) found on probability table for nuclide Cs136 at 250K
 WARNING: Negative value(s) found on probability table for nuclide Cs136 at 294K
 WARNING: Negative value(s) found on probability table for nuclide Cs136 at 600K
 WARNING: Negative value(s) found on probability table for nuclide Cs136 at 900K
 WARNING: Negative value(s) found on probability table for nuclide Cs136 at
          1200K
 WARNING: Negative value(s) found on probability table for nuclide Cs136 at
          2500K
 Reading Cs137 from /home/diogo/openmc_data/endfb-vii.1-hdf5/neutron/Cs137.h5
 Reading Ba130 from /home/diogo/openmc_data/endfb-vii.1-hdf5/neutron/Ba130.h5
 Reading Ba132 from /home/diogo/openmc_data/endfb-vii.1-hdf5/neutron/Ba132.h5
 Reading Ba133 from /home/diogo/openmc_data/endfb-vii.1-hdf5/neutron/Ba133.h5
 Reading Ba134 from /home/diogo/openmc_data/endfb-vii.1-hdf5/neutron/Ba134.h5
 Reading Ba135 from /home/diogo/openmc_data/endfb-vii.1-hdf5/neutron/Ba135.h5
 Reading Ba136 from /home/diogo/openmc_data/endfb-vii.1-hdf5/neutron/Ba136.h5
 Reading Ba137 from /home/diogo/openmc_data/endfb-vii.1-hdf5/neutron/Ba137.h5
 Reading Ba138 from /home/diogo/openmc_data/endfb-vii.1-hdf5/neutron/Ba138.h5
 Reading Ba140 from /home/diogo/openmc_data/endfb-vii.1-hdf5/neutron/Ba140.h5
 Reading La138 from /home/diogo/openmc_data/endfb-vii.1-hdf5/neutron/La138.h5
 Reading La139 from /home/diogo/openmc_data/endfb-vii.1-hdf5/neutron/La139.h5
 Reading La140 from /home/diogo/openmc_data/endfb-vii.1-hdf5/neutron/La140.h5
 Reading Ce136 from /home/diogo/openmc_data/endfb-vii.1-hdf5/neutron/Ce136.h5
 Reading Ce138 from /home/diogo/openmc_data/endfb-vii.1-hdf5/neutron/Ce138.h5
 Reading Ce139 from /home/diogo/openmc_data/endfb-vii.1-hdf5/neutron/Ce139.h5
 Reading Ce140 from /home/diogo/openmc_data/endfb-vii.1-hdf5/neutron/Ce140.h5
 Reading Ce141 from /home/diogo/openmc_data/endfb-vii.1-hdf5/neutron/Ce141.h5
 Reading Ce142 from /home/diogo/openmc_data/endfb-vii.1-hdf5/neutron/Ce142.h5
 Reading Ce143 from /home/diogo/openmc_data/endfb-vii.1-hdf5/neutron/Ce143.h5
 Reading Ce144 from /home/diogo/openmc_data/endfb-vii.1-hdf5/neutron/Ce144.h5
 Reading Pr141 from /home/diogo/openmc_data/endfb-vii.1-hdf5/neutron/Pr141.h5
 Reading Pr142 from /home/diogo/openmc_data/endfb-vii.1-hdf5/neutron/Pr142.h5
 Reading Pr143 from /home/diogo/openmc_data/endfb-vii.1-hdf5/neutron/Pr143.h5
 Reading Nd142 from /home/diogo/openmc_data/endfb-vii.1-hdf5/neutron/Nd142.h5
 Reading Nd143 from /home/diogo/openmc_data/endfb-vii.1-hdf5/neutron/Nd143.h5
 Reading Nd144 from /home/diogo/openmc_data/endfb-vii.1-hdf5/neutron/Nd144.h5
 Reading Nd145 from /home/diogo/openmc_data/endfb-vii.1-hdf5/neutron/Nd145.h5
 Reading Nd146 from /home/diogo/openmc_data/endfb-vii.1-hdf5/neutron/Nd146.h5
 Reading Nd147 from /home/diogo/openmc_data/endfb-vii.1-hdf5/neutron/Nd147.h5
 Reading Nd148 from /home/diogo/openmc_data/endfb-vii.1-hdf5/neutron/Nd148.h5
 Reading Nd150 from /home/diogo/openmc_data/endfb-vii.1-hdf5/neutron/Nd150.h5
 Reading Pm147 from /home/diogo/openmc_data/endfb-vii.1-hdf5/neutron/Pm147.h5
 Reading Pm148 from /home/diogo/openmc_data/endfb-vii.1-hdf5/neutron/Pm148.h5
 Reading Pm148_m1 from
 /home/diogo/openmc_data/endfb-vii.1-hdf5/neutron/Pm148_m1.h5
 Reading Pm149 from /home/diogo/openmc_data/endfb-vii.1-hdf5/neutron/Pm149.h5
 Reading Pm151 from /home/diogo/openmc_data/endfb-vii.1-hdf5/neutron/Pm151.h5
 Reading Sm144 from /home/diogo/openmc_data/endfb-vii.1-hdf5/neutron/Sm144.h5
 Reading Sm147 from /home/diogo/openmc_data/endfb-vii.1-hdf5/neutron/Sm147.h5
 Reading Sm148 from /home/diogo/openmc_data/endfb-vii.1-hdf5/neutron/Sm148.h5
 Reading Sm149 from /home/diogo/openmc_data/endfb-vii.1-hdf5/neutron/Sm149.h5
 Reading Sm150 from /home/diogo/openmc_data/endfb-vii.1-hdf5/neutron/Sm150.h5
 Reading Sm151 from /home/diogo/openmc_data/endfb-vii.1-hdf5/neutron/Sm151.h5
 Reading Sm152 from /home/diogo/openmc_data/endfb-vii.1-hdf5/neutron/Sm152.h5
 Reading Sm153 from /home/diogo/openmc_data/endfb-vii.1-hdf5/neutron/Sm153.h5
 Reading Sm154 from /home/diogo/openmc_data/endfb-vii.1-hdf5/neutron/Sm154.h5
 Reading Eu151 from /home/diogo/openmc_data/endfb-vii.1-hdf5/neutron/Eu151.h5
 Reading Eu152 from /home/diogo/openmc_data/endfb-vii.1-hdf5/neutron/Eu152.h5
 Reading Eu153 from /home/diogo/openmc_data/endfb-vii.1-hdf5/neutron/Eu153.h5
 Reading Eu154 from /home/diogo/openmc_data/endfb-vii.1-hdf5/neutron/Eu154.h5
 Reading Eu155 from /home/diogo/openmc_data/endfb-vii.1-hdf5/neutron/Eu155.h5
 Reading Eu156 from /home/diogo/openmc_data/endfb-vii.1-hdf5/neutron/Eu156.h5
 WARNING: Negative value(s) found on probability table for nuclide Eu156 at 250K
 WARNING: Negative value(s) found on probability table for nuclide Eu156 at 294K
 WARNING: Negative value(s) found on probability table for nuclide Eu156 at 600K
 WARNING: Negative value(s) found on probability table for nuclide Eu156 at 900K
 WARNING: Negative value(s) found on probability table for nuclide Eu156 at
          1200K
 WARNING: Negative value(s) found on probability table for nuclide Eu156 at
          2500K
 Reading Eu157 from /home/diogo/openmc_data/endfb-vii.1-hdf5/neutron/Eu157.h5
 Reading Gd153 from /home/diogo/openmc_data/endfb-vii.1-hdf5/neutron/Gd153.h5
 Reading Tb159 from /home/diogo/openmc_data/endfb-vii.1-hdf5/neutron/Tb159.h5
 Reading Tb160 from /home/diogo/openmc_data/endfb-vii.1-hdf5/neutron/Tb160.h5
 Reading Dy156 from /home/diogo/openmc_data/endfb-vii.1-hdf5/neutron/Dy156.h5
 Reading Dy158 from /home/diogo/openmc_data/endfb-vii.1-hdf5/neutron/Dy158.h5
 Reading Dy160 from /home/diogo/openmc_data/endfb-vii.1-hdf5/neutron/Dy160.h5
 Reading Dy161 from /home/diogo/openmc_data/endfb-vii.1-hdf5/neutron/Dy161.h5
 Reading Dy162 from /home/diogo/openmc_data/endfb-vii.1-hdf5/neutron/Dy162.h5
 Reading Dy163 from /home/diogo/openmc_data/endfb-vii.1-hdf5/neutron/Dy163.h5
 Reading Dy164 from /home/diogo/openmc_data/endfb-vii.1-hdf5/neutron/Dy164.h5
 Reading Ho165 from /home/diogo/openmc_data/endfb-vii.1-hdf5/neutron/Ho165.h5
 Reading Ho166_m1 from
 /home/diogo/openmc_data/endfb-vii.1-hdf5/neutron/Ho166_m1.h5
 Reading Er162 from /home/diogo/openmc_data/endfb-vii.1-hdf5/neutron/Er162.h5
 Reading Er164 from /home/diogo/openmc_data/endfb-vii.1-hdf5/neutron/Er164.h5
 Reading Er166 from /home/diogo/openmc_data/endfb-vii.1-hdf5/neutron/Er166.h5
 Reading Er167 from /home/diogo/openmc_data/endfb-vii.1-hdf5/neutron/Er167.h5
 Reading Er168 from /home/diogo/openmc_data/endfb-vii.1-hdf5/neutron/Er168.h5
 Reading Er170 from /home/diogo/openmc_data/endfb-vii.1-hdf5/neutron/Er170.h5
 Reading Tm168 from /home/diogo/openmc_data/endfb-vii.1-hdf5/neutron/Tm168.h5
 Reading Tm169 from /home/diogo/openmc_data/endfb-vii.1-hdf5/neutron/Tm169.h5
 Reading Tm170 from /home/diogo/openmc_data/endfb-vii.1-hdf5/neutron/Tm170.h5
 Reading Lu175 from /home/diogo/openmc_data/endfb-vii.1-hdf5/neutron/Lu175.h5
 Reading Lu176 from /home/diogo/openmc_data/endfb-vii.1-hdf5/neutron/Lu176.h5
 Reading Hf174 from /home/diogo/openmc_data/endfb-vii.1-hdf5/neutron/Hf174.h5
 Reading Hf176 from /home/diogo/openmc_data/endfb-vii.1-hdf5/neutron/Hf176.h5
 Reading Hf177 from /home/diogo/openmc_data/endfb-vii.1-hdf5/neutron/Hf177.h5
 Reading Hf178 from /home/diogo/openmc_data/endfb-vii.1-hdf5/neutron/Hf178.h5
 Reading Hf179 from /home/diogo/openmc_data/endfb-vii.1-hdf5/neutron/Hf179.h5
 Reading Hf180 from /home/diogo/openmc_data/endfb-vii.1-hdf5/neutron/Hf180.h5
 Reading Ta180 from /home/diogo/openmc_data/endfb-vii.1-hdf5/neutron/Ta180.h5
 Reading Ta181 from /home/diogo/openmc_data/endfb-vii.1-hdf5/neutron/Ta181.h5
 Reading Ta182 from /home/diogo/openmc_data/endfb-vii.1-hdf5/neutron/Ta182.h5
 Reading W180 from /home/diogo/openmc_data/endfb-vii.1-hdf5/neutron/W180.h5
 Reading W182 from /home/diogo/openmc_data/endfb-vii.1-hdf5/neutron/W182.h5
 Reading W183 from /home/diogo/openmc_data/endfb-vii.1-hdf5/neutron/W183.h5
 Reading W184 from /home/diogo/openmc_data/endfb-vii.1-hdf5/neutron/W184.h5
 Reading W186 from /home/diogo/openmc_data/endfb-vii.1-hdf5/neutron/W186.h5
 Reading Re185 from /home/diogo/openmc_data/endfb-vii.1-hdf5/neutron/Re185.h5
 Reading Re187 from /home/diogo/openmc_data/endfb-vii.1-hdf5/neutron/Re187.h5
 Reading Ir191 from /home/diogo/openmc_data/endfb-vii.1-hdf5/neutron/Ir191.h5
 Reading Ir193 from /home/diogo/openmc_data/endfb-vii.1-hdf5/neutron/Ir193.h5
 Reading Au197 from /home/diogo/openmc_data/endfb-vii.1-hdf5/neutron/Au197.h5
 Reading Hg196 from /home/diogo/openmc_data/endfb-vii.1-hdf5/neutron/Hg196.h5
 Reading Hg198 from /home/diogo/openmc_data/endfb-vii.1-hdf5/neutron/Hg198.h5
 Reading Hg199 from /home/diogo/openmc_data/endfb-vii.1-hdf5/neutron/Hg199.h5
 Reading Hg200 from /home/diogo/openmc_data/endfb-vii.1-hdf5/neutron/Hg200.h5
 Reading Hg201 from /home/diogo/openmc_data/endfb-vii.1-hdf5/neutron/Hg201.h5
 Reading Hg202 from /home/diogo/openmc_data/endfb-vii.1-hdf5/neutron/Hg202.h5
 Reading Hg204 from /home/diogo/openmc_data/endfb-vii.1-hdf5/neutron/Hg204.h5
 Reading Tl203 from /home/diogo/openmc_data/endfb-vii.1-hdf5/neutron/Tl203.h5
 Reading Tl205 from /home/diogo/openmc_data/endfb-vii.1-hdf5/neutron/Tl205.h5
 Reading Pb204 from /home/diogo/openmc_data/endfb-vii.1-hdf5/neutron/Pb204.h5
 Reading Pb206 from /home/diogo/openmc_data/endfb-vii.1-hdf5/neutron/Pb206.h5
 Reading Pb207 from /home/diogo/openmc_data/endfb-vii.1-hdf5/neutron/Pb207.h5
 Reading Pb208 from /home/diogo/openmc_data/endfb-vii.1-hdf5/neutron/Pb208.h5
 Reading Bi209 from /home/diogo/openmc_data/endfb-vii.1-hdf5/neutron/Bi209.h5
 Reading Ra223 from /home/diogo/openmc_data/endfb-vii.1-hdf5/neutron/Ra223.h5
 Reading Ra224 from /home/diogo/openmc_data/endfb-vii.1-hdf5/neutron/Ra224.h5
 Reading Ra225 from /home/diogo/openmc_data/endfb-vii.1-hdf5/neutron/Ra225.h5
 Reading Ra226 from /home/diogo/openmc_data/endfb-vii.1-hdf5/neutron/Ra226.h5
 Reading Ac225 from /home/diogo/openmc_data/endfb-vii.1-hdf5/neutron/Ac225.h5
 Reading Ac226 from /home/diogo/openmc_data/endfb-vii.1-hdf5/neutron/Ac226.h5
 Reading Ac227 from /home/diogo/openmc_data/endfb-vii.1-hdf5/neutron/Ac227.h5
 Reading Th227 from /home/diogo/openmc_data/endfb-vii.1-hdf5/neutron/Th227.h5
 Reading Th228 from /home/diogo/openmc_data/endfb-vii.1-hdf5/neutron/Th228.h5
 Reading Th229 from /home/diogo/openmc_data/endfb-vii.1-hdf5/neutron/Th229.h5
 Reading Th230 from /home/diogo/openmc_data/endfb-vii.1-hdf5/neutron/Th230.h5
 Reading Th231 from /home/diogo/openmc_data/endfb-vii.1-hdf5/neutron/Th231.h5
 Reading Th232 from /home/diogo/openmc_data/endfb-vii.1-hdf5/neutron/Th232.h5
 Reading Th233 from /home/diogo/openmc_data/endfb-vii.1-hdf5/neutron/Th233.h5
 Reading Th234 from /home/diogo/openmc_data/endfb-vii.1-hdf5/neutron/Th234.h5
 Reading Pa229 from /home/diogo/openmc_data/endfb-vii.1-hdf5/neutron/Pa229.h5
 Reading Pa230 from /home/diogo/openmc_data/endfb-vii.1-hdf5/neutron/Pa230.h5
 Reading Pa231 from /home/diogo/openmc_data/endfb-vii.1-hdf5/neutron/Pa231.h5
 Reading Pa232 from /home/diogo/openmc_data/endfb-vii.1-hdf5/neutron/Pa232.h5
 Reading Pa233 from /home/diogo/openmc_data/endfb-vii.1-hdf5/neutron/Pa233.h5
 Reading U230 from /home/diogo/openmc_data/endfb-vii.1-hdf5/neutron/U230.h5
 Reading U231 from /home/diogo/openmc_data/endfb-vii.1-hdf5/neutron/U231.h5
 Reading U232 from /home/diogo/openmc_data/endfb-vii.1-hdf5/neutron/U232.h5
 Reading U233 from /home/diogo/openmc_data/endfb-vii.1-hdf5/neutron/U233.h5
 Reading U236 from /home/diogo/openmc_data/endfb-vii.1-hdf5/neutron/U236.h5
 Reading U237 from /home/diogo/openmc_data/endfb-vii.1-hdf5/neutron/U237.h5
 Reading U239 from /home/diogo/openmc_data/endfb-vii.1-hdf5/neutron/U239.h5
 Reading U240 from /home/diogo/openmc_data/endfb-vii.1-hdf5/neutron/U240.h5
 Reading U241 from /home/diogo/openmc_data/endfb-vii.1-hdf5/neutron/U241.h5
 Reading Np234 from /home/diogo/openmc_data/endfb-vii.1-hdf5/neutron/Np234.h5
 Reading Np235 from /home/diogo/openmc_data/endfb-vii.1-hdf5/neutron/Np235.h5
 Reading Np236 from /home/diogo/openmc_data/endfb-vii.1-hdf5/neutron/Np236.h5
 Reading Np237 from /home/diogo/openmc_data/endfb-vii.1-hdf5/neutron/Np237.h5
 Reading Np238 from /home/diogo/openmc_data/endfb-vii.1-hdf5/neutron/Np238.h5
 Reading Np239 from /home/diogo/openmc_data/endfb-vii.1-hdf5/neutron/Np239.h5
 Reading Pu236 from /home/diogo/openmc_data/endfb-vii.1-hdf5/neutron/Pu236.h5
 Reading Pu237 from /home/diogo/openmc_data/endfb-vii.1-hdf5/neutron/Pu237.h5
 Reading Pu238 from /home/diogo/openmc_data/endfb-vii.1-hdf5/neutron/Pu238.h5
 Reading Pu239 from /home/diogo/openmc_data/endfb-vii.1-hdf5/neutron/Pu239.h5
 Reading Pu240 from /home/diogo/openmc_data/endfb-vii.1-hdf5/neutron/Pu240.h5
 Reading Pu241 from /home/diogo/openmc_data/endfb-vii.1-hdf5/neutron/Pu241.h5
 Reading Pu242 from /home/diogo/openmc_data/endfb-vii.1-hdf5/neutron/Pu242.h5
 Reading Pu243 from /home/diogo/openmc_data/endfb-vii.1-hdf5/neutron/Pu243.h5
 Reading Pu244 from /home/diogo/openmc_data/endfb-vii.1-hdf5/neutron/Pu244.h5
 Reading Pu246 from /home/diogo/openmc_data/endfb-vii.1-hdf5/neutron/Pu246.h5
 Reading Am240 from /home/diogo/openmc_data/endfb-vii.1-hdf5/neutron/Am240.h5
 Reading Am241 from /home/diogo/openmc_data/endfb-vii.1-hdf5/neutron/Am241.h5
 Reading Am242 from /home/diogo/openmc_data/endfb-vii.1-hdf5/neutron/Am242.h5
 Reading Am242_m1 from
 /home/diogo/openmc_data/endfb-vii.1-hdf5/neutron/Am242_m1.h5
 Reading Am243 from /home/diogo/openmc_data/endfb-vii.1-hdf5/neutron/Am243.h5
 Reading Am244 from /home/diogo/openmc_data/endfb-vii.1-hdf5/neutron/Am244.h5
 Reading Am244_m1 from
 /home/diogo/openmc_data/endfb-vii.1-hdf5/neutron/Am244_m1.h5
 Reading Cm240 from /home/diogo/openmc_data/endfb-vii.1-hdf5/neutron/Cm240.h5
 Reading Cm241 from /home/diogo/openmc_data/endfb-vii.1-hdf5/neutron/Cm241.h5
 Reading Cm242 from /home/diogo/openmc_data/endfb-vii.1-hdf5/neutron/Cm242.h5
 Reading Cm243 from /home/diogo/openmc_data/endfb-vii.1-hdf5/neutron/Cm243.h5
 Reading Cm244 from /home/diogo/openmc_data/endfb-vii.1-hdf5/neutron/Cm244.h5
 Reading Cm245 from /home/diogo/openmc_data/endfb-vii.1-hdf5/neutron/Cm245.h5
 Reading Cm246 from /home/diogo/openmc_data/endfb-vii.1-hdf5/neutron/Cm246.h5
 Reading Cm247 from /home/diogo/openmc_data/endfb-vii.1-hdf5/neutron/Cm247.h5
 Reading Cm248 from /home/diogo/openmc_data/endfb-vii.1-hdf5/neutron/Cm248.h5
 Reading Cm249 from /home/diogo/openmc_data/endfb-vii.1-hdf5/neutron/Cm249.h5
 Reading Cm250 from /home/diogo/openmc_data/endfb-vii.1-hdf5/neutron/Cm250.h5
 Reading Bk245 from /home/diogo/openmc_data/endfb-vii.1-hdf5/neutron/Bk245.h5
 Reading Bk246 from /home/diogo/openmc_data/endfb-vii.1-hdf5/neutron/Bk246.h5
 Reading Bk247 from /home/diogo/openmc_data/endfb-vii.1-hdf5/neutron/Bk247.h5
 Reading Bk248 from /home/diogo/openmc_data/endfb-vii.1-hdf5/neutron/Bk248.h5
 Reading Bk249 from /home/diogo/openmc_data/endfb-vii.1-hdf5/neutron/Bk249.h5
 Reading Bk250 from /home/diogo/openmc_data/endfb-vii.1-hdf5/neutron/Bk250.h5
 Reading Cf246 from /home/diogo/openmc_data/endfb-vii.1-hdf5/neutron/Cf246.h5
 Reading Cf248 from /home/diogo/openmc_data/endfb-vii.1-hdf5/neutron/Cf248.h5
 Reading Cf249 from /home/diogo/openmc_data/endfb-vii.1-hdf5/neutron/Cf249.h5
 Reading Cf250 from /home/diogo/openmc_data/endfb-vii.1-hdf5/neutron/Cf250.h5
 WARNING: Negative value(s) found on probability table for nuclide Cf250 at 250K
 WARNING: Negative value(s) found on probability table for nuclide Cf250 at 294K
 WARNING: Negative value(s) found on probability table for nuclide Cf250 at 900K
 WARNING: Negative value(s) found on probability table for nuclide Cf250 at
          1200K
 Reading Cf251 from /home/diogo/openmc_data/endfb-vii.1-hdf5/neutron/Cf251.h5
 Reading Cf252 from /home/diogo/openmc_data/endfb-vii.1-hdf5/neutron/Cf252.h5
 Reading Cf253 from /home/diogo/openmc_data/endfb-vii.1-hdf5/neutron/Cf253.h5
 Reading Cf254 from /home/diogo/openmc_data/endfb-vii.1-hdf5/neutron/Cf254.h5
 Reading Es251 from /home/diogo/openmc_data/endfb-vii.1-hdf5/neutron/Es251.h5
 Reading Es252 from /home/diogo/openmc_data/endfb-vii.1-hdf5/neutron/Es252.h5
 Reading Es253 from /home/diogo/openmc_data/endfb-vii.1-hdf5/neutron/Es253.h5
 Reading Es254 from /home/diogo/openmc_data/endfb-vii.1-hdf5/neutron/Es254.h5
 Reading Es254_m1 from
 /home/diogo/openmc_data/endfb-vii.1-hdf5/neutron/Es254_m1.h5
 Reading Es255 from /home/diogo/openmc_data/endfb-vii.1-hdf5/neutron/Es255.h5
 Reading Fm255 from /home/diogo/openmc_data/endfb-vii.1-hdf5/neutron/Fm255.h5
 Maximum neutron transport energy: 20000000 eV for H1
 Initializing source particles...

 ====================>     K EIGENVALUE SIMULATION     <====================

  Bat./Gen.      k       Entropy         Average k 
  =========   ========   ========   ====================
        1/1    0.94359    5.54055
        2/1    0.97038    5.50230
        3/1    0.99453    5.47819
        4/1    0.99787    5.47469
        5/1    1.02529    5.46782
        6/1    1.00742    5.45478
        7/1    1.02383    5.44908
        8/1    1.03299    5.45566
        9/1    1.02024    5.44074
       10/1    1.00660    5.44338
       11/1    1.03680    5.46149
       12/1    1.02274    5.45298
       13/1    0.99711    5.44902
       14/1    1.01036    5.44767
       15/1    1.01679    5.44807
       16/1    1.01345    5.45224
       17/1    1.01516    5.44622
       18/1    1.03001    5.44417
       19/1    1.01804    5.44440
       20/1    1.02047    5.44115
       21/1    1.03195    5.44280
       22/1    1.04328    5.45487
       23/1    1.01025    5.43638
       24/1    1.01748    5.44330
       25/1    1.03804    5.44343
       26/1    1.03494    5.46049
       27/1    1.02731    5.45743
       28/1    1.01601    5.45255
       29/1    1.02263    5.44693
       30/1    1.01323    5.44833
       31/1    1.01380    5.44450
       32/1    1.03497    5.43754
       33/1    1.03466    5.43817
       34/1    1.01923    5.44078
       35/1    1.01845    5.44733
       36/1    1.02084    5.44077
       37/1    1.01950    5.44966
       38/1    1.02345    5.44928
       39/1    1.02281    5.45448
       40/1    1.02133    5.44701
       41/1    1.01723    5.43888
       42/1    1.02080    5.42900
       43/1    1.03961    5.44582
       44/1    1.01313    5.45275
       45/1    1.02997    5.44263
       46/1    1.01407    5.44006
       47/1    1.00487    5.44512
       48/1    1.03401    5.44010
       49/1    1.01623    5.43414
       50/1    1.03597    5.44774
       51/1    1.01088    5.43815
       52/1    1.02064    5.43859
       53/1    1.04435    5.43847
       54/1    1.03624    5.44678
       55/1    1.00404    5.44093
       56/1    1.03392    5.44996
       57/1    1.04041    5.45206
       58/1    1.03379    5.46284
       59/1    1.02645    5.45811
       60/1    1.02262    5.45779
       61/1    1.02783    5.45897
       62/1    1.01871    5.45707    1.02327 +/- 0.00456
       63/1    1.02556    5.44909    1.02404 +/- 0.00274
       64/1    1.01747    5.44550    1.02239 +/- 0.00254
       65/1    1.01481    5.44150    1.02088 +/- 0.00248
       66/1    1.01186    5.44047    1.01937 +/- 0.00252
       67/1    1.01372    5.43437    1.01857 +/- 0.00228
       68/1    1.03256    5.44286    1.02032 +/- 0.00264
       69/1    1.03552    5.46099    1.02201 +/- 0.00288
       70/1    1.01243    5.46950    1.02105 +/- 0.00274
       71/1    1.03095    5.44838    1.02195 +/- 0.00264
       72/1    1.01848    5.46108    1.02166 +/- 0.00243
       73/1    1.02196    5.46994    1.02168 +/- 0.00223
       74/1    1.02116    5.45395    1.02164 +/- 0.00207
       75/1    1.01483    5.45925    1.02119 +/- 0.00198
       76/1    1.02998    5.45905    1.02174 +/- 0.00193
       77/1    1.02777    5.45452    1.02210 +/- 0.00185
       78/1    1.01937    5.45442    1.02194 +/- 0.00175
       79/1    1.03564    5.46683    1.02266 +/- 0.00180
       80/1    1.01598    5.44471    1.02233 +/- 0.00174
       81/1    1.01194    5.45952    1.02184 +/- 0.00173
       82/1    1.03197    5.46854    1.02230 +/- 0.00171
       83/1    1.00447    5.45537    1.02152 +/- 0.00181
       84/1    1.01580    5.44745    1.02128 +/- 0.00175
       85/1    1.02710    5.44779    1.02152 +/- 0.00170
       86/1    1.02305    5.44045    1.02157 +/- 0.00163
       87/1    1.03138    5.44565    1.02194 +/- 0.00161
       88/1    1.02478    5.45147    1.02204 +/- 0.00155
       89/1    1.03616    5.44727    1.02253 +/- 0.00158
       90/1    1.02614    5.44430    1.02265 +/- 0.00153
       91/1    1.03448    5.44601    1.02303 +/- 0.00153
       92/1    1.02632    5.45956    1.02313 +/- 0.00148
       93/1    1.02046    5.45078    1.02305 +/- 0.00144
       94/1    1.00313    5.44970    1.02246 +/- 0.00151
       95/1    1.02539    5.44186    1.02255 +/- 0.00147
       96/1    1.01590    5.45546    1.02236 +/- 0.00144
       97/1    1.02235    5.45357    1.02236 +/- 0.00140
       98/1    1.02355    5.44973    1.02239 +/- 0.00137
       99/1    1.01291    5.44416    1.02215 +/- 0.00135
      100/1    1.02476    5.45927    1.02222 +/- 0.00132
      101/1    0.99987    5.45470    1.02167 +/- 0.00140
      102/1    1.02546    5.46050    1.02176 +/- 0.00137
      103/1    1.01247    5.45474    1.02155 +/- 0.00135
      104/1    1.02044    5.43543    1.02152 +/- 0.00132
      105/1    1.02139    5.45377    1.02152 +/- 0.00129
      106/1    1.02738    5.44385    1.02164 +/- 0.00127
      107/1    1.04513    5.45898    1.02214 +/- 0.00134
      108/1    1.02433    5.43837    1.02219 +/- 0.00131
      109/1    1.03635    5.43390    1.02248 +/- 0.00132
      110/1    1.03710    5.45031    1.02277 +/- 0.00132
      111/1    1.03134    5.43628    1.02294 +/- 0.00131
      112/1    1.01595    5.45430    1.02281 +/- 0.00129
      113/1    1.01378    5.45872    1.02263 +/- 0.00128
      114/1    1.01583    5.47105    1.02251 +/- 0.00126
      115/1    1.02528    5.44951    1.02256 +/- 0.00124
      116/1    1.02538    5.45846    1.02261 +/- 0.00122
      117/1    1.00352    5.44496    1.02227 +/- 0.00124
      118/1    1.02952    5.44649    1.02240 +/- 0.00122
      119/1    0.99778    5.44957    1.02198 +/- 0.00127
      120/1    1.02498    5.44770    1.02203 +/- 0.00125
      121/1    1.01525    5.44528    1.02192 +/- 0.00124
      122/1    1.01413    5.43367    1.02180 +/- 0.00122
      123/1    1.02657    5.42994    1.02187 +/- 0.00121
      124/1    1.02101    5.42311    1.02186 +/- 0.00119
      125/1    1.01865    5.43055    1.02181 +/- 0.00117
      126/1    1.03122    5.41721    1.02195 +/- 0.00116
      127/1    1.04944    5.42306    1.02236 +/- 0.00122
      128/1    1.01886    5.42128    1.02231 +/- 0.00120
      129/1    1.02051    5.45024    1.02228 +/- 0.00118
      130/1    1.00357    5.45171    1.02202 +/- 0.00119
      131/1    1.03356    5.45716    1.02218 +/- 0.00119
      132/1    1.02545    5.46367    1.02222 +/- 0.00117
      133/1    1.02651    5.46028    1.02228 +/- 0.00116
      134/1    1.01232    5.44761    1.02215 +/- 0.00115
      135/1    1.02839    5.44268    1.02223 +/- 0.00114
      136/1    1.02430    5.44505    1.02226 +/- 0.00112
      137/1    1.00578    5.44092    1.02204 +/- 0.00113
      138/1    1.01684    5.43821    1.02198 +/- 0.00112
      139/1    1.02799    5.44200    1.02205 +/- 0.00111
      140/1    1.03221    5.44226    1.02218 +/- 0.00110
      141/1    1.02300    5.44537    1.02219 +/- 0.00108
      142/1    1.03455    5.44892    1.02234 +/- 0.00108
      143/1    1.02209    5.43659    1.02234 +/- 0.00107
      144/1    1.01800    5.45499    1.02229 +/- 0.00106
      145/1    1.03134    5.45556    1.02239 +/- 0.00105
      146/1    1.02509    5.44968    1.02242 +/- 0.00104
      147/1    0.99893    5.44731    1.02215 +/- 0.00106
      148/1    1.02314    5.44907    1.02217 +/- 0.00105
      149/1    1.01593    5.45198    1.02210 +/- 0.00104
      150/1    1.00647    5.44550    1.02192 +/- 0.00104
      151/1    1.03411    5.44235    1.02206 +/- 0.00104
      152/1    1.02835    5.44206    1.02212 +/- 0.00103
      153/1    1.00843    5.45016    1.02198 +/- 0.00103
      154/1    1.01733    5.45089    1.02193 +/- 0.00102
      155/1    1.01488    5.45518    1.02185 +/- 0.00101
      156/1    1.02224    5.44940    1.02186 +/- 0.00100
      157/1    1.02201    5.45536    1.02186 +/- 0.00099
      158/1    1.02594    5.46723    1.02190 +/- 0.00098
      159/1    1.02233    5.45848    1.02191 +/- 0.00097
      160/1    1.02319    5.45182    1.02192 +/- 0.00096
 Creating state point statepoint.160.h5...

 =======================>     TIMING STATISTICS     <=======================

 Total time for initialization     = 5.1327e+01 seconds
   Reading cross sections          = 7.6447e+00 seconds
 Total time in simulation          = 3.3813e+02 seconds
   Time in transport only          = 3.3684e+02 seconds
   Time in inactive batches        = 9.6731e+00 seconds
   Time in active batches          = 3.2845e+02 seconds
   Time synchronizing fission bank = 2.6905e-01 seconds
     Sampling source sites         = 2.3505e-01 seconds
     SEND/RECV source sites        = 3.3243e-02 seconds
   Time accumulating tallies       = 7.4838e-01 seconds
   Time writing statepoints        = 1.2543e-02 seconds
 Total time for finalization       = 1.0134e-02 seconds
 Total time elapsed                = 3.8991e+02 seconds
 Calculation Rate (inactive)       = 124056 particles/second
 Calculation Rate (active)         = 6089.13 particles/second

 ============================>     RESULTS     <============================

 k-effective (Collision)     = 1.02198 +/- 0.00085
 k-effective (Track-length)  = 1.02192 +/- 0.00096
 k-effective (Absorption)    = 1.02292 +/- 0.00066
 Combined k-effective        = 1.02259 +/- 0.00058
 Leakage Fraction            = 0.00684 +/- 0.00006

 Creating state point openmc_simulation_n0.h5...
[openmc.deplete] t=0.0 s, dt=4327203.051553669 s, source=47715611.008249946
 Maximum neutron transport energy: 20000000 eV for H1
 Initializing source particles...

 ====================>     K EIGENVALUE SIMULATION     <====================

  Bat./Gen.      k       Entropy         Average k 
  =========   ========   ========   ====================
        1/1    0.95441    5.54578
        2/1    0.98681    5.51698
        3/1    0.98907    5.50027
        4/1    0.99971    5.49095
        5/1    0.98746    5.49759
        6/1    0.99140    5.47900
        7/1    0.99399    5.46684
        8/1    0.99526    5.47663
        9/1    1.01373    5.46337
       10/1    0.98734    5.46073
       11/1    0.99478    5.45310
       12/1    0.99426    5.45530
       13/1    0.98740    5.46579
       14/1    0.98499    5.45088
       15/1    0.99844    5.46112
       16/1    1.00652    5.45034
       17/1    0.99318    5.44731
       18/1    0.99375    5.46046
       19/1    0.98994    5.45783
       20/1    1.00710    5.46643
       21/1    0.99849    5.46025
       22/1    1.00537    5.44584
       23/1    1.00018    5.45412
       24/1    0.98833    5.45149
       25/1    1.01491    5.45198
       26/1    1.00563    5.44931
       27/1    1.00741    5.46326
       28/1    1.02565    5.46082
       29/1    1.01229    5.46117
       30/1    1.02064    5.44609
       31/1    1.00388    5.43505
       32/1    1.00589    5.43523
       33/1    0.98470    5.44595
       34/1    1.01552    5.44105
       35/1    1.01209    5.45457
       36/1    0.99647    5.45687
       37/1    1.00172    5.45908
       38/1    0.99201    5.45286
       39/1    0.98186    5.45599
       40/1    1.01561    5.46778
       41/1    1.00110    5.44679
       42/1    0.99119    5.45380
       43/1    0.99858    5.45894
       44/1    1.00978    5.46533
       45/1    1.00452    5.46738
       46/1    0.99199    5.46804
       47/1    1.00014    5.46563
       48/1    0.99533    5.46283
       49/1    0.99359    5.47027
       50/1    1.00397    5.46611
       51/1    1.01960    5.46403
       52/1    1.00054    5.44699
       53/1    1.00493    5.46959
       54/1    0.98956    5.45756
       55/1    1.00519    5.45217
       56/1    1.00229    5.46555
       57/1    0.99889    5.46271
       58/1    1.01080    5.44033
       59/1    1.01355    5.45143
       60/1    1.00299    5.44303
       61/1    0.99136    5.44854
       62/1    1.01098    5.44465    1.00117 +/- 0.00981
       63/1    1.00102    5.45138    1.00112 +/- 0.00566
       64/1    0.99511    5.44034    0.99962 +/- 0.00428
       65/1    1.01211    5.45296    1.00212 +/- 0.00415
       66/1    0.99995    5.44008    1.00176 +/- 0.00341
       67/1    0.99439    5.45576    1.00071 +/- 0.00307
       68/1    1.01195    5.45777    1.00211 +/- 0.00300
       69/1    1.01120    5.45836    1.00312 +/- 0.00284
       70/1    0.99388    5.46184    1.00220 +/- 0.00270
       71/1    0.99458    5.45841    1.00150 +/- 0.00254
       72/1    1.00838    5.45040    1.00208 +/- 0.00239
       73/1    0.99911    5.44237    1.00185 +/- 0.00221
       74/1    1.01969    5.44593    1.00312 +/- 0.00241
       75/1    0.99780    5.45020    1.00277 +/- 0.00227
       76/1    0.98957    5.43514    1.00194 +/- 0.00228
       77/1    0.99829    5.43816    1.00173 +/- 0.00215
       78/1    0.99635    5.43735    1.00143 +/- 0.00205
       79/1    1.00819    5.46136    1.00179 +/- 0.00197
       80/1    1.01350    5.46278    1.00237 +/- 0.00196
       81/1    1.00181    5.46653    1.00234 +/- 0.00186
       82/1    1.00788    5.46651    1.00260 +/- 0.00179
       83/1    0.99737    5.45902    1.00237 +/- 0.00173
       84/1    1.01769    5.45234    1.00301 +/- 0.00178
       85/1    0.98929    5.45749    1.00246 +/- 0.00179
       86/1    0.99837    5.47226    1.00230 +/- 0.00173
       87/1    0.99729    5.46130    1.00212 +/- 0.00167
       88/1    1.00280    5.46604    1.00214 +/- 0.00161
       89/1    1.00391    5.45652    1.00220 +/- 0.00156
       90/1    0.99188    5.47057    1.00186 +/- 0.00154
       91/1    1.00046    5.44694    1.00181 +/- 0.00149
       92/1    0.99480    5.45604    1.00159 +/- 0.00146
       93/1    0.99408    5.46915    1.00137 +/- 0.00143
       94/1    1.00385    5.45066    1.00144 +/- 0.00139
       95/1    1.01038    5.45954    1.00169 +/- 0.00138
       96/1    1.00621    5.45396    1.00182 +/- 0.00134
       97/1    1.01140    5.46449    1.00208 +/- 0.00133
       98/1    1.01281    5.45585    1.00236 +/- 0.00133
       99/1    0.99684    5.44754    1.00222 +/- 0.00130
      100/1    0.99956    5.44323    1.00215 +/- 0.00127
      101/1    1.00223    5.43166    1.00215 +/- 0.00124
      102/1    1.00598    5.43480    1.00225 +/- 0.00121
      103/1    0.99462    5.45204    1.00207 +/- 0.00120
      104/1    1.01248    5.44764    1.00231 +/- 0.00119
      105/1    1.00954    5.45729    1.00247 +/- 0.00118
      106/1    1.00552    5.45642    1.00253 +/- 0.00115
      107/1    1.00054    5.44392    1.00249 +/- 0.00113
      108/1    1.00670    5.45326    1.00258 +/- 0.00111
      109/1    0.99263    5.45192    1.00237 +/- 0.00110
      110/1    1.01436    5.45929    1.00261 +/- 0.00111
      111/1    0.98971    5.44956    1.00236 +/- 0.00112
      112/1    0.99388    5.44841    1.00220 +/- 0.00111
      113/1    1.01293    5.45784    1.00240 +/- 0.00110
      114/1    1.00183    5.45739    1.00239 +/- 0.00108
      115/1    1.01101    5.42828    1.00255 +/- 0.00107
      116/1    0.99675    5.43924    1.00244 +/- 0.00106
      117/1    1.00992    5.44374    1.00257 +/- 0.00105
      118/1    1.00004    5.43451    1.00253 +/- 0.00103
      119/1    1.00685    5.43999    1.00260 +/- 0.00102
      120/1    1.01626    5.44954    1.00283 +/- 0.00103
      121/1    0.99437    5.43430    1.00269 +/- 0.00102
      122/1    0.99279    5.44217    1.00253 +/- 0.00101
      123/1    0.99573    5.45708    1.00243 +/- 0.00100
      124/1    1.01023    5.44501    1.00255 +/- 0.00100
      125/1    1.01890    5.45836    1.00280 +/- 0.00101
      126/1    0.99252    5.47509    1.00264 +/- 0.00101
      127/1    0.99080    5.45659    1.00247 +/- 0.00101
      128/1    0.98960    5.46415    1.00228 +/- 0.00101
      129/1    1.00026    5.45410    1.00225 +/- 0.00100
      130/1    1.00768    5.46964    1.00233 +/- 0.00099
      131/1    1.01044    5.47144    1.00244 +/- 0.00098
      132/1    1.00033    5.45768    1.00241 +/- 0.00097
      133/1    0.98654    5.45510    1.00219 +/- 0.00098
      134/1    0.99392    5.45791    1.00208 +/- 0.00097
      135/1    1.00249    5.46481    1.00209 +/- 0.00096
      136/1    0.99528    5.45642    1.00200 +/- 0.00095
      137/1    1.01265    5.47169    1.00214 +/- 0.00095
      138/1    1.00281    5.47868    1.00214 +/- 0.00093
      139/1    1.00782    5.46247    1.00222 +/- 0.00093
      140/1    0.99366    5.47087    1.00211 +/- 0.00092
      141/1    1.00296    5.47667    1.00212 +/- 0.00091
      142/1    0.99551    5.47783    1.00204 +/- 0.00090
      143/1    1.00736    5.47792    1.00210 +/- 0.00089
      144/1    0.99751    5.46574    1.00205 +/- 0.00088
      145/1    1.00379    5.44007    1.00207 +/- 0.00087
      146/1    0.99782    5.47308    1.00202 +/- 0.00086
      147/1    1.00940    5.46385    1.00210 +/- 0.00086
      148/1    0.99556    5.46055    1.00203 +/- 0.00085
      149/1    1.00070    5.44634    1.00202 +/- 0.00084
      150/1    0.99377    5.45135    1.00192 +/- 0.00084
      151/1    1.00624    5.44947    1.00197 +/- 0.00083
      152/1    1.01047    5.44751    1.00206 +/- 0.00083
      153/1    0.99336    5.45533    1.00197 +/- 0.00082
      154/1    1.00728    5.44702    1.00203 +/- 0.00082
      155/1    1.01460    5.45670    1.00216 +/- 0.00082
      156/1    0.99888    5.45273    1.00212 +/- 0.00081
      157/1    1.01402    5.46233    1.00225 +/- 0.00081
      158/1    0.99376    5.46303    1.00216 +/- 0.00081
      159/1    0.99190    5.45672    1.00206 +/- 0.00081
      160/1    0.99541    5.44456    1.00199 +/- 0.00080
 Creating state point statepoint.160.h5...

 =======================>     TIMING STATISTICS     <=======================

 Total time for initialization     = 0.0000e+00 seconds
   Reading cross sections          = 0.0000e+00 seconds
 Total time in simulation          = 4.1559e+02 seconds
   Time in transport only          = 4.1426e+02 seconds
   Time in inactive batches        = 1.1039e+02 seconds
   Time in active batches          = 3.0520e+02 seconds
   Time synchronizing fission bank = 3.0366e-01 seconds
     Sampling source sites         = 2.5782e-01 seconds
     SEND/RECV source sites        = 4.4978e-02 seconds
   Time accumulating tallies       = 7.1864e-01 seconds
   Time writing statepoints        = 1.2987e-02 seconds
 Total time for finalization       = 1.0627e-02 seconds
 Total time elapsed                = 4.1607e+02 seconds
 Calculation Rate (inactive)       = 10870.5 particles/second
 Calculation Rate (active)         = 6553.13 particles/second

 ============================>     RESULTS     <============================

 k-effective (Collision)     = 1.00199 +/- 0.00071
 k-effective (Track-length)  = 1.00199 +/- 0.00080
 k-effective (Absorption)    = 1.00260 +/- 0.00070
 Combined k-effective        = 1.00230 +/- 0.00056
 Leakage Fraction            = 0.00707 +/- 0.00006

 Creating state point openmc_simulation_n1.h5...
[openmc.deplete] t=4327203.051553669 s, dt=8654406.103107339 s, source=47715611.008249946
 Maximum neutron transport energy: 20000000 eV for H1
 Initializing source particles...

 ====================>     K EIGENVALUE SIMULATION     <====================

  Bat./Gen.      k       Entropy         Average k 
  =========   ========   ========   ====================
        1/1    0.96737    5.56146
        2/1    0.98272    5.52129
        3/1    0.97267    5.51639
        4/1    0.98751    5.49389
        5/1    0.98197    5.48667
        6/1    0.99323    5.48154
        7/1    1.00954    5.46032
        8/1    0.99575    5.46193
        9/1    1.00290    5.47475
       10/1    0.98735    5.47142
       11/1    0.98248    5.46514
       12/1    1.00013    5.45198
       13/1    0.99490    5.44634
       14/1    1.01580    5.45083
       15/1    1.00471    5.45728
       16/1    1.00892    5.46405
       17/1    0.99262    5.45055
       18/1    0.99010    5.46468
       19/1    0.99447    5.46859
       20/1    0.99323    5.44944
       21/1    0.99646    5.44761
       22/1    1.00286    5.44869
       23/1    0.99271    5.45486
       24/1    1.00759    5.45554
       25/1    1.01139    5.44892
       26/1    1.00591    5.45364
       27/1    1.00627    5.44876
       28/1    1.00527    5.45005
       29/1    1.00854    5.44374
       30/1    1.00854    5.44969
       31/1    1.01690    5.44694
       32/1    1.01590    5.45960
       33/1    1.01255    5.44182
       34/1    0.99552    5.44065
       35/1    0.98935    5.45096
       36/1    0.99127    5.44382
       37/1    1.00790    5.44917
       38/1    1.01374    5.43625
       39/1    1.00871    5.43774
       40/1    1.00691    5.44160
       41/1    1.01941    5.43677
       42/1    1.00969    5.44885
       43/1    1.00777    5.44601
       44/1    1.01637    5.44993
       45/1    0.98954    5.44657
       46/1    1.00277    5.44436
       47/1    1.01862    5.43179
       48/1    1.00564    5.45111
       49/1    0.98465    5.44155
       50/1    1.00202    5.44154
       51/1    1.00308    5.43999
       52/1    1.01960    5.45081
       53/1    1.01148    5.43959
       54/1    0.98688    5.44053
       55/1    1.00053    5.45315
       56/1    1.00821    5.45390
       57/1    1.00725    5.45176
       58/1    1.01335    5.43828
       59/1    1.00153    5.45079
       60/1    0.99831    5.44981
       61/1    1.00475    5.45354
       62/1    1.00189    5.45590    1.00332 +/- 0.00143
       63/1    1.01532    5.46506    1.00732 +/- 0.00408
       64/1    1.00064    5.45822    1.00565 +/- 0.00334
       65/1    1.00497    5.45605    1.00551 +/- 0.00259
       66/1    0.99490    5.45058    1.00374 +/- 0.00276
       67/1    1.01084    5.45614    1.00476 +/- 0.00254
       68/1    1.00876    5.45101    1.00526 +/- 0.00226
       69/1    0.99690    5.45351    1.00433 +/- 0.00220
       70/1    1.00040    5.46145    1.00394 +/- 0.00200
       71/1    1.00210    5.47274    1.00377 +/- 0.00182
       72/1    1.00499    5.46091    1.00387 +/- 0.00166
       73/1    1.00378    5.45489    1.00386 +/- 0.00153
       74/1    1.00519    5.42580    1.00396 +/- 0.00142
       75/1    1.00570    5.43514    1.00407 +/- 0.00133
       76/1    1.00945    5.45307    1.00441 +/- 0.00129
       77/1    1.02919    5.45803    1.00587 +/- 0.00189
       78/1    0.99935    5.45092    1.00551 +/- 0.00182
       79/1    1.00631    5.44923    1.00555 +/- 0.00172
       80/1    0.99288    5.43708    1.00491 +/- 0.00175
       81/1    1.00053    5.44335    1.00471 +/- 0.00168
       82/1    1.00415    5.43140    1.00468 +/- 0.00160
       83/1    1.00695    5.43632    1.00478 +/- 0.00153
       84/1    1.01317    5.44733    1.00513 +/- 0.00151
       85/1    1.00610    5.43803    1.00517 +/- 0.00145
       86/1    1.00386    5.43970    1.00512 +/- 0.00139
       87/1    1.00775    5.42728    1.00522 +/- 0.00134
       88/1    1.01052    5.43483    1.00540 +/- 0.00131
       89/1    1.02098    5.44851    1.00594 +/- 0.00137
       90/1    1.00941    5.44991    1.00606 +/- 0.00133
       91/1    1.02095    5.44919    1.00654 +/- 0.00137
       92/1    1.00580    5.45139    1.00651 +/- 0.00133
       93/1    1.01585    5.45244    1.00680 +/- 0.00132
       94/1    0.99076    5.43670    1.00633 +/- 0.00137
       95/1    0.99928    5.43417    1.00612 +/- 0.00134
       96/1    1.00475    5.43527    1.00609 +/- 0.00130
       97/1    0.99592    5.44131    1.00581 +/- 0.00130
       98/1    1.01665    5.45185    1.00610 +/- 0.00129
       99/1    0.99279    5.44056    1.00576 +/- 0.00131
      100/1    1.00081    5.46554    1.00563 +/- 0.00128
      101/1    0.99058    5.45926    1.00526 +/- 0.00130
      102/1    0.99694    5.46502    1.00507 +/- 0.00128
      103/1    0.99672    5.46419    1.00487 +/- 0.00127
      104/1    0.98845    5.44249    1.00450 +/- 0.00129
      105/1    1.01886    5.46055    1.00482 +/- 0.00131
      106/1    0.98135    5.46061    1.00431 +/- 0.00137
      107/1    1.00309    5.45988    1.00428 +/- 0.00135
      108/1    0.99333    5.44765    1.00405 +/- 0.00134
      109/1    0.99691    5.45106    1.00391 +/- 0.00132
      110/1    0.99489    5.46109    1.00373 +/- 0.00130
      111/1    0.99895    5.45398    1.00363 +/- 0.00128
      112/1    1.01357    5.45073    1.00383 +/- 0.00127
      113/1    1.00453    5.44531    1.00384 +/- 0.00125
      114/1    1.00332    5.44363    1.00383 +/- 0.00122
      115/1    1.00276    5.45325    1.00381 +/- 0.00120
      116/1    0.99319    5.44445    1.00362 +/- 0.00119
      117/1    1.01495    5.43816    1.00382 +/- 0.00119
      118/1    1.01652    5.45165    1.00404 +/- 0.00119
      119/1    1.00805    5.44298    1.00411 +/- 0.00117
      120/1    0.99918    5.44450    1.00402 +/- 0.00115
      121/1    0.98800    5.44600    1.00376 +/- 0.00117
      122/1    0.99134    5.44592    1.00356 +/- 0.00116
      123/1    1.00056    5.45187    1.00351 +/- 0.00115
      124/1    0.99068    5.45323    1.00331 +/- 0.00115
      125/1    1.01071    5.44752    1.00343 +/- 0.00113
      126/1    1.01644    5.46243    1.00362 +/- 0.00113
      127/1    1.00955    5.45377    1.00371 +/- 0.00112
      128/1    0.99732    5.43059    1.00362 +/- 0.00111
      129/1    0.98615    5.44195    1.00336 +/- 0.00112
      130/1    1.02345    5.44438    1.00365 +/- 0.00114
      131/1    1.00610    5.44511    1.00369 +/- 0.00113
      132/1    1.01365    5.42536    1.00382 +/- 0.00112
      133/1    1.02636    5.44918    1.00413 +/- 0.00115
      134/1    1.00866    5.44708    1.00419 +/- 0.00113
      135/1    1.00103    5.45079    1.00415 +/- 0.00112
      136/1    1.01185    5.44630    1.00425 +/- 0.00111
      137/1    0.99940    5.45486    1.00419 +/- 0.00109
      138/1    0.99457    5.45615    1.00407 +/- 0.00109
      139/1    0.99389    5.44055    1.00394 +/- 0.00108
      140/1    0.99076    5.45573    1.00377 +/- 0.00108
      141/1    0.99911    5.46332    1.00372 +/- 0.00107
      142/1    1.00507    5.45494    1.00373 +/- 0.00105
      143/1    1.00532    5.45662    1.00375 +/- 0.00104
      144/1    0.99821    5.46107    1.00369 +/- 0.00103
      145/1    1.00381    5.46875    1.00369 +/- 0.00102
      146/1    0.99181    5.46931    1.00355 +/- 0.00102
      147/1    1.00980    5.45611    1.00362 +/- 0.00101
      148/1    1.00932    5.46478    1.00369 +/- 0.00100
      149/1    1.01180    5.44511    1.00378 +/- 0.00099
      150/1    1.01702    5.45447    1.00392 +/- 0.00099
      151/1    1.00508    5.46110    1.00394 +/- 0.00098
      152/1    0.99012    5.45520    1.00379 +/- 0.00098
      153/1    1.00054    5.43666    1.00375 +/- 0.00097
      154/1    1.00151    5.44418    1.00373 +/- 0.00096
      155/1    1.00488    5.44994    1.00374 +/- 0.00095
      156/1    1.02371    5.44724    1.00395 +/- 0.00096
      157/1    0.99286    5.45419    1.00383 +/- 0.00096
      158/1    0.99149    5.46041    1.00371 +/- 0.00096
      159/1    1.00277    5.45612    1.00370 +/- 0.00095
      160/1    1.00377    5.44192    1.00370 +/- 0.00094
 Creating state point statepoint.160.h5...

 =======================>     TIMING STATISTICS     <=======================

 Total time for initialization     = 0.0000e+00 seconds
   Reading cross sections          = 0.0000e+00 seconds
 Total time in simulation          = 3.6125e+02 seconds
   Time in transport only          = 3.6003e+02 seconds
   Time in inactive batches        = 1.0508e+02 seconds
   Time in active batches          = 2.5617e+02 seconds
   Time synchronizing fission bank = 2.8196e-01 seconds
     Sampling source sites         = 2.4151e-01 seconds
     SEND/RECV source sites        = 3.9657e-02 seconds
   Time accumulating tallies       = 6.4309e-01 seconds
   Time writing statepoints        = 1.8689e-02 seconds
 Total time for finalization       = 1.2421e-02 seconds
 Total time elapsed                = 3.6174e+02 seconds
 Calculation Rate (inactive)       = 11420.3 particles/second
 Calculation Rate (active)         = 7807.35 particles/second

 ============================>     RESULTS     <============================

 k-effective (Collision)     = 1.00361 +/- 0.00087
 k-effective (Track-length)  = 1.00370 +/- 0.00094
 k-effective (Absorption)    = 1.00340 +/- 0.00077
 Combined k-effective        = 1.00351 +/- 0.00067
 Leakage Fraction            = 0.00682 +/- 0.00006

 Creating state point openmc_simulation_n2.h5...
[openmc.deplete] t=12981609.154661007 s, dt=17308812.206214678 s, source=47715611.008249946
 Maximum neutron transport energy: 20000000 eV for H1
 Initializing source particles...

 ====================>     K EIGENVALUE SIMULATION     <====================

  Bat./Gen.      k       Entropy         Average k 
  =========   ========   ========   ====================
        1/1    0.93837    5.54734
        2/1    0.96895    5.52905
        3/1    0.96878    5.50740
        4/1    0.97319    5.47091
        5/1    0.98110    5.46992
        6/1    0.98877    5.46939
        7/1    1.00197    5.48285
        8/1    0.98821    5.47011
        9/1    0.99864    5.46717
       10/1    0.99780    5.45391
       11/1    0.98640    5.45733
       12/1    1.00563    5.45738
       13/1    0.99960    5.43822
       14/1    1.00911    5.45345
       15/1    1.00231    5.44052
       16/1    1.00176    5.43349
       17/1    1.00871    5.42688
       18/1    1.00225    5.44463
       19/1    0.99606    5.43939
       20/1    1.01070    5.43260
       21/1    0.99723    5.44601
       22/1    0.99877    5.43906
       23/1    0.99859    5.43305
       24/1    1.00971    5.44318
       25/1    0.99785    5.44701
       26/1    1.00623    5.45453
       27/1    0.99370    5.44947
       28/1    0.99999    5.44224
       29/1    1.01653    5.45202
       30/1    1.00500    5.44720
       31/1    1.00499    5.45747
       32/1    0.99643    5.44660
       33/1    1.00332    5.44500
       34/1    1.00081    5.44849
       35/1    1.01419    5.44646
       36/1    1.01095    5.45786
       37/1    0.99980    5.46452
       38/1    1.01003    5.47355
       39/1    0.99605    5.46586
       40/1    1.01164    5.45862
       41/1    0.98960    5.45457
       42/1    1.01321    5.45791
       43/1    1.00072    5.45246
       44/1    1.00831    5.45718
       45/1    1.00773    5.44264
       46/1    0.99582    5.43865
       47/1    1.00079    5.42577
       48/1    0.99352    5.43506
       49/1    0.99633    5.44172
       50/1    1.00899    5.43996
       51/1    1.00212    5.43652
       52/1    1.01151    5.43071
       53/1    0.98724    5.42818
       54/1    1.01883    5.44032
       55/1    1.00378    5.43553
       56/1    0.99174    5.43685
       57/1    1.01933    5.43845
       58/1    1.00968    5.44475
       59/1    0.99820    5.43113
       60/1    1.00932    5.43408
       61/1    1.01236    5.43937
       62/1    0.99259    5.43769    1.00247 +/- 0.00989
       63/1    0.98786    5.44114    0.99760 +/- 0.00750
       64/1    1.01165    5.42371    1.00111 +/- 0.00636
       65/1    1.01498    5.42697    1.00389 +/- 0.00566
       66/1    1.00285    5.42600    1.00371 +/- 0.00462
       67/1    0.98857    5.44149    1.00155 +/- 0.00446
       68/1    1.00447    5.44462    1.00191 +/- 0.00388
       69/1    1.01197    5.42974    1.00303 +/- 0.00360
       70/1    1.00686    5.43878    1.00341 +/- 0.00324
       71/1    0.99683    5.43263    1.00282 +/- 0.00300
       72/1    0.99279    5.43499    1.00198 +/- 0.00286
       73/1    1.00600    5.45138    1.00229 +/- 0.00265
       74/1    1.00295    5.44054    1.00234 +/- 0.00245
       75/1    0.99719    5.43751    1.00199 +/- 0.00231
       76/1    1.00635    5.44083    1.00227 +/- 0.00218
       77/1    0.99551    5.44428    1.00187 +/- 0.00208
       78/1    1.02019    5.45591    1.00289 +/- 0.00221
       79/1    0.99435    5.44471    1.00244 +/- 0.00214
       80/1    1.02155    5.45645    1.00339 +/- 0.00224
       81/1    1.01420    5.45310    1.00391 +/- 0.00220
       82/1    1.01316    5.44800    1.00433 +/- 0.00213
       83/1    1.01107    5.44967    1.00462 +/- 0.00206
       84/1    0.99387    5.44932    1.00417 +/- 0.00202
       85/1    1.00202    5.45016    1.00409 +/- 0.00194
       86/1    1.00868    5.45485    1.00426 +/- 0.00187
       87/1    1.00704    5.45710    1.00437 +/- 0.00181
       88/1    1.00897    5.45671    1.00453 +/- 0.00175
       89/1    0.98608    5.45642    1.00389 +/- 0.00180
       90/1    1.00849    5.46236    1.00405 +/- 0.00175
       91/1    1.00084    5.45635    1.00394 +/- 0.00169
       92/1    1.01428    5.46195    1.00427 +/- 0.00167
       93/1    1.00476    5.45390    1.00428 +/- 0.00162
       94/1    1.00180    5.46003    1.00421 +/- 0.00157
       95/1    1.00876    5.44784    1.00434 +/- 0.00153
       96/1    1.00405    5.44942    1.00433 +/- 0.00149
       97/1    0.99971    5.46071    1.00421 +/- 0.00146
       98/1    1.01918    5.46586    1.00460 +/- 0.00147
       99/1    1.00103    5.45658    1.00451 +/- 0.00144
      100/1    0.98845    5.44821    1.00411 +/- 0.00146
      101/1    1.01231    5.44641    1.00431 +/- 0.00143
      102/1    0.99986    5.42886    1.00420 +/- 0.00140
      103/1    0.99106    5.43853    1.00390 +/- 0.00140
      104/1    0.99941    5.43654    1.00379 +/- 0.00138
      105/1    1.01403    5.43928    1.00402 +/- 0.00136
      106/1    1.01347    5.44295    1.00423 +/- 0.00135
      107/1    1.00612    5.43797    1.00427 +/- 0.00132
      108/1    1.00011    5.42181    1.00418 +/- 0.00130
      109/1    0.99816    5.44151    1.00406 +/- 0.00127
      110/1    0.99389    5.44636    1.00385 +/- 0.00127
      111/1    1.00119    5.42948    1.00380 +/- 0.00124
      112/1    1.01403    5.42347    1.00400 +/- 0.00123
      113/1    1.01594    5.42205    1.00422 +/- 0.00123
      114/1    1.01251    5.42635    1.00438 +/- 0.00122
      115/1    1.00150    5.44019    1.00433 +/- 0.00120
      116/1    1.00573    5.43433    1.00435 +/- 0.00117
      117/1    1.00812    5.44874    1.00442 +/- 0.00116
      118/1    0.99748    5.43790    1.00430 +/- 0.00114
      119/1    1.01244    5.43539    1.00444 +/- 0.00113
      120/1    1.00057    5.44749    1.00437 +/- 0.00111
      121/1    1.01725    5.44323    1.00458 +/- 0.00112
      122/1    1.00630    5.44049    1.00461 +/- 0.00110
      123/1    1.00583    5.44058    1.00463 +/- 0.00108
      124/1    1.00885    5.43631    1.00469 +/- 0.00107
      125/1    1.01681    5.46343    1.00488 +/- 0.00107
      126/1    1.00296    5.45285    1.00485 +/- 0.00105
      127/1    1.00471    5.45260    1.00485 +/- 0.00103
      128/1    0.99403    5.43889    1.00469 +/- 0.00103
      129/1    1.01267    5.43705    1.00481 +/- 0.00102
      130/1    0.99901    5.44108    1.00472 +/- 0.00101
      131/1    1.00696    5.43649    1.00476 +/- 0.00100
      132/1    0.99083    5.42831    1.00456 +/- 0.00100
      133/1    0.99773    5.42859    1.00447 +/- 0.00099
      134/1    1.00417    5.43227    1.00446 +/- 0.00098
      135/1    1.01448    5.44007    1.00460 +/- 0.00098
      136/1    0.99447    5.43499    1.00446 +/- 0.00097
      137/1    1.01254    5.44067    1.00457 +/- 0.00096
      138/1    1.00380    5.44994    1.00456 +/- 0.00095
      139/1    0.99665    5.44517    1.00446 +/- 0.00095
      140/1    1.01495    5.42781    1.00459 +/- 0.00094
      141/1    1.00481    5.43472    1.00459 +/- 0.00093
      142/1    0.99801    5.42777    1.00451 +/- 0.00092
      143/1    1.01062    5.42189    1.00459 +/- 0.00091
      144/1    1.00125    5.41256    1.00455 +/- 0.00090
      145/1    1.00878    5.42493    1.00460 +/- 0.00090
      146/1    1.02661    5.44287    1.00485 +/- 0.00092
      147/1    1.01177    5.43529    1.00493 +/- 0.00091
      148/1    1.01450    5.44635    1.00504 +/- 0.00091
      149/1    0.99672    5.44885    1.00495 +/- 0.00090
      150/1    1.00836    5.44063    1.00499 +/- 0.00090
      151/1    1.01237    5.43521    1.00507 +/- 0.00089
      152/1    1.00908    5.45286    1.00511 +/- 0.00088
      153/1    1.00688    5.45244    1.00513 +/- 0.00087
      154/1    1.00105    5.44212    1.00509 +/- 0.00086
      155/1    1.01513    5.44143    1.00519 +/- 0.00086
      156/1    1.00892    5.45067    1.00523 +/- 0.00085
      157/1    1.02296    5.43958    1.00541 +/- 0.00086
      158/1    0.99955    5.45364    1.00535 +/- 0.00086
      159/1    1.00600    5.43831    1.00536 +/- 0.00085
      160/1    1.00116    5.44335    1.00532 +/- 0.00084
 Creating state point statepoint.160.h5...

 =======================>     TIMING STATISTICS     <=======================

 Total time for initialization     = 0.0000e+00 seconds
   Reading cross sections          = 0.0000e+00 seconds
 Total time in simulation          = 3.5948e+02 seconds
   Time in transport only          = 3.5830e+02 seconds
   Time in inactive batches        = 1.0481e+02 seconds
   Time in active batches          = 2.5467e+02 seconds
   Time synchronizing fission bank = 2.9257e-01 seconds
     Sampling source sites         = 2.5953e-01 seconds
     SEND/RECV source sites        = 3.2416e-02 seconds
   Time accumulating tallies       = 5.9239e-01 seconds
   Time writing statepoints        = 1.8706e-02 seconds
 Total time for finalization       = 1.9251e-02 seconds
 Total time elapsed                = 3.5993e+02 seconds
 Calculation Rate (inactive)       = 11449.2 particles/second
 Calculation Rate (active)         = 7853.42 particles/second

 ============================>     RESULTS     <============================

 k-effective (Collision)     = 1.00642 +/- 0.00071
 k-effective (Track-length)  = 1.00532 +/- 0.00084
 k-effective (Absorption)    = 1.00709 +/- 0.00076
 Combined k-effective        = 1.00651 +/- 0.00062
 Leakage Fraction            = 0.00679 +/- 0.00007

 Creating state point openmc_simulation_n3.h5...
[openmc.deplete] t=30290421.360875685 s, dt=34617624.412429355 s, source=47715611.008249946
 Maximum neutron transport energy: 20000000 eV for H1
 Initializing source particles...

 ====================>     K EIGENVALUE SIMULATION     <====================

  Bat./Gen.      k       Entropy         Average k 
  =========   ========   ========   ====================
        1/1    0.95471    5.55322
        2/1    0.98115    5.51308
        3/1    0.99725    5.50071
        4/1    1.00420    5.48743
        5/1    0.99675    5.47895
        6/1    0.99407    5.46018
        7/1    1.00246    5.44917
        8/1    1.00464    5.43032
        9/1    1.01780    5.43729
       10/1    1.00504    5.44451
       11/1    1.01023    5.43089
       12/1    1.01762    5.43609
       13/1    1.00198    5.42808
       14/1    1.02169    5.42006
       15/1    1.00644    5.42073
       16/1    1.02753    5.42160
       17/1    0.99577    5.43096
       18/1    1.00164    5.42924
       19/1    1.00400    5.41544
       20/1    1.02846    5.43426
       21/1    1.00557    5.40570
       22/1    1.01555    5.43077
       23/1    0.99932    5.43727
       24/1    0.99887    5.43192
       25/1    1.00394    5.42998
       26/1    1.00545    5.44064
       27/1    1.02075    5.43202
       28/1    1.01708    5.43344
       29/1    1.00156    5.42184
       30/1    0.98052    5.42002
       31/1    1.01385    5.41740
       32/1    1.01648    5.42858
       33/1    1.00588    5.42880
       34/1    1.00722    5.42545
       35/1    1.00396    5.44108
       36/1    1.01249    5.42603
       37/1    1.01473    5.41500
       38/1    1.01024    5.42605
       39/1    1.00617    5.42573
       40/1    1.02924    5.42031
       41/1    1.01732    5.41445
       42/1    1.04415    5.40947
       43/1    1.02310    5.41519
       44/1    0.99656    5.42734
       45/1    1.02298    5.43068
       46/1    1.00832    5.41157
       47/1    1.01175    5.41712
       48/1    1.01115    5.42854
       49/1    1.01863    5.43562
       50/1    1.02393    5.42762
       51/1    1.00774    5.41955
       52/1    0.99541    5.43139
       53/1    1.01041    5.41840
       54/1    1.00782    5.42488
       55/1    1.01929    5.42136
       56/1    1.01783    5.42555
       57/1    1.02264    5.42558
       58/1    1.03226    5.41858
       59/1    1.00974    5.41241
       60/1    1.01763    5.40399
       61/1    1.01081    5.40949
       62/1    1.01563    5.41083    1.01322 +/- 0.00241
       63/1    1.02155    5.42128    1.01600 +/- 0.00310
       64/1    1.01807    5.43524    1.01651 +/- 0.00226
       65/1    1.01364    5.42533    1.01594 +/- 0.00184
       66/1    1.01527    5.42981    1.01583 +/- 0.00151
       67/1    1.01226    5.43089    1.01532 +/- 0.00137
       68/1    0.99999    5.42717    1.01340 +/- 0.00225
       69/1    1.00038    5.42034    1.01196 +/- 0.00246
       70/1    1.01606    5.42983    1.01237 +/- 0.00224
       71/1    1.00074    5.42015    1.01131 +/- 0.00228
       72/1    1.02151    5.41609    1.01216 +/- 0.00225
       73/1    1.01585    5.43348    1.01244 +/- 0.00209
       74/1    1.00294    5.42004    1.01176 +/- 0.00205
       75/1    1.00767    5.44171    1.01149 +/- 0.00193
       76/1    1.02405    5.43194    1.01228 +/- 0.00197
       77/1    1.01100    5.44207    1.01220 +/- 0.00185
       78/1    1.01117    5.43424    1.01214 +/- 0.00174
       79/1    1.00844    5.42222    1.01195 +/- 0.00166
       80/1    1.00857    5.42827    1.01178 +/- 0.00159
       81/1    1.02484    5.40945    1.01240 +/- 0.00163
       82/1    1.01962    5.42096    1.01273 +/- 0.00159
       83/1    1.01825    5.41727    1.01297 +/- 0.00154
       84/1    1.00887    5.42347    1.01280 +/- 0.00148
       85/1    1.00167    5.41760    1.01235 +/- 0.00149
       86/1    1.01916    5.41733    1.01262 +/- 0.00145
       87/1    1.02388    5.42653    1.01303 +/- 0.00146
       88/1    1.01959    5.42258    1.01327 +/- 0.00143
       89/1    1.02960    5.43764    1.01383 +/- 0.00149
       90/1    1.01016    5.42741    1.01371 +/- 0.00144
       91/1    1.01382    5.41350    1.01371 +/- 0.00140
       92/1    1.01662    5.41143    1.01380 +/- 0.00135
       93/1    1.02492    5.41354    1.01414 +/- 0.00135
       94/1    1.01360    5.41700    1.01412 +/- 0.00131
       95/1    1.01150    5.41484    1.01405 +/- 0.00128
       96/1    1.00547    5.41171    1.01381 +/- 0.00127
       97/1    1.01735    5.40996    1.01391 +/- 0.00123
       98/1    1.00860    5.42207    1.01377 +/- 0.00121
       99/1    1.01533    5.42938    1.01381 +/- 0.00118
      100/1    1.01576    5.43437    1.01386 +/- 0.00115
      101/1    1.02093    5.43556    1.01403 +/- 0.00113
      102/1    1.01225    5.42297    1.01399 +/- 0.00111
      103/1    1.01229    5.43768    1.01395 +/- 0.00108
      104/1    1.02817    5.43097    1.01427 +/- 0.00111
      105/1    1.00243    5.41383    1.01401 +/- 0.00111
      106/1    1.02903    5.42402    1.01433 +/- 0.00114
      107/1    1.02091    5.42216    1.01447 +/- 0.00112
      108/1    1.01656    5.43115    1.01452 +/- 0.00110
      109/1    1.01399    5.42883    1.01451 +/- 0.00108
      110/1    1.03032    5.43108    1.01482 +/- 0.00110
      111/1    1.00309    5.44013    1.01459 +/- 0.00110
      112/1    1.03437    5.43297    1.01497 +/- 0.00115
      113/1    1.00532    5.42986    1.01479 +/- 0.00114
      114/1    0.99998    5.42976    1.01452 +/- 0.00115
      115/1    0.99381    5.42774    1.01414 +/- 0.00119
      116/1    1.00815    5.43316    1.01403 +/- 0.00117
      117/1    1.01636    5.42914    1.01407 +/- 0.00115
      118/1    1.01457    5.42783    1.01408 +/- 0.00113
      119/1    1.01084    5.44618    1.01403 +/- 0.00112
      120/1    1.01064    5.44051    1.01397 +/- 0.00110
      121/1    1.00872    5.43218    1.01388 +/- 0.00108
      122/1    1.03237    5.43255    1.01418 +/- 0.00111
      123/1    1.00705    5.43271    1.01407 +/- 0.00110
      124/1    1.01614    5.42103    1.01410 +/- 0.00108
      125/1    1.02199    5.42263    1.01422 +/- 0.00107
      126/1    1.02223    5.44536    1.01434 +/- 0.00106
      127/1    1.01350    5.42158    1.01433 +/- 0.00104
      128/1    0.99756    5.41313    1.01409 +/- 0.00106
      129/1    1.01532    5.43852    1.01410 +/- 0.00104
      130/1    1.03345    5.43512    1.01438 +/- 0.00106
      131/1    1.03667    5.43550    1.01469 +/- 0.00109
      132/1    1.00835    5.43366    1.01461 +/- 0.00108
      133/1    1.01373    5.41276    1.01459 +/- 0.00107
      134/1    1.01550    5.42731    1.01461 +/- 0.00105
      135/1    1.00973    5.41147    1.01454 +/- 0.00104
      136/1    1.02542    5.41190    1.01468 +/- 0.00104
      137/1    1.01391    5.41436    1.01467 +/- 0.00102
      138/1    1.01227    5.41555    1.01464 +/- 0.00101
      139/1    1.01059    5.41224    1.01459 +/- 0.00100
      140/1    1.00771    5.41948    1.01451 +/- 0.00099
      141/1    1.01471    5.42102    1.01451 +/- 0.00098
      142/1    0.99121    5.40689    1.01422 +/- 0.00101
      143/1    1.00952    5.41309    1.01417 +/- 0.00100
      144/1    1.02298    5.40692    1.01427 +/- 0.00099
      145/1    1.02404    5.42253    1.01439 +/- 0.00099
      146/1    1.02463    5.41889    1.01451 +/- 0.00098
      147/1    1.02360    5.42409    1.01461 +/- 0.00098
      148/1    1.03789    5.42988    1.01488 +/- 0.00100
      149/1    1.01830    5.41848    1.01491 +/- 0.00099
      150/1    1.00551    5.41539    1.01481 +/- 0.00098
      151/1    1.01119    5.42890    1.01477 +/- 0.00097
      152/1    1.00388    5.44092    1.01465 +/- 0.00097
      153/1    1.00566    5.42692    1.01455 +/- 0.00096
      154/1    1.00668    5.41946    1.01447 +/- 0.00096
      155/1    1.00301    5.41711    1.01435 +/- 0.00096
      156/1    1.00219    5.43181    1.01422 +/- 0.00095
      157/1    0.99953    5.42186    1.01407 +/- 0.00096
      158/1    1.01605    5.42892    1.01409 +/- 0.00095
      159/1    1.00119    5.41862    1.01396 +/- 0.00095
      160/1    1.01026    5.41960    1.01392 +/- 0.00094
 Creating state point statepoint.160.h5...

 =======================>     TIMING STATISTICS     <=======================

 Total time for initialization     = 0.0000e+00 seconds
   Reading cross sections          = 0.0000e+00 seconds
 Total time in simulation          = 4.1294e+02 seconds
   Time in transport only          = 4.1165e+02 seconds
   Time in inactive batches        = 1.0339e+02 seconds
   Time in active batches          = 3.0954e+02 seconds
   Time synchronizing fission bank = 2.7194e-01 seconds
     Sampling source sites         = 2.3258e-01 seconds
     SEND/RECV source sites        = 3.8574e-02 seconds
   Time accumulating tallies       = 7.3610e-01 seconds
   Time writing statepoints        = 1.7104e-02 seconds
 Total time for finalization       = 1.9234e-02 seconds
 Total time elapsed                = 4.1344e+02 seconds
 Calculation Rate (inactive)       = 11606.1 particles/second
 Calculation Rate (active)         = 6461.1 particles/second

 ============================>     RESULTS     <============================

 k-effective (Collision)     = 1.01387 +/- 0.00080
 k-effective (Track-length)  = 1.01392 +/- 0.00094
 k-effective (Absorption)    = 1.01516 +/- 0.00064
 Combined k-effective        = 1.01479 +/- 0.00060
 Leakage Fraction            = 0.00654 +/- 0.00006

 Creating state point openmc_simulation_n4.h5...
[openmc.deplete] t=64908045.77330504 s, dt=51926436.61864404 s, source=47715611.008249946
 Maximum neutron transport energy: 20000000 eV for H1
 Initializing source particles...

 ====================>     K EIGENVALUE SIMULATION     <====================

  Bat./Gen.      k       Entropy         Average k 
  =========   ========   ========   ====================
        1/1    0.94796    5.53540
        2/1    0.97142    5.49513
        3/1    0.97954    5.48549
        4/1    0.98894    5.47000
        5/1    0.99258    5.47244
        6/1    1.00176    5.47632
        7/1    0.98730    5.46504
        8/1    0.99371    5.46965
        9/1    0.99825    5.47496
       10/1    0.98464    5.45933
       11/1    0.99207    5.45072
       12/1    1.00285    5.44223
       13/1    1.00813    5.44779
       14/1    0.98701    5.45597
       15/1    0.98195    5.43496
       16/1    0.99528    5.45872
       17/1    0.98952    5.46544
       18/1    0.97661    5.44226
       19/1    1.00038    5.44160
       20/1    1.01554    5.44634
       21/1    0.99648    5.44360
       22/1    0.99038    5.45266
       23/1    1.00151    5.44231
       24/1    1.00516    5.45963
       25/1    0.99321    5.44989
       26/1    1.00185    5.45780
       27/1    0.98632    5.46949
       28/1    1.00830    5.45375
       29/1    0.98365    5.45176
       30/1    0.99679    5.45611
       31/1    1.00861    5.46023
       32/1    0.96799    5.45217
       33/1    1.00342    5.44302
       34/1    0.99864    5.46001
       35/1    0.99175    5.44590
       36/1    1.01417    5.44836
       37/1    1.00072    5.45721
       38/1    1.00910    5.45725
       39/1    1.00120    5.44668
       40/1    0.99940    5.43838
       41/1    0.99128    5.44676
       42/1    0.98850    5.44341
       43/1    0.99614    5.44496
       44/1    0.98932    5.45207
       45/1    1.00162    5.46115
       46/1    0.98097    5.45498
       47/1    0.97947    5.45948
       48/1    0.98857    5.46795
       49/1    0.99473    5.44689
       50/1    0.99873    5.45722
       51/1    1.00610    5.46280
       52/1    0.99378    5.44757
       53/1    0.98837    5.44351
       54/1    0.99984    5.44633
       55/1    1.00963    5.44434
       56/1    0.98708    5.44357
       57/1    0.99129    5.44457
       58/1    0.99940    5.46663
       59/1    0.98283    5.46385
       60/1    1.00438    5.44499
       61/1    0.99540    5.44793
       62/1    0.99313    5.45098    0.99427 +/- 0.00113
       63/1    0.98664    5.45576    0.99173 +/- 0.00263
       64/1    0.99680    5.46142    0.99299 +/- 0.00225
       65/1    0.99855    5.46039    0.99411 +/- 0.00207
       66/1    0.98885    5.47010    0.99323 +/- 0.00190
       67/1    0.99612    5.47604    0.99364 +/- 0.00166
       68/1    1.00866    5.46361    0.99552 +/- 0.00236
       69/1    0.98106    5.47065    0.99391 +/- 0.00263
       70/1    0.99935    5.47358    0.99446 +/- 0.00242
       71/1    0.99094    5.45708    0.99414 +/- 0.00221
       72/1    1.00171    5.46698    0.99477 +/- 0.00211
       73/1    0.97952    5.47454    0.99360 +/- 0.00227
       74/1    0.99744    5.45342    0.99387 +/- 0.00212
       75/1    1.01301    5.44812    0.99515 +/- 0.00235
       76/1    0.99639    5.44702    0.99522 +/- 0.00220
       77/1    0.98782    5.44208    0.99479 +/- 0.00211
       78/1    0.99833    5.45322    0.99498 +/- 0.00200
       79/1    1.01168    5.44704    0.99586 +/- 0.00209
       80/1    0.99849    5.43705    0.99599 +/- 0.00198
       81/1    0.99499    5.43124    0.99595 +/- 0.00189
       82/1    0.99699    5.44279    0.99599 +/- 0.00180
       83/1    0.99995    5.42107    0.99617 +/- 0.00173
       84/1    0.99799    5.44009    0.99624 +/- 0.00166
       85/1    0.99411    5.43528    0.99616 +/- 0.00159
       86/1    0.99409    5.42882    0.99608 +/- 0.00153
       87/1    1.01706    5.43441    0.99685 +/- 0.00167
       88/1    1.01100    5.43194    0.99736 +/- 0.00168
       89/1    0.99752    5.44954    0.99737 +/- 0.00162
       90/1    0.99181    5.43732    0.99718 +/- 0.00158
       91/1    1.00326    5.43121    0.99738 +/- 0.00154
       92/1    1.00262    5.44515    0.99754 +/- 0.00150
       93/1    1.00901    5.45506    0.99789 +/- 0.00150
       94/1    1.01083    5.44375    0.99827 +/- 0.00150
       95/1    1.00130    5.44374    0.99836 +/- 0.00146
       96/1    1.01687    5.44654    0.99887 +/- 0.00151
       97/1    1.00039    5.44837    0.99891 +/- 0.00147
       98/1    0.98662    5.45286    0.99859 +/- 0.00146
       99/1    1.01778    5.44414    0.99908 +/- 0.00151
      100/1    0.98239    5.46439    0.99866 +/- 0.00153
      101/1    1.00918    5.45582    0.99892 +/- 0.00151
      102/1    1.00163    5.47178    0.99898 +/- 0.00148
      103/1    0.99785    5.45989    0.99896 +/- 0.00144
      104/1    1.01332    5.47549    0.99928 +/- 0.00145
      105/1    1.01384    5.46496    0.99961 +/- 0.00145
      106/1    0.99850    5.45613    0.99958 +/- 0.00142
      107/1    1.00771    5.45868    0.99976 +/- 0.00140
      108/1    0.99475    5.44857    0.99965 +/- 0.00137
      109/1    1.00020    5.46177    0.99966 +/- 0.00135
      110/1    0.99771    5.45696    0.99962 +/- 0.00132
      111/1    1.00131    5.45613    0.99966 +/- 0.00129
      112/1    1.00993    5.45819    0.99985 +/- 0.00128
      113/1    1.00054    5.45218    0.99987 +/- 0.00126
      114/1    1.00583    5.47477    0.99998 +/- 0.00124
      115/1    1.00856    5.47413    1.00013 +/- 0.00123
      116/1    1.00091    5.46771    1.00015 +/- 0.00121
      117/1    0.99603    5.45217    1.00007 +/- 0.00119
      118/1    1.00783    5.44338    1.00021 +/- 0.00117
      119/1    1.00043    5.46154    1.00021 +/- 0.00115
      120/1    1.00641    5.44519    1.00032 +/- 0.00114
      121/1    0.99980    5.43419    1.00031 +/- 0.00112
      122/1    1.01254    5.43327    1.00050 +/- 0.00112
      123/1    0.99629    5.43696    1.00044 +/- 0.00110
      124/1    1.00870    5.43385    1.00057 +/- 0.00109
      125/1    0.99111    5.43601    1.00042 +/- 0.00109
      126/1    0.99240    5.42115    1.00030 +/- 0.00108
      127/1    1.01709    5.43671    1.00055 +/- 0.00109
      128/1    1.00350    5.45062    1.00059 +/- 0.00107
      129/1    0.99126    5.44150    1.00046 +/- 0.00107
      130/1    0.99235    5.44557    1.00034 +/- 0.00106
      131/1    0.99409    5.43875    1.00025 +/- 0.00105
      132/1    0.97332    5.43756    0.99988 +/- 0.00110
      133/1    0.99723    5.45466    0.99984 +/- 0.00108
      134/1    0.99969    5.44869    0.99984 +/- 0.00107
      135/1    0.97828    5.44790    0.99955 +/- 0.00109
      136/1    0.99110    5.44288    0.99944 +/- 0.00108
      137/1    0.97877    5.44124    0.99917 +/- 0.00110
      138/1    0.99413    5.43045    0.99911 +/- 0.00109
      139/1    1.00352    5.43332    0.99917 +/- 0.00108
      140/1    0.99586    5.44241    0.99912 +/- 0.00107
      141/1    0.98933    5.43831    0.99900 +/- 0.00106
      142/1    1.00979    5.43399    0.99914 +/- 0.00105
      143/1    0.99821    5.43154    0.99912 +/- 0.00104
      144/1    0.99351    5.44835    0.99906 +/- 0.00103
      145/1    0.99223    5.45666    0.99898 +/- 0.00102
      146/1    0.99850    5.45134    0.99897 +/- 0.00101
      147/1    0.97623    5.44420    0.99871 +/- 0.00103
      148/1    1.01625    5.46122    0.99891 +/- 0.00104
      149/1    0.98407    5.43596    0.99874 +/- 0.00104
      150/1    1.00708    5.44468    0.99884 +/- 0.00103
      151/1    0.99158    5.45603    0.99876 +/- 0.00103
      152/1    0.99187    5.43789    0.99868 +/- 0.00102
      153/1    1.01831    5.47092    0.99889 +/- 0.00103
      154/1    0.99785    5.46671    0.99888 +/- 0.00102
      155/1    1.00610    5.46250    0.99896 +/- 0.00101
      156/1    1.02282    5.46320    0.99921 +/- 0.00103
      157/1    1.00025    5.45441    0.99922 +/- 0.00102
      158/1    1.00743    5.46522    0.99930 +/- 0.00101
      159/1    1.00258    5.45965    0.99933 +/- 0.00100
      160/1    1.00063    5.45444    0.99935 +/- 0.00099
 Creating state point statepoint.160.h5...

 =======================>     TIMING STATISTICS     <=======================

 Total time for initialization     = 0.0000e+00 seconds
   Reading cross sections          = 0.0000e+00 seconds
 Total time in simulation          = 3.5460e+02 seconds
   Time in transport only          = 3.5353e+02 seconds
   Time in inactive batches        = 1.0259e+02 seconds
   Time in active batches          = 2.5201e+02 seconds
   Time synchronizing fission bank = 2.8580e-01 seconds
     Sampling source sites         = 2.4922e-01 seconds
     SEND/RECV source sites        = 3.5942e-02 seconds
   Time accumulating tallies       = 4.9392e-01 seconds
   Time writing statepoints        = 1.8862e-02 seconds
 Total time for finalization       = 1.9128e-02 seconds
 Total time elapsed                = 3.5505e+02 seconds
 Calculation Rate (inactive)       = 11696.7 particles/second
 Calculation Rate (active)         = 7936.12 particles/second

 ============================>     RESULTS     <============================

 k-effective (Collision)     = 0.99895 +/- 0.00074
 k-effective (Track-length)  = 0.99935 +/- 0.00099
 k-effective (Absorption)    = 0.99792 +/- 0.00080
 Combined k-effective        = 0.99849 +/- 0.00066
 Leakage Fraction            = 0.00715 +/- 0.00006

 Creating state point openmc_simulation_n5.h5...
[openmc.deplete] t=116834482.39194909 (final operator evaluation)
      k(BOL) 1.02259 x ratio 0.94920 -> end of cycle at k = 0.97065
      state 0: B   0.00 MWd/kgHM  k 1.02259  (target)
      state 1: B   0.50 MWd/kgHM  k 1.00230
      state 2: B   1.50 MWd/kgHM  k 1.00351
      state 3: B   3.50 MWd/kgHM  k 1.00651
      state 4: B   7.50 MWd/kgHM  k 1.01479
      state 5: B  13.50 MWd/kgHM  k 0.99849
                                %%%%%%%%%%%%%%%
                           %%%%%%%%%%%%%%%%%%%%%%%%
                        %%%%%%%%%%%%%%%%%%%%%%%%%%%%%%
                      %%%%%%%%%%%%%%%%%%%%%%%%%%%%%%%%%%
                    %%%%%%%%%%%%%%%%%%%%%%%%%%%%%%%%%%%%%%
                   %%%%%%%%%%%%%%%%%%%%%%%%%%%%%%%%%%%%%%%%
                                    %%%%%%%%%%%%%%%%%%%%%%%%
                                     %%%%%%%%%%%%%%%%%%%%%%%%
                 ###############      %%%%%%%%%%%%%%%%%%%%%%%%
                ##################     %%%%%%%%%%%%%%%%%%%%%%%
                ###################     %%%%%%%%%%%%%%%%%%%%%%%
                ####################     %%%%%%%%%%%%%%%%%%%%%%
                #####################     %%%%%%%%%%%%%%%%%%%%%
                ######################     %%%%%%%%%%%%%%%%%%%%
                #######################     %%%%%%%%%%%%%%%%%%
                 #######################     %%%%%%%%%%%%%%%%%
                 ######################     %%%%%%%%%%%%%%%%%
                  ####################     %%%%%%%%%%%%%%%%%
                    #################     %%%%%%%%%%%%%%%%%
                     ###############     %%%%%%%%%%%%%%%%
                       ############     %%%%%%%%%%%%%%%
                          ########     %%%%%%%%%%%%%%
                                      %%%%%%%%%%%

                 | The OpenMC Monte Carlo Code
       Copyright | 2011-2025 MIT, UChicago Argonne LLC, and contributors
         License | https://docs.openmc.org/en/latest/license.html
         Version | 0.15.3
     Commit Hash | 27e38e894697bb32a1dac7848d2618818b6b8daf
       Date/Time | 2026-09-28 05:24:07
   MPI Processes | 1
  OpenMP Threads | 64

 Reading settings XML file...
 Reading cross sections XML file...
 Reading chain file: /home/diogo/openmc_data/chain_endfb71_pwr.xml...
 Reading materials XML file...
 Reading geometry XML file...
 Reading H1 from /home/diogo/openmc_data/endfb-vii.1-hdf5/neutron/H1.h5
 Reading H2 from /home/diogo/openmc_data/endfb-vii.1-hdf5/neutron/H2.h5
 Reading B10 from /home/diogo/openmc_data/endfb-vii.1-hdf5/neutron/B10.h5
 Reading B11 from /home/diogo/openmc_data/endfb-vii.1-hdf5/neutron/B11.h5
 Reading O16 from /home/diogo/openmc_data/endfb-vii.1-hdf5/neutron/O16.h5
 Reading O17 from /home/diogo/openmc_data/endfb-vii.1-hdf5/neutron/O17.h5
 Reading Cr50 from /home/diogo/openmc_data/endfb-vii.1-hdf5/neutron/Cr50.h5
 Reading Cr52 from /home/diogo/openmc_data/endfb-vii.1-hdf5/neutron/Cr52.h5
 Reading Cr53 from /home/diogo/openmc_data/endfb-vii.1-hdf5/neutron/Cr53.h5
 Reading Cr54 from /home/diogo/openmc_data/endfb-vii.1-hdf5/neutron/Cr54.h5
 Reading Mn55 from /home/diogo/openmc_data/endfb-vii.1-hdf5/neutron/Mn55.h5
 Reading Fe54 from /home/diogo/openmc_data/endfb-vii.1-hdf5/neutron/Fe54.h5
 Reading Fe56 from /home/diogo/openmc_data/endfb-vii.1-hdf5/neutron/Fe56.h5
 Reading Fe57 from /home/diogo/openmc_data/endfb-vii.1-hdf5/neutron/Fe57.h5
 Reading Fe58 from /home/diogo/openmc_data/endfb-vii.1-hdf5/neutron/Fe58.h5
 Reading Ni58 from /home/diogo/openmc_data/endfb-vii.1-hdf5/neutron/Ni58.h5
 Reading Ni60 from /home/diogo/openmc_data/endfb-vii.1-hdf5/neutron/Ni60.h5
 Reading Ni61 from /home/diogo/openmc_data/endfb-vii.1-hdf5/neutron/Ni61.h5
 Reading Ni62 from /home/diogo/openmc_data/endfb-vii.1-hdf5/neutron/Ni62.h5
 Reading Ni64 from /home/diogo/openmc_data/endfb-vii.1-hdf5/neutron/Ni64.h5
 Reading Zr90 from /home/diogo/openmc_data/endfb-vii.1-hdf5/neutron/Zr90.h5
 Reading Zr91 from /home/diogo/openmc_data/endfb-vii.1-hdf5/neutron/Zr91.h5
 Reading Zr92 from /home/diogo/openmc_data/endfb-vii.1-hdf5/neutron/Zr92.h5
 Reading Zr94 from /home/diogo/openmc_data/endfb-vii.1-hdf5/neutron/Zr94.h5
 Reading Zr96 from /home/diogo/openmc_data/endfb-vii.1-hdf5/neutron/Zr96.h5
 Reading Sn112 from /home/diogo/openmc_data/endfb-vii.1-hdf5/neutron/Sn112.h5
 Reading Sn114 from /home/diogo/openmc_data/endfb-vii.1-hdf5/neutron/Sn114.h5
 Reading Sn115 from /home/diogo/openmc_data/endfb-vii.1-hdf5/neutron/Sn115.h5
 Reading Sn116 from /home/diogo/openmc_data/endfb-vii.1-hdf5/neutron/Sn116.h5
 Reading Sn117 from /home/diogo/openmc_data/endfb-vii.1-hdf5/neutron/Sn117.h5
 Reading Sn118 from /home/diogo/openmc_data/endfb-vii.1-hdf5/neutron/Sn118.h5
 Reading Sn119 from /home/diogo/openmc_data/endfb-vii.1-hdf5/neutron/Sn119.h5
 Reading Sn120 from /home/diogo/openmc_data/endfb-vii.1-hdf5/neutron/Sn120.h5
 Reading Sn122 from /home/diogo/openmc_data/endfb-vii.1-hdf5/neutron/Sn122.h5
 Reading Sn124 from /home/diogo/openmc_data/endfb-vii.1-hdf5/neutron/Sn124.h5
 Reading He3 from /home/diogo/openmc_data/endfb-vii.1-hdf5/neutron/He3.h5
 Reading He4 from /home/diogo/openmc_data/endfb-vii.1-hdf5/neutron/He4.h5
 Reading U234 from /home/diogo/openmc_data/endfb-vii.1-hdf5/neutron/U234.h5
 Reading U235 from /home/diogo/openmc_data/endfb-vii.1-hdf5/neutron/U235.h5
 Reading U238 from /home/diogo/openmc_data/endfb-vii.1-hdf5/neutron/U238.h5
 Reading Gd152 from /home/diogo/openmc_data/endfb-vii.1-hdf5/neutron/Gd152.h5
 Reading Gd154 from /home/diogo/openmc_data/endfb-vii.1-hdf5/neutron/Gd154.h5
 Reading Gd155 from /home/diogo/openmc_data/endfb-vii.1-hdf5/neutron/Gd155.h5
 Reading Gd156 from /home/diogo/openmc_data/endfb-vii.1-hdf5/neutron/Gd156.h5
 Reading Gd157 from /home/diogo/openmc_data/endfb-vii.1-hdf5/neutron/Gd157.h5
 Reading Gd158 from /home/diogo/openmc_data/endfb-vii.1-hdf5/neutron/Gd158.h5
 Reading Gd160 from /home/diogo/openmc_data/endfb-vii.1-hdf5/neutron/Gd160.h5
 Reading Si28 from /home/diogo/openmc_data/endfb-vii.1-hdf5/neutron/Si28.h5
 Reading Si29 from /home/diogo/openmc_data/endfb-vii.1-hdf5/neutron/Si29.h5
 Reading Si30 from /home/diogo/openmc_data/endfb-vii.1-hdf5/neutron/Si30.h5
 Reading Ag107 from /home/diogo/openmc_data/endfb-vii.1-hdf5/neutron/Ag107.h5
 Reading Ag109 from /home/diogo/openmc_data/endfb-vii.1-hdf5/neutron/Ag109.h5
 Reading Cd106 from /home/diogo/openmc_data/endfb-vii.1-hdf5/neutron/Cd106.h5
 WARNING: Negative value(s) found on probability table for nuclide Cd106 at 294K
 WARNING: Negative value(s) found on probability table for nuclide Cd106 at 600K
 WARNING: Negative value(s) found on probability table for nuclide Cd106 at 900K
 WARNING: Negative value(s) found on probability table for nuclide Cd106 at
          1200K
 WARNING: Negative value(s) found on probability table for nuclide Cd106 at
          2500K
 Reading Cd108 from /home/diogo/openmc_data/endfb-vii.1-hdf5/neutron/Cd108.h5
 Reading Cd110 from /home/diogo/openmc_data/endfb-vii.1-hdf5/neutron/Cd110.h5
 Reading Cd111 from /home/diogo/openmc_data/endfb-vii.1-hdf5/neutron/Cd111.h5
 Reading Cd112 from /home/diogo/openmc_data/endfb-vii.1-hdf5/neutron/Cd112.h5
 Reading Cd113 from /home/diogo/openmc_data/endfb-vii.1-hdf5/neutron/Cd113.h5
 Reading Cd114 from /home/diogo/openmc_data/endfb-vii.1-hdf5/neutron/Cd114.h5
 Reading Cd116 from /home/diogo/openmc_data/endfb-vii.1-hdf5/neutron/Cd116.h5
 Reading In113 from /home/diogo/openmc_data/endfb-vii.1-hdf5/neutron/In113.h5
 Reading In115 from /home/diogo/openmc_data/endfb-vii.1-hdf5/neutron/In115.h5
 Reading c_H_in_H2O from
 /home/diogo/openmc_data/endfb-vii.1-hdf5/neutron/c_H_in_H2O.h5
 Minimum neutron data temperature: 0 K
 Maximum neutron data temperature: 1.7976931348623157e+308 K
 Reading tallies XML file...
 Preparing distributed cell instances...
 Reading plot XML file...
 Writing summary.h5 file...
[openmc.deplete] t=116834482.39194909 s, dt=34617624.412429355 s, source=47715611.008249946
 Reading H3 from /home/diogo/openmc_data/endfb-vii.1-hdf5/neutron/H3.h5
 Reading Li6 from /home/diogo/openmc_data/endfb-vii.1-hdf5/neutron/Li6.h5
 Reading Li7 from /home/diogo/openmc_data/endfb-vii.1-hdf5/neutron/Li7.h5
 Reading N14 from /home/diogo/openmc_data/endfb-vii.1-hdf5/neutron/N14.h5
 Reading N15 from /home/diogo/openmc_data/endfb-vii.1-hdf5/neutron/N15.h5
 Reading F19 from /home/diogo/openmc_data/endfb-vii.1-hdf5/neutron/F19.h5
 Reading Na22 from /home/diogo/openmc_data/endfb-vii.1-hdf5/neutron/Na22.h5
 WARNING: Negative value(s) found on probability table for nuclide Na22 at 250K
 WARNING: Negative value(s) found on probability table for nuclide Na22 at 294K
 WARNING: Negative value(s) found on probability table for nuclide Na22 at 600K
 WARNING: Negative value(s) found on probability table for nuclide Na22 at 900K
 WARNING: Negative value(s) found on probability table for nuclide Na22 at 1200K
 WARNING: Negative value(s) found on probability table for nuclide Na22 at 2500K
 Reading Na23 from /home/diogo/openmc_data/endfb-vii.1-hdf5/neutron/Na23.h5
 Reading Mg24 from /home/diogo/openmc_data/endfb-vii.1-hdf5/neutron/Mg24.h5
 Reading Mg25 from /home/diogo/openmc_data/endfb-vii.1-hdf5/neutron/Mg25.h5
 Reading Mg26 from /home/diogo/openmc_data/endfb-vii.1-hdf5/neutron/Mg26.h5
 Reading Al27 from /home/diogo/openmc_data/endfb-vii.1-hdf5/neutron/Al27.h5
 Reading P31 from /home/diogo/openmc_data/endfb-vii.1-hdf5/neutron/P31.h5
 Reading S32 from /home/diogo/openmc_data/endfb-vii.1-hdf5/neutron/S32.h5
 Reading S33 from /home/diogo/openmc_data/endfb-vii.1-hdf5/neutron/S33.h5
 Reading S34 from /home/diogo/openmc_data/endfb-vii.1-hdf5/neutron/S34.h5
 Reading S36 from /home/diogo/openmc_data/endfb-vii.1-hdf5/neutron/S36.h5
 Reading Cl35 from /home/diogo/openmc_data/endfb-vii.1-hdf5/neutron/Cl35.h5
 Reading Cl37 from /home/diogo/openmc_data/endfb-vii.1-hdf5/neutron/Cl37.h5
 Reading Ar36 from /home/diogo/openmc_data/endfb-vii.1-hdf5/neutron/Ar36.h5
 WARNING: Negative value(s) found on probability table for nuclide Ar36 at 250K
 WARNING: Negative value(s) found on probability table for nuclide Ar36 at 294K
 WARNING: Negative value(s) found on probability table for nuclide Ar36 at 600K
 WARNING: Negative value(s) found on probability table for nuclide Ar36 at 900K
 WARNING: Negative value(s) found on probability table for nuclide Ar36 at 1200K
 WARNING: Negative value(s) found on probability table for nuclide Ar36 at 2500K
 Reading Ar38 from /home/diogo/openmc_data/endfb-vii.1-hdf5/neutron/Ar38.h5
 Reading Ar40 from /home/diogo/openmc_data/endfb-vii.1-hdf5/neutron/Ar40.h5
 Reading K39 from /home/diogo/openmc_data/endfb-vii.1-hdf5/neutron/K39.h5
 Reading K40 from /home/diogo/openmc_data/endfb-vii.1-hdf5/neutron/K40.h5
 Reading K41 from /home/diogo/openmc_data/endfb-vii.1-hdf5/neutron/K41.h5
 Reading Ca40 from /home/diogo/openmc_data/endfb-vii.1-hdf5/neutron/Ca40.h5
 Reading Ca42 from /home/diogo/openmc_data/endfb-vii.1-hdf5/neutron/Ca42.h5
 Reading Ca43 from /home/diogo/openmc_data/endfb-vii.1-hdf5/neutron/Ca43.h5
 Reading Ca44 from /home/diogo/openmc_data/endfb-vii.1-hdf5/neutron/Ca44.h5
 Reading Ca46 from /home/diogo/openmc_data/endfb-vii.1-hdf5/neutron/Ca46.h5
 Reading Sc45 from /home/diogo/openmc_data/endfb-vii.1-hdf5/neutron/Sc45.h5
 Reading Ti46 from /home/diogo/openmc_data/endfb-vii.1-hdf5/neutron/Ti46.h5
 Reading Ti47 from /home/diogo/openmc_data/endfb-vii.1-hdf5/neutron/Ti47.h5
 Reading Ti48 from /home/diogo/openmc_data/endfb-vii.1-hdf5/neutron/Ti48.h5
 Reading Ti49 from /home/diogo/openmc_data/endfb-vii.1-hdf5/neutron/Ti49.h5
 Reading Ti50 from /home/diogo/openmc_data/endfb-vii.1-hdf5/neutron/Ti50.h5
 Reading V50 from /home/diogo/openmc_data/endfb-vii.1-hdf5/neutron/V50.h5
 Reading V51 from /home/diogo/openmc_data/endfb-vii.1-hdf5/neutron/V51.h5
 Reading Co58 from /home/diogo/openmc_data/endfb-vii.1-hdf5/neutron/Co58.h5
 Reading Co59 from /home/diogo/openmc_data/endfb-vii.1-hdf5/neutron/Co59.h5
 Reading Ni59 from /home/diogo/openmc_data/endfb-vii.1-hdf5/neutron/Ni59.h5
 Reading Cu63 from /home/diogo/openmc_data/endfb-vii.1-hdf5/neutron/Cu63.h5
 Reading Cu65 from /home/diogo/openmc_data/endfb-vii.1-hdf5/neutron/Cu65.h5
 Reading Zn64 from /home/diogo/openmc_data/endfb-vii.1-hdf5/neutron/Zn64.h5
 Reading Zn65 from /home/diogo/openmc_data/endfb-vii.1-hdf5/neutron/Zn65.h5
 Reading Zn66 from /home/diogo/openmc_data/endfb-vii.1-hdf5/neutron/Zn66.h5
 Reading Zn67 from /home/diogo/openmc_data/endfb-vii.1-hdf5/neutron/Zn67.h5
 Reading Zn68 from /home/diogo/openmc_data/endfb-vii.1-hdf5/neutron/Zn68.h5
 Reading Zn70 from /home/diogo/openmc_data/endfb-vii.1-hdf5/neutron/Zn70.h5
 Reading Ga69 from /home/diogo/openmc_data/endfb-vii.1-hdf5/neutron/Ga69.h5
 Reading Ga71 from /home/diogo/openmc_data/endfb-vii.1-hdf5/neutron/Ga71.h5
 Reading Ge70 from /home/diogo/openmc_data/endfb-vii.1-hdf5/neutron/Ge70.h5
 Reading Ge72 from /home/diogo/openmc_data/endfb-vii.1-hdf5/neutron/Ge72.h5
 Reading Ge73 from /home/diogo/openmc_data/endfb-vii.1-hdf5/neutron/Ge73.h5
 Reading Ge74 from /home/diogo/openmc_data/endfb-vii.1-hdf5/neutron/Ge74.h5
 Reading Ge76 from /home/diogo/openmc_data/endfb-vii.1-hdf5/neutron/Ge76.h5
 Reading As74 from /home/diogo/openmc_data/endfb-vii.1-hdf5/neutron/As74.h5
 Reading As75 from /home/diogo/openmc_data/endfb-vii.1-hdf5/neutron/As75.h5
 Reading Se74 from /home/diogo/openmc_data/endfb-vii.1-hdf5/neutron/Se74.h5
 Reading Se76 from /home/diogo/openmc_data/endfb-vii.1-hdf5/neutron/Se76.h5
 Reading Se77 from /home/diogo/openmc_data/endfb-vii.1-hdf5/neutron/Se77.h5
 Reading Se78 from /home/diogo/openmc_data/endfb-vii.1-hdf5/neutron/Se78.h5
 Reading Se79 from /home/diogo/openmc_data/endfb-vii.1-hdf5/neutron/Se79.h5
 WARNING: Negative value(s) found on probability table for nuclide Se79 at 250K
 WARNING: Negative value(s) found on probability table for nuclide Se79 at 294K
 WARNING: Negative value(s) found on probability table for nuclide Se79 at 600K
 WARNING: Negative value(s) found on probability table for nuclide Se79 at 900K
 WARNING: Negative value(s) found on probability table for nuclide Se79 at 1200K
 Reading Se80 from /home/diogo/openmc_data/endfb-vii.1-hdf5/neutron/Se80.h5
 Reading Se82 from /home/diogo/openmc_data/endfb-vii.1-hdf5/neutron/Se82.h5
 Reading Br79 from /home/diogo/openmc_data/endfb-vii.1-hdf5/neutron/Br79.h5
 Reading Br81 from /home/diogo/openmc_data/endfb-vii.1-hdf5/neutron/Br81.h5
 Reading Kr78 from /home/diogo/openmc_data/endfb-vii.1-hdf5/neutron/Kr78.h5
 Reading Kr80 from /home/diogo/openmc_data/endfb-vii.1-hdf5/neutron/Kr80.h5
 Reading Kr82 from /home/diogo/openmc_data/endfb-vii.1-hdf5/neutron/Kr82.h5
 Reading Kr83 from /home/diogo/openmc_data/endfb-vii.1-hdf5/neutron/Kr83.h5
 Reading Kr84 from /home/diogo/openmc_data/endfb-vii.1-hdf5/neutron/Kr84.h5
 Reading Kr85 from /home/diogo/openmc_data/endfb-vii.1-hdf5/neutron/Kr85.h5
 Reading Kr86 from /home/diogo/openmc_data/endfb-vii.1-hdf5/neutron/Kr86.h5
 Reading Rb85 from /home/diogo/openmc_data/endfb-vii.1-hdf5/neutron/Rb85.h5
 Reading Rb86 from /home/diogo/openmc_data/endfb-vii.1-hdf5/neutron/Rb86.h5
 Reading Rb87 from /home/diogo/openmc_data/endfb-vii.1-hdf5/neutron/Rb87.h5
 Reading Sr84 from /home/diogo/openmc_data/endfb-vii.1-hdf5/neutron/Sr84.h5
 Reading Sr86 from /home/diogo/openmc_data/endfb-vii.1-hdf5/neutron/Sr86.h5
 Reading Sr87 from /home/diogo/openmc_data/endfb-vii.1-hdf5/neutron/Sr87.h5
 Reading Sr88 from /home/diogo/openmc_data/endfb-vii.1-hdf5/neutron/Sr88.h5
 Reading Sr89 from /home/diogo/openmc_data/endfb-vii.1-hdf5/neutron/Sr89.h5
 Reading Sr90 from /home/diogo/openmc_data/endfb-vii.1-hdf5/neutron/Sr90.h5
 Reading Y89 from /home/diogo/openmc_data/endfb-vii.1-hdf5/neutron/Y89.h5
 Reading Y90 from /home/diogo/openmc_data/endfb-vii.1-hdf5/neutron/Y90.h5
 Reading Y91 from /home/diogo/openmc_data/endfb-vii.1-hdf5/neutron/Y91.h5
 Reading Zr93 from /home/diogo/openmc_data/endfb-vii.1-hdf5/neutron/Zr93.h5
 Reading Zr95 from /home/diogo/openmc_data/endfb-vii.1-hdf5/neutron/Zr95.h5
 Reading Nb93 from /home/diogo/openmc_data/endfb-vii.1-hdf5/neutron/Nb93.h5
 Reading Nb94 from /home/diogo/openmc_data/endfb-vii.1-hdf5/neutron/Nb94.h5
 WARNING: Negative value(s) found on probability table for nuclide Nb94 at 250K
 WARNING: Negative value(s) found on probability table for nuclide Nb94 at 294K
 WARNING: Negative value(s) found on probability table for nuclide Nb94 at 600K
 WARNING: Negative value(s) found on probability table for nuclide Nb94 at 900K
 WARNING: Negative value(s) found on probability table for nuclide Nb94 at 1200K
 WARNING: Negative value(s) found on probability table for nuclide Nb94 at 2500K
 Reading Nb95 from /home/diogo/openmc_data/endfb-vii.1-hdf5/neutron/Nb95.h5
 WARNING: Negative value(s) found on probability table for nuclide Nb95 at 250K
 WARNING: Negative value(s) found on probability table for nuclide Nb95 at 294K
 WARNING: Negative value(s) found on probability table for nuclide Nb95 at 600K
 WARNING: Negative value(s) found on probability table for nuclide Nb95 at 900K
 WARNING: Negative value(s) found on probability table for nuclide Nb95 at 1200K
 Reading Mo92 from /home/diogo/openmc_data/endfb-vii.1-hdf5/neutron/Mo92.h5
 Reading Mo94 from /home/diogo/openmc_data/endfb-vii.1-hdf5/neutron/Mo94.h5
 Reading Mo95 from /home/diogo/openmc_data/endfb-vii.1-hdf5/neutron/Mo95.h5
 Reading Mo96 from /home/diogo/openmc_data/endfb-vii.1-hdf5/neutron/Mo96.h5
 Reading Mo97 from /home/diogo/openmc_data/endfb-vii.1-hdf5/neutron/Mo97.h5
 Reading Mo98 from /home/diogo/openmc_data/endfb-vii.1-hdf5/neutron/Mo98.h5
 Reading Mo99 from /home/diogo/openmc_data/endfb-vii.1-hdf5/neutron/Mo99.h5
 WARNING: Negative value(s) found on probability table for nuclide Mo99 at 250K
 WARNING: Negative value(s) found on probability table for nuclide Mo99 at 294K
 WARNING: Negative value(s) found on probability table for nuclide Mo99 at 600K
 WARNING: Negative value(s) found on probability table for nuclide Mo99 at 900K
 WARNING: Negative value(s) found on probability table for nuclide Mo99 at 1200K
 WARNING: Negative value(s) found on probability table for nuclide Mo99 at 2500K
 Reading Mo100 from /home/diogo/openmc_data/endfb-vii.1-hdf5/neutron/Mo100.h5
 Reading Tc99 from /home/diogo/openmc_data/endfb-vii.1-hdf5/neutron/Tc99.h5
 Reading Ru98 from /home/diogo/openmc_data/endfb-vii.1-hdf5/neutron/Ru98.h5
 Reading Ru99 from /home/diogo/openmc_data/endfb-vii.1-hdf5/neutron/Ru99.h5
 Reading Ru100 from /home/diogo/openmc_data/endfb-vii.1-hdf5/neutron/Ru100.h5
 Reading Ru101 from /home/diogo/openmc_data/endfb-vii.1-hdf5/neutron/Ru101.h5
 Reading Ru102 from /home/diogo/openmc_data/endfb-vii.1-hdf5/neutron/Ru102.h5
 Reading Ru103 from /home/diogo/openmc_data/endfb-vii.1-hdf5/neutron/Ru103.h5
 Reading Ru104 from /home/diogo/openmc_data/endfb-vii.1-hdf5/neutron/Ru104.h5
 Reading Ru105 from /home/diogo/openmc_data/endfb-vii.1-hdf5/neutron/Ru105.h5
 Reading Ru106 from /home/diogo/openmc_data/endfb-vii.1-hdf5/neutron/Ru106.h5
 Reading Rh103 from /home/diogo/openmc_data/endfb-vii.1-hdf5/neutron/Rh103.h5
 Reading Rh105 from /home/diogo/openmc_data/endfb-vii.1-hdf5/neutron/Rh105.h5
 Reading Pd102 from /home/diogo/openmc_data/endfb-vii.1-hdf5/neutron/Pd102.h5
 Reading Pd104 from /home/diogo/openmc_data/endfb-vii.1-hdf5/neutron/Pd104.h5
 Reading Pd105 from /home/diogo/openmc_data/endfb-vii.1-hdf5/neutron/Pd105.h5
 Reading Pd106 from /home/diogo/openmc_data/endfb-vii.1-hdf5/neutron/Pd106.h5
 Reading Pd107 from /home/diogo/openmc_data/endfb-vii.1-hdf5/neutron/Pd107.h5
 Reading Pd108 from /home/diogo/openmc_data/endfb-vii.1-hdf5/neutron/Pd108.h5
 Reading Pd110 from /home/diogo/openmc_data/endfb-vii.1-hdf5/neutron/Pd110.h5
 Reading Ag110_m1 from
 /home/diogo/openmc_data/endfb-vii.1-hdf5/neutron/Ag110_m1.h5
 Reading Ag111 from /home/diogo/openmc_data/endfb-vii.1-hdf5/neutron/Ag111.h5
 Reading Cd115_m1 from
 /home/diogo/openmc_data/endfb-vii.1-hdf5/neutron/Cd115_m1.h5
 Reading Sn113 from /home/diogo/openmc_data/endfb-vii.1-hdf5/neutron/Sn113.h5
 Reading Sn123 from /home/diogo/openmc_data/endfb-vii.1-hdf5/neutron/Sn123.h5
 WARNING: Negative value(s) found on probability table for nuclide Sn123 at 250K
 WARNING: Negative value(s) found on probability table for nuclide Sn123 at 294K
 WARNING: Negative value(s) found on probability table for nuclide Sn123 at 600K
 WARNING: Negative value(s) found on probability table for nuclide Sn123 at 900K
 WARNING: Negative value(s) found on probability table for nuclide Sn123 at
          1200K
 WARNING: Negative value(s) found on probability table for nuclide Sn123 at
          2500K
 Reading Sn125 from /home/diogo/openmc_data/endfb-vii.1-hdf5/neutron/Sn125.h5
 Reading Sn126 from /home/diogo/openmc_data/endfb-vii.1-hdf5/neutron/Sn126.h5
 Reading Sb121 from /home/diogo/openmc_data/endfb-vii.1-hdf5/neutron/Sb121.h5
 Reading Sb123 from /home/diogo/openmc_data/endfb-vii.1-hdf5/neutron/Sb123.h5
 Reading Sb124 from /home/diogo/openmc_data/endfb-vii.1-hdf5/neutron/Sb124.h5
 Reading Sb125 from /home/diogo/openmc_data/endfb-vii.1-hdf5/neutron/Sb125.h5
 Reading Sb126 from /home/diogo/openmc_data/endfb-vii.1-hdf5/neutron/Sb126.h5
 Reading Te120 from /home/diogo/openmc_data/endfb-vii.1-hdf5/neutron/Te120.h5
 WARNING: Negative value(s) found on probability table for nuclide Te120 at 600K
 WARNING: Negative value(s) found on probability table for nuclide Te120 at 900K
 WARNING: Negative value(s) found on probability table for nuclide Te120 at
          1200K
 WARNING: Negative value(s) found on probability table for nuclide Te120 at
          2500K
 Reading Te122 from /home/diogo/openmc_data/endfb-vii.1-hdf5/neutron/Te122.h5
 Reading Te123 from /home/diogo/openmc_data/endfb-vii.1-hdf5/neutron/Te123.h5
 Reading Te124 from /home/diogo/openmc_data/endfb-vii.1-hdf5/neutron/Te124.h5
 Reading Te125 from /home/diogo/openmc_data/endfb-vii.1-hdf5/neutron/Te125.h5
 Reading Te126 from /home/diogo/openmc_data/endfb-vii.1-hdf5/neutron/Te126.h5
 Reading Te127_m1 from
 /home/diogo/openmc_data/endfb-vii.1-hdf5/neutron/Te127_m1.h5
 Reading Te128 from /home/diogo/openmc_data/endfb-vii.1-hdf5/neutron/Te128.h5
 Reading Te129_m1 from
 /home/diogo/openmc_data/endfb-vii.1-hdf5/neutron/Te129_m1.h5
 Reading Te130 from /home/diogo/openmc_data/endfb-vii.1-hdf5/neutron/Te130.h5
 Reading Te132 from /home/diogo/openmc_data/endfb-vii.1-hdf5/neutron/Te132.h5
 Reading I127 from /home/diogo/openmc_data/endfb-vii.1-hdf5/neutron/I127.h5
 Reading I129 from /home/diogo/openmc_data/endfb-vii.1-hdf5/neutron/I129.h5
 Reading I130 from /home/diogo/openmc_data/endfb-vii.1-hdf5/neutron/I130.h5
 Reading I131 from /home/diogo/openmc_data/endfb-vii.1-hdf5/neutron/I131.h5
 WARNING: Negative value(s) found on probability table for nuclide I131 at 250K
 WARNING: Negative value(s) found on probability table for nuclide I131 at 294K
 WARNING: Negative value(s) found on probability table for nuclide I131 at 600K
 WARNING: Negative value(s) found on probability table for nuclide I131 at 900K
 WARNING: Negative value(s) found on probability table for nuclide I131 at 1200K
 WARNING: Negative value(s) found on probability table for nuclide I131 at 2500K
 Reading I135 from /home/diogo/openmc_data/endfb-vii.1-hdf5/neutron/I135.h5
 Reading Xe126 from /home/diogo/openmc_data/endfb-vii.1-hdf5/neutron/Xe126.h5
 Reading Xe128 from /home/diogo/openmc_data/endfb-vii.1-hdf5/neutron/Xe128.h5
 Reading Xe129 from /home/diogo/openmc_data/endfb-vii.1-hdf5/neutron/Xe129.h5
 Reading Xe130 from /home/diogo/openmc_data/endfb-vii.1-hdf5/neutron/Xe130.h5
 Reading Xe131 from /home/diogo/openmc_data/endfb-vii.1-hdf5/neutron/Xe131.h5
 Reading Xe132 from /home/diogo/openmc_data/endfb-vii.1-hdf5/neutron/Xe132.h5
 Reading Xe133 from /home/diogo/openmc_data/endfb-vii.1-hdf5/neutron/Xe133.h5
 WARNING: Negative value(s) found on probability table for nuclide Xe133 at
          2500K
 Reading Xe134 from /home/diogo/openmc_data/endfb-vii.1-hdf5/neutron/Xe134.h5
 Reading Xe135 from /home/diogo/openmc_data/endfb-vii.1-hdf5/neutron/Xe135.h5
 Reading Xe136 from /home/diogo/openmc_data/endfb-vii.1-hdf5/neutron/Xe136.h5
 Reading Cs133 from /home/diogo/openmc_data/endfb-vii.1-hdf5/neutron/Cs133.h5
 Reading Cs134 from /home/diogo/openmc_data/endfb-vii.1-hdf5/neutron/Cs134.h5
 Reading Cs135 from /home/diogo/openmc_data/endfb-vii.1-hdf5/neutron/Cs135.h5
 Reading Cs136 from /home/diogo/openmc_data/endfb-vii.1-hdf5/neutron/Cs136.h5
 WARNING: Negative value(s) found on probability table for nuclide Cs136 at 250K
 WARNING: Negative value(s) found on probability table for nuclide Cs136 at 294K
 WARNING: Negative value(s) found on probability table for nuclide Cs136 at 600K
 WARNING: Negative value(s) found on probability table for nuclide Cs136 at 900K
 WARNING: Negative value(s) found on probability table for nuclide Cs136 at
          1200K
 WARNING: Negative value(s) found on probability table for nuclide Cs136 at
          2500K
 Reading Cs137 from /home/diogo/openmc_data/endfb-vii.1-hdf5/neutron/Cs137.h5
 Reading Ba132 from /home/diogo/openmc_data/endfb-vii.1-hdf5/neutron/Ba132.h5
 Reading Ba133 from /home/diogo/openmc_data/endfb-vii.1-hdf5/neutron/Ba133.h5
 Reading Ba134 from /home/diogo/openmc_data/endfb-vii.1-hdf5/neutron/Ba134.h5
 Reading Ba135 from /home/diogo/openmc_data/endfb-vii.1-hdf5/neutron/Ba135.h5
 Reading Ba136 from /home/diogo/openmc_data/endfb-vii.1-hdf5/neutron/Ba136.h5
 Reading Ba137 from /home/diogo/openmc_data/endfb-vii.1-hdf5/neutron/Ba137.h5
 Reading Ba138 from /home/diogo/openmc_data/endfb-vii.1-hdf5/neutron/Ba138.h5
 Reading Ba140 from /home/diogo/openmc_data/endfb-vii.1-hdf5/neutron/Ba140.h5
 Reading La138 from /home/diogo/openmc_data/endfb-vii.1-hdf5/neutron/La138.h5
 Reading La139 from /home/diogo/openmc_data/endfb-vii.1-hdf5/neutron/La139.h5
 Reading La140 from /home/diogo/openmc_data/endfb-vii.1-hdf5/neutron/La140.h5
 Reading Ce138 from /home/diogo/openmc_data/endfb-vii.1-hdf5/neutron/Ce138.h5
 Reading Ce139 from /home/diogo/openmc_data/endfb-vii.1-hdf5/neutron/Ce139.h5
 Reading Ce140 from /home/diogo/openmc_data/endfb-vii.1-hdf5/neutron/Ce140.h5
 Reading Ce141 from /home/diogo/openmc_data/endfb-vii.1-hdf5/neutron/Ce141.h5
 Reading Ce142 from /home/diogo/openmc_data/endfb-vii.1-hdf5/neutron/Ce142.h5
 Reading Ce143 from /home/diogo/openmc_data/endfb-vii.1-hdf5/neutron/Ce143.h5
 Reading Ce144 from /home/diogo/openmc_data/endfb-vii.1-hdf5/neutron/Ce144.h5
 Reading Pr141 from /home/diogo/openmc_data/endfb-vii.1-hdf5/neutron/Pr141.h5
 Reading Pr142 from /home/diogo/openmc_data/endfb-vii.1-hdf5/neutron/Pr142.h5
 Reading Pr143 from /home/diogo/openmc_data/endfb-vii.1-hdf5/neutron/Pr143.h5
 Reading Nd142 from /home/diogo/openmc_data/endfb-vii.1-hdf5/neutron/Nd142.h5
 Reading Nd143 from /home/diogo/openmc_data/endfb-vii.1-hdf5/neutron/Nd143.h5
 Reading Nd144 from /home/diogo/openmc_data/endfb-vii.1-hdf5/neutron/Nd144.h5
 Reading Nd145 from /home/diogo/openmc_data/endfb-vii.1-hdf5/neutron/Nd145.h5
 Reading Nd146 from /home/diogo/openmc_data/endfb-vii.1-hdf5/neutron/Nd146.h5
 Reading Nd147 from /home/diogo/openmc_data/endfb-vii.1-hdf5/neutron/Nd147.h5
 Reading Nd148 from /home/diogo/openmc_data/endfb-vii.1-hdf5/neutron/Nd148.h5
 Reading Nd150 from /home/diogo/openmc_data/endfb-vii.1-hdf5/neutron/Nd150.h5
 Reading Pm147 from /home/diogo/openmc_data/endfb-vii.1-hdf5/neutron/Pm147.h5
 Reading Pm148 from /home/diogo/openmc_data/endfb-vii.1-hdf5/neutron/Pm148.h5
 Reading Pm148_m1 from
 /home/diogo/openmc_data/endfb-vii.1-hdf5/neutron/Pm148_m1.h5
 Reading Pm149 from /home/diogo/openmc_data/endfb-vii.1-hdf5/neutron/Pm149.h5
 Reading Pm151 from /home/diogo/openmc_data/endfb-vii.1-hdf5/neutron/Pm151.h5
 Reading Sm147 from /home/diogo/openmc_data/endfb-vii.1-hdf5/neutron/Sm147.h5
 Reading Sm148 from /home/diogo/openmc_data/endfb-vii.1-hdf5/neutron/Sm148.h5
 Reading Sm149 from /home/diogo/openmc_data/endfb-vii.1-hdf5/neutron/Sm149.h5
 Reading Sm150 from /home/diogo/openmc_data/endfb-vii.1-hdf5/neutron/Sm150.h5
 Reading Sm151 from /home/diogo/openmc_data/endfb-vii.1-hdf5/neutron/Sm151.h5
 Reading Sm152 from /home/diogo/openmc_data/endfb-vii.1-hdf5/neutron/Sm152.h5
 Reading Sm153 from /home/diogo/openmc_data/endfb-vii.1-hdf5/neutron/Sm153.h5
 Reading Sm154 from /home/diogo/openmc_data/endfb-vii.1-hdf5/neutron/Sm154.h5
 Reading Eu151 from /home/diogo/openmc_data/endfb-vii.1-hdf5/neutron/Eu151.h5
 Reading Eu152 from /home/diogo/openmc_data/endfb-vii.1-hdf5/neutron/Eu152.h5
 Reading Eu153 from /home/diogo/openmc_data/endfb-vii.1-hdf5/neutron/Eu153.h5
 Reading Eu154 from /home/diogo/openmc_data/endfb-vii.1-hdf5/neutron/Eu154.h5
 Reading Eu155 from /home/diogo/openmc_data/endfb-vii.1-hdf5/neutron/Eu155.h5
 Reading Eu156 from /home/diogo/openmc_data/endfb-vii.1-hdf5/neutron/Eu156.h5
 WARNING: Negative value(s) found on probability table for nuclide Eu156 at 250K
 WARNING: Negative value(s) found on probability table for nuclide Eu156 at 294K
 WARNING: Negative value(s) found on probability table for nuclide Eu156 at 600K
 WARNING: Negative value(s) found on probability table for nuclide Eu156 at 900K
 WARNING: Negative value(s) found on probability table for nuclide Eu156 at
          1200K
 WARNING: Negative value(s) found on probability table for nuclide Eu156 at
          2500K
 Reading Eu157 from /home/diogo/openmc_data/endfb-vii.1-hdf5/neutron/Eu157.h5
 Reading Gd153 from /home/diogo/openmc_data/endfb-vii.1-hdf5/neutron/Gd153.h5
 Reading Tb159 from /home/diogo/openmc_data/endfb-vii.1-hdf5/neutron/Tb159.h5
 Reading Tb160 from /home/diogo/openmc_data/endfb-vii.1-hdf5/neutron/Tb160.h5
 Reading Dy156 from /home/diogo/openmc_data/endfb-vii.1-hdf5/neutron/Dy156.h5
 Reading Dy158 from /home/diogo/openmc_data/endfb-vii.1-hdf5/neutron/Dy158.h5
 Reading Dy160 from /home/diogo/openmc_data/endfb-vii.1-hdf5/neutron/Dy160.h5
 Reading Dy161 from /home/diogo/openmc_data/endfb-vii.1-hdf5/neutron/Dy161.h5
 Reading Dy162 from /home/diogo/openmc_data/endfb-vii.1-hdf5/neutron/Dy162.h5
 Reading Dy163 from /home/diogo/openmc_data/endfb-vii.1-hdf5/neutron/Dy163.h5
 Reading Dy164 from /home/diogo/openmc_data/endfb-vii.1-hdf5/neutron/Dy164.h5
 Reading Ho165 from /home/diogo/openmc_data/endfb-vii.1-hdf5/neutron/Ho165.h5
 Reading Ho166_m1 from
 /home/diogo/openmc_data/endfb-vii.1-hdf5/neutron/Ho166_m1.h5
 Reading Er162 from /home/diogo/openmc_data/endfb-vii.1-hdf5/neutron/Er162.h5
 Reading Er164 from /home/diogo/openmc_data/endfb-vii.1-hdf5/neutron/Er164.h5
 Reading Er166 from /home/diogo/openmc_data/endfb-vii.1-hdf5/neutron/Er166.h5
 Reading Er167 from /home/diogo/openmc_data/endfb-vii.1-hdf5/neutron/Er167.h5
 Reading Er168 from /home/diogo/openmc_data/endfb-vii.1-hdf5/neutron/Er168.h5
 Reading Er170 from /home/diogo/openmc_data/endfb-vii.1-hdf5/neutron/Er170.h5
 Reading Tm168 from /home/diogo/openmc_data/endfb-vii.1-hdf5/neutron/Tm168.h5
 Reading Tm169 from /home/diogo/openmc_data/endfb-vii.1-hdf5/neutron/Tm169.h5
 Reading Tm170 from /home/diogo/openmc_data/endfb-vii.1-hdf5/neutron/Tm170.h5
 Reading Hg199 from /home/diogo/openmc_data/endfb-vii.1-hdf5/neutron/Hg199.h5
 Reading Hg200 from /home/diogo/openmc_data/endfb-vii.1-hdf5/neutron/Hg200.h5
 Reading Hg201 from /home/diogo/openmc_data/endfb-vii.1-hdf5/neutron/Hg201.h5
 Reading Hg202 from /home/diogo/openmc_data/endfb-vii.1-hdf5/neutron/Hg202.h5
 Reading Hg204 from /home/diogo/openmc_data/endfb-vii.1-hdf5/neutron/Hg204.h5
 Reading Tl203 from /home/diogo/openmc_data/endfb-vii.1-hdf5/neutron/Tl203.h5
 Reading Tl205 from /home/diogo/openmc_data/endfb-vii.1-hdf5/neutron/Tl205.h5
 Reading Pb204 from /home/diogo/openmc_data/endfb-vii.1-hdf5/neutron/Pb204.h5
 Reading Pb206 from /home/diogo/openmc_data/endfb-vii.1-hdf5/neutron/Pb206.h5
 Reading Pb207 from /home/diogo/openmc_data/endfb-vii.1-hdf5/neutron/Pb207.h5
 Reading Pb208 from /home/diogo/openmc_data/endfb-vii.1-hdf5/neutron/Pb208.h5
 Reading Bi209 from /home/diogo/openmc_data/endfb-vii.1-hdf5/neutron/Bi209.h5
 Reading Ra223 from /home/diogo/openmc_data/endfb-vii.1-hdf5/neutron/Ra223.h5
 Reading Ra224 from /home/diogo/openmc_data/endfb-vii.1-hdf5/neutron/Ra224.h5
 Reading Ra225 from /home/diogo/openmc_data/endfb-vii.1-hdf5/neutron/Ra225.h5
 Reading Ra226 from /home/diogo/openmc_data/endfb-vii.1-hdf5/neutron/Ra226.h5
 Reading Ac225 from /home/diogo/openmc_data/endfb-vii.1-hdf5/neutron/Ac225.h5
 Reading Ac226 from /home/diogo/openmc_data/endfb-vii.1-hdf5/neutron/Ac226.h5
 Reading Ac227 from /home/diogo/openmc_data/endfb-vii.1-hdf5/neutron/Ac227.h5
 Reading Th227 from /home/diogo/openmc_data/endfb-vii.1-hdf5/neutron/Th227.h5
 Reading Th228 from /home/diogo/openmc_data/endfb-vii.1-hdf5/neutron/Th228.h5
 Reading Th229 from /home/diogo/openmc_data/endfb-vii.1-hdf5/neutron/Th229.h5
 Reading Th230 from /home/diogo/openmc_data/endfb-vii.1-hdf5/neutron/Th230.h5
 Reading Th231 from /home/diogo/openmc_data/endfb-vii.1-hdf5/neutron/Th231.h5
 Reading Th232 from /home/diogo/openmc_data/endfb-vii.1-hdf5/neutron/Th232.h5
 Reading Th233 from /home/diogo/openmc_data/endfb-vii.1-hdf5/neutron/Th233.h5
 Reading Th234 from /home/diogo/openmc_data/endfb-vii.1-hdf5/neutron/Th234.h5
 Reading Pa229 from /home/diogo/openmc_data/endfb-vii.1-hdf5/neutron/Pa229.h5
 Reading Pa230 from /home/diogo/openmc_data/endfb-vii.1-hdf5/neutron/Pa230.h5
 Reading Pa231 from /home/diogo/openmc_data/endfb-vii.1-hdf5/neutron/Pa231.h5
 Reading Pa232 from /home/diogo/openmc_data/endfb-vii.1-hdf5/neutron/Pa232.h5
 Reading Pa233 from /home/diogo/openmc_data/endfb-vii.1-hdf5/neutron/Pa233.h5
 Reading U230 from /home/diogo/openmc_data/endfb-vii.1-hdf5/neutron/U230.h5
 Reading U231 from /home/diogo/openmc_data/endfb-vii.1-hdf5/neutron/U231.h5
 Reading U232 from /home/diogo/openmc_data/endfb-vii.1-hdf5/neutron/U232.h5
 Reading U233 from /home/diogo/openmc_data/endfb-vii.1-hdf5/neutron/U233.h5
 Reading U236 from /home/diogo/openmc_data/endfb-vii.1-hdf5/neutron/U236.h5
 Reading U237 from /home/diogo/openmc_data/endfb-vii.1-hdf5/neutron/U237.h5
 Reading U239 from /home/diogo/openmc_data/endfb-vii.1-hdf5/neutron/U239.h5
 Reading U240 from /home/diogo/openmc_data/endfb-vii.1-hdf5/neutron/U240.h5
 Reading U241 from /home/diogo/openmc_data/endfb-vii.1-hdf5/neutron/U241.h5
 Reading Np234 from /home/diogo/openmc_data/endfb-vii.1-hdf5/neutron/Np234.h5
 Reading Np235 from /home/diogo/openmc_data/endfb-vii.1-hdf5/neutron/Np235.h5
 Reading Np236 from /home/diogo/openmc_data/endfb-vii.1-hdf5/neutron/Np236.h5
 Reading Np237 from /home/diogo/openmc_data/endfb-vii.1-hdf5/neutron/Np237.h5
 Reading Np238 from /home/diogo/openmc_data/endfb-vii.1-hdf5/neutron/Np238.h5
 Reading Np239 from /home/diogo/openmc_data/endfb-vii.1-hdf5/neutron/Np239.h5
 Reading Pu236 from /home/diogo/openmc_data/endfb-vii.1-hdf5/neutron/Pu236.h5
 Reading Pu237 from /home/diogo/openmc_data/endfb-vii.1-hdf5/neutron/Pu237.h5
 Reading Pu238 from /home/diogo/openmc_data/endfb-vii.1-hdf5/neutron/Pu238.h5
 Reading Pu239 from /home/diogo/openmc_data/endfb-vii.1-hdf5/neutron/Pu239.h5
 Reading Pu240 from /home/diogo/openmc_data/endfb-vii.1-hdf5/neutron/Pu240.h5
 Reading Pu241 from /home/diogo/openmc_data/endfb-vii.1-hdf5/neutron/Pu241.h5
 Reading Pu242 from /home/diogo/openmc_data/endfb-vii.1-hdf5/neutron/Pu242.h5
 Reading Pu243 from /home/diogo/openmc_data/endfb-vii.1-hdf5/neutron/Pu243.h5
 Reading Pu244 from /home/diogo/openmc_data/endfb-vii.1-hdf5/neutron/Pu244.h5
 Reading Pu246 from /home/diogo/openmc_data/endfb-vii.1-hdf5/neutron/Pu246.h5
 Reading Am240 from /home/diogo/openmc_data/endfb-vii.1-hdf5/neutron/Am240.h5
 Reading Am241 from /home/diogo/openmc_data/endfb-vii.1-hdf5/neutron/Am241.h5
 Reading Am242 from /home/diogo/openmc_data/endfb-vii.1-hdf5/neutron/Am242.h5
 Reading Am242_m1 from
 /home/diogo/openmc_data/endfb-vii.1-hdf5/neutron/Am242_m1.h5
 Reading Am243 from /home/diogo/openmc_data/endfb-vii.1-hdf5/neutron/Am243.h5
 Reading Am244 from /home/diogo/openmc_data/endfb-vii.1-hdf5/neutron/Am244.h5
 Reading Am244_m1 from
 /home/diogo/openmc_data/endfb-vii.1-hdf5/neutron/Am244_m1.h5
 Reading Cm240 from /home/diogo/openmc_data/endfb-vii.1-hdf5/neutron/Cm240.h5
 Reading Cm241 from /home/diogo/openmc_data/endfb-vii.1-hdf5/neutron/Cm241.h5
 Reading Cm242 from /home/diogo/openmc_data/endfb-vii.1-hdf5/neutron/Cm242.h5
 Reading Cm243 from /home/diogo/openmc_data/endfb-vii.1-hdf5/neutron/Cm243.h5
 Reading Cm244 from /home/diogo/openmc_data/endfb-vii.1-hdf5/neutron/Cm244.h5
 Reading Cm245 from /home/diogo/openmc_data/endfb-vii.1-hdf5/neutron/Cm245.h5
 Reading Cm246 from /home/diogo/openmc_data/endfb-vii.1-hdf5/neutron/Cm246.h5
 Reading Cm247 from /home/diogo/openmc_data/endfb-vii.1-hdf5/neutron/Cm247.h5
 Reading Cm248 from /home/diogo/openmc_data/endfb-vii.1-hdf5/neutron/Cm248.h5
 Reading Cm249 from /home/diogo/openmc_data/endfb-vii.1-hdf5/neutron/Cm249.h5
 Reading Cm250 from /home/diogo/openmc_data/endfb-vii.1-hdf5/neutron/Cm250.h5
 Reading Bk245 from /home/diogo/openmc_data/endfb-vii.1-hdf5/neutron/Bk245.h5
 Reading Bk247 from /home/diogo/openmc_data/endfb-vii.1-hdf5/neutron/Bk247.h5
 Reading Bk248 from /home/diogo/openmc_data/endfb-vii.1-hdf5/neutron/Bk248.h5
 Reading Bk249 from /home/diogo/openmc_data/endfb-vii.1-hdf5/neutron/Bk249.h5
 Reading Bk250 from /home/diogo/openmc_data/endfb-vii.1-hdf5/neutron/Bk250.h5
 Reading Cf248 from /home/diogo/openmc_data/endfb-vii.1-hdf5/neutron/Cf248.h5
 Reading Cf249 from /home/diogo/openmc_data/endfb-vii.1-hdf5/neutron/Cf249.h5
 Reading Cf250 from /home/diogo/openmc_data/endfb-vii.1-hdf5/neutron/Cf250.h5
 WARNING: Negative value(s) found on probability table for nuclide Cf250 at 250K
 WARNING: Negative value(s) found on probability table for nuclide Cf250 at 294K
 WARNING: Negative value(s) found on probability table for nuclide Cf250 at 900K
 WARNING: Negative value(s) found on probability table for nuclide Cf250 at
          1200K
 Reading Cf251 from /home/diogo/openmc_data/endfb-vii.1-hdf5/neutron/Cf251.h5
 Reading Ba130 from /home/diogo/openmc_data/endfb-vii.1-hdf5/neutron/Ba130.h5
 Reading Ce136 from /home/diogo/openmc_data/endfb-vii.1-hdf5/neutron/Ce136.h5
 Reading Sm144 from /home/diogo/openmc_data/endfb-vii.1-hdf5/neutron/Sm144.h5
 Reading Au197 from /home/diogo/openmc_data/endfb-vii.1-hdf5/neutron/Au197.h5
 Reading Bk246 from /home/diogo/openmc_data/endfb-vii.1-hdf5/neutron/Bk246.h5
 Reading Cf252 from /home/diogo/openmc_data/endfb-vii.1-hdf5/neutron/Cf252.h5
 Reading Cf253 from /home/diogo/openmc_data/endfb-vii.1-hdf5/neutron/Cf253.h5
 Reading Es251 from /home/diogo/openmc_data/endfb-vii.1-hdf5/neutron/Es251.h5
 Reading Es253 from /home/diogo/openmc_data/endfb-vii.1-hdf5/neutron/Es253.h5
 Reading Es254_m1 from
 /home/diogo/openmc_data/endfb-vii.1-hdf5/neutron/Es254_m1.h5
 Reading Hg198 from /home/diogo/openmc_data/endfb-vii.1-hdf5/neutron/Hg198.h5
 Reading Cf254 from /home/diogo/openmc_data/endfb-vii.1-hdf5/neutron/Cf254.h5
 Reading Es252 from /home/diogo/openmc_data/endfb-vii.1-hdf5/neutron/Es252.h5
 Reading Es254 from /home/diogo/openmc_data/endfb-vii.1-hdf5/neutron/Es254.h5
 Reading Es255 from /home/diogo/openmc_data/endfb-vii.1-hdf5/neutron/Es255.h5
 Reading Fm255 from /home/diogo/openmc_data/endfb-vii.1-hdf5/neutron/Fm255.h5
 Reading Lu175 from /home/diogo/openmc_data/endfb-vii.1-hdf5/neutron/Lu175.h5
 Reading Lu176 from /home/diogo/openmc_data/endfb-vii.1-hdf5/neutron/Lu176.h5
 Reading Hf176 from /home/diogo/openmc_data/endfb-vii.1-hdf5/neutron/Hf176.h5
 Reading Hf177 from /home/diogo/openmc_data/endfb-vii.1-hdf5/neutron/Hf177.h5
 Reading Hf178 from /home/diogo/openmc_data/endfb-vii.1-hdf5/neutron/Hf178.h5
 Reading Hf179 from /home/diogo/openmc_data/endfb-vii.1-hdf5/neutron/Hf179.h5
 Reading Hf180 from /home/diogo/openmc_data/endfb-vii.1-hdf5/neutron/Hf180.h5
 Reading Ta180 from /home/diogo/openmc_data/endfb-vii.1-hdf5/neutron/Ta180.h5
 Reading Ta181 from /home/diogo/openmc_data/endfb-vii.1-hdf5/neutron/Ta181.h5
 Reading Ta182 from /home/diogo/openmc_data/endfb-vii.1-hdf5/neutron/Ta182.h5
 Reading W180 from /home/diogo/openmc_data/endfb-vii.1-hdf5/neutron/W180.h5
 Reading W182 from /home/diogo/openmc_data/endfb-vii.1-hdf5/neutron/W182.h5
 Reading W183 from /home/diogo/openmc_data/endfb-vii.1-hdf5/neutron/W183.h5
 Reading W184 from /home/diogo/openmc_data/endfb-vii.1-hdf5/neutron/W184.h5
 Reading W186 from /home/diogo/openmc_data/endfb-vii.1-hdf5/neutron/W186.h5
 Reading Re185 from /home/diogo/openmc_data/endfb-vii.1-hdf5/neutron/Re185.h5
 Reading Re187 from /home/diogo/openmc_data/endfb-vii.1-hdf5/neutron/Re187.h5
 Reading Ir191 from /home/diogo/openmc_data/endfb-vii.1-hdf5/neutron/Ir191.h5
 Reading Ir193 from /home/diogo/openmc_data/endfb-vii.1-hdf5/neutron/Ir193.h5
 Reading Hg196 from /home/diogo/openmc_data/endfb-vii.1-hdf5/neutron/Hg196.h5
 Reading Ru96 from /home/diogo/openmc_data/endfb-vii.1-hdf5/neutron/Ru96.h5
 Reading Xe123 from /home/diogo/openmc_data/endfb-vii.1-hdf5/neutron/Xe123.h5
 Reading Xe124 from /home/diogo/openmc_data/endfb-vii.1-hdf5/neutron/Xe124.h5
 Reading Hf174 from /home/diogo/openmc_data/endfb-vii.1-hdf5/neutron/Hf174.h5
 Reading Cf246 from /home/diogo/openmc_data/endfb-vii.1-hdf5/neutron/Cf246.h5
 Reading Be9 from /home/diogo/openmc_data/endfb-vii.1-hdf5/neutron/Be9.h5
 Reading Ca48 from /home/diogo/openmc_data/endfb-vii.1-hdf5/neutron/Ca48.h5
 Reading Co58_m1 from
 /home/diogo/openmc_data/endfb-vii.1-hdf5/neutron/Co58_m1.h5
 Maximum neutron transport energy: 20000000 eV for H1
 Initializing source particles...

 ====================>     K EIGENVALUE SIMULATION     <====================

  Bat./Gen.      k       Entropy         Average k 
  =========   ========   ========   ====================
        1/1    0.91702    5.54931
        2/1    0.96661    5.52470
        3/1    0.96276    5.49715
        4/1    0.96353    5.49809
        5/1    0.96304    5.50547
        6/1    0.96042    5.48695
        7/1    0.97178    5.48083
        8/1    0.98034    5.48181
        9/1    0.96795    5.48172
       10/1    0.99246    5.46847
       11/1    0.97417    5.47094
       12/1    0.97261    5.46951
       13/1    0.98894    5.44978
       14/1    0.99499    5.46618
       15/1    0.97328    5.47691
       16/1    0.96510    5.46308
       17/1    0.96750    5.47275
       18/1    0.98070    5.48023
       19/1    0.97615    5.47530
       20/1    0.98444    5.48412
       21/1    0.97423    5.46072
       22/1    1.00406    5.47317
       23/1    0.98436    5.49224
       24/1    0.97541    5.49440
       25/1    0.96602    5.48930
       26/1    0.97391    5.48781
       27/1    0.96946    5.48069
       28/1    0.98675    5.49926
       29/1    0.97206    5.47687
       30/1    0.98561    5.48720
       31/1    0.98577    5.48592
       32/1    0.98264    5.47422
       33/1    0.98059    5.49542
       34/1    0.99574    5.48864
       35/1    0.97588    5.48196
       36/1    0.96788    5.47912
       37/1    0.97429    5.47096
       38/1    0.97746    5.47900
       39/1    0.97409    5.48765
       40/1    0.96599    5.48565
       41/1    0.97338    5.48238
       42/1    0.96583    5.47972
       43/1    0.98323    5.47138
       44/1    0.96697    5.48302
       45/1    0.96997    5.47666
       46/1    0.96318    5.45971
       47/1    0.98215    5.47536
       48/1    1.00847    5.47249
       49/1    0.97423    5.46607
       50/1    0.98351    5.47102
       51/1    1.00052    5.46910
       52/1    0.98847    5.49377
       53/1    0.97616    5.48603
       54/1    0.98364    5.48401
       55/1    0.97696    5.48760
       56/1    0.98211    5.47990
       57/1    0.99113    5.47216
       58/1    0.97711    5.47899
       59/1    0.99309    5.48710
       60/1    0.97502    5.46466
       61/1    0.98608    5.47282
       62/1    0.97529    5.47339    0.98068 +/- 0.00540
       63/1    0.98059    5.46800    0.98065 +/- 0.00312
       64/1    0.97843    5.46921    0.98009 +/- 0.00227
       65/1    0.99961    5.47574    0.98400 +/- 0.00428
       66/1    0.96858    5.47149    0.98143 +/- 0.00434
       67/1    0.97251    5.46423    0.98015 +/- 0.00388
       68/1    0.97263    5.47202    0.97921 +/- 0.00349
       69/1    0.98023    5.47275    0.97933 +/- 0.00308
       70/1    0.99457    5.47435    0.98085 +/- 0.00315
       71/1    0.97501    5.47018    0.98032 +/- 0.00290
       72/1    0.96976    5.46972    0.97944 +/- 0.00279
       73/1    0.99542    5.46054    0.98067 +/- 0.00284
       74/1    0.98011    5.46492    0.98063 +/- 0.00263
       75/1    0.98303    5.46437    0.98079 +/- 0.00246
       76/1    0.95642    5.46994    0.97927 +/- 0.00276
       77/1    0.94970    5.48373    0.97753 +/- 0.00312
       78/1    0.97859    5.46259    0.97759 +/- 0.00294
       79/1    0.98643    5.48039    0.97805 +/- 0.00282
       80/1    0.98871    5.48693    0.97859 +/- 0.00273
       81/1    0.97016    5.48173    0.97818 +/- 0.00263
       82/1    0.97685    5.48029    0.97812 +/- 0.00251
       83/1    0.97507    5.47219    0.97799 +/- 0.00240
       84/1    0.96946    5.47236    0.97764 +/- 0.00232
       85/1    0.97602    5.46434    0.97757 +/- 0.00223
       86/1    0.97457    5.46593    0.97746 +/- 0.00214
       87/1    0.98479    5.47595    0.97773 +/- 0.00208
       88/1    0.97546    5.49057    0.97765 +/- 0.00201
       89/1    0.96812    5.47073    0.97732 +/- 0.00196
       90/1    0.98655    5.47185    0.97762 +/- 0.00192
       91/1    0.96683    5.47912    0.97728 +/- 0.00189
       92/1    0.97880    5.47003    0.97732 +/- 0.00183
       93/1    0.95604    5.47033    0.97668 +/- 0.00189
       94/1    0.98436    5.47528    0.97690 +/- 0.00185
       95/1    0.98228    5.46196    0.97706 +/- 0.00180
       96/1    0.97917    5.46822    0.97712 +/- 0.00175
       97/1    0.98881    5.45996    0.97743 +/- 0.00173
       98/1    0.98536    5.46476    0.97764 +/- 0.00170
       99/1    0.96414    5.46223    0.97730 +/- 0.00169
      100/1    0.97230    5.46504    0.97717 +/- 0.00165
      101/1    0.96582    5.47191    0.97689 +/- 0.00163
      102/1    0.96950    5.47355    0.97672 +/- 0.00160
      103/1    0.96776    5.46796    0.97651 +/- 0.00158
      104/1    0.99779    5.47295    0.97699 +/- 0.00162
      105/1    0.97815    5.46938    0.97702 +/- 0.00158
      106/1    0.95248    5.47191    0.97649 +/- 0.00164
      107/1    0.97747    5.46821    0.97651 +/- 0.00160
      108/1    0.96857    5.47234    0.97634 +/- 0.00158
      109/1    0.97521    5.47381    0.97632 +/- 0.00154
      110/1    0.96666    5.47800    0.97612 +/- 0.00153
      111/1    0.97333    5.46611    0.97607 +/- 0.00150
      112/1    0.98095    5.46802    0.97616 +/- 0.00147
      113/1    0.98015    5.45693    0.97624 +/- 0.00144
      114/1    0.96886    5.46765    0.97610 +/- 0.00142
      115/1    0.96742    5.47212    0.97594 +/- 0.00141
      116/1    0.95375    5.47314    0.97555 +/- 0.00144
      117/1    0.98556    5.48455    0.97572 +/- 0.00142
      118/1    0.98426    5.48012    0.97587 +/- 0.00141
      119/1    0.97833    5.47739    0.97591 +/- 0.00138
      120/1    0.98341    5.47711    0.97604 +/- 0.00136
      121/1    0.99373    5.48050    0.97633 +/- 0.00137
      122/1    0.97886    5.49076    0.97637 +/- 0.00135
      123/1    0.97017    5.47601    0.97627 +/- 0.00133
      124/1    0.97582    5.46911    0.97626 +/- 0.00131
      125/1    0.96578    5.46898    0.97610 +/- 0.00130
      126/1    0.97770    5.46892    0.97613 +/- 0.00128
      127/1    0.98971    5.46830    0.97633 +/- 0.00128
      128/1    0.96608    5.46499    0.97618 +/- 0.00127
      129/1    0.97842    5.45731    0.97621 +/- 0.00125
      130/1    0.97765    5.46403    0.97623 +/- 0.00123
      131/1    0.97223    5.46656    0.97617 +/- 0.00122
      132/1    0.97655    5.45797    0.97618 +/- 0.00120
      133/1    0.98754    5.46913    0.97634 +/- 0.00119
      134/1    0.97214    5.47747    0.97628 +/- 0.00118
      135/1    0.96890    5.47289    0.97618 +/- 0.00117
      136/1    0.98527    5.45835    0.97630 +/- 0.00116
      137/1    0.97655    5.46482    0.97630 +/- 0.00114
      138/1    0.98554    5.47266    0.97642 +/- 0.00113
      139/1    0.97322    5.48535    0.97638 +/- 0.00112
      140/1    0.95859    5.48892    0.97616 +/- 0.00113
      141/1    0.96946    5.47809    0.97608 +/- 0.00112
      142/1    0.99563    5.48490    0.97631 +/- 0.00113
      143/1    0.97135    5.48636    0.97625 +/- 0.00112
      144/1    0.96811    5.48777    0.97616 +/- 0.00111
      145/1    0.98552    5.47874    0.97627 +/- 0.00110
      146/1    0.97615    5.47503    0.97627 +/- 0.00109
      147/1    0.96617    5.46302    0.97615 +/- 0.00108
      148/1    0.96491    5.48094    0.97602 +/- 0.00108
      149/1    0.97164    5.46521    0.97597 +/- 0.00107
      150/1    0.97611    5.48392    0.97597 +/- 0.00105
      151/1    0.98746    5.49135    0.97610 +/- 0.00105
      152/1    0.97289    5.49398    0.97607 +/- 0.00104
      153/1    0.97833    5.50196    0.97609 +/- 0.00103
      154/1    0.98587    5.48325    0.97619 +/- 0.00102
      155/1    0.96048    5.49217    0.97603 +/- 0.00102
      156/1    0.97861    5.48473    0.97606 +/- 0.00101
      157/1    0.98828    5.48862    0.97618 +/- 0.00101
      158/1    0.98284    5.48639    0.97625 +/- 0.00100
      159/1    0.97611    5.49056    0.97625 +/- 0.00099
      160/1    0.98934    5.48620    0.97638 +/- 0.00099
 Creating state point statepoint.160.h5...

 =======================>     TIMING STATISTICS     <=======================

 Total time for initialization     = 5.2777e+01 seconds
   Reading cross sections          = 7.6327e+00 seconds
 Total time in simulation          = 4.0294e+02 seconds
   Time in transport only          = 4.0174e+02 seconds
   Time in inactive batches        = 1.1121e+02 seconds
   Time in active batches          = 2.9173e+02 seconds
   Time synchronizing fission bank = 2.8500e-01 seconds
     Sampling source sites         = 2.4691e-01 seconds
     SEND/RECV source sites        = 3.7435e-02 seconds
   Time accumulating tallies       = 6.4370e-01 seconds
   Time writing statepoints        = 2.2747e-02 seconds
 Total time for finalization       = 1.7787e-02 seconds
 Total time elapsed                = 4.5618e+02 seconds
 Calculation Rate (inactive)       = 10790 particles/second
 Calculation Rate (active)         = 6855.69 particles/second

 ============================>     RESULTS     <============================

 k-effective (Collision)     = 0.97714 +/- 0.00080
 k-effective (Track-length)  = 0.97638 +/- 0.00099
 k-effective (Absorption)    = 0.97759 +/- 0.00077
 Combined k-effective        = 0.97738 +/- 0.00069
 Leakage Fraction            = 0.00755 +/- 0.00007

 Creating state point openmc_simulation_n6.h5...
[openmc.deplete] t=151452106.80437845 s, dt=34617624.412429355 s, source=47715611.008249946
 Maximum neutron transport energy: 20000000 eV for H1
 Initializing source particles...

 ====================>     K EIGENVALUE SIMULATION     <====================

  Bat./Gen.      k       Entropy         Average k 
  =========   ========   ========   ====================
        1/1    0.91321    5.54526
        2/1    0.93097    5.52962
        3/1    0.92749    5.51913
        4/1    0.94029    5.51153
        5/1    0.94755    5.48140
        6/1    0.95370    5.48880
        7/1    0.95381    5.48506
        8/1    0.97027    5.49150
        9/1    0.94630    5.49694
       10/1    0.93893    5.49230
       11/1    0.94284    5.50478
       12/1    0.96012    5.49192
       13/1    0.95958    5.49351
       14/1    0.96204    5.49156
       15/1    0.95176    5.48154
       16/1    0.94175    5.48256
       17/1    0.95066    5.49632
       18/1    0.93501    5.49557
       19/1    0.95248    5.49132
       20/1    0.95445    5.49177
       21/1    0.94044    5.47712
       22/1    0.94848    5.48827
       23/1    0.95180    5.47795
       24/1    0.95165    5.48369
       25/1    0.95591    5.47738
       26/1    0.96262    5.48763
       27/1    0.95181    5.49623
       28/1    0.95993    5.48765
       29/1    0.95478    5.48287
       30/1    0.94317    5.50069
       31/1    0.94387    5.49707
       32/1    0.95658    5.49669
       33/1    0.95367    5.49766
       34/1    0.96860    5.48907
       35/1    0.94479    5.48224
       36/1    0.94670    5.48791
       37/1    0.97006    5.47876
       38/1    0.95670    5.46670
       39/1    0.95687    5.47085
       40/1    0.95732    5.47827
       41/1    0.94371    5.48389
       42/1    0.96149    5.48530
       43/1    0.95639    5.48549
       44/1    0.95227    5.48828
       45/1    0.93934    5.48229
       46/1    0.96306    5.47401
       47/1    0.95130    5.48355
       48/1    0.94931    5.48202
       49/1    0.93679    5.49273
       50/1    0.94892    5.48431
       51/1    0.96132    5.48103
       52/1    0.96375    5.46378
       53/1    0.94593    5.47726
       54/1    0.94147    5.47632
       55/1    0.95804    5.47452
       56/1    0.93917    5.47537
       57/1    0.94640    5.47639
       58/1    0.94147    5.47949
       59/1    0.95189    5.47299
       60/1    0.94430    5.48604
       61/1    0.93812    5.48084
       62/1    0.93850    5.48278    0.93831 +/- 0.00019
       63/1    0.95261    5.49422    0.94307 +/- 0.00477
       64/1    0.94522    5.49170    0.94361 +/- 0.00341
       65/1    0.94321    5.47822    0.94353 +/- 0.00265
       66/1    0.96416    5.47565    0.94697 +/- 0.00406
       67/1    0.96065    5.47963    0.94892 +/- 0.00395
       68/1    0.94566    5.49060    0.94851 +/- 0.00344
       69/1    0.95092    5.49132    0.94878 +/- 0.00305
       70/1    0.96191    5.50453    0.95009 +/- 0.00303
       71/1    0.93845    5.49911    0.94904 +/- 0.00294
       72/1    0.95693    5.47725    0.94969 +/- 0.00276
       73/1    0.93853    5.47654    0.94884 +/- 0.00268
       74/1    0.95878    5.47855    0.94955 +/- 0.00258
       75/1    0.95312    5.50459    0.94978 +/- 0.00241
       76/1    0.93795    5.49170    0.94904 +/- 0.00238
       77/1    0.94043    5.48909    0.94854 +/- 0.00229
       78/1    0.94004    5.46923    0.94806 +/- 0.00221
       79/1    0.94826    5.48499    0.94808 +/- 0.00209
       80/1    0.94241    5.47752    0.94779 +/- 0.00200
       81/1    0.96260    5.48495    0.94850 +/- 0.00203
       82/1    0.95987    5.49182    0.94901 +/- 0.00200
       83/1    0.94355    5.49282    0.94878 +/- 0.00193
       84/1    0.94013    5.51280    0.94842 +/- 0.00188
       85/1    0.95923    5.49484    0.94885 +/- 0.00186
       86/1    0.94403    5.47827    0.94866 +/- 0.00179
       87/1    0.94491    5.49015    0.94852 +/- 0.00173
       88/1    0.95208    5.48853    0.94865 +/- 0.00167
       89/1    0.94799    5.48280    0.94863 +/- 0.00161
       90/1    0.96442    5.47451    0.94916 +/- 0.00165
       91/1    0.94069    5.49279    0.94888 +/- 0.00162
       92/1    0.95486    5.48602    0.94907 +/- 0.00158
       93/1    0.94964    5.48287    0.94909 +/- 0.00153
       94/1    0.93046    5.46718    0.94854 +/- 0.00158
       95/1    0.93889    5.47184    0.94826 +/- 0.00156
       96/1    0.95303    5.47877    0.94840 +/- 0.00152
       97/1    0.94298    5.48491    0.94825 +/- 0.00149
       98/1    0.95935    5.49555    0.94854 +/- 0.00148
       99/1    0.94722    5.48620    0.94851 +/- 0.00144
      100/1    0.93344    5.47791    0.94813 +/- 0.00145
      101/1    0.94465    5.47866    0.94805 +/- 0.00142
      102/1    0.93757    5.48840    0.94780 +/- 0.00141
      103/1    0.95808    5.48039    0.94804 +/- 0.00139
      104/1    0.95832    5.48877    0.94827 +/- 0.00138
      105/1    0.95281    5.48779    0.94837 +/- 0.00135
      106/1    0.94214    5.48172    0.94823 +/- 0.00133
      107/1    0.95219    5.46310    0.94832 +/- 0.00131
      108/1    0.95147    5.47424    0.94838 +/- 0.00128
      109/1    0.95916    5.47038    0.94860 +/- 0.00127
      110/1    0.93915    5.47090    0.94842 +/- 0.00126
      111/1    0.94772    5.48572    0.94840 +/- 0.00124
      112/1    0.94348    5.48376    0.94831 +/- 0.00122
      113/1    0.94433    5.49230    0.94823 +/- 0.00119
      114/1    0.93578    5.49290    0.94800 +/- 0.00119
      115/1    0.96057    5.49346    0.94823 +/- 0.00119
      116/1    0.93983    5.49298    0.94808 +/- 0.00118
      117/1    0.95767    5.49318    0.94825 +/- 0.00117
      118/1    0.93737    5.48888    0.94806 +/- 0.00117
      119/1    0.93924    5.49385    0.94791 +/- 0.00116
      120/1    0.95132    5.48037    0.94797 +/- 0.00114
      121/1    0.94545    5.47645    0.94793 +/- 0.00112
      122/1    0.93564    5.47164    0.94773 +/- 0.00112
      123/1    0.96389    5.47287    0.94798 +/- 0.00113
      124/1    0.94671    5.47410    0.94796 +/- 0.00112
      125/1    0.95319    5.48526    0.94805 +/- 0.00110
      126/1    0.96813    5.49236    0.94835 +/- 0.00113
      127/1    0.97355    5.50043    0.94873 +/- 0.00117
      128/1    0.96305    5.49475    0.94894 +/- 0.00117
      129/1    0.94948    5.49823    0.94894 +/- 0.00116
      130/1    0.93391    5.48336    0.94873 +/- 0.00116
      131/1    0.95150    5.48081    0.94877 +/- 0.00114
      132/1    0.95182    5.48857    0.94881 +/- 0.00113
      133/1    0.95083    5.47703    0.94884 +/- 0.00111
      134/1    0.94654    5.47962    0.94881 +/- 0.00110
      135/1    0.93785    5.47242    0.94866 +/- 0.00109
      136/1    0.94512    5.47787    0.94861 +/- 0.00108
      137/1    0.94330    5.47826    0.94855 +/- 0.00107
      138/1    0.94731    5.47698    0.94853 +/- 0.00105
      139/1    0.94151    5.44921    0.94844 +/- 0.00104
      140/1    0.97475    5.46462    0.94877 +/- 0.00108
      141/1    0.95381    5.47279    0.94883 +/- 0.00107
      142/1    0.95861    5.46749    0.94895 +/- 0.00106
      143/1    0.94325    5.48010    0.94888 +/- 0.00105
      144/1    0.94356    5.48263    0.94882 +/- 0.00104
      145/1    0.94251    5.48996    0.94875 +/- 0.00103
      146/1    0.94741    5.47897    0.94873 +/- 0.00102
      147/1    0.93983    5.49436    0.94863 +/- 0.00102
      148/1    0.94932    5.47871    0.94864 +/- 0.00100
      149/1    0.94459    5.49349    0.94859 +/- 0.00099
      150/1    0.94383    5.49792    0.94854 +/- 0.00098
      151/1    0.94471    5.48821    0.94849 +/- 0.00097
      152/1    0.95417    5.49019    0.94856 +/- 0.00096
      153/1    0.95831    5.49191    0.94866 +/- 0.00096
      154/1    0.95747    5.48868    0.94875 +/- 0.00095
      155/1    0.94074    5.50238    0.94867 +/- 0.00095
      156/1    0.95525    5.50590    0.94874 +/- 0.00094
      157/1    0.95884    5.51340    0.94884 +/- 0.00094
      158/1    0.95701    5.49334    0.94893 +/- 0.00093
      159/1    0.93805    5.49434    0.94882 +/- 0.00093
      160/1    0.95449    5.49209    0.94887 +/- 0.00092
 Creating state point statepoint.160.h5...

 =======================>     TIMING STATISTICS     <=======================

 Total time for initialization     = 0.0000e+00 seconds
   Reading cross sections          = 0.0000e+00 seconds
 Total time in simulation          = 3.8569e+02 seconds
   Time in transport only          = 3.8446e+02 seconds
   Time in inactive batches        = 1.0275e+02 seconds
   Time in active batches          = 2.8294e+02 seconds
   Time synchronizing fission bank = 2.8562e-01 seconds
     Sampling source sites         = 2.4956e-01 seconds
     SEND/RECV source sites        = 3.5311e-02 seconds
   Time accumulating tallies       = 6.6080e-01 seconds
   Time writing statepoints        = 1.6882e-02 seconds
 Total time for finalization       = 1.0549e-02 seconds
 Total time elapsed                = 3.8618e+02 seconds
 Calculation Rate (inactive)       = 11678.5 particles/second
 Calculation Rate (active)         = 7068.64 particles/second

 ============================>     RESULTS     <============================

 k-effective (Collision)     = 0.95030 +/- 0.00077
 k-effective (Track-length)  = 0.94887 +/- 0.00092
 k-effective (Absorption)    = 0.95114 +/- 0.00071
 Combined k-effective        = 0.95063 +/- 0.00063
 Leakage Fraction            = 0.00794 +/- 0.00007

 Creating state point openmc_simulation_n7.h5...
[openmc.deplete] t=186069731.2168078 (final operator evaluation)
      chunk 1: B  21.50 MWd/kgHM k 0.95063 (target 0.97065) [55.7 min]
[d70] EFPD 1853.8 d (archive 2279.7), c_max 1840 (archive 1840), hump +0 pcm [8 solves, 0.93 h]
[d88] 3D hardware core, 8 layers, 14 fuel segments, 96 depletable materials, seed 282237008, transport {'particles': 20000, 'batches': 160, 'inactive': 60}, end of cycle relative, ratio 0.95162
                                %%%%%%%%%%%%%%%
                           %%%%%%%%%%%%%%%%%%%%%%%%
                        %%%%%%%%%%%%%%%%%%%%%%%%%%%%%%
                      %%%%%%%%%%%%%%%%%%%%%%%%%%%%%%%%%%
                    %%%%%%%%%%%%%%%%%%%%%%%%%%%%%%%%%%%%%%
                   %%%%%%%%%%%%%%%%%%%%%%%%%%%%%%%%%%%%%%%%
                                    %%%%%%%%%%%%%%%%%%%%%%%%
                                     %%%%%%%%%%%%%%%%%%%%%%%%
                 ###############      %%%%%%%%%%%%%%%%%%%%%%%%
                ##################     %%%%%%%%%%%%%%%%%%%%%%%
                ###################     %%%%%%%%%%%%%%%%%%%%%%%
                ####################     %%%%%%%%%%%%%%%%%%%%%%
                #####################     %%%%%%%%%%%%%%%%%%%%%
                ######################     %%%%%%%%%%%%%%%%%%%%
                #######################     %%%%%%%%%%%%%%%%%%
                 #######################     %%%%%%%%%%%%%%%%%
                 ######################     %%%%%%%%%%%%%%%%%
                  ####################     %%%%%%%%%%%%%%%%%
                    #################     %%%%%%%%%%%%%%%%%
                     ###############     %%%%%%%%%%%%%%%%
                       ############     %%%%%%%%%%%%%%%
                          ########     %%%%%%%%%%%%%%
                                      %%%%%%%%%%%

                 | The OpenMC Monte Carlo Code
       Copyright | 2011-2025 MIT, UChicago Argonne LLC, and contributors
         License | https://docs.openmc.org/en/latest/license.html
         Version | 0.15.3
     Commit Hash | 27e38e894697bb32a1dac7848d2618818b6b8daf
       Date/Time | 2026-09-28 06:03:55
   MPI Processes | 1
  OpenMP Threads | 64

 Reading settings XML file...
 Reading cross sections XML file...
 Reading chain file: /home/diogo/openmc_data/chain_endfb71_pwr.xml...
 Reading materials XML file...
 Reading geometry XML file...
 Reading H1 from /home/diogo/openmc_data/endfb-vii.1-hdf5/neutron/H1.h5
 Reading H2 from /home/diogo/openmc_data/endfb-vii.1-hdf5/neutron/H2.h5
 Reading B10 from /home/diogo/openmc_data/endfb-vii.1-hdf5/neutron/B10.h5
 Reading B11 from /home/diogo/openmc_data/endfb-vii.1-hdf5/neutron/B11.h5
 Reading O16 from /home/diogo/openmc_data/endfb-vii.1-hdf5/neutron/O16.h5
 Reading O17 from /home/diogo/openmc_data/endfb-vii.1-hdf5/neutron/O17.h5
 Reading Cr50 from /home/diogo/openmc_data/endfb-vii.1-hdf5/neutron/Cr50.h5
 Reading Cr52 from /home/diogo/openmc_data/endfb-vii.1-hdf5/neutron/Cr52.h5
 Reading Cr53 from /home/diogo/openmc_data/endfb-vii.1-hdf5/neutron/Cr53.h5
 Reading Cr54 from /home/diogo/openmc_data/endfb-vii.1-hdf5/neutron/Cr54.h5
 Reading Mn55 from /home/diogo/openmc_data/endfb-vii.1-hdf5/neutron/Mn55.h5
 Reading Fe54 from /home/diogo/openmc_data/endfb-vii.1-hdf5/neutron/Fe54.h5
 Reading Fe56 from /home/diogo/openmc_data/endfb-vii.1-hdf5/neutron/Fe56.h5
 Reading Fe57 from /home/diogo/openmc_data/endfb-vii.1-hdf5/neutron/Fe57.h5
 Reading Fe58 from /home/diogo/openmc_data/endfb-vii.1-hdf5/neutron/Fe58.h5
 Reading Ni58 from /home/diogo/openmc_data/endfb-vii.1-hdf5/neutron/Ni58.h5
 Reading Ni60 from /home/diogo/openmc_data/endfb-vii.1-hdf5/neutron/Ni60.h5
 Reading Ni61 from /home/diogo/openmc_data/endfb-vii.1-hdf5/neutron/Ni61.h5
 Reading Ni62 from /home/diogo/openmc_data/endfb-vii.1-hdf5/neutron/Ni62.h5
 Reading Ni64 from /home/diogo/openmc_data/endfb-vii.1-hdf5/neutron/Ni64.h5
 Reading Zr90 from /home/diogo/openmc_data/endfb-vii.1-hdf5/neutron/Zr90.h5
 Reading Zr91 from /home/diogo/openmc_data/endfb-vii.1-hdf5/neutron/Zr91.h5
 Reading Zr92 from /home/diogo/openmc_data/endfb-vii.1-hdf5/neutron/Zr92.h5
 Reading Zr94 from /home/diogo/openmc_data/endfb-vii.1-hdf5/neutron/Zr94.h5
 Reading Zr96 from /home/diogo/openmc_data/endfb-vii.1-hdf5/neutron/Zr96.h5
 Reading Sn112 from /home/diogo/openmc_data/endfb-vii.1-hdf5/neutron/Sn112.h5
 Reading Sn114 from /home/diogo/openmc_data/endfb-vii.1-hdf5/neutron/Sn114.h5
 Reading Sn115 from /home/diogo/openmc_data/endfb-vii.1-hdf5/neutron/Sn115.h5
 Reading Sn116 from /home/diogo/openmc_data/endfb-vii.1-hdf5/neutron/Sn116.h5
 Reading Sn117 from /home/diogo/openmc_data/endfb-vii.1-hdf5/neutron/Sn117.h5
 Reading Sn118 from /home/diogo/openmc_data/endfb-vii.1-hdf5/neutron/Sn118.h5
 Reading Sn119 from /home/diogo/openmc_data/endfb-vii.1-hdf5/neutron/Sn119.h5
 Reading Sn120 from /home/diogo/openmc_data/endfb-vii.1-hdf5/neutron/Sn120.h5
 Reading Sn122 from /home/diogo/openmc_data/endfb-vii.1-hdf5/neutron/Sn122.h5
 Reading Sn124 from /home/diogo/openmc_data/endfb-vii.1-hdf5/neutron/Sn124.h5
 Reading He3 from /home/diogo/openmc_data/endfb-vii.1-hdf5/neutron/He3.h5
 Reading He4 from /home/diogo/openmc_data/endfb-vii.1-hdf5/neutron/He4.h5
 Reading U234 from /home/diogo/openmc_data/endfb-vii.1-hdf5/neutron/U234.h5
 Reading U235 from /home/diogo/openmc_data/endfb-vii.1-hdf5/neutron/U235.h5
 Reading U238 from /home/diogo/openmc_data/endfb-vii.1-hdf5/neutron/U238.h5
 Reading Gd152 from /home/diogo/openmc_data/endfb-vii.1-hdf5/neutron/Gd152.h5
 Reading Gd154 from /home/diogo/openmc_data/endfb-vii.1-hdf5/neutron/Gd154.h5
 Reading Gd155 from /home/diogo/openmc_data/endfb-vii.1-hdf5/neutron/Gd155.h5
 Reading Gd156 from /home/diogo/openmc_data/endfb-vii.1-hdf5/neutron/Gd156.h5
 Reading Gd157 from /home/diogo/openmc_data/endfb-vii.1-hdf5/neutron/Gd157.h5
 Reading Gd158 from /home/diogo/openmc_data/endfb-vii.1-hdf5/neutron/Gd158.h5
 Reading Gd160 from /home/diogo/openmc_data/endfb-vii.1-hdf5/neutron/Gd160.h5
 Reading Si28 from /home/diogo/openmc_data/endfb-vii.1-hdf5/neutron/Si28.h5
 Reading Si29 from /home/diogo/openmc_data/endfb-vii.1-hdf5/neutron/Si29.h5
 Reading Si30 from /home/diogo/openmc_data/endfb-vii.1-hdf5/neutron/Si30.h5
 Reading Ag107 from /home/diogo/openmc_data/endfb-vii.1-hdf5/neutron/Ag107.h5
 Reading Ag109 from /home/diogo/openmc_data/endfb-vii.1-hdf5/neutron/Ag109.h5
 Reading Cd106 from /home/diogo/openmc_data/endfb-vii.1-hdf5/neutron/Cd106.h5
 WARNING: Negative value(s) found on probability table for nuclide Cd106 at 294K
 WARNING: Negative value(s) found on probability table for nuclide Cd106 at 600K
 WARNING: Negative value(s) found on probability table for nuclide Cd106 at 900K
 WARNING: Negative value(s) found on probability table for nuclide Cd106 at
          1200K
 WARNING: Negative value(s) found on probability table for nuclide Cd106 at
          2500K
 Reading Cd108 from /home/diogo/openmc_data/endfb-vii.1-hdf5/neutron/Cd108.h5
 Reading Cd110 from /home/diogo/openmc_data/endfb-vii.1-hdf5/neutron/Cd110.h5
 Reading Cd111 from /home/diogo/openmc_data/endfb-vii.1-hdf5/neutron/Cd111.h5
 Reading Cd112 from /home/diogo/openmc_data/endfb-vii.1-hdf5/neutron/Cd112.h5
 Reading Cd113 from /home/diogo/openmc_data/endfb-vii.1-hdf5/neutron/Cd113.h5
 Reading Cd114 from /home/diogo/openmc_data/endfb-vii.1-hdf5/neutron/Cd114.h5
 Reading Cd116 from /home/diogo/openmc_data/endfb-vii.1-hdf5/neutron/Cd116.h5
 Reading In113 from /home/diogo/openmc_data/endfb-vii.1-hdf5/neutron/In113.h5
 Reading In115 from /home/diogo/openmc_data/endfb-vii.1-hdf5/neutron/In115.h5
 Reading c_H_in_H2O from
 /home/diogo/openmc_data/endfb-vii.1-hdf5/neutron/c_H_in_H2O.h5
 Minimum neutron data temperature: 0 K
 Maximum neutron data temperature: 1.7976931348623157e+308 K
 Reading tallies XML file...
 Preparing distributed cell instances...
 Reading plot XML file...
 Writing summary.h5 file...
 Reading H3 from /home/diogo/openmc_data/endfb-vii.1-hdf5/neutron/H3.h5
 Reading Li6 from /home/diogo/openmc_data/endfb-vii.1-hdf5/neutron/Li6.h5
 Reading Li7 from /home/diogo/openmc_data/endfb-vii.1-hdf5/neutron/Li7.h5
 Reading Be9 from /home/diogo/openmc_data/endfb-vii.1-hdf5/neutron/Be9.h5
 Reading N14 from /home/diogo/openmc_data/endfb-vii.1-hdf5/neutron/N14.h5
 Reading N15 from /home/diogo/openmc_data/endfb-vii.1-hdf5/neutron/N15.h5
 Reading F19 from /home/diogo/openmc_data/endfb-vii.1-hdf5/neutron/F19.h5
 Reading Na22 from /home/diogo/openmc_data/endfb-vii.1-hdf5/neutron/Na22.h5
 WARNING: Negative value(s) found on probability table for nuclide Na22 at 250K
 WARNING: Negative value(s) found on probability table for nuclide Na22 at 294K
 WARNING: Negative value(s) found on probability table for nuclide Na22 at 600K
 WARNING: Negative value(s) found on probability table for nuclide Na22 at 900K
 WARNING: Negative value(s) found on probability table for nuclide Na22 at 1200K
 WARNING: Negative value(s) found on probability table for nuclide Na22 at 2500K
 Reading Na23 from /home/diogo/openmc_data/endfb-vii.1-hdf5/neutron/Na23.h5
 Reading Mg24 from /home/diogo/openmc_data/endfb-vii.1-hdf5/neutron/Mg24.h5
 Reading Mg25 from /home/diogo/openmc_data/endfb-vii.1-hdf5/neutron/Mg25.h5
 Reading Mg26 from /home/diogo/openmc_data/endfb-vii.1-hdf5/neutron/Mg26.h5
 Reading Al27 from /home/diogo/openmc_data/endfb-vii.1-hdf5/neutron/Al27.h5
 Reading P31 from /home/diogo/openmc_data/endfb-vii.1-hdf5/neutron/P31.h5
 Reading S32 from /home/diogo/openmc_data/endfb-vii.1-hdf5/neutron/S32.h5
 Reading S33 from /home/diogo/openmc_data/endfb-vii.1-hdf5/neutron/S33.h5
 Reading S34 from /home/diogo/openmc_data/endfb-vii.1-hdf5/neutron/S34.h5
 Reading S36 from /home/diogo/openmc_data/endfb-vii.1-hdf5/neutron/S36.h5
 Reading Cl35 from /home/diogo/openmc_data/endfb-vii.1-hdf5/neutron/Cl35.h5
 Reading Cl37 from /home/diogo/openmc_data/endfb-vii.1-hdf5/neutron/Cl37.h5
 Reading Ar36 from /home/diogo/openmc_data/endfb-vii.1-hdf5/neutron/Ar36.h5
 WARNING: Negative value(s) found on probability table for nuclide Ar36 at 250K
 WARNING: Negative value(s) found on probability table for nuclide Ar36 at 294K
 WARNING: Negative value(s) found on probability table for nuclide Ar36 at 600K
 WARNING: Negative value(s) found on probability table for nuclide Ar36 at 900K
 WARNING: Negative value(s) found on probability table for nuclide Ar36 at 1200K
 WARNING: Negative value(s) found on probability table for nuclide Ar36 at 2500K
 Reading Ar38 from /home/diogo/openmc_data/endfb-vii.1-hdf5/neutron/Ar38.h5
 Reading Ar40 from /home/diogo/openmc_data/endfb-vii.1-hdf5/neutron/Ar40.h5
 Reading K39 from /home/diogo/openmc_data/endfb-vii.1-hdf5/neutron/K39.h5
 Reading K40 from /home/diogo/openmc_data/endfb-vii.1-hdf5/neutron/K40.h5
 Reading K41 from /home/diogo/openmc_data/endfb-vii.1-hdf5/neutron/K41.h5
 Reading Ca40 from /home/diogo/openmc_data/endfb-vii.1-hdf5/neutron/Ca40.h5
 Reading Ca42 from /home/diogo/openmc_data/endfb-vii.1-hdf5/neutron/Ca42.h5
 Reading Ca43 from /home/diogo/openmc_data/endfb-vii.1-hdf5/neutron/Ca43.h5
 Reading Ca44 from /home/diogo/openmc_data/endfb-vii.1-hdf5/neutron/Ca44.h5
 Reading Ca46 from /home/diogo/openmc_data/endfb-vii.1-hdf5/neutron/Ca46.h5
 Reading Ca48 from /home/diogo/openmc_data/endfb-vii.1-hdf5/neutron/Ca48.h5
 Reading Sc45 from /home/diogo/openmc_data/endfb-vii.1-hdf5/neutron/Sc45.h5
 Reading Ti46 from /home/diogo/openmc_data/endfb-vii.1-hdf5/neutron/Ti46.h5
 Reading Ti47 from /home/diogo/openmc_data/endfb-vii.1-hdf5/neutron/Ti47.h5
 Reading Ti48 from /home/diogo/openmc_data/endfb-vii.1-hdf5/neutron/Ti48.h5
 Reading Ti49 from /home/diogo/openmc_data/endfb-vii.1-hdf5/neutron/Ti49.h5
 Reading Ti50 from /home/diogo/openmc_data/endfb-vii.1-hdf5/neutron/Ti50.h5
 Reading V50 from /home/diogo/openmc_data/endfb-vii.1-hdf5/neutron/V50.h5
 Reading V51 from /home/diogo/openmc_data/endfb-vii.1-hdf5/neutron/V51.h5
 Reading Co58 from /home/diogo/openmc_data/endfb-vii.1-hdf5/neutron/Co58.h5
 Reading Co58_m1 from
 /home/diogo/openmc_data/endfb-vii.1-hdf5/neutron/Co58_m1.h5
 Reading Co59 from /home/diogo/openmc_data/endfb-vii.1-hdf5/neutron/Co59.h5
 Reading Ni59 from /home/diogo/openmc_data/endfb-vii.1-hdf5/neutron/Ni59.h5
 Reading Cu63 from /home/diogo/openmc_data/endfb-vii.1-hdf5/neutron/Cu63.h5
 Reading Cu65 from /home/diogo/openmc_data/endfb-vii.1-hdf5/neutron/Cu65.h5
 Reading Zn64 from /home/diogo/openmc_data/endfb-vii.1-hdf5/neutron/Zn64.h5
 Reading Zn65 from /home/diogo/openmc_data/endfb-vii.1-hdf5/neutron/Zn65.h5
 Reading Zn66 from /home/diogo/openmc_data/endfb-vii.1-hdf5/neutron/Zn66.h5
 Reading Zn67 from /home/diogo/openmc_data/endfb-vii.1-hdf5/neutron/Zn67.h5
 Reading Zn68 from /home/diogo/openmc_data/endfb-vii.1-hdf5/neutron/Zn68.h5
 Reading Zn70 from /home/diogo/openmc_data/endfb-vii.1-hdf5/neutron/Zn70.h5
 Reading Ga69 from /home/diogo/openmc_data/endfb-vii.1-hdf5/neutron/Ga69.h5
 Reading Ga71 from /home/diogo/openmc_data/endfb-vii.1-hdf5/neutron/Ga71.h5
 Reading Ge70 from /home/diogo/openmc_data/endfb-vii.1-hdf5/neutron/Ge70.h5
 Reading Ge72 from /home/diogo/openmc_data/endfb-vii.1-hdf5/neutron/Ge72.h5
 Reading Ge73 from /home/diogo/openmc_data/endfb-vii.1-hdf5/neutron/Ge73.h5
 Reading Ge74 from /home/diogo/openmc_data/endfb-vii.1-hdf5/neutron/Ge74.h5
 Reading Ge76 from /home/diogo/openmc_data/endfb-vii.1-hdf5/neutron/Ge76.h5
 Reading As74 from /home/diogo/openmc_data/endfb-vii.1-hdf5/neutron/As74.h5
 Reading As75 from /home/diogo/openmc_data/endfb-vii.1-hdf5/neutron/As75.h5
 Reading Se74 from /home/diogo/openmc_data/endfb-vii.1-hdf5/neutron/Se74.h5
 Reading Se76 from /home/diogo/openmc_data/endfb-vii.1-hdf5/neutron/Se76.h5
 Reading Se77 from /home/diogo/openmc_data/endfb-vii.1-hdf5/neutron/Se77.h5
 Reading Se78 from /home/diogo/openmc_data/endfb-vii.1-hdf5/neutron/Se78.h5
 Reading Se79 from /home/diogo/openmc_data/endfb-vii.1-hdf5/neutron/Se79.h5
 WARNING: Negative value(s) found on probability table for nuclide Se79 at 250K
 WARNING: Negative value(s) found on probability table for nuclide Se79 at 294K
 WARNING: Negative value(s) found on probability table for nuclide Se79 at 600K
 WARNING: Negative value(s) found on probability table for nuclide Se79 at 900K
 WARNING: Negative value(s) found on probability table for nuclide Se79 at 1200K
 Reading Se80 from /home/diogo/openmc_data/endfb-vii.1-hdf5/neutron/Se80.h5
 Reading Se82 from /home/diogo/openmc_data/endfb-vii.1-hdf5/neutron/Se82.h5
 Reading Br79 from /home/diogo/openmc_data/endfb-vii.1-hdf5/neutron/Br79.h5
 Reading Br81 from /home/diogo/openmc_data/endfb-vii.1-hdf5/neutron/Br81.h5
 Reading Kr78 from /home/diogo/openmc_data/endfb-vii.1-hdf5/neutron/Kr78.h5
 Reading Kr80 from /home/diogo/openmc_data/endfb-vii.1-hdf5/neutron/Kr80.h5
 Reading Kr82 from /home/diogo/openmc_data/endfb-vii.1-hdf5/neutron/Kr82.h5
 Reading Kr83 from /home/diogo/openmc_data/endfb-vii.1-hdf5/neutron/Kr83.h5
 Reading Kr84 from /home/diogo/openmc_data/endfb-vii.1-hdf5/neutron/Kr84.h5
 Reading Kr85 from /home/diogo/openmc_data/endfb-vii.1-hdf5/neutron/Kr85.h5
 Reading Kr86 from /home/diogo/openmc_data/endfb-vii.1-hdf5/neutron/Kr86.h5
 Reading Rb85 from /home/diogo/openmc_data/endfb-vii.1-hdf5/neutron/Rb85.h5
 Reading Rb86 from /home/diogo/openmc_data/endfb-vii.1-hdf5/neutron/Rb86.h5
 Reading Rb87 from /home/diogo/openmc_data/endfb-vii.1-hdf5/neutron/Rb87.h5
 Reading Sr84 from /home/diogo/openmc_data/endfb-vii.1-hdf5/neutron/Sr84.h5
 Reading Sr86 from /home/diogo/openmc_data/endfb-vii.1-hdf5/neutron/Sr86.h5
 Reading Sr87 from /home/diogo/openmc_data/endfb-vii.1-hdf5/neutron/Sr87.h5
 Reading Sr88 from /home/diogo/openmc_data/endfb-vii.1-hdf5/neutron/Sr88.h5
 Reading Sr89 from /home/diogo/openmc_data/endfb-vii.1-hdf5/neutron/Sr89.h5
 Reading Sr90 from /home/diogo/openmc_data/endfb-vii.1-hdf5/neutron/Sr90.h5
 Reading Y89 from /home/diogo/openmc_data/endfb-vii.1-hdf5/neutron/Y89.h5
 Reading Y90 from /home/diogo/openmc_data/endfb-vii.1-hdf5/neutron/Y90.h5
 Reading Y91 from /home/diogo/openmc_data/endfb-vii.1-hdf5/neutron/Y91.h5
 Reading Zr93 from /home/diogo/openmc_data/endfb-vii.1-hdf5/neutron/Zr93.h5
 Reading Zr95 from /home/diogo/openmc_data/endfb-vii.1-hdf5/neutron/Zr95.h5
 Reading Nb93 from /home/diogo/openmc_data/endfb-vii.1-hdf5/neutron/Nb93.h5
 Reading Nb94 from /home/diogo/openmc_data/endfb-vii.1-hdf5/neutron/Nb94.h5
 WARNING: Negative value(s) found on probability table for nuclide Nb94 at 250K
 WARNING: Negative value(s) found on probability table for nuclide Nb94 at 294K
 WARNING: Negative value(s) found on probability table for nuclide Nb94 at 600K
 WARNING: Negative value(s) found on probability table for nuclide Nb94 at 900K
 WARNING: Negative value(s) found on probability table for nuclide Nb94 at 1200K
 WARNING: Negative value(s) found on probability table for nuclide Nb94 at 2500K
 Reading Nb95 from /home/diogo/openmc_data/endfb-vii.1-hdf5/neutron/Nb95.h5
 WARNING: Negative value(s) found on probability table for nuclide Nb95 at 250K
 WARNING: Negative value(s) found on probability table for nuclide Nb95 at 294K
 WARNING: Negative value(s) found on probability table for nuclide Nb95 at 600K
 WARNING: Negative value(s) found on probability table for nuclide Nb95 at 900K
 WARNING: Negative value(s) found on probability table for nuclide Nb95 at 1200K
 Reading Mo92 from /home/diogo/openmc_data/endfb-vii.1-hdf5/neutron/Mo92.h5
 Reading Mo94 from /home/diogo/openmc_data/endfb-vii.1-hdf5/neutron/Mo94.h5
 Reading Mo95 from /home/diogo/openmc_data/endfb-vii.1-hdf5/neutron/Mo95.h5
 Reading Mo96 from /home/diogo/openmc_data/endfb-vii.1-hdf5/neutron/Mo96.h5
 Reading Mo97 from /home/diogo/openmc_data/endfb-vii.1-hdf5/neutron/Mo97.h5
 Reading Mo98 from /home/diogo/openmc_data/endfb-vii.1-hdf5/neutron/Mo98.h5
 Reading Mo99 from /home/diogo/openmc_data/endfb-vii.1-hdf5/neutron/Mo99.h5
 WARNING: Negative value(s) found on probability table for nuclide Mo99 at 250K
 WARNING: Negative value(s) found on probability table for nuclide Mo99 at 294K
 WARNING: Negative value(s) found on probability table for nuclide Mo99 at 600K
 WARNING: Negative value(s) found on probability table for nuclide Mo99 at 900K
 WARNING: Negative value(s) found on probability table for nuclide Mo99 at 1200K
 WARNING: Negative value(s) found on probability table for nuclide Mo99 at 2500K
 Reading Mo100 from /home/diogo/openmc_data/endfb-vii.1-hdf5/neutron/Mo100.h5
 Reading Tc99 from /home/diogo/openmc_data/endfb-vii.1-hdf5/neutron/Tc99.h5
 Reading Ru96 from /home/diogo/openmc_data/endfb-vii.1-hdf5/neutron/Ru96.h5
 Reading Ru98 from /home/diogo/openmc_data/endfb-vii.1-hdf5/neutron/Ru98.h5
 Reading Ru99 from /home/diogo/openmc_data/endfb-vii.1-hdf5/neutron/Ru99.h5
 Reading Ru100 from /home/diogo/openmc_data/endfb-vii.1-hdf5/neutron/Ru100.h5
 Reading Ru101 from /home/diogo/openmc_data/endfb-vii.1-hdf5/neutron/Ru101.h5
 Reading Ru102 from /home/diogo/openmc_data/endfb-vii.1-hdf5/neutron/Ru102.h5
 Reading Ru103 from /home/diogo/openmc_data/endfb-vii.1-hdf5/neutron/Ru103.h5
 Reading Ru104 from /home/diogo/openmc_data/endfb-vii.1-hdf5/neutron/Ru104.h5
 Reading Ru105 from /home/diogo/openmc_data/endfb-vii.1-hdf5/neutron/Ru105.h5
 Reading Ru106 from /home/diogo/openmc_data/endfb-vii.1-hdf5/neutron/Ru106.h5
 Reading Rh103 from /home/diogo/openmc_data/endfb-vii.1-hdf5/neutron/Rh103.h5
 Reading Rh105 from /home/diogo/openmc_data/endfb-vii.1-hdf5/neutron/Rh105.h5
 Reading Pd102 from /home/diogo/openmc_data/endfb-vii.1-hdf5/neutron/Pd102.h5
 Reading Pd104 from /home/diogo/openmc_data/endfb-vii.1-hdf5/neutron/Pd104.h5
 Reading Pd105 from /home/diogo/openmc_data/endfb-vii.1-hdf5/neutron/Pd105.h5
 Reading Pd106 from /home/diogo/openmc_data/endfb-vii.1-hdf5/neutron/Pd106.h5
 Reading Pd107 from /home/diogo/openmc_data/endfb-vii.1-hdf5/neutron/Pd107.h5
 Reading Pd108 from /home/diogo/openmc_data/endfb-vii.1-hdf5/neutron/Pd108.h5
 Reading Pd110 from /home/diogo/openmc_data/endfb-vii.1-hdf5/neutron/Pd110.h5
 Reading Ag110_m1 from
 /home/diogo/openmc_data/endfb-vii.1-hdf5/neutron/Ag110_m1.h5
 Reading Ag111 from /home/diogo/openmc_data/endfb-vii.1-hdf5/neutron/Ag111.h5
 Reading Cd115_m1 from
 /home/diogo/openmc_data/endfb-vii.1-hdf5/neutron/Cd115_m1.h5
 Reading Sn113 from /home/diogo/openmc_data/endfb-vii.1-hdf5/neutron/Sn113.h5
 Reading Sn123 from /home/diogo/openmc_data/endfb-vii.1-hdf5/neutron/Sn123.h5
 WARNING: Negative value(s) found on probability table for nuclide Sn123 at 250K
 WARNING: Negative value(s) found on probability table for nuclide Sn123 at 294K
 WARNING: Negative value(s) found on probability table for nuclide Sn123 at 600K
 WARNING: Negative value(s) found on probability table for nuclide Sn123 at 900K
 WARNING: Negative value(s) found on probability table for nuclide Sn123 at
          1200K
 WARNING: Negative value(s) found on probability table for nuclide Sn123 at
          2500K
 Reading Sn125 from /home/diogo/openmc_data/endfb-vii.1-hdf5/neutron/Sn125.h5
 Reading Sn126 from /home/diogo/openmc_data/endfb-vii.1-hdf5/neutron/Sn126.h5
 Reading Sb121 from /home/diogo/openmc_data/endfb-vii.1-hdf5/neutron/Sb121.h5
 Reading Sb123 from /home/diogo/openmc_data/endfb-vii.1-hdf5/neutron/Sb123.h5
 Reading Sb124 from /home/diogo/openmc_data/endfb-vii.1-hdf5/neutron/Sb124.h5
 Reading Sb125 from /home/diogo/openmc_data/endfb-vii.1-hdf5/neutron/Sb125.h5
 Reading Sb126 from /home/diogo/openmc_data/endfb-vii.1-hdf5/neutron/Sb126.h5
 Reading Te120 from /home/diogo/openmc_data/endfb-vii.1-hdf5/neutron/Te120.h5
 WARNING: Negative value(s) found on probability table for nuclide Te120 at 600K
 WARNING: Negative value(s) found on probability table for nuclide Te120 at 900K
 WARNING: Negative value(s) found on probability table for nuclide Te120 at
          1200K
 WARNING: Negative value(s) found on probability table for nuclide Te120 at
          2500K
 Reading Te122 from /home/diogo/openmc_data/endfb-vii.1-hdf5/neutron/Te122.h5
 Reading Te123 from /home/diogo/openmc_data/endfb-vii.1-hdf5/neutron/Te123.h5
 Reading Te124 from /home/diogo/openmc_data/endfb-vii.1-hdf5/neutron/Te124.h5
 Reading Te125 from /home/diogo/openmc_data/endfb-vii.1-hdf5/neutron/Te125.h5
 Reading Te126 from /home/diogo/openmc_data/endfb-vii.1-hdf5/neutron/Te126.h5
 Reading Te127_m1 from
 /home/diogo/openmc_data/endfb-vii.1-hdf5/neutron/Te127_m1.h5
 Reading Te128 from /home/diogo/openmc_data/endfb-vii.1-hdf5/neutron/Te128.h5
 Reading Te129_m1 from
 /home/diogo/openmc_data/endfb-vii.1-hdf5/neutron/Te129_m1.h5
 Reading Te130 from /home/diogo/openmc_data/endfb-vii.1-hdf5/neutron/Te130.h5
 Reading Te132 from /home/diogo/openmc_data/endfb-vii.1-hdf5/neutron/Te132.h5
 Reading I127 from /home/diogo/openmc_data/endfb-vii.1-hdf5/neutron/I127.h5
 Reading I129 from /home/diogo/openmc_data/endfb-vii.1-hdf5/neutron/I129.h5
 Reading I130 from /home/diogo/openmc_data/endfb-vii.1-hdf5/neutron/I130.h5
 Reading I131 from /home/diogo/openmc_data/endfb-vii.1-hdf5/neutron/I131.h5
 WARNING: Negative value(s) found on probability table for nuclide I131 at 250K
 WARNING: Negative value(s) found on probability table for nuclide I131 at 294K
 WARNING: Negative value(s) found on probability table for nuclide I131 at 600K
 WARNING: Negative value(s) found on probability table for nuclide I131 at 900K
 WARNING: Negative value(s) found on probability table for nuclide I131 at 1200K
 WARNING: Negative value(s) found on probability table for nuclide I131 at 2500K
 Reading I135 from /home/diogo/openmc_data/endfb-vii.1-hdf5/neutron/I135.h5
 Reading Xe123 from /home/diogo/openmc_data/endfb-vii.1-hdf5/neutron/Xe123.h5
 Reading Xe124 from /home/diogo/openmc_data/endfb-vii.1-hdf5/neutron/Xe124.h5
 Reading Xe126 from /home/diogo/openmc_data/endfb-vii.1-hdf5/neutron/Xe126.h5
 Reading Xe128 from /home/diogo/openmc_data/endfb-vii.1-hdf5/neutron/Xe128.h5
 Reading Xe129 from /home/diogo/openmc_data/endfb-vii.1-hdf5/neutron/Xe129.h5
 Reading Xe130 from /home/diogo/openmc_data/endfb-vii.1-hdf5/neutron/Xe130.h5
 Reading Xe131 from /home/diogo/openmc_data/endfb-vii.1-hdf5/neutron/Xe131.h5
 Reading Xe132 from /home/diogo/openmc_data/endfb-vii.1-hdf5/neutron/Xe132.h5
 Reading Xe133 from /home/diogo/openmc_data/endfb-vii.1-hdf5/neutron/Xe133.h5
 WARNING: Negative value(s) found on probability table for nuclide Xe133 at
          2500K
 Reading Xe134 from /home/diogo/openmc_data/endfb-vii.1-hdf5/neutron/Xe134.h5
 Reading Xe135 from /home/diogo/openmc_data/endfb-vii.1-hdf5/neutron/Xe135.h5
 Reading Xe136 from /home/diogo/openmc_data/endfb-vii.1-hdf5/neutron/Xe136.h5
 Reading Cs133 from /home/diogo/openmc_data/endfb-vii.1-hdf5/neutron/Cs133.h5
 Reading Cs134 from /home/diogo/openmc_data/endfb-vii.1-hdf5/neutron/Cs134.h5
 Reading Cs135 from /home/diogo/openmc_data/endfb-vii.1-hdf5/neutron/Cs135.h5
 Reading Cs136 from /home/diogo/openmc_data/endfb-vii.1-hdf5/neutron/Cs136.h5
 WARNING: Negative value(s) found on probability table for nuclide Cs136 at 250K
 WARNING: Negative value(s) found on probability table for nuclide Cs136 at 294K
 WARNING: Negative value(s) found on probability table for nuclide Cs136 at 600K
 WARNING: Negative value(s) found on probability table for nuclide Cs136 at 900K
 WARNING: Negative value(s) found on probability table for nuclide Cs136 at
          1200K
 WARNING: Negative value(s) found on probability table for nuclide Cs136 at
          2500K
 Reading Cs137 from /home/diogo/openmc_data/endfb-vii.1-hdf5/neutron/Cs137.h5
 Reading Ba130 from /home/diogo/openmc_data/endfb-vii.1-hdf5/neutron/Ba130.h5
 Reading Ba132 from /home/diogo/openmc_data/endfb-vii.1-hdf5/neutron/Ba132.h5
 Reading Ba133 from /home/diogo/openmc_data/endfb-vii.1-hdf5/neutron/Ba133.h5
 Reading Ba134 from /home/diogo/openmc_data/endfb-vii.1-hdf5/neutron/Ba134.h5
 Reading Ba135 from /home/diogo/openmc_data/endfb-vii.1-hdf5/neutron/Ba135.h5
 Reading Ba136 from /home/diogo/openmc_data/endfb-vii.1-hdf5/neutron/Ba136.h5
 Reading Ba137 from /home/diogo/openmc_data/endfb-vii.1-hdf5/neutron/Ba137.h5
 Reading Ba138 from /home/diogo/openmc_data/endfb-vii.1-hdf5/neutron/Ba138.h5
 Reading Ba140 from /home/diogo/openmc_data/endfb-vii.1-hdf5/neutron/Ba140.h5
 Reading La138 from /home/diogo/openmc_data/endfb-vii.1-hdf5/neutron/La138.h5
 Reading La139 from /home/diogo/openmc_data/endfb-vii.1-hdf5/neutron/La139.h5
 Reading La140 from /home/diogo/openmc_data/endfb-vii.1-hdf5/neutron/La140.h5
 Reading Ce136 from /home/diogo/openmc_data/endfb-vii.1-hdf5/neutron/Ce136.h5
 Reading Ce138 from /home/diogo/openmc_data/endfb-vii.1-hdf5/neutron/Ce138.h5
 Reading Ce139 from /home/diogo/openmc_data/endfb-vii.1-hdf5/neutron/Ce139.h5
 Reading Ce140 from /home/diogo/openmc_data/endfb-vii.1-hdf5/neutron/Ce140.h5
 Reading Ce141 from /home/diogo/openmc_data/endfb-vii.1-hdf5/neutron/Ce141.h5
 Reading Ce142 from /home/diogo/openmc_data/endfb-vii.1-hdf5/neutron/Ce142.h5
 Reading Ce143 from /home/diogo/openmc_data/endfb-vii.1-hdf5/neutron/Ce143.h5
 Reading Ce144 from /home/diogo/openmc_data/endfb-vii.1-hdf5/neutron/Ce144.h5
 Reading Pr141 from /home/diogo/openmc_data/endfb-vii.1-hdf5/neutron/Pr141.h5
 Reading Pr142 from /home/diogo/openmc_data/endfb-vii.1-hdf5/neutron/Pr142.h5
 Reading Pr143 from /home/diogo/openmc_data/endfb-vii.1-hdf5/neutron/Pr143.h5
 Reading Nd142 from /home/diogo/openmc_data/endfb-vii.1-hdf5/neutron/Nd142.h5
 Reading Nd143 from /home/diogo/openmc_data/endfb-vii.1-hdf5/neutron/Nd143.h5
 Reading Nd144 from /home/diogo/openmc_data/endfb-vii.1-hdf5/neutron/Nd144.h5
 Reading Nd145 from /home/diogo/openmc_data/endfb-vii.1-hdf5/neutron/Nd145.h5
 Reading Nd146 from /home/diogo/openmc_data/endfb-vii.1-hdf5/neutron/Nd146.h5
 Reading Nd147 from /home/diogo/openmc_data/endfb-vii.1-hdf5/neutron/Nd147.h5
 Reading Nd148 from /home/diogo/openmc_data/endfb-vii.1-hdf5/neutron/Nd148.h5
 Reading Nd150 from /home/diogo/openmc_data/endfb-vii.1-hdf5/neutron/Nd150.h5
 Reading Pm147 from /home/diogo/openmc_data/endfb-vii.1-hdf5/neutron/Pm147.h5
 Reading Pm148 from /home/diogo/openmc_data/endfb-vii.1-hdf5/neutron/Pm148.h5
 Reading Pm148_m1 from
 /home/diogo/openmc_data/endfb-vii.1-hdf5/neutron/Pm148_m1.h5
 Reading Pm149 from /home/diogo/openmc_data/endfb-vii.1-hdf5/neutron/Pm149.h5
 Reading Pm151 from /home/diogo/openmc_data/endfb-vii.1-hdf5/neutron/Pm151.h5
 Reading Sm144 from /home/diogo/openmc_data/endfb-vii.1-hdf5/neutron/Sm144.h5
 Reading Sm147 from /home/diogo/openmc_data/endfb-vii.1-hdf5/neutron/Sm147.h5
 Reading Sm148 from /home/diogo/openmc_data/endfb-vii.1-hdf5/neutron/Sm148.h5
 Reading Sm149 from /home/diogo/openmc_data/endfb-vii.1-hdf5/neutron/Sm149.h5
 Reading Sm150 from /home/diogo/openmc_data/endfb-vii.1-hdf5/neutron/Sm150.h5
 Reading Sm151 from /home/diogo/openmc_data/endfb-vii.1-hdf5/neutron/Sm151.h5
 Reading Sm152 from /home/diogo/openmc_data/endfb-vii.1-hdf5/neutron/Sm152.h5
 Reading Sm153 from /home/diogo/openmc_data/endfb-vii.1-hdf5/neutron/Sm153.h5
 Reading Sm154 from /home/diogo/openmc_data/endfb-vii.1-hdf5/neutron/Sm154.h5
 Reading Eu151 from /home/diogo/openmc_data/endfb-vii.1-hdf5/neutron/Eu151.h5
 Reading Eu152 from /home/diogo/openmc_data/endfb-vii.1-hdf5/neutron/Eu152.h5
 Reading Eu153 from /home/diogo/openmc_data/endfb-vii.1-hdf5/neutron/Eu153.h5
 Reading Eu154 from /home/diogo/openmc_data/endfb-vii.1-hdf5/neutron/Eu154.h5
 Reading Eu155 from /home/diogo/openmc_data/endfb-vii.1-hdf5/neutron/Eu155.h5
 Reading Eu156 from /home/diogo/openmc_data/endfb-vii.1-hdf5/neutron/Eu156.h5
 WARNING: Negative value(s) found on probability table for nuclide Eu156 at 250K
 WARNING: Negative value(s) found on probability table for nuclide Eu156 at 294K
 WARNING: Negative value(s) found on probability table for nuclide Eu156 at 600K
 WARNING: Negative value(s) found on probability table for nuclide Eu156 at 900K
 WARNING: Negative value(s) found on probability table for nuclide Eu156 at
          1200K
 WARNING: Negative value(s) found on probability table for nuclide Eu156 at
          2500K
 Reading Eu157 from /home/diogo/openmc_data/endfb-vii.1-hdf5/neutron/Eu157.h5
 Reading Gd153 from /home/diogo/openmc_data/endfb-vii.1-hdf5/neutron/Gd153.h5
 Reading Tb159 from /home/diogo/openmc_data/endfb-vii.1-hdf5/neutron/Tb159.h5
 Reading Tb160 from /home/diogo/openmc_data/endfb-vii.1-hdf5/neutron/Tb160.h5
 Reading Dy156 from /home/diogo/openmc_data/endfb-vii.1-hdf5/neutron/Dy156.h5
 Reading Dy158 from /home/diogo/openmc_data/endfb-vii.1-hdf5/neutron/Dy158.h5
 Reading Dy160 from /home/diogo/openmc_data/endfb-vii.1-hdf5/neutron/Dy160.h5
 Reading Dy161 from /home/diogo/openmc_data/endfb-vii.1-hdf5/neutron/Dy161.h5
 Reading Dy162 from /home/diogo/openmc_data/endfb-vii.1-hdf5/neutron/Dy162.h5
 Reading Dy163 from /home/diogo/openmc_data/endfb-vii.1-hdf5/neutron/Dy163.h5
 Reading Dy164 from /home/diogo/openmc_data/endfb-vii.1-hdf5/neutron/Dy164.h5
 Reading Ho165 from /home/diogo/openmc_data/endfb-vii.1-hdf5/neutron/Ho165.h5
 Reading Ho166_m1 from
 /home/diogo/openmc_data/endfb-vii.1-hdf5/neutron/Ho166_m1.h5
 Reading Er162 from /home/diogo/openmc_data/endfb-vii.1-hdf5/neutron/Er162.h5
 Reading Er164 from /home/diogo/openmc_data/endfb-vii.1-hdf5/neutron/Er164.h5
 Reading Er166 from /home/diogo/openmc_data/endfb-vii.1-hdf5/neutron/Er166.h5
 Reading Er167 from /home/diogo/openmc_data/endfb-vii.1-hdf5/neutron/Er167.h5
 Reading Er168 from /home/diogo/openmc_data/endfb-vii.1-hdf5/neutron/Er168.h5
 Reading Er170 from /home/diogo/openmc_data/endfb-vii.1-hdf5/neutron/Er170.h5
 Reading Tm168 from /home/diogo/openmc_data/endfb-vii.1-hdf5/neutron/Tm168.h5
 Reading Tm169 from /home/diogo/openmc_data/endfb-vii.1-hdf5/neutron/Tm169.h5
 Reading Tm170 from /home/diogo/openmc_data/endfb-vii.1-hdf5/neutron/Tm170.h5
 Reading Lu175 from /home/diogo/openmc_data/endfb-vii.1-hdf5/neutron/Lu175.h5
 Reading Lu176 from /home/diogo/openmc_data/endfb-vii.1-hdf5/neutron/Lu176.h5
 Reading Hf174 from /home/diogo/openmc_data/endfb-vii.1-hdf5/neutron/Hf174.h5
 Reading Hf176 from /home/diogo/openmc_data/endfb-vii.1-hdf5/neutron/Hf176.h5
 Reading Hf177 from /home/diogo/openmc_data/endfb-vii.1-hdf5/neutron/Hf177.h5
 Reading Hf178 from /home/diogo/openmc_data/endfb-vii.1-hdf5/neutron/Hf178.h5
 Reading Hf179 from /home/diogo/openmc_data/endfb-vii.1-hdf5/neutron/Hf179.h5
 Reading Hf180 from /home/diogo/openmc_data/endfb-vii.1-hdf5/neutron/Hf180.h5
 Reading Ta180 from /home/diogo/openmc_data/endfb-vii.1-hdf5/neutron/Ta180.h5
 Reading Ta181 from /home/diogo/openmc_data/endfb-vii.1-hdf5/neutron/Ta181.h5
 Reading Ta182 from /home/diogo/openmc_data/endfb-vii.1-hdf5/neutron/Ta182.h5
 Reading W180 from /home/diogo/openmc_data/endfb-vii.1-hdf5/neutron/W180.h5
 Reading W182 from /home/diogo/openmc_data/endfb-vii.1-hdf5/neutron/W182.h5
 Reading W183 from /home/diogo/openmc_data/endfb-vii.1-hdf5/neutron/W183.h5
 Reading W184 from /home/diogo/openmc_data/endfb-vii.1-hdf5/neutron/W184.h5
 Reading W186 from /home/diogo/openmc_data/endfb-vii.1-hdf5/neutron/W186.h5
 Reading Re185 from /home/diogo/openmc_data/endfb-vii.1-hdf5/neutron/Re185.h5
 Reading Re187 from /home/diogo/openmc_data/endfb-vii.1-hdf5/neutron/Re187.h5
 Reading Ir191 from /home/diogo/openmc_data/endfb-vii.1-hdf5/neutron/Ir191.h5
 Reading Ir193 from /home/diogo/openmc_data/endfb-vii.1-hdf5/neutron/Ir193.h5
 Reading Au197 from /home/diogo/openmc_data/endfb-vii.1-hdf5/neutron/Au197.h5
 Reading Hg196 from /home/diogo/openmc_data/endfb-vii.1-hdf5/neutron/Hg196.h5
 Reading Hg198 from /home/diogo/openmc_data/endfb-vii.1-hdf5/neutron/Hg198.h5
 Reading Hg199 from /home/diogo/openmc_data/endfb-vii.1-hdf5/neutron/Hg199.h5
 Reading Hg200 from /home/diogo/openmc_data/endfb-vii.1-hdf5/neutron/Hg200.h5
 Reading Hg201 from /home/diogo/openmc_data/endfb-vii.1-hdf5/neutron/Hg201.h5
 Reading Hg202 from /home/diogo/openmc_data/endfb-vii.1-hdf5/neutron/Hg202.h5
 Reading Hg204 from /home/diogo/openmc_data/endfb-vii.1-hdf5/neutron/Hg204.h5
 Reading Tl203 from /home/diogo/openmc_data/endfb-vii.1-hdf5/neutron/Tl203.h5
 Reading Tl205 from /home/diogo/openmc_data/endfb-vii.1-hdf5/neutron/Tl205.h5
 Reading Pb204 from /home/diogo/openmc_data/endfb-vii.1-hdf5/neutron/Pb204.h5
 Reading Pb206 from /home/diogo/openmc_data/endfb-vii.1-hdf5/neutron/Pb206.h5
 Reading Pb207 from /home/diogo/openmc_data/endfb-vii.1-hdf5/neutron/Pb207.h5
 Reading Pb208 from /home/diogo/openmc_data/endfb-vii.1-hdf5/neutron/Pb208.h5
 Reading Bi209 from /home/diogo/openmc_data/endfb-vii.1-hdf5/neutron/Bi209.h5
 Reading Ra223 from /home/diogo/openmc_data/endfb-vii.1-hdf5/neutron/Ra223.h5
 Reading Ra224 from /home/diogo/openmc_data/endfb-vii.1-hdf5/neutron/Ra224.h5
 Reading Ra225 from /home/diogo/openmc_data/endfb-vii.1-hdf5/neutron/Ra225.h5
 Reading Ra226 from /home/diogo/openmc_data/endfb-vii.1-hdf5/neutron/Ra226.h5
 Reading Ac225 from /home/diogo/openmc_data/endfb-vii.1-hdf5/neutron/Ac225.h5
 Reading Ac226 from /home/diogo/openmc_data/endfb-vii.1-hdf5/neutron/Ac226.h5
 Reading Ac227 from /home/diogo/openmc_data/endfb-vii.1-hdf5/neutron/Ac227.h5
 Reading Th227 from /home/diogo/openmc_data/endfb-vii.1-hdf5/neutron/Th227.h5
 Reading Th228 from /home/diogo/openmc_data/endfb-vii.1-hdf5/neutron/Th228.h5
 Reading Th229 from /home/diogo/openmc_data/endfb-vii.1-hdf5/neutron/Th229.h5
 Reading Th230 from /home/diogo/openmc_data/endfb-vii.1-hdf5/neutron/Th230.h5
 Reading Th231 from /home/diogo/openmc_data/endfb-vii.1-hdf5/neutron/Th231.h5
 Reading Th232 from /home/diogo/openmc_data/endfb-vii.1-hdf5/neutron/Th232.h5
 Reading Th233 from /home/diogo/openmc_data/endfb-vii.1-hdf5/neutron/Th233.h5
 Reading Th234 from /home/diogo/openmc_data/endfb-vii.1-hdf5/neutron/Th234.h5
 Reading Pa229 from /home/diogo/openmc_data/endfb-vii.1-hdf5/neutron/Pa229.h5
 Reading Pa230 from /home/diogo/openmc_data/endfb-vii.1-hdf5/neutron/Pa230.h5
 Reading Pa231 from /home/diogo/openmc_data/endfb-vii.1-hdf5/neutron/Pa231.h5
 Reading Pa232 from /home/diogo/openmc_data/endfb-vii.1-hdf5/neutron/Pa232.h5
 Reading Pa233 from /home/diogo/openmc_data/endfb-vii.1-hdf5/neutron/Pa233.h5
 Reading U230 from /home/diogo/openmc_data/endfb-vii.1-hdf5/neutron/U230.h5
 Reading U231 from /home/diogo/openmc_data/endfb-vii.1-hdf5/neutron/U231.h5
 Reading U232 from /home/diogo/openmc_data/endfb-vii.1-hdf5/neutron/U232.h5
 Reading U233 from /home/diogo/openmc_data/endfb-vii.1-hdf5/neutron/U233.h5
 Reading U236 from /home/diogo/openmc_data/endfb-vii.1-hdf5/neutron/U236.h5
 Reading U237 from /home/diogo/openmc_data/endfb-vii.1-hdf5/neutron/U237.h5
 Reading U239 from /home/diogo/openmc_data/endfb-vii.1-hdf5/neutron/U239.h5
 Reading U240 from /home/diogo/openmc_data/endfb-vii.1-hdf5/neutron/U240.h5
 Reading U241 from /home/diogo/openmc_data/endfb-vii.1-hdf5/neutron/U241.h5
 Reading Np234 from /home/diogo/openmc_data/endfb-vii.1-hdf5/neutron/Np234.h5
 Reading Np235 from /home/diogo/openmc_data/endfb-vii.1-hdf5/neutron/Np235.h5
 Reading Np236 from /home/diogo/openmc_data/endfb-vii.1-hdf5/neutron/Np236.h5
 Reading Np237 from /home/diogo/openmc_data/endfb-vii.1-hdf5/neutron/Np237.h5
 Reading Np238 from /home/diogo/openmc_data/endfb-vii.1-hdf5/neutron/Np238.h5
 Reading Np239 from /home/diogo/openmc_data/endfb-vii.1-hdf5/neutron/Np239.h5
 Reading Pu236 from /home/diogo/openmc_data/endfb-vii.1-hdf5/neutron/Pu236.h5
 Reading Pu237 from /home/diogo/openmc_data/endfb-vii.1-hdf5/neutron/Pu237.h5
 Reading Pu238 from /home/diogo/openmc_data/endfb-vii.1-hdf5/neutron/Pu238.h5
 Reading Pu239 from /home/diogo/openmc_data/endfb-vii.1-hdf5/neutron/Pu239.h5
 Reading Pu240 from /home/diogo/openmc_data/endfb-vii.1-hdf5/neutron/Pu240.h5
 Reading Pu241 from /home/diogo/openmc_data/endfb-vii.1-hdf5/neutron/Pu241.h5
 Reading Pu242 from /home/diogo/openmc_data/endfb-vii.1-hdf5/neutron/Pu242.h5
 Reading Pu243 from /home/diogo/openmc_data/endfb-vii.1-hdf5/neutron/Pu243.h5
 Reading Pu244 from /home/diogo/openmc_data/endfb-vii.1-hdf5/neutron/Pu244.h5
 Reading Pu246 from /home/diogo/openmc_data/endfb-vii.1-hdf5/neutron/Pu246.h5
 Reading Am240 from /home/diogo/openmc_data/endfb-vii.1-hdf5/neutron/Am240.h5
 Reading Am241 from /home/diogo/openmc_data/endfb-vii.1-hdf5/neutron/Am241.h5
 Reading Am242 from /home/diogo/openmc_data/endfb-vii.1-hdf5/neutron/Am242.h5
 Reading Am242_m1 from
 /home/diogo/openmc_data/endfb-vii.1-hdf5/neutron/Am242_m1.h5
 Reading Am243 from /home/diogo/openmc_data/endfb-vii.1-hdf5/neutron/Am243.h5
 Reading Am244 from /home/diogo/openmc_data/endfb-vii.1-hdf5/neutron/Am244.h5
 Reading Am244_m1 from
 /home/diogo/openmc_data/endfb-vii.1-hdf5/neutron/Am244_m1.h5
 Reading Cm240 from /home/diogo/openmc_data/endfb-vii.1-hdf5/neutron/Cm240.h5
 Reading Cm241 from /home/diogo/openmc_data/endfb-vii.1-hdf5/neutron/Cm241.h5
 Reading Cm242 from /home/diogo/openmc_data/endfb-vii.1-hdf5/neutron/Cm242.h5
 Reading Cm243 from /home/diogo/openmc_data/endfb-vii.1-hdf5/neutron/Cm243.h5
 Reading Cm244 from /home/diogo/openmc_data/endfb-vii.1-hdf5/neutron/Cm244.h5
 Reading Cm245 from /home/diogo/openmc_data/endfb-vii.1-hdf5/neutron/Cm245.h5
 Reading Cm246 from /home/diogo/openmc_data/endfb-vii.1-hdf5/neutron/Cm246.h5
 Reading Cm247 from /home/diogo/openmc_data/endfb-vii.1-hdf5/neutron/Cm247.h5
 Reading Cm248 from /home/diogo/openmc_data/endfb-vii.1-hdf5/neutron/Cm248.h5
 Reading Cm249 from /home/diogo/openmc_data/endfb-vii.1-hdf5/neutron/Cm249.h5
 Reading Cm250 from /home/diogo/openmc_data/endfb-vii.1-hdf5/neutron/Cm250.h5
 Reading Bk245 from /home/diogo/openmc_data/endfb-vii.1-hdf5/neutron/Bk245.h5
 Reading Bk246 from /home/diogo/openmc_data/endfb-vii.1-hdf5/neutron/Bk246.h5
 Reading Bk247 from /home/diogo/openmc_data/endfb-vii.1-hdf5/neutron/Bk247.h5
 Reading Bk248 from /home/diogo/openmc_data/endfb-vii.1-hdf5/neutron/Bk248.h5
 Reading Bk249 from /home/diogo/openmc_data/endfb-vii.1-hdf5/neutron/Bk249.h5
 Reading Bk250 from /home/diogo/openmc_data/endfb-vii.1-hdf5/neutron/Bk250.h5
 Reading Cf246 from /home/diogo/openmc_data/endfb-vii.1-hdf5/neutron/Cf246.h5
 Reading Cf248 from /home/diogo/openmc_data/endfb-vii.1-hdf5/neutron/Cf248.h5
 Reading Cf249 from /home/diogo/openmc_data/endfb-vii.1-hdf5/neutron/Cf249.h5
 Reading Cf250 from /home/diogo/openmc_data/endfb-vii.1-hdf5/neutron/Cf250.h5
 WARNING: Negative value(s) found on probability table for nuclide Cf250 at 250K
 WARNING: Negative value(s) found on probability table for nuclide Cf250 at 294K
 WARNING: Negative value(s) found on probability table for nuclide Cf250 at 900K
 WARNING: Negative value(s) found on probability table for nuclide Cf250 at
          1200K
 Reading Cf251 from /home/diogo/openmc_data/endfb-vii.1-hdf5/neutron/Cf251.h5
 Reading Cf252 from /home/diogo/openmc_data/endfb-vii.1-hdf5/neutron/Cf252.h5
 Reading Cf253 from /home/diogo/openmc_data/endfb-vii.1-hdf5/neutron/Cf253.h5
 Reading Cf254 from /home/diogo/openmc_data/endfb-vii.1-hdf5/neutron/Cf254.h5
 Reading Es251 from /home/diogo/openmc_data/endfb-vii.1-hdf5/neutron/Es251.h5
 Reading Es252 from /home/diogo/openmc_data/endfb-vii.1-hdf5/neutron/Es252.h5
 Reading Es253 from /home/diogo/openmc_data/endfb-vii.1-hdf5/neutron/Es253.h5
 Reading Es254 from /home/diogo/openmc_data/endfb-vii.1-hdf5/neutron/Es254.h5
 Reading Es254_m1 from
 /home/diogo/openmc_data/endfb-vii.1-hdf5/neutron/Es254_m1.h5
 Reading Es255 from /home/diogo/openmc_data/endfb-vii.1-hdf5/neutron/Es255.h5
 Reading Fm255 from /home/diogo/openmc_data/endfb-vii.1-hdf5/neutron/Fm255.h5
 Maximum neutron transport energy: 20000000 eV for H1
 Initializing source particles...

 ====================>     K EIGENVALUE SIMULATION     <====================

  Bat./Gen.      k       Entropy         Average k 
  =========   ========   ========   ====================
        1/1    0.97258    5.53953
        2/1    0.97670    5.51348
        3/1    0.99154    5.49161
        4/1    0.98893    5.47434
        5/1    1.01521    5.46986
        6/1    1.02467    5.45959
        7/1    1.01688    5.44779
        8/1    1.01345    5.45745
        9/1    1.03001    5.45776
       10/1    1.02293    5.45617
       11/1    1.01973    5.44264
       12/1    1.02148    5.43934
       13/1    1.01423    5.42463
       14/1    1.01713    5.44259
       15/1    1.03201    5.44499
       16/1    1.02367    5.45078
       17/1    1.03107    5.44400
       18/1    1.03386    5.44563
       19/1    1.02134    5.44518
       20/1    1.03974    5.46071
       21/1    1.01214    5.45528
       22/1    1.00830    5.46608
       23/1    1.01424    5.47301
       24/1    1.01219    5.47096
       25/1    1.00830    5.46694
       26/1    1.01573    5.46157
       27/1    1.00923    5.45081
       28/1    1.02368    5.44248
       29/1    1.00905    5.44098
       30/1    1.04188    5.43610
       31/1    1.04629    5.44420
       32/1    1.01440    5.45906
       33/1    1.03936    5.44890
       34/1    1.01726    5.45117
       35/1    1.03185    5.46512
       36/1    1.01727    5.45432
       37/1    1.02344    5.45224
       38/1    1.00715    5.45822
       39/1    1.02972    5.46804
       40/1    1.01858    5.45239
       41/1    1.02783    5.45169
       42/1    1.01890    5.45479
       43/1    1.01428    5.43798
       44/1    1.02519    5.44245
       45/1    1.01765    5.45163
       46/1    1.03477    5.44001
       47/1    1.02854    5.46131
       48/1    1.03361    5.45471
       49/1    1.01567    5.45805
       50/1    1.00916    5.44647
       51/1    1.04630    5.44943
       52/1    1.00921    5.43711
       53/1    1.02287    5.44947
       54/1    1.02144    5.44779
       55/1    1.02324    5.45089
       56/1    1.02410    5.46129
       57/1    1.02824    5.44190
       58/1    1.04182    5.44104
       59/1    1.03936    5.45624
       60/1    1.01383    5.45742
       61/1    1.01530    5.44419
       62/1    1.02764    5.44747    1.02147 +/- 0.00617
       63/1    1.02603    5.45891    1.02299 +/- 0.00387
       64/1    1.01863    5.45449    1.02190 +/- 0.00295
       65/1    1.04635    5.45443    1.02679 +/- 0.00540
       66/1    1.02254    5.44505    1.02608 +/- 0.00446
       67/1    1.02667    5.44803    1.02617 +/- 0.00377
       68/1    1.01916    5.46196    1.02529 +/- 0.00338
       69/1    1.01871    5.46919    1.02456 +/- 0.00307
       70/1    1.01794    5.45679    1.02390 +/- 0.00283
       71/1    1.01868    5.45175    1.02342 +/- 0.00260
       72/1    1.02060    5.45438    1.02319 +/- 0.00238
       73/1    1.02988    5.45685    1.02370 +/- 0.00225
       74/1    1.03237    5.46352    1.02432 +/- 0.00218
       75/1    1.03042    5.46727    1.02473 +/- 0.00207
       76/1    1.04367    5.45897    1.02591 +/- 0.00227
       77/1    1.02722    5.45445    1.02599 +/- 0.00213
       78/1    1.01573    5.44769    1.02542 +/- 0.00209
       79/1    1.01945    5.46029    1.02510 +/- 0.00200
       80/1    1.02637    5.47591    1.02517 +/- 0.00190
       81/1    1.02460    5.46733    1.02514 +/- 0.00181
       82/1    1.00644    5.46405    1.02429 +/- 0.00192
       83/1    1.00330    5.46086    1.02338 +/- 0.00205
       84/1    1.03695    5.46841    1.02394 +/- 0.00204
       85/1    1.01359    5.45403    1.02353 +/- 0.00200
       86/1    1.02634    5.46587    1.02364 +/- 0.00193
       87/1    1.02272    5.45585    1.02360 +/- 0.00185
       88/1    1.01698    5.46107    1.02337 +/- 0.00180
       89/1    1.01770    5.45550    1.02317 +/- 0.00175
       90/1    1.01931    5.45374    1.02304 +/- 0.00170
       91/1    1.00524    5.45121    1.02247 +/- 0.00174
       92/1    1.01857    5.45234    1.02235 +/- 0.00169
       93/1    1.02915    5.46054    1.02255 +/- 0.00165
       94/1    1.02263    5.45013    1.02255 +/- 0.00160
       95/1    1.00798    5.45489    1.02214 +/- 0.00161
       96/1    1.02482    5.45926    1.02221 +/- 0.00156
       97/1    1.03610    5.46199    1.02259 +/- 0.00157
       98/1    1.03207    5.44941    1.02284 +/- 0.00154
       99/1    1.01213    5.44337    1.02256 +/- 0.00153
      100/1    1.03691    5.44312    1.02292 +/- 0.00153
      101/1    1.02036    5.44511    1.02286 +/- 0.00150
      102/1    1.03000    5.44403    1.02303 +/- 0.00147
      103/1    1.02844    5.44192    1.02315 +/- 0.00144
      104/1    1.02842    5.44823    1.02327 +/- 0.00141
      105/1    1.00429    5.44294    1.02285 +/- 0.00144
      106/1    1.01203    5.42910    1.02262 +/- 0.00143
      107/1    1.01487    5.44440    1.02245 +/- 0.00141
      108/1    1.03692    5.43360    1.02275 +/- 0.00141
      109/1    1.01649    5.43272    1.02263 +/- 0.00139
      110/1    1.02266    5.43552    1.02263 +/- 0.00136
      111/1    1.01520    5.45458    1.02248 +/- 0.00134
      112/1    1.01030    5.46152    1.02225 +/- 0.00134
      113/1    1.01840    5.45525    1.02217 +/- 0.00131
      114/1    1.01982    5.45385    1.02213 +/- 0.00129
      115/1    1.00360    5.44122    1.02179 +/- 0.00131
      116/1    1.02482    5.45658    1.02185 +/- 0.00129
      117/1    1.02768    5.45277    1.02195 +/- 0.00127
      118/1    1.02162    5.45821    1.02194 +/- 0.00125
      119/1    1.01698    5.45404    1.02186 +/- 0.00123
      120/1    1.02350    5.44590    1.02189 +/- 0.00121
      121/1    1.01266    5.44779    1.02174 +/- 0.00120
      122/1    1.03343    5.43661    1.02192 +/- 0.00119
      123/1    1.02338    5.44692    1.02195 +/- 0.00118
      124/1    1.02611    5.44729    1.02201 +/- 0.00116
      125/1    1.02370    5.45402    1.02204 +/- 0.00114
      126/1    1.02881    5.46095    1.02214 +/- 0.00113
      127/1    1.02342    5.44363    1.02216 +/- 0.00111
      128/1    1.02167    5.43200    1.02215 +/- 0.00109
      129/1    1.02091    5.45193    1.02214 +/- 0.00108
      130/1    1.01640    5.43752    1.02205 +/- 0.00107
      131/1    1.02701    5.45637    1.02212 +/- 0.00105
      132/1    1.02956    5.44957    1.02223 +/- 0.00104
      133/1    1.03557    5.44267    1.02241 +/- 0.00105
      134/1    1.01101    5.45753    1.02226 +/- 0.00104
      135/1    1.01646    5.45442    1.02218 +/- 0.00103
      136/1    1.01423    5.44236    1.02207 +/- 0.00102
      137/1    1.04207    5.43936    1.02233 +/- 0.00104
      138/1    1.03560    5.46940    1.02250 +/- 0.00104
      139/1    1.03251    5.45724    1.02263 +/- 0.00104
      140/1    1.01194    5.45522    1.02250 +/- 0.00103
      141/1    1.02008    5.45875    1.02247 +/- 0.00102
      142/1    1.02023    5.46267    1.02244 +/- 0.00101
      143/1    1.02397    5.45703    1.02246 +/- 0.00100
      144/1    1.03741    5.45338    1.02264 +/- 0.00100
      145/1    1.02014    5.45419    1.02261 +/- 0.00099
      146/1    1.03230    5.45287    1.02272 +/- 0.00098
      147/1    1.01690    5.45281    1.02265 +/- 0.00098
      148/1    1.01833    5.46184    1.02260 +/- 0.00097
      149/1    1.03170    5.45059    1.02271 +/- 0.00096
      150/1    1.02145    5.45133    1.02269 +/- 0.00095
      151/1    1.03239    5.44733    1.02280 +/- 0.00095
      152/1    1.02007    5.45116    1.02277 +/- 0.00094
      153/1    1.01552    5.44761    1.02269 +/- 0.00093
      154/1    1.02336    5.44748    1.02270 +/- 0.00092
      155/1    1.02718    5.45714    1.02274 +/- 0.00091
      156/1    1.02593    5.44280    1.02278 +/- 0.00090
      157/1    1.03633    5.43159    1.02292 +/- 0.00090
      158/1    0.99571    5.44147    1.02264 +/- 0.00094
      159/1    1.01570    5.44666    1.02257 +/- 0.00093
      160/1    1.02937    5.45485    1.02264 +/- 0.00092
 Creating state point statepoint.160.h5...

 =======================>     TIMING STATISTICS     <=======================

 Total time for initialization     = 5.1572e+01 seconds
   Reading cross sections          = 7.4590e+00 seconds
 Total time in simulation          = 3.1635e+02 seconds
   Time in transport only          = 3.1515e+02 seconds
   Time in inactive batches        = 1.0003e+01 seconds
   Time in active batches          = 3.0635e+02 seconds
   Time synchronizing fission bank = 2.8605e-01 seconds
     Sampling source sites         = 2.5058e-01 seconds
     SEND/RECV source sites        = 3.4844e-02 seconds
   Time accumulating tallies       = 6.5870e-01 seconds
   Time writing statepoints        = 1.2698e-02 seconds
 Total time for finalization       = 1.0021e-02 seconds
 Total time elapsed                = 3.6839e+02 seconds
 Calculation Rate (inactive)       = 119962 particles/second
 Calculation Rate (active)         = 6528.49 particles/second

 ============================>     RESULTS     <============================

 k-effective (Collision)     = 1.02215 +/- 0.00072
 k-effective (Track-length)  = 1.02264 +/- 0.00092
 k-effective (Absorption)    = 1.02185 +/- 0.00069
 Combined k-effective        = 1.02207 +/- 0.00059
 Leakage Fraction            = 0.00699 +/- 0.00005

 Creating state point openmc_simulation_n0.h5...
[openmc.deplete] t=0.0 s, dt=4327203.051553669 s, source=47662824.37942663
 Maximum neutron transport energy: 20000000 eV for H1
 Initializing source particles...

 ====================>     K EIGENVALUE SIMULATION     <====================

  Bat./Gen.      k       Entropy         Average k 
  =========   ========   ========   ====================
        1/1    0.95481    5.54896
        2/1    0.97336    5.51027
        3/1    0.99385    5.49627
        4/1    0.97970    5.48634
        5/1    0.98068    5.46709
        6/1    0.98706    5.47899
        7/1    0.98492    5.46265
        8/1    1.00838    5.47006
        9/1    1.01638    5.45449
       10/1    1.00546    5.46147
       11/1    1.00730    5.45643
       12/1    1.00809    5.46018
       13/1    0.99792    5.44156
       14/1    1.00742    5.44301
       15/1    1.00736    5.45318
       16/1    1.00913    5.46790
       17/1    0.98820    5.45599
       18/1    1.01747    5.45183
       19/1    0.99894    5.45959
       20/1    0.98508    5.46039
       21/1    0.99970    5.46475
       22/1    0.99685    5.46220
       23/1    1.00847    5.45160
       24/1    1.02210    5.46086
       25/1    0.98977    5.46234
       26/1    0.99405    5.46235
       27/1    1.00267    5.46172
       28/1    0.98974    5.46844
       29/1    1.00767    5.46061
       30/1    1.00457    5.45361
       31/1    1.01295    5.45554
       32/1    1.01487    5.44985
       33/1    1.00419    5.45777
       34/1    1.00733    5.45514
       35/1    1.00408    5.46670
       36/1    1.01025    5.45061
       37/1    0.99485    5.44467
       38/1    0.99088    5.45518
       39/1    1.00398    5.44883
       40/1    1.00800    5.46342
       41/1    0.99904    5.44223
       42/1    1.00636    5.45274
       43/1    1.00503    5.44874
       44/1    0.99543    5.45068
       45/1    1.00638    5.45396
       46/1    0.99698    5.44986
       47/1    0.99509    5.45224
       48/1    1.00141    5.44897
       49/1    1.01720    5.44783
       50/1    1.00162    5.45688
       51/1    0.98883    5.46388
       52/1    1.01181    5.45272
       53/1    0.99770    5.44181
       54/1    1.00191    5.45155
       55/1    0.99817    5.45661
       56/1    1.01561    5.44372
       57/1    1.00005    5.43263
       58/1    1.00549    5.43105
       59/1    1.00184    5.43893
       60/1    0.99957    5.44455
       61/1    1.01450    5.44419
       62/1    1.01332    5.43588    1.01391 +/- 0.00059
       63/1    0.99573    5.44232    1.00785 +/- 0.00607
       64/1    1.01015    5.43831    1.00843 +/- 0.00433
       65/1    1.00017    5.45094    1.00677 +/- 0.00374
       66/1    1.00274    5.45514    1.00610 +/- 0.00313
       67/1    1.00631    5.45543    1.00613 +/- 0.00264
       68/1    0.99242    5.45069    1.00442 +/- 0.00286
       69/1    1.00345    5.45407    1.00431 +/- 0.00252
       70/1    1.02426    5.43153    1.00631 +/- 0.00301
       71/1    1.00730    5.45097    1.00640 +/- 0.00273
       72/1    0.99823    5.45652    1.00572 +/- 0.00258
       73/1    1.00446    5.44832    1.00562 +/- 0.00238
       74/1    0.99219    5.42615    1.00466 +/- 0.00240
       75/1    0.99285    5.44799    1.00387 +/- 0.00237
       76/1    0.98796    5.44184    1.00288 +/- 0.00243
       77/1    0.98846    5.46007    1.00203 +/- 0.00243
       78/1    1.01268    5.45302    1.00262 +/- 0.00237
       79/1    1.01925    5.43467    1.00350 +/- 0.00241
       80/1    1.01620    5.44146    1.00413 +/- 0.00237
       81/1    1.00008    5.46423    1.00394 +/- 0.00226
       82/1    0.99859    5.44794    1.00370 +/- 0.00217
       83/1    1.00066    5.45962    1.00356 +/- 0.00208
       84/1    0.99722    5.47491    1.00330 +/- 0.00201
       85/1    0.98444    5.46678    1.00255 +/- 0.00207
       86/1    1.00072    5.45169    1.00248 +/- 0.00199
       87/1    1.00573    5.46006    1.00260 +/- 0.00192
       88/1    0.99304    5.46127    1.00225 +/- 0.00188
       89/1    1.00823    5.44878    1.00246 +/- 0.00182
       90/1    0.98874    5.44250    1.00200 +/- 0.00182
       91/1    1.01764    5.44740    1.00251 +/- 0.00183
       92/1    1.00861    5.45203    1.00270 +/- 0.00178
       93/1    1.00260    5.45344    1.00270 +/- 0.00173
       94/1    0.99425    5.43835    1.00245 +/- 0.00170
       95/1    0.99361    5.44592    1.00219 +/- 0.00167
       96/1    0.98848    5.44539    1.00181 +/- 0.00166
       97/1    1.01013    5.46093    1.00204 +/- 0.00163
       98/1    1.02860    5.45099    1.00274 +/- 0.00174
       99/1    1.00087    5.46009    1.00269 +/- 0.00169
      100/1    0.99338    5.45490    1.00246 +/- 0.00167
      101/1    0.99697    5.45536    1.00232 +/- 0.00163
      102/1    1.01484    5.44597    1.00262 +/- 0.00162
      103/1    1.01740    5.44692    1.00296 +/- 0.00162
      104/1    0.99908    5.45020    1.00288 +/- 0.00158
      105/1    1.01528    5.45679    1.00315 +/- 0.00157
      106/1    0.99364    5.45128    1.00294 +/- 0.00155
      107/1    0.98156    5.44951    1.00249 +/- 0.00158
      108/1    1.00723    5.45295    1.00259 +/- 0.00155
      109/1    0.99187    5.45688    1.00237 +/- 0.00154
      110/1    1.00022    5.45680    1.00233 +/- 0.00151
      111/1    1.00674    5.46419    1.00241 +/- 0.00148
      112/1    1.01611    5.46220    1.00268 +/- 0.00147
      113/1    0.98931    5.45639    1.00242 +/- 0.00147
      114/1    1.01599    5.44713    1.00268 +/- 0.00146
      115/1    1.01274    5.45026    1.00286 +/- 0.00145
      116/1    1.00217    5.44885    1.00285 +/- 0.00142
      117/1    1.00295    5.47588    1.00285 +/- 0.00140
      118/1    1.00521    5.46565    1.00289 +/- 0.00137
      119/1    1.02543    5.47418    1.00327 +/- 0.00140
      120/1    0.99977    5.45689    1.00321 +/- 0.00138
      121/1    1.00353    5.45424    1.00322 +/- 0.00136
      122/1    0.99087    5.45593    1.00302 +/- 0.00135
      123/1    0.99995    5.45890    1.00297 +/- 0.00133
      124/1    0.99535    5.44986    1.00285 +/- 0.00131
      125/1    0.99703    5.44772    1.00276 +/- 0.00130
      126/1    1.02109    5.46095    1.00304 +/- 0.00131
      127/1    1.00228    5.45572    1.00303 +/- 0.00129
      128/1    0.99962    5.45614    1.00298 +/- 0.00127
      129/1    1.00212    5.44558    1.00297 +/- 0.00125
      130/1    0.99507    5.45745    1.00285 +/- 0.00124
      131/1    0.99234    5.44910    1.00270 +/- 0.00123
      132/1    0.99912    5.44938    1.00265 +/- 0.00121
      133/1    1.00047    5.45241    1.00262 +/- 0.00120
      134/1    1.00839    5.45726    1.00270 +/- 0.00118
      135/1    1.00086    5.47216    1.00268 +/- 0.00117
      136/1    1.01298    5.46164    1.00281 +/- 0.00116
      137/1    0.98712    5.44409    1.00261 +/- 0.00116
      138/1    0.99811    5.44872    1.00255 +/- 0.00115
      139/1    0.99637    5.44868    1.00247 +/- 0.00114
      140/1    1.00749    5.45343    1.00254 +/- 0.00112
      141/1    0.98356    5.45873    1.00230 +/- 0.00113
      142/1    1.00169    5.46393    1.00229 +/- 0.00112
      143/1    0.99284    5.45186    1.00218 +/- 0.00111
      144/1    1.00631    5.45548    1.00223 +/- 0.00110
      145/1    0.99966    5.46000    1.00220 +/- 0.00109
      146/1    1.01637    5.45609    1.00236 +/- 0.00109
      147/1    1.00024    5.46302    1.00234 +/- 0.00108
      148/1    1.01388    5.46104    1.00247 +/- 0.00107
      149/1    1.00533    5.45602    1.00250 +/- 0.00106
      150/1    0.98766    5.44150    1.00234 +/- 0.00106
      151/1    1.00861    5.44781    1.00241 +/- 0.00105
      152/1    1.00882    5.46022    1.00248 +/- 0.00104
      153/1    0.99969    5.46192    1.00245 +/- 0.00103
      154/1    1.01045    5.46144    1.00253 +/- 0.00102
      155/1    0.99747    5.46413    1.00248 +/- 0.00101
      156/1    0.99756    5.45845    1.00243 +/- 0.00101
      157/1    1.01428    5.46511    1.00255 +/- 0.00100
      158/1    1.01354    5.46873    1.00266 +/- 0.00100
      159/1    0.98679    5.43646    1.00250 +/- 0.00100
      160/1    1.01488    5.45712    1.00263 +/- 0.00100
 Creating state point statepoint.160.h5...

 =======================>     TIMING STATISTICS     <=======================

 Total time for initialization     = 0.0000e+00 seconds
   Reading cross sections          = 0.0000e+00 seconds
 Total time in simulation          = 3.8870e+02 seconds
   Time in transport only          = 3.8749e+02 seconds
   Time in inactive batches        = 9.9996e+01 seconds
   Time in active batches          = 2.8870e+02 seconds
   Time synchronizing fission bank = 2.9558e-01 seconds
     Sampling source sites         = 2.5603e-01 seconds
     SEND/RECV source sites        = 3.8837e-02 seconds
   Time accumulating tallies       = 6.3188e-01 seconds
   Time writing statepoints        = 1.7019e-02 seconds
 Total time for finalization       = 1.9123e-02 seconds
 Total time elapsed                = 3.8919e+02 seconds
 Calculation Rate (inactive)       = 12000.5 particles/second
 Calculation Rate (active)         = 6927.57 particles/second

 ============================>     RESULTS     <============================

 k-effective (Collision)     = 1.00277 +/- 0.00085
 k-effective (Track-length)  = 1.00263 +/- 0.00100
 k-effective (Absorption)    = 1.00291 +/- 0.00076
 Combined k-effective        = 1.00285 +/- 0.00069
 Leakage Fraction            = 0.00690 +/- 0.00006

 Creating state point openmc_simulation_n1.h5...
[openmc.deplete] t=4327203.051553669 s, dt=8654406.103107339 s, source=47662824.37942663
 Maximum neutron transport energy: 20000000 eV for H1
 Initializing source particles...

 ====================>     K EIGENVALUE SIMULATION     <====================

  Bat./Gen.      k       Entropy         Average k 
  =========   ========   ========   ====================
        1/1    0.95174    5.55539
        2/1    0.97331    5.54611
        3/1    0.96996    5.51391
        4/1    0.98459    5.48295
        5/1    0.97643    5.47308
        6/1    0.99518    5.48125
        7/1    1.00136    5.47963
        8/1    0.98819    5.46716
        9/1    0.99897    5.47262
       10/1    0.98503    5.47518
       11/1    0.98420    5.46586
       12/1    1.02435    5.46244
       13/1    0.99981    5.46420
       14/1    0.99274    5.46629
       15/1    1.00393    5.47232
       16/1    1.00016    5.45739
       17/1    1.00715    5.45852
       18/1    0.98937    5.46494
       19/1    1.00016    5.47187
       20/1    0.98253    5.46608
       21/1    0.98810    5.46435
       22/1    0.98058    5.45691
       23/1    1.00552    5.45630
       24/1    0.98678    5.46938
       25/1    0.99902    5.45336
       26/1    1.00478    5.44081
       27/1    0.99143    5.43588
       28/1    1.00461    5.44016
       29/1    1.01117    5.44676
       30/1    1.00411    5.43976
       31/1    1.00348    5.44460
       32/1    1.01495    5.44057
       33/1    1.00039    5.45555
       34/1    1.00153    5.44169
       35/1    0.98713    5.44156
       36/1    1.00431    5.44079
       37/1    0.99949    5.43533
       38/1    1.00410    5.43452
       39/1    1.01383    5.42282
       40/1    0.99673    5.44727
       41/1    0.99759    5.44984
       42/1    0.98072    5.44690
       43/1    1.00974    5.44752
       44/1    0.99612    5.44293
       45/1    0.99627    5.45343
       46/1    1.02973    5.43713
       47/1    0.99564    5.43039
       48/1    0.99840    5.44207
       49/1    0.99414    5.44585
       50/1    0.99487    5.44567
       51/1    1.00376    5.44560
       52/1    1.00287    5.46247
       53/1    1.00130    5.45751
       54/1    1.01193    5.46080
       55/1    0.99529    5.47507
       56/1    1.02457    5.45526
       57/1    0.99207    5.45906
       58/1    0.99081    5.46901
       59/1    0.99870    5.47250
       60/1    0.99243    5.45927
       61/1    1.00725    5.46375
       62/1    0.99841    5.45559    1.00283 +/- 0.00442
       63/1    0.99713    5.45642    1.00093 +/- 0.00318
       64/1    1.00654    5.44828    1.00233 +/- 0.00265
       65/1    1.00704    5.45423    1.00327 +/- 0.00226
       66/1    1.00599    5.45850    1.00373 +/- 0.00190
       67/1    1.01584    5.44290    1.00546 +/- 0.00236
       68/1    1.00349    5.46114    1.00521 +/- 0.00206
       69/1    1.00519    5.45902    1.00521 +/- 0.00182
       70/1    1.00965    5.45726    1.00565 +/- 0.00168
       71/1    0.99251    5.44942    1.00446 +/- 0.00194
       72/1    0.98471    5.43444    1.00281 +/- 0.00241
       73/1    1.00885    5.43932    1.00328 +/- 0.00227
       74/1    1.01072    5.44512    1.00381 +/- 0.00217
       75/1    0.99114    5.45204    1.00296 +/- 0.00219
       76/1    1.00189    5.43483    1.00290 +/- 0.00205
       77/1    1.01185    5.43034    1.00342 +/- 0.00199
       78/1    1.00655    5.45253    1.00360 +/- 0.00189
       79/1    1.00285    5.45512    1.00356 +/- 0.00179
       80/1    0.99766    5.45458    1.00326 +/- 0.00172
       81/1    0.99302    5.45052    1.00278 +/- 0.00171
       82/1    1.00426    5.47148    1.00284 +/- 0.00163
       83/1    0.99824    5.46212    1.00264 +/- 0.00157
       84/1    1.00452    5.46420    1.00272 +/- 0.00150
       85/1    1.00267    5.45101    1.00272 +/- 0.00144
       86/1    1.00310    5.45688    1.00273 +/- 0.00139
       87/1    1.01029    5.43737    1.00301 +/- 0.00136
       88/1    0.99953    5.43733    1.00289 +/- 0.00132
       89/1    0.99433    5.44200    1.00259 +/- 0.00131
       90/1    1.01592    5.44253    1.00304 +/- 0.00134
       91/1    1.00227    5.43862    1.00301 +/- 0.00129
       92/1    0.98567    5.42742    1.00247 +/- 0.00137
       93/1    1.00753    5.42304    1.00262 +/- 0.00133
       94/1    1.00827    5.42112    1.00279 +/- 0.00130
       95/1    1.00820    5.43785    1.00294 +/- 0.00128
       96/1    1.00049    5.44861    1.00288 +/- 0.00124
       97/1    1.00579    5.45052    1.00296 +/- 0.00121
       98/1    0.99553    5.44787    1.00276 +/- 0.00119
       99/1    0.98846    5.45484    1.00239 +/- 0.00122
      100/1    1.00496    5.45474    1.00246 +/- 0.00119
      101/1    0.98895    5.45102    1.00213 +/- 0.00121
      102/1    0.98343    5.44425    1.00168 +/- 0.00126
      103/1    0.98961    5.45263    1.00140 +/- 0.00126
      104/1    0.99283    5.44590    1.00121 +/- 0.00125
      105/1    1.00968    5.44823    1.00140 +/- 0.00123
      106/1    1.00326    5.45896    1.00144 +/- 0.00121
      107/1    1.00645    5.46215    1.00154 +/- 0.00119
      108/1    1.00575    5.45938    1.00163 +/- 0.00116
      109/1    0.99300    5.44645    1.00145 +/- 0.00115
      110/1    0.98861    5.44681    1.00120 +/- 0.00116
      111/1    0.99167    5.44747    1.00101 +/- 0.00115
      112/1    1.00881    5.44593    1.00116 +/- 0.00114
      113/1    1.00730    5.43539    1.00128 +/- 0.00112
      114/1    1.00173    5.44639    1.00128 +/- 0.00110
      115/1    0.99255    5.43619    1.00113 +/- 0.00109
      116/1    1.01222    5.44049    1.00132 +/- 0.00109
      117/1    1.01902    5.44094    1.00163 +/- 0.00112
      118/1    0.98528    5.45227    1.00135 +/- 0.00113
      119/1    0.99884    5.45811    1.00131 +/- 0.00111
      120/1    1.02495    5.44680    1.00170 +/- 0.00116
      121/1    0.99922    5.45415    1.00166 +/- 0.00115
      122/1    1.00221    5.45959    1.00167 +/- 0.00113
      123/1    1.00093    5.44765    1.00166 +/- 0.00111
      124/1    1.00084    5.43733    1.00165 +/- 0.00109
      125/1    0.99572    5.44464    1.00156 +/- 0.00108
      126/1    1.00599    5.43971    1.00162 +/- 0.00106
      127/1    0.98531    5.44374    1.00138 +/- 0.00108
      128/1    1.01128    5.45823    1.00153 +/- 0.00107
      129/1    1.00453    5.43879    1.00157 +/- 0.00106
      130/1    0.99413    5.42972    1.00146 +/- 0.00105
      131/1    0.99364    5.42317    1.00135 +/- 0.00104
      132/1    0.99770    5.43768    1.00130 +/- 0.00102
      133/1    1.00357    5.41953    1.00133 +/- 0.00101
      134/1    0.99914    5.43377    1.00130 +/- 0.00100
      135/1    1.00497    5.44319    1.00135 +/- 0.00098
      136/1    1.01491    5.44003    1.00153 +/- 0.00099
      137/1    0.99503    5.42827    1.00145 +/- 0.00098
      138/1    0.99102    5.44479    1.00131 +/- 0.00098
      139/1    1.00769    5.44891    1.00139 +/- 0.00097
      140/1    0.99514    5.46216    1.00131 +/- 0.00096
      141/1    1.01301    5.45247    1.00146 +/- 0.00096
      142/1    1.00826    5.44800    1.00154 +/- 0.00095
      143/1    1.00015    5.45849    1.00153 +/- 0.00094
      144/1    0.99817    5.45385    1.00149 +/- 0.00093
      145/1    1.01298    5.44189    1.00162 +/- 0.00093
      146/1    0.98952    5.45391    1.00148 +/- 0.00093
      147/1    0.99256    5.44325    1.00138 +/- 0.00092
      148/1    1.00102    5.46233    1.00137 +/- 0.00091
      149/1    0.99684    5.44420    1.00132 +/- 0.00090
      150/1    1.00677    5.44400    1.00138 +/- 0.00089
      151/1    1.00767    5.44376    1.00145 +/- 0.00089
      152/1    0.99205    5.45245    1.00135 +/- 0.00088
      153/1    1.00027    5.43738    1.00134 +/- 0.00087
      154/1    0.99396    5.44337    1.00126 +/- 0.00087
      155/1    1.00336    5.45556    1.00128 +/- 0.00086
      156/1    1.00725    5.45445    1.00134 +/- 0.00085
      157/1    1.01140    5.44407    1.00145 +/- 0.00085
      158/1    1.01218    5.44652    1.00156 +/- 0.00085
      159/1    1.01477    5.43887    1.00169 +/- 0.00085
      160/1    1.00902    5.44962    1.00176 +/- 0.00084
 Creating state point statepoint.160.h5...

 =======================>     TIMING STATISTICS     <=======================

 Total time for initialization     = 0.0000e+00 seconds
   Reading cross sections          = 0.0000e+00 seconds
 Total time in simulation          = 3.7720e+02 seconds
   Time in transport only          = 3.7601e+02 seconds
   Time in inactive batches        = 9.9312e+01 seconds
   Time in active batches          = 2.7789e+02 seconds
   Time synchronizing fission bank = 2.8718e-01 seconds
     Sampling source sites         = 2.5104e-01 seconds
     SEND/RECV source sites        = 3.5433e-02 seconds
   Time accumulating tallies       = 6.3756e-01 seconds
   Time writing statepoints        = 1.6446e-02 seconds
 Total time for finalization       = 1.5228e-02 seconds
 Total time elapsed                = 3.7770e+02 seconds
 Calculation Rate (inactive)       = 12083.2 particles/second
 Calculation Rate (active)         = 7197.01 particles/second

 ============================>     RESULTS     <============================

 k-effective (Collision)     = 1.00196 +/- 0.00077
 k-effective (Track-length)  = 1.00176 +/- 0.00084
 k-effective (Absorption)    = 1.00190 +/- 0.00069
 Combined k-effective        = 1.00186 +/- 0.00058
 Leakage Fraction            = 0.00695 +/- 0.00006

 Creating state point openmc_simulation_n2.h5...
[openmc.deplete] t=12981609.154661007 s, dt=17308812.206214678 s, source=47662824.37942663
 Maximum neutron transport energy: 20000000 eV for H1
 Initializing source particles...

 ====================>     K EIGENVALUE SIMULATION     <====================

  Bat./Gen.      k       Entropy         Average k 
  =========   ========   ========   ====================
        1/1    0.93356    5.55103
        2/1    0.97200    5.52919
        3/1    0.97894    5.51319
        4/1    0.99381    5.48594
        5/1    1.00589    5.48288
        6/1    0.99808    5.48243
        7/1    0.99419    5.47646
        8/1    0.99388    5.45822
        9/1    0.97683    5.46605
       10/1    0.99543    5.44763
       11/1    0.99128    5.46291
       12/1    0.99885    5.45854
       13/1    1.00680    5.46156
       14/1    1.00477    5.46584
       15/1    1.01026    5.46649
       16/1    0.99628    5.46300
       17/1    0.98499    5.45220
       18/1    1.00041    5.45040
       19/1    1.01704    5.46124
       20/1    1.01119    5.44721
       21/1    1.00854    5.43732
       22/1    0.98404    5.44915
       23/1    0.98463    5.45935
       24/1    0.98236    5.43988
       25/1    0.99674    5.43863
       26/1    0.98768    5.45893
       27/1    0.99606    5.45233
       28/1    1.00121    5.44925
       29/1    0.99742    5.46778
       30/1    1.00665    5.46440
       31/1    0.99120    5.45979
       32/1    1.00458    5.46255
       33/1    0.98774    5.45454
       34/1    1.01249    5.45330
       35/1    0.98036    5.44594
       36/1    0.99088    5.43525
       37/1    0.99848    5.44240
       38/1    0.98854    5.45099
       39/1    1.01114    5.44092
       40/1    0.99059    5.43994
       41/1    1.00663    5.45436
       42/1    1.00830    5.45208
       43/1    1.00616    5.45072
       44/1    0.98823    5.44157
       45/1    0.98821    5.45083
       46/1    0.99807    5.42077
       47/1    1.00569    5.43581
       48/1    1.00233    5.42328
       49/1    1.00150    5.43835
       50/1    1.00149    5.43301
       51/1    0.99601    5.45195
       52/1    1.02224    5.46273
       53/1    0.99519    5.46106
       54/1    0.99954    5.44870
       55/1    1.00126    5.45894
       56/1    1.00974    5.44756
       57/1    0.99908    5.46513
       58/1    1.01601    5.46015
       59/1    0.98564    5.45170
       60/1    0.99044    5.44823
       61/1    0.99577    5.44517
       62/1    0.99826    5.44877    0.99702 +/- 0.00125
       63/1    1.01187    5.44274    1.00197 +/- 0.00500
       64/1    0.99171    5.45898    0.99940 +/- 0.00437
       65/1    0.99723    5.45593    0.99897 +/- 0.00341
       66/1    0.99537    5.44137    0.99837 +/- 0.00285
       67/1    0.98882    5.46506    0.99700 +/- 0.00277
       68/1    0.99471    5.45287    0.99672 +/- 0.00241
       69/1    1.01669    5.44764    0.99894 +/- 0.00308
       70/1    1.00085    5.45320    0.99913 +/- 0.00276
       71/1    1.00998    5.44956    1.00011 +/- 0.00268
       72/1    0.99548    5.46478    0.99973 +/- 0.00248
       73/1    0.99150    5.44794    0.99909 +/- 0.00237
       74/1    1.00716    5.45972    0.99967 +/- 0.00227
       75/1    0.99764    5.45328    0.99954 +/- 0.00211
       76/1    0.99198    5.45957    0.99906 +/- 0.00203
       77/1    1.00373    5.45259    0.99934 +/- 0.00193
       78/1    0.99236    5.43269    0.99895 +/- 0.00186
       79/1    0.99560    5.44973    0.99877 +/- 0.00177
       80/1    0.99798    5.45543    0.99873 +/- 0.00168
       81/1    0.99267    5.44237    0.99845 +/- 0.00162
       82/1    0.99116    5.44149    0.99811 +/- 0.00158
       83/1    1.00251    5.44302    0.99830 +/- 0.00152
       84/1    0.98613    5.45248    0.99780 +/- 0.00154
       85/1    0.98754    5.43060    0.99739 +/- 0.00154
       86/1    0.99489    5.42327    0.99729 +/- 0.00148
       87/1    0.99955    5.43701    0.99738 +/- 0.00143
       88/1    0.98633    5.43687    0.99698 +/- 0.00143
       89/1    0.98421    5.46325    0.99654 +/- 0.00145
       90/1    1.01678    5.44969    0.99721 +/- 0.00155
       91/1    0.98301    5.45771    0.99676 +/- 0.00157
       92/1    0.99560    5.44633    0.99672 +/- 0.00152
       93/1    1.00672    5.44993    0.99702 +/- 0.00150
       94/1    0.98705    5.45256    0.99673 +/- 0.00149
       95/1    0.99973    5.46720    0.99682 +/- 0.00145
       96/1    1.00034    5.45553    0.99691 +/- 0.00141
       97/1    0.97981    5.46288    0.99645 +/- 0.00145
       98/1    1.00170    5.47450    0.99659 +/- 0.00142
       99/1    0.99460    5.45474    0.99654 +/- 0.00138
      100/1    0.99800    5.45839    0.99658 +/- 0.00135
      101/1    1.01847    5.46020    0.99711 +/- 0.00142
      102/1    1.01301    5.44325    0.99749 +/- 0.00143
      103/1    1.00443    5.45038    0.99765 +/- 0.00141
      104/1    0.99907    5.45974    0.99768 +/- 0.00138
      105/1    1.00635    5.46384    0.99787 +/- 0.00136
      106/1    1.00041    5.45742    0.99793 +/- 0.00133
      107/1    0.99776    5.46483    0.99793 +/- 0.00130
      108/1    1.01378    5.45175    0.99826 +/- 0.00132
      109/1    1.00467    5.46198    0.99839 +/- 0.00130
      110/1    1.00304    5.45828    0.99848 +/- 0.00127
      111/1    0.99872    5.47601    0.99848 +/- 0.00125
      112/1    1.00918    5.45355    0.99869 +/- 0.00124
      113/1    0.99906    5.46265    0.99870 +/- 0.00122
      114/1    0.99697    5.48164    0.99867 +/- 0.00120
      115/1    0.99600    5.46064    0.99862 +/- 0.00117
      116/1    0.99457    5.45563    0.99854 +/- 0.00116
      117/1    1.01069    5.45961    0.99876 +/- 0.00116
      118/1    1.00872    5.46650    0.99893 +/- 0.00115
      119/1    0.99308    5.45103    0.99883 +/- 0.00113
      120/1    1.00085    5.45486    0.99886 +/- 0.00111
      121/1    0.98758    5.45636    0.99868 +/- 0.00111
      122/1    0.99231    5.44053    0.99858 +/- 0.00110
      123/1    0.99328    5.45778    0.99849 +/- 0.00108
      124/1    1.00085    5.44741    0.99853 +/- 0.00107
      125/1    0.99245    5.45216    0.99844 +/- 0.00105
      126/1    0.99977    5.44038    0.99846 +/- 0.00104
      127/1    1.01256    5.44389    0.99867 +/- 0.00104
      128/1    1.00700    5.43664    0.99879 +/- 0.00104
      129/1    0.99863    5.45975    0.99879 +/- 0.00102
      130/1    1.00279    5.45210    0.99884 +/- 0.00101
      131/1    1.00867    5.44913    0.99898 +/- 0.00100
      132/1    1.00016    5.44408    0.99900 +/- 0.00099
      133/1    0.98896    5.44351    0.99886 +/- 0.00099
      134/1    1.01001    5.45133    0.99901 +/- 0.00098
      135/1    1.00198    5.45021    0.99905 +/- 0.00097
      136/1    1.00714    5.44129    0.99916 +/- 0.00096
      137/1    1.02621    5.45589    0.99951 +/- 0.00101
      138/1    1.00770    5.43128    0.99961 +/- 0.00101
      139/1    1.00392    5.43826    0.99967 +/- 0.00100
      140/1    1.01215    5.43786    0.99982 +/- 0.00100
      141/1    0.98935    5.44592    0.99969 +/- 0.00099
      142/1    0.98821    5.43948    0.99955 +/- 0.00099
      143/1    0.98545    5.44074    0.99938 +/- 0.00099
      144/1    0.99453    5.43088    0.99933 +/- 0.00098
      145/1    0.98560    5.43965    0.99917 +/- 0.00098
      146/1    0.98965    5.44112    0.99905 +/- 0.00098
      147/1    0.99908    5.44315    0.99906 +/- 0.00097
      148/1    0.98600    5.46000    0.99891 +/- 0.00097
      149/1    0.99613    5.44966    0.99888 +/- 0.00096
      150/1    0.98466    5.43309    0.99872 +/- 0.00096
      151/1    0.99891    5.45203    0.99872 +/- 0.00095
      152/1    0.99918    5.45444    0.99872 +/- 0.00094
      153/1    1.01599    5.44081    0.99891 +/- 0.00095
      154/1    0.98720    5.43302    0.99879 +/- 0.00094
      155/1    1.00240    5.45004    0.99882 +/- 0.00094
      156/1    0.98148    5.43513    0.99864 +/- 0.00094
      157/1    1.00669    5.45360    0.99873 +/- 0.00094
      158/1    1.00929    5.44849    0.99883 +/- 0.00093
      159/1    1.00421    5.44053    0.99889 +/- 0.00093
      160/1    0.99900    5.44097    0.99889 +/- 0.00092
 Creating state point statepoint.160.h5...

 =======================>     TIMING STATISTICS     <=======================

 Total time for initialization     = 0.0000e+00 seconds
   Reading cross sections          = 0.0000e+00 seconds
 Total time in simulation          = 3.6820e+02 seconds
   Time in transport only          = 3.6714e+02 seconds
   Time in inactive batches        = 9.8286e+01 seconds
   Time in active batches          = 2.6991e+02 seconds
   Time synchronizing fission bank = 2.8764e-01 seconds
     Sampling source sites         = 2.5188e-01 seconds
     SEND/RECV source sites        = 3.5121e-02 seconds
   Time accumulating tallies       = 5.0925e-01 seconds
   Time writing statepoints        = 1.8784e-02 seconds
 Total time for finalization       = 1.9113e-02 seconds
 Total time elapsed                = 3.6868e+02 seconds
 Calculation Rate (inactive)       = 12209.3 particles/second
 Calculation Rate (active)         = 7409.81 particles/second

 ============================>     RESULTS     <============================

 k-effective (Collision)     = 0.99930 +/- 0.00078
 k-effective (Track-length)  = 0.99889 +/- 0.00092
 k-effective (Absorption)    = 0.99758 +/- 0.00079
 Combined k-effective        = 0.99835 +/- 0.00067
 Leakage Fraction            = 0.00695 +/- 0.00006

 Creating state point openmc_simulation_n3.h5...
[openmc.deplete] t=30290421.360875685 s, dt=34617624.412429355 s, source=47662824.37942663
 Maximum neutron transport energy: 20000000 eV for H1
 Initializing source particles...

 ====================>     K EIGENVALUE SIMULATION     <====================

  Bat./Gen.      k       Entropy         Average k 
  =========   ========   ========   ====================
        1/1    0.93514    5.53585
        2/1    0.95692    5.50905
        3/1    0.98070    5.49468
        4/1    0.97822    5.47195
        5/1    0.98760    5.48449
        6/1    0.99194    5.45287
        7/1    0.98918    5.44631
        8/1    0.97865    5.45413
        9/1    0.99970    5.44940
       10/1    1.00972    5.43758
       11/1    1.01313    5.44679
       12/1    0.99803    5.44044
       13/1    1.00452    5.44404
       14/1    0.99383    5.44784
       15/1    1.00438    5.44195
       16/1    1.00690    5.44446
       17/1    0.99323    5.44366
       18/1    1.00095    5.44821
       19/1    0.99536    5.44336
       20/1    0.99601    5.44382
       21/1    1.00336    5.43587
       22/1    0.98671    5.42984
       23/1    1.00874    5.43362
       24/1    1.00775    5.42358
       25/1    0.99835    5.43585
       26/1    1.00344    5.42840
       27/1    0.99540    5.43197
       28/1    0.99271    5.42881
       29/1    0.98710    5.43911
       30/1    0.99800    5.43864
       31/1    1.00780    5.42838
       32/1    1.00065    5.42562
       33/1    0.99755    5.42655
       34/1    1.00037    5.42609
       35/1    1.00779    5.42483
       36/1    1.00219    5.43601
       37/1    1.00768    5.43476
       38/1    1.01799    5.41412
       39/1    0.99543    5.42528
       40/1    0.98905    5.43312
       41/1    1.00622    5.42905
       42/1    0.99758    5.43692
       43/1    1.01030    5.43599
       44/1    1.00264    5.43599
       45/1    1.00612    5.44791
       46/1    0.99939    5.44462
       47/1    0.99285    5.43885
       48/1    1.00260    5.43959
       49/1    0.99475    5.43510
       50/1    0.99325    5.43365
       51/1    1.00417    5.43690
       52/1    0.99743    5.43442
       53/1    1.01481    5.42284
       54/1    0.99984    5.44186
       55/1    0.99946    5.43789
       56/1    0.99316    5.44283
       57/1    0.99063    5.43766
       58/1    1.00963    5.44227
       59/1    0.99592    5.43347
       60/1    0.99301    5.44176
       61/1    1.01970    5.44468
       62/1    0.98882    5.43233    1.00426 +/- 0.01544
       63/1    1.00010    5.44499    1.00287 +/- 0.00902
       64/1    1.00952    5.44586    1.00453 +/- 0.00659
       65/1    0.98192    5.42885    1.00001 +/- 0.00682
       66/1    0.98276    5.43402    0.99714 +/- 0.00627
       67/1    0.99496    5.44632    0.99683 +/- 0.00531
       68/1    0.99585    5.45326    0.99670 +/- 0.00460
       69/1    1.00034    5.45978    0.99711 +/- 0.00407
       70/1    0.99868    5.44732    0.99726 +/- 0.00365
       71/1    0.98248    5.43024    0.99592 +/- 0.00356
       72/1    1.00196    5.44622    0.99642 +/- 0.00329
       73/1    0.98924    5.43576    0.99587 +/- 0.00308
       74/1    0.97220    5.42716    0.99418 +/- 0.00331
       75/1    1.00073    5.43134    0.99462 +/- 0.00311
       76/1    0.99585    5.44339    0.99469 +/- 0.00291
       77/1    0.98391    5.43398    0.99406 +/- 0.00281
       78/1    0.99833    5.43678    0.99430 +/- 0.00266
       79/1    1.00741    5.44230    0.99499 +/- 0.00261
       80/1    0.99774    5.43658    0.99513 +/- 0.00248
       81/1    0.99881    5.42693    0.99530 +/- 0.00236
       82/1    0.99356    5.43713    0.99522 +/- 0.00226
       83/1    0.99536    5.43004    0.99523 +/- 0.00216
       84/1    0.99711    5.43345    0.99531 +/- 0.00207
       85/1    0.99181    5.42775    0.99517 +/- 0.00199
       86/1    1.02423    5.41690    0.99628 +/- 0.00221
       87/1    1.00296    5.41957    0.99653 +/- 0.00214
       88/1    1.01287    5.44307    0.99711 +/- 0.00215
       89/1    1.00052    5.43565    0.99723 +/- 0.00207
       90/1    1.01403    5.43568    0.99779 +/- 0.00208
       91/1    0.99212    5.42467    0.99761 +/- 0.00202
       92/1    0.98934    5.41111    0.99735 +/- 0.00197
       93/1    0.99124    5.41266    0.99717 +/- 0.00192
       94/1    1.01230    5.41348    0.99761 +/- 0.00192
       95/1    0.98510    5.41490    0.99725 +/- 0.00189
       96/1    0.99439    5.43277    0.99717 +/- 0.00184
       97/1    1.00163    5.42790    0.99729 +/- 0.00180
       98/1    1.00829    5.42062    0.99758 +/- 0.00177
       99/1    1.01106    5.41794    0.99793 +/- 0.00176
      100/1    0.99237    5.42149    0.99779 +/- 0.00172
      101/1    1.00666    5.42186    0.99801 +/- 0.00169
      102/1    0.99350    5.43952    0.99790 +/- 0.00166
      103/1    1.00621    5.43137    0.99809 +/- 0.00163
      104/1    0.99611    5.42613    0.99805 +/- 0.00159
      105/1    0.99952    5.43195    0.99808 +/- 0.00156
      106/1    1.00814    5.42574    0.99830 +/- 0.00154
      107/1    0.99596    5.41238    0.99825 +/- 0.00151
      108/1    0.98947    5.41583    0.99807 +/- 0.00148
      109/1    0.98231    5.42422    0.99774 +/- 0.00149
      110/1    1.00414    5.42414    0.99787 +/- 0.00146
      111/1    1.00992    5.42715    0.99811 +/- 0.00146
      112/1    0.99560    5.43381    0.99806 +/- 0.00143
      113/1    0.99809    5.42171    0.99806 +/- 0.00140
      114/1    1.00324    5.43042    0.99816 +/- 0.00138
      115/1    1.00302    5.43840    0.99824 +/- 0.00136
      116/1    1.01054    5.42794    0.99846 +/- 0.00135
      117/1    0.99509    5.44220    0.99841 +/- 0.00133
      118/1    0.98470    5.42610    0.99817 +/- 0.00132
      119/1    0.98923    5.43374    0.99802 +/- 0.00131
      120/1    0.99010    5.45091    0.99789 +/- 0.00130
      121/1    0.99849    5.44727    0.99790 +/- 0.00127
      122/1    0.97082    5.43803    0.99746 +/- 0.00133
      123/1    0.99112    5.45010    0.99736 +/- 0.00131
      124/1    0.99123    5.43784    0.99726 +/- 0.00129
      125/1    0.98512    5.42483    0.99708 +/- 0.00129
      126/1    0.99787    5.44514    0.99709 +/- 0.00127
      127/1    0.98571    5.43421    0.99692 +/- 0.00126
      128/1    0.99584    5.44051    0.99690 +/- 0.00124
      129/1    1.01144    5.41720    0.99711 +/- 0.00124
      130/1    0.98316    5.43145    0.99691 +/- 0.00124
      131/1    1.01384    5.42939    0.99715 +/- 0.00124
      132/1    0.99276    5.43534    0.99709 +/- 0.00123
      133/1    1.01763    5.42401    0.99737 +/- 0.00124
      134/1    1.00079    5.42993    0.99742 +/- 0.00123
      135/1    0.99246    5.42890    0.99735 +/- 0.00121
      136/1    1.00195    5.42395    0.99741 +/- 0.00120
      137/1    1.00900    5.42566    0.99756 +/- 0.00119
      138/1    0.98224    5.43550    0.99737 +/- 0.00119
      139/1    0.98699    5.43294    0.99724 +/- 0.00119
      140/1    1.01320    5.43338    0.99743 +/- 0.00119
      141/1    1.00163    5.43011    0.99749 +/- 0.00117
      142/1    1.00530    5.42401    0.99758 +/- 0.00116
      143/1    0.98976    5.43229    0.99749 +/- 0.00115
      144/1    1.00616    5.43752    0.99759 +/- 0.00114
      145/1    0.99312    5.42608    0.99754 +/- 0.00113
      146/1    1.00953    5.41848    0.99768 +/- 0.00113
      147/1    0.99686    5.41591    0.99767 +/- 0.00111
      148/1    0.99636    5.41805    0.99765 +/- 0.00110
      149/1    1.00900    5.44049    0.99778 +/- 0.00110
      150/1    0.99215    5.44404    0.99772 +/- 0.00109
      151/1    0.98787    5.45032    0.99761 +/- 0.00108
      152/1    0.99672    5.43837    0.99760 +/- 0.00107
      153/1    1.00708    5.44158    0.99770 +/- 0.00106
      154/1    1.00292    5.43004    0.99776 +/- 0.00105
      155/1    1.01079    5.42988    0.99790 +/- 0.00105
      156/1    1.00387    5.43526    0.99796 +/- 0.00104
      157/1    0.98906    5.42960    0.99787 +/- 0.00103
      158/1    1.00132    5.43394    0.99790 +/- 0.00102
      159/1    0.99547    5.43644    0.99788 +/- 0.00101
      160/1    0.98151    5.43429    0.99771 +/- 0.00102
 Creating state point statepoint.160.h5...

 =======================>     TIMING STATISTICS     <=======================

 Total time for initialization     = 0.0000e+00 seconds
   Reading cross sections          = 0.0000e+00 seconds
 Total time in simulation          = 3.7592e+02 seconds
   Time in transport only          = 3.7471e+02 seconds
   Time in inactive batches        = 9.9709e+01 seconds
   Time in active batches          = 2.7621e+02 seconds
   Time synchronizing fission bank = 2.9229e-01 seconds
     Sampling source sites         = 2.5568e-01 seconds
     SEND/RECV source sites        = 3.5907e-02 seconds
   Time accumulating tallies       = 6.3774e-01 seconds
   Time writing statepoints        = 1.9765e-02 seconds
 Total time for finalization       = 1.9202e-02 seconds
 Total time elapsed                = 3.7640e+02 seconds
 Calculation Rate (inactive)       = 12035 particles/second
 Calculation Rate (active)         = 7240.86 particles/second

 ============================>     RESULTS     <============================

 k-effective (Collision)     = 0.99877 +/- 0.00075
 k-effective (Track-length)  = 0.99771 +/- 0.00102
 k-effective (Absorption)    = 0.99949 +/- 0.00077
 Combined k-effective        = 0.99916 +/- 0.00067
 Leakage Fraction            = 0.00680 +/- 0.00006

 Creating state point openmc_simulation_n4.h5...
[openmc.deplete] t=64908045.77330504 s, dt=51926436.61864404 s, source=47662824.37942663
 Maximum neutron transport energy: 20000000 eV for H1
 Initializing source particles...

 ====================>     K EIGENVALUE SIMULATION     <====================

  Bat./Gen.      k       Entropy         Average k 
  =========   ========   ========   ====================
        1/1    0.93732    5.54489
        2/1    0.94258    5.52510
        3/1    0.99347    5.48805
        4/1    0.97349    5.47998
        5/1    0.98258    5.47703
        6/1    0.98108    5.46050
        7/1    0.99384    5.45682
        8/1    0.97955    5.46583
        9/1    1.00440    5.46443
       10/1    0.97082    5.45454
       11/1    0.99443    5.44699
       12/1    0.99206    5.45435
       13/1    0.99741    5.44172
       14/1    0.99132    5.44552
       15/1    0.98661    5.43944
       16/1    0.98477    5.42686
       17/1    0.98923    5.43583
       18/1    1.00631    5.43054
       19/1    0.99269    5.43026
       20/1    1.00094    5.43691
       21/1    1.01379    5.44548
       22/1    0.99588    5.42722
       23/1    0.99295    5.41809
       24/1    1.00236    5.41818
       25/1    1.00465    5.41923
       26/1    0.97746    5.41586
       27/1    0.98779    5.43057
       28/1    1.00464    5.42947
       29/1    0.99132    5.43302
       30/1    0.99363    5.42431
       31/1    0.98577    5.44406
       32/1    0.98578    5.42507
       33/1    1.00340    5.41714
       34/1    0.98945    5.42359
       35/1    0.98958    5.43739
       36/1    0.99672    5.43224
       37/1    0.99750    5.41894
       38/1    0.99185    5.42780
       39/1    1.00433    5.41764
       40/1    0.99355    5.43481
       41/1    0.98520    5.43656
       42/1    0.98725    5.42071
       43/1    0.97963    5.41750
       44/1    0.97684    5.42333
       45/1    0.99050    5.43831
       46/1    0.99004    5.44016
       47/1    0.99090    5.44430
       48/1    0.99600    5.43121
       49/1    1.00318    5.42364
       50/1    0.99974    5.43105
       51/1    1.00367    5.42979
       52/1    0.98339    5.44182
       53/1    0.98748    5.44406
       54/1    0.99194    5.44939
       55/1    0.99389    5.43542
       56/1    0.99357    5.43698
       57/1    0.99270    5.43978
       58/1    0.98397    5.44917
       59/1    0.99823    5.44915
       60/1    1.00095    5.45554
       61/1    0.97927    5.45529
       62/1    0.99290    5.43769    0.98608 +/- 0.00681
       63/1    0.98559    5.44983    0.98592 +/- 0.00394
       64/1    0.97576    5.44424    0.98338 +/- 0.00377
       65/1    0.99084    5.43517    0.98487 +/- 0.00328
       66/1    1.00446    5.41858    0.98814 +/- 0.00422
       67/1    1.01579    5.42951    0.99209 +/- 0.00532
       68/1    1.00572    5.42634    0.99379 +/- 0.00492
       69/1    1.00133    5.42448    0.99463 +/- 0.00442
       70/1    0.99807    5.43292    0.99497 +/- 0.00396
       71/1    1.00500    5.42945    0.99588 +/- 0.00370
       72/1    0.98788    5.42980    0.99522 +/- 0.00344
       73/1    0.99273    5.42765    0.99503 +/- 0.00317
       74/1    0.98476    5.42885    0.99429 +/- 0.00303
       75/1    0.97852    5.43621    0.99324 +/- 0.00301
       76/1    0.99952    5.43465    0.99363 +/- 0.00284
       77/1    0.98802    5.42293    0.99330 +/- 0.00269
       78/1    1.00827    5.43346    0.99414 +/- 0.00267
       79/1    1.00549    5.41823    0.99473 +/- 0.00259
       80/1    1.01128    5.43279    0.99556 +/- 0.00260
       81/1    0.99207    5.44951    0.99539 +/- 0.00247
       82/1    0.99127    5.44230    0.99521 +/- 0.00237
       83/1    1.00797    5.44359    0.99576 +/- 0.00233
       84/1    1.00576    5.43495    0.99618 +/- 0.00227
       85/1    1.00259    5.42852    0.99643 +/- 0.00219
       86/1    0.97325    5.42616    0.99554 +/- 0.00229
       87/1    0.99687    5.43136    0.99559 +/- 0.00220
       88/1    0.99495    5.42696    0.99557 +/- 0.00212
       89/1    0.99040    5.42854    0.99539 +/- 0.00205
       90/1    1.01231    5.42795    0.99596 +/- 0.00206
       91/1    0.98708    5.42910    0.99567 +/- 0.00202
       92/1    0.98643    5.42799    0.99538 +/- 0.00197
       93/1    0.98483    5.42828    0.99506 +/- 0.00194
       94/1    0.98561    5.42182    0.99478 +/- 0.00190
       95/1    0.99726    5.42638    0.99485 +/- 0.00185
       96/1    0.99143    5.43575    0.99476 +/- 0.00180
       97/1    1.00092    5.43449    0.99492 +/- 0.00176
       98/1    0.99675    5.42506    0.99497 +/- 0.00171
       99/1    0.98972    5.44013    0.99484 +/- 0.00167
      100/1    0.99535    5.43077    0.99485 +/- 0.00163
      101/1    1.00504    5.43652    0.99510 +/- 0.00161
      102/1    1.01166    5.44278    0.99549 +/- 0.00162
      103/1    0.98931    5.44912    0.99535 +/- 0.00159
      104/1    0.99937    5.44239    0.99544 +/- 0.00155
      105/1    0.99715    5.45023    0.99548 +/- 0.00152
      106/1    1.00402    5.45910    0.99567 +/- 0.00150
      107/1    0.99576    5.45385    0.99567 +/- 0.00146
      108/1    1.00620    5.45727    0.99589 +/- 0.00145
      109/1    0.98256    5.44177    0.99561 +/- 0.00145
      110/1    0.99589    5.44752    0.99562 +/- 0.00142
      111/1    0.99581    5.44692    0.99562 +/- 0.00139
      112/1    0.98434    5.43999    0.99541 +/- 0.00138
      113/1    1.00301    5.44070    0.99555 +/- 0.00136
      114/1    0.99089    5.43249    0.99546 +/- 0.00134
      115/1    1.00868    5.45313    0.99570 +/- 0.00133
      116/1    0.98696    5.43844    0.99555 +/- 0.00132
      117/1    1.00214    5.43831    0.99566 +/- 0.00130
      118/1    0.99993    5.43239    0.99574 +/- 0.00128
      119/1    0.99245    5.42567    0.99568 +/- 0.00126
      120/1    1.00934    5.44509    0.99591 +/- 0.00126
      121/1    1.00510    5.45132    0.99606 +/- 0.00125
      122/1    0.99972    5.44259    0.99612 +/- 0.00123
      123/1    0.98136    5.42904    0.99588 +/- 0.00123
      124/1    0.98633    5.43209    0.99574 +/- 0.00122
      125/1    0.97781    5.41711    0.99546 +/- 0.00123
      126/1    0.99365    5.42825    0.99543 +/- 0.00122
      127/1    1.00501    5.43843    0.99558 +/- 0.00121
      128/1    0.98746    5.43399    0.99546 +/- 0.00119
      129/1    1.00284    5.44193    0.99556 +/- 0.00118
      130/1    1.00150    5.42815    0.99565 +/- 0.00117
      131/1    0.98245    5.43150    0.99546 +/- 0.00117
      132/1    0.99118    5.43940    0.99540 +/- 0.00115
      133/1    0.97955    5.44468    0.99518 +/- 0.00116
      134/1    1.01173    5.45909    0.99541 +/- 0.00116
      135/1    1.01526    5.45095    0.99567 +/- 0.00118
      136/1    0.98805    5.44307    0.99557 +/- 0.00117
      137/1    0.99000    5.44617    0.99550 +/- 0.00115
      138/1    0.97686    5.44697    0.99526 +/- 0.00116
      139/1    0.97885    5.44009    0.99505 +/- 0.00117
      140/1    0.99575    5.43557    0.99506 +/- 0.00115
      141/1    0.99542    5.43337    0.99507 +/- 0.00114
      142/1    0.99819    5.42921    0.99510 +/- 0.00112
      143/1    1.01051    5.42678    0.99529 +/- 0.00113
      144/1    1.00322    5.41773    0.99538 +/- 0.00112
      145/1    1.00460    5.42728    0.99549 +/- 0.00111
      146/1    0.99629    5.42636    0.99550 +/- 0.00110
      147/1    0.98550    5.43223    0.99539 +/- 0.00109
      148/1    0.99721    5.42995    0.99541 +/- 0.00108
      149/1    0.99838    5.41516    0.99544 +/- 0.00106
      150/1    0.99064    5.43514    0.99539 +/- 0.00105
      151/1    0.99274    5.42290    0.99536 +/- 0.00104
      152/1    0.99504    5.42522    0.99536 +/- 0.00103
      153/1    0.97689    5.41621    0.99516 +/- 0.00104
      154/1    0.99900    5.42008    0.99520 +/- 0.00103
      155/1    1.00220    5.42035    0.99527 +/- 0.00102
      156/1    0.99637    5.43419    0.99528 +/- 0.00101
      157/1    0.97761    5.42966    0.99510 +/- 0.00102
      158/1    0.99719    5.42046    0.99512 +/- 0.00101
      159/1    0.99216    5.43575    0.99509 +/- 0.00100
      160/1    0.98347    5.42549    0.99498 +/- 0.00099
 Creating state point statepoint.160.h5...

 =======================>     TIMING STATISTICS     <=======================

 Total time for initialization     = 0.0000e+00 seconds
   Reading cross sections          = 0.0000e+00 seconds
 Total time in simulation          = 3.7497e+02 seconds
   Time in transport only          = 3.7379e+02 seconds
   Time in inactive batches        = 9.9233e+01 seconds
   Time in active batches          = 2.7574e+02 seconds
   Time synchronizing fission bank = 2.8552e-01 seconds
     Sampling source sites         = 2.4862e-01 seconds
     SEND/RECV source sites        = 3.6302e-02 seconds
   Time accumulating tallies       = 6.3570e-01 seconds
   Time writing statepoints        = 1.1880e-02 seconds
 Total time for finalization       = 1.0415e-02 seconds
 Total time elapsed                = 3.7545e+02 seconds
 Calculation Rate (inactive)       = 12092.8 particles/second
 Calculation Rate (active)         = 7253.34 particles/second

 ============================>     RESULTS     <============================

 k-effective (Collision)     = 0.99465 +/- 0.00079
 k-effective (Track-length)  = 0.99498 +/- 0.00099
 k-effective (Absorption)    = 0.99486 +/- 0.00076
 Combined k-effective        = 0.99479 +/- 0.00068
 Leakage Fraction            = 0.00679 +/- 0.00006

 Creating state point openmc_simulation_n5.h5...
[openmc.deplete] t=116834482.39194909 (final operator evaluation)
      k(BOL) 1.02207 x ratio 0.95162 -> end of cycle at k = 0.97262
      state 0: B   0.00 MWd/kgHM  k 1.02207  (target)
      state 1: B   0.50 MWd/kgHM  k 1.00285
      state 2: B   1.50 MWd/kgHM  k 1.00186
      state 3: B   3.50 MWd/kgHM  k 0.99835
      state 4: B   7.50 MWd/kgHM  k 0.99916
      state 5: B  13.50 MWd/kgHM  k 0.99479
                                %%%%%%%%%%%%%%%
                           %%%%%%%%%%%%%%%%%%%%%%%%
                        %%%%%%%%%%%%%%%%%%%%%%%%%%%%%%
                      %%%%%%%%%%%%%%%%%%%%%%%%%%%%%%%%%%
                    %%%%%%%%%%%%%%%%%%%%%%%%%%%%%%%%%%%%%%
                   %%%%%%%%%%%%%%%%%%%%%%%%%%%%%%%%%%%%%%%%
                                    %%%%%%%%%%%%%%%%%%%%%%%%
                                     %%%%%%%%%%%%%%%%%%%%%%%%
                 ###############      %%%%%%%%%%%%%%%%%%%%%%%%
                ##################     %%%%%%%%%%%%%%%%%%%%%%%
                ###################     %%%%%%%%%%%%%%%%%%%%%%%
                ####################     %%%%%%%%%%%%%%%%%%%%%%
                #####################     %%%%%%%%%%%%%%%%%%%%%
                ######################     %%%%%%%%%%%%%%%%%%%%
                #######################     %%%%%%%%%%%%%%%%%%
                 #######################     %%%%%%%%%%%%%%%%%
                 ######################     %%%%%%%%%%%%%%%%%
                  ####################     %%%%%%%%%%%%%%%%%
                    #################     %%%%%%%%%%%%%%%%%
                     ###############     %%%%%%%%%%%%%%%%
                       ############     %%%%%%%%%%%%%%%
                          ########     %%%%%%%%%%%%%%
                                      %%%%%%%%%%%

                 | The OpenMC Monte Carlo Code
       Copyright | 2011-2025 MIT, UChicago Argonne LLC, and contributors
         License | https://docs.openmc.org/en/latest/license.html
         Version | 0.15.3
     Commit Hash | 27e38e894697bb32a1dac7848d2618818b6b8daf
       Date/Time | 2026-09-28 06:43:38
   MPI Processes | 1
  OpenMP Threads | 64

 Reading settings XML file...
 Reading cross sections XML file...
 Reading chain file: /home/diogo/openmc_data/chain_endfb71_pwr.xml...
 Reading materials XML file...
 Reading geometry XML file...
 Reading H1 from /home/diogo/openmc_data/endfb-vii.1-hdf5/neutron/H1.h5
 Reading H2 from /home/diogo/openmc_data/endfb-vii.1-hdf5/neutron/H2.h5
 Reading B10 from /home/diogo/openmc_data/endfb-vii.1-hdf5/neutron/B10.h5
 Reading B11 from /home/diogo/openmc_data/endfb-vii.1-hdf5/neutron/B11.h5
 Reading O16 from /home/diogo/openmc_data/endfb-vii.1-hdf5/neutron/O16.h5
 Reading O17 from /home/diogo/openmc_data/endfb-vii.1-hdf5/neutron/O17.h5
 Reading Cr50 from /home/diogo/openmc_data/endfb-vii.1-hdf5/neutron/Cr50.h5
 Reading Cr52 from /home/diogo/openmc_data/endfb-vii.1-hdf5/neutron/Cr52.h5
 Reading Cr53 from /home/diogo/openmc_data/endfb-vii.1-hdf5/neutron/Cr53.h5
 Reading Cr54 from /home/diogo/openmc_data/endfb-vii.1-hdf5/neutron/Cr54.h5
 Reading Mn55 from /home/diogo/openmc_data/endfb-vii.1-hdf5/neutron/Mn55.h5
 Reading Fe54 from /home/diogo/openmc_data/endfb-vii.1-hdf5/neutron/Fe54.h5
 Reading Fe56 from /home/diogo/openmc_data/endfb-vii.1-hdf5/neutron/Fe56.h5
 Reading Fe57 from /home/diogo/openmc_data/endfb-vii.1-hdf5/neutron/Fe57.h5
 Reading Fe58 from /home/diogo/openmc_data/endfb-vii.1-hdf5/neutron/Fe58.h5
 Reading Ni58 from /home/diogo/openmc_data/endfb-vii.1-hdf5/neutron/Ni58.h5
 Reading Ni60 from /home/diogo/openmc_data/endfb-vii.1-hdf5/neutron/Ni60.h5
 Reading Ni61 from /home/diogo/openmc_data/endfb-vii.1-hdf5/neutron/Ni61.h5
 Reading Ni62 from /home/diogo/openmc_data/endfb-vii.1-hdf5/neutron/Ni62.h5
 Reading Ni64 from /home/diogo/openmc_data/endfb-vii.1-hdf5/neutron/Ni64.h5
 Reading Zr90 from /home/diogo/openmc_data/endfb-vii.1-hdf5/neutron/Zr90.h5
 Reading Zr91 from /home/diogo/openmc_data/endfb-vii.1-hdf5/neutron/Zr91.h5
 Reading Zr92 from /home/diogo/openmc_data/endfb-vii.1-hdf5/neutron/Zr92.h5
 Reading Zr94 from /home/diogo/openmc_data/endfb-vii.1-hdf5/neutron/Zr94.h5
 Reading Zr96 from /home/diogo/openmc_data/endfb-vii.1-hdf5/neutron/Zr96.h5
 Reading Sn112 from /home/diogo/openmc_data/endfb-vii.1-hdf5/neutron/Sn112.h5
 Reading Sn114 from /home/diogo/openmc_data/endfb-vii.1-hdf5/neutron/Sn114.h5
 Reading Sn115 from /home/diogo/openmc_data/endfb-vii.1-hdf5/neutron/Sn115.h5
 Reading Sn116 from /home/diogo/openmc_data/endfb-vii.1-hdf5/neutron/Sn116.h5
 Reading Sn117 from /home/diogo/openmc_data/endfb-vii.1-hdf5/neutron/Sn117.h5
 Reading Sn118 from /home/diogo/openmc_data/endfb-vii.1-hdf5/neutron/Sn118.h5
 Reading Sn119 from /home/diogo/openmc_data/endfb-vii.1-hdf5/neutron/Sn119.h5
 Reading Sn120 from /home/diogo/openmc_data/endfb-vii.1-hdf5/neutron/Sn120.h5
 Reading Sn122 from /home/diogo/openmc_data/endfb-vii.1-hdf5/neutron/Sn122.h5
 Reading Sn124 from /home/diogo/openmc_data/endfb-vii.1-hdf5/neutron/Sn124.h5
 Reading He3 from /home/diogo/openmc_data/endfb-vii.1-hdf5/neutron/He3.h5
 Reading He4 from /home/diogo/openmc_data/endfb-vii.1-hdf5/neutron/He4.h5
 Reading U234 from /home/diogo/openmc_data/endfb-vii.1-hdf5/neutron/U234.h5
 Reading U235 from /home/diogo/openmc_data/endfb-vii.1-hdf5/neutron/U235.h5
 Reading U238 from /home/diogo/openmc_data/endfb-vii.1-hdf5/neutron/U238.h5
 Reading Gd152 from /home/diogo/openmc_data/endfb-vii.1-hdf5/neutron/Gd152.h5
 Reading Gd154 from /home/diogo/openmc_data/endfb-vii.1-hdf5/neutron/Gd154.h5
 Reading Gd155 from /home/diogo/openmc_data/endfb-vii.1-hdf5/neutron/Gd155.h5
 Reading Gd156 from /home/diogo/openmc_data/endfb-vii.1-hdf5/neutron/Gd156.h5
 Reading Gd157 from /home/diogo/openmc_data/endfb-vii.1-hdf5/neutron/Gd157.h5
 Reading Gd158 from /home/diogo/openmc_data/endfb-vii.1-hdf5/neutron/Gd158.h5
 Reading Gd160 from /home/diogo/openmc_data/endfb-vii.1-hdf5/neutron/Gd160.h5
 Reading Si28 from /home/diogo/openmc_data/endfb-vii.1-hdf5/neutron/Si28.h5
 Reading Si29 from /home/diogo/openmc_data/endfb-vii.1-hdf5/neutron/Si29.h5
 Reading Si30 from /home/diogo/openmc_data/endfb-vii.1-hdf5/neutron/Si30.h5
 Reading Ag107 from /home/diogo/openmc_data/endfb-vii.1-hdf5/neutron/Ag107.h5
 Reading Ag109 from /home/diogo/openmc_data/endfb-vii.1-hdf5/neutron/Ag109.h5
 Reading Cd106 from /home/diogo/openmc_data/endfb-vii.1-hdf5/neutron/Cd106.h5
 WARNING: Negative value(s) found on probability table for nuclide Cd106 at 294K
 WARNING: Negative value(s) found on probability table for nuclide Cd106 at 600K
 WARNING: Negative value(s) found on probability table for nuclide Cd106 at 900K
 WARNING: Negative value(s) found on probability table for nuclide Cd106 at
          1200K
 WARNING: Negative value(s) found on probability table for nuclide Cd106 at
          2500K
 Reading Cd108 from /home/diogo/openmc_data/endfb-vii.1-hdf5/neutron/Cd108.h5
 Reading Cd110 from /home/diogo/openmc_data/endfb-vii.1-hdf5/neutron/Cd110.h5
 Reading Cd111 from /home/diogo/openmc_data/endfb-vii.1-hdf5/neutron/Cd111.h5
 Reading Cd112 from /home/diogo/openmc_data/endfb-vii.1-hdf5/neutron/Cd112.h5
 Reading Cd113 from /home/diogo/openmc_data/endfb-vii.1-hdf5/neutron/Cd113.h5
 Reading Cd114 from /home/diogo/openmc_data/endfb-vii.1-hdf5/neutron/Cd114.h5
 Reading Cd116 from /home/diogo/openmc_data/endfb-vii.1-hdf5/neutron/Cd116.h5
 Reading In113 from /home/diogo/openmc_data/endfb-vii.1-hdf5/neutron/In113.h5
 Reading In115 from /home/diogo/openmc_data/endfb-vii.1-hdf5/neutron/In115.h5
 Reading c_H_in_H2O from
 /home/diogo/openmc_data/endfb-vii.1-hdf5/neutron/c_H_in_H2O.h5
 Minimum neutron data temperature: 0 K
 Maximum neutron data temperature: 1.7976931348623157e+308 K
 Reading tallies XML file...
 Preparing distributed cell instances...
 Reading plot XML file...
 Writing summary.h5 file...
[openmc.deplete] t=116834482.39194909 s, dt=34617624.412429355 s, source=47662824.37942663
 Reading H3 from /home/diogo/openmc_data/endfb-vii.1-hdf5/neutron/H3.h5
 Reading Li6 from /home/diogo/openmc_data/endfb-vii.1-hdf5/neutron/Li6.h5
 Reading Li7 from /home/diogo/openmc_data/endfb-vii.1-hdf5/neutron/Li7.h5
 Reading N14 from /home/diogo/openmc_data/endfb-vii.1-hdf5/neutron/N14.h5
 Reading N15 from /home/diogo/openmc_data/endfb-vii.1-hdf5/neutron/N15.h5
 Reading F19 from /home/diogo/openmc_data/endfb-vii.1-hdf5/neutron/F19.h5
 Reading Na22 from /home/diogo/openmc_data/endfb-vii.1-hdf5/neutron/Na22.h5
 WARNING: Negative value(s) found on probability table for nuclide Na22 at 250K
 WARNING: Negative value(s) found on probability table for nuclide Na22 at 294K
 WARNING: Negative value(s) found on probability table for nuclide Na22 at 600K
 WARNING: Negative value(s) found on probability table for nuclide Na22 at 900K
 WARNING: Negative value(s) found on probability table for nuclide Na22 at 1200K
 WARNING: Negative value(s) found on probability table for nuclide Na22 at 2500K
 Reading Na23 from /home/diogo/openmc_data/endfb-vii.1-hdf5/neutron/Na23.h5
 Reading Mg24 from /home/diogo/openmc_data/endfb-vii.1-hdf5/neutron/Mg24.h5
 Reading Mg25 from /home/diogo/openmc_data/endfb-vii.1-hdf5/neutron/Mg25.h5
 Reading Mg26 from /home/diogo/openmc_data/endfb-vii.1-hdf5/neutron/Mg26.h5
 Reading Al27 from /home/diogo/openmc_data/endfb-vii.1-hdf5/neutron/Al27.h5
 Reading P31 from /home/diogo/openmc_data/endfb-vii.1-hdf5/neutron/P31.h5
 Reading S32 from /home/diogo/openmc_data/endfb-vii.1-hdf5/neutron/S32.h5
 Reading S33 from /home/diogo/openmc_data/endfb-vii.1-hdf5/neutron/S33.h5
 Reading S34 from /home/diogo/openmc_data/endfb-vii.1-hdf5/neutron/S34.h5
 Reading S36 from /home/diogo/openmc_data/endfb-vii.1-hdf5/neutron/S36.h5
 Reading Cl35 from /home/diogo/openmc_data/endfb-vii.1-hdf5/neutron/Cl35.h5
 Reading Cl37 from /home/diogo/openmc_data/endfb-vii.1-hdf5/neutron/Cl37.h5
 Reading Ar36 from /home/diogo/openmc_data/endfb-vii.1-hdf5/neutron/Ar36.h5
 WARNING: Negative value(s) found on probability table for nuclide Ar36 at 250K
 WARNING: Negative value(s) found on probability table for nuclide Ar36 at 294K
 WARNING: Negative value(s) found on probability table for nuclide Ar36 at 600K
 WARNING: Negative value(s) found on probability table for nuclide Ar36 at 900K
 WARNING: Negative value(s) found on probability table for nuclide Ar36 at 1200K
 WARNING: Negative value(s) found on probability table for nuclide Ar36 at 2500K
 Reading Ar38 from /home/diogo/openmc_data/endfb-vii.1-hdf5/neutron/Ar38.h5
 Reading Ar40 from /home/diogo/openmc_data/endfb-vii.1-hdf5/neutron/Ar40.h5
 Reading K39 from /home/diogo/openmc_data/endfb-vii.1-hdf5/neutron/K39.h5
 Reading K40 from /home/diogo/openmc_data/endfb-vii.1-hdf5/neutron/K40.h5
 Reading K41 from /home/diogo/openmc_data/endfb-vii.1-hdf5/neutron/K41.h5
 Reading Ca40 from /home/diogo/openmc_data/endfb-vii.1-hdf5/neutron/Ca40.h5
 Reading Ca42 from /home/diogo/openmc_data/endfb-vii.1-hdf5/neutron/Ca42.h5
 Reading Ca43 from /home/diogo/openmc_data/endfb-vii.1-hdf5/neutron/Ca43.h5
 Reading Ca44 from /home/diogo/openmc_data/endfb-vii.1-hdf5/neutron/Ca44.h5
 Reading Ca46 from /home/diogo/openmc_data/endfb-vii.1-hdf5/neutron/Ca46.h5
 Reading Sc45 from /home/diogo/openmc_data/endfb-vii.1-hdf5/neutron/Sc45.h5
 Reading Ti46 from /home/diogo/openmc_data/endfb-vii.1-hdf5/neutron/Ti46.h5
 Reading Ti47 from /home/diogo/openmc_data/endfb-vii.1-hdf5/neutron/Ti47.h5
 Reading Ti48 from /home/diogo/openmc_data/endfb-vii.1-hdf5/neutron/Ti48.h5
 Reading Ti49 from /home/diogo/openmc_data/endfb-vii.1-hdf5/neutron/Ti49.h5
 Reading Ti50 from /home/diogo/openmc_data/endfb-vii.1-hdf5/neutron/Ti50.h5
 Reading V50 from /home/diogo/openmc_data/endfb-vii.1-hdf5/neutron/V50.h5
 Reading V51 from /home/diogo/openmc_data/endfb-vii.1-hdf5/neutron/V51.h5
 Reading Co58 from /home/diogo/openmc_data/endfb-vii.1-hdf5/neutron/Co58.h5
 Reading Co59 from /home/diogo/openmc_data/endfb-vii.1-hdf5/neutron/Co59.h5
 Reading Ni59 from /home/diogo/openmc_data/endfb-vii.1-hdf5/neutron/Ni59.h5
 Reading Cu63 from /home/diogo/openmc_data/endfb-vii.1-hdf5/neutron/Cu63.h5
 Reading Cu65 from /home/diogo/openmc_data/endfb-vii.1-hdf5/neutron/Cu65.h5
 Reading Zn64 from /home/diogo/openmc_data/endfb-vii.1-hdf5/neutron/Zn64.h5
 Reading Zn65 from /home/diogo/openmc_data/endfb-vii.1-hdf5/neutron/Zn65.h5
 Reading Zn66 from /home/diogo/openmc_data/endfb-vii.1-hdf5/neutron/Zn66.h5
 Reading Zn67 from /home/diogo/openmc_data/endfb-vii.1-hdf5/neutron/Zn67.h5
 Reading Zn68 from /home/diogo/openmc_data/endfb-vii.1-hdf5/neutron/Zn68.h5
 Reading Zn70 from /home/diogo/openmc_data/endfb-vii.1-hdf5/neutron/Zn70.h5
 Reading Ga69 from /home/diogo/openmc_data/endfb-vii.1-hdf5/neutron/Ga69.h5
 Reading Ga71 from /home/diogo/openmc_data/endfb-vii.1-hdf5/neutron/Ga71.h5
 Reading Ge70 from /home/diogo/openmc_data/endfb-vii.1-hdf5/neutron/Ge70.h5
 Reading Ge72 from /home/diogo/openmc_data/endfb-vii.1-hdf5/neutron/Ge72.h5
 Reading Ge73 from /home/diogo/openmc_data/endfb-vii.1-hdf5/neutron/Ge73.h5
 Reading Ge74 from /home/diogo/openmc_data/endfb-vii.1-hdf5/neutron/Ge74.h5
 Reading Ge76 from /home/diogo/openmc_data/endfb-vii.1-hdf5/neutron/Ge76.h5
 Reading As74 from /home/diogo/openmc_data/endfb-vii.1-hdf5/neutron/As74.h5
 Reading As75 from /home/diogo/openmc_data/endfb-vii.1-hdf5/neutron/As75.h5
 Reading Se74 from /home/diogo/openmc_data/endfb-vii.1-hdf5/neutron/Se74.h5
 Reading Se76 from /home/diogo/openmc_data/endfb-vii.1-hdf5/neutron/Se76.h5
 Reading Se77 from /home/diogo/openmc_data/endfb-vii.1-hdf5/neutron/Se77.h5
 Reading Se78 from /home/diogo/openmc_data/endfb-vii.1-hdf5/neutron/Se78.h5
 Reading Se79 from /home/diogo/openmc_data/endfb-vii.1-hdf5/neutron/Se79.h5
 WARNING: Negative value(s) found on probability table for nuclide Se79 at 250K
 WARNING: Negative value(s) found on probability table for nuclide Se79 at 294K
 WARNING: Negative value(s) found on probability table for nuclide Se79 at 600K
 WARNING: Negative value(s) found on probability table for nuclide Se79 at 900K
 WARNING: Negative value(s) found on probability table for nuclide Se79 at 1200K
 Reading Se80 from /home/diogo/openmc_data/endfb-vii.1-hdf5/neutron/Se80.h5
 Reading Se82 from /home/diogo/openmc_data/endfb-vii.1-hdf5/neutron/Se82.h5
 Reading Br79 from /home/diogo/openmc_data/endfb-vii.1-hdf5/neutron/Br79.h5
 Reading Br81 from /home/diogo/openmc_data/endfb-vii.1-hdf5/neutron/Br81.h5
 Reading Kr78 from /home/diogo/openmc_data/endfb-vii.1-hdf5/neutron/Kr78.h5
 Reading Kr80 from /home/diogo/openmc_data/endfb-vii.1-hdf5/neutron/Kr80.h5
 Reading Kr82 from /home/diogo/openmc_data/endfb-vii.1-hdf5/neutron/Kr82.h5
 Reading Kr83 from /home/diogo/openmc_data/endfb-vii.1-hdf5/neutron/Kr83.h5
 Reading Kr84 from /home/diogo/openmc_data/endfb-vii.1-hdf5/neutron/Kr84.h5
 Reading Kr85 from /home/diogo/openmc_data/endfb-vii.1-hdf5/neutron/Kr85.h5
 Reading Kr86 from /home/diogo/openmc_data/endfb-vii.1-hdf5/neutron/Kr86.h5
 Reading Rb85 from /home/diogo/openmc_data/endfb-vii.1-hdf5/neutron/Rb85.h5
 Reading Rb86 from /home/diogo/openmc_data/endfb-vii.1-hdf5/neutron/Rb86.h5
 Reading Rb87 from /home/diogo/openmc_data/endfb-vii.1-hdf5/neutron/Rb87.h5
 Reading Sr84 from /home/diogo/openmc_data/endfb-vii.1-hdf5/neutron/Sr84.h5
 Reading Sr86 from /home/diogo/openmc_data/endfb-vii.1-hdf5/neutron/Sr86.h5
 Reading Sr87 from /home/diogo/openmc_data/endfb-vii.1-hdf5/neutron/Sr87.h5
 Reading Sr88 from /home/diogo/openmc_data/endfb-vii.1-hdf5/neutron/Sr88.h5
 Reading Sr89 from /home/diogo/openmc_data/endfb-vii.1-hdf5/neutron/Sr89.h5
 Reading Sr90 from /home/diogo/openmc_data/endfb-vii.1-hdf5/neutron/Sr90.h5
 Reading Y89 from /home/diogo/openmc_data/endfb-vii.1-hdf5/neutron/Y89.h5
 Reading Y90 from /home/diogo/openmc_data/endfb-vii.1-hdf5/neutron/Y90.h5
 Reading Y91 from /home/diogo/openmc_data/endfb-vii.1-hdf5/neutron/Y91.h5
 Reading Zr93 from /home/diogo/openmc_data/endfb-vii.1-hdf5/neutron/Zr93.h5
 Reading Zr95 from /home/diogo/openmc_data/endfb-vii.1-hdf5/neutron/Zr95.h5
 Reading Nb93 from /home/diogo/openmc_data/endfb-vii.1-hdf5/neutron/Nb93.h5
 Reading Nb94 from /home/diogo/openmc_data/endfb-vii.1-hdf5/neutron/Nb94.h5
 WARNING: Negative value(s) found on probability table for nuclide Nb94 at 250K
 WARNING: Negative value(s) found on probability table for nuclide Nb94 at 294K
 WARNING: Negative value(s) found on probability table for nuclide Nb94 at 600K
 WARNING: Negative value(s) found on probability table for nuclide Nb94 at 900K
 WARNING: Negative value(s) found on probability table for nuclide Nb94 at 1200K
 WARNING: Negative value(s) found on probability table for nuclide Nb94 at 2500K
 Reading Nb95 from /home/diogo/openmc_data/endfb-vii.1-hdf5/neutron/Nb95.h5
 WARNING: Negative value(s) found on probability table for nuclide Nb95 at 250K
 WARNING: Negative value(s) found on probability table for nuclide Nb95 at 294K
 WARNING: Negative value(s) found on probability table for nuclide Nb95 at 600K
 WARNING: Negative value(s) found on probability table for nuclide Nb95 at 900K
 WARNING: Negative value(s) found on probability table for nuclide Nb95 at 1200K
 Reading Mo92 from /home/diogo/openmc_data/endfb-vii.1-hdf5/neutron/Mo92.h5
 Reading Mo94 from /home/diogo/openmc_data/endfb-vii.1-hdf5/neutron/Mo94.h5
 Reading Mo95 from /home/diogo/openmc_data/endfb-vii.1-hdf5/neutron/Mo95.h5
 Reading Mo96 from /home/diogo/openmc_data/endfb-vii.1-hdf5/neutron/Mo96.h5
 Reading Mo97 from /home/diogo/openmc_data/endfb-vii.1-hdf5/neutron/Mo97.h5
 Reading Mo98 from /home/diogo/openmc_data/endfb-vii.1-hdf5/neutron/Mo98.h5
 Reading Mo99 from /home/diogo/openmc_data/endfb-vii.1-hdf5/neutron/Mo99.h5
 WARNING: Negative value(s) found on probability table for nuclide Mo99 at 250K
 WARNING: Negative value(s) found on probability table for nuclide Mo99 at 294K
 WARNING: Negative value(s) found on probability table for nuclide Mo99 at 600K
 WARNING: Negative value(s) found on probability table for nuclide Mo99 at 900K
 WARNING: Negative value(s) found on probability table for nuclide Mo99 at 1200K
 WARNING: Negative value(s) found on probability table for nuclide Mo99 at 2500K
 Reading Mo100 from /home/diogo/openmc_data/endfb-vii.1-hdf5/neutron/Mo100.h5
 Reading Tc99 from /home/diogo/openmc_data/endfb-vii.1-hdf5/neutron/Tc99.h5
 Reading Ru98 from /home/diogo/openmc_data/endfb-vii.1-hdf5/neutron/Ru98.h5
 Reading Ru99 from /home/diogo/openmc_data/endfb-vii.1-hdf5/neutron/Ru99.h5
 Reading Ru100 from /home/diogo/openmc_data/endfb-vii.1-hdf5/neutron/Ru100.h5
 Reading Ru101 from /home/diogo/openmc_data/endfb-vii.1-hdf5/neutron/Ru101.h5
 Reading Ru102 from /home/diogo/openmc_data/endfb-vii.1-hdf5/neutron/Ru102.h5
 Reading Ru103 from /home/diogo/openmc_data/endfb-vii.1-hdf5/neutron/Ru103.h5
 Reading Ru104 from /home/diogo/openmc_data/endfb-vii.1-hdf5/neutron/Ru104.h5
 Reading Ru105 from /home/diogo/openmc_data/endfb-vii.1-hdf5/neutron/Ru105.h5
 Reading Ru106 from /home/diogo/openmc_data/endfb-vii.1-hdf5/neutron/Ru106.h5
 Reading Rh103 from /home/diogo/openmc_data/endfb-vii.1-hdf5/neutron/Rh103.h5
 Reading Rh105 from /home/diogo/openmc_data/endfb-vii.1-hdf5/neutron/Rh105.h5
 Reading Pd102 from /home/diogo/openmc_data/endfb-vii.1-hdf5/neutron/Pd102.h5
 Reading Pd104 from /home/diogo/openmc_data/endfb-vii.1-hdf5/neutron/Pd104.h5
 Reading Pd105 from /home/diogo/openmc_data/endfb-vii.1-hdf5/neutron/Pd105.h5
 Reading Pd106 from /home/diogo/openmc_data/endfb-vii.1-hdf5/neutron/Pd106.h5
 Reading Pd107 from /home/diogo/openmc_data/endfb-vii.1-hdf5/neutron/Pd107.h5
 Reading Pd108 from /home/diogo/openmc_data/endfb-vii.1-hdf5/neutron/Pd108.h5
 Reading Pd110 from /home/diogo/openmc_data/endfb-vii.1-hdf5/neutron/Pd110.h5
 Reading Ag110_m1 from
 /home/diogo/openmc_data/endfb-vii.1-hdf5/neutron/Ag110_m1.h5
 Reading Ag111 from /home/diogo/openmc_data/endfb-vii.1-hdf5/neutron/Ag111.h5
 Reading Cd115_m1 from
 /home/diogo/openmc_data/endfb-vii.1-hdf5/neutron/Cd115_m1.h5
 Reading Sn113 from /home/diogo/openmc_data/endfb-vii.1-hdf5/neutron/Sn113.h5
 Reading Sn123 from /home/diogo/openmc_data/endfb-vii.1-hdf5/neutron/Sn123.h5
 WARNING: Negative value(s) found on probability table for nuclide Sn123 at 250K
 WARNING: Negative value(s) found on probability table for nuclide Sn123 at 294K
 WARNING: Negative value(s) found on probability table for nuclide Sn123 at 600K
 WARNING: Negative value(s) found on probability table for nuclide Sn123 at 900K
 WARNING: Negative value(s) found on probability table for nuclide Sn123 at
          1200K
 WARNING: Negative value(s) found on probability table for nuclide Sn123 at
          2500K
 Reading Sn125 from /home/diogo/openmc_data/endfb-vii.1-hdf5/neutron/Sn125.h5
 Reading Sn126 from /home/diogo/openmc_data/endfb-vii.1-hdf5/neutron/Sn126.h5
 Reading Sb121 from /home/diogo/openmc_data/endfb-vii.1-hdf5/neutron/Sb121.h5
 Reading Sb123 from /home/diogo/openmc_data/endfb-vii.1-hdf5/neutron/Sb123.h5
 Reading Sb124 from /home/diogo/openmc_data/endfb-vii.1-hdf5/neutron/Sb124.h5
 Reading Sb125 from /home/diogo/openmc_data/endfb-vii.1-hdf5/neutron/Sb125.h5
 Reading Sb126 from /home/diogo/openmc_data/endfb-vii.1-hdf5/neutron/Sb126.h5
 Reading Te120 from /home/diogo/openmc_data/endfb-vii.1-hdf5/neutron/Te120.h5
 WARNING: Negative value(s) found on probability table for nuclide Te120 at 600K
 WARNING: Negative value(s) found on probability table for nuclide Te120 at 900K
 WARNING: Negative value(s) found on probability table for nuclide Te120 at
          1200K
 WARNING: Negative value(s) found on probability table for nuclide Te120 at
          2500K
 Reading Te122 from /home/diogo/openmc_data/endfb-vii.1-hdf5/neutron/Te122.h5
 Reading Te123 from /home/diogo/openmc_data/endfb-vii.1-hdf5/neutron/Te123.h5
 Reading Te124 from /home/diogo/openmc_data/endfb-vii.1-hdf5/neutron/Te124.h5
 Reading Te125 from /home/diogo/openmc_data/endfb-vii.1-hdf5/neutron/Te125.h5
 Reading Te126 from /home/diogo/openmc_data/endfb-vii.1-hdf5/neutron/Te126.h5
 Reading Te127_m1 from
 /home/diogo/openmc_data/endfb-vii.1-hdf5/neutron/Te127_m1.h5
 Reading Te128 from /home/diogo/openmc_data/endfb-vii.1-hdf5/neutron/Te128.h5
 Reading Te129_m1 from
 /home/diogo/openmc_data/endfb-vii.1-hdf5/neutron/Te129_m1.h5
 Reading Te130 from /home/diogo/openmc_data/endfb-vii.1-hdf5/neutron/Te130.h5
 Reading Te132 from /home/diogo/openmc_data/endfb-vii.1-hdf5/neutron/Te132.h5
 Reading I127 from /home/diogo/openmc_data/endfb-vii.1-hdf5/neutron/I127.h5
 Reading I129 from /home/diogo/openmc_data/endfb-vii.1-hdf5/neutron/I129.h5
 Reading I130 from /home/diogo/openmc_data/endfb-vii.1-hdf5/neutron/I130.h5
 Reading I131 from /home/diogo/openmc_data/endfb-vii.1-hdf5/neutron/I131.h5
 WARNING: Negative value(s) found on probability table for nuclide I131 at 250K
 WARNING: Negative value(s) found on probability table for nuclide I131 at 294K
 WARNING: Negative value(s) found on probability table for nuclide I131 at 600K
 WARNING: Negative value(s) found on probability table for nuclide I131 at 900K
 WARNING: Negative value(s) found on probability table for nuclide I131 at 1200K
 WARNING: Negative value(s) found on probability table for nuclide I131 at 2500K
 Reading I135 from /home/diogo/openmc_data/endfb-vii.1-hdf5/neutron/I135.h5
 Reading Xe123 from /home/diogo/openmc_data/endfb-vii.1-hdf5/neutron/Xe123.h5
 Reading Xe124 from /home/diogo/openmc_data/endfb-vii.1-hdf5/neutron/Xe124.h5
 Reading Xe126 from /home/diogo/openmc_data/endfb-vii.1-hdf5/neutron/Xe126.h5
 Reading Xe128 from /home/diogo/openmc_data/endfb-vii.1-hdf5/neutron/Xe128.h5
 Reading Xe129 from /home/diogo/openmc_data/endfb-vii.1-hdf5/neutron/Xe129.h5
 Reading Xe130 from /home/diogo/openmc_data/endfb-vii.1-hdf5/neutron/Xe130.h5
 Reading Xe131 from /home/diogo/openmc_data/endfb-vii.1-hdf5/neutron/Xe131.h5
 Reading Xe132 from /home/diogo/openmc_data/endfb-vii.1-hdf5/neutron/Xe132.h5
 Reading Xe133 from /home/diogo/openmc_data/endfb-vii.1-hdf5/neutron/Xe133.h5
 WARNING: Negative value(s) found on probability table for nuclide Xe133 at
          2500K
 Reading Xe134 from /home/diogo/openmc_data/endfb-vii.1-hdf5/neutron/Xe134.h5
 Reading Xe135 from /home/diogo/openmc_data/endfb-vii.1-hdf5/neutron/Xe135.h5
 Reading Xe136 from /home/diogo/openmc_data/endfb-vii.1-hdf5/neutron/Xe136.h5
 Reading Cs133 from /home/diogo/openmc_data/endfb-vii.1-hdf5/neutron/Cs133.h5
 Reading Cs134 from /home/diogo/openmc_data/endfb-vii.1-hdf5/neutron/Cs134.h5
 Reading Cs135 from /home/diogo/openmc_data/endfb-vii.1-hdf5/neutron/Cs135.h5
 Reading Cs136 from /home/diogo/openmc_data/endfb-vii.1-hdf5/neutron/Cs136.h5
 WARNING: Negative value(s) found on probability table for nuclide Cs136 at 250K
 WARNING: Negative value(s) found on probability table for nuclide Cs136 at 294K
 WARNING: Negative value(s) found on probability table for nuclide Cs136 at 600K
 WARNING: Negative value(s) found on probability table for nuclide Cs136 at 900K
 WARNING: Negative value(s) found on probability table for nuclide Cs136 at
          1200K
 WARNING: Negative value(s) found on probability table for nuclide Cs136 at
          2500K
 Reading Cs137 from /home/diogo/openmc_data/endfb-vii.1-hdf5/neutron/Cs137.h5
 Reading Ba130 from /home/diogo/openmc_data/endfb-vii.1-hdf5/neutron/Ba130.h5
 Reading Ba132 from /home/diogo/openmc_data/endfb-vii.1-hdf5/neutron/Ba132.h5
 Reading Ba133 from /home/diogo/openmc_data/endfb-vii.1-hdf5/neutron/Ba133.h5
 Reading Ba134 from /home/diogo/openmc_data/endfb-vii.1-hdf5/neutron/Ba134.h5
 Reading Ba135 from /home/diogo/openmc_data/endfb-vii.1-hdf5/neutron/Ba135.h5
 Reading Ba136 from /home/diogo/openmc_data/endfb-vii.1-hdf5/neutron/Ba136.h5
 Reading Ba137 from /home/diogo/openmc_data/endfb-vii.1-hdf5/neutron/Ba137.h5
 Reading Ba138 from /home/diogo/openmc_data/endfb-vii.1-hdf5/neutron/Ba138.h5
 Reading Ba140 from /home/diogo/openmc_data/endfb-vii.1-hdf5/neutron/Ba140.h5
 Reading La138 from /home/diogo/openmc_data/endfb-vii.1-hdf5/neutron/La138.h5
 Reading La139 from /home/diogo/openmc_data/endfb-vii.1-hdf5/neutron/La139.h5
 Reading La140 from /home/diogo/openmc_data/endfb-vii.1-hdf5/neutron/La140.h5
 Reading Ce136 from /home/diogo/openmc_data/endfb-vii.1-hdf5/neutron/Ce136.h5
 Reading Ce138 from /home/diogo/openmc_data/endfb-vii.1-hdf5/neutron/Ce138.h5
 Reading Ce139 from /home/diogo/openmc_data/endfb-vii.1-hdf5/neutron/Ce139.h5
 Reading Ce140 from /home/diogo/openmc_data/endfb-vii.1-hdf5/neutron/Ce140.h5
 Reading Ce141 from /home/diogo/openmc_data/endfb-vii.1-hdf5/neutron/Ce141.h5
 Reading Ce142 from /home/diogo/openmc_data/endfb-vii.1-hdf5/neutron/Ce142.h5
 Reading Ce143 from /home/diogo/openmc_data/endfb-vii.1-hdf5/neutron/Ce143.h5
 Reading Ce144 from /home/diogo/openmc_data/endfb-vii.1-hdf5/neutron/Ce144.h5
 Reading Pr141 from /home/diogo/openmc_data/endfb-vii.1-hdf5/neutron/Pr141.h5
 Reading Pr142 from /home/diogo/openmc_data/endfb-vii.1-hdf5/neutron/Pr142.h5
 Reading Pr143 from /home/diogo/openmc_data/endfb-vii.1-hdf5/neutron/Pr143.h5
 Reading Nd142 from /home/diogo/openmc_data/endfb-vii.1-hdf5/neutron/Nd142.h5
 Reading Nd143 from /home/diogo/openmc_data/endfb-vii.1-hdf5/neutron/Nd143.h5
 Reading Nd144 from /home/diogo/openmc_data/endfb-vii.1-hdf5/neutron/Nd144.h5
 Reading Nd145 from /home/diogo/openmc_data/endfb-vii.1-hdf5/neutron/Nd145.h5
 Reading Nd146 from /home/diogo/openmc_data/endfb-vii.1-hdf5/neutron/Nd146.h5
 Reading Nd147 from /home/diogo/openmc_data/endfb-vii.1-hdf5/neutron/Nd147.h5
 Reading Nd148 from /home/diogo/openmc_data/endfb-vii.1-hdf5/neutron/Nd148.h5
 Reading Nd150 from /home/diogo/openmc_data/endfb-vii.1-hdf5/neutron/Nd150.h5
 Reading Pm147 from /home/diogo/openmc_data/endfb-vii.1-hdf5/neutron/Pm147.h5
 Reading Pm148 from /home/diogo/openmc_data/endfb-vii.1-hdf5/neutron/Pm148.h5
 Reading Pm148_m1 from
 /home/diogo/openmc_data/endfb-vii.1-hdf5/neutron/Pm148_m1.h5
 Reading Pm149 from /home/diogo/openmc_data/endfb-vii.1-hdf5/neutron/Pm149.h5
 Reading Pm151 from /home/diogo/openmc_data/endfb-vii.1-hdf5/neutron/Pm151.h5
 Reading Sm144 from /home/diogo/openmc_data/endfb-vii.1-hdf5/neutron/Sm144.h5
 Reading Sm147 from /home/diogo/openmc_data/endfb-vii.1-hdf5/neutron/Sm147.h5
 Reading Sm148 from /home/diogo/openmc_data/endfb-vii.1-hdf5/neutron/Sm148.h5
 Reading Sm149 from /home/diogo/openmc_data/endfb-vii.1-hdf5/neutron/Sm149.h5
 Reading Sm150 from /home/diogo/openmc_data/endfb-vii.1-hdf5/neutron/Sm150.h5
 Reading Sm151 from /home/diogo/openmc_data/endfb-vii.1-hdf5/neutron/Sm151.h5
 Reading Sm152 from /home/diogo/openmc_data/endfb-vii.1-hdf5/neutron/Sm152.h5
 Reading Sm153 from /home/diogo/openmc_data/endfb-vii.1-hdf5/neutron/Sm153.h5
 Reading Sm154 from /home/diogo/openmc_data/endfb-vii.1-hdf5/neutron/Sm154.h5
 Reading Eu151 from /home/diogo/openmc_data/endfb-vii.1-hdf5/neutron/Eu151.h5
 Reading Eu152 from /home/diogo/openmc_data/endfb-vii.1-hdf5/neutron/Eu152.h5
 Reading Eu153 from /home/diogo/openmc_data/endfb-vii.1-hdf5/neutron/Eu153.h5
 Reading Eu154 from /home/diogo/openmc_data/endfb-vii.1-hdf5/neutron/Eu154.h5
 Reading Eu155 from /home/diogo/openmc_data/endfb-vii.1-hdf5/neutron/Eu155.h5
 Reading Eu156 from /home/diogo/openmc_data/endfb-vii.1-hdf5/neutron/Eu156.h5
 WARNING: Negative value(s) found on probability table for nuclide Eu156 at 250K
 WARNING: Negative value(s) found on probability table for nuclide Eu156 at 294K
 WARNING: Negative value(s) found on probability table for nuclide Eu156 at 600K
 WARNING: Negative value(s) found on probability table for nuclide Eu156 at 900K
 WARNING: Negative value(s) found on probability table for nuclide Eu156 at
          1200K
 WARNING: Negative value(s) found on probability table for nuclide Eu156 at
          2500K
 Reading Eu157 from /home/diogo/openmc_data/endfb-vii.1-hdf5/neutron/Eu157.h5
 Reading Gd153 from /home/diogo/openmc_data/endfb-vii.1-hdf5/neutron/Gd153.h5
 Reading Tb159 from /home/diogo/openmc_data/endfb-vii.1-hdf5/neutron/Tb159.h5
 Reading Tb160 from /home/diogo/openmc_data/endfb-vii.1-hdf5/neutron/Tb160.h5
 Reading Dy156 from /home/diogo/openmc_data/endfb-vii.1-hdf5/neutron/Dy156.h5
 Reading Dy158 from /home/diogo/openmc_data/endfb-vii.1-hdf5/neutron/Dy158.h5
 Reading Dy160 from /home/diogo/openmc_data/endfb-vii.1-hdf5/neutron/Dy160.h5
 Reading Dy161 from /home/diogo/openmc_data/endfb-vii.1-hdf5/neutron/Dy161.h5
 Reading Dy162 from /home/diogo/openmc_data/endfb-vii.1-hdf5/neutron/Dy162.h5
 Reading Dy163 from /home/diogo/openmc_data/endfb-vii.1-hdf5/neutron/Dy163.h5
 Reading Dy164 from /home/diogo/openmc_data/endfb-vii.1-hdf5/neutron/Dy164.h5
 Reading Ho165 from /home/diogo/openmc_data/endfb-vii.1-hdf5/neutron/Ho165.h5
 Reading Ho166_m1 from
 /home/diogo/openmc_data/endfb-vii.1-hdf5/neutron/Ho166_m1.h5
 Reading Er162 from /home/diogo/openmc_data/endfb-vii.1-hdf5/neutron/Er162.h5
 Reading Er164 from /home/diogo/openmc_data/endfb-vii.1-hdf5/neutron/Er164.h5
 Reading Er166 from /home/diogo/openmc_data/endfb-vii.1-hdf5/neutron/Er166.h5
 Reading Er167 from /home/diogo/openmc_data/endfb-vii.1-hdf5/neutron/Er167.h5
 Reading Er168 from /home/diogo/openmc_data/endfb-vii.1-hdf5/neutron/Er168.h5
 Reading Er170 from /home/diogo/openmc_data/endfb-vii.1-hdf5/neutron/Er170.h5
 Reading Tm168 from /home/diogo/openmc_data/endfb-vii.1-hdf5/neutron/Tm168.h5
 Reading Tm169 from /home/diogo/openmc_data/endfb-vii.1-hdf5/neutron/Tm169.h5
 Reading Tm170 from /home/diogo/openmc_data/endfb-vii.1-hdf5/neutron/Tm170.h5
 Reading Ir191 from /home/diogo/openmc_data/endfb-vii.1-hdf5/neutron/Ir191.h5
 Reading Ir193 from /home/diogo/openmc_data/endfb-vii.1-hdf5/neutron/Ir193.h5
 Reading Au197 from /home/diogo/openmc_data/endfb-vii.1-hdf5/neutron/Au197.h5
 Reading Hg198 from /home/diogo/openmc_data/endfb-vii.1-hdf5/neutron/Hg198.h5
 Reading Hg199 from /home/diogo/openmc_data/endfb-vii.1-hdf5/neutron/Hg199.h5
 Reading Hg200 from /home/diogo/openmc_data/endfb-vii.1-hdf5/neutron/Hg200.h5
 Reading Hg201 from /home/diogo/openmc_data/endfb-vii.1-hdf5/neutron/Hg201.h5
 Reading Hg202 from /home/diogo/openmc_data/endfb-vii.1-hdf5/neutron/Hg202.h5
 Reading Hg204 from /home/diogo/openmc_data/endfb-vii.1-hdf5/neutron/Hg204.h5
 Reading Tl203 from /home/diogo/openmc_data/endfb-vii.1-hdf5/neutron/Tl203.h5
 Reading Tl205 from /home/diogo/openmc_data/endfb-vii.1-hdf5/neutron/Tl205.h5
 Reading Pb204 from /home/diogo/openmc_data/endfb-vii.1-hdf5/neutron/Pb204.h5
 Reading Pb206 from /home/diogo/openmc_data/endfb-vii.1-hdf5/neutron/Pb206.h5
 Reading Pb207 from /home/diogo/openmc_data/endfb-vii.1-hdf5/neutron/Pb207.h5
 Reading Pb208 from /home/diogo/openmc_data/endfb-vii.1-hdf5/neutron/Pb208.h5
 Reading Bi209 from /home/diogo/openmc_data/endfb-vii.1-hdf5/neutron/Bi209.h5
 Reading Ra223 from /home/diogo/openmc_data/endfb-vii.1-hdf5/neutron/Ra223.h5
 Reading Ra224 from /home/diogo/openmc_data/endfb-vii.1-hdf5/neutron/Ra224.h5
 Reading Ra225 from /home/diogo/openmc_data/endfb-vii.1-hdf5/neutron/Ra225.h5
 Reading Ra226 from /home/diogo/openmc_data/endfb-vii.1-hdf5/neutron/Ra226.h5
 Reading Ac225 from /home/diogo/openmc_data/endfb-vii.1-hdf5/neutron/Ac225.h5
 Reading Ac226 from /home/diogo/openmc_data/endfb-vii.1-hdf5/neutron/Ac226.h5
 Reading Ac227 from /home/diogo/openmc_data/endfb-vii.1-hdf5/neutron/Ac227.h5
 Reading Th227 from /home/diogo/openmc_data/endfb-vii.1-hdf5/neutron/Th227.h5
 Reading Th228 from /home/diogo/openmc_data/endfb-vii.1-hdf5/neutron/Th228.h5
 Reading Th229 from /home/diogo/openmc_data/endfb-vii.1-hdf5/neutron/Th229.h5
 Reading Th230 from /home/diogo/openmc_data/endfb-vii.1-hdf5/neutron/Th230.h5
 Reading Th231 from /home/diogo/openmc_data/endfb-vii.1-hdf5/neutron/Th231.h5
 Reading Th232 from /home/diogo/openmc_data/endfb-vii.1-hdf5/neutron/Th232.h5
 Reading Th233 from /home/diogo/openmc_data/endfb-vii.1-hdf5/neutron/Th233.h5
 Reading Th234 from /home/diogo/openmc_data/endfb-vii.1-hdf5/neutron/Th234.h5
 Reading Pa229 from /home/diogo/openmc_data/endfb-vii.1-hdf5/neutron/Pa229.h5
 Reading Pa230 from /home/diogo/openmc_data/endfb-vii.1-hdf5/neutron/Pa230.h5
 Reading Pa231 from /home/diogo/openmc_data/endfb-vii.1-hdf5/neutron/Pa231.h5
 Reading Pa232 from /home/diogo/openmc_data/endfb-vii.1-hdf5/neutron/Pa232.h5
 Reading Pa233 from /home/diogo/openmc_data/endfb-vii.1-hdf5/neutron/Pa233.h5
 Reading U230 from /home/diogo/openmc_data/endfb-vii.1-hdf5/neutron/U230.h5
 Reading U231 from /home/diogo/openmc_data/endfb-vii.1-hdf5/neutron/U231.h5
 Reading U232 from /home/diogo/openmc_data/endfb-vii.1-hdf5/neutron/U232.h5
 Reading U233 from /home/diogo/openmc_data/endfb-vii.1-hdf5/neutron/U233.h5
 Reading U236 from /home/diogo/openmc_data/endfb-vii.1-hdf5/neutron/U236.h5
 Reading U237 from /home/diogo/openmc_data/endfb-vii.1-hdf5/neutron/U237.h5
 Reading U239 from /home/diogo/openmc_data/endfb-vii.1-hdf5/neutron/U239.h5
 Reading U240 from /home/diogo/openmc_data/endfb-vii.1-hdf5/neutron/U240.h5
 Reading U241 from /home/diogo/openmc_data/endfb-vii.1-hdf5/neutron/U241.h5
 Reading Np234 from /home/diogo/openmc_data/endfb-vii.1-hdf5/neutron/Np234.h5
 Reading Np235 from /home/diogo/openmc_data/endfb-vii.1-hdf5/neutron/Np235.h5
 Reading Np236 from /home/diogo/openmc_data/endfb-vii.1-hdf5/neutron/Np236.h5
 Reading Np237 from /home/diogo/openmc_data/endfb-vii.1-hdf5/neutron/Np237.h5
 Reading Np238 from /home/diogo/openmc_data/endfb-vii.1-hdf5/neutron/Np238.h5
 Reading Np239 from /home/diogo/openmc_data/endfb-vii.1-hdf5/neutron/Np239.h5
 Reading Pu236 from /home/diogo/openmc_data/endfb-vii.1-hdf5/neutron/Pu236.h5
 Reading Pu237 from /home/diogo/openmc_data/endfb-vii.1-hdf5/neutron/Pu237.h5
 Reading Pu238 from /home/diogo/openmc_data/endfb-vii.1-hdf5/neutron/Pu238.h5
 Reading Pu239 from /home/diogo/openmc_data/endfb-vii.1-hdf5/neutron/Pu239.h5
 Reading Pu240 from /home/diogo/openmc_data/endfb-vii.1-hdf5/neutron/Pu240.h5
 Reading Pu241 from /home/diogo/openmc_data/endfb-vii.1-hdf5/neutron/Pu241.h5
 Reading Pu242 from /home/diogo/openmc_data/endfb-vii.1-hdf5/neutron/Pu242.h5
 Reading Pu243 from /home/diogo/openmc_data/endfb-vii.1-hdf5/neutron/Pu243.h5
 Reading Pu244 from /home/diogo/openmc_data/endfb-vii.1-hdf5/neutron/Pu244.h5
 Reading Pu246 from /home/diogo/openmc_data/endfb-vii.1-hdf5/neutron/Pu246.h5
 Reading Am240 from /home/diogo/openmc_data/endfb-vii.1-hdf5/neutron/Am240.h5
 Reading Am241 from /home/diogo/openmc_data/endfb-vii.1-hdf5/neutron/Am241.h5
 Reading Am242 from /home/diogo/openmc_data/endfb-vii.1-hdf5/neutron/Am242.h5
 Reading Am242_m1 from
 /home/diogo/openmc_data/endfb-vii.1-hdf5/neutron/Am242_m1.h5
 Reading Am243 from /home/diogo/openmc_data/endfb-vii.1-hdf5/neutron/Am243.h5
 Reading Am244 from /home/diogo/openmc_data/endfb-vii.1-hdf5/neutron/Am244.h5
 Reading Am244_m1 from
 /home/diogo/openmc_data/endfb-vii.1-hdf5/neutron/Am244_m1.h5
 Reading Cm240 from /home/diogo/openmc_data/endfb-vii.1-hdf5/neutron/Cm240.h5
 Reading Cm241 from /home/diogo/openmc_data/endfb-vii.1-hdf5/neutron/Cm241.h5
 Reading Cm242 from /home/diogo/openmc_data/endfb-vii.1-hdf5/neutron/Cm242.h5
 Reading Cm243 from /home/diogo/openmc_data/endfb-vii.1-hdf5/neutron/Cm243.h5
 Reading Cm244 from /home/diogo/openmc_data/endfb-vii.1-hdf5/neutron/Cm244.h5
 Reading Cm245 from /home/diogo/openmc_data/endfb-vii.1-hdf5/neutron/Cm245.h5
 Reading Cm246 from /home/diogo/openmc_data/endfb-vii.1-hdf5/neutron/Cm246.h5
 Reading Cm247 from /home/diogo/openmc_data/endfb-vii.1-hdf5/neutron/Cm247.h5
 Reading Cm248 from /home/diogo/openmc_data/endfb-vii.1-hdf5/neutron/Cm248.h5
 Reading Cm249 from /home/diogo/openmc_data/endfb-vii.1-hdf5/neutron/Cm249.h5
 Reading Cm250 from /home/diogo/openmc_data/endfb-vii.1-hdf5/neutron/Cm250.h5
 Reading Bk245 from /home/diogo/openmc_data/endfb-vii.1-hdf5/neutron/Bk245.h5
 Reading Bk249 from /home/diogo/openmc_data/endfb-vii.1-hdf5/neutron/Bk249.h5
 Reading Bk250 from /home/diogo/openmc_data/endfb-vii.1-hdf5/neutron/Bk250.h5
 Reading Cf249 from /home/diogo/openmc_data/endfb-vii.1-hdf5/neutron/Cf249.h5
 Reading Cf250 from /home/diogo/openmc_data/endfb-vii.1-hdf5/neutron/Cf250.h5
 WARNING: Negative value(s) found on probability table for nuclide Cf250 at 250K
 WARNING: Negative value(s) found on probability table for nuclide Cf250 at 294K
 WARNING: Negative value(s) found on probability table for nuclide Cf250 at 900K
 WARNING: Negative value(s) found on probability table for nuclide Cf250 at
          1200K
 Reading Cf251 from /home/diogo/openmc_data/endfb-vii.1-hdf5/neutron/Cf251.h5
 Reading Bk247 from /home/diogo/openmc_data/endfb-vii.1-hdf5/neutron/Bk247.h5
 Reading Bk248 from /home/diogo/openmc_data/endfb-vii.1-hdf5/neutron/Bk248.h5
 Reading Cf248 from /home/diogo/openmc_data/endfb-vii.1-hdf5/neutron/Cf248.h5
 Reading Cf252 from /home/diogo/openmc_data/endfb-vii.1-hdf5/neutron/Cf252.h5
 Reading Cf253 from /home/diogo/openmc_data/endfb-vii.1-hdf5/neutron/Cf253.h5
 Reading Cf254 from /home/diogo/openmc_data/endfb-vii.1-hdf5/neutron/Cf254.h5
 Reading Es251 from /home/diogo/openmc_data/endfb-vii.1-hdf5/neutron/Es251.h5
 Reading Es252 from /home/diogo/openmc_data/endfb-vii.1-hdf5/neutron/Es252.h5
 Reading Es253 from /home/diogo/openmc_data/endfb-vii.1-hdf5/neutron/Es253.h5
 Reading Es254 from /home/diogo/openmc_data/endfb-vii.1-hdf5/neutron/Es254.h5
 Reading Es254_m1 from
 /home/diogo/openmc_data/endfb-vii.1-hdf5/neutron/Es254_m1.h5
 Reading Es255 from /home/diogo/openmc_data/endfb-vii.1-hdf5/neutron/Es255.h5
 Reading Fm255 from /home/diogo/openmc_data/endfb-vii.1-hdf5/neutron/Fm255.h5
 Reading Hg196 from /home/diogo/openmc_data/endfb-vii.1-hdf5/neutron/Hg196.h5
 Reading Bk246 from /home/diogo/openmc_data/endfb-vii.1-hdf5/neutron/Bk246.h5
 Reading Lu175 from /home/diogo/openmc_data/endfb-vii.1-hdf5/neutron/Lu175.h5
 Reading Lu176 from /home/diogo/openmc_data/endfb-vii.1-hdf5/neutron/Lu176.h5
 Reading Hf176 from /home/diogo/openmc_data/endfb-vii.1-hdf5/neutron/Hf176.h5
 Reading Hf177 from /home/diogo/openmc_data/endfb-vii.1-hdf5/neutron/Hf177.h5
 Reading Hf178 from /home/diogo/openmc_data/endfb-vii.1-hdf5/neutron/Hf178.h5
 Reading Hf179 from /home/diogo/openmc_data/endfb-vii.1-hdf5/neutron/Hf179.h5
 Reading Hf180 from /home/diogo/openmc_data/endfb-vii.1-hdf5/neutron/Hf180.h5
 Reading Ta180 from /home/diogo/openmc_data/endfb-vii.1-hdf5/neutron/Ta180.h5
 Reading Ta181 from /home/diogo/openmc_data/endfb-vii.1-hdf5/neutron/Ta181.h5
 Reading Ta182 from /home/diogo/openmc_data/endfb-vii.1-hdf5/neutron/Ta182.h5
 Reading W180 from /home/diogo/openmc_data/endfb-vii.1-hdf5/neutron/W180.h5
 Reading W182 from /home/diogo/openmc_data/endfb-vii.1-hdf5/neutron/W182.h5
 Reading W183 from /home/diogo/openmc_data/endfb-vii.1-hdf5/neutron/W183.h5
 Reading W184 from /home/diogo/openmc_data/endfb-vii.1-hdf5/neutron/W184.h5
 Reading W186 from /home/diogo/openmc_data/endfb-vii.1-hdf5/neutron/W186.h5
 Reading Re185 from /home/diogo/openmc_data/endfb-vii.1-hdf5/neutron/Re185.h5
 Reading Re187 from /home/diogo/openmc_data/endfb-vii.1-hdf5/neutron/Re187.h5
 Reading Cf246 from /home/diogo/openmc_data/endfb-vii.1-hdf5/neutron/Cf246.h5
 Reading Hf174 from /home/diogo/openmc_data/endfb-vii.1-hdf5/neutron/Hf174.h5
 Reading Ru96 from /home/diogo/openmc_data/endfb-vii.1-hdf5/neutron/Ru96.h5
 Reading Be9 from /home/diogo/openmc_data/endfb-vii.1-hdf5/neutron/Be9.h5
 Reading Ca48 from /home/diogo/openmc_data/endfb-vii.1-hdf5/neutron/Ca48.h5
 Reading Co58_m1 from
 /home/diogo/openmc_data/endfb-vii.1-hdf5/neutron/Co58_m1.h5
 Maximum neutron transport energy: 20000000 eV for H1
 Initializing source particles...

 ====================>     K EIGENVALUE SIMULATION     <====================

  Bat./Gen.      k       Entropy         Average k 
  =========   ========   ========   ====================
        1/1    0.92850    5.55437
        2/1    0.94806    5.52466
        3/1    0.97195    5.50688
        4/1    0.96992    5.49697
        5/1    0.94987    5.48461
        6/1    0.95697    5.48562
        7/1    0.95723    5.48613
        8/1    0.97382    5.46900
        9/1    0.97827    5.46387
       10/1    0.99383    5.47216
       11/1    0.96286    5.46731
       12/1    0.97399    5.45654
       13/1    0.96111    5.47466
       14/1    0.97695    5.46967
       15/1    0.97648    5.46786
       16/1    0.96112    5.47541
       17/1    0.97049    5.49302
       18/1    0.98002    5.47884
       19/1    0.99651    5.46629
       20/1    0.96361    5.46946
       21/1    0.97186    5.47683
       22/1    0.96801    5.47598
       23/1    0.97645    5.48026
       24/1    0.97454    5.47856
       25/1    0.97109    5.48767
       26/1    0.97997    5.47553
       27/1    0.98480    5.47321
       28/1    0.98152    5.45156
       29/1    0.97390    5.45077
       30/1    0.98019    5.45954
       31/1    0.96730    5.47002
       32/1    0.98569    5.45662
       33/1    0.96965    5.47166
       34/1    0.96366    5.47283
       35/1    0.96636    5.45499
       36/1    0.97794    5.47153
       37/1    0.96686    5.46786
       38/1    0.98150    5.46924
       39/1    0.96419    5.47224
       40/1    0.98785    5.46395
       41/1    0.97642    5.46296
       42/1    0.97789    5.46099
       43/1    0.98510    5.45894
       44/1    0.96595    5.46171
       45/1    0.97587    5.46280
       46/1    0.98182    5.47284
       47/1    0.98073    5.48832
       48/1    0.97587    5.47604
       49/1    0.96565    5.48349
       50/1    0.97694    5.46747
       51/1    0.97195    5.47540
       52/1    0.97832    5.45704
       53/1    0.97257    5.44882
       54/1    0.97394    5.46553
       55/1    0.98581    5.45816
       56/1    0.97668    5.46281
       57/1    0.98337    5.46074
       58/1    0.97386    5.48736
       59/1    0.99381    5.48204
       60/1    0.98567    5.48009
       61/1    0.97208    5.46238
       62/1    0.97881    5.46312    0.97544 +/- 0.00337
       63/1    0.99642    5.47327    0.98244 +/- 0.00726
       64/1    0.95929    5.46912    0.97665 +/- 0.00774
       65/1    0.98085    5.46947    0.97749 +/- 0.00605
       66/1    0.97553    5.47560    0.97716 +/- 0.00495
       67/1    0.98150    5.47373    0.97778 +/- 0.00423
       68/1    0.97391    5.47044    0.97730 +/- 0.00370
       69/1    0.97067    5.48349    0.97656 +/- 0.00334
       70/1    0.95635    5.46164    0.97454 +/- 0.00361
       71/1    0.97386    5.47202    0.97448 +/- 0.00326
       72/1    0.99057    5.45172    0.97582 +/- 0.00327
       73/1    0.98724    5.45512    0.97670 +/- 0.00313
       74/1    0.96793    5.45963    0.97607 +/- 0.00297
       75/1    0.97846    5.46784    0.97623 +/- 0.00277
       76/1    0.97746    5.46728    0.97631 +/- 0.00259
       77/1    1.00129    5.46351    0.97778 +/- 0.00284
       78/1    0.96585    5.47250    0.97712 +/- 0.00276
       79/1    0.98522    5.47236    0.97754 +/- 0.00264
       80/1    0.97552    5.46404    0.97744 +/- 0.00251
       81/1    0.97751    5.45316    0.97744 +/- 0.00239
       82/1    1.00283    5.46870    0.97860 +/- 0.00255
       83/1    0.97283    5.47429    0.97835 +/- 0.00245
       84/1    0.98030    5.48418    0.97843 +/- 0.00235
       85/1    0.96979    5.46875    0.97808 +/- 0.00228
       86/1    0.97303    5.48909    0.97789 +/- 0.00220
       87/1    0.96302    5.47645    0.97734 +/- 0.00219
       88/1    0.98199    5.47035    0.97750 +/- 0.00211
       89/1    0.96267    5.47106    0.97699 +/- 0.00210
       90/1    0.98309    5.47760    0.97720 +/- 0.00204
       91/1    0.97623    5.47181    0.97717 +/- 0.00197
       92/1    0.97409    5.46597    0.97707 +/- 0.00191
       93/1    0.97782    5.47345    0.97709 +/- 0.00186
       94/1    0.97830    5.47678    0.97713 +/- 0.00180
       95/1    0.97411    5.46173    0.97704 +/- 0.00175
       96/1    0.97649    5.46198    0.97703 +/- 0.00170
       97/1    0.97744    5.45725    0.97704 +/- 0.00165
       98/1    0.97464    5.45751    0.97697 +/- 0.00161
       99/1    0.97625    5.46249    0.97696 +/- 0.00157
      100/1    0.97659    5.46033    0.97695 +/- 0.00153
      101/1    0.98011    5.46733    0.97702 +/- 0.00149
      102/1    0.98806    5.46746    0.97729 +/- 0.00148
      103/1    0.97933    5.46760    0.97733 +/- 0.00145
      104/1    0.98231    5.46819    0.97745 +/- 0.00142
      105/1    0.96987    5.47130    0.97728 +/- 0.00140
      106/1    0.97361    5.47538    0.97720 +/- 0.00137
      107/1    0.97616    5.46702    0.97718 +/- 0.00134
      108/1    0.98072    5.45749    0.97725 +/- 0.00131
      109/1    0.97556    5.45858    0.97722 +/- 0.00129
      110/1    0.96923    5.48163    0.97706 +/- 0.00127
      111/1    0.94858    5.46574    0.97650 +/- 0.00137
      112/1    0.96960    5.46466    0.97636 +/- 0.00135
      113/1    0.98471    5.45659    0.97652 +/- 0.00133
      114/1    0.96973    5.46089    0.97640 +/- 0.00131
      115/1    0.96943    5.46469    0.97627 +/- 0.00129
      116/1    0.99390    5.45623    0.97658 +/- 0.00131
      117/1    0.98455    5.45699    0.97672 +/- 0.00129
      118/1    0.97726    5.45685    0.97673 +/- 0.00127
      119/1    0.99026    5.46638    0.97696 +/- 0.00127
      120/1    0.97467    5.46609    0.97692 +/- 0.00125
      121/1    0.99397    5.46991    0.97720 +/- 0.00126
      122/1    0.97231    5.46976    0.97712 +/- 0.00124
      123/1    0.98728    5.45966    0.97729 +/- 0.00123
      124/1    0.98226    5.46710    0.97736 +/- 0.00121
      125/1    0.98356    5.47250    0.97746 +/- 0.00120
      126/1    0.98312    5.46267    0.97754 +/- 0.00118
      127/1    0.96986    5.46698    0.97743 +/- 0.00117
      128/1    0.97131    5.47706    0.97734 +/- 0.00116
      129/1    0.98915    5.45776    0.97751 +/- 0.00115
      130/1    0.97382    5.45958    0.97746 +/- 0.00114
      131/1    0.97996    5.47131    0.97749 +/- 0.00112
      132/1    0.97683    5.46663    0.97748 +/- 0.00111
      133/1    0.98515    5.48233    0.97759 +/- 0.00110
      134/1    0.97139    5.48317    0.97751 +/- 0.00109
      135/1    0.98734    5.48146    0.97764 +/- 0.00108
      136/1    0.97585    5.46441    0.97761 +/- 0.00106
      137/1    0.98419    5.47413    0.97770 +/- 0.00105
      138/1    0.96711    5.48311    0.97756 +/- 0.00105
      139/1    0.97190    5.47048    0.97749 +/- 0.00104
      140/1    0.96917    5.47137    0.97739 +/- 0.00103
      141/1    0.98687    5.46839    0.97750 +/- 0.00102
      142/1    0.97435    5.47339    0.97747 +/- 0.00101
      143/1    0.97610    5.47818    0.97745 +/- 0.00100
      144/1    0.97816    5.47932    0.97746 +/- 0.00099
      145/1    0.96288    5.47068    0.97729 +/- 0.00099
      146/1    0.97210    5.47903    0.97723 +/- 0.00098
      147/1    0.99130    5.46766    0.97739 +/- 0.00098
      148/1    0.96409    5.46388    0.97724 +/- 0.00098
      149/1    0.98657    5.47791    0.97734 +/- 0.00098
      150/1    0.96802    5.47181    0.97724 +/- 0.00097
      151/1    0.99297    5.46821    0.97741 +/- 0.00098
      152/1    0.97713    5.47626    0.97741 +/- 0.00097
      153/1    0.95753    5.46482    0.97719 +/- 0.00098
      154/1    0.95733    5.47371    0.97698 +/- 0.00099
      155/1    0.97780    5.46894    0.97699 +/- 0.00098
      156/1    0.96933    5.46859    0.97691 +/- 0.00098
      157/1    0.97675    5.45437    0.97691 +/- 0.00097
      158/1    0.97840    5.46131    0.97693 +/- 0.00096
      159/1    0.98448    5.46580    0.97700 +/- 0.00095
      160/1    0.96730    5.44935    0.97690 +/- 0.00094
 Creating state point statepoint.160.h5...

 =======================>     TIMING STATISTICS     <=======================

 Total time for initialization     = 5.2707e+01 seconds
   Reading cross sections          = 7.6282e+00 seconds
 Total time in simulation          = 4.2505e+02 seconds
   Time in transport only          = 4.2379e+02 seconds
   Time in inactive batches        = 1.1160e+02 seconds
   Time in active batches          = 3.1344e+02 seconds
   Time synchronizing fission bank = 2.9645e-01 seconds
     Sampling source sites         = 2.5880e-01 seconds
     SEND/RECV source sites        = 3.6951e-02 seconds
   Time accumulating tallies       = 6.7829e-01 seconds
   Time writing statepoints        = 2.1799e-02 seconds
 Total time for finalization       = 1.8938e-02 seconds
 Total time elapsed                = 4.7823e+02 seconds
 Calculation Rate (inactive)       = 10752.7 particles/second
 Calculation Rate (active)         = 6380.71 particles/second

 ============================>     RESULTS     <============================

 k-effective (Collision)     = 0.97637 +/- 0.00076
 k-effective (Track-length)  = 0.97690 +/- 0.00094
 k-effective (Absorption)    = 0.97669 +/- 0.00074
 Combined k-effective        = 0.97658 +/- 0.00066
 Leakage Fraction            = 0.00752 +/- 0.00005

 Creating state point openmc_simulation_n6.h5...
[openmc.deplete] t=151452106.80437845 s, dt=34617624.412429355 s, source=47662824.37942663
 Maximum neutron transport energy: 20000000 eV for H1
 Initializing source particles...

 ====================>     K EIGENVALUE SIMULATION     <====================

  Bat./Gen.      k       Entropy         Average k 
  =========   ========   ========   ====================
        1/1    0.91944    5.55179
        2/1    0.92145    5.52129
        3/1    0.91385    5.50304
        4/1    0.93311    5.49989
        5/1    0.96617    5.49132
        6/1    0.92507    5.49001
        7/1    0.94412    5.48141
        8/1    0.96327    5.47761
        9/1    0.94084    5.49858
       10/1    0.94422    5.46628
       11/1    0.95990    5.48428
       12/1    0.93932    5.48244
       13/1    0.94037    5.49374
       14/1    0.95369    5.48728
       15/1    0.94601    5.49861
       16/1    0.96902    5.49501
       17/1    0.95112    5.49372
       18/1    0.94279    5.48953
       19/1    0.97163    5.48816
       20/1    0.94981    5.46870
       21/1    0.94598    5.46728
       22/1    0.94865    5.48719
       23/1    0.96832    5.49333
       24/1    0.94952    5.48171
       25/1    0.97124    5.48905
       26/1    0.94645    5.49723
       27/1    0.95196    5.48907
       28/1    0.95304    5.49902
       29/1    0.93301    5.48722
       30/1    0.96515    5.49945
       31/1    0.94771    5.50245
       32/1    0.94032    5.47956
       33/1    0.94448    5.48641
       34/1    0.95625    5.49139
       35/1    0.95901    5.49311
       36/1    0.95422    5.48086
       37/1    0.94895    5.48168
       38/1    0.96099    5.48243
       39/1    0.96268    5.48897
       40/1    0.94322    5.47245
       41/1    0.96885    5.48245
       42/1    0.96287    5.47965
       43/1    0.96949    5.47583
       44/1    0.96641    5.49312
       45/1    0.95899    5.47578
       46/1    0.96047    5.47465
       47/1    0.95431    5.47452
       48/1    0.94101    5.48081
       49/1    0.95939    5.47436
       50/1    0.95214    5.47162
       51/1    0.96264    5.47103
       52/1    0.94332    5.47608
       53/1    0.94805    5.46492
       54/1    0.96223    5.47841
       55/1    0.95288    5.46090
       56/1    0.95722    5.47531
       57/1    0.94778    5.48564
       58/1    0.94252    5.46412
       59/1    0.94941    5.46556
       60/1    0.95110    5.48223
       61/1    0.95825    5.48111
       62/1    0.96092    5.48898    0.95959 +/- 0.00134
       63/1    0.95395    5.46961    0.95771 +/- 0.00203
       64/1    0.95681    5.47587    0.95748 +/- 0.00145
       65/1    0.95449    5.46044    0.95688 +/- 0.00128
       66/1    0.95898    5.47573    0.95723 +/- 0.00110
       67/1    0.93548    5.47504    0.95413 +/- 0.00324
       68/1    0.95383    5.49017    0.95409 +/- 0.00281
       69/1    0.95406    5.48511    0.95409 +/- 0.00248
       70/1    0.94734    5.48691    0.95341 +/- 0.00232
       71/1    0.94148    5.49620    0.95233 +/- 0.00236
       72/1    0.95950    5.49883    0.95292 +/- 0.00223
       73/1    0.94466    5.49284    0.95229 +/- 0.00215
       74/1    0.94477    5.48676    0.95175 +/- 0.00206
       75/1    0.93221    5.47796    0.95045 +/- 0.00232
       76/1    0.95834    5.47863    0.95094 +/- 0.00223
       77/1    0.96264    5.48980    0.95163 +/- 0.00220
       78/1    0.93954    5.49811    0.95096 +/- 0.00218
       79/1    0.95801    5.50205    0.95133 +/- 0.00210
       80/1    0.96426    5.47152    0.95198 +/- 0.00209
       81/1    0.94214    5.48326    0.95151 +/- 0.00204
       82/1    0.93153    5.48795    0.95060 +/- 0.00215
       83/1    0.96481    5.48815    0.95122 +/- 0.00215
       84/1    0.94354    5.48546    0.95090 +/- 0.00208
       85/1    0.95424    5.48440    0.95103 +/- 0.00200
       86/1    0.95387    5.49155    0.95114 +/- 0.00192
       87/1    0.94083    5.49048    0.95076 +/- 0.00189
       88/1    0.94996    5.48328    0.95073 +/- 0.00182
       89/1    0.95457    5.49439    0.95086 +/- 0.00176
       90/1    0.95189    5.49940    0.95090 +/- 0.00170
       91/1    0.96224    5.49352    0.95126 +/- 0.00169
       92/1    0.94085    5.49292    0.95094 +/- 0.00167
       93/1    0.94711    5.49669    0.95082 +/- 0.00162
       94/1    0.94751    5.47809    0.95072 +/- 0.00157
       95/1    0.94937    5.48654    0.95069 +/- 0.00153
       96/1    0.94998    5.49637    0.95067 +/- 0.00148
       97/1    0.94488    5.48438    0.95051 +/- 0.00145
       98/1    0.96199    5.48888    0.95081 +/- 0.00145
       99/1    0.94962    5.49251    0.95078 +/- 0.00141
      100/1    0.94894    5.48373    0.95074 +/- 0.00137
      101/1    0.94283    5.49111    0.95054 +/- 0.00135
      102/1    0.95640    5.48087    0.95068 +/- 0.00133
      103/1    0.94724    5.47865    0.95060 +/- 0.00130
      104/1    0.95494    5.48663    0.95070 +/- 0.00127
      105/1    0.93795    5.48857    0.95042 +/- 0.00128
      106/1    0.93863    5.48510    0.95016 +/- 0.00127
      107/1    0.94804    5.47825    0.95012 +/- 0.00125
      108/1    0.95776    5.48620    0.95028 +/- 0.00123
      109/1    0.95864    5.48334    0.95045 +/- 0.00122
      110/1    0.93667    5.47735    0.95017 +/- 0.00123
      111/1    0.94013    5.48292    0.94997 +/- 0.00122
      112/1    0.93689    5.48361    0.94972 +/- 0.00122
      113/1    0.95625    5.48216    0.94985 +/- 0.00120
      114/1    0.94823    5.46931    0.94982 +/- 0.00118
      115/1    0.97526    5.48399    0.95028 +/- 0.00125
      116/1    0.96636    5.47990    0.95056 +/- 0.00126
      117/1    0.96727    5.48317    0.95086 +/- 0.00127
      118/1    0.95290    5.48688    0.95089 +/- 0.00125
      119/1    0.94720    5.49458    0.95083 +/- 0.00123
      120/1    0.96153    5.49046    0.95101 +/- 0.00122
      121/1    0.96107    5.47249    0.95117 +/- 0.00121
      122/1    0.94729    5.48327    0.95111 +/- 0.00119
      123/1    0.96192    5.48414    0.95128 +/- 0.00119
      124/1    0.95179    5.48693    0.95129 +/- 0.00117
      125/1    0.94888    5.47865    0.95125 +/- 0.00115
      126/1    0.95672    5.49487    0.95134 +/- 0.00114
      127/1    0.95032    5.47529    0.95132 +/- 0.00112
      128/1    0.95281    5.48146    0.95134 +/- 0.00110
      129/1    0.94498    5.47708    0.95125 +/- 0.00109
      130/1    0.94922    5.48321    0.95122 +/- 0.00108
      131/1    0.95022    5.47112    0.95121 +/- 0.00106
      132/1    0.95712    5.47567    0.95129 +/- 0.00105
      133/1    0.95071    5.48462    0.95128 +/- 0.00104
      134/1    0.94910    5.47768    0.95125 +/- 0.00102
      135/1    0.95286    5.47048    0.95127 +/- 0.00101
      136/1    0.95670    5.48338    0.95135 +/- 0.00100
      137/1    0.93973    5.49036    0.95119 +/- 0.00100
      138/1    0.96858    5.47265    0.95142 +/- 0.00101
      139/1    0.94741    5.47766    0.95137 +/- 0.00100
      140/1    0.95957    5.46916    0.95147 +/- 0.00099
      141/1    0.95428    5.47674    0.95150 +/- 0.00098
      142/1    0.93945    5.48448    0.95136 +/- 0.00098
      143/1    0.96356    5.49204    0.95150 +/- 0.00098
      144/1    0.96217    5.48807    0.95163 +/- 0.00097
      145/1    0.96313    5.49785    0.95177 +/- 0.00097
      146/1    0.94734    5.47542    0.95171 +/- 0.00096
      147/1    0.95677    5.49742    0.95177 +/- 0.00095
      148/1    0.94618    5.49130    0.95171 +/- 0.00094
      149/1    0.95660    5.47470    0.95176 +/- 0.00093
      150/1    0.95372    5.48416    0.95179 +/- 0.00092
      151/1    0.96305    5.49786    0.95191 +/- 0.00092
      152/1    0.96410    5.48992    0.95204 +/- 0.00092
      153/1    0.95647    5.46968    0.95209 +/- 0.00091
      154/1    0.94421    5.48066    0.95201 +/- 0.00091
      155/1    0.95273    5.48406    0.95201 +/- 0.00090
      156/1    0.93802    5.48002    0.95187 +/- 0.00090
      157/1    0.95662    5.48337    0.95192 +/- 0.00089
      158/1    0.93742    5.47788    0.95177 +/- 0.00089
      159/1    0.96199    5.48248    0.95187 +/- 0.00089
      160/1    0.94471    5.49068    0.95180 +/- 0.00089
 Creating state point statepoint.160.h5...

 =======================>     TIMING STATISTICS     <=======================

 Total time for initialization     = 0.0000e+00 seconds
   Reading cross sections          = 0.0000e+00 seconds
 Total time in simulation          = 4.4175e+02 seconds
   Time in transport only          = 4.4040e+02 seconds
   Time in inactive batches        = 1.1112e+02 seconds
   Time in active batches          = 3.3064e+02 seconds
   Time synchronizing fission bank = 2.8619e-01 seconds
     Sampling source sites         = 2.4952e-01 seconds
     SEND/RECV source sites        = 3.6014e-02 seconds
   Time accumulating tallies       = 7.9642e-01 seconds
   Time writing statepoints        = 1.1932e-02 seconds
 Total time for finalization       = 1.2273e-02 seconds
 Total time elapsed                = 4.4222e+02 seconds
 Calculation Rate (inactive)       = 10799.3 particles/second
 Calculation Rate (active)         = 6048.95 particles/second

 ============================>     RESULTS     <============================

 k-effective (Collision)     = 0.95166 +/- 0.00073
 k-effective (Track-length)  = 0.95180 +/- 0.00089
 k-effective (Absorption)    = 0.95219 +/- 0.00067
 Combined k-effective        = 0.95197 +/- 0.00060
 Leakage Fraction            = 0.00796 +/- 0.00006

 Creating state point openmc_simulation_n7.h5...
[openmc.deplete] t=186069731.2168078 (final operator evaluation)
      chunk 1: B  21.50 MWd/kgHM k 0.95197 (target 0.97262) [56.2 min]
[d88] EFPD 1817.4 d (archive 2354.6), c_max 1859 (archive 1859), hump +0 pcm [8 solves, 0.94 h]
done; run --analyse
