check 3: designs [69, 70, 72], 8 layers (14 fuel segments, 96 depletable materials), transport {'particles': 20000, 'batches': 160, 'inactive': 60}, end of cycle relative, schedule {'bol_steps': [0.5, 1.0, 2.0, 4.0, 6.0], 'dep_step': 4.0, 'max_burnup': 100.0, 'chunk_steps': 2}, cached []
  C9-69: archive EFPD 2297 d, 10 depletion solves, c_max 2268 ppm
  C9-70: archive EFPD 2280 d, 10 depletion solves, c_max 1840 ppm
  C9-72: archive EFPD 2293 d, 10 depletion solves, c_max 1559 ppm
  openmc 0.15.3, chain /home/diogo/openmc_data/chain_endfb71_pwr.xml
[d69] 3D hardware core, 8 layers, 14 fuel segments, 96 depletable materials, seed 627022458, transport {'particles': 20000, 'batches': 160, 'inactive': 60}, end of cycle relative, ratio 0.92306
                                %%%%%%%%%%%%%%%
                           %%%%%%%%%%%%%%%%%%%%%%%%
                        %%%%%%%%%%%%%%%%%%%%%%%%%%%%%%
                      %%%%%%%%%%%%%%%%%%%%%%%%%%%%%%%%%%
                    %%%%%%%%%%%%%%%%%%%%%%%%%%%%%%%%%%%%%%
                   %%%%%%%%%%%%%%%%%%%%%%%%%%%%%%%%%%%%%%%%
                                    %%%%%%%%%%%%%%%%%%%%%%%%
                                     %%%%%%%%%%%%%%%%%%%%%%%%
                 ###############      %%%%%%%%%%%%%%%%%%%%%%%%
                ##################     %%%%%%%%%%%%%%%%%%%%%%%
                ###################     %%%%%%%%%%%%%%%%%%%%%%%
                ####################     %%%%%%%%%%%%%%%%%%%%%%
                #####################     %%%%%%%%%%%%%%%%%%%%%
                ######################     %%%%%%%%%%%%%%%%%%%%
                #######################     %%%%%%%%%%%%%%%%%%
                 #######################     %%%%%%%%%%%%%%%%%
                 ######################     %%%%%%%%%%%%%%%%%
                  ####################     %%%%%%%%%%%%%%%%%
                    #################     %%%%%%%%%%%%%%%%%
                     ###############     %%%%%%%%%%%%%%%%
                       ############     %%%%%%%%%%%%%%%
                          ########     %%%%%%%%%%%%%%
                                      %%%%%%%%%%%

                 | The OpenMC Monte Carlo Code
       Copyright | 2011-2025 MIT, UChicago Argonne LLC, and contributors
         License | https://docs.openmc.org/en/latest/license.html
         Version | 0.15.3
     Commit Hash | 27e38e894697bb32a1dac7848d2618818b6b8daf
       Date/Time | 2026-09-25 01:13:28
   MPI Processes | 1
  OpenMP Threads | 64

 Reading settings XML file...
 Reading cross sections XML file...
 Reading chain file: /home/diogo/openmc_data/chain_endfb71_pwr.xml...
 Reading materials XML file...
 Reading geometry XML file...
 Reading H1 from /home/diogo/openmc_data/endfb-vii.1-hdf5/neutron/H1.h5
 Reading H2 from /home/diogo/openmc_data/endfb-vii.1-hdf5/neutron/H2.h5
 Reading B10 from /home/diogo/openmc_data/endfb-vii.1-hdf5/neutron/B10.h5
 Reading B11 from /home/diogo/openmc_data/endfb-vii.1-hdf5/neutron/B11.h5
 Reading O16 from /home/diogo/openmc_data/endfb-vii.1-hdf5/neutron/O16.h5
 Reading O17 from /home/diogo/openmc_data/endfb-vii.1-hdf5/neutron/O17.h5
 Reading Cr50 from /home/diogo/openmc_data/endfb-vii.1-hdf5/neutron/Cr50.h5
 Reading Cr52 from /home/diogo/openmc_data/endfb-vii.1-hdf5/neutron/Cr52.h5
 Reading Cr53 from /home/diogo/openmc_data/endfb-vii.1-hdf5/neutron/Cr53.h5
 Reading Cr54 from /home/diogo/openmc_data/endfb-vii.1-hdf5/neutron/Cr54.h5
 Reading Mn55 from /home/diogo/openmc_data/endfb-vii.1-hdf5/neutron/Mn55.h5
 Reading Fe54 from /home/diogo/openmc_data/endfb-vii.1-hdf5/neutron/Fe54.h5
 Reading Fe56 from /home/diogo/openmc_data/endfb-vii.1-hdf5/neutron/Fe56.h5
 Reading Fe57 from /home/diogo/openmc_data/endfb-vii.1-hdf5/neutron/Fe57.h5
 Reading Fe58 from /home/diogo/openmc_data/endfb-vii.1-hdf5/neutron/Fe58.h5
 Reading Ni58 from /home/diogo/openmc_data/endfb-vii.1-hdf5/neutron/Ni58.h5
 Reading Ni60 from /home/diogo/openmc_data/endfb-vii.1-hdf5/neutron/Ni60.h5
 Reading Ni61 from /home/diogo/openmc_data/endfb-vii.1-hdf5/neutron/Ni61.h5
 Reading Ni62 from /home/diogo/openmc_data/endfb-vii.1-hdf5/neutron/Ni62.h5
 Reading Ni64 from /home/diogo/openmc_data/endfb-vii.1-hdf5/neutron/Ni64.h5
 Reading Zr90 from /home/diogo/openmc_data/endfb-vii.1-hdf5/neutron/Zr90.h5
 Reading Zr91 from /home/diogo/openmc_data/endfb-vii.1-hdf5/neutron/Zr91.h5
 Reading Zr92 from /home/diogo/openmc_data/endfb-vii.1-hdf5/neutron/Zr92.h5
 Reading Zr94 from /home/diogo/openmc_data/endfb-vii.1-hdf5/neutron/Zr94.h5
 Reading Zr96 from /home/diogo/openmc_data/endfb-vii.1-hdf5/neutron/Zr96.h5
 Reading Sn112 from /home/diogo/openmc_data/endfb-vii.1-hdf5/neutron/Sn112.h5
 Reading Sn114 from /home/diogo/openmc_data/endfb-vii.1-hdf5/neutron/Sn114.h5
 Reading Sn115 from /home/diogo/openmc_data/endfb-vii.1-hdf5/neutron/Sn115.h5
 Reading Sn116 from /home/diogo/openmc_data/endfb-vii.1-hdf5/neutron/Sn116.h5
 Reading Sn117 from /home/diogo/openmc_data/endfb-vii.1-hdf5/neutron/Sn117.h5
 Reading Sn118 from /home/diogo/openmc_data/endfb-vii.1-hdf5/neutron/Sn118.h5
 Reading Sn119 from /home/diogo/openmc_data/endfb-vii.1-hdf5/neutron/Sn119.h5
 Reading Sn120 from /home/diogo/openmc_data/endfb-vii.1-hdf5/neutron/Sn120.h5
 Reading Sn122 from /home/diogo/openmc_data/endfb-vii.1-hdf5/neutron/Sn122.h5
 Reading Sn124 from /home/diogo/openmc_data/endfb-vii.1-hdf5/neutron/Sn124.h5
 Reading He3 from /home/diogo/openmc_data/endfb-vii.1-hdf5/neutron/He3.h5
 Reading He4 from /home/diogo/openmc_data/endfb-vii.1-hdf5/neutron/He4.h5
 Reading U234 from /home/diogo/openmc_data/endfb-vii.1-hdf5/neutron/U234.h5
 Reading U235 from /home/diogo/openmc_data/endfb-vii.1-hdf5/neutron/U235.h5
 Reading U238 from /home/diogo/openmc_data/endfb-vii.1-hdf5/neutron/U238.h5
 Reading Gd152 from /home/diogo/openmc_data/endfb-vii.1-hdf5/neutron/Gd152.h5
 Reading Gd154 from /home/diogo/openmc_data/endfb-vii.1-hdf5/neutron/Gd154.h5
 Reading Gd155 from /home/diogo/openmc_data/endfb-vii.1-hdf5/neutron/Gd155.h5
 Reading Gd156 from /home/diogo/openmc_data/endfb-vii.1-hdf5/neutron/Gd156.h5
 Reading Gd157 from /home/diogo/openmc_data/endfb-vii.1-hdf5/neutron/Gd157.h5
 Reading Gd158 from /home/diogo/openmc_data/endfb-vii.1-hdf5/neutron/Gd158.h5
 Reading Gd160 from /home/diogo/openmc_data/endfb-vii.1-hdf5/neutron/Gd160.h5
 Reading Si28 from /home/diogo/openmc_data/endfb-vii.1-hdf5/neutron/Si28.h5
 Reading Si29 from /home/diogo/openmc_data/endfb-vii.1-hdf5/neutron/Si29.h5
 Reading Si30 from /home/diogo/openmc_data/endfb-vii.1-hdf5/neutron/Si30.h5
 Reading Ag107 from /home/diogo/openmc_data/endfb-vii.1-hdf5/neutron/Ag107.h5
 Reading Ag109 from /home/diogo/openmc_data/endfb-vii.1-hdf5/neutron/Ag109.h5
 Reading Cd106 from /home/diogo/openmc_data/endfb-vii.1-hdf5/neutron/Cd106.h5
 WARNING: Negative value(s) found on probability table for nuclide Cd106 at 294K
 WARNING: Negative value(s) found on probability table for nuclide Cd106 at 600K
 WARNING: Negative value(s) found on probability table for nuclide Cd106 at 900K
 WARNING: Negative value(s) found on probability table for nuclide Cd106 at
          1200K
 WARNING: Negative value(s) found on probability table for nuclide Cd106 at
          2500K
 Reading Cd108 from /home/diogo/openmc_data/endfb-vii.1-hdf5/neutron/Cd108.h5
 Reading Cd110 from /home/diogo/openmc_data/endfb-vii.1-hdf5/neutron/Cd110.h5
 Reading Cd111 from /home/diogo/openmc_data/endfb-vii.1-hdf5/neutron/Cd111.h5
 Reading Cd112 from /home/diogo/openmc_data/endfb-vii.1-hdf5/neutron/Cd112.h5
 Reading Cd113 from /home/diogo/openmc_data/endfb-vii.1-hdf5/neutron/Cd113.h5
 Reading Cd114 from /home/diogo/openmc_data/endfb-vii.1-hdf5/neutron/Cd114.h5
 Reading Cd116 from /home/diogo/openmc_data/endfb-vii.1-hdf5/neutron/Cd116.h5
 Reading In113 from /home/diogo/openmc_data/endfb-vii.1-hdf5/neutron/In113.h5
 Reading In115 from /home/diogo/openmc_data/endfb-vii.1-hdf5/neutron/In115.h5
 Reading c_H_in_H2O from
 /home/diogo/openmc_data/endfb-vii.1-hdf5/neutron/c_H_in_H2O.h5
 Minimum neutron data temperature: 294 K
 Maximum neutron data temperature: 2500 K
 Reading tallies XML file...
 Preparing distributed cell instances...
 Reading plot XML file...
 Writing summary.h5 file...
[openmc.deplete] t=0.0 s, dt=4327203.051553669 s, source=47773107.16002765
 Reading H3 from /home/diogo/openmc_data/endfb-vii.1-hdf5/neutron/H3.h5
 Reading Li6 from /home/diogo/openmc_data/endfb-vii.1-hdf5/neutron/Li6.h5
 Reading Li7 from /home/diogo/openmc_data/endfb-vii.1-hdf5/neutron/Li7.h5
 Reading Be9 from /home/diogo/openmc_data/endfb-vii.1-hdf5/neutron/Be9.h5
 Reading N14 from /home/diogo/openmc_data/endfb-vii.1-hdf5/neutron/N14.h5
 Reading N15 from /home/diogo/openmc_data/endfb-vii.1-hdf5/neutron/N15.h5
 Reading F19 from /home/diogo/openmc_data/endfb-vii.1-hdf5/neutron/F19.h5
 Reading Na22 from /home/diogo/openmc_data/endfb-vii.1-hdf5/neutron/Na22.h5
 WARNING: Negative value(s) found on probability table for nuclide Na22 at 250K
 WARNING: Negative value(s) found on probability table for nuclide Na22 at 294K
 WARNING: Negative value(s) found on probability table for nuclide Na22 at 600K
 WARNING: Negative value(s) found on probability table for nuclide Na22 at 900K
 WARNING: Negative value(s) found on probability table for nuclide Na22 at 1200K
 WARNING: Negative value(s) found on probability table for nuclide Na22 at 2500K
 Reading Na23 from /home/diogo/openmc_data/endfb-vii.1-hdf5/neutron/Na23.h5
 Reading Mg24 from /home/diogo/openmc_data/endfb-vii.1-hdf5/neutron/Mg24.h5
 Reading Mg25 from /home/diogo/openmc_data/endfb-vii.1-hdf5/neutron/Mg25.h5
 Reading Mg26 from /home/diogo/openmc_data/endfb-vii.1-hdf5/neutron/Mg26.h5
 Reading Al27 from /home/diogo/openmc_data/endfb-vii.1-hdf5/neutron/Al27.h5
 Reading P31 from /home/diogo/openmc_data/endfb-vii.1-hdf5/neutron/P31.h5
 Reading S32 from /home/diogo/openmc_data/endfb-vii.1-hdf5/neutron/S32.h5
 Reading S33 from /home/diogo/openmc_data/endfb-vii.1-hdf5/neutron/S33.h5
 Reading S34 from /home/diogo/openmc_data/endfb-vii.1-hdf5/neutron/S34.h5
 Reading S36 from /home/diogo/openmc_data/endfb-vii.1-hdf5/neutron/S36.h5
 Reading Cl35 from /home/diogo/openmc_data/endfb-vii.1-hdf5/neutron/Cl35.h5
 Reading Cl37 from /home/diogo/openmc_data/endfb-vii.1-hdf5/neutron/Cl37.h5
 Reading Ar36 from /home/diogo/openmc_data/endfb-vii.1-hdf5/neutron/Ar36.h5
 WARNING: Negative value(s) found on probability table for nuclide Ar36 at 250K
 WARNING: Negative value(s) found on probability table for nuclide Ar36 at 294K
 WARNING: Negative value(s) found on probability table for nuclide Ar36 at 600K
 WARNING: Negative value(s) found on probability table for nuclide Ar36 at 900K
 WARNING: Negative value(s) found on probability table for nuclide Ar36 at 1200K
 WARNING: Negative value(s) found on probability table for nuclide Ar36 at 2500K
 Reading Ar38 from /home/diogo/openmc_data/endfb-vii.1-hdf5/neutron/Ar38.h5
 Reading Ar40 from /home/diogo/openmc_data/endfb-vii.1-hdf5/neutron/Ar40.h5
 Reading K39 from /home/diogo/openmc_data/endfb-vii.1-hdf5/neutron/K39.h5
 Reading K40 from /home/diogo/openmc_data/endfb-vii.1-hdf5/neutron/K40.h5
 Reading K41 from /home/diogo/openmc_data/endfb-vii.1-hdf5/neutron/K41.h5
 Reading Ca40 from /home/diogo/openmc_data/endfb-vii.1-hdf5/neutron/Ca40.h5
 Reading Ca42 from /home/diogo/openmc_data/endfb-vii.1-hdf5/neutron/Ca42.h5
 Reading Ca43 from /home/diogo/openmc_data/endfb-vii.1-hdf5/neutron/Ca43.h5
 Reading Ca44 from /home/diogo/openmc_data/endfb-vii.1-hdf5/neutron/Ca44.h5
 Reading Ca46 from /home/diogo/openmc_data/endfb-vii.1-hdf5/neutron/Ca46.h5
 Reading Ca48 from /home/diogo/openmc_data/endfb-vii.1-hdf5/neutron/Ca48.h5
 Reading Sc45 from /home/diogo/openmc_data/endfb-vii.1-hdf5/neutron/Sc45.h5
 Reading Ti46 from /home/diogo/openmc_data/endfb-vii.1-hdf5/neutron/Ti46.h5
 Reading Ti47 from /home/diogo/openmc_data/endfb-vii.1-hdf5/neutron/Ti47.h5
 Reading Ti48 from /home/diogo/openmc_data/endfb-vii.1-hdf5/neutron/Ti48.h5
 Reading Ti49 from /home/diogo/openmc_data/endfb-vii.1-hdf5/neutron/Ti49.h5
 Reading Ti50 from /home/diogo/openmc_data/endfb-vii.1-hdf5/neutron/Ti50.h5
 Reading V50 from /home/diogo/openmc_data/endfb-vii.1-hdf5/neutron/V50.h5
 Reading V51 from /home/diogo/openmc_data/endfb-vii.1-hdf5/neutron/V51.h5
 Reading Co58 from /home/diogo/openmc_data/endfb-vii.1-hdf5/neutron/Co58.h5
 Reading Co58_m1 from
 /home/diogo/openmc_data/endfb-vii.1-hdf5/neutron/Co58_m1.h5
 Reading Co59 from /home/diogo/openmc_data/endfb-vii.1-hdf5/neutron/Co59.h5
 Reading Ni59 from /home/diogo/openmc_data/endfb-vii.1-hdf5/neutron/Ni59.h5
 Reading Cu63 from /home/diogo/openmc_data/endfb-vii.1-hdf5/neutron/Cu63.h5
 Reading Cu65 from /home/diogo/openmc_data/endfb-vii.1-hdf5/neutron/Cu65.h5
 Reading Zn64 from /home/diogo/openmc_data/endfb-vii.1-hdf5/neutron/Zn64.h5
 Reading Zn65 from /home/diogo/openmc_data/endfb-vii.1-hdf5/neutron/Zn65.h5
 Reading Zn66 from /home/diogo/openmc_data/endfb-vii.1-hdf5/neutron/Zn66.h5
 Reading Zn67 from /home/diogo/openmc_data/endfb-vii.1-hdf5/neutron/Zn67.h5
 Reading Zn68 from /home/diogo/openmc_data/endfb-vii.1-hdf5/neutron/Zn68.h5
 Reading Zn70 from /home/diogo/openmc_data/endfb-vii.1-hdf5/neutron/Zn70.h5
 Reading Ga69 from /home/diogo/openmc_data/endfb-vii.1-hdf5/neutron/Ga69.h5
 Reading Ga71 from /home/diogo/openmc_data/endfb-vii.1-hdf5/neutron/Ga71.h5
 Reading Ge70 from /home/diogo/openmc_data/endfb-vii.1-hdf5/neutron/Ge70.h5
 Reading Ge72 from /home/diogo/openmc_data/endfb-vii.1-hdf5/neutron/Ge72.h5
 Reading Ge73 from /home/diogo/openmc_data/endfb-vii.1-hdf5/neutron/Ge73.h5
 Reading Ge74 from /home/diogo/openmc_data/endfb-vii.1-hdf5/neutron/Ge74.h5
 Reading Ge76 from /home/diogo/openmc_data/endfb-vii.1-hdf5/neutron/Ge76.h5
 Reading As74 from /home/diogo/openmc_data/endfb-vii.1-hdf5/neutron/As74.h5
 Reading As75 from /home/diogo/openmc_data/endfb-vii.1-hdf5/neutron/As75.h5
 Reading Se74 from /home/diogo/openmc_data/endfb-vii.1-hdf5/neutron/Se74.h5
 Reading Se76 from /home/diogo/openmc_data/endfb-vii.1-hdf5/neutron/Se76.h5
 Reading Se77 from /home/diogo/openmc_data/endfb-vii.1-hdf5/neutron/Se77.h5
 Reading Se78 from /home/diogo/openmc_data/endfb-vii.1-hdf5/neutron/Se78.h5
 Reading Se79 from /home/diogo/openmc_data/endfb-vii.1-hdf5/neutron/Se79.h5
 WARNING: Negative value(s) found on probability table for nuclide Se79 at 250K
 WARNING: Negative value(s) found on probability table for nuclide Se79 at 294K
 WARNING: Negative value(s) found on probability table for nuclide Se79 at 600K
 WARNING: Negative value(s) found on probability table for nuclide Se79 at 900K
 WARNING: Negative value(s) found on probability table for nuclide Se79 at 1200K
 Reading Se80 from /home/diogo/openmc_data/endfb-vii.1-hdf5/neutron/Se80.h5
 Reading Se82 from /home/diogo/openmc_data/endfb-vii.1-hdf5/neutron/Se82.h5
 Reading Br79 from /home/diogo/openmc_data/endfb-vii.1-hdf5/neutron/Br79.h5
 Reading Br81 from /home/diogo/openmc_data/endfb-vii.1-hdf5/neutron/Br81.h5
 Reading Kr78 from /home/diogo/openmc_data/endfb-vii.1-hdf5/neutron/Kr78.h5
 Reading Kr80 from /home/diogo/openmc_data/endfb-vii.1-hdf5/neutron/Kr80.h5
 Reading Kr82 from /home/diogo/openmc_data/endfb-vii.1-hdf5/neutron/Kr82.h5
 Reading Kr83 from /home/diogo/openmc_data/endfb-vii.1-hdf5/neutron/Kr83.h5
 Reading Kr84 from /home/diogo/openmc_data/endfb-vii.1-hdf5/neutron/Kr84.h5
 Reading Kr85 from /home/diogo/openmc_data/endfb-vii.1-hdf5/neutron/Kr85.h5
 Reading Kr86 from /home/diogo/openmc_data/endfb-vii.1-hdf5/neutron/Kr86.h5
 Reading Rb85 from /home/diogo/openmc_data/endfb-vii.1-hdf5/neutron/Rb85.h5
 Reading Rb86 from /home/diogo/openmc_data/endfb-vii.1-hdf5/neutron/Rb86.h5
 Reading Rb87 from /home/diogo/openmc_data/endfb-vii.1-hdf5/neutron/Rb87.h5
 Reading Sr84 from /home/diogo/openmc_data/endfb-vii.1-hdf5/neutron/Sr84.h5
 Reading Sr86 from /home/diogo/openmc_data/endfb-vii.1-hdf5/neutron/Sr86.h5
 Reading Sr87 from /home/diogo/openmc_data/endfb-vii.1-hdf5/neutron/Sr87.h5
 Reading Sr88 from /home/diogo/openmc_data/endfb-vii.1-hdf5/neutron/Sr88.h5
 Reading Sr89 from /home/diogo/openmc_data/endfb-vii.1-hdf5/neutron/Sr89.h5
 Reading Sr90 from /home/diogo/openmc_data/endfb-vii.1-hdf5/neutron/Sr90.h5
 Reading Y89 from /home/diogo/openmc_data/endfb-vii.1-hdf5/neutron/Y89.h5
 Reading Y90 from /home/diogo/openmc_data/endfb-vii.1-hdf5/neutron/Y90.h5
 Reading Y91 from /home/diogo/openmc_data/endfb-vii.1-hdf5/neutron/Y91.h5
 Reading Zr93 from /home/diogo/openmc_data/endfb-vii.1-hdf5/neutron/Zr93.h5
 Reading Zr95 from /home/diogo/openmc_data/endfb-vii.1-hdf5/neutron/Zr95.h5
 Reading Nb93 from /home/diogo/openmc_data/endfb-vii.1-hdf5/neutron/Nb93.h5
 Reading Nb94 from /home/diogo/openmc_data/endfb-vii.1-hdf5/neutron/Nb94.h5
 WARNING: Negative value(s) found on probability table for nuclide Nb94 at 250K
 WARNING: Negative value(s) found on probability table for nuclide Nb94 at 294K
 WARNING: Negative value(s) found on probability table for nuclide Nb94 at 600K
 WARNING: Negative value(s) found on probability table for nuclide Nb94 at 900K
 WARNING: Negative value(s) found on probability table for nuclide Nb94 at 1200K
 WARNING: Negative value(s) found on probability table for nuclide Nb94 at 2500K
 Reading Nb95 from /home/diogo/openmc_data/endfb-vii.1-hdf5/neutron/Nb95.h5
 WARNING: Negative value(s) found on probability table for nuclide Nb95 at 250K
 WARNING: Negative value(s) found on probability table for nuclide Nb95 at 294K
 WARNING: Negative value(s) found on probability table for nuclide Nb95 at 600K
 WARNING: Negative value(s) found on probability table for nuclide Nb95 at 900K
 WARNING: Negative value(s) found on probability table for nuclide Nb95 at 1200K
 Reading Mo92 from /home/diogo/openmc_data/endfb-vii.1-hdf5/neutron/Mo92.h5
 Reading Mo94 from /home/diogo/openmc_data/endfb-vii.1-hdf5/neutron/Mo94.h5
 Reading Mo95 from /home/diogo/openmc_data/endfb-vii.1-hdf5/neutron/Mo95.h5
 Reading Mo96 from /home/diogo/openmc_data/endfb-vii.1-hdf5/neutron/Mo96.h5
 Reading Mo97 from /home/diogo/openmc_data/endfb-vii.1-hdf5/neutron/Mo97.h5
 Reading Mo98 from /home/diogo/openmc_data/endfb-vii.1-hdf5/neutron/Mo98.h5
 Reading Mo99 from /home/diogo/openmc_data/endfb-vii.1-hdf5/neutron/Mo99.h5
 WARNING: Negative value(s) found on probability table for nuclide Mo99 at 250K
 WARNING: Negative value(s) found on probability table for nuclide Mo99 at 294K
 WARNING: Negative value(s) found on probability table for nuclide Mo99 at 600K
 WARNING: Negative value(s) found on probability table for nuclide Mo99 at 900K
 WARNING: Negative value(s) found on probability table for nuclide Mo99 at 1200K
 WARNING: Negative value(s) found on probability table for nuclide Mo99 at 2500K
 Reading Mo100 from /home/diogo/openmc_data/endfb-vii.1-hdf5/neutron/Mo100.h5
 Reading Tc99 from /home/diogo/openmc_data/endfb-vii.1-hdf5/neutron/Tc99.h5
 Reading Ru96 from /home/diogo/openmc_data/endfb-vii.1-hdf5/neutron/Ru96.h5
 Reading Ru98 from /home/diogo/openmc_data/endfb-vii.1-hdf5/neutron/Ru98.h5
 Reading Ru99 from /home/diogo/openmc_data/endfb-vii.1-hdf5/neutron/Ru99.h5
 Reading Ru100 from /home/diogo/openmc_data/endfb-vii.1-hdf5/neutron/Ru100.h5
 Reading Ru101 from /home/diogo/openmc_data/endfb-vii.1-hdf5/neutron/Ru101.h5
 Reading Ru102 from /home/diogo/openmc_data/endfb-vii.1-hdf5/neutron/Ru102.h5
 Reading Ru103 from /home/diogo/openmc_data/endfb-vii.1-hdf5/neutron/Ru103.h5
 Reading Ru104 from /home/diogo/openmc_data/endfb-vii.1-hdf5/neutron/Ru104.h5
 Reading Ru105 from /home/diogo/openmc_data/endfb-vii.1-hdf5/neutron/Ru105.h5
 Reading Ru106 from /home/diogo/openmc_data/endfb-vii.1-hdf5/neutron/Ru106.h5
 Reading Rh103 from /home/diogo/openmc_data/endfb-vii.1-hdf5/neutron/Rh103.h5
 Reading Rh105 from /home/diogo/openmc_data/endfb-vii.1-hdf5/neutron/Rh105.h5
 Reading Pd102 from /home/diogo/openmc_data/endfb-vii.1-hdf5/neutron/Pd102.h5
 Reading Pd104 from /home/diogo/openmc_data/endfb-vii.1-hdf5/neutron/Pd104.h5
 Reading Pd105 from /home/diogo/openmc_data/endfb-vii.1-hdf5/neutron/Pd105.h5
 Reading Pd106 from /home/diogo/openmc_data/endfb-vii.1-hdf5/neutron/Pd106.h5
 Reading Pd107 from /home/diogo/openmc_data/endfb-vii.1-hdf5/neutron/Pd107.h5
 Reading Pd108 from /home/diogo/openmc_data/endfb-vii.1-hdf5/neutron/Pd108.h5
 Reading Pd110 from /home/diogo/openmc_data/endfb-vii.1-hdf5/neutron/Pd110.h5
 Reading Ag110_m1 from
 /home/diogo/openmc_data/endfb-vii.1-hdf5/neutron/Ag110_m1.h5
 Reading Ag111 from /home/diogo/openmc_data/endfb-vii.1-hdf5/neutron/Ag111.h5
 Reading Cd115_m1 from
 /home/diogo/openmc_data/endfb-vii.1-hdf5/neutron/Cd115_m1.h5
 Reading Sn113 from /home/diogo/openmc_data/endfb-vii.1-hdf5/neutron/Sn113.h5
 Reading Sn123 from /home/diogo/openmc_data/endfb-vii.1-hdf5/neutron/Sn123.h5
 WARNING: Negative value(s) found on probability table for nuclide Sn123 at 250K
 WARNING: Negative value(s) found on probability table for nuclide Sn123 at 294K
 WARNING: Negative value(s) found on probability table for nuclide Sn123 at 600K
 WARNING: Negative value(s) found on probability table for nuclide Sn123 at 900K
 WARNING: Negative value(s) found on probability table for nuclide Sn123 at
          1200K
 WARNING: Negative value(s) found on probability table for nuclide Sn123 at
          2500K
 Reading Sn125 from /home/diogo/openmc_data/endfb-vii.1-hdf5/neutron/Sn125.h5
 Reading Sn126 from /home/diogo/openmc_data/endfb-vii.1-hdf5/neutron/Sn126.h5
 Reading Sb121 from /home/diogo/openmc_data/endfb-vii.1-hdf5/neutron/Sb121.h5
 Reading Sb123 from /home/diogo/openmc_data/endfb-vii.1-hdf5/neutron/Sb123.h5
 Reading Sb124 from /home/diogo/openmc_data/endfb-vii.1-hdf5/neutron/Sb124.h5
 Reading Sb125 from /home/diogo/openmc_data/endfb-vii.1-hdf5/neutron/Sb125.h5
 Reading Sb126 from /home/diogo/openmc_data/endfb-vii.1-hdf5/neutron/Sb126.h5
 Reading Te120 from /home/diogo/openmc_data/endfb-vii.1-hdf5/neutron/Te120.h5
 WARNING: Negative value(s) found on probability table for nuclide Te120 at 600K
 WARNING: Negative value(s) found on probability table for nuclide Te120 at 900K
 WARNING: Negative value(s) found on probability table for nuclide Te120 at
          1200K
 WARNING: Negative value(s) found on probability table for nuclide Te120 at
          2500K
 Reading Te122 from /home/diogo/openmc_data/endfb-vii.1-hdf5/neutron/Te122.h5
 Reading Te123 from /home/diogo/openmc_data/endfb-vii.1-hdf5/neutron/Te123.h5
 Reading Te124 from /home/diogo/openmc_data/endfb-vii.1-hdf5/neutron/Te124.h5
 Reading Te125 from /home/diogo/openmc_data/endfb-vii.1-hdf5/neutron/Te125.h5
 Reading Te126 from /home/diogo/openmc_data/endfb-vii.1-hdf5/neutron/Te126.h5
 Reading Te127_m1 from
 /home/diogo/openmc_data/endfb-vii.1-hdf5/neutron/Te127_m1.h5
 Reading Te128 from /home/diogo/openmc_data/endfb-vii.1-hdf5/neutron/Te128.h5
 Reading Te129_m1 from
 /home/diogo/openmc_data/endfb-vii.1-hdf5/neutron/Te129_m1.h5
 Reading Te130 from /home/diogo/openmc_data/endfb-vii.1-hdf5/neutron/Te130.h5
 Reading Te132 from /home/diogo/openmc_data/endfb-vii.1-hdf5/neutron/Te132.h5
 Reading I127 from /home/diogo/openmc_data/endfb-vii.1-hdf5/neutron/I127.h5
 Reading I129 from /home/diogo/openmc_data/endfb-vii.1-hdf5/neutron/I129.h5
 Reading I130 from /home/diogo/openmc_data/endfb-vii.1-hdf5/neutron/I130.h5
 Reading I131 from /home/diogo/openmc_data/endfb-vii.1-hdf5/neutron/I131.h5
 WARNING: Negative value(s) found on probability table for nuclide I131 at 250K
 WARNING: Negative value(s) found on probability table for nuclide I131 at 294K
 WARNING: Negative value(s) found on probability table for nuclide I131 at 600K
 WARNING: Negative value(s) found on probability table for nuclide I131 at 900K
 WARNING: Negative value(s) found on probability table for nuclide I131 at 1200K
 WARNING: Negative value(s) found on probability table for nuclide I131 at 2500K
 Reading I135 from /home/diogo/openmc_data/endfb-vii.1-hdf5/neutron/I135.h5
 Reading Xe123 from /home/diogo/openmc_data/endfb-vii.1-hdf5/neutron/Xe123.h5
 Reading Xe124 from /home/diogo/openmc_data/endfb-vii.1-hdf5/neutron/Xe124.h5
 Reading Xe126 from /home/diogo/openmc_data/endfb-vii.1-hdf5/neutron/Xe126.h5
 Reading Xe128 from /home/diogo/openmc_data/endfb-vii.1-hdf5/neutron/Xe128.h5
 Reading Xe129 from /home/diogo/openmc_data/endfb-vii.1-hdf5/neutron/Xe129.h5
 Reading Xe130 from /home/diogo/openmc_data/endfb-vii.1-hdf5/neutron/Xe130.h5
 Reading Xe131 from /home/diogo/openmc_data/endfb-vii.1-hdf5/neutron/Xe131.h5
 Reading Xe132 from /home/diogo/openmc_data/endfb-vii.1-hdf5/neutron/Xe132.h5
 Reading Xe133 from /home/diogo/openmc_data/endfb-vii.1-hdf5/neutron/Xe133.h5
 WARNING: Negative value(s) found on probability table for nuclide Xe133 at
          2500K
 Reading Xe134 from /home/diogo/openmc_data/endfb-vii.1-hdf5/neutron/Xe134.h5
 Reading Xe135 from /home/diogo/openmc_data/endfb-vii.1-hdf5/neutron/Xe135.h5
 Reading Xe136 from /home/diogo/openmc_data/endfb-vii.1-hdf5/neutron/Xe136.h5
 Reading Cs133 from /home/diogo/openmc_data/endfb-vii.1-hdf5/neutron/Cs133.h5
 Reading Cs134 from /home/diogo/openmc_data/endfb-vii.1-hdf5/neutron/Cs134.h5
 Reading Cs135 from /home/diogo/openmc_data/endfb-vii.1-hdf5/neutron/Cs135.h5
 Reading Cs136 from /home/diogo/openmc_data/endfb-vii.1-hdf5/neutron/Cs136.h5
 WARNING: Negative value(s) found on probability table for nuclide Cs136 at 250K
 WARNING: Negative value(s) found on probability table for nuclide Cs136 at 294K
 WARNING: Negative value(s) found on probability table for nuclide Cs136 at 600K
 WARNING: Negative value(s) found on probability table for nuclide Cs136 at 900K
 WARNING: Negative value(s) found on probability table for nuclide Cs136 at
          1200K
 WARNING: Negative value(s) found on probability table for nuclide Cs136 at
          2500K
 Reading Cs137 from /home/diogo/openmc_data/endfb-vii.1-hdf5/neutron/Cs137.h5
 Reading Ba130 from /home/diogo/openmc_data/endfb-vii.1-hdf5/neutron/Ba130.h5
 Reading Ba132 from /home/diogo/openmc_data/endfb-vii.1-hdf5/neutron/Ba132.h5
 Reading Ba133 from /home/diogo/openmc_data/endfb-vii.1-hdf5/neutron/Ba133.h5
 Reading Ba134 from /home/diogo/openmc_data/endfb-vii.1-hdf5/neutron/Ba134.h5
 Reading Ba135 from /home/diogo/openmc_data/endfb-vii.1-hdf5/neutron/Ba135.h5
 Reading Ba136 from /home/diogo/openmc_data/endfb-vii.1-hdf5/neutron/Ba136.h5
 Reading Ba137 from /home/diogo/openmc_data/endfb-vii.1-hdf5/neutron/Ba137.h5
 Reading Ba138 from /home/diogo/openmc_data/endfb-vii.1-hdf5/neutron/Ba138.h5
 Reading Ba140 from /home/diogo/openmc_data/endfb-vii.1-hdf5/neutron/Ba140.h5
 Reading La138 from /home/diogo/openmc_data/endfb-vii.1-hdf5/neutron/La138.h5
 Reading La139 from /home/diogo/openmc_data/endfb-vii.1-hdf5/neutron/La139.h5
 Reading La140 from /home/diogo/openmc_data/endfb-vii.1-hdf5/neutron/La140.h5
 Reading Ce136 from /home/diogo/openmc_data/endfb-vii.1-hdf5/neutron/Ce136.h5
 Reading Ce138 from /home/diogo/openmc_data/endfb-vii.1-hdf5/neutron/Ce138.h5
 Reading Ce139 from /home/diogo/openmc_data/endfb-vii.1-hdf5/neutron/Ce139.h5
 Reading Ce140 from /home/diogo/openmc_data/endfb-vii.1-hdf5/neutron/Ce140.h5
 Reading Ce141 from /home/diogo/openmc_data/endfb-vii.1-hdf5/neutron/Ce141.h5
 Reading Ce142 from /home/diogo/openmc_data/endfb-vii.1-hdf5/neutron/Ce142.h5
 Reading Ce143 from /home/diogo/openmc_data/endfb-vii.1-hdf5/neutron/Ce143.h5
 Reading Ce144 from /home/diogo/openmc_data/endfb-vii.1-hdf5/neutron/Ce144.h5
 Reading Pr141 from /home/diogo/openmc_data/endfb-vii.1-hdf5/neutron/Pr141.h5
 Reading Pr142 from /home/diogo/openmc_data/endfb-vii.1-hdf5/neutron/Pr142.h5
 Reading Pr143 from /home/diogo/openmc_data/endfb-vii.1-hdf5/neutron/Pr143.h5
 Reading Nd142 from /home/diogo/openmc_data/endfb-vii.1-hdf5/neutron/Nd142.h5
 Reading Nd143 from /home/diogo/openmc_data/endfb-vii.1-hdf5/neutron/Nd143.h5
 Reading Nd144 from /home/diogo/openmc_data/endfb-vii.1-hdf5/neutron/Nd144.h5
 Reading Nd145 from /home/diogo/openmc_data/endfb-vii.1-hdf5/neutron/Nd145.h5
 Reading Nd146 from /home/diogo/openmc_data/endfb-vii.1-hdf5/neutron/Nd146.h5
 Reading Nd147 from /home/diogo/openmc_data/endfb-vii.1-hdf5/neutron/Nd147.h5
 Reading Nd148 from /home/diogo/openmc_data/endfb-vii.1-hdf5/neutron/Nd148.h5
 Reading Nd150 from /home/diogo/openmc_data/endfb-vii.1-hdf5/neutron/Nd150.h5
 Reading Pm147 from /home/diogo/openmc_data/endfb-vii.1-hdf5/neutron/Pm147.h5
 Reading Pm148 from /home/diogo/openmc_data/endfb-vii.1-hdf5/neutron/Pm148.h5
 Reading Pm148_m1 from
 /home/diogo/openmc_data/endfb-vii.1-hdf5/neutron/Pm148_m1.h5
 Reading Pm149 from /home/diogo/openmc_data/endfb-vii.1-hdf5/neutron/Pm149.h5
 Reading Pm151 from /home/diogo/openmc_data/endfb-vii.1-hdf5/neutron/Pm151.h5
 Reading Sm144 from /home/diogo/openmc_data/endfb-vii.1-hdf5/neutron/Sm144.h5
 Reading Sm147 from /home/diogo/openmc_data/endfb-vii.1-hdf5/neutron/Sm147.h5
 Reading Sm148 from /home/diogo/openmc_data/endfb-vii.1-hdf5/neutron/Sm148.h5
 Reading Sm149 from /home/diogo/openmc_data/endfb-vii.1-hdf5/neutron/Sm149.h5
 Reading Sm150 from /home/diogo/openmc_data/endfb-vii.1-hdf5/neutron/Sm150.h5
 Reading Sm151 from /home/diogo/openmc_data/endfb-vii.1-hdf5/neutron/Sm151.h5
 Reading Sm152 from /home/diogo/openmc_data/endfb-vii.1-hdf5/neutron/Sm152.h5
 Reading Sm153 from /home/diogo/openmc_data/endfb-vii.1-hdf5/neutron/Sm153.h5
 Reading Sm154 from /home/diogo/openmc_data/endfb-vii.1-hdf5/neutron/Sm154.h5
 Reading Eu151 from /home/diogo/openmc_data/endfb-vii.1-hdf5/neutron/Eu151.h5
 Reading Eu152 from /home/diogo/openmc_data/endfb-vii.1-hdf5/neutron/Eu152.h5
 Reading Eu153 from /home/diogo/openmc_data/endfb-vii.1-hdf5/neutron/Eu153.h5
 Reading Eu154 from /home/diogo/openmc_data/endfb-vii.1-hdf5/neutron/Eu154.h5
 Reading Eu155 from /home/diogo/openmc_data/endfb-vii.1-hdf5/neutron/Eu155.h5
 Reading Eu156 from /home/diogo/openmc_data/endfb-vii.1-hdf5/neutron/Eu156.h5
 WARNING: Negative value(s) found on probability table for nuclide Eu156 at 250K
 WARNING: Negative value(s) found on probability table for nuclide Eu156 at 294K
 WARNING: Negative value(s) found on probability table for nuclide Eu156 at 600K
 WARNING: Negative value(s) found on probability table for nuclide Eu156 at 900K
 WARNING: Negative value(s) found on probability table for nuclide Eu156 at
          1200K
 WARNING: Negative value(s) found on probability table for nuclide Eu156 at
          2500K
 Reading Eu157 from /home/diogo/openmc_data/endfb-vii.1-hdf5/neutron/Eu157.h5
 Reading Gd153 from /home/diogo/openmc_data/endfb-vii.1-hdf5/neutron/Gd153.h5
 Reading Tb159 from /home/diogo/openmc_data/endfb-vii.1-hdf5/neutron/Tb159.h5
 Reading Tb160 from /home/diogo/openmc_data/endfb-vii.1-hdf5/neutron/Tb160.h5
 Reading Dy156 from /home/diogo/openmc_data/endfb-vii.1-hdf5/neutron/Dy156.h5
 Reading Dy158 from /home/diogo/openmc_data/endfb-vii.1-hdf5/neutron/Dy158.h5
 Reading Dy160 from /home/diogo/openmc_data/endfb-vii.1-hdf5/neutron/Dy160.h5
 Reading Dy161 from /home/diogo/openmc_data/endfb-vii.1-hdf5/neutron/Dy161.h5
 Reading Dy162 from /home/diogo/openmc_data/endfb-vii.1-hdf5/neutron/Dy162.h5
 Reading Dy163 from /home/diogo/openmc_data/endfb-vii.1-hdf5/neutron/Dy163.h5
 Reading Dy164 from /home/diogo/openmc_data/endfb-vii.1-hdf5/neutron/Dy164.h5
 Reading Ho165 from /home/diogo/openmc_data/endfb-vii.1-hdf5/neutron/Ho165.h5
 Reading Ho166_m1 from
 /home/diogo/openmc_data/endfb-vii.1-hdf5/neutron/Ho166_m1.h5
 Reading Er162 from /home/diogo/openmc_data/endfb-vii.1-hdf5/neutron/Er162.h5
 Reading Er164 from /home/diogo/openmc_data/endfb-vii.1-hdf5/neutron/Er164.h5
 Reading Er166 from /home/diogo/openmc_data/endfb-vii.1-hdf5/neutron/Er166.h5
 Reading Er167 from /home/diogo/openmc_data/endfb-vii.1-hdf5/neutron/Er167.h5
 Reading Er168 from /home/diogo/openmc_data/endfb-vii.1-hdf5/neutron/Er168.h5
 Reading Er170 from /home/diogo/openmc_data/endfb-vii.1-hdf5/neutron/Er170.h5
 Reading Tm168 from /home/diogo/openmc_data/endfb-vii.1-hdf5/neutron/Tm168.h5
 Reading Tm169 from /home/diogo/openmc_data/endfb-vii.1-hdf5/neutron/Tm169.h5
 Reading Tm170 from /home/diogo/openmc_data/endfb-vii.1-hdf5/neutron/Tm170.h5
 Reading Lu175 from /home/diogo/openmc_data/endfb-vii.1-hdf5/neutron/Lu175.h5
 Reading Lu176 from /home/diogo/openmc_data/endfb-vii.1-hdf5/neutron/Lu176.h5
 Reading Hf174 from /home/diogo/openmc_data/endfb-vii.1-hdf5/neutron/Hf174.h5
 Reading Hf176 from /home/diogo/openmc_data/endfb-vii.1-hdf5/neutron/Hf176.h5
 Reading Hf177 from /home/diogo/openmc_data/endfb-vii.1-hdf5/neutron/Hf177.h5
 Reading Hf178 from /home/diogo/openmc_data/endfb-vii.1-hdf5/neutron/Hf178.h5
 Reading Hf179 from /home/diogo/openmc_data/endfb-vii.1-hdf5/neutron/Hf179.h5
 Reading Hf180 from /home/diogo/openmc_data/endfb-vii.1-hdf5/neutron/Hf180.h5
 Reading Ta180 from /home/diogo/openmc_data/endfb-vii.1-hdf5/neutron/Ta180.h5
 Reading Ta181 from /home/diogo/openmc_data/endfb-vii.1-hdf5/neutron/Ta181.h5
 Reading Ta182 from /home/diogo/openmc_data/endfb-vii.1-hdf5/neutron/Ta182.h5
 Reading W180 from /home/diogo/openmc_data/endfb-vii.1-hdf5/neutron/W180.h5
 Reading W182 from /home/diogo/openmc_data/endfb-vii.1-hdf5/neutron/W182.h5
 Reading W183 from /home/diogo/openmc_data/endfb-vii.1-hdf5/neutron/W183.h5
 Reading W184 from /home/diogo/openmc_data/endfb-vii.1-hdf5/neutron/W184.h5
 Reading W186 from /home/diogo/openmc_data/endfb-vii.1-hdf5/neutron/W186.h5
 Reading Re185 from /home/diogo/openmc_data/endfb-vii.1-hdf5/neutron/Re185.h5
 Reading Re187 from /home/diogo/openmc_data/endfb-vii.1-hdf5/neutron/Re187.h5
 Reading Ir191 from /home/diogo/openmc_data/endfb-vii.1-hdf5/neutron/Ir191.h5
 Reading Ir193 from /home/diogo/openmc_data/endfb-vii.1-hdf5/neutron/Ir193.h5
 Reading Au197 from /home/diogo/openmc_data/endfb-vii.1-hdf5/neutron/Au197.h5
 Reading Hg196 from /home/diogo/openmc_data/endfb-vii.1-hdf5/neutron/Hg196.h5
 Reading Hg198 from /home/diogo/openmc_data/endfb-vii.1-hdf5/neutron/Hg198.h5
 Reading Hg199 from /home/diogo/openmc_data/endfb-vii.1-hdf5/neutron/Hg199.h5
 Reading Hg200 from /home/diogo/openmc_data/endfb-vii.1-hdf5/neutron/Hg200.h5
 Reading Hg201 from /home/diogo/openmc_data/endfb-vii.1-hdf5/neutron/Hg201.h5
 Reading Hg202 from /home/diogo/openmc_data/endfb-vii.1-hdf5/neutron/Hg202.h5
 Reading Hg204 from /home/diogo/openmc_data/endfb-vii.1-hdf5/neutron/Hg204.h5
 Reading Tl203 from /home/diogo/openmc_data/endfb-vii.1-hdf5/neutron/Tl203.h5
 Reading Tl205 from /home/diogo/openmc_data/endfb-vii.1-hdf5/neutron/Tl205.h5
 Reading Pb204 from /home/diogo/openmc_data/endfb-vii.1-hdf5/neutron/Pb204.h5
 Reading Pb206 from /home/diogo/openmc_data/endfb-vii.1-hdf5/neutron/Pb206.h5
 Reading Pb207 from /home/diogo/openmc_data/endfb-vii.1-hdf5/neutron/Pb207.h5
 Reading Pb208 from /home/diogo/openmc_data/endfb-vii.1-hdf5/neutron/Pb208.h5
 Reading Bi209 from /home/diogo/openmc_data/endfb-vii.1-hdf5/neutron/Bi209.h5
 Reading Ra223 from /home/diogo/openmc_data/endfb-vii.1-hdf5/neutron/Ra223.h5
 Reading Ra224 from /home/diogo/openmc_data/endfb-vii.1-hdf5/neutron/Ra224.h5
 Reading Ra225 from /home/diogo/openmc_data/endfb-vii.1-hdf5/neutron/Ra225.h5
 Reading Ra226 from /home/diogo/openmc_data/endfb-vii.1-hdf5/neutron/Ra226.h5
 Reading Ac225 from /home/diogo/openmc_data/endfb-vii.1-hdf5/neutron/Ac225.h5
 Reading Ac226 from /home/diogo/openmc_data/endfb-vii.1-hdf5/neutron/Ac226.h5
 Reading Ac227 from /home/diogo/openmc_data/endfb-vii.1-hdf5/neutron/Ac227.h5
 Reading Th227 from /home/diogo/openmc_data/endfb-vii.1-hdf5/neutron/Th227.h5
 Reading Th228 from /home/diogo/openmc_data/endfb-vii.1-hdf5/neutron/Th228.h5
 Reading Th229 from /home/diogo/openmc_data/endfb-vii.1-hdf5/neutron/Th229.h5
 Reading Th230 from /home/diogo/openmc_data/endfb-vii.1-hdf5/neutron/Th230.h5
 Reading Th231 from /home/diogo/openmc_data/endfb-vii.1-hdf5/neutron/Th231.h5
 Reading Th232 from /home/diogo/openmc_data/endfb-vii.1-hdf5/neutron/Th232.h5
 Reading Th233 from /home/diogo/openmc_data/endfb-vii.1-hdf5/neutron/Th233.h5
 Reading Th234 from /home/diogo/openmc_data/endfb-vii.1-hdf5/neutron/Th234.h5
 Reading Pa229 from /home/diogo/openmc_data/endfb-vii.1-hdf5/neutron/Pa229.h5
 Reading Pa230 from /home/diogo/openmc_data/endfb-vii.1-hdf5/neutron/Pa230.h5
 Reading Pa231 from /home/diogo/openmc_data/endfb-vii.1-hdf5/neutron/Pa231.h5
 Reading Pa232 from /home/diogo/openmc_data/endfb-vii.1-hdf5/neutron/Pa232.h5
 Reading Pa233 from /home/diogo/openmc_data/endfb-vii.1-hdf5/neutron/Pa233.h5
 Reading U230 from /home/diogo/openmc_data/endfb-vii.1-hdf5/neutron/U230.h5
 Reading U231 from /home/diogo/openmc_data/endfb-vii.1-hdf5/neutron/U231.h5
 Reading U232 from /home/diogo/openmc_data/endfb-vii.1-hdf5/neutron/U232.h5
 Reading U233 from /home/diogo/openmc_data/endfb-vii.1-hdf5/neutron/U233.h5
 Reading U236 from /home/diogo/openmc_data/endfb-vii.1-hdf5/neutron/U236.h5
 Reading U237 from /home/diogo/openmc_data/endfb-vii.1-hdf5/neutron/U237.h5
 Reading U239 from /home/diogo/openmc_data/endfb-vii.1-hdf5/neutron/U239.h5
 Reading U240 from /home/diogo/openmc_data/endfb-vii.1-hdf5/neutron/U240.h5
 Reading U241 from /home/diogo/openmc_data/endfb-vii.1-hdf5/neutron/U241.h5
 Reading Np234 from /home/diogo/openmc_data/endfb-vii.1-hdf5/neutron/Np234.h5
 Reading Np235 from /home/diogo/openmc_data/endfb-vii.1-hdf5/neutron/Np235.h5
 Reading Np236 from /home/diogo/openmc_data/endfb-vii.1-hdf5/neutron/Np236.h5
 Reading Np237 from /home/diogo/openmc_data/endfb-vii.1-hdf5/neutron/Np237.h5
 Reading Np238 from /home/diogo/openmc_data/endfb-vii.1-hdf5/neutron/Np238.h5
 Reading Np239 from /home/diogo/openmc_data/endfb-vii.1-hdf5/neutron/Np239.h5
 Reading Pu236 from /home/diogo/openmc_data/endfb-vii.1-hdf5/neutron/Pu236.h5
 Reading Pu237 from /home/diogo/openmc_data/endfb-vii.1-hdf5/neutron/Pu237.h5
 Reading Pu238 from /home/diogo/openmc_data/endfb-vii.1-hdf5/neutron/Pu238.h5
 Reading Pu239 from /home/diogo/openmc_data/endfb-vii.1-hdf5/neutron/Pu239.h5
 Reading Pu240 from /home/diogo/openmc_data/endfb-vii.1-hdf5/neutron/Pu240.h5
 Reading Pu241 from /home/diogo/openmc_data/endfb-vii.1-hdf5/neutron/Pu241.h5
 Reading Pu242 from /home/diogo/openmc_data/endfb-vii.1-hdf5/neutron/Pu242.h5
 Reading Pu243 from /home/diogo/openmc_data/endfb-vii.1-hdf5/neutron/Pu243.h5
 Reading Pu244 from /home/diogo/openmc_data/endfb-vii.1-hdf5/neutron/Pu244.h5
 Reading Pu246 from /home/diogo/openmc_data/endfb-vii.1-hdf5/neutron/Pu246.h5
 Reading Am240 from /home/diogo/openmc_data/endfb-vii.1-hdf5/neutron/Am240.h5
 Reading Am241 from /home/diogo/openmc_data/endfb-vii.1-hdf5/neutron/Am241.h5
 Reading Am242 from /home/diogo/openmc_data/endfb-vii.1-hdf5/neutron/Am242.h5
 Reading Am242_m1 from
 /home/diogo/openmc_data/endfb-vii.1-hdf5/neutron/Am242_m1.h5
 Reading Am243 from /home/diogo/openmc_data/endfb-vii.1-hdf5/neutron/Am243.h5
 Reading Am244 from /home/diogo/openmc_data/endfb-vii.1-hdf5/neutron/Am244.h5
 Reading Am244_m1 from
 /home/diogo/openmc_data/endfb-vii.1-hdf5/neutron/Am244_m1.h5
 Reading Cm240 from /home/diogo/openmc_data/endfb-vii.1-hdf5/neutron/Cm240.h5
 Reading Cm241 from /home/diogo/openmc_data/endfb-vii.1-hdf5/neutron/Cm241.h5
 Reading Cm242 from /home/diogo/openmc_data/endfb-vii.1-hdf5/neutron/Cm242.h5
 Reading Cm243 from /home/diogo/openmc_data/endfb-vii.1-hdf5/neutron/Cm243.h5
 Reading Cm244 from /home/diogo/openmc_data/endfb-vii.1-hdf5/neutron/Cm244.h5
 Reading Cm245 from /home/diogo/openmc_data/endfb-vii.1-hdf5/neutron/Cm245.h5
 Reading Cm246 from /home/diogo/openmc_data/endfb-vii.1-hdf5/neutron/Cm246.h5
 Reading Cm247 from /home/diogo/openmc_data/endfb-vii.1-hdf5/neutron/Cm247.h5
 Reading Cm248 from /home/diogo/openmc_data/endfb-vii.1-hdf5/neutron/Cm248.h5
 Reading Cm249 from /home/diogo/openmc_data/endfb-vii.1-hdf5/neutron/Cm249.h5
 Reading Cm250 from /home/diogo/openmc_data/endfb-vii.1-hdf5/neutron/Cm250.h5
 Reading Bk245 from /home/diogo/openmc_data/endfb-vii.1-hdf5/neutron/Bk245.h5
 Reading Bk246 from /home/diogo/openmc_data/endfb-vii.1-hdf5/neutron/Bk246.h5
 Reading Bk247 from /home/diogo/openmc_data/endfb-vii.1-hdf5/neutron/Bk247.h5
 Reading Bk248 from /home/diogo/openmc_data/endfb-vii.1-hdf5/neutron/Bk248.h5
 Reading Bk249 from /home/diogo/openmc_data/endfb-vii.1-hdf5/neutron/Bk249.h5
 Reading Bk250 from /home/diogo/openmc_data/endfb-vii.1-hdf5/neutron/Bk250.h5
 Reading Cf246 from /home/diogo/openmc_data/endfb-vii.1-hdf5/neutron/Cf246.h5
 Reading Cf248 from /home/diogo/openmc_data/endfb-vii.1-hdf5/neutron/Cf248.h5
 Reading Cf249 from /home/diogo/openmc_data/endfb-vii.1-hdf5/neutron/Cf249.h5
 Reading Cf250 from /home/diogo/openmc_data/endfb-vii.1-hdf5/neutron/Cf250.h5
 WARNING: Negative value(s) found on probability table for nuclide Cf250 at 250K
 WARNING: Negative value(s) found on probability table for nuclide Cf250 at 294K
 WARNING: Negative value(s) found on probability table for nuclide Cf250 at 900K
 WARNING: Negative value(s) found on probability table for nuclide Cf250 at
          1200K
 Reading Cf251 from /home/diogo/openmc_data/endfb-vii.1-hdf5/neutron/Cf251.h5
 Reading Cf252 from /home/diogo/openmc_data/endfb-vii.1-hdf5/neutron/Cf252.h5
 Reading Cf253 from /home/diogo/openmc_data/endfb-vii.1-hdf5/neutron/Cf253.h5
 Reading Cf254 from /home/diogo/openmc_data/endfb-vii.1-hdf5/neutron/Cf254.h5
 Reading Es251 from /home/diogo/openmc_data/endfb-vii.1-hdf5/neutron/Es251.h5
 Reading Es252 from /home/diogo/openmc_data/endfb-vii.1-hdf5/neutron/Es252.h5
 Reading Es253 from /home/diogo/openmc_data/endfb-vii.1-hdf5/neutron/Es253.h5
 Reading Es254 from /home/diogo/openmc_data/endfb-vii.1-hdf5/neutron/Es254.h5
 Reading Es254_m1 from
 /home/diogo/openmc_data/endfb-vii.1-hdf5/neutron/Es254_m1.h5
 Reading Es255 from /home/diogo/openmc_data/endfb-vii.1-hdf5/neutron/Es255.h5
 Reading Fm255 from /home/diogo/openmc_data/endfb-vii.1-hdf5/neutron/Fm255.h5
 Maximum neutron transport energy: 20000000 eV for H1
 Initializing source particles...

 ====================>     K EIGENVALUE SIMULATION     <====================

  Bat./Gen.      k       Entropy         Average k 
  =========   ========   ========   ====================
        1/1    0.98252    5.54292
        2/1    1.02763    5.49835
        3/1    1.02400    5.48949
        4/1    1.03959    5.48246
        5/1    1.02230    5.46809
        6/1    1.05238    5.46069
        7/1    1.03741    5.45991
        8/1    1.04350    5.44877
        9/1    1.04813    5.42730
       10/1    1.05956    5.43209
       11/1    1.06437    5.44091
       12/1    1.04123    5.44005
       13/1    1.04650    5.42993
       14/1    1.04259    5.44250
       15/1    1.04528    5.42536
       16/1    1.05759    5.44304
       17/1    1.04501    5.44784
       18/1    1.04930    5.45872
       19/1    1.04628    5.44660
       20/1    1.04824    5.44896
       21/1    1.06411    5.44784
       22/1    1.05779    5.43797
       23/1    1.03757    5.45460
       24/1    1.03574    5.43077
       25/1    1.06073    5.43376
       26/1    1.04197    5.43684
       27/1    1.04523    5.44468
       28/1    1.04169    5.43978
       29/1    1.04274    5.43909
       30/1    1.04248    5.43701
       31/1    1.06318    5.43824
       32/1    1.04327    5.43676
       33/1    1.05800    5.43451
       34/1    1.05103    5.43931
       35/1    1.06575    5.43824
       36/1    1.05103    5.44102
       37/1    1.06343    5.44475
       38/1    1.05815    5.43769
       39/1    1.03938    5.44319
       40/1    1.04251    5.44725
       41/1    1.04527    5.44416
       42/1    1.05917    5.44693
       43/1    1.03444    5.43442
       44/1    1.04829    5.43595
       45/1    1.05977    5.45273
       46/1    1.03589    5.46058
       47/1    1.03992    5.45301
       48/1    1.06380    5.46271
       49/1    1.04404    5.45578
       50/1    1.06107    5.44991
       51/1    1.04749    5.46638
       52/1    1.05597    5.43424
       53/1    1.06147    5.45698
       54/1    1.05591    5.45166
       55/1    1.03349    5.44680
       56/1    1.03962    5.44600
       57/1    1.04630    5.43324
       58/1    1.03195    5.44400
       59/1    1.04066    5.44678
       60/1    1.04985    5.44852
       61/1    1.03949    5.45490
       62/1    1.05929    5.45229    1.04939 +/- 0.00990
       63/1    1.05737    5.46283    1.05205 +/- 0.00630
       64/1    1.04262    5.46478    1.04969 +/- 0.00504
       65/1    1.05287    5.45192    1.05032 +/- 0.00396
       66/1    1.05153    5.45657    1.05052 +/- 0.00324
       67/1    1.05147    5.45808    1.05066 +/- 0.00274
       68/1    1.04024    5.44860    1.04936 +/- 0.00271
       69/1    1.04852    5.45131    1.04926 +/- 0.00239
       70/1    1.04922    5.43860    1.04926 +/- 0.00214
       71/1    1.05982    5.44339    1.05022 +/- 0.00216
       72/1    1.03562    5.44741    1.04900 +/- 0.00232
       73/1    1.04502    5.42558    1.04870 +/- 0.00215
       74/1    1.05765    5.43502    1.04934 +/- 0.00209
       75/1    1.04738    5.42226    1.04921 +/- 0.00195
       76/1    1.04628    5.44856    1.04902 +/- 0.00184
       77/1    1.05643    5.44141    1.04946 +/- 0.00178
       78/1    1.05005    5.44894    1.04949 +/- 0.00168
       79/1    1.06979    5.44137    1.05056 +/- 0.00191
       80/1    1.05290    5.45308    1.05068 +/- 0.00182
       81/1    1.05219    5.44337    1.05075 +/- 0.00173
       82/1    1.05060    5.44570    1.05074 +/- 0.00165
       83/1    1.05488    5.45824    1.05092 +/- 0.00159
       84/1    1.04011    5.44456    1.05047 +/- 0.00158
       85/1    1.06483    5.44047    1.05105 +/- 0.00163
       86/1    1.04462    5.44199    1.05080 +/- 0.00158
       87/1    1.04758    5.43259    1.05068 +/- 0.00153
       88/1    1.05499    5.43632    1.05083 +/- 0.00148
       89/1    1.04979    5.41565    1.05080 +/- 0.00143
       90/1    1.06853    5.43587    1.05139 +/- 0.00150
       91/1    1.05101    5.43399    1.05138 +/- 0.00145
       92/1    1.06410    5.44169    1.05177 +/- 0.00146
       93/1    1.06707    5.44688    1.05224 +/- 0.00149
       94/1    1.06601    5.44230    1.05264 +/- 0.00150
       95/1    1.05639    5.44148    1.05275 +/- 0.00146
       96/1    1.05953    5.44139    1.05294 +/- 0.00143
       97/1    1.05334    5.42752    1.05295 +/- 0.00139
       98/1    1.05725    5.42325    1.05306 +/- 0.00136
       99/1    1.04913    5.42149    1.05296 +/- 0.00133
      100/1    1.04150    5.42463    1.05267 +/- 0.00133
      101/1    1.03541    5.43243    1.05225 +/- 0.00136
      102/1    1.04922    5.43083    1.05218 +/- 0.00133
      103/1    1.03299    5.42913    1.05174 +/- 0.00137
      104/1    1.04504    5.43400    1.05158 +/- 0.00135
      105/1    1.04867    5.45421    1.05152 +/- 0.00132
      106/1    1.04829    5.45748    1.05145 +/- 0.00129
      107/1    1.06064    5.44132    1.05164 +/- 0.00128
      108/1    1.03024    5.45039    1.05120 +/- 0.00133
      109/1    1.04918    5.45771    1.05116 +/- 0.00130
      110/1    1.05711    5.43845    1.05128 +/- 0.00128
      111/1    1.06427    5.43895    1.05153 +/- 0.00128
      112/1    1.04500    5.42685    1.05140 +/- 0.00127
      113/1    1.05412    5.43434    1.05146 +/- 0.00124
      114/1    1.04388    5.42220    1.05132 +/- 0.00123
      115/1    1.06951    5.43260    1.05165 +/- 0.00125
      116/1    1.05849    5.42479    1.05177 +/- 0.00123
      117/1    1.05092    5.43591    1.05175 +/- 0.00121
      118/1    1.04191    5.43664    1.05158 +/- 0.00120
      119/1    1.05955    5.43674    1.05172 +/- 0.00119
      120/1    1.04670    5.43711    1.05164 +/- 0.00117
      121/1    1.05832    5.43052    1.05175 +/- 0.00116
      122/1    1.06155    5.44201    1.05190 +/- 0.00115
      123/1    1.05109    5.43435    1.05189 +/- 0.00113
      124/1    1.04922    5.43150    1.05185 +/- 0.00111
      125/1    1.02321    5.42179    1.05141 +/- 0.00118
      126/1    1.05776    5.42071    1.05150 +/- 0.00117
      127/1    1.04691    5.42698    1.05144 +/- 0.00115
      128/1    1.03242    5.43365    1.05116 +/- 0.00117
      129/1    1.07029    5.43991    1.05143 +/- 0.00119
      130/1    1.04598    5.43976    1.05136 +/- 0.00117
      131/1    1.06168    5.41871    1.05150 +/- 0.00116
      132/1    1.05761    5.42636    1.05159 +/- 0.00115
      133/1    1.03720    5.42873    1.05139 +/- 0.00115
      134/1    1.06407    5.43279    1.05156 +/- 0.00115
      135/1    1.05503    5.44810    1.05161 +/- 0.00113
      136/1    1.05863    5.43554    1.05170 +/- 0.00112
      137/1    1.04941    5.45455    1.05167 +/- 0.00111
      138/1    1.04906    5.46158    1.05164 +/- 0.00109
      139/1    1.05246    5.44195    1.05165 +/- 0.00108
      140/1    1.04192    5.44401    1.05152 +/- 0.00107
      141/1    1.04088    5.44459    1.05139 +/- 0.00107
      142/1    1.05605    5.44302    1.05145 +/- 0.00106
      143/1    1.05607    5.44649    1.05151 +/- 0.00105
      144/1    1.07435    5.44830    1.05178 +/- 0.00107
      145/1    1.04925    5.43124    1.05175 +/- 0.00106
      146/1    1.04760    5.42808    1.05170 +/- 0.00105
      147/1    1.05274    5.44431    1.05171 +/- 0.00103
      148/1    1.05700    5.44292    1.05177 +/- 0.00102
      149/1    1.03660    5.43895    1.05160 +/- 0.00103
      150/1    1.07510    5.43232    1.05186 +/- 0.00105
      151/1    1.05414    5.43626    1.05189 +/- 0.00104
      152/1    1.04883    5.44909    1.05185 +/- 0.00103
      153/1    1.05719    5.44344    1.05191 +/- 0.00102
      154/1    1.06487    5.45612    1.05205 +/- 0.00101
      155/1    1.06052    5.45057    1.05214 +/- 0.00101
      156/1    1.05483    5.44455    1.05217 +/- 0.00100
      157/1    1.07864    5.43432    1.05244 +/- 0.00102
      158/1    1.02987    5.44815    1.05221 +/- 0.00104
      159/1    1.04804    5.45724    1.05217 +/- 0.00103
      160/1    1.05265    5.44289    1.05217 +/- 0.00102
 Creating state point statepoint.160.h5...

 =======================>     TIMING STATISTICS     <=======================

 Total time for initialization     = 5.2802e+01 seconds
   Reading cross sections          = 7.7414e+00 seconds
 Total time in simulation          = 3.2022e+02 seconds
   Time in transport only          = 3.1896e+02 seconds
   Time in inactive batches        = 9.8514e+00 seconds
   Time in active batches          = 3.1037e+02 seconds
   Time synchronizing fission bank = 2.7867e-01 seconds
     Sampling source sites         = 2.3944e-01 seconds
     SEND/RECV source sites        = 3.8507e-02 seconds
   Time accumulating tallies       = 7.2334e-01 seconds
   Time writing statepoints        = 2.0052e-02 seconds
 Total time for finalization       = 1.8208e-02 seconds
 Total time elapsed                = 3.7349e+02 seconds
 Calculation Rate (inactive)       = 121811 particles/second
 Calculation Rate (active)         = 6443.98 particles/second

 ============================>     RESULTS     <============================

 k-effective (Collision)     = 1.05152 +/- 0.00086
 k-effective (Track-length)  = 1.05217 +/- 0.00102
 k-effective (Absorption)    = 1.05057 +/- 0.00070
 Combined k-effective        = 1.05093 +/- 0.00064
 Leakage Fraction            = 0.00674 +/- 0.00006

 Creating state point openmc_simulation_n0.h5...
[openmc.deplete] t=4327203.051553669 s, dt=8654406.103107339 s, source=47773107.16002765
 Maximum neutron transport energy: 20000000 eV for H1
 Initializing source particles...

 ====================>     K EIGENVALUE SIMULATION     <====================

  Bat./Gen.      k       Entropy         Average k 
  =========   ========   ========   ====================
        1/1    0.96904    5.53375
        2/1    1.00161    5.50585
        3/1    1.02464    5.49378
        4/1    0.98483    5.48269
        5/1    1.01153    5.46984
        6/1    1.02205    5.46473
        7/1    1.02070    5.46581
        8/1    1.02755    5.44434
        9/1    1.02894    5.44904
       10/1    1.01227    5.44646
       11/1    1.03970    5.44575
       12/1    1.01948    5.42864
       13/1    1.03245    5.44207
       14/1    1.02105    5.44101
       15/1    1.01815    5.44231
       16/1    1.02495    5.45380
       17/1    1.02682    5.46024
       18/1    1.01814    5.45760
       19/1    1.03509    5.45410
       20/1    1.02290    5.45458
       21/1    1.03697    5.45050
       22/1    1.03570    5.44915
       23/1    1.05650    5.45115
       24/1    1.02259    5.46009
       25/1    1.03759    5.47377
       26/1    1.02309    5.45014
       27/1    1.03298    5.46131
       28/1    1.02297    5.46882
       29/1    1.02210    5.46194
       30/1    1.03042    5.46350
       31/1    1.01146    5.46666
       32/1    1.02415    5.44432
       33/1    1.05746    5.43610
       34/1    1.03223    5.45048
       35/1    1.05008    5.45430
       36/1    1.02506    5.44306
       37/1    1.02782    5.43719
       38/1    1.01592    5.44515
       39/1    1.03028    5.45583
       40/1    1.03812    5.45221
       41/1    1.01834    5.45340
       42/1    1.01630    5.45376
       43/1    1.02634    5.46560
       44/1    1.05182    5.44015
       45/1    1.02781    5.44581
       46/1    1.03583    5.44239
       47/1    1.03557    5.45290
       48/1    1.02777    5.44285
       49/1    1.03327    5.43873
       50/1    1.02366    5.43602
       51/1    1.02438    5.43775
       52/1    1.04208    5.44389
       53/1    1.02707    5.43975
       54/1    1.03578    5.45231
       55/1    1.03945    5.43584
       56/1    1.03189    5.44932
       57/1    1.02846    5.43947
       58/1    1.02602    5.44694
       59/1    1.03120    5.44323
       60/1    1.01876    5.46068
       61/1    1.03305    5.45377
       62/1    1.00866    5.43485    1.02086 +/- 0.01219
       63/1    1.02276    5.44190    1.02149 +/- 0.00707
       64/1    1.03994    5.44353    1.02610 +/- 0.00680
       65/1    1.03882    5.45558    1.02865 +/- 0.00585
       66/1    1.03124    5.45447    1.02908 +/- 0.00480
       67/1    1.03246    5.44837    1.02956 +/- 0.00408
       68/1    1.02577    5.44429    1.02909 +/- 0.00357
       69/1    1.02510    5.44707    1.02864 +/- 0.00318
       70/1    1.03766    5.44958    1.02955 +/- 0.00298
       71/1    1.04892    5.45136    1.03131 +/- 0.00322
       72/1    1.04038    5.45200    1.03206 +/- 0.00304
       73/1    1.02356    5.45193    1.03141 +/- 0.00287
       74/1    1.02423    5.44400    1.03090 +/- 0.00270
       75/1    1.02511    5.46727    1.03051 +/- 0.00255
       76/1    1.03484    5.45507    1.03078 +/- 0.00240
       77/1    1.02085    5.46295    1.03020 +/- 0.00233
       78/1    1.03059    5.46277    1.03022 +/- 0.00219
       79/1    1.04377    5.45199    1.03093 +/- 0.00219
       80/1    1.03734    5.42249    1.03125 +/- 0.00211
       81/1    1.02801    5.43376    1.03110 +/- 0.00201
       82/1    1.04321    5.43993    1.03165 +/- 0.00199
       83/1    1.04324    5.46281    1.03215 +/- 0.00197
       84/1    1.03960    5.45385    1.03246 +/- 0.00191
       85/1    1.02193    5.44549    1.03204 +/- 0.00188
       86/1    1.03713    5.46119    1.03224 +/- 0.00182
       87/1    1.03428    5.45966    1.03231 +/- 0.00175
       88/1    1.04682    5.45396    1.03283 +/- 0.00177
       89/1    1.01663    5.45599    1.03227 +/- 0.00179
       90/1    1.02965    5.45440    1.03219 +/- 0.00173
       91/1    1.04432    5.44627    1.03258 +/- 0.00172
       92/1    1.04160    5.44642    1.03286 +/- 0.00169
       93/1    1.02282    5.44671    1.03255 +/- 0.00167
       94/1    1.02992    5.44454    1.03248 +/- 0.00162
       95/1    1.03711    5.44425    1.03261 +/- 0.00158
       96/1    1.02451    5.45851    1.03238 +/- 0.00155
       97/1    1.03249    5.46451    1.03239 +/- 0.00151
       98/1    1.01408    5.45593    1.03191 +/- 0.00154
       99/1    1.01877    5.45134    1.03157 +/- 0.00154
      100/1    1.02298    5.46803    1.03135 +/- 0.00152
      101/1    1.01722    5.46788    1.03101 +/- 0.00152
      102/1    1.01732    5.45674    1.03068 +/- 0.00152
      103/1    1.01506    5.45858    1.03032 +/- 0.00153
      104/1    1.03901    5.44491    1.03052 +/- 0.00150
      105/1    1.03247    5.45568    1.03056 +/- 0.00147
      106/1    1.03349    5.43393    1.03062 +/- 0.00144
      107/1    1.02427    5.45949    1.03049 +/- 0.00142
      108/1    1.02935    5.45565    1.03047 +/- 0.00139
      109/1    1.02309    5.46025    1.03032 +/- 0.00137
      110/1    1.03387    5.45140    1.03039 +/- 0.00134
      111/1    1.01803    5.45089    1.03014 +/- 0.00134
      112/1    1.03833    5.44206    1.03030 +/- 0.00132
      113/1    1.04463    5.45744    1.03057 +/- 0.00132
      114/1    1.02403    5.44267    1.03045 +/- 0.00130
      115/1    1.02686    5.43729    1.03039 +/- 0.00128
      116/1    1.04135    5.44166    1.03058 +/- 0.00127
      117/1    1.02745    5.45196    1.03053 +/- 0.00125
      118/1    1.04052    5.43569    1.03070 +/- 0.00124
      119/1    1.02635    5.43858    1.03062 +/- 0.00122
      120/1    1.01251    5.42450    1.03032 +/- 0.00124
      121/1    1.03700    5.44453    1.03043 +/- 0.00122
      122/1    1.03601    5.43240    1.03052 +/- 0.00121
      123/1    1.02155    5.44216    1.03038 +/- 0.00120
      124/1    1.03564    5.44017    1.03046 +/- 0.00118
      125/1    1.03062    5.44162    1.03046 +/- 0.00116
      126/1    1.03700    5.43434    1.03056 +/- 0.00115
      127/1    1.02996    5.44192    1.03055 +/- 0.00113
      128/1    1.04773    5.45061    1.03081 +/- 0.00114
      129/1    1.02368    5.44764    1.03070 +/- 0.00113
      130/1    1.02932    5.45005    1.03068 +/- 0.00112
      131/1    1.03187    5.44979    1.03070 +/- 0.00110
      132/1    1.02504    5.44507    1.03062 +/- 0.00109
      133/1    1.02864    5.44601    1.03060 +/- 0.00107
      134/1    1.02278    5.43815    1.03049 +/- 0.00106
      135/1    1.01815    5.45010    1.03032 +/- 0.00106
      136/1    1.00589    5.43912    1.03000 +/- 0.00110
      137/1    1.02676    5.44841    1.02996 +/- 0.00108
      138/1    1.01680    5.45313    1.02979 +/- 0.00108
      139/1    1.02071    5.44692    1.02968 +/- 0.00107
      140/1    1.02981    5.43946    1.02968 +/- 0.00106
      141/1    1.04485    5.45416    1.02987 +/- 0.00106
      142/1    1.03229    5.44291    1.02990 +/- 0.00105
      143/1    1.02693    5.44686    1.02986 +/- 0.00104
      144/1    1.02636    5.44135    1.02982 +/- 0.00103
      145/1    1.02932    5.44411    1.02981 +/- 0.00102
      146/1    1.03673    5.43837    1.02989 +/- 0.00101
      147/1    1.03118    5.44260    1.02991 +/- 0.00100
      148/1    1.04265    5.43951    1.03005 +/- 0.00099
      149/1    1.01668    5.43197    1.02990 +/- 0.00099
      150/1    1.03494    5.43780    1.02996 +/- 0.00098
      151/1    1.02693    5.44207    1.02993 +/- 0.00097
      152/1    1.03190    5.44095    1.02995 +/- 0.00096
      153/1    1.02869    5.43752    1.02993 +/- 0.00095
      154/1    1.02251    5.45846    1.02985 +/- 0.00095
      155/1    1.03246    5.45415    1.02988 +/- 0.00094
      156/1    1.04167    5.45085    1.03000 +/- 0.00094
      157/1    1.02804    5.45011    1.02998 +/- 0.00093
      158/1    1.03366    5.45916    1.03002 +/- 0.00092
      159/1    1.00218    5.45487    1.02974 +/- 0.00095
      160/1    1.02051    5.45539    1.02965 +/- 0.00095
 Creating state point statepoint.160.h5...

 =======================>     TIMING STATISTICS     <=======================

 Total time for initialization     = 0.0000e+00 seconds
   Reading cross sections          = 0.0000e+00 seconds
 Total time in simulation          = 3.6535e+02 seconds
   Time in transport only          = 3.6415e+02 seconds
   Time in inactive batches        = 1.0689e+02 seconds
   Time in active batches          = 2.5846e+02 seconds
   Time synchronizing fission bank = 3.0086e-01 seconds
     Sampling source sites         = 2.6045e-01 seconds
     SEND/RECV source sites        = 3.9632e-02 seconds
   Time accumulating tallies       = 6.2546e-01 seconds
   Time writing statepoints        = 1.4744e-02 seconds
 Total time for finalization       = 1.0930e-02 seconds
 Total time elapsed                = 3.6598e+02 seconds
 Calculation Rate (inactive)       = 11226.5 particles/second
 Calculation Rate (active)         = 7738.24 particles/second

 ============================>     RESULTS     <============================

 k-effective (Collision)     = 1.03030 +/- 0.00078
 k-effective (Track-length)  = 1.02965 +/- 0.00095
 k-effective (Absorption)    = 1.02928 +/- 0.00091
 Combined k-effective        = 1.02983 +/- 0.00073
 Leakage Fraction            = 0.00693 +/- 0.00006

 Creating state point openmc_simulation_n1.h5...
[openmc.deplete] t=12981609.154661007 s, dt=17308812.206214678 s, source=47773107.16002765
 Maximum neutron transport energy: 20000000 eV for H1
 Initializing source particles...

 ====================>     K EIGENVALUE SIMULATION     <====================

  Bat./Gen.      k       Entropy         Average k 
  =========   ========   ========   ====================
        1/1    0.97154    5.53843
        2/1    0.98981    5.51404
        3/1    1.00368    5.48524
        4/1    1.00463    5.47988
        5/1    1.00979    5.46049
        6/1    1.01204    5.45883
        7/1    1.03813    5.45675
        8/1    1.02257    5.45441
        9/1    1.03084    5.45680
       10/1    1.02412    5.43660
       11/1    1.02335    5.44091
       12/1    1.01946    5.44316
       13/1    1.03143    5.44090
       14/1    1.03908    5.44248
       15/1    1.03470    5.44700
       16/1    1.03276    5.43951
       17/1    1.01641    5.42875
       18/1    1.03484    5.43809
       19/1    1.02842    5.43084
       20/1    1.02930    5.43562
       21/1    1.03916    5.43888
       22/1    1.02526    5.44803
       23/1    1.04255    5.44364
       24/1    1.03848    5.44519
       25/1    1.03259    5.44612
       26/1    1.04100    5.44581
       27/1    1.02152    5.44180
       28/1    1.01877    5.43261
       29/1    1.03722    5.42392
       30/1    1.03329    5.43892
       31/1    1.03421    5.43139
       32/1    1.01898    5.44752
       33/1    1.01627    5.44214
       34/1    1.03013    5.43312
       35/1    1.03634    5.43948
       36/1    1.05099    5.43991
       37/1    1.04207    5.43565
       38/1    1.02992    5.44419
       39/1    1.03199    5.44401
       40/1    1.03182    5.43801
       41/1    1.03300    5.43566
       42/1    1.02480    5.42917
       43/1    1.02711    5.43052
       44/1    1.03251    5.44207
       45/1    1.01413    5.43862
       46/1    1.04132    5.42642
       47/1    1.01317    5.43456
       48/1    1.02139    5.42830
       49/1    1.04159    5.45010
       50/1    1.02250    5.43337
       51/1    1.01915    5.43922
       52/1    1.02552    5.43867
       53/1    1.03542    5.45412
       54/1    1.02097    5.43607
       55/1    1.02268    5.44536
       56/1    1.01999    5.42790
       57/1    1.02792    5.44769
       58/1    1.01483    5.45791
       59/1    1.02418    5.44996
       60/1    1.02891    5.44130
       61/1    1.03184    5.44691
       62/1    1.02954    5.43657    1.03069 +/- 0.00115
       63/1    1.01443    5.45023    1.02527 +/- 0.00546
       64/1    1.03224    5.46791    1.02701 +/- 0.00424
       65/1    1.03058    5.44158    1.02772 +/- 0.00336
       66/1    1.02033    5.45803    1.02649 +/- 0.00301
       67/1    1.01899    5.45063    1.02542 +/- 0.00276
       68/1    1.03134    5.43761    1.02616 +/- 0.00250
       69/1    1.04165    5.45124    1.02788 +/- 0.00280
       70/1    1.03266    5.45984    1.02836 +/- 0.00255
       71/1    1.03637    5.47295    1.02909 +/- 0.00242
       72/1    1.01972    5.45200    1.02831 +/- 0.00234
       73/1    1.03045    5.46000    1.02847 +/- 0.00216
       74/1    1.04593    5.44570    1.02972 +/- 0.00236
       75/1    1.02280    5.45032    1.02926 +/- 0.00224
       76/1    1.01267    5.44478    1.02822 +/- 0.00234
       77/1    1.02206    5.44687    1.02786 +/- 0.00223
       78/1    1.02171    5.43048    1.02752 +/- 0.00213
       79/1    1.02835    5.42759    1.02756 +/- 0.00201
       80/1    1.02216    5.42677    1.02729 +/- 0.00193
       81/1    1.02757    5.43765    1.02730 +/- 0.00183
       82/1    1.01572    5.42920    1.02678 +/- 0.00183
       83/1    1.04144    5.44192    1.02742 +/- 0.00186
       84/1    1.02883    5.44024    1.02747 +/- 0.00178
       85/1    1.02926    5.43210    1.02755 +/- 0.00171
       86/1    1.02277    5.44133    1.02736 +/- 0.00165
       87/1    1.01820    5.44089    1.02702 +/- 0.00163
       88/1    1.02379    5.44576    1.02691 +/- 0.00157
       89/1    1.02453    5.43749    1.02683 +/- 0.00152
       90/1    1.03500    5.44529    1.02710 +/- 0.00149
       91/1    1.03387    5.45316    1.02732 +/- 0.00146
       92/1    1.02636    5.43861    1.02729 +/- 0.00141
       93/1    1.02108    5.42941    1.02710 +/- 0.00138
       94/1    1.03824    5.43629    1.02743 +/- 0.00138
       95/1    1.03065    5.43962    1.02752 +/- 0.00134
       96/1    1.02834    5.44908    1.02754 +/- 0.00131
       97/1    1.04287    5.45570    1.02796 +/- 0.00134
       98/1    1.03421    5.45493    1.02812 +/- 0.00131
       99/1    1.02940    5.43623    1.02815 +/- 0.00128
      100/1    1.03404    5.44378    1.02830 +/- 0.00125
      101/1    1.01888    5.43541    1.02807 +/- 0.00124
      102/1    1.01895    5.45209    1.02785 +/- 0.00123
      103/1    1.02106    5.44821    1.02769 +/- 0.00121
      104/1    1.02980    5.44818    1.02774 +/- 0.00119
      105/1    1.02871    5.44758    1.02776 +/- 0.00116
      106/1    1.01567    5.45165    1.02750 +/- 0.00117
      107/1    1.02169    5.45681    1.02738 +/- 0.00115
      108/1    1.01720    5.43846    1.02717 +/- 0.00114
      109/1    1.03803    5.45971    1.02739 +/- 0.00114
      110/1    1.03537    5.44021    1.02755 +/- 0.00113
      111/1    1.03979    5.43818    1.02779 +/- 0.00113
      112/1    1.04341    5.43640    1.02809 +/- 0.00115
      113/1    1.02984    5.43732    1.02812 +/- 0.00113
      114/1    1.03458    5.43385    1.02824 +/- 0.00111
      115/1    1.02988    5.43804    1.02827 +/- 0.00109
      116/1    1.05190    5.42775    1.02869 +/- 0.00115
      117/1    1.03070    5.43546    1.02873 +/- 0.00113
      118/1    1.02513    5.43410    1.02866 +/- 0.00112
      119/1    1.02201    5.43142    1.02855 +/- 0.00110
      120/1    1.02497    5.42712    1.02849 +/- 0.00109
      121/1    1.03543    5.43917    1.02861 +/- 0.00107
      122/1    1.02625    5.43172    1.02857 +/- 0.00106
      123/1    1.04431    5.42022    1.02882 +/- 0.00107
      124/1    1.03122    5.41502    1.02886 +/- 0.00105
      125/1    1.04359    5.42843    1.02908 +/- 0.00106
      126/1    1.03385    5.44691    1.02915 +/- 0.00105
      127/1    1.03136    5.44792    1.02919 +/- 0.00103
      128/1    1.02520    5.43756    1.02913 +/- 0.00102
      129/1    1.03277    5.45423    1.02918 +/- 0.00101
      130/1    1.03207    5.45606    1.02922 +/- 0.00099
      131/1    1.02974    5.45479    1.02923 +/- 0.00098
      132/1    1.02903    5.44460    1.02923 +/- 0.00096
      133/1    1.02642    5.44812    1.02919 +/- 0.00095
      134/1    1.03552    5.44232    1.02927 +/- 0.00094
      135/1    1.02682    5.45603    1.02924 +/- 0.00093
      136/1    1.02474    5.44455    1.02918 +/- 0.00092
      137/1    1.02471    5.43488    1.02912 +/- 0.00091
      138/1    1.03041    5.44257    1.02914 +/- 0.00090
      139/1    1.02147    5.41993    1.02904 +/- 0.00089
      140/1    1.04060    5.43852    1.02919 +/- 0.00089
      141/1    1.02569    5.45110    1.02914 +/- 0.00088
      142/1    1.02638    5.44620    1.02911 +/- 0.00087
      143/1    1.02064    5.44307    1.02901 +/- 0.00087
      144/1    1.03230    5.44206    1.02905 +/- 0.00086
      145/1    1.02487    5.45457    1.02900 +/- 0.00085
      146/1    1.04655    5.44598    1.02920 +/- 0.00086
      147/1    1.01872    5.44872    1.02908 +/- 0.00086
      148/1    1.02518    5.45256    1.02904 +/- 0.00085
      149/1    1.01589    5.44218    1.02889 +/- 0.00086
      150/1    1.02680    5.43768    1.02887 +/- 0.00085
      151/1    1.03803    5.45660    1.02897 +/- 0.00085
      152/1    1.03004    5.45165    1.02898 +/- 0.00084
      153/1    1.04274    5.44838    1.02913 +/- 0.00084
      154/1    1.02384    5.45226    1.02907 +/- 0.00083
      155/1    1.02426    5.45217    1.02902 +/- 0.00083
      156/1    1.02220    5.45843    1.02895 +/- 0.00082
      157/1    1.03458    5.44787    1.02901 +/- 0.00081
      158/1    1.02374    5.45006    1.02895 +/- 0.00081
      159/1    1.03149    5.45143    1.02898 +/- 0.00080
      160/1    1.02678    5.44415    1.02896 +/- 0.00079
 Creating state point statepoint.160.h5...

 =======================>     TIMING STATISTICS     <=======================

 Total time for initialization     = 0.0000e+00 seconds
   Reading cross sections          = 0.0000e+00 seconds
 Total time in simulation          = 3.5889e+02 seconds
   Time in transport only          = 3.5778e+02 seconds
   Time in inactive batches        = 1.0425e+02 seconds
   Time in active batches          = 2.5464e+02 seconds
   Time synchronizing fission bank = 2.9658e-01 seconds
     Sampling source sites         = 2.5852e-01 seconds
     SEND/RECV source sites        = 3.7300e-02 seconds
   Time accumulating tallies       = 5.2729e-01 seconds
   Time writing statepoints        = 2.3110e-02 seconds
 Total time for finalization       = 1.9370e-02 seconds
 Total time elapsed                = 3.5940e+02 seconds
 Calculation Rate (inactive)       = 11511.1 particles/second
 Calculation Rate (active)         = 7854.24 particles/second

 ============================>     RESULTS     <============================

 k-effective (Collision)     = 1.02805 +/- 0.00070
 k-effective (Track-length)  = 1.02896 +/- 0.00079
 k-effective (Absorption)    = 1.02752 +/- 0.00065
 Combined k-effective        = 1.02804 +/- 0.00057
 Leakage Fraction            = 0.00686 +/- 0.00006

 Creating state point openmc_simulation_n2.h5...
[openmc.deplete] t=30290421.360875685 s, dt=34617624.412429355 s, source=47773107.16002765
 Maximum neutron transport energy: 20000000 eV for H1
 Initializing source particles...

 ====================>     K EIGENVALUE SIMULATION     <====================

  Bat./Gen.      k       Entropy         Average k 
  =========   ========   ========   ====================
        1/1    0.96200    5.53904
        2/1    0.99213    5.50657
        3/1    0.98699    5.49398
        4/1    1.01748    5.47013
        5/1    1.01990    5.46776
        6/1    1.02106    5.46747
        7/1    1.03474    5.45169
        8/1    1.01315    5.45414
        9/1    1.01731    5.44963
       10/1    1.00952    5.43936
       11/1    1.02565    5.44702
       12/1    1.04818    5.44616
       13/1    1.02950    5.44725
       14/1    1.03143    5.44687
       15/1    1.02661    5.44749
       16/1    1.02657    5.44327
       17/1    1.01914    5.44150
       18/1    1.03670    5.43219
       19/1    1.02373    5.43539
       20/1    1.02681    5.43556
       21/1    1.02579    5.44274
       22/1    1.03232    5.44602
       23/1    1.03166    5.44214
       24/1    1.02740    5.44287
       25/1    1.02613    5.44529
       26/1    1.03444    5.44763
       27/1    1.02623    5.44500
       28/1    1.01717    5.43822
       29/1    1.01983    5.43565
       30/1    1.03275    5.43488
       31/1    1.03196    5.43291
       32/1    1.02472    5.43749
       33/1    1.02550    5.43570
       34/1    1.01754    5.42910
       35/1    1.02402    5.43888
       36/1    1.03224    5.42846
       37/1    1.01432    5.42876
       38/1    1.02275    5.43627
       39/1    1.02307    5.43409
       40/1    1.03959    5.43117
       41/1    1.03097    5.43987
       42/1    1.02188    5.43755
       43/1    1.03056    5.43902
       44/1    1.04355    5.45803
       45/1    1.01903    5.45245
       46/1    1.01432    5.43502
       47/1    1.02302    5.43468
       48/1    1.01996    5.43922
       49/1    1.03775    5.45074
       50/1    1.02549    5.43176
       51/1    1.04923    5.44357
       52/1    1.03135    5.44476
       53/1    1.02399    5.44778
       54/1    1.03258    5.43076
       55/1    1.03759    5.42828
       56/1    1.03642    5.42715
       57/1    1.02887    5.44091
       58/1    1.01144    5.44588
       59/1    1.02101    5.44621
       60/1    1.04088    5.45653
       61/1    1.01533    5.43626
       62/1    1.02768    5.44424    1.02151 +/- 0.00618
       63/1    1.02233    5.45148    1.02178 +/- 0.00358
       64/1    1.02372    5.43368    1.02227 +/- 0.00257
       65/1    1.02488    5.42658    1.02279 +/- 0.00206
       66/1    1.02927    5.43246    1.02387 +/- 0.00200
       67/1    1.02959    5.45079    1.02469 +/- 0.00188
       68/1    1.02817    5.44331    1.02512 +/- 0.00168
       69/1    1.02964    5.44483    1.02562 +/- 0.00157
       70/1    1.02617    5.45119    1.02568 +/- 0.00140
       71/1    1.04371    5.44418    1.02732 +/- 0.00207
       72/1    1.02714    5.44356    1.02730 +/- 0.00189
       73/1    1.02704    5.44105    1.02728 +/- 0.00174
       74/1    1.02033    5.44180    1.02679 +/- 0.00169
       75/1    1.01796    5.43238    1.02620 +/- 0.00168
       76/1    1.04491    5.44333    1.02737 +/- 0.00196
       77/1    1.02597    5.43762    1.02729 +/- 0.00184
       78/1    1.02609    5.43485    1.02722 +/- 0.00174
       79/1    1.04562    5.44689    1.02819 +/- 0.00191
       80/1    1.01483    5.44608    1.02752 +/- 0.00193
       81/1    1.02674    5.43848    1.02748 +/- 0.00183
       82/1    1.02457    5.43848    1.02735 +/- 0.00175
       83/1    1.00200    5.44606    1.02625 +/- 0.00201
       84/1    1.02796    5.45073    1.02632 +/- 0.00192
       85/1    1.01124    5.46398    1.02572 +/- 0.00194
       86/1    1.03720    5.46249    1.02616 +/- 0.00191
       87/1    1.03470    5.45426    1.02647 +/- 0.00187
       88/1    1.03047    5.45053    1.02662 +/- 0.00181
       89/1    1.02483    5.43961    1.02656 +/- 0.00174
       90/1    1.02819    5.43981    1.02661 +/- 0.00169
       91/1    1.03791    5.43883    1.02697 +/- 0.00167
       92/1    1.02210    5.44620    1.02682 +/- 0.00163
       93/1    1.01991    5.43893    1.02661 +/- 0.00159
       94/1    1.03733    5.44038    1.02693 +/- 0.00157
       95/1    1.03473    5.45034    1.02715 +/- 0.00154
       96/1    1.03026    5.44784    1.02724 +/- 0.00150
       97/1    1.02619    5.44591    1.02721 +/- 0.00146
       98/1    1.02257    5.43973    1.02709 +/- 0.00143
       99/1    1.00807    5.44035    1.02660 +/- 0.00147
      100/1    1.03019    5.45215    1.02669 +/- 0.00144
      101/1    1.04115    5.45318    1.02704 +/- 0.00145
      102/1    1.00671    5.44693    1.02656 +/- 0.00149
      103/1    1.02865    5.44753    1.02661 +/- 0.00146
      104/1    1.02871    5.45340    1.02665 +/- 0.00143
      105/1    1.03430    5.44097    1.02682 +/- 0.00140
      106/1    1.02836    5.43463    1.02686 +/- 0.00137
      107/1    1.00808    5.45046    1.02646 +/- 0.00140
      108/1    1.03409    5.43853    1.02662 +/- 0.00138
      109/1    1.01509    5.44152    1.02638 +/- 0.00137
      110/1    1.03470    5.45177    1.02655 +/- 0.00136
      111/1    1.01146    5.43560    1.02625 +/- 0.00136
      112/1    1.04205    5.43485    1.02656 +/- 0.00137
      113/1    1.03194    5.44422    1.02666 +/- 0.00135
      114/1    1.02873    5.43717    1.02670 +/- 0.00132
      115/1    1.03739    5.43058    1.02689 +/- 0.00131
      116/1    1.02530    5.43267    1.02686 +/- 0.00129
      117/1    1.02581    5.43418    1.02684 +/- 0.00127
      118/1    1.03527    5.44851    1.02699 +/- 0.00125
      119/1    1.03134    5.44709    1.02706 +/- 0.00123
      120/1    1.03241    5.45535    1.02715 +/- 0.00122
      121/1    1.01562    5.44941    1.02696 +/- 0.00121
      122/1    1.01349    5.44938    1.02675 +/- 0.00121
      123/1    1.03010    5.44068    1.02680 +/- 0.00119
      124/1    1.03851    5.43481    1.02698 +/- 0.00119
      125/1    1.02600    5.43194    1.02697 +/- 0.00117
      126/1    1.01358    5.43731    1.02676 +/- 0.00117
      127/1    1.03465    5.43712    1.02688 +/- 0.00116
      128/1    1.04034    5.42431    1.02708 +/- 0.00116
      129/1    1.02337    5.43188    1.02703 +/- 0.00114
      130/1    1.02102    5.43119    1.02694 +/- 0.00113
      131/1    1.02517    5.43371    1.02691 +/- 0.00111
      132/1    1.02912    5.44324    1.02695 +/- 0.00110
      133/1    1.01958    5.44265    1.02684 +/- 0.00109
      134/1    1.03528    5.43563    1.02696 +/- 0.00108
      135/1    1.00284    5.46023    1.02664 +/- 0.00111
      136/1    1.01702    5.43284    1.02651 +/- 0.00111
      137/1    1.03721    5.42202    1.02665 +/- 0.00110
      138/1    1.03871    5.42105    1.02680 +/- 0.00110
      139/1    1.02574    5.41517    1.02679 +/- 0.00108
      140/1    1.01277    5.43369    1.02661 +/- 0.00108
      141/1    1.02453    5.43707    1.02659 +/- 0.00107
      142/1    1.03878    5.43409    1.02674 +/- 0.00107
      143/1    1.03716    5.43277    1.02686 +/- 0.00106
      144/1    1.03302    5.42253    1.02694 +/- 0.00105
      145/1    1.01284    5.43301    1.02677 +/- 0.00105
      146/1    1.02499    5.41367    1.02675 +/- 0.00104
      147/1    1.02856    5.42729    1.02677 +/- 0.00103
      148/1    1.02285    5.41691    1.02673 +/- 0.00102
      149/1    1.03162    5.42201    1.02678 +/- 0.00101
      150/1    1.02335    5.42751    1.02674 +/- 0.00100
      151/1    1.03872    5.41821    1.02687 +/- 0.00099
      152/1    1.03316    5.42163    1.02694 +/- 0.00099
      153/1    1.02141    5.43375    1.02688 +/- 0.00098
      154/1    1.02514    5.43479    1.02687 +/- 0.00097
      155/1    1.02858    5.44084    1.02688 +/- 0.00096
      156/1    1.02557    5.45109    1.02687 +/- 0.00095
      157/1    1.02833    5.43778    1.02688 +/- 0.00094
      158/1    1.02106    5.45347    1.02683 +/- 0.00093
      159/1    1.01961    5.44153    1.02675 +/- 0.00092
      160/1    1.02252    5.44007    1.02671 +/- 0.00091
 Creating state point statepoint.160.h5...

 =======================>     TIMING STATISTICS     <=======================

 Total time for initialization     = 0.0000e+00 seconds
   Reading cross sections          = 0.0000e+00 seconds
 Total time in simulation          = 3.5656e+02 seconds
   Time in transport only          = 3.5544e+02 seconds
   Time in inactive batches        = 1.0242e+02 seconds
   Time in active batches          = 2.5414e+02 seconds
   Time synchronizing fission bank = 2.9234e-01 seconds
     Sampling source sites         = 2.5479e-01 seconds
     SEND/RECV source sites        = 3.6792e-02 seconds
   Time accumulating tallies       = 5.5512e-01 seconds
   Time writing statepoints        = 1.2406e-02 seconds
 Total time for finalization       = 1.1510e-02 seconds
 Total time elapsed                = 3.5707e+02 seconds
 Calculation Rate (inactive)       = 11716 particles/second
 Calculation Rate (active)         = 7869.71 particles/second

 ============================>     RESULTS     <============================

 k-effective (Collision)     = 1.02693 +/- 0.00079
 k-effective (Track-length)  = 1.02671 +/- 0.00091
 k-effective (Absorption)    = 1.02798 +/- 0.00074
 Combined k-effective        = 1.02747 +/- 0.00067
 Leakage Fraction            = 0.00683 +/- 0.00006

 Creating state point openmc_simulation_n3.h5...
[openmc.deplete] t=64908045.77330504 s, dt=51926436.61864404 s, source=47773107.16002765
 Maximum neutron transport energy: 20000000 eV for H1
 Initializing source particles...

 ====================>     K EIGENVALUE SIMULATION     <====================

  Bat./Gen.      k       Entropy         Average k 
  =========   ========   ========   ====================
        1/1    0.95630    5.54622
        2/1    1.00057    5.50675
        3/1    1.00007    5.48466
        4/1    1.00463    5.46919
        5/1    1.01148    5.47045
        6/1    1.01598    5.45693
        7/1    1.02355    5.47319
        8/1    1.03300    5.47152
        9/1    1.03042    5.45340
       10/1    1.02646    5.45747
       11/1    1.02068    5.45550
       12/1    1.03183    5.44308
       13/1    1.02723    5.44353
       14/1    1.03944    5.43213
       15/1    1.02327    5.44848
       16/1    1.02859    5.44247
       17/1    1.02289    5.42643
       18/1    1.04289    5.44499
       19/1    1.03687    5.45567
       20/1    1.00267    5.44417
       21/1    1.02628    5.43738
       22/1    1.01549    5.43556
       23/1    1.02536    5.43917
       24/1    1.01390    5.42125
       25/1    1.03347    5.43009
       26/1    1.01811    5.44035
       27/1    1.02148    5.42445
       28/1    1.05422    5.42351
       29/1    1.03491    5.42573
       30/1    1.03608    5.42442
       31/1    1.02840    5.41665
       32/1    1.02445    5.43073
       33/1    1.02894    5.41638
       34/1    1.04264    5.42900
       35/1    1.03466    5.42353
       36/1    1.02473    5.42231
       37/1    1.03009    5.42022
       38/1    1.02940    5.42451
       39/1    1.02269    5.40435
       40/1    1.02307    5.41401
       41/1    1.02371    5.41240
       42/1    1.04101    5.42001
       43/1    1.02654    5.43660
       44/1    1.03170    5.42487
       45/1    1.01556    5.42909
       46/1    1.01900    5.43563
       47/1    1.03062    5.43474
       48/1    1.03132    5.43811
       49/1    1.03021    5.43287
       50/1    1.02820    5.45659
       51/1    1.01458    5.44061
       52/1    1.02585    5.45175
       53/1    1.02359    5.43250
       54/1    1.03003    5.43947
       55/1    1.02871    5.43750
       56/1    1.04485    5.43207
       57/1    1.02942    5.43938
       58/1    1.02910    5.40296
       59/1    1.01854    5.42100
       60/1    1.04210    5.41332
       61/1    1.03120    5.42037
       62/1    1.01897    5.40948    1.02509 +/- 0.00612
       63/1    1.02651    5.41043    1.02556 +/- 0.00356
       64/1    1.01474    5.40377    1.02286 +/- 0.00370
       65/1    1.02064    5.42563    1.02241 +/- 0.00290
       66/1    1.01916    5.41471    1.02187 +/- 0.00243
       67/1    1.02668    5.42230    1.02256 +/- 0.00216
       68/1    1.02290    5.41707    1.02260 +/- 0.00187
       69/1    1.00065    5.42878    1.02016 +/- 0.00295
       70/1    1.03104    5.42148    1.02125 +/- 0.00285
       71/1    1.03009    5.40872    1.02205 +/- 0.00270
       72/1    1.03810    5.41319    1.02339 +/- 0.00281
       73/1    1.01564    5.42002    1.02279 +/- 0.00265
       74/1    1.02152    5.40630    1.02270 +/- 0.00245
       75/1    1.04912    5.42155    1.02446 +/- 0.00288
       76/1    1.02564    5.40855    1.02454 +/- 0.00270
       77/1    1.02558    5.41652    1.02460 +/- 0.00254
       78/1    1.01887    5.41734    1.02428 +/- 0.00241
       79/1    1.01305    5.41612    1.02369 +/- 0.00236
       80/1    1.04218    5.40829    1.02461 +/- 0.00242
       81/1    1.01816    5.40968    1.02431 +/- 0.00232
       82/1    1.03282    5.41963    1.02469 +/- 0.00225
       83/1    1.02681    5.41538    1.02479 +/- 0.00215
       84/1    1.00755    5.42314    1.02407 +/- 0.00218
       85/1    1.03030    5.41806    1.02432 +/- 0.00211
       86/1    1.02595    5.41412    1.02438 +/- 0.00202
       87/1    1.03112    5.40899    1.02463 +/- 0.00196
       88/1    1.02466    5.42120    1.02463 +/- 0.00189
       89/1    1.02863    5.42952    1.02477 +/- 0.00183
       90/1    1.02970    5.41762    1.02493 +/- 0.00178
       91/1    1.02574    5.41315    1.02496 +/- 0.00172
       92/1    1.04810    5.41915    1.02568 +/- 0.00181
       93/1    1.03711    5.41639    1.02603 +/- 0.00179
       94/1    1.01390    5.42132    1.02567 +/- 0.00177
       95/1    1.02184    5.42427    1.02556 +/- 0.00173
       96/1    1.02698    5.42224    1.02560 +/- 0.00168
       97/1    1.02690    5.41795    1.02564 +/- 0.00163
       98/1    1.03229    5.41628    1.02581 +/- 0.00160
       99/1    1.03412    5.43252    1.02602 +/- 0.00157
      100/1    1.02257    5.42036    1.02594 +/- 0.00153
      101/1    1.01797    5.41948    1.02574 +/- 0.00151
      102/1    1.01498    5.42801    1.02549 +/- 0.00149
      103/1    1.02251    5.43542    1.02542 +/- 0.00146
      104/1    1.04768    5.41618    1.02592 +/- 0.00151
      105/1    1.03025    5.43135    1.02602 +/- 0.00148
      106/1    1.01308    5.43540    1.02574 +/- 0.00148
      107/1    1.01391    5.43868    1.02549 +/- 0.00147
      108/1    1.03890    5.43485    1.02577 +/- 0.00146
      109/1    1.02788    5.42873    1.02581 +/- 0.00143
      110/1    1.03115    5.43914    1.02592 +/- 0.00141
      111/1    1.03255    5.42484    1.02605 +/- 0.00139
      112/1    1.03223    5.42296    1.02617 +/- 0.00137
      113/1    1.00643    5.41424    1.02579 +/- 0.00139
      114/1    1.04612    5.41968    1.02617 +/- 0.00142
      115/1    1.02551    5.41789    1.02616 +/- 0.00139
      116/1    1.03507    5.41672    1.02632 +/- 0.00137
      117/1    1.01273    5.41652    1.02608 +/- 0.00137
      118/1    1.03450    5.42506    1.02622 +/- 0.00135
      119/1    1.04064    5.41952    1.02647 +/- 0.00135
      120/1    1.03316    5.39656    1.02658 +/- 0.00134
      121/1    1.01001    5.40983    1.02631 +/- 0.00134
      122/1    1.03080    5.41926    1.02638 +/- 0.00132
      123/1    1.03817    5.42269    1.02657 +/- 0.00131
      124/1    1.02690    5.41599    1.02657 +/- 0.00129
      125/1    1.03004    5.42568    1.02663 +/- 0.00127
      126/1    1.03233    5.40821    1.02671 +/- 0.00126
      127/1    1.03647    5.42182    1.02686 +/- 0.00125
      128/1    1.03305    5.43882    1.02695 +/- 0.00123
      129/1    1.01791    5.42721    1.02682 +/- 0.00122
      130/1    1.03365    5.41705    1.02692 +/- 0.00121
      131/1    1.04935    5.43165    1.02723 +/- 0.00123
      132/1    1.00738    5.44471    1.02696 +/- 0.00125
      133/1    1.01578    5.44920    1.02680 +/- 0.00124
      134/1    1.02557    5.43454    1.02679 +/- 0.00122
      135/1    1.03472    5.43116    1.02689 +/- 0.00121
      136/1    1.02520    5.43587    1.02687 +/- 0.00119
      137/1    1.02997    5.44202    1.02691 +/- 0.00118
      138/1    1.03236    5.43635    1.02698 +/- 0.00117
      139/1    1.02739    5.43065    1.02699 +/- 0.00115
      140/1    1.01461    5.44053    1.02683 +/- 0.00115
      141/1    1.02863    5.42586    1.02685 +/- 0.00113
      142/1    1.05989    5.43175    1.02726 +/- 0.00119
      143/1    1.04361    5.42901    1.02745 +/- 0.00119
      144/1    1.02931    5.41854    1.02747 +/- 0.00118
      145/1    1.04517    5.40869    1.02768 +/- 0.00118
      146/1    1.03484    5.42908    1.02777 +/- 0.00117
      147/1    1.02372    5.41726    1.02772 +/- 0.00116
      148/1    1.04913    5.42181    1.02796 +/- 0.00117
      149/1    1.01065    5.42023    1.02777 +/- 0.00117
      150/1    1.02494    5.40529    1.02774 +/- 0.00116
      151/1    1.01796    5.40358    1.02763 +/- 0.00115
      152/1    1.04033    5.40958    1.02777 +/- 0.00115
      153/1    1.03398    5.43548    1.02783 +/- 0.00114
      154/1    1.02392    5.42410    1.02779 +/- 0.00113
      155/1    1.02569    5.44441    1.02777 +/- 0.00112
      156/1    1.01525    5.43071    1.02764 +/- 0.00111
      157/1    1.02899    5.42284    1.02765 +/- 0.00110
      158/1    1.02845    5.39939    1.02766 +/- 0.00109
      159/1    1.02504    5.43031    1.02764 +/- 0.00108
      160/1    1.02589    5.41869    1.02762 +/- 0.00107
 Creating state point statepoint.160.h5...

 =======================>     TIMING STATISTICS     <=======================

 Total time for initialization     = 0.0000e+00 seconds
   Reading cross sections          = 0.0000e+00 seconds
 Total time in simulation          = 3.6057e+02 seconds
   Time in transport only          = 3.5948e+02 seconds
   Time in inactive batches        = 1.0446e+02 seconds
   Time in active batches          = 2.5611e+02 seconds
   Time synchronizing fission bank = 2.8599e-01 seconds
     Sampling source sites         = 2.4599e-01 seconds
     SEND/RECV source sites        = 3.9190e-02 seconds
   Time accumulating tallies       = 5.4069e-01 seconds
   Time writing statepoints        = 1.4844e-02 seconds
 Total time for finalization       = 1.0704e-02 seconds
 Total time elapsed                = 3.6108e+02 seconds
 Calculation Rate (inactive)       = 11487.6 particles/second
 Calculation Rate (active)         = 7809.14 particles/second

 ============================>     RESULTS     <============================

 k-effective (Collision)     = 1.02715 +/- 0.00086
 k-effective (Track-length)  = 1.02762 +/- 0.00107
 k-effective (Absorption)    = 1.02633 +/- 0.00075
 Combined k-effective        = 1.02666 +/- 0.00070
 Leakage Fraction            = 0.00669 +/- 0.00007

 Creating state point openmc_simulation_n4.h5...
[openmc.deplete] t=116834482.39194909 (final operator evaluation)
 Maximum neutron transport energy: 20000000 eV for H1
 Initializing source particles...

 ====================>     K EIGENVALUE SIMULATION     <====================

  Bat./Gen.      k       Entropy         Average k 
  =========   ========   ========   ====================
        1/1    0.96055    5.53091
        2/1    0.97000    5.50056
        3/1    0.98671    5.49113
        4/1    0.98947    5.47358
        5/1    0.98065    5.48461
        6/1    1.00967    5.47688
        7/1    0.98874    5.47548
        8/1    1.00494    5.45578
        9/1    0.98958    5.47199
       10/1    1.01110    5.45430
       11/1    1.00185    5.46741
       12/1    1.02184    5.46055
       13/1    1.00817    5.45044
       14/1    1.00239    5.45242
       15/1    0.99903    5.44386
       16/1    1.00348    5.44279
       17/1    1.01397    5.44577
       18/1    1.00741    5.44949
       19/1    1.01644    5.44468
       20/1    0.99406    5.44369
       21/1    1.01880    5.44104
       22/1    1.00626    5.43967
       23/1    1.00029    5.44502
       24/1    0.99111    5.45560
       25/1    0.99256    5.44871
       26/1    1.01639    5.44991
       27/1    1.01140    5.45095
       28/1    1.00558    5.45481
       29/1    0.99963    5.45752
       30/1    0.99798    5.46563
       31/1    1.00107    5.47270
       32/1    1.02008    5.46055
       33/1    1.01446    5.46461
       34/1    1.01627    5.47042
       35/1    1.00049    5.43745
       36/1    1.00298    5.44816
       37/1    1.01823    5.44288
       38/1    1.01298    5.44221
       39/1    1.00454    5.44736
       40/1    1.01579    5.45370
       41/1    0.99547    5.45890
       42/1    1.00458    5.45835
       43/1    0.99670    5.46975
       44/1    0.97841    5.45354
       45/1    0.99639    5.46282
       46/1    0.99232    5.45650
       47/1    1.00698    5.45368
       48/1    1.00592    5.45432
       49/1    1.00017    5.46763
       50/1    1.01220    5.46909
       51/1    1.00095    5.45948
       52/1    0.99895    5.45799
       53/1    1.01366    5.46106
       54/1    1.00099    5.46661
       55/1    1.00859    5.43748
       56/1    1.01704    5.45858
       57/1    1.02024    5.46551
       58/1    0.99604    5.47799
       59/1    1.00339    5.46488
       60/1    0.99832    5.45374
       61/1    0.99960    5.45404
       62/1    1.01157    5.45806    1.00558 +/- 0.00598
       63/1    1.01399    5.46134    1.00838 +/- 0.00445
       64/1    1.01057    5.45864    1.00893 +/- 0.00319
       65/1    1.00321    5.45336    1.00779 +/- 0.00273
       66/1    1.00599    5.44263    1.00749 +/- 0.00225
       67/1    0.98690    5.45870    1.00455 +/- 0.00350
       68/1    1.02057    5.46816    1.00655 +/- 0.00363
       69/1    1.01672    5.45941    1.00768 +/- 0.00340
       70/1    1.01088    5.45987    1.00800 +/- 0.00306
       71/1    1.00734    5.45665    1.00794 +/- 0.00276
       72/1    0.99804    5.45462    1.00711 +/- 0.00265
       73/1    1.02258    5.46516    1.00830 +/- 0.00272
       74/1    1.00122    5.46153    1.00780 +/- 0.00257
       75/1    1.01677    5.45654    1.00840 +/- 0.00246
       76/1    1.00680    5.44977    1.00830 +/- 0.00231
       77/1    1.00429    5.45050    1.00806 +/- 0.00218
       78/1    0.99737    5.45418    1.00747 +/- 0.00214
       79/1    0.99789    5.44815    1.00696 +/- 0.00208
       80/1    1.00244    5.44123    1.00674 +/- 0.00199
       81/1    1.01045    5.44438    1.00691 +/- 0.00190
       82/1    1.00270    5.44583    1.00672 +/- 0.00182
       83/1    1.00109    5.45409    1.00648 +/- 0.00176
       84/1    1.00117    5.44722    1.00626 +/- 0.00170
       85/1    0.99509    5.45915    1.00581 +/- 0.00169
       86/1    1.01195    5.45793    1.00605 +/- 0.00164
       87/1    1.00547    5.44704    1.00602 +/- 0.00158
       88/1    1.01927    5.45387    1.00650 +/- 0.00159
       89/1    1.00425    5.45830    1.00642 +/- 0.00154
       90/1    1.01492    5.43735    1.00670 +/- 0.00151
       91/1    1.00493    5.44515    1.00665 +/- 0.00146
       92/1    1.01522    5.45082    1.00691 +/- 0.00144
       93/1    0.99592    5.44694    1.00658 +/- 0.00144
       94/1    1.01772    5.43546    1.00691 +/- 0.00143
       95/1    1.01865    5.44430    1.00724 +/- 0.00143
       96/1    1.00406    5.45004    1.00716 +/- 0.00139
       97/1    1.00219    5.44390    1.00702 +/- 0.00136
       98/1    1.02406    5.45110    1.00747 +/- 0.00140
       99/1    0.97430    5.46000    1.00662 +/- 0.00161
      100/1    1.01557    5.45540    1.00684 +/- 0.00158
      101/1    1.01937    5.45892    1.00715 +/- 0.00157
      102/1    1.01885    5.46673    1.00743 +/- 0.00156
      103/1    1.01367    5.45721    1.00757 +/- 0.00153
      104/1    0.99542    5.45849    1.00730 +/- 0.00152
      105/1    1.00512    5.45191    1.00725 +/- 0.00149
      106/1    0.99612    5.45103    1.00701 +/- 0.00147
      107/1    1.00196    5.45109    1.00690 +/- 0.00145
      108/1    1.00313    5.45167    1.00682 +/- 0.00142
      109/1    0.99349    5.45826    1.00655 +/- 0.00142
      110/1    0.98978    5.45780    1.00621 +/- 0.00143
      111/1    1.00466    5.45130    1.00618 +/- 0.00140
      112/1    0.99523    5.45109    1.00597 +/- 0.00139
      113/1    1.01302    5.45970    1.00610 +/- 0.00137
      114/1    0.99745    5.45337    1.00594 +/- 0.00135
      115/1    1.00446    5.43934    1.00592 +/- 0.00133
      116/1    1.00864    5.45782    1.00597 +/- 0.00130
      117/1    1.00863    5.46795    1.00601 +/- 0.00128
      118/1    1.00138    5.47587    1.00593 +/- 0.00126
      119/1    1.01299    5.45429    1.00605 +/- 0.00125
      120/1    0.99374    5.45346    1.00585 +/- 0.00124
      121/1    1.00574    5.45515    1.00585 +/- 0.00122
      122/1    1.00661    5.45248    1.00586 +/- 0.00120
      123/1    0.98431    5.45721    1.00552 +/- 0.00123
      124/1    1.00952    5.45531    1.00558 +/- 0.00121
      125/1    0.99934    5.46328    1.00548 +/- 0.00120
      126/1    1.01868    5.45858    1.00568 +/- 0.00120
      127/1    1.02966    5.44995    1.00604 +/- 0.00123
      128/1    1.01120    5.45361    1.00612 +/- 0.00122
      129/1    1.02441    5.45175    1.00638 +/- 0.00123
      130/1    1.00059    5.45015    1.00630 +/- 0.00121
      131/1    1.01916    5.43278    1.00648 +/- 0.00121
      132/1    0.99723    5.44031    1.00635 +/- 0.00120
      133/1    1.01270    5.45393    1.00644 +/- 0.00119
      134/1    1.01532    5.45347    1.00656 +/- 0.00118
      135/1    0.99603    5.44541    1.00642 +/- 0.00117
      136/1    1.00523    5.45837    1.00640 +/- 0.00115
      137/1    1.02039    5.44823    1.00658 +/- 0.00115
      138/1    1.00405    5.45358    1.00655 +/- 0.00114
      139/1    0.99400    5.45142    1.00639 +/- 0.00113
      140/1    0.98861    5.44780    1.00617 +/- 0.00114
      141/1    1.00721    5.44753    1.00618 +/- 0.00113
      142/1    1.01323    5.44490    1.00627 +/- 0.00112
      143/1    1.01801    5.45553    1.00641 +/- 0.00111
      144/1    1.01135    5.48417    1.00647 +/- 0.00110
      145/1    0.99595    5.45702    1.00635 +/- 0.00110
      146/1    1.00981    5.45899    1.00639 +/- 0.00108
      147/1    0.99608    5.45023    1.00627 +/- 0.00108
      148/1    1.01339    5.45528    1.00635 +/- 0.00107
      149/1    1.01103    5.45172    1.00640 +/- 0.00106
      150/1    1.00904    5.45246    1.00643 +/- 0.00105
      151/1    0.98978    5.45265    1.00625 +/- 0.00105
      152/1    1.00704    5.44711    1.00626 +/- 0.00104
      153/1    1.01340    5.44695    1.00633 +/- 0.00103
      154/1    0.99425    5.43636    1.00620 +/- 0.00103
      155/1    1.00705    5.44156    1.00621 +/- 0.00102
      156/1    1.01109    5.44551    1.00626 +/- 0.00101
      157/1    1.00171    5.44032    1.00622 +/- 0.00100
      158/1    0.99824    5.45278    1.00614 +/- 0.00099
      159/1    1.00645    5.44405    1.00614 +/- 0.00098
      160/1    1.01528    5.45900    1.00623 +/- 0.00098
 Creating state point statepoint.160.h5...

 =======================>     TIMING STATISTICS     <=======================

 Total time for initialization     = 0.0000e+00 seconds
   Reading cross sections          = 0.0000e+00 seconds
 Total time in simulation          = 3.5902e+02 seconds
   Time in transport only          = 3.5784e+02 seconds
   Time in inactive batches        = 1.0498e+02 seconds
   Time in active batches          = 2.5404e+02 seconds
   Time synchronizing fission bank = 2.8804e-01 seconds
     Sampling source sites         = 2.5117e-01 seconds
     SEND/RECV source sites        = 3.6103e-02 seconds
   Time accumulating tallies       = 6.1075e-01 seconds
   Time writing statepoints        = 1.5138e-02 seconds
 Total time for finalization       = 1.3033e-02 seconds
 Total time elapsed                = 3.5951e+02 seconds
 Calculation Rate (inactive)       = 11431.2 particles/second
 Calculation Rate (active)         = 7872.78 particles/second

 ============================>     RESULTS     <============================

 k-effective (Collision)     = 1.00503 +/- 0.00075
 k-effective (Track-length)  = 1.00623 +/- 0.00098
 k-effective (Absorption)    = 1.00421 +/- 0.00067
 Combined k-effective        = 1.00462 +/- 0.00062
 Leakage Fraction            = 0.00703 +/- 0.00006

 Creating state point openmc_simulation_n5.h5...
      k(BOL) 1.05093 x ratio 0.92306 -> end of cycle at k = 0.97007
      state 0: B   0.00 MWd/kgHM  k 1.05093  (target)
      state 1: B   0.50 MWd/kgHM  k 1.02983
      state 2: B   1.50 MWd/kgHM  k 1.02804
      state 3: B   3.50 MWd/kgHM  k 1.02747
      state 4: B   7.50 MWd/kgHM  k 1.02666
      state 5: B  13.50 MWd/kgHM  k 1.00462
                                %%%%%%%%%%%%%%%
                           %%%%%%%%%%%%%%%%%%%%%%%%
                        %%%%%%%%%%%%%%%%%%%%%%%%%%%%%%
                      %%%%%%%%%%%%%%%%%%%%%%%%%%%%%%%%%%
                    %%%%%%%%%%%%%%%%%%%%%%%%%%%%%%%%%%%%%%
                   %%%%%%%%%%%%%%%%%%%%%%%%%%%%%%%%%%%%%%%%
                                    %%%%%%%%%%%%%%%%%%%%%%%%
                                     %%%%%%%%%%%%%%%%%%%%%%%%
                 ###############      %%%%%%%%%%%%%%%%%%%%%%%%
                ##################     %%%%%%%%%%%%%%%%%%%%%%%
                ###################     %%%%%%%%%%%%%%%%%%%%%%%
                ####################     %%%%%%%%%%%%%%%%%%%%%%
                #####################     %%%%%%%%%%%%%%%%%%%%%
                ######################     %%%%%%%%%%%%%%%%%%%%
                #######################     %%%%%%%%%%%%%%%%%%
                 #######################     %%%%%%%%%%%%%%%%%
                 ######################     %%%%%%%%%%%%%%%%%
                  ####################     %%%%%%%%%%%%%%%%%
                    #################     %%%%%%%%%%%%%%%%%
                     ###############     %%%%%%%%%%%%%%%%
                       ############     %%%%%%%%%%%%%%%
                          ########     %%%%%%%%%%%%%%
                                      %%%%%%%%%%%

                 | The OpenMC Monte Carlo Code
       Copyright | 2011-2025 MIT, UChicago Argonne LLC, and contributors
         License | https://docs.openmc.org/en/latest/license.html
         Version | 0.15.3
     Commit Hash | 27e38e894697bb32a1dac7848d2618818b6b8daf
       Date/Time | 2026-09-25 01:51:59
   MPI Processes | 1
  OpenMP Threads | 64

 Reading settings XML file...
 Reading cross sections XML file...
 Reading chain file: /home/diogo/openmc_data/chain_endfb71_pwr.xml...
 Reading materials XML file...
 Reading geometry XML file...
 Reading H1 from /home/diogo/openmc_data/endfb-vii.1-hdf5/neutron/H1.h5
 Reading H2 from /home/diogo/openmc_data/endfb-vii.1-hdf5/neutron/H2.h5
 Reading B10 from /home/diogo/openmc_data/endfb-vii.1-hdf5/neutron/B10.h5
 Reading B11 from /home/diogo/openmc_data/endfb-vii.1-hdf5/neutron/B11.h5
 Reading O16 from /home/diogo/openmc_data/endfb-vii.1-hdf5/neutron/O16.h5
 Reading O17 from /home/diogo/openmc_data/endfb-vii.1-hdf5/neutron/O17.h5
 Reading Cr50 from /home/diogo/openmc_data/endfb-vii.1-hdf5/neutron/Cr50.h5
 Reading Cr52 from /home/diogo/openmc_data/endfb-vii.1-hdf5/neutron/Cr52.h5
 Reading Cr53 from /home/diogo/openmc_data/endfb-vii.1-hdf5/neutron/Cr53.h5
 Reading Cr54 from /home/diogo/openmc_data/endfb-vii.1-hdf5/neutron/Cr54.h5
 Reading Mn55 from /home/diogo/openmc_data/endfb-vii.1-hdf5/neutron/Mn55.h5
 Reading Fe54 from /home/diogo/openmc_data/endfb-vii.1-hdf5/neutron/Fe54.h5
 Reading Fe56 from /home/diogo/openmc_data/endfb-vii.1-hdf5/neutron/Fe56.h5
 Reading Fe57 from /home/diogo/openmc_data/endfb-vii.1-hdf5/neutron/Fe57.h5
 Reading Fe58 from /home/diogo/openmc_data/endfb-vii.1-hdf5/neutron/Fe58.h5
 Reading Ni58 from /home/diogo/openmc_data/endfb-vii.1-hdf5/neutron/Ni58.h5
 Reading Ni60 from /home/diogo/openmc_data/endfb-vii.1-hdf5/neutron/Ni60.h5
 Reading Ni61 from /home/diogo/openmc_data/endfb-vii.1-hdf5/neutron/Ni61.h5
 Reading Ni62 from /home/diogo/openmc_data/endfb-vii.1-hdf5/neutron/Ni62.h5
 Reading Ni64 from /home/diogo/openmc_data/endfb-vii.1-hdf5/neutron/Ni64.h5
 Reading Zr90 from /home/diogo/openmc_data/endfb-vii.1-hdf5/neutron/Zr90.h5
 Reading Zr91 from /home/diogo/openmc_data/endfb-vii.1-hdf5/neutron/Zr91.h5
 Reading Zr92 from /home/diogo/openmc_data/endfb-vii.1-hdf5/neutron/Zr92.h5
 Reading Zr94 from /home/diogo/openmc_data/endfb-vii.1-hdf5/neutron/Zr94.h5
 Reading Zr96 from /home/diogo/openmc_data/endfb-vii.1-hdf5/neutron/Zr96.h5
 Reading Sn112 from /home/diogo/openmc_data/endfb-vii.1-hdf5/neutron/Sn112.h5
 Reading Sn114 from /home/diogo/openmc_data/endfb-vii.1-hdf5/neutron/Sn114.h5
 Reading Sn115 from /home/diogo/openmc_data/endfb-vii.1-hdf5/neutron/Sn115.h5
 Reading Sn116 from /home/diogo/openmc_data/endfb-vii.1-hdf5/neutron/Sn116.h5
 Reading Sn117 from /home/diogo/openmc_data/endfb-vii.1-hdf5/neutron/Sn117.h5
 Reading Sn118 from /home/diogo/openmc_data/endfb-vii.1-hdf5/neutron/Sn118.h5
 Reading Sn119 from /home/diogo/openmc_data/endfb-vii.1-hdf5/neutron/Sn119.h5
 Reading Sn120 from /home/diogo/openmc_data/endfb-vii.1-hdf5/neutron/Sn120.h5
 Reading Sn122 from /home/diogo/openmc_data/endfb-vii.1-hdf5/neutron/Sn122.h5
 Reading Sn124 from /home/diogo/openmc_data/endfb-vii.1-hdf5/neutron/Sn124.h5
 Reading He3 from /home/diogo/openmc_data/endfb-vii.1-hdf5/neutron/He3.h5
 Reading He4 from /home/diogo/openmc_data/endfb-vii.1-hdf5/neutron/He4.h5
 Reading U234 from /home/diogo/openmc_data/endfb-vii.1-hdf5/neutron/U234.h5
 Reading U235 from /home/diogo/openmc_data/endfb-vii.1-hdf5/neutron/U235.h5
 Reading U238 from /home/diogo/openmc_data/endfb-vii.1-hdf5/neutron/U238.h5
 Reading Gd152 from /home/diogo/openmc_data/endfb-vii.1-hdf5/neutron/Gd152.h5
 Reading Gd154 from /home/diogo/openmc_data/endfb-vii.1-hdf5/neutron/Gd154.h5
 Reading Gd155 from /home/diogo/openmc_data/endfb-vii.1-hdf5/neutron/Gd155.h5
 Reading Gd156 from /home/diogo/openmc_data/endfb-vii.1-hdf5/neutron/Gd156.h5
 Reading Gd157 from /home/diogo/openmc_data/endfb-vii.1-hdf5/neutron/Gd157.h5
 Reading Gd158 from /home/diogo/openmc_data/endfb-vii.1-hdf5/neutron/Gd158.h5
 Reading Gd160 from /home/diogo/openmc_data/endfb-vii.1-hdf5/neutron/Gd160.h5
 Reading Si28 from /home/diogo/openmc_data/endfb-vii.1-hdf5/neutron/Si28.h5
 Reading Si29 from /home/diogo/openmc_data/endfb-vii.1-hdf5/neutron/Si29.h5
 Reading Si30 from /home/diogo/openmc_data/endfb-vii.1-hdf5/neutron/Si30.h5
 Reading Ag107 from /home/diogo/openmc_data/endfb-vii.1-hdf5/neutron/Ag107.h5
 Reading Ag109 from /home/diogo/openmc_data/endfb-vii.1-hdf5/neutron/Ag109.h5
 Reading Cd106 from /home/diogo/openmc_data/endfb-vii.1-hdf5/neutron/Cd106.h5
 WARNING: Negative value(s) found on probability table for nuclide Cd106 at 294K
 WARNING: Negative value(s) found on probability table for nuclide Cd106 at 600K
 WARNING: Negative value(s) found on probability table for nuclide Cd106 at 900K
 WARNING: Negative value(s) found on probability table for nuclide Cd106 at
          1200K
 WARNING: Negative value(s) found on probability table for nuclide Cd106 at
          2500K
 Reading Cd108 from /home/diogo/openmc_data/endfb-vii.1-hdf5/neutron/Cd108.h5
 Reading Cd110 from /home/diogo/openmc_data/endfb-vii.1-hdf5/neutron/Cd110.h5
 Reading Cd111 from /home/diogo/openmc_data/endfb-vii.1-hdf5/neutron/Cd111.h5
 Reading Cd112 from /home/diogo/openmc_data/endfb-vii.1-hdf5/neutron/Cd112.h5
 Reading Cd113 from /home/diogo/openmc_data/endfb-vii.1-hdf5/neutron/Cd113.h5
 Reading Cd114 from /home/diogo/openmc_data/endfb-vii.1-hdf5/neutron/Cd114.h5
 Reading Cd116 from /home/diogo/openmc_data/endfb-vii.1-hdf5/neutron/Cd116.h5
 Reading In113 from /home/diogo/openmc_data/endfb-vii.1-hdf5/neutron/In113.h5
 Reading In115 from /home/diogo/openmc_data/endfb-vii.1-hdf5/neutron/In115.h5
 Reading c_H_in_H2O from
 /home/diogo/openmc_data/endfb-vii.1-hdf5/neutron/c_H_in_H2O.h5
 Minimum neutron data temperature: 0 K
 Maximum neutron data temperature: 1.7976931348623157e+308 K
 Reading tallies XML file...
 Preparing distributed cell instances...
 Reading plot XML file...
 Writing summary.h5 file...
[openmc.deplete] t=116834482.39194909 s, dt=34617624.412429355 s, source=47773107.16002765
[openmc.deplete] t=151452106.80437845 s, dt=34617624.412429355 s, source=47773107.16002765
 Reading H3 from /home/diogo/openmc_data/endfb-vii.1-hdf5/neutron/H3.h5
 Reading Li6 from /home/diogo/openmc_data/endfb-vii.1-hdf5/neutron/Li6.h5
 Reading Li7 from /home/diogo/openmc_data/endfb-vii.1-hdf5/neutron/Li7.h5
 Reading N14 from /home/diogo/openmc_data/endfb-vii.1-hdf5/neutron/N14.h5
 Reading N15 from /home/diogo/openmc_data/endfb-vii.1-hdf5/neutron/N15.h5
 Reading F19 from /home/diogo/openmc_data/endfb-vii.1-hdf5/neutron/F19.h5
 Reading Na22 from /home/diogo/openmc_data/endfb-vii.1-hdf5/neutron/Na22.h5
 WARNING: Negative value(s) found on probability table for nuclide Na22 at 250K
 WARNING: Negative value(s) found on probability table for nuclide Na22 at 294K
 WARNING: Negative value(s) found on probability table for nuclide Na22 at 600K
 WARNING: Negative value(s) found on probability table for nuclide Na22 at 900K
 WARNING: Negative value(s) found on probability table for nuclide Na22 at 1200K
 WARNING: Negative value(s) found on probability table for nuclide Na22 at 2500K
 Reading Na23 from /home/diogo/openmc_data/endfb-vii.1-hdf5/neutron/Na23.h5
 Reading Mg24 from /home/diogo/openmc_data/endfb-vii.1-hdf5/neutron/Mg24.h5
 Reading Mg25 from /home/diogo/openmc_data/endfb-vii.1-hdf5/neutron/Mg25.h5
 Reading Mg26 from /home/diogo/openmc_data/endfb-vii.1-hdf5/neutron/Mg26.h5
 Reading Al27 from /home/diogo/openmc_data/endfb-vii.1-hdf5/neutron/Al27.h5
 Reading P31 from /home/diogo/openmc_data/endfb-vii.1-hdf5/neutron/P31.h5
 Reading S32 from /home/diogo/openmc_data/endfb-vii.1-hdf5/neutron/S32.h5
 Reading S33 from /home/diogo/openmc_data/endfb-vii.1-hdf5/neutron/S33.h5
 Reading S34 from /home/diogo/openmc_data/endfb-vii.1-hdf5/neutron/S34.h5
 Reading S36 from /home/diogo/openmc_data/endfb-vii.1-hdf5/neutron/S36.h5
 Reading Cl35 from /home/diogo/openmc_data/endfb-vii.1-hdf5/neutron/Cl35.h5
 Reading Cl37 from /home/diogo/openmc_data/endfb-vii.1-hdf5/neutron/Cl37.h5
 Reading Ar36 from /home/diogo/openmc_data/endfb-vii.1-hdf5/neutron/Ar36.h5
 WARNING: Negative value(s) found on probability table for nuclide Ar36 at 250K
 WARNING: Negative value(s) found on probability table for nuclide Ar36 at 294K
 WARNING: Negative value(s) found on probability table for nuclide Ar36 at 600K
 WARNING: Negative value(s) found on probability table for nuclide Ar36 at 900K
 WARNING: Negative value(s) found on probability table for nuclide Ar36 at 1200K
 WARNING: Negative value(s) found on probability table for nuclide Ar36 at 2500K
 Reading Ar38 from /home/diogo/openmc_data/endfb-vii.1-hdf5/neutron/Ar38.h5
 Reading Ar40 from /home/diogo/openmc_data/endfb-vii.1-hdf5/neutron/Ar40.h5
 Reading K39 from /home/diogo/openmc_data/endfb-vii.1-hdf5/neutron/K39.h5
 Reading K40 from /home/diogo/openmc_data/endfb-vii.1-hdf5/neutron/K40.h5
 Reading K41 from /home/diogo/openmc_data/endfb-vii.1-hdf5/neutron/K41.h5
 Reading Ca40 from /home/diogo/openmc_data/endfb-vii.1-hdf5/neutron/Ca40.h5
 Reading Ca42 from /home/diogo/openmc_data/endfb-vii.1-hdf5/neutron/Ca42.h5
 Reading Ca43 from /home/diogo/openmc_data/endfb-vii.1-hdf5/neutron/Ca43.h5
 Reading Ca44 from /home/diogo/openmc_data/endfb-vii.1-hdf5/neutron/Ca44.h5
 Reading Ca46 from /home/diogo/openmc_data/endfb-vii.1-hdf5/neutron/Ca46.h5
 Reading Sc45 from /home/diogo/openmc_data/endfb-vii.1-hdf5/neutron/Sc45.h5
 Reading Ti46 from /home/diogo/openmc_data/endfb-vii.1-hdf5/neutron/Ti46.h5
 Reading Ti47 from /home/diogo/openmc_data/endfb-vii.1-hdf5/neutron/Ti47.h5
 Reading Ti48 from /home/diogo/openmc_data/endfb-vii.1-hdf5/neutron/Ti48.h5
 Reading Ti49 from /home/diogo/openmc_data/endfb-vii.1-hdf5/neutron/Ti49.h5
 Reading Ti50 from /home/diogo/openmc_data/endfb-vii.1-hdf5/neutron/Ti50.h5
 Reading V50 from /home/diogo/openmc_data/endfb-vii.1-hdf5/neutron/V50.h5
 Reading V51 from /home/diogo/openmc_data/endfb-vii.1-hdf5/neutron/V51.h5
 Reading Co58 from /home/diogo/openmc_data/endfb-vii.1-hdf5/neutron/Co58.h5
 Reading Co59 from /home/diogo/openmc_data/endfb-vii.1-hdf5/neutron/Co59.h5
 Reading Ni59 from /home/diogo/openmc_data/endfb-vii.1-hdf5/neutron/Ni59.h5
 Reading Cu63 from /home/diogo/openmc_data/endfb-vii.1-hdf5/neutron/Cu63.h5
 Reading Cu65 from /home/diogo/openmc_data/endfb-vii.1-hdf5/neutron/Cu65.h5
 Reading Zn64 from /home/diogo/openmc_data/endfb-vii.1-hdf5/neutron/Zn64.h5
 Reading Zn65 from /home/diogo/openmc_data/endfb-vii.1-hdf5/neutron/Zn65.h5
 Reading Zn66 from /home/diogo/openmc_data/endfb-vii.1-hdf5/neutron/Zn66.h5
 Reading Zn67 from /home/diogo/openmc_data/endfb-vii.1-hdf5/neutron/Zn67.h5
 Reading Zn68 from /home/diogo/openmc_data/endfb-vii.1-hdf5/neutron/Zn68.h5
 Reading Zn70 from /home/diogo/openmc_data/endfb-vii.1-hdf5/neutron/Zn70.h5
 Reading Ga69 from /home/diogo/openmc_data/endfb-vii.1-hdf5/neutron/Ga69.h5
 Reading Ga71 from /home/diogo/openmc_data/endfb-vii.1-hdf5/neutron/Ga71.h5
 Reading Ge70 from /home/diogo/openmc_data/endfb-vii.1-hdf5/neutron/Ge70.h5
 Reading Ge72 from /home/diogo/openmc_data/endfb-vii.1-hdf5/neutron/Ge72.h5
 Reading Ge73 from /home/diogo/openmc_data/endfb-vii.1-hdf5/neutron/Ge73.h5
 Reading Ge74 from /home/diogo/openmc_data/endfb-vii.1-hdf5/neutron/Ge74.h5
 Reading Ge76 from /home/diogo/openmc_data/endfb-vii.1-hdf5/neutron/Ge76.h5
 Reading As74 from /home/diogo/openmc_data/endfb-vii.1-hdf5/neutron/As74.h5
 Reading As75 from /home/diogo/openmc_data/endfb-vii.1-hdf5/neutron/As75.h5
 Reading Se74 from /home/diogo/openmc_data/endfb-vii.1-hdf5/neutron/Se74.h5
 Reading Se76 from /home/diogo/openmc_data/endfb-vii.1-hdf5/neutron/Se76.h5
 Reading Se77 from /home/diogo/openmc_data/endfb-vii.1-hdf5/neutron/Se77.h5
 Reading Se78 from /home/diogo/openmc_data/endfb-vii.1-hdf5/neutron/Se78.h5
 Reading Se79 from /home/diogo/openmc_data/endfb-vii.1-hdf5/neutron/Se79.h5
 WARNING: Negative value(s) found on probability table for nuclide Se79 at 250K
 WARNING: Negative value(s) found on probability table for nuclide Se79 at 294K
 WARNING: Negative value(s) found on probability table for nuclide Se79 at 600K
 WARNING: Negative value(s) found on probability table for nuclide Se79 at 900K
 WARNING: Negative value(s) found on probability table for nuclide Se79 at 1200K
 Reading Se80 from /home/diogo/openmc_data/endfb-vii.1-hdf5/neutron/Se80.h5
 Reading Se82 from /home/diogo/openmc_data/endfb-vii.1-hdf5/neutron/Se82.h5
 Reading Br79 from /home/diogo/openmc_data/endfb-vii.1-hdf5/neutron/Br79.h5
 Reading Br81 from /home/diogo/openmc_data/endfb-vii.1-hdf5/neutron/Br81.h5
 Reading Kr78 from /home/diogo/openmc_data/endfb-vii.1-hdf5/neutron/Kr78.h5
 Reading Kr80 from /home/diogo/openmc_data/endfb-vii.1-hdf5/neutron/Kr80.h5
 Reading Kr82 from /home/diogo/openmc_data/endfb-vii.1-hdf5/neutron/Kr82.h5
 Reading Kr83 from /home/diogo/openmc_data/endfb-vii.1-hdf5/neutron/Kr83.h5
 Reading Kr84 from /home/diogo/openmc_data/endfb-vii.1-hdf5/neutron/Kr84.h5
 Reading Kr85 from /home/diogo/openmc_data/endfb-vii.1-hdf5/neutron/Kr85.h5
 Reading Kr86 from /home/diogo/openmc_data/endfb-vii.1-hdf5/neutron/Kr86.h5
 Reading Rb85 from /home/diogo/openmc_data/endfb-vii.1-hdf5/neutron/Rb85.h5
 Reading Rb86 from /home/diogo/openmc_data/endfb-vii.1-hdf5/neutron/Rb86.h5
 Reading Rb87 from /home/diogo/openmc_data/endfb-vii.1-hdf5/neutron/Rb87.h5
 Reading Sr84 from /home/diogo/openmc_data/endfb-vii.1-hdf5/neutron/Sr84.h5
 Reading Sr86 from /home/diogo/openmc_data/endfb-vii.1-hdf5/neutron/Sr86.h5
 Reading Sr87 from /home/diogo/openmc_data/endfb-vii.1-hdf5/neutron/Sr87.h5
 Reading Sr88 from /home/diogo/openmc_data/endfb-vii.1-hdf5/neutron/Sr88.h5
 Reading Sr89 from /home/diogo/openmc_data/endfb-vii.1-hdf5/neutron/Sr89.h5
 Reading Sr90 from /home/diogo/openmc_data/endfb-vii.1-hdf5/neutron/Sr90.h5
 Reading Y89 from /home/diogo/openmc_data/endfb-vii.1-hdf5/neutron/Y89.h5
 Reading Y90 from /home/diogo/openmc_data/endfb-vii.1-hdf5/neutron/Y90.h5
 Reading Y91 from /home/diogo/openmc_data/endfb-vii.1-hdf5/neutron/Y91.h5
 Reading Zr93 from /home/diogo/openmc_data/endfb-vii.1-hdf5/neutron/Zr93.h5
 Reading Zr95 from /home/diogo/openmc_data/endfb-vii.1-hdf5/neutron/Zr95.h5
 Reading Nb93 from /home/diogo/openmc_data/endfb-vii.1-hdf5/neutron/Nb93.h5
 Reading Nb94 from /home/diogo/openmc_data/endfb-vii.1-hdf5/neutron/Nb94.h5
 WARNING: Negative value(s) found on probability table for nuclide Nb94 at 250K
 WARNING: Negative value(s) found on probability table for nuclide Nb94 at 294K
 WARNING: Negative value(s) found on probability table for nuclide Nb94 at 600K
 WARNING: Negative value(s) found on probability table for nuclide Nb94 at 900K
 WARNING: Negative value(s) found on probability table for nuclide Nb94 at 1200K
 WARNING: Negative value(s) found on probability table for nuclide Nb94 at 2500K
 Reading Nb95 from /home/diogo/openmc_data/endfb-vii.1-hdf5/neutron/Nb95.h5
 WARNING: Negative value(s) found on probability table for nuclide Nb95 at 250K
 WARNING: Negative value(s) found on probability table for nuclide Nb95 at 294K
 WARNING: Negative value(s) found on probability table for nuclide Nb95 at 600K
 WARNING: Negative value(s) found on probability table for nuclide Nb95 at 900K
 WARNING: Negative value(s) found on probability table for nuclide Nb95 at 1200K
 Reading Mo92 from /home/diogo/openmc_data/endfb-vii.1-hdf5/neutron/Mo92.h5
 Reading Mo94 from /home/diogo/openmc_data/endfb-vii.1-hdf5/neutron/Mo94.h5
 Reading Mo95 from /home/diogo/openmc_data/endfb-vii.1-hdf5/neutron/Mo95.h5
 Reading Mo96 from /home/diogo/openmc_data/endfb-vii.1-hdf5/neutron/Mo96.h5
 Reading Mo97 from /home/diogo/openmc_data/endfb-vii.1-hdf5/neutron/Mo97.h5
 Reading Mo98 from /home/diogo/openmc_data/endfb-vii.1-hdf5/neutron/Mo98.h5
 Reading Mo99 from /home/diogo/openmc_data/endfb-vii.1-hdf5/neutron/Mo99.h5
 WARNING: Negative value(s) found on probability table for nuclide Mo99 at 250K
 WARNING: Negative value(s) found on probability table for nuclide Mo99 at 294K
 WARNING: Negative value(s) found on probability table for nuclide Mo99 at 600K
 WARNING: Negative value(s) found on probability table for nuclide Mo99 at 900K
 WARNING: Negative value(s) found on probability table for nuclide Mo99 at 1200K
 WARNING: Negative value(s) found on probability table for nuclide Mo99 at 2500K
 Reading Mo100 from /home/diogo/openmc_data/endfb-vii.1-hdf5/neutron/Mo100.h5
 Reading Tc99 from /home/diogo/openmc_data/endfb-vii.1-hdf5/neutron/Tc99.h5
 Reading Ru98 from /home/diogo/openmc_data/endfb-vii.1-hdf5/neutron/Ru98.h5
 Reading Ru99 from /home/diogo/openmc_data/endfb-vii.1-hdf5/neutron/Ru99.h5
 Reading Ru100 from /home/diogo/openmc_data/endfb-vii.1-hdf5/neutron/Ru100.h5
 Reading Ru101 from /home/diogo/openmc_data/endfb-vii.1-hdf5/neutron/Ru101.h5
 Reading Ru102 from /home/diogo/openmc_data/endfb-vii.1-hdf5/neutron/Ru102.h5
 Reading Ru103 from /home/diogo/openmc_data/endfb-vii.1-hdf5/neutron/Ru103.h5
 Reading Ru104 from /home/diogo/openmc_data/endfb-vii.1-hdf5/neutron/Ru104.h5
 Reading Ru105 from /home/diogo/openmc_data/endfb-vii.1-hdf5/neutron/Ru105.h5
 Reading Ru106 from /home/diogo/openmc_data/endfb-vii.1-hdf5/neutron/Ru106.h5
 Reading Rh103 from /home/diogo/openmc_data/endfb-vii.1-hdf5/neutron/Rh103.h5
 Reading Rh105 from /home/diogo/openmc_data/endfb-vii.1-hdf5/neutron/Rh105.h5
 Reading Pd102 from /home/diogo/openmc_data/endfb-vii.1-hdf5/neutron/Pd102.h5
 Reading Pd104 from /home/diogo/openmc_data/endfb-vii.1-hdf5/neutron/Pd104.h5
 Reading Pd105 from /home/diogo/openmc_data/endfb-vii.1-hdf5/neutron/Pd105.h5
 Reading Pd106 from /home/diogo/openmc_data/endfb-vii.1-hdf5/neutron/Pd106.h5
 Reading Pd107 from /home/diogo/openmc_data/endfb-vii.1-hdf5/neutron/Pd107.h5
 Reading Pd108 from /home/diogo/openmc_data/endfb-vii.1-hdf5/neutron/Pd108.h5
 Reading Pd110 from /home/diogo/openmc_data/endfb-vii.1-hdf5/neutron/Pd110.h5
 Reading Ag110_m1 from
 /home/diogo/openmc_data/endfb-vii.1-hdf5/neutron/Ag110_m1.h5
 Reading Ag111 from /home/diogo/openmc_data/endfb-vii.1-hdf5/neutron/Ag111.h5
 Reading Cd115_m1 from
 /home/diogo/openmc_data/endfb-vii.1-hdf5/neutron/Cd115_m1.h5
 Reading Sn113 from /home/diogo/openmc_data/endfb-vii.1-hdf5/neutron/Sn113.h5
 Reading Sn123 from /home/diogo/openmc_data/endfb-vii.1-hdf5/neutron/Sn123.h5
 WARNING: Negative value(s) found on probability table for nuclide Sn123 at 250K
 WARNING: Negative value(s) found on probability table for nuclide Sn123 at 294K
 WARNING: Negative value(s) found on probability table for nuclide Sn123 at 600K
 WARNING: Negative value(s) found on probability table for nuclide Sn123 at 900K
 WARNING: Negative value(s) found on probability table for nuclide Sn123 at
          1200K
 WARNING: Negative value(s) found on probability table for nuclide Sn123 at
          2500K
 Reading Sn125 from /home/diogo/openmc_data/endfb-vii.1-hdf5/neutron/Sn125.h5
 Reading Sn126 from /home/diogo/openmc_data/endfb-vii.1-hdf5/neutron/Sn126.h5
 Reading Sb121 from /home/diogo/openmc_data/endfb-vii.1-hdf5/neutron/Sb121.h5
 Reading Sb123 from /home/diogo/openmc_data/endfb-vii.1-hdf5/neutron/Sb123.h5
 Reading Sb124 from /home/diogo/openmc_data/endfb-vii.1-hdf5/neutron/Sb124.h5
 Reading Sb125 from /home/diogo/openmc_data/endfb-vii.1-hdf5/neutron/Sb125.h5
 Reading Sb126 from /home/diogo/openmc_data/endfb-vii.1-hdf5/neutron/Sb126.h5
 Reading Te120 from /home/diogo/openmc_data/endfb-vii.1-hdf5/neutron/Te120.h5
 WARNING: Negative value(s) found on probability table for nuclide Te120 at 600K
 WARNING: Negative value(s) found on probability table for nuclide Te120 at 900K
 WARNING: Negative value(s) found on probability table for nuclide Te120 at
          1200K
 WARNING: Negative value(s) found on probability table for nuclide Te120 at
          2500K
 Reading Te122 from /home/diogo/openmc_data/endfb-vii.1-hdf5/neutron/Te122.h5
 Reading Te123 from /home/diogo/openmc_data/endfb-vii.1-hdf5/neutron/Te123.h5
 Reading Te124 from /home/diogo/openmc_data/endfb-vii.1-hdf5/neutron/Te124.h5
 Reading Te125 from /home/diogo/openmc_data/endfb-vii.1-hdf5/neutron/Te125.h5
 Reading Te126 from /home/diogo/openmc_data/endfb-vii.1-hdf5/neutron/Te126.h5
 Reading Te127_m1 from
 /home/diogo/openmc_data/endfb-vii.1-hdf5/neutron/Te127_m1.h5
 Reading Te128 from /home/diogo/openmc_data/endfb-vii.1-hdf5/neutron/Te128.h5
 Reading Te129_m1 from
 /home/diogo/openmc_data/endfb-vii.1-hdf5/neutron/Te129_m1.h5
 Reading Te130 from /home/diogo/openmc_data/endfb-vii.1-hdf5/neutron/Te130.h5
 Reading Te132 from /home/diogo/openmc_data/endfb-vii.1-hdf5/neutron/Te132.h5
 Reading I127 from /home/diogo/openmc_data/endfb-vii.1-hdf5/neutron/I127.h5
 Reading I129 from /home/diogo/openmc_data/endfb-vii.1-hdf5/neutron/I129.h5
 Reading I130 from /home/diogo/openmc_data/endfb-vii.1-hdf5/neutron/I130.h5
 Reading I131 from /home/diogo/openmc_data/endfb-vii.1-hdf5/neutron/I131.h5
 WARNING: Negative value(s) found on probability table for nuclide I131 at 250K
 WARNING: Negative value(s) found on probability table for nuclide I131 at 294K
 WARNING: Negative value(s) found on probability table for nuclide I131 at 600K
 WARNING: Negative value(s) found on probability table for nuclide I131 at 900K
 WARNING: Negative value(s) found on probability table for nuclide I131 at 1200K
 WARNING: Negative value(s) found on probability table for nuclide I131 at 2500K
 Reading I135 from /home/diogo/openmc_data/endfb-vii.1-hdf5/neutron/I135.h5
 Reading Xe126 from /home/diogo/openmc_data/endfb-vii.1-hdf5/neutron/Xe126.h5
 Reading Xe128 from /home/diogo/openmc_data/endfb-vii.1-hdf5/neutron/Xe128.h5
 Reading Xe129 from /home/diogo/openmc_data/endfb-vii.1-hdf5/neutron/Xe129.h5
 Reading Xe130 from /home/diogo/openmc_data/endfb-vii.1-hdf5/neutron/Xe130.h5
 Reading Xe131 from /home/diogo/openmc_data/endfb-vii.1-hdf5/neutron/Xe131.h5
 Reading Xe132 from /home/diogo/openmc_data/endfb-vii.1-hdf5/neutron/Xe132.h5
 Reading Xe133 from /home/diogo/openmc_data/endfb-vii.1-hdf5/neutron/Xe133.h5
 WARNING: Negative value(s) found on probability table for nuclide Xe133 at
          2500K
 Reading Xe134 from /home/diogo/openmc_data/endfb-vii.1-hdf5/neutron/Xe134.h5
 Reading Xe135 from /home/diogo/openmc_data/endfb-vii.1-hdf5/neutron/Xe135.h5
 Reading Xe136 from /home/diogo/openmc_data/endfb-vii.1-hdf5/neutron/Xe136.h5
 Reading Cs133 from /home/diogo/openmc_data/endfb-vii.1-hdf5/neutron/Cs133.h5
 Reading Cs134 from /home/diogo/openmc_data/endfb-vii.1-hdf5/neutron/Cs134.h5
 Reading Cs135 from /home/diogo/openmc_data/endfb-vii.1-hdf5/neutron/Cs135.h5
 Reading Cs136 from /home/diogo/openmc_data/endfb-vii.1-hdf5/neutron/Cs136.h5
 WARNING: Negative value(s) found on probability table for nuclide Cs136 at 250K
 WARNING: Negative value(s) found on probability table for nuclide Cs136 at 294K
 WARNING: Negative value(s) found on probability table for nuclide Cs136 at 600K
 WARNING: Negative value(s) found on probability table for nuclide Cs136 at 900K
 WARNING: Negative value(s) found on probability table for nuclide Cs136 at
          1200K
 WARNING: Negative value(s) found on probability table for nuclide Cs136 at
          2500K
 Reading Cs137 from /home/diogo/openmc_data/endfb-vii.1-hdf5/neutron/Cs137.h5
 Reading Ba130 from /home/diogo/openmc_data/endfb-vii.1-hdf5/neutron/Ba130.h5
 Reading Ba132 from /home/diogo/openmc_data/endfb-vii.1-hdf5/neutron/Ba132.h5
 Reading Ba133 from /home/diogo/openmc_data/endfb-vii.1-hdf5/neutron/Ba133.h5
 Reading Ba134 from /home/diogo/openmc_data/endfb-vii.1-hdf5/neutron/Ba134.h5
 Reading Ba135 from /home/diogo/openmc_data/endfb-vii.1-hdf5/neutron/Ba135.h5
 Reading Ba136 from /home/diogo/openmc_data/endfb-vii.1-hdf5/neutron/Ba136.h5
 Reading Ba137 from /home/diogo/openmc_data/endfb-vii.1-hdf5/neutron/Ba137.h5
 Reading Ba138 from /home/diogo/openmc_data/endfb-vii.1-hdf5/neutron/Ba138.h5
 Reading Ba140 from /home/diogo/openmc_data/endfb-vii.1-hdf5/neutron/Ba140.h5
 Reading La138 from /home/diogo/openmc_data/endfb-vii.1-hdf5/neutron/La138.h5
 Reading La139 from /home/diogo/openmc_data/endfb-vii.1-hdf5/neutron/La139.h5
 Reading La140 from /home/diogo/openmc_data/endfb-vii.1-hdf5/neutron/La140.h5
 Reading Ce136 from /home/diogo/openmc_data/endfb-vii.1-hdf5/neutron/Ce136.h5
 Reading Ce138 from /home/diogo/openmc_data/endfb-vii.1-hdf5/neutron/Ce138.h5
 Reading Ce139 from /home/diogo/openmc_data/endfb-vii.1-hdf5/neutron/Ce139.h5
 Reading Ce140 from /home/diogo/openmc_data/endfb-vii.1-hdf5/neutron/Ce140.h5
 Reading Ce141 from /home/diogo/openmc_data/endfb-vii.1-hdf5/neutron/Ce141.h5
 Reading Ce142 from /home/diogo/openmc_data/endfb-vii.1-hdf5/neutron/Ce142.h5
 Reading Ce143 from /home/diogo/openmc_data/endfb-vii.1-hdf5/neutron/Ce143.h5
 Reading Ce144 from /home/diogo/openmc_data/endfb-vii.1-hdf5/neutron/Ce144.h5
 Reading Pr141 from /home/diogo/openmc_data/endfb-vii.1-hdf5/neutron/Pr141.h5
 Reading Pr142 from /home/diogo/openmc_data/endfb-vii.1-hdf5/neutron/Pr142.h5
 Reading Pr143 from /home/diogo/openmc_data/endfb-vii.1-hdf5/neutron/Pr143.h5
 Reading Nd142 from /home/diogo/openmc_data/endfb-vii.1-hdf5/neutron/Nd142.h5
 Reading Nd143 from /home/diogo/openmc_data/endfb-vii.1-hdf5/neutron/Nd143.h5
 Reading Nd144 from /home/diogo/openmc_data/endfb-vii.1-hdf5/neutron/Nd144.h5
 Reading Nd145 from /home/diogo/openmc_data/endfb-vii.1-hdf5/neutron/Nd145.h5
 Reading Nd146 from /home/diogo/openmc_data/endfb-vii.1-hdf5/neutron/Nd146.h5
 Reading Nd147 from /home/diogo/openmc_data/endfb-vii.1-hdf5/neutron/Nd147.h5
 Reading Nd148 from /home/diogo/openmc_data/endfb-vii.1-hdf5/neutron/Nd148.h5
 Reading Nd150 from /home/diogo/openmc_data/endfb-vii.1-hdf5/neutron/Nd150.h5
 Reading Pm147 from /home/diogo/openmc_data/endfb-vii.1-hdf5/neutron/Pm147.h5
 Reading Pm148 from /home/diogo/openmc_data/endfb-vii.1-hdf5/neutron/Pm148.h5
 Reading Pm148_m1 from
 /home/diogo/openmc_data/endfb-vii.1-hdf5/neutron/Pm148_m1.h5
 Reading Pm149 from /home/diogo/openmc_data/endfb-vii.1-hdf5/neutron/Pm149.h5
 Reading Pm151 from /home/diogo/openmc_data/endfb-vii.1-hdf5/neutron/Pm151.h5
 Reading Sm144 from /home/diogo/openmc_data/endfb-vii.1-hdf5/neutron/Sm144.h5
 Reading Sm147 from /home/diogo/openmc_data/endfb-vii.1-hdf5/neutron/Sm147.h5
 Reading Sm148 from /home/diogo/openmc_data/endfb-vii.1-hdf5/neutron/Sm148.h5
 Reading Sm149 from /home/diogo/openmc_data/endfb-vii.1-hdf5/neutron/Sm149.h5
 Reading Sm150 from /home/diogo/openmc_data/endfb-vii.1-hdf5/neutron/Sm150.h5
 Reading Sm151 from /home/diogo/openmc_data/endfb-vii.1-hdf5/neutron/Sm151.h5
 Reading Sm152 from /home/diogo/openmc_data/endfb-vii.1-hdf5/neutron/Sm152.h5
 Reading Sm153 from /home/diogo/openmc_data/endfb-vii.1-hdf5/neutron/Sm153.h5
 Reading Sm154 from /home/diogo/openmc_data/endfb-vii.1-hdf5/neutron/Sm154.h5
 Reading Eu151 from /home/diogo/openmc_data/endfb-vii.1-hdf5/neutron/Eu151.h5
 Reading Eu152 from /home/diogo/openmc_data/endfb-vii.1-hdf5/neutron/Eu152.h5
 Reading Eu153 from /home/diogo/openmc_data/endfb-vii.1-hdf5/neutron/Eu153.h5
 Reading Eu154 from /home/diogo/openmc_data/endfb-vii.1-hdf5/neutron/Eu154.h5
 Reading Eu155 from /home/diogo/openmc_data/endfb-vii.1-hdf5/neutron/Eu155.h5
 Reading Eu156 from /home/diogo/openmc_data/endfb-vii.1-hdf5/neutron/Eu156.h5
 WARNING: Negative value(s) found on probability table for nuclide Eu156 at 250K
 WARNING: Negative value(s) found on probability table for nuclide Eu156 at 294K
 WARNING: Negative value(s) found on probability table for nuclide Eu156 at 600K
 WARNING: Negative value(s) found on probability table for nuclide Eu156 at 900K
 WARNING: Negative value(s) found on probability table for nuclide Eu156 at
          1200K
 WARNING: Negative value(s) found on probability table for nuclide Eu156 at
          2500K
 Reading Eu157 from /home/diogo/openmc_data/endfb-vii.1-hdf5/neutron/Eu157.h5
 Reading Gd153 from /home/diogo/openmc_data/endfb-vii.1-hdf5/neutron/Gd153.h5
 Reading Tb159 from /home/diogo/openmc_data/endfb-vii.1-hdf5/neutron/Tb159.h5
 Reading Tb160 from /home/diogo/openmc_data/endfb-vii.1-hdf5/neutron/Tb160.h5
 Reading Dy156 from /home/diogo/openmc_data/endfb-vii.1-hdf5/neutron/Dy156.h5
 Reading Dy158 from /home/diogo/openmc_data/endfb-vii.1-hdf5/neutron/Dy158.h5
 Reading Dy160 from /home/diogo/openmc_data/endfb-vii.1-hdf5/neutron/Dy160.h5
 Reading Dy161 from /home/diogo/openmc_data/endfb-vii.1-hdf5/neutron/Dy161.h5
 Reading Dy162 from /home/diogo/openmc_data/endfb-vii.1-hdf5/neutron/Dy162.h5
 Reading Dy163 from /home/diogo/openmc_data/endfb-vii.1-hdf5/neutron/Dy163.h5
 Reading Dy164 from /home/diogo/openmc_data/endfb-vii.1-hdf5/neutron/Dy164.h5
 Reading Ho165 from /home/diogo/openmc_data/endfb-vii.1-hdf5/neutron/Ho165.h5
 Reading Ho166_m1 from
 /home/diogo/openmc_data/endfb-vii.1-hdf5/neutron/Ho166_m1.h5
 Reading Er162 from /home/diogo/openmc_data/endfb-vii.1-hdf5/neutron/Er162.h5
 Reading Er164 from /home/diogo/openmc_data/endfb-vii.1-hdf5/neutron/Er164.h5
 Reading Er166 from /home/diogo/openmc_data/endfb-vii.1-hdf5/neutron/Er166.h5
 Reading Er167 from /home/diogo/openmc_data/endfb-vii.1-hdf5/neutron/Er167.h5
 Reading Er168 from /home/diogo/openmc_data/endfb-vii.1-hdf5/neutron/Er168.h5
 Reading Er170 from /home/diogo/openmc_data/endfb-vii.1-hdf5/neutron/Er170.h5
 Reading Tm168 from /home/diogo/openmc_data/endfb-vii.1-hdf5/neutron/Tm168.h5
 Reading Tm169 from /home/diogo/openmc_data/endfb-vii.1-hdf5/neutron/Tm169.h5
 Reading Tm170 from /home/diogo/openmc_data/endfb-vii.1-hdf5/neutron/Tm170.h5
 Reading Ir191 from /home/diogo/openmc_data/endfb-vii.1-hdf5/neutron/Ir191.h5
 Reading Ir193 from /home/diogo/openmc_data/endfb-vii.1-hdf5/neutron/Ir193.h5
 Reading Au197 from /home/diogo/openmc_data/endfb-vii.1-hdf5/neutron/Au197.h5
 Reading Hg196 from /home/diogo/openmc_data/endfb-vii.1-hdf5/neutron/Hg196.h5
 Reading Hg198 from /home/diogo/openmc_data/endfb-vii.1-hdf5/neutron/Hg198.h5
 Reading Hg199 from /home/diogo/openmc_data/endfb-vii.1-hdf5/neutron/Hg199.h5
 Reading Hg200 from /home/diogo/openmc_data/endfb-vii.1-hdf5/neutron/Hg200.h5
 Reading Hg201 from /home/diogo/openmc_data/endfb-vii.1-hdf5/neutron/Hg201.h5
 Reading Hg202 from /home/diogo/openmc_data/endfb-vii.1-hdf5/neutron/Hg202.h5
 Reading Hg204 from /home/diogo/openmc_data/endfb-vii.1-hdf5/neutron/Hg204.h5
 Reading Tl203 from /home/diogo/openmc_data/endfb-vii.1-hdf5/neutron/Tl203.h5
 Reading Tl205 from /home/diogo/openmc_data/endfb-vii.1-hdf5/neutron/Tl205.h5
 Reading Pb204 from /home/diogo/openmc_data/endfb-vii.1-hdf5/neutron/Pb204.h5
 Reading Pb206 from /home/diogo/openmc_data/endfb-vii.1-hdf5/neutron/Pb206.h5
 Reading Pb207 from /home/diogo/openmc_data/endfb-vii.1-hdf5/neutron/Pb207.h5
 Reading Pb208 from /home/diogo/openmc_data/endfb-vii.1-hdf5/neutron/Pb208.h5
 Reading Bi209 from /home/diogo/openmc_data/endfb-vii.1-hdf5/neutron/Bi209.h5
 Reading Ra223 from /home/diogo/openmc_data/endfb-vii.1-hdf5/neutron/Ra223.h5
 Reading Ra224 from /home/diogo/openmc_data/endfb-vii.1-hdf5/neutron/Ra224.h5
 Reading Ra225 from /home/diogo/openmc_data/endfb-vii.1-hdf5/neutron/Ra225.h5
 Reading Ra226 from /home/diogo/openmc_data/endfb-vii.1-hdf5/neutron/Ra226.h5
 Reading Ac225 from /home/diogo/openmc_data/endfb-vii.1-hdf5/neutron/Ac225.h5
 Reading Ac226 from /home/diogo/openmc_data/endfb-vii.1-hdf5/neutron/Ac226.h5
 Reading Ac227 from /home/diogo/openmc_data/endfb-vii.1-hdf5/neutron/Ac227.h5
 Reading Th227 from /home/diogo/openmc_data/endfb-vii.1-hdf5/neutron/Th227.h5
 Reading Th228 from /home/diogo/openmc_data/endfb-vii.1-hdf5/neutron/Th228.h5
 Reading Th229 from /home/diogo/openmc_data/endfb-vii.1-hdf5/neutron/Th229.h5
 Reading Th230 from /home/diogo/openmc_data/endfb-vii.1-hdf5/neutron/Th230.h5
 Reading Th231 from /home/diogo/openmc_data/endfb-vii.1-hdf5/neutron/Th231.h5
 Reading Th232 from /home/diogo/openmc_data/endfb-vii.1-hdf5/neutron/Th232.h5
 Reading Th233 from /home/diogo/openmc_data/endfb-vii.1-hdf5/neutron/Th233.h5
 Reading Th234 from /home/diogo/openmc_data/endfb-vii.1-hdf5/neutron/Th234.h5
 Reading Pa229 from /home/diogo/openmc_data/endfb-vii.1-hdf5/neutron/Pa229.h5
 Reading Pa230 from /home/diogo/openmc_data/endfb-vii.1-hdf5/neutron/Pa230.h5
 Reading Pa231 from /home/diogo/openmc_data/endfb-vii.1-hdf5/neutron/Pa231.h5
 Reading Pa232 from /home/diogo/openmc_data/endfb-vii.1-hdf5/neutron/Pa232.h5
 Reading Pa233 from /home/diogo/openmc_data/endfb-vii.1-hdf5/neutron/Pa233.h5
 Reading U230 from /home/diogo/openmc_data/endfb-vii.1-hdf5/neutron/U230.h5
 Reading U231 from /home/diogo/openmc_data/endfb-vii.1-hdf5/neutron/U231.h5
 Reading U232 from /home/diogo/openmc_data/endfb-vii.1-hdf5/neutron/U232.h5
 Reading U233 from /home/diogo/openmc_data/endfb-vii.1-hdf5/neutron/U233.h5
 Reading U236 from /home/diogo/openmc_data/endfb-vii.1-hdf5/neutron/U236.h5
 Reading U237 from /home/diogo/openmc_data/endfb-vii.1-hdf5/neutron/U237.h5
 Reading U239 from /home/diogo/openmc_data/endfb-vii.1-hdf5/neutron/U239.h5
 Reading U240 from /home/diogo/openmc_data/endfb-vii.1-hdf5/neutron/U240.h5
 Reading U241 from /home/diogo/openmc_data/endfb-vii.1-hdf5/neutron/U241.h5
 Reading Np234 from /home/diogo/openmc_data/endfb-vii.1-hdf5/neutron/Np234.h5
 Reading Np235 from /home/diogo/openmc_data/endfb-vii.1-hdf5/neutron/Np235.h5
 Reading Np236 from /home/diogo/openmc_data/endfb-vii.1-hdf5/neutron/Np236.h5
 Reading Np237 from /home/diogo/openmc_data/endfb-vii.1-hdf5/neutron/Np237.h5
 Reading Np238 from /home/diogo/openmc_data/endfb-vii.1-hdf5/neutron/Np238.h5
 Reading Np239 from /home/diogo/openmc_data/endfb-vii.1-hdf5/neutron/Np239.h5
 Reading Pu236 from /home/diogo/openmc_data/endfb-vii.1-hdf5/neutron/Pu236.h5
 Reading Pu237 from /home/diogo/openmc_data/endfb-vii.1-hdf5/neutron/Pu237.h5
 Reading Pu238 from /home/diogo/openmc_data/endfb-vii.1-hdf5/neutron/Pu238.h5
 Reading Pu239 from /home/diogo/openmc_data/endfb-vii.1-hdf5/neutron/Pu239.h5
 Reading Pu240 from /home/diogo/openmc_data/endfb-vii.1-hdf5/neutron/Pu240.h5
 Reading Pu241 from /home/diogo/openmc_data/endfb-vii.1-hdf5/neutron/Pu241.h5
 Reading Pu242 from /home/diogo/openmc_data/endfb-vii.1-hdf5/neutron/Pu242.h5
 Reading Pu243 from /home/diogo/openmc_data/endfb-vii.1-hdf5/neutron/Pu243.h5
 Reading Pu244 from /home/diogo/openmc_data/endfb-vii.1-hdf5/neutron/Pu244.h5
 Reading Pu246 from /home/diogo/openmc_data/endfb-vii.1-hdf5/neutron/Pu246.h5
 Reading Am240 from /home/diogo/openmc_data/endfb-vii.1-hdf5/neutron/Am240.h5
 Reading Am241 from /home/diogo/openmc_data/endfb-vii.1-hdf5/neutron/Am241.h5
 Reading Am242 from /home/diogo/openmc_data/endfb-vii.1-hdf5/neutron/Am242.h5
 Reading Am242_m1 from
 /home/diogo/openmc_data/endfb-vii.1-hdf5/neutron/Am242_m1.h5
 Reading Am243 from /home/diogo/openmc_data/endfb-vii.1-hdf5/neutron/Am243.h5
 Reading Am244 from /home/diogo/openmc_data/endfb-vii.1-hdf5/neutron/Am244.h5
 Reading Am244_m1 from
 /home/diogo/openmc_data/endfb-vii.1-hdf5/neutron/Am244_m1.h5
 Reading Cm240 from /home/diogo/openmc_data/endfb-vii.1-hdf5/neutron/Cm240.h5
 Reading Cm241 from /home/diogo/openmc_data/endfb-vii.1-hdf5/neutron/Cm241.h5
 Reading Cm242 from /home/diogo/openmc_data/endfb-vii.1-hdf5/neutron/Cm242.h5
 Reading Cm243 from /home/diogo/openmc_data/endfb-vii.1-hdf5/neutron/Cm243.h5
 Reading Cm244 from /home/diogo/openmc_data/endfb-vii.1-hdf5/neutron/Cm244.h5
 Reading Cm245 from /home/diogo/openmc_data/endfb-vii.1-hdf5/neutron/Cm245.h5
 Reading Cm246 from /home/diogo/openmc_data/endfb-vii.1-hdf5/neutron/Cm246.h5
 Reading Cm247 from /home/diogo/openmc_data/endfb-vii.1-hdf5/neutron/Cm247.h5
 Reading Cm248 from /home/diogo/openmc_data/endfb-vii.1-hdf5/neutron/Cm248.h5
 Reading Cm249 from /home/diogo/openmc_data/endfb-vii.1-hdf5/neutron/Cm249.h5
 Reading Cm250 from /home/diogo/openmc_data/endfb-vii.1-hdf5/neutron/Cm250.h5
 Reading Bk245 from /home/diogo/openmc_data/endfb-vii.1-hdf5/neutron/Bk245.h5
 Reading Bk247 from /home/diogo/openmc_data/endfb-vii.1-hdf5/neutron/Bk247.h5
 Reading Bk248 from /home/diogo/openmc_data/endfb-vii.1-hdf5/neutron/Bk248.h5
 Reading Bk249 from /home/diogo/openmc_data/endfb-vii.1-hdf5/neutron/Bk249.h5
 Reading Bk250 from /home/diogo/openmc_data/endfb-vii.1-hdf5/neutron/Bk250.h5
 Reading Cf248 from /home/diogo/openmc_data/endfb-vii.1-hdf5/neutron/Cf248.h5
 Reading Cf249 from /home/diogo/openmc_data/endfb-vii.1-hdf5/neutron/Cf249.h5
 Reading Cf250 from /home/diogo/openmc_data/endfb-vii.1-hdf5/neutron/Cf250.h5
 WARNING: Negative value(s) found on probability table for nuclide Cf250 at 250K
 WARNING: Negative value(s) found on probability table for nuclide Cf250 at 294K
 WARNING: Negative value(s) found on probability table for nuclide Cf250 at 900K
 WARNING: Negative value(s) found on probability table for nuclide Cf250 at
          1200K
 Reading Cf251 from /home/diogo/openmc_data/endfb-vii.1-hdf5/neutron/Cf251.h5
 Reading Ru96 from /home/diogo/openmc_data/endfb-vii.1-hdf5/neutron/Ru96.h5
 Reading Xe123 from /home/diogo/openmc_data/endfb-vii.1-hdf5/neutron/Xe123.h5
 Reading Xe124 from /home/diogo/openmc_data/endfb-vii.1-hdf5/neutron/Xe124.h5
 Reading Lu175 from /home/diogo/openmc_data/endfb-vii.1-hdf5/neutron/Lu175.h5
 Reading Lu176 from /home/diogo/openmc_data/endfb-vii.1-hdf5/neutron/Lu176.h5
 Reading Hf174 from /home/diogo/openmc_data/endfb-vii.1-hdf5/neutron/Hf174.h5
 Reading Hf176 from /home/diogo/openmc_data/endfb-vii.1-hdf5/neutron/Hf176.h5
 Reading Hf177 from /home/diogo/openmc_data/endfb-vii.1-hdf5/neutron/Hf177.h5
 Reading Hf178 from /home/diogo/openmc_data/endfb-vii.1-hdf5/neutron/Hf178.h5
 Reading Hf179 from /home/diogo/openmc_data/endfb-vii.1-hdf5/neutron/Hf179.h5
 Reading Hf180 from /home/diogo/openmc_data/endfb-vii.1-hdf5/neutron/Hf180.h5
 Reading Ta180 from /home/diogo/openmc_data/endfb-vii.1-hdf5/neutron/Ta180.h5
 Reading Ta181 from /home/diogo/openmc_data/endfb-vii.1-hdf5/neutron/Ta181.h5
 Reading Ta182 from /home/diogo/openmc_data/endfb-vii.1-hdf5/neutron/Ta182.h5
 Reading W180 from /home/diogo/openmc_data/endfb-vii.1-hdf5/neutron/W180.h5
 Reading W182 from /home/diogo/openmc_data/endfb-vii.1-hdf5/neutron/W182.h5
 Reading W183 from /home/diogo/openmc_data/endfb-vii.1-hdf5/neutron/W183.h5
 Reading W184 from /home/diogo/openmc_data/endfb-vii.1-hdf5/neutron/W184.h5
 Reading W186 from /home/diogo/openmc_data/endfb-vii.1-hdf5/neutron/W186.h5
 Reading Re185 from /home/diogo/openmc_data/endfb-vii.1-hdf5/neutron/Re185.h5
 Reading Re187 from /home/diogo/openmc_data/endfb-vii.1-hdf5/neutron/Re187.h5
 Reading Bk246 from /home/diogo/openmc_data/endfb-vii.1-hdf5/neutron/Bk246.h5
 Reading Cf252 from /home/diogo/openmc_data/endfb-vii.1-hdf5/neutron/Cf252.h5
 Reading Cf253 from /home/diogo/openmc_data/endfb-vii.1-hdf5/neutron/Cf253.h5
 Reading Cf254 from /home/diogo/openmc_data/endfb-vii.1-hdf5/neutron/Cf254.h5
 Reading Es251 from /home/diogo/openmc_data/endfb-vii.1-hdf5/neutron/Es251.h5
 Reading Es252 from /home/diogo/openmc_data/endfb-vii.1-hdf5/neutron/Es252.h5
 Reading Es253 from /home/diogo/openmc_data/endfb-vii.1-hdf5/neutron/Es253.h5
 Reading Es254 from /home/diogo/openmc_data/endfb-vii.1-hdf5/neutron/Es254.h5
 Reading Es254_m1 from
 /home/diogo/openmc_data/endfb-vii.1-hdf5/neutron/Es254_m1.h5
 Reading Es255 from /home/diogo/openmc_data/endfb-vii.1-hdf5/neutron/Es255.h5
 Reading Fm255 from /home/diogo/openmc_data/endfb-vii.1-hdf5/neutron/Fm255.h5
 Reading Cf246 from /home/diogo/openmc_data/endfb-vii.1-hdf5/neutron/Cf246.h5
 Reading Be9 from /home/diogo/openmc_data/endfb-vii.1-hdf5/neutron/Be9.h5
 Reading Ca48 from /home/diogo/openmc_data/endfb-vii.1-hdf5/neutron/Ca48.h5
 Reading Co58_m1 from
 /home/diogo/openmc_data/endfb-vii.1-hdf5/neutron/Co58_m1.h5
 Maximum neutron transport energy: 20000000 eV for H1
 Initializing source particles...

 ====================>     K EIGENVALUE SIMULATION     <====================

  Bat./Gen.      k       Entropy         Average k 
  =========   ========   ========   ====================
        1/1    0.93977    5.53609
        2/1    0.96085    5.52431
        3/1    0.96625    5.49783
        4/1    0.96476    5.48412
        5/1    0.98448    5.48093
        6/1    0.96821    5.47440
        7/1    0.98976    5.48461
        8/1    0.98820    5.47079
        9/1    0.98165    5.47481
       10/1    0.99211    5.47488
       11/1    0.98968    5.47958
       12/1    0.97083    5.47805
       13/1    0.98380    5.47087
       14/1    0.98504    5.46544
       15/1    0.98161    5.47252
       16/1    0.97725    5.46154
       17/1    0.99921    5.45252
       18/1    0.98464    5.46273
       19/1    0.97231    5.46022
       20/1    0.98152    5.47003
       21/1    0.99299    5.48031
       22/1    0.97621    5.46582
       23/1    0.96146    5.47607
       24/1    0.97481    5.47525
       25/1    0.98278    5.47177
       26/1    0.98100    5.46781
       27/1    0.98605    5.47053
       28/1    0.99004    5.46562
       29/1    0.97790    5.46885
       30/1    0.97567    5.47996
       31/1    0.98598    5.47324
       32/1    0.97588    5.47308
       33/1    0.99188    5.47933
       34/1    0.97841    5.46135
       35/1    0.99078    5.48178
       36/1    0.97492    5.48840
       37/1    0.97790    5.47551
       38/1    0.97994    5.48768
       39/1    0.99430    5.48425
       40/1    1.00104    5.47039
       41/1    0.99231    5.48156
       42/1    0.99647    5.47924
       43/1    0.97028    5.47004
       44/1    0.97203    5.45537
       45/1    0.99992    5.46679
       46/1    0.96407    5.46276
       47/1    0.98167    5.46594
       48/1    0.99124    5.45888
       49/1    0.97738    5.46084
       50/1    0.98420    5.47257
       51/1    0.97361    5.45364
       52/1    0.98136    5.45807
       53/1    0.98022    5.46289
       54/1    0.97217    5.44751
       55/1    0.97645    5.46626
       56/1    0.98362    5.46261
       57/1    0.96105    5.47543
       58/1    0.98628    5.46890
       59/1    0.97971    5.47248
       60/1    0.97038    5.48053
       61/1    0.97683    5.47106
       62/1    0.98060    5.47840    0.97871 +/- 0.00189
       63/1    0.97750    5.49298    0.97831 +/- 0.00116
       64/1    0.97910    5.48729    0.97851 +/- 0.00085
       65/1    0.97843    5.48271    0.97849 +/- 0.00066
       66/1    0.97438    5.47953    0.97780 +/- 0.00087
       67/1    0.98600    5.47429    0.97898 +/- 0.00138
       68/1    0.98076    5.47736    0.97920 +/- 0.00122
       69/1    0.98163    5.48267    0.97947 +/- 0.00111
       70/1    0.97582    5.48014    0.97910 +/- 0.00106
       71/1    0.97558    5.48175    0.97878 +/- 0.00101
       72/1    0.98357    5.47674    0.97918 +/- 0.00100
       73/1    0.96563    5.47191    0.97814 +/- 0.00139
       74/1    0.99032    5.48051    0.97901 +/- 0.00156
       75/1    0.97468    5.48231    0.97872 +/- 0.00148
       76/1    0.97748    5.48781    0.97864 +/- 0.00138
       77/1    0.96724    5.47359    0.97797 +/- 0.00146
       78/1    0.96357    5.46839    0.97717 +/- 0.00159
       79/1    0.98658    5.46371    0.97767 +/- 0.00159
       80/1    0.96484    5.47380    0.97703 +/- 0.00164
       81/1    0.96575    5.47966    0.97649 +/- 0.00165
       82/1    0.97241    5.48715    0.97630 +/- 0.00158
       83/1    0.97896    5.47653    0.97642 +/- 0.00152
       84/1    0.97961    5.47993    0.97655 +/- 0.00146
       85/1    0.97265    5.48753    0.97640 +/- 0.00141
       86/1    0.98116    5.48918    0.97658 +/- 0.00136
       87/1    0.97561    5.49918    0.97654 +/- 0.00131
       88/1    0.98723    5.49524    0.97693 +/- 0.00132
       89/1    0.98052    5.47885    0.97705 +/- 0.00128
       90/1    0.98607    5.48193    0.97735 +/- 0.00127
       91/1    0.99231    5.48539    0.97783 +/- 0.00132
       92/1    0.97434    5.48999    0.97772 +/- 0.00129
       93/1    0.97913    5.48842    0.97777 +/- 0.00125
       94/1    0.98034    5.48577    0.97784 +/- 0.00121
       95/1    0.98098    5.48318    0.97793 +/- 0.00118
       96/1    0.98506    5.47483    0.97813 +/- 0.00116
       97/1    0.97765    5.48157    0.97812 +/- 0.00113
       98/1    0.98145    5.48806    0.97820 +/- 0.00111
       99/1    0.97421    5.48402    0.97810 +/- 0.00108
      100/1    0.97220    5.48002    0.97795 +/- 0.00106
      101/1    0.98289    5.48392    0.97807 +/- 0.00104
      102/1    0.97364    5.48215    0.97797 +/- 0.00103
      103/1    1.00163    5.47409    0.97852 +/- 0.00114
      104/1    0.98619    5.47796    0.97869 +/- 0.00113
      105/1    0.97588    5.48310    0.97863 +/- 0.00111
      106/1    0.98414    5.48817    0.97875 +/- 0.00109
      107/1    0.97548    5.48593    0.97868 +/- 0.00107
      108/1    0.98975    5.47444    0.97891 +/- 0.00107
      109/1    0.98677    5.48902    0.97907 +/- 0.00106
      110/1    1.00212    5.47020    0.97953 +/- 0.00114
      111/1    1.00358    5.47351    0.98000 +/- 0.00121
      112/1    0.97358    5.47113    0.97988 +/- 0.00119
      113/1    0.97187    5.48493    0.97973 +/- 0.00118
      114/1    0.97580    5.48037    0.97966 +/- 0.00116
      115/1    0.96586    5.49015    0.97941 +/- 0.00117
      116/1    0.96906    5.49081    0.97922 +/- 0.00116
      117/1    0.98120    5.48065    0.97926 +/- 0.00114
      118/1    0.97985    5.48908    0.97927 +/- 0.00112
      119/1    0.98299    5.48999    0.97933 +/- 0.00110
      120/1    0.98707    5.48593    0.97946 +/- 0.00109
      121/1    0.98678    5.48944    0.97958 +/- 0.00108
      122/1    0.97270    5.47780    0.97947 +/- 0.00107
      123/1    0.98213    5.47642    0.97951 +/- 0.00105
      124/1    0.97406    5.47681    0.97942 +/- 0.00104
      125/1    0.96933    5.48768    0.97927 +/- 0.00103
      126/1    0.96692    5.47758    0.97908 +/- 0.00104
      127/1    0.96091    5.47900    0.97881 +/- 0.00106
      128/1    0.97286    5.47797    0.97872 +/- 0.00104
      129/1    0.98021    5.48184    0.97875 +/- 0.00103
      130/1    0.99161    5.47677    0.97893 +/- 0.00103
      131/1    0.97804    5.47441    0.97892 +/- 0.00102
      132/1    0.97365    5.47987    0.97884 +/- 0.00100
      133/1    0.99650    5.48059    0.97909 +/- 0.00102
      134/1    0.96108    5.47051    0.97884 +/- 0.00103
      135/1    1.00520    5.47860    0.97919 +/- 0.00108
      136/1    0.98841    5.46882    0.97931 +/- 0.00107
      137/1    0.98712    5.47626    0.97942 +/- 0.00106
      138/1    0.98526    5.47751    0.97949 +/- 0.00105
      139/1    0.97430    5.47202    0.97943 +/- 0.00104
      140/1    0.97273    5.48758    0.97934 +/- 0.00103
      141/1    0.99216    5.48332    0.97950 +/- 0.00103
      142/1    0.98994    5.47359    0.97963 +/- 0.00103
      143/1    0.97495    5.45672    0.97957 +/- 0.00101
      144/1    0.98061    5.46567    0.97958 +/- 0.00100
      145/1    0.98256    5.48050    0.97962 +/- 0.00099
      146/1    0.96465    5.47586    0.97944 +/- 0.00100
      147/1    0.97175    5.47052    0.97936 +/- 0.00099
      148/1    0.98792    5.47923    0.97945 +/- 0.00098
      149/1    0.98236    5.47089    0.97949 +/- 0.00097
      150/1    0.97192    5.47407    0.97940 +/- 0.00096
      151/1    0.98555    5.46736    0.97947 +/- 0.00096
      152/1    0.99169    5.47347    0.97960 +/- 0.00095
      153/1    0.97520    5.47430    0.97955 +/- 0.00095
      154/1    0.98073    5.47799    0.97957 +/- 0.00093
      155/1    0.99514    5.48508    0.97973 +/- 0.00094
      156/1    0.97951    5.48124    0.97973 +/- 0.00093
      157/1    0.97466    5.47892    0.97968 +/- 0.00092
      158/1    0.96790    5.46983    0.97956 +/- 0.00092
      159/1    0.98695    5.48215    0.97963 +/- 0.00091
      160/1    0.97750    5.47051    0.97961 +/- 0.00090
 Creating state point statepoint.160.h5...

 =======================>     TIMING STATISTICS     <=======================

 Total time for initialization     = 5.6123e+01 seconds
   Reading cross sections          = 7.6640e+00 seconds
 Total time in simulation          = 3.9714e+02 seconds
   Time in transport only          = 3.9591e+02 seconds
   Time in inactive batches        = 1.1453e+02 seconds
   Time in active batches          = 2.8261e+02 seconds
   Time synchronizing fission bank = 2.9414e-01 seconds
     Sampling source sites         = 2.5524e-01 seconds
     SEND/RECV source sites        = 3.8204e-02 seconds
   Time accumulating tallies       = 6.7543e-01 seconds
   Time writing statepoints        = 2.1514e-02 seconds
 Total time for finalization       = 1.8253e-02 seconds
 Total time elapsed                = 4.5371e+02 seconds
 Calculation Rate (inactive)       = 10477.9 particles/second
 Calculation Rate (active)         = 7076.85 particles/second

 ============================>     RESULTS     <============================

 k-effective (Collision)     = 0.97940 +/- 0.00068
 k-effective (Track-length)  = 0.97961 +/- 0.00090
 k-effective (Absorption)    = 0.97877 +/- 0.00067
 Combined k-effective        = 0.97909 +/- 0.00057
 Leakage Fraction            = 0.00775 +/- 0.00006

 Creating state point openmc_simulation_n6.h5...
[openmc.deplete] t=186069731.2168078 (final operator evaluation)
 Maximum neutron transport energy: 20000000 eV for H1
 Initializing source particles...

 ====================>     K EIGENVALUE SIMULATION     <====================

  Bat./Gen.      k       Entropy         Average k 
  =========   ========   ========   ====================
        1/1    0.92008    5.56049
        2/1    0.92999    5.53995
        3/1    0.94099    5.51762
        4/1    0.94192    5.49246
        5/1    0.94110    5.49563
        6/1    0.95068    5.48551
        7/1    0.93886    5.48719
        8/1    0.94433    5.48413
        9/1    0.96275    5.47834
       10/1    0.97197    5.47994
       11/1    0.95539    5.48878
       12/1    0.95355    5.48289
       13/1    0.95865    5.48449
       14/1    0.94884    5.47623
       15/1    0.94953    5.46809
       16/1    0.95622    5.47379
       17/1    0.95674    5.46809
       18/1    0.94933    5.46930
       19/1    0.95493    5.46646
       20/1    0.94208    5.47388
       21/1    0.95443    5.46846
       22/1    0.93683    5.47348
       23/1    0.96264    5.48291
       24/1    0.94708    5.49017
       25/1    0.93974    5.47776
       26/1    0.95674    5.48615
       27/1    0.95026    5.46197
       28/1    0.96463    5.47550
       29/1    0.97775    5.48091
       30/1    0.96157    5.47816
       31/1    0.96378    5.48632
       32/1    0.96136    5.48730
       33/1    0.94897    5.50183
       34/1    0.93992    5.48603
       35/1    0.95718    5.49243
       36/1    0.94258    5.47942
       37/1    0.95443    5.47348
       38/1    0.94696    5.48636
       39/1    0.95279    5.48075
       40/1    0.94593    5.48304
       41/1    0.95464    5.47069
       42/1    0.95158    5.49655
       43/1    0.95879    5.48820
       44/1    0.94747    5.48998
       45/1    0.95762    5.49561
       46/1    0.94589    5.49654
       47/1    0.96000    5.50335
       48/1    0.94825    5.49239
       49/1    0.96177    5.49386
       50/1    0.95036    5.50076
       51/1    0.94269    5.48745
       52/1    0.94875    5.49618
       53/1    0.95870    5.48515
       54/1    0.94365    5.49924
       55/1    0.94209    5.48585
       56/1    0.97111    5.49569
       57/1    0.95890    5.49201
       58/1    0.93388    5.48581
       59/1    0.93998    5.48958
       60/1    0.95471    5.47777
       61/1    0.95259    5.48416
       62/1    0.94173    5.49076    0.94716 +/- 0.00543
       63/1    0.96436    5.49037    0.95289 +/- 0.00653
       64/1    0.95085    5.47953    0.95238 +/- 0.00465
       65/1    0.94719    5.49386    0.95134 +/- 0.00375
       66/1    0.94753    5.49777    0.95071 +/- 0.00312
       67/1    0.94155    5.48992    0.94940 +/- 0.00295
       68/1    0.94888    5.48997    0.94934 +/- 0.00255
       69/1    0.96511    5.49290    0.95109 +/- 0.00285
       70/1    0.96490    5.49572    0.95247 +/- 0.00290
       71/1    0.96655    5.48391    0.95375 +/- 0.00292
       72/1    0.97072    5.48812    0.95516 +/- 0.00302
       73/1    0.94230    5.48458    0.95417 +/- 0.00295
       74/1    0.94807    5.48379    0.95374 +/- 0.00276
       75/1    0.95185    5.48890    0.95361 +/- 0.00258
       76/1    0.93276    5.48837    0.95231 +/- 0.00274
       77/1    0.96560    5.47852    0.95309 +/- 0.00269
       78/1    0.95645    5.49408    0.95328 +/- 0.00254
       79/1    0.94593    5.48303    0.95289 +/- 0.00244
       80/1    0.95367    5.48527    0.95293 +/- 0.00231
       81/1    0.95668    5.47165    0.95311 +/- 0.00221
       82/1    0.95941    5.48152    0.95339 +/- 0.00212
       83/1    0.96169    5.47611    0.95376 +/- 0.00206
       84/1    0.95790    5.48733    0.95393 +/- 0.00198
       85/1    0.94910    5.49472    0.95373 +/- 0.00191
       86/1    0.95220    5.49112    0.95368 +/- 0.00183
       87/1    0.95465    5.49174    0.95371 +/- 0.00177
       88/1    0.95297    5.48533    0.95369 +/- 0.00170
       89/1    0.96352    5.50991    0.95402 +/- 0.00168
       90/1    0.96601    5.49659    0.95442 +/- 0.00167
       91/1    0.96163    5.48671    0.95466 +/- 0.00163
       92/1    0.94817    5.50000    0.95445 +/- 0.00159
       93/1    0.94936    5.50908    0.95430 +/- 0.00155
       94/1    0.94138    5.49954    0.95392 +/- 0.00155
       95/1    0.96459    5.48800    0.95422 +/- 0.00154
       96/1    0.94057    5.48553    0.95385 +/- 0.00154
       97/1    0.95272    5.47889    0.95382 +/- 0.00150
       98/1    0.93254    5.48490    0.95326 +/- 0.00156
       99/1    0.97436    5.48409    0.95380 +/- 0.00162
      100/1    0.96226    5.48771    0.95401 +/- 0.00159
      101/1    0.94687    5.50254    0.95383 +/- 0.00156
      102/1    0.93176    5.47037    0.95331 +/- 0.00161
      103/1    0.94984    5.47889    0.95323 +/- 0.00157
      104/1    0.95545    5.48110    0.95328 +/- 0.00154
      105/1    0.95202    5.49449    0.95325 +/- 0.00150
      106/1    0.96501    5.48623    0.95351 +/- 0.00149
      107/1    0.95727    5.49396    0.95359 +/- 0.00146
      108/1    0.96527    5.49040    0.95383 +/- 0.00145
      109/1    0.96263    5.47891    0.95401 +/- 0.00143
      110/1    0.94554    5.47854    0.95384 +/- 0.00142
      111/1    0.94760    5.48673    0.95372 +/- 0.00139
      112/1    0.95926    5.48323    0.95382 +/- 0.00137
      113/1    0.95185    5.47570    0.95379 +/- 0.00134
      114/1    0.95232    5.46611    0.95376 +/- 0.00132
      115/1    0.96655    5.47812    0.95399 +/- 0.00132
      116/1    0.94906    5.47912    0.95390 +/- 0.00130
      117/1    0.97407    5.48425    0.95426 +/- 0.00132
      118/1    0.94347    5.47716    0.95407 +/- 0.00131
      119/1    0.95289    5.47135    0.95405 +/- 0.00129
      120/1    0.95620    5.48907    0.95409 +/- 0.00127
      121/1    0.96273    5.49342    0.95423 +/- 0.00125
      122/1    0.95722    5.48909    0.95428 +/- 0.00124
      123/1    0.96341    5.50202    0.95442 +/- 0.00122
      124/1    0.95393    5.48859    0.95442 +/- 0.00120
      125/1    0.95349    5.47525    0.95440 +/- 0.00119
      126/1    0.95841    5.48816    0.95446 +/- 0.00117
      127/1    0.96696    5.49311    0.95465 +/- 0.00117
      128/1    0.95087    5.49220    0.95459 +/- 0.00115
      129/1    0.94268    5.48926    0.95442 +/- 0.00115
      130/1    0.93848    5.50114    0.95419 +/- 0.00115
      131/1    0.95274    5.48928    0.95417 +/- 0.00114
      132/1    0.94381    5.51157    0.95403 +/- 0.00113
      133/1    0.95284    5.49784    0.95401 +/- 0.00112
      134/1    0.95100    5.49003    0.95397 +/- 0.00110
      135/1    0.97053    5.49345    0.95419 +/- 0.00111
      136/1    0.94743    5.48416    0.95410 +/- 0.00110
      137/1    0.94974    5.49215    0.95405 +/- 0.00108
      138/1    0.94124    5.49877    0.95388 +/- 0.00108
      139/1    0.94817    5.49481    0.95381 +/- 0.00107
      140/1    0.95755    5.48567    0.95386 +/- 0.00106
      141/1    0.96704    5.47893    0.95402 +/- 0.00106
      142/1    0.94356    5.47560    0.95389 +/- 0.00105
      143/1    0.96193    5.48403    0.95399 +/- 0.00104
      144/1    0.95658    5.47504    0.95402 +/- 0.00103
      145/1    0.96908    5.46925    0.95420 +/- 0.00104
      146/1    0.95887    5.48448    0.95425 +/- 0.00103
      147/1    0.94252    5.48158    0.95412 +/- 0.00102
      148/1    0.96424    5.46595    0.95423 +/- 0.00102
      149/1    0.94197    5.46719    0.95409 +/- 0.00102
      150/1    0.94908    5.48363    0.95404 +/- 0.00101
      151/1    0.96408    5.47634    0.95415 +/- 0.00100
      152/1    0.95690    5.47174    0.95418 +/- 0.00099
      153/1    0.96494    5.47741    0.95429 +/- 0.00099
      154/1    0.96363    5.48396    0.95439 +/- 0.00098
      155/1    0.94808    5.47378    0.95433 +/- 0.00097
      156/1    0.94517    5.48590    0.95423 +/- 0.00097
      157/1    0.93867    5.47997    0.95407 +/- 0.00097
      158/1    0.96745    5.46982    0.95421 +/- 0.00097
      159/1    0.94036    5.47846    0.95407 +/- 0.00097
      160/1    0.95545    5.48169    0.95408 +/- 0.00096
 Creating state point statepoint.160.h5...

 =======================>     TIMING STATISTICS     <=======================

 Total time for initialization     = 0.0000e+00 seconds
   Reading cross sections          = 0.0000e+00 seconds
 Total time in simulation          = 3.5579e+02 seconds
   Time in transport only          = 3.5474e+02 seconds
   Time in inactive batches        = 1.0294e+02 seconds
   Time in active batches          = 2.5285e+02 seconds
   Time synchronizing fission bank = 2.8868e-01 seconds
     Sampling source sites         = 2.5286e-01 seconds
     SEND/RECV source sites        = 3.5134e-02 seconds
   Time accumulating tallies       = 4.8487e-01 seconds
   Time writing statepoints        = 1.4892e-02 seconds
 Total time for finalization       = 1.1248e-02 seconds
 Total time elapsed                = 3.5628e+02 seconds
 Calculation Rate (inactive)       = 11656.9 particles/second
 Calculation Rate (active)         = 7909.92 particles/second

 ============================>     RESULTS     <============================

 k-effective (Collision)     = 0.95366 +/- 0.00079
 k-effective (Track-length)  = 0.95408 +/- 0.00096
 k-effective (Absorption)    = 0.95371 +/- 0.00061
 Combined k-effective        = 0.95369 +/- 0.00057
 Leakage Fraction            = 0.00788 +/- 0.00007

 Creating state point openmc_simulation_n7.h5...
      chunk 1: B  21.50 MWd/kgHM k 0.95369 (target 0.97007) [53.3 min]
[d69] EFPD 1895.2 d (archive 2297.1), c_max 2268 (archive 2268), hump +0 pcm [8 solves, 0.89 h]
[d70] 3D hardware core, 8 layers, 14 fuel segments, 96 depletable materials, seed 860145486, transport {'particles': 20000, 'batches': 160, 'inactive': 60}, end of cycle relative, ratio 0.94920
                                %%%%%%%%%%%%%%%
                           %%%%%%%%%%%%%%%%%%%%%%%%
                        %%%%%%%%%%%%%%%%%%%%%%%%%%%%%%
                      %%%%%%%%%%%%%%%%%%%%%%%%%%%%%%%%%%
                    %%%%%%%%%%%%%%%%%%%%%%%%%%%%%%%%%%%%%%
                   %%%%%%%%%%%%%%%%%%%%%%%%%%%%%%%%%%%%%%%%
                                    %%%%%%%%%%%%%%%%%%%%%%%%
                                     %%%%%%%%%%%%%%%%%%%%%%%%
                 ###############      %%%%%%%%%%%%%%%%%%%%%%%%
                ##################     %%%%%%%%%%%%%%%%%%%%%%%
                ###################     %%%%%%%%%%%%%%%%%%%%%%%
                ####################     %%%%%%%%%%%%%%%%%%%%%%
                #####################     %%%%%%%%%%%%%%%%%%%%%
                ######################     %%%%%%%%%%%%%%%%%%%%
                #######################     %%%%%%%%%%%%%%%%%%
                 #######################     %%%%%%%%%%%%%%%%%
                 ######################     %%%%%%%%%%%%%%%%%
                  ####################     %%%%%%%%%%%%%%%%%
                    #################     %%%%%%%%%%%%%%%%%
                     ###############     %%%%%%%%%%%%%%%%
                       ############     %%%%%%%%%%%%%%%
                          ########     %%%%%%%%%%%%%%
                                      %%%%%%%%%%%

                 | The OpenMC Monte Carlo Code
       Copyright | 2011-2025 MIT, UChicago Argonne LLC, and contributors
         License | https://docs.openmc.org/en/latest/license.html
         Version | 0.15.3
     Commit Hash | 27e38e894697bb32a1dac7848d2618818b6b8daf
       Date/Time | 2026-09-25 02:31:23
   MPI Processes | 1
  OpenMP Threads | 64

 Reading settings XML file...
 Reading cross sections XML file...
 Reading chain file: /home/diogo/openmc_data/chain_endfb71_pwr.xml...
 Reading materials XML file...
 Reading geometry XML file...
 Reading H1 from /home/diogo/openmc_data/endfb-vii.1-hdf5/neutron/H1.h5
 Reading H2 from /home/diogo/openmc_data/endfb-vii.1-hdf5/neutron/H2.h5
 Reading B10 from /home/diogo/openmc_data/endfb-vii.1-hdf5/neutron/B10.h5
 Reading B11 from /home/diogo/openmc_data/endfb-vii.1-hdf5/neutron/B11.h5
 Reading O16 from /home/diogo/openmc_data/endfb-vii.1-hdf5/neutron/O16.h5
 Reading O17 from /home/diogo/openmc_data/endfb-vii.1-hdf5/neutron/O17.h5
 Reading Cr50 from /home/diogo/openmc_data/endfb-vii.1-hdf5/neutron/Cr50.h5
 Reading Cr52 from /home/diogo/openmc_data/endfb-vii.1-hdf5/neutron/Cr52.h5
 Reading Cr53 from /home/diogo/openmc_data/endfb-vii.1-hdf5/neutron/Cr53.h5
 Reading Cr54 from /home/diogo/openmc_data/endfb-vii.1-hdf5/neutron/Cr54.h5
 Reading Mn55 from /home/diogo/openmc_data/endfb-vii.1-hdf5/neutron/Mn55.h5
 Reading Fe54 from /home/diogo/openmc_data/endfb-vii.1-hdf5/neutron/Fe54.h5
 Reading Fe56 from /home/diogo/openmc_data/endfb-vii.1-hdf5/neutron/Fe56.h5
 Reading Fe57 from /home/diogo/openmc_data/endfb-vii.1-hdf5/neutron/Fe57.h5
 Reading Fe58 from /home/diogo/openmc_data/endfb-vii.1-hdf5/neutron/Fe58.h5
 Reading Ni58 from /home/diogo/openmc_data/endfb-vii.1-hdf5/neutron/Ni58.h5
 Reading Ni60 from /home/diogo/openmc_data/endfb-vii.1-hdf5/neutron/Ni60.h5
 Reading Ni61 from /home/diogo/openmc_data/endfb-vii.1-hdf5/neutron/Ni61.h5
 Reading Ni62 from /home/diogo/openmc_data/endfb-vii.1-hdf5/neutron/Ni62.h5
 Reading Ni64 from /home/diogo/openmc_data/endfb-vii.1-hdf5/neutron/Ni64.h5
 Reading Zr90 from /home/diogo/openmc_data/endfb-vii.1-hdf5/neutron/Zr90.h5
 Reading Zr91 from /home/diogo/openmc_data/endfb-vii.1-hdf5/neutron/Zr91.h5
 Reading Zr92 from /home/diogo/openmc_data/endfb-vii.1-hdf5/neutron/Zr92.h5
 Reading Zr94 from /home/diogo/openmc_data/endfb-vii.1-hdf5/neutron/Zr94.h5
 Reading Zr96 from /home/diogo/openmc_data/endfb-vii.1-hdf5/neutron/Zr96.h5
 Reading Sn112 from /home/diogo/openmc_data/endfb-vii.1-hdf5/neutron/Sn112.h5
 Reading Sn114 from /home/diogo/openmc_data/endfb-vii.1-hdf5/neutron/Sn114.h5
 Reading Sn115 from /home/diogo/openmc_data/endfb-vii.1-hdf5/neutron/Sn115.h5
 Reading Sn116 from /home/diogo/openmc_data/endfb-vii.1-hdf5/neutron/Sn116.h5
 Reading Sn117 from /home/diogo/openmc_data/endfb-vii.1-hdf5/neutron/Sn117.h5
 Reading Sn118 from /home/diogo/openmc_data/endfb-vii.1-hdf5/neutron/Sn118.h5
 Reading Sn119 from /home/diogo/openmc_data/endfb-vii.1-hdf5/neutron/Sn119.h5
 Reading Sn120 from /home/diogo/openmc_data/endfb-vii.1-hdf5/neutron/Sn120.h5
 Reading Sn122 from /home/diogo/openmc_data/endfb-vii.1-hdf5/neutron/Sn122.h5
 Reading Sn124 from /home/diogo/openmc_data/endfb-vii.1-hdf5/neutron/Sn124.h5
 Reading He3 from /home/diogo/openmc_data/endfb-vii.1-hdf5/neutron/He3.h5
 Reading He4 from /home/diogo/openmc_data/endfb-vii.1-hdf5/neutron/He4.h5
 Reading U234 from /home/diogo/openmc_data/endfb-vii.1-hdf5/neutron/U234.h5
 Reading U235 from /home/diogo/openmc_data/endfb-vii.1-hdf5/neutron/U235.h5
 Reading U238 from /home/diogo/openmc_data/endfb-vii.1-hdf5/neutron/U238.h5
 Reading Gd152 from /home/diogo/openmc_data/endfb-vii.1-hdf5/neutron/Gd152.h5
 Reading Gd154 from /home/diogo/openmc_data/endfb-vii.1-hdf5/neutron/Gd154.h5
 Reading Gd155 from /home/diogo/openmc_data/endfb-vii.1-hdf5/neutron/Gd155.h5
 Reading Gd156 from /home/diogo/openmc_data/endfb-vii.1-hdf5/neutron/Gd156.h5
 Reading Gd157 from /home/diogo/openmc_data/endfb-vii.1-hdf5/neutron/Gd157.h5
 Reading Gd158 from /home/diogo/openmc_data/endfb-vii.1-hdf5/neutron/Gd158.h5
 Reading Gd160 from /home/diogo/openmc_data/endfb-vii.1-hdf5/neutron/Gd160.h5
 Reading Si28 from /home/diogo/openmc_data/endfb-vii.1-hdf5/neutron/Si28.h5
 Reading Si29 from /home/diogo/openmc_data/endfb-vii.1-hdf5/neutron/Si29.h5
 Reading Si30 from /home/diogo/openmc_data/endfb-vii.1-hdf5/neutron/Si30.h5
 Reading Ag107 from /home/diogo/openmc_data/endfb-vii.1-hdf5/neutron/Ag107.h5
 Reading Ag109 from /home/diogo/openmc_data/endfb-vii.1-hdf5/neutron/Ag109.h5
 Reading Cd106 from /home/diogo/openmc_data/endfb-vii.1-hdf5/neutron/Cd106.h5
 WARNING: Negative value(s) found on probability table for nuclide Cd106 at 294K
 WARNING: Negative value(s) found on probability table for nuclide Cd106 at 600K
 WARNING: Negative value(s) found on probability table for nuclide Cd106 at 900K
 WARNING: Negative value(s) found on probability table for nuclide Cd106 at
          1200K
 WARNING: Negative value(s) found on probability table for nuclide Cd106 at
          2500K
 Reading Cd108 from /home/diogo/openmc_data/endfb-vii.1-hdf5/neutron/Cd108.h5
 Reading Cd110 from /home/diogo/openmc_data/endfb-vii.1-hdf5/neutron/Cd110.h5
 Reading Cd111 from /home/diogo/openmc_data/endfb-vii.1-hdf5/neutron/Cd111.h5
 Reading Cd112 from /home/diogo/openmc_data/endfb-vii.1-hdf5/neutron/Cd112.h5
 Reading Cd113 from /home/diogo/openmc_data/endfb-vii.1-hdf5/neutron/Cd113.h5
 Reading Cd114 from /home/diogo/openmc_data/endfb-vii.1-hdf5/neutron/Cd114.h5
 Reading Cd116 from /home/diogo/openmc_data/endfb-vii.1-hdf5/neutron/Cd116.h5
 Reading In113 from /home/diogo/openmc_data/endfb-vii.1-hdf5/neutron/In113.h5
 Reading In115 from /home/diogo/openmc_data/endfb-vii.1-hdf5/neutron/In115.h5
 Reading c_H_in_H2O from
 /home/diogo/openmc_data/endfb-vii.1-hdf5/neutron/c_H_in_H2O.h5
 Minimum neutron data temperature: 0 K
 Maximum neutron data temperature: 1.7976931348623157e+308 K
 Reading tallies XML file...
 Preparing distributed cell instances...
 Reading plot XML file...
 Writing summary.h5 file...
[openmc.deplete] t=0.0 s, dt=4327203.051553669 s, source=47715611.00824993
 Reading H3 from /home/diogo/openmc_data/endfb-vii.1-hdf5/neutron/H3.h5
 Reading Li6 from /home/diogo/openmc_data/endfb-vii.1-hdf5/neutron/Li6.h5
 Reading Li7 from /home/diogo/openmc_data/endfb-vii.1-hdf5/neutron/Li7.h5
 Reading Be9 from /home/diogo/openmc_data/endfb-vii.1-hdf5/neutron/Be9.h5
 Reading N14 from /home/diogo/openmc_data/endfb-vii.1-hdf5/neutron/N14.h5
 Reading N15 from /home/diogo/openmc_data/endfb-vii.1-hdf5/neutron/N15.h5
 Reading F19 from /home/diogo/openmc_data/endfb-vii.1-hdf5/neutron/F19.h5
 Reading Na22 from /home/diogo/openmc_data/endfb-vii.1-hdf5/neutron/Na22.h5
 WARNING: Negative value(s) found on probability table for nuclide Na22 at 250K
 WARNING: Negative value(s) found on probability table for nuclide Na22 at 294K
 WARNING: Negative value(s) found on probability table for nuclide Na22 at 600K
 WARNING: Negative value(s) found on probability table for nuclide Na22 at 900K
 WARNING: Negative value(s) found on probability table for nuclide Na22 at 1200K
 WARNING: Negative value(s) found on probability table for nuclide Na22 at 2500K
 Reading Na23 from /home/diogo/openmc_data/endfb-vii.1-hdf5/neutron/Na23.h5
 Reading Mg24 from /home/diogo/openmc_data/endfb-vii.1-hdf5/neutron/Mg24.h5
 Reading Mg25 from /home/diogo/openmc_data/endfb-vii.1-hdf5/neutron/Mg25.h5
 Reading Mg26 from /home/diogo/openmc_data/endfb-vii.1-hdf5/neutron/Mg26.h5
 Reading Al27 from /home/diogo/openmc_data/endfb-vii.1-hdf5/neutron/Al27.h5
 Reading P31 from /home/diogo/openmc_data/endfb-vii.1-hdf5/neutron/P31.h5
 Reading S32 from /home/diogo/openmc_data/endfb-vii.1-hdf5/neutron/S32.h5
 Reading S33 from /home/diogo/openmc_data/endfb-vii.1-hdf5/neutron/S33.h5
 Reading S34 from /home/diogo/openmc_data/endfb-vii.1-hdf5/neutron/S34.h5
 Reading S36 from /home/diogo/openmc_data/endfb-vii.1-hdf5/neutron/S36.h5
 Reading Cl35 from /home/diogo/openmc_data/endfb-vii.1-hdf5/neutron/Cl35.h5
 Reading Cl37 from /home/diogo/openmc_data/endfb-vii.1-hdf5/neutron/Cl37.h5
 Reading Ar36 from /home/diogo/openmc_data/endfb-vii.1-hdf5/neutron/Ar36.h5
 WARNING: Negative value(s) found on probability table for nuclide Ar36 at 250K
 WARNING: Negative value(s) found on probability table for nuclide Ar36 at 294K
 WARNING: Negative value(s) found on probability table for nuclide Ar36 at 600K
 WARNING: Negative value(s) found on probability table for nuclide Ar36 at 900K
 WARNING: Negative value(s) found on probability table for nuclide Ar36 at 1200K
 WARNING: Negative value(s) found on probability table for nuclide Ar36 at 2500K
 Reading Ar38 from /home/diogo/openmc_data/endfb-vii.1-hdf5/neutron/Ar38.h5
 Reading Ar40 from /home/diogo/openmc_data/endfb-vii.1-hdf5/neutron/Ar40.h5
 Reading K39 from /home/diogo/openmc_data/endfb-vii.1-hdf5/neutron/K39.h5
 Reading K40 from /home/diogo/openmc_data/endfb-vii.1-hdf5/neutron/K40.h5
 Reading K41 from /home/diogo/openmc_data/endfb-vii.1-hdf5/neutron/K41.h5
 Reading Ca40 from /home/diogo/openmc_data/endfb-vii.1-hdf5/neutron/Ca40.h5
 Reading Ca42 from /home/diogo/openmc_data/endfb-vii.1-hdf5/neutron/Ca42.h5
 Reading Ca43 from /home/diogo/openmc_data/endfb-vii.1-hdf5/neutron/Ca43.h5
 Reading Ca44 from /home/diogo/openmc_data/endfb-vii.1-hdf5/neutron/Ca44.h5
 Reading Ca46 from /home/diogo/openmc_data/endfb-vii.1-hdf5/neutron/Ca46.h5
 Reading Ca48 from /home/diogo/openmc_data/endfb-vii.1-hdf5/neutron/Ca48.h5
 Reading Sc45 from /home/diogo/openmc_data/endfb-vii.1-hdf5/neutron/Sc45.h5
 Reading Ti46 from /home/diogo/openmc_data/endfb-vii.1-hdf5/neutron/Ti46.h5
 Reading Ti47 from /home/diogo/openmc_data/endfb-vii.1-hdf5/neutron/Ti47.h5
 Reading Ti48 from /home/diogo/openmc_data/endfb-vii.1-hdf5/neutron/Ti48.h5
 Reading Ti49 from /home/diogo/openmc_data/endfb-vii.1-hdf5/neutron/Ti49.h5
 Reading Ti50 from /home/diogo/openmc_data/endfb-vii.1-hdf5/neutron/Ti50.h5
 Reading V50 from /home/diogo/openmc_data/endfb-vii.1-hdf5/neutron/V50.h5
 Reading V51 from /home/diogo/openmc_data/endfb-vii.1-hdf5/neutron/V51.h5
 Reading Co58 from /home/diogo/openmc_data/endfb-vii.1-hdf5/neutron/Co58.h5
 Reading Co58_m1 from
 /home/diogo/openmc_data/endfb-vii.1-hdf5/neutron/Co58_m1.h5
 Reading Co59 from /home/diogo/openmc_data/endfb-vii.1-hdf5/neutron/Co59.h5
 Reading Ni59 from /home/diogo/openmc_data/endfb-vii.1-hdf5/neutron/Ni59.h5
 Reading Cu63 from /home/diogo/openmc_data/endfb-vii.1-hdf5/neutron/Cu63.h5
 Reading Cu65 from /home/diogo/openmc_data/endfb-vii.1-hdf5/neutron/Cu65.h5
 Reading Zn64 from /home/diogo/openmc_data/endfb-vii.1-hdf5/neutron/Zn64.h5
 Reading Zn65 from /home/diogo/openmc_data/endfb-vii.1-hdf5/neutron/Zn65.h5
 Reading Zn66 from /home/diogo/openmc_data/endfb-vii.1-hdf5/neutron/Zn66.h5
 Reading Zn67 from /home/diogo/openmc_data/endfb-vii.1-hdf5/neutron/Zn67.h5
 Reading Zn68 from /home/diogo/openmc_data/endfb-vii.1-hdf5/neutron/Zn68.h5
 Reading Zn70 from /home/diogo/openmc_data/endfb-vii.1-hdf5/neutron/Zn70.h5
 Reading Ga69 from /home/diogo/openmc_data/endfb-vii.1-hdf5/neutron/Ga69.h5
 Reading Ga71 from /home/diogo/openmc_data/endfb-vii.1-hdf5/neutron/Ga71.h5
 Reading Ge70 from /home/diogo/openmc_data/endfb-vii.1-hdf5/neutron/Ge70.h5
 Reading Ge72 from /home/diogo/openmc_data/endfb-vii.1-hdf5/neutron/Ge72.h5
 Reading Ge73 from /home/diogo/openmc_data/endfb-vii.1-hdf5/neutron/Ge73.h5
 Reading Ge74 from /home/diogo/openmc_data/endfb-vii.1-hdf5/neutron/Ge74.h5
 Reading Ge76 from /home/diogo/openmc_data/endfb-vii.1-hdf5/neutron/Ge76.h5
 Reading As74 from /home/diogo/openmc_data/endfb-vii.1-hdf5/neutron/As74.h5
 Reading As75 from /home/diogo/openmc_data/endfb-vii.1-hdf5/neutron/As75.h5
 Reading Se74 from /home/diogo/openmc_data/endfb-vii.1-hdf5/neutron/Se74.h5
 Reading Se76 from /home/diogo/openmc_data/endfb-vii.1-hdf5/neutron/Se76.h5
 Reading Se77 from /home/diogo/openmc_data/endfb-vii.1-hdf5/neutron/Se77.h5
 Reading Se78 from /home/diogo/openmc_data/endfb-vii.1-hdf5/neutron/Se78.h5
 Reading Se79 from /home/diogo/openmc_data/endfb-vii.1-hdf5/neutron/Se79.h5
 WARNING: Negative value(s) found on probability table for nuclide Se79 at 250K
 WARNING: Negative value(s) found on probability table for nuclide Se79 at 294K
 WARNING: Negative value(s) found on probability table for nuclide Se79 at 600K
 WARNING: Negative value(s) found on probability table for nuclide Se79 at 900K
 WARNING: Negative value(s) found on probability table for nuclide Se79 at 1200K
 Reading Se80 from /home/diogo/openmc_data/endfb-vii.1-hdf5/neutron/Se80.h5
 Reading Se82 from /home/diogo/openmc_data/endfb-vii.1-hdf5/neutron/Se82.h5
 Reading Br79 from /home/diogo/openmc_data/endfb-vii.1-hdf5/neutron/Br79.h5
 Reading Br81 from /home/diogo/openmc_data/endfb-vii.1-hdf5/neutron/Br81.h5
 Reading Kr78 from /home/diogo/openmc_data/endfb-vii.1-hdf5/neutron/Kr78.h5
 Reading Kr80 from /home/diogo/openmc_data/endfb-vii.1-hdf5/neutron/Kr80.h5
 Reading Kr82 from /home/diogo/openmc_data/endfb-vii.1-hdf5/neutron/Kr82.h5
 Reading Kr83 from /home/diogo/openmc_data/endfb-vii.1-hdf5/neutron/Kr83.h5
 Reading Kr84 from /home/diogo/openmc_data/endfb-vii.1-hdf5/neutron/Kr84.h5
 Reading Kr85 from /home/diogo/openmc_data/endfb-vii.1-hdf5/neutron/Kr85.h5
 Reading Kr86 from /home/diogo/openmc_data/endfb-vii.1-hdf5/neutron/Kr86.h5
 Reading Rb85 from /home/diogo/openmc_data/endfb-vii.1-hdf5/neutron/Rb85.h5
 Reading Rb86 from /home/diogo/openmc_data/endfb-vii.1-hdf5/neutron/Rb86.h5
 Reading Rb87 from /home/diogo/openmc_data/endfb-vii.1-hdf5/neutron/Rb87.h5
 Reading Sr84 from /home/diogo/openmc_data/endfb-vii.1-hdf5/neutron/Sr84.h5
 Reading Sr86 from /home/diogo/openmc_data/endfb-vii.1-hdf5/neutron/Sr86.h5
 Reading Sr87 from /home/diogo/openmc_data/endfb-vii.1-hdf5/neutron/Sr87.h5
 Reading Sr88 from /home/diogo/openmc_data/endfb-vii.1-hdf5/neutron/Sr88.h5
 Reading Sr89 from /home/diogo/openmc_data/endfb-vii.1-hdf5/neutron/Sr89.h5
 Reading Sr90 from /home/diogo/openmc_data/endfb-vii.1-hdf5/neutron/Sr90.h5
 Reading Y89 from /home/diogo/openmc_data/endfb-vii.1-hdf5/neutron/Y89.h5
 Reading Y90 from /home/diogo/openmc_data/endfb-vii.1-hdf5/neutron/Y90.h5
 Reading Y91 from /home/diogo/openmc_data/endfb-vii.1-hdf5/neutron/Y91.h5
 Reading Zr93 from /home/diogo/openmc_data/endfb-vii.1-hdf5/neutron/Zr93.h5
 Reading Zr95 from /home/diogo/openmc_data/endfb-vii.1-hdf5/neutron/Zr95.h5
 Reading Nb93 from /home/diogo/openmc_data/endfb-vii.1-hdf5/neutron/Nb93.h5
 Reading Nb94 from /home/diogo/openmc_data/endfb-vii.1-hdf5/neutron/Nb94.h5
 WARNING: Negative value(s) found on probability table for nuclide Nb94 at 250K
 WARNING: Negative value(s) found on probability table for nuclide Nb94 at 294K
 WARNING: Negative value(s) found on probability table for nuclide Nb94 at 600K
 WARNING: Negative value(s) found on probability table for nuclide Nb94 at 900K
 WARNING: Negative value(s) found on probability table for nuclide Nb94 at 1200K
 WARNING: Negative value(s) found on probability table for nuclide Nb94 at 2500K
 Reading Nb95 from /home/diogo/openmc_data/endfb-vii.1-hdf5/neutron/Nb95.h5
 WARNING: Negative value(s) found on probability table for nuclide Nb95 at 250K
 WARNING: Negative value(s) found on probability table for nuclide Nb95 at 294K
 WARNING: Negative value(s) found on probability table for nuclide Nb95 at 600K
 WARNING: Negative value(s) found on probability table for nuclide Nb95 at 900K
 WARNING: Negative value(s) found on probability table for nuclide Nb95 at 1200K
 Reading Mo92 from /home/diogo/openmc_data/endfb-vii.1-hdf5/neutron/Mo92.h5
 Reading Mo94 from /home/diogo/openmc_data/endfb-vii.1-hdf5/neutron/Mo94.h5
 Reading Mo95 from /home/diogo/openmc_data/endfb-vii.1-hdf5/neutron/Mo95.h5
 Reading Mo96 from /home/diogo/openmc_data/endfb-vii.1-hdf5/neutron/Mo96.h5
 Reading Mo97 from /home/diogo/openmc_data/endfb-vii.1-hdf5/neutron/Mo97.h5
 Reading Mo98 from /home/diogo/openmc_data/endfb-vii.1-hdf5/neutron/Mo98.h5
 Reading Mo99 from /home/diogo/openmc_data/endfb-vii.1-hdf5/neutron/Mo99.h5
 WARNING: Negative value(s) found on probability table for nuclide Mo99 at 250K
 WARNING: Negative value(s) found on probability table for nuclide Mo99 at 294K
 WARNING: Negative value(s) found on probability table for nuclide Mo99 at 600K
 WARNING: Negative value(s) found on probability table for nuclide Mo99 at 900K
 WARNING: Negative value(s) found on probability table for nuclide Mo99 at 1200K
 WARNING: Negative value(s) found on probability table for nuclide Mo99 at 2500K
 Reading Mo100 from /home/diogo/openmc_data/endfb-vii.1-hdf5/neutron/Mo100.h5
 Reading Tc99 from /home/diogo/openmc_data/endfb-vii.1-hdf5/neutron/Tc99.h5
 Reading Ru96 from /home/diogo/openmc_data/endfb-vii.1-hdf5/neutron/Ru96.h5
 Reading Ru98 from /home/diogo/openmc_data/endfb-vii.1-hdf5/neutron/Ru98.h5
 Reading Ru99 from /home/diogo/openmc_data/endfb-vii.1-hdf5/neutron/Ru99.h5
 Reading Ru100 from /home/diogo/openmc_data/endfb-vii.1-hdf5/neutron/Ru100.h5
 Reading Ru101 from /home/diogo/openmc_data/endfb-vii.1-hdf5/neutron/Ru101.h5
 Reading Ru102 from /home/diogo/openmc_data/endfb-vii.1-hdf5/neutron/Ru102.h5
 Reading Ru103 from /home/diogo/openmc_data/endfb-vii.1-hdf5/neutron/Ru103.h5
 Reading Ru104 from /home/diogo/openmc_data/endfb-vii.1-hdf5/neutron/Ru104.h5
 Reading Ru105 from /home/diogo/openmc_data/endfb-vii.1-hdf5/neutron/Ru105.h5
 Reading Ru106 from /home/diogo/openmc_data/endfb-vii.1-hdf5/neutron/Ru106.h5
 Reading Rh103 from /home/diogo/openmc_data/endfb-vii.1-hdf5/neutron/Rh103.h5
 Reading Rh105 from /home/diogo/openmc_data/endfb-vii.1-hdf5/neutron/Rh105.h5
 Reading Pd102 from /home/diogo/openmc_data/endfb-vii.1-hdf5/neutron/Pd102.h5
 Reading Pd104 from /home/diogo/openmc_data/endfb-vii.1-hdf5/neutron/Pd104.h5
 Reading Pd105 from /home/diogo/openmc_data/endfb-vii.1-hdf5/neutron/Pd105.h5
 Reading Pd106 from /home/diogo/openmc_data/endfb-vii.1-hdf5/neutron/Pd106.h5
 Reading Pd107 from /home/diogo/openmc_data/endfb-vii.1-hdf5/neutron/Pd107.h5
 Reading Pd108 from /home/diogo/openmc_data/endfb-vii.1-hdf5/neutron/Pd108.h5
 Reading Pd110 from /home/diogo/openmc_data/endfb-vii.1-hdf5/neutron/Pd110.h5
 Reading Ag110_m1 from
 /home/diogo/openmc_data/endfb-vii.1-hdf5/neutron/Ag110_m1.h5
 Reading Ag111 from /home/diogo/openmc_data/endfb-vii.1-hdf5/neutron/Ag111.h5
 Reading Cd115_m1 from
 /home/diogo/openmc_data/endfb-vii.1-hdf5/neutron/Cd115_m1.h5
 Reading Sn113 from /home/diogo/openmc_data/endfb-vii.1-hdf5/neutron/Sn113.h5
 Reading Sn123 from /home/diogo/openmc_data/endfb-vii.1-hdf5/neutron/Sn123.h5
 WARNING: Negative value(s) found on probability table for nuclide Sn123 at 250K
 WARNING: Negative value(s) found on probability table for nuclide Sn123 at 294K
 WARNING: Negative value(s) found on probability table for nuclide Sn123 at 600K
 WARNING: Negative value(s) found on probability table for nuclide Sn123 at 900K
 WARNING: Negative value(s) found on probability table for nuclide Sn123 at
          1200K
 WARNING: Negative value(s) found on probability table for nuclide Sn123 at
          2500K
 Reading Sn125 from /home/diogo/openmc_data/endfb-vii.1-hdf5/neutron/Sn125.h5
 Reading Sn126 from /home/diogo/openmc_data/endfb-vii.1-hdf5/neutron/Sn126.h5
 Reading Sb121 from /home/diogo/openmc_data/endfb-vii.1-hdf5/neutron/Sb121.h5
 Reading Sb123 from /home/diogo/openmc_data/endfb-vii.1-hdf5/neutron/Sb123.h5
 Reading Sb124 from /home/diogo/openmc_data/endfb-vii.1-hdf5/neutron/Sb124.h5
 Reading Sb125 from /home/diogo/openmc_data/endfb-vii.1-hdf5/neutron/Sb125.h5
 Reading Sb126 from /home/diogo/openmc_data/endfb-vii.1-hdf5/neutron/Sb126.h5
 Reading Te120 from /home/diogo/openmc_data/endfb-vii.1-hdf5/neutron/Te120.h5
 WARNING: Negative value(s) found on probability table for nuclide Te120 at 600K
 WARNING: Negative value(s) found on probability table for nuclide Te120 at 900K
 WARNING: Negative value(s) found on probability table for nuclide Te120 at
          1200K
 WARNING: Negative value(s) found on probability table for nuclide Te120 at
          2500K
 Reading Te122 from /home/diogo/openmc_data/endfb-vii.1-hdf5/neutron/Te122.h5
 Reading Te123 from /home/diogo/openmc_data/endfb-vii.1-hdf5/neutron/Te123.h5
 Reading Te124 from /home/diogo/openmc_data/endfb-vii.1-hdf5/neutron/Te124.h5
 Reading Te125 from /home/diogo/openmc_data/endfb-vii.1-hdf5/neutron/Te125.h5
 Reading Te126 from /home/diogo/openmc_data/endfb-vii.1-hdf5/neutron/Te126.h5
 Reading Te127_m1 from
 /home/diogo/openmc_data/endfb-vii.1-hdf5/neutron/Te127_m1.h5
 Reading Te128 from /home/diogo/openmc_data/endfb-vii.1-hdf5/neutron/Te128.h5
 Reading Te129_m1 from
 /home/diogo/openmc_data/endfb-vii.1-hdf5/neutron/Te129_m1.h5
 Reading Te130 from /home/diogo/openmc_data/endfb-vii.1-hdf5/neutron/Te130.h5
 Reading Te132 from /home/diogo/openmc_data/endfb-vii.1-hdf5/neutron/Te132.h5
 Reading I127 from /home/diogo/openmc_data/endfb-vii.1-hdf5/neutron/I127.h5
 Reading I129 from /home/diogo/openmc_data/endfb-vii.1-hdf5/neutron/I129.h5
 Reading I130 from /home/diogo/openmc_data/endfb-vii.1-hdf5/neutron/I130.h5
 Reading I131 from /home/diogo/openmc_data/endfb-vii.1-hdf5/neutron/I131.h5
 WARNING: Negative value(s) found on probability table for nuclide I131 at 250K
 WARNING: Negative value(s) found on probability table for nuclide I131 at 294K
 WARNING: Negative value(s) found on probability table for nuclide I131 at 600K
 WARNING: Negative value(s) found on probability table for nuclide I131 at 900K
 WARNING: Negative value(s) found on probability table for nuclide I131 at 1200K
 WARNING: Negative value(s) found on probability table for nuclide I131 at 2500K
 Reading I135 from /home/diogo/openmc_data/endfb-vii.1-hdf5/neutron/I135.h5
 Reading Xe123 from /home/diogo/openmc_data/endfb-vii.1-hdf5/neutron/Xe123.h5
 Reading Xe124 from /home/diogo/openmc_data/endfb-vii.1-hdf5/neutron/Xe124.h5
 Reading Xe126 from /home/diogo/openmc_data/endfb-vii.1-hdf5/neutron/Xe126.h5
 Reading Xe128 from /home/diogo/openmc_data/endfb-vii.1-hdf5/neutron/Xe128.h5
 Reading Xe129 from /home/diogo/openmc_data/endfb-vii.1-hdf5/neutron/Xe129.h5
 Reading Xe130 from /home/diogo/openmc_data/endfb-vii.1-hdf5/neutron/Xe130.h5
 Reading Xe131 from /home/diogo/openmc_data/endfb-vii.1-hdf5/neutron/Xe131.h5
 Reading Xe132 from /home/diogo/openmc_data/endfb-vii.1-hdf5/neutron/Xe132.h5
 Reading Xe133 from /home/diogo/openmc_data/endfb-vii.1-hdf5/neutron/Xe133.h5
 WARNING: Negative value(s) found on probability table for nuclide Xe133 at
          2500K
 Reading Xe134 from /home/diogo/openmc_data/endfb-vii.1-hdf5/neutron/Xe134.h5
 Reading Xe135 from /home/diogo/openmc_data/endfb-vii.1-hdf5/neutron/Xe135.h5
 Reading Xe136 from /home/diogo/openmc_data/endfb-vii.1-hdf5/neutron/Xe136.h5
 Reading Cs133 from /home/diogo/openmc_data/endfb-vii.1-hdf5/neutron/Cs133.h5
 Reading Cs134 from /home/diogo/openmc_data/endfb-vii.1-hdf5/neutron/Cs134.h5
 Reading Cs135 from /home/diogo/openmc_data/endfb-vii.1-hdf5/neutron/Cs135.h5
 Reading Cs136 from /home/diogo/openmc_data/endfb-vii.1-hdf5/neutron/Cs136.h5
 WARNING: Negative value(s) found on probability table for nuclide Cs136 at 250K
 WARNING: Negative value(s) found on probability table for nuclide Cs136 at 294K
 WARNING: Negative value(s) found on probability table for nuclide Cs136 at 600K
 WARNING: Negative value(s) found on probability table for nuclide Cs136 at 900K
 WARNING: Negative value(s) found on probability table for nuclide Cs136 at
          1200K
 WARNING: Negative value(s) found on probability table for nuclide Cs136 at
          2500K
 Reading Cs137 from /home/diogo/openmc_data/endfb-vii.1-hdf5/neutron/Cs137.h5
 Reading Ba130 from /home/diogo/openmc_data/endfb-vii.1-hdf5/neutron/Ba130.h5
 Reading Ba132 from /home/diogo/openmc_data/endfb-vii.1-hdf5/neutron/Ba132.h5
 Reading Ba133 from /home/diogo/openmc_data/endfb-vii.1-hdf5/neutron/Ba133.h5
 Reading Ba134 from /home/diogo/openmc_data/endfb-vii.1-hdf5/neutron/Ba134.h5
 Reading Ba135 from /home/diogo/openmc_data/endfb-vii.1-hdf5/neutron/Ba135.h5
 Reading Ba136 from /home/diogo/openmc_data/endfb-vii.1-hdf5/neutron/Ba136.h5
 Reading Ba137 from /home/diogo/openmc_data/endfb-vii.1-hdf5/neutron/Ba137.h5
 Reading Ba138 from /home/diogo/openmc_data/endfb-vii.1-hdf5/neutron/Ba138.h5
 Reading Ba140 from /home/diogo/openmc_data/endfb-vii.1-hdf5/neutron/Ba140.h5
 Reading La138 from /home/diogo/openmc_data/endfb-vii.1-hdf5/neutron/La138.h5
 Reading La139 from /home/diogo/openmc_data/endfb-vii.1-hdf5/neutron/La139.h5
 Reading La140 from /home/diogo/openmc_data/endfb-vii.1-hdf5/neutron/La140.h5
 Reading Ce136 from /home/diogo/openmc_data/endfb-vii.1-hdf5/neutron/Ce136.h5
 Reading Ce138 from /home/diogo/openmc_data/endfb-vii.1-hdf5/neutron/Ce138.h5
 Reading Ce139 from /home/diogo/openmc_data/endfb-vii.1-hdf5/neutron/Ce139.h5
 Reading Ce140 from /home/diogo/openmc_data/endfb-vii.1-hdf5/neutron/Ce140.h5
 Reading Ce141 from /home/diogo/openmc_data/endfb-vii.1-hdf5/neutron/Ce141.h5
 Reading Ce142 from /home/diogo/openmc_data/endfb-vii.1-hdf5/neutron/Ce142.h5
 Reading Ce143 from /home/diogo/openmc_data/endfb-vii.1-hdf5/neutron/Ce143.h5
 Reading Ce144 from /home/diogo/openmc_data/endfb-vii.1-hdf5/neutron/Ce144.h5
 Reading Pr141 from /home/diogo/openmc_data/endfb-vii.1-hdf5/neutron/Pr141.h5
 Reading Pr142 from /home/diogo/openmc_data/endfb-vii.1-hdf5/neutron/Pr142.h5
 Reading Pr143 from /home/diogo/openmc_data/endfb-vii.1-hdf5/neutron/Pr143.h5
 Reading Nd142 from /home/diogo/openmc_data/endfb-vii.1-hdf5/neutron/Nd142.h5
 Reading Nd143 from /home/diogo/openmc_data/endfb-vii.1-hdf5/neutron/Nd143.h5
 Reading Nd144 from /home/diogo/openmc_data/endfb-vii.1-hdf5/neutron/Nd144.h5
 Reading Nd145 from /home/diogo/openmc_data/endfb-vii.1-hdf5/neutron/Nd145.h5
 Reading Nd146 from /home/diogo/openmc_data/endfb-vii.1-hdf5/neutron/Nd146.h5
 Reading Nd147 from /home/diogo/openmc_data/endfb-vii.1-hdf5/neutron/Nd147.h5
 Reading Nd148 from /home/diogo/openmc_data/endfb-vii.1-hdf5/neutron/Nd148.h5
 Reading Nd150 from /home/diogo/openmc_data/endfb-vii.1-hdf5/neutron/Nd150.h5
 Reading Pm147 from /home/diogo/openmc_data/endfb-vii.1-hdf5/neutron/Pm147.h5
 Reading Pm148 from /home/diogo/openmc_data/endfb-vii.1-hdf5/neutron/Pm148.h5
 Reading Pm148_m1 from
 /home/diogo/openmc_data/endfb-vii.1-hdf5/neutron/Pm148_m1.h5
 Reading Pm149 from /home/diogo/openmc_data/endfb-vii.1-hdf5/neutron/Pm149.h5
 Reading Pm151 from /home/diogo/openmc_data/endfb-vii.1-hdf5/neutron/Pm151.h5
 Reading Sm144 from /home/diogo/openmc_data/endfb-vii.1-hdf5/neutron/Sm144.h5
 Reading Sm147 from /home/diogo/openmc_data/endfb-vii.1-hdf5/neutron/Sm147.h5
 Reading Sm148 from /home/diogo/openmc_data/endfb-vii.1-hdf5/neutron/Sm148.h5
 Reading Sm149 from /home/diogo/openmc_data/endfb-vii.1-hdf5/neutron/Sm149.h5
 Reading Sm150 from /home/diogo/openmc_data/endfb-vii.1-hdf5/neutron/Sm150.h5
 Reading Sm151 from /home/diogo/openmc_data/endfb-vii.1-hdf5/neutron/Sm151.h5
 Reading Sm152 from /home/diogo/openmc_data/endfb-vii.1-hdf5/neutron/Sm152.h5
 Reading Sm153 from /home/diogo/openmc_data/endfb-vii.1-hdf5/neutron/Sm153.h5
 Reading Sm154 from /home/diogo/openmc_data/endfb-vii.1-hdf5/neutron/Sm154.h5
 Reading Eu151 from /home/diogo/openmc_data/endfb-vii.1-hdf5/neutron/Eu151.h5
 Reading Eu152 from /home/diogo/openmc_data/endfb-vii.1-hdf5/neutron/Eu152.h5
 Reading Eu153 from /home/diogo/openmc_data/endfb-vii.1-hdf5/neutron/Eu153.h5
 Reading Eu154 from /home/diogo/openmc_data/endfb-vii.1-hdf5/neutron/Eu154.h5
 Reading Eu155 from /home/diogo/openmc_data/endfb-vii.1-hdf5/neutron/Eu155.h5
 Reading Eu156 from /home/diogo/openmc_data/endfb-vii.1-hdf5/neutron/Eu156.h5
 WARNING: Negative value(s) found on probability table for nuclide Eu156 at 250K
 WARNING: Negative value(s) found on probability table for nuclide Eu156 at 294K
 WARNING: Negative value(s) found on probability table for nuclide Eu156 at 600K
 WARNING: Negative value(s) found on probability table for nuclide Eu156 at 900K
 WARNING: Negative value(s) found on probability table for nuclide Eu156 at
          1200K
 WARNING: Negative value(s) found on probability table for nuclide Eu156 at
          2500K
 Reading Eu157 from /home/diogo/openmc_data/endfb-vii.1-hdf5/neutron/Eu157.h5
 Reading Gd153 from /home/diogo/openmc_data/endfb-vii.1-hdf5/neutron/Gd153.h5
 Reading Tb159 from /home/diogo/openmc_data/endfb-vii.1-hdf5/neutron/Tb159.h5
 Reading Tb160 from /home/diogo/openmc_data/endfb-vii.1-hdf5/neutron/Tb160.h5
 Reading Dy156 from /home/diogo/openmc_data/endfb-vii.1-hdf5/neutron/Dy156.h5
 Reading Dy158 from /home/diogo/openmc_data/endfb-vii.1-hdf5/neutron/Dy158.h5
 Reading Dy160 from /home/diogo/openmc_data/endfb-vii.1-hdf5/neutron/Dy160.h5
 Reading Dy161 from /home/diogo/openmc_data/endfb-vii.1-hdf5/neutron/Dy161.h5
 Reading Dy162 from /home/diogo/openmc_data/endfb-vii.1-hdf5/neutron/Dy162.h5
 Reading Dy163 from /home/diogo/openmc_data/endfb-vii.1-hdf5/neutron/Dy163.h5
 Reading Dy164 from /home/diogo/openmc_data/endfb-vii.1-hdf5/neutron/Dy164.h5
 Reading Ho165 from /home/diogo/openmc_data/endfb-vii.1-hdf5/neutron/Ho165.h5
 Reading Ho166_m1 from
 /home/diogo/openmc_data/endfb-vii.1-hdf5/neutron/Ho166_m1.h5
 Reading Er162 from /home/diogo/openmc_data/endfb-vii.1-hdf5/neutron/Er162.h5
 Reading Er164 from /home/diogo/openmc_data/endfb-vii.1-hdf5/neutron/Er164.h5
 Reading Er166 from /home/diogo/openmc_data/endfb-vii.1-hdf5/neutron/Er166.h5
 Reading Er167 from /home/diogo/openmc_data/endfb-vii.1-hdf5/neutron/Er167.h5
 Reading Er168 from /home/diogo/openmc_data/endfb-vii.1-hdf5/neutron/Er168.h5
 Reading Er170 from /home/diogo/openmc_data/endfb-vii.1-hdf5/neutron/Er170.h5
 Reading Tm168 from /home/diogo/openmc_data/endfb-vii.1-hdf5/neutron/Tm168.h5
 Reading Tm169 from /home/diogo/openmc_data/endfb-vii.1-hdf5/neutron/Tm169.h5
 Reading Tm170 from /home/diogo/openmc_data/endfb-vii.1-hdf5/neutron/Tm170.h5
 Reading Lu175 from /home/diogo/openmc_data/endfb-vii.1-hdf5/neutron/Lu175.h5
 Reading Lu176 from /home/diogo/openmc_data/endfb-vii.1-hdf5/neutron/Lu176.h5
 Reading Hf174 from /home/diogo/openmc_data/endfb-vii.1-hdf5/neutron/Hf174.h5
 Reading Hf176 from /home/diogo/openmc_data/endfb-vii.1-hdf5/neutron/Hf176.h5
 Reading Hf177 from /home/diogo/openmc_data/endfb-vii.1-hdf5/neutron/Hf177.h5
 Reading Hf178 from /home/diogo/openmc_data/endfb-vii.1-hdf5/neutron/Hf178.h5
 Reading Hf179 from /home/diogo/openmc_data/endfb-vii.1-hdf5/neutron/Hf179.h5
 Reading Hf180 from /home/diogo/openmc_data/endfb-vii.1-hdf5/neutron/Hf180.h5
 Reading Ta180 from /home/diogo/openmc_data/endfb-vii.1-hdf5/neutron/Ta180.h5
 Reading Ta181 from /home/diogo/openmc_data/endfb-vii.1-hdf5/neutron/Ta181.h5
 Reading Ta182 from /home/diogo/openmc_data/endfb-vii.1-hdf5/neutron/Ta182.h5
 Reading W180 from /home/diogo/openmc_data/endfb-vii.1-hdf5/neutron/W180.h5
 Reading W182 from /home/diogo/openmc_data/endfb-vii.1-hdf5/neutron/W182.h5
 Reading W183 from /home/diogo/openmc_data/endfb-vii.1-hdf5/neutron/W183.h5
 Reading W184 from /home/diogo/openmc_data/endfb-vii.1-hdf5/neutron/W184.h5
 Reading W186 from /home/diogo/openmc_data/endfb-vii.1-hdf5/neutron/W186.h5
 Reading Re185 from /home/diogo/openmc_data/endfb-vii.1-hdf5/neutron/Re185.h5
 Reading Re187 from /home/diogo/openmc_data/endfb-vii.1-hdf5/neutron/Re187.h5
 Reading Ir191 from /home/diogo/openmc_data/endfb-vii.1-hdf5/neutron/Ir191.h5
 Reading Ir193 from /home/diogo/openmc_data/endfb-vii.1-hdf5/neutron/Ir193.h5
 Reading Au197 from /home/diogo/openmc_data/endfb-vii.1-hdf5/neutron/Au197.h5
 Reading Hg196 from /home/diogo/openmc_data/endfb-vii.1-hdf5/neutron/Hg196.h5
 Reading Hg198 from /home/diogo/openmc_data/endfb-vii.1-hdf5/neutron/Hg198.h5
 Reading Hg199 from /home/diogo/openmc_data/endfb-vii.1-hdf5/neutron/Hg199.h5
 Reading Hg200 from /home/diogo/openmc_data/endfb-vii.1-hdf5/neutron/Hg200.h5
 Reading Hg201 from /home/diogo/openmc_data/endfb-vii.1-hdf5/neutron/Hg201.h5
 Reading Hg202 from /home/diogo/openmc_data/endfb-vii.1-hdf5/neutron/Hg202.h5
 Reading Hg204 from /home/diogo/openmc_data/endfb-vii.1-hdf5/neutron/Hg204.h5
 Reading Tl203 from /home/diogo/openmc_data/endfb-vii.1-hdf5/neutron/Tl203.h5
 Reading Tl205 from /home/diogo/openmc_data/endfb-vii.1-hdf5/neutron/Tl205.h5
 Reading Pb204 from /home/diogo/openmc_data/endfb-vii.1-hdf5/neutron/Pb204.h5
 Reading Pb206 from /home/diogo/openmc_data/endfb-vii.1-hdf5/neutron/Pb206.h5
 Reading Pb207 from /home/diogo/openmc_data/endfb-vii.1-hdf5/neutron/Pb207.h5
 Reading Pb208 from /home/diogo/openmc_data/endfb-vii.1-hdf5/neutron/Pb208.h5
 Reading Bi209 from /home/diogo/openmc_data/endfb-vii.1-hdf5/neutron/Bi209.h5
 Reading Ra223 from /home/diogo/openmc_data/endfb-vii.1-hdf5/neutron/Ra223.h5
 Reading Ra224 from /home/diogo/openmc_data/endfb-vii.1-hdf5/neutron/Ra224.h5
 Reading Ra225 from /home/diogo/openmc_data/endfb-vii.1-hdf5/neutron/Ra225.h5
 Reading Ra226 from /home/diogo/openmc_data/endfb-vii.1-hdf5/neutron/Ra226.h5
 Reading Ac225 from /home/diogo/openmc_data/endfb-vii.1-hdf5/neutron/Ac225.h5
 Reading Ac226 from /home/diogo/openmc_data/endfb-vii.1-hdf5/neutron/Ac226.h5
 Reading Ac227 from /home/diogo/openmc_data/endfb-vii.1-hdf5/neutron/Ac227.h5
 Reading Th227 from /home/diogo/openmc_data/endfb-vii.1-hdf5/neutron/Th227.h5
 Reading Th228 from /home/diogo/openmc_data/endfb-vii.1-hdf5/neutron/Th228.h5
 Reading Th229 from /home/diogo/openmc_data/endfb-vii.1-hdf5/neutron/Th229.h5
 Reading Th230 from /home/diogo/openmc_data/endfb-vii.1-hdf5/neutron/Th230.h5
 Reading Th231 from /home/diogo/openmc_data/endfb-vii.1-hdf5/neutron/Th231.h5
 Reading Th232 from /home/diogo/openmc_data/endfb-vii.1-hdf5/neutron/Th232.h5
 Reading Th233 from /home/diogo/openmc_data/endfb-vii.1-hdf5/neutron/Th233.h5
 Reading Th234 from /home/diogo/openmc_data/endfb-vii.1-hdf5/neutron/Th234.h5
 Reading Pa229 from /home/diogo/openmc_data/endfb-vii.1-hdf5/neutron/Pa229.h5
 Reading Pa230 from /home/diogo/openmc_data/endfb-vii.1-hdf5/neutron/Pa230.h5
 Reading Pa231 from /home/diogo/openmc_data/endfb-vii.1-hdf5/neutron/Pa231.h5
 Reading Pa232 from /home/diogo/openmc_data/endfb-vii.1-hdf5/neutron/Pa232.h5
 Reading Pa233 from /home/diogo/openmc_data/endfb-vii.1-hdf5/neutron/Pa233.h5
 Reading U230 from /home/diogo/openmc_data/endfb-vii.1-hdf5/neutron/U230.h5
 Reading U231 from /home/diogo/openmc_data/endfb-vii.1-hdf5/neutron/U231.h5
 Reading U232 from /home/diogo/openmc_data/endfb-vii.1-hdf5/neutron/U232.h5
 Reading U233 from /home/diogo/openmc_data/endfb-vii.1-hdf5/neutron/U233.h5
 Reading U236 from /home/diogo/openmc_data/endfb-vii.1-hdf5/neutron/U236.h5
 Reading U237 from /home/diogo/openmc_data/endfb-vii.1-hdf5/neutron/U237.h5
 Reading U239 from /home/diogo/openmc_data/endfb-vii.1-hdf5/neutron/U239.h5
 Reading U240 from /home/diogo/openmc_data/endfb-vii.1-hdf5/neutron/U240.h5
 Reading U241 from /home/diogo/openmc_data/endfb-vii.1-hdf5/neutron/U241.h5
 Reading Np234 from /home/diogo/openmc_data/endfb-vii.1-hdf5/neutron/Np234.h5
 Reading Np235 from /home/diogo/openmc_data/endfb-vii.1-hdf5/neutron/Np235.h5
 Reading Np236 from /home/diogo/openmc_data/endfb-vii.1-hdf5/neutron/Np236.h5
 Reading Np237 from /home/diogo/openmc_data/endfb-vii.1-hdf5/neutron/Np237.h5
 Reading Np238 from /home/diogo/openmc_data/endfb-vii.1-hdf5/neutron/Np238.h5
 Reading Np239 from /home/diogo/openmc_data/endfb-vii.1-hdf5/neutron/Np239.h5
 Reading Pu236 from /home/diogo/openmc_data/endfb-vii.1-hdf5/neutron/Pu236.h5
 Reading Pu237 from /home/diogo/openmc_data/endfb-vii.1-hdf5/neutron/Pu237.h5
 Reading Pu238 from /home/diogo/openmc_data/endfb-vii.1-hdf5/neutron/Pu238.h5
 Reading Pu239 from /home/diogo/openmc_data/endfb-vii.1-hdf5/neutron/Pu239.h5
 Reading Pu240 from /home/diogo/openmc_data/endfb-vii.1-hdf5/neutron/Pu240.h5
 Reading Pu241 from /home/diogo/openmc_data/endfb-vii.1-hdf5/neutron/Pu241.h5
 Reading Pu242 from /home/diogo/openmc_data/endfb-vii.1-hdf5/neutron/Pu242.h5
 Reading Pu243 from /home/diogo/openmc_data/endfb-vii.1-hdf5/neutron/Pu243.h5
 Reading Pu244 from /home/diogo/openmc_data/endfb-vii.1-hdf5/neutron/Pu244.h5
 Reading Pu246 from /home/diogo/openmc_data/endfb-vii.1-hdf5/neutron/Pu246.h5
 Reading Am240 from /home/diogo/openmc_data/endfb-vii.1-hdf5/neutron/Am240.h5
 Reading Am241 from /home/diogo/openmc_data/endfb-vii.1-hdf5/neutron/Am241.h5
 Reading Am242 from /home/diogo/openmc_data/endfb-vii.1-hdf5/neutron/Am242.h5
 Reading Am242_m1 from
 /home/diogo/openmc_data/endfb-vii.1-hdf5/neutron/Am242_m1.h5
 Reading Am243 from /home/diogo/openmc_data/endfb-vii.1-hdf5/neutron/Am243.h5
 Reading Am244 from /home/diogo/openmc_data/endfb-vii.1-hdf5/neutron/Am244.h5
 Reading Am244_m1 from
 /home/diogo/openmc_data/endfb-vii.1-hdf5/neutron/Am244_m1.h5
 Reading Cm240 from /home/diogo/openmc_data/endfb-vii.1-hdf5/neutron/Cm240.h5
 Reading Cm241 from /home/diogo/openmc_data/endfb-vii.1-hdf5/neutron/Cm241.h5
 Reading Cm242 from /home/diogo/openmc_data/endfb-vii.1-hdf5/neutron/Cm242.h5
 Reading Cm243 from /home/diogo/openmc_data/endfb-vii.1-hdf5/neutron/Cm243.h5
 Reading Cm244 from /home/diogo/openmc_data/endfb-vii.1-hdf5/neutron/Cm244.h5
 Reading Cm245 from /home/diogo/openmc_data/endfb-vii.1-hdf5/neutron/Cm245.h5
 Reading Cm246 from /home/diogo/openmc_data/endfb-vii.1-hdf5/neutron/Cm246.h5
 Reading Cm247 from /home/diogo/openmc_data/endfb-vii.1-hdf5/neutron/Cm247.h5
 Reading Cm248 from /home/diogo/openmc_data/endfb-vii.1-hdf5/neutron/Cm248.h5
 Reading Cm249 from /home/diogo/openmc_data/endfb-vii.1-hdf5/neutron/Cm249.h5
 Reading Cm250 from /home/diogo/openmc_data/endfb-vii.1-hdf5/neutron/Cm250.h5
 Reading Bk245 from /home/diogo/openmc_data/endfb-vii.1-hdf5/neutron/Bk245.h5
 Reading Bk246 from /home/diogo/openmc_data/endfb-vii.1-hdf5/neutron/Bk246.h5
 Reading Bk247 from /home/diogo/openmc_data/endfb-vii.1-hdf5/neutron/Bk247.h5
 Reading Bk248 from /home/diogo/openmc_data/endfb-vii.1-hdf5/neutron/Bk248.h5
 Reading Bk249 from /home/diogo/openmc_data/endfb-vii.1-hdf5/neutron/Bk249.h5
 Reading Bk250 from /home/diogo/openmc_data/endfb-vii.1-hdf5/neutron/Bk250.h5
 Reading Cf246 from /home/diogo/openmc_data/endfb-vii.1-hdf5/neutron/Cf246.h5
 Reading Cf248 from /home/diogo/openmc_data/endfb-vii.1-hdf5/neutron/Cf248.h5
 Reading Cf249 from /home/diogo/openmc_data/endfb-vii.1-hdf5/neutron/Cf249.h5
 Reading Cf250 from /home/diogo/openmc_data/endfb-vii.1-hdf5/neutron/Cf250.h5
 WARNING: Negative value(s) found on probability table for nuclide Cf250 at 250K
 WARNING: Negative value(s) found on probability table for nuclide Cf250 at 294K
 WARNING: Negative value(s) found on probability table for nuclide Cf250 at 900K
 WARNING: Negative value(s) found on probability table for nuclide Cf250 at
          1200K
 Reading Cf251 from /home/diogo/openmc_data/endfb-vii.1-hdf5/neutron/Cf251.h5
 Reading Cf252 from /home/diogo/openmc_data/endfb-vii.1-hdf5/neutron/Cf252.h5
 Reading Cf253 from /home/diogo/openmc_data/endfb-vii.1-hdf5/neutron/Cf253.h5
 Reading Cf254 from /home/diogo/openmc_data/endfb-vii.1-hdf5/neutron/Cf254.h5
 Reading Es251 from /home/diogo/openmc_data/endfb-vii.1-hdf5/neutron/Es251.h5
 Reading Es252 from /home/diogo/openmc_data/endfb-vii.1-hdf5/neutron/Es252.h5
 Reading Es253 from /home/diogo/openmc_data/endfb-vii.1-hdf5/neutron/Es253.h5
 Reading Es254 from /home/diogo/openmc_data/endfb-vii.1-hdf5/neutron/Es254.h5
 Reading Es254_m1 from
 /home/diogo/openmc_data/endfb-vii.1-hdf5/neutron/Es254_m1.h5
 Reading Es255 from /home/diogo/openmc_data/endfb-vii.1-hdf5/neutron/Es255.h5
 Reading Fm255 from /home/diogo/openmc_data/endfb-vii.1-hdf5/neutron/Fm255.h5
 Maximum neutron transport energy: 20000000 eV for H1
 Initializing source particles...

 ====================>     K EIGENVALUE SIMULATION     <====================

  Bat./Gen.      k       Entropy         Average k 
  =========   ========   ========   ====================
        1/1    0.95451    5.56289
        2/1    0.98721    5.51673
        3/1    0.99413    5.49703
        4/1    1.00193    5.48031
        5/1    1.01302    5.47739
        6/1    1.02487    5.48111
        7/1    1.01969    5.47598
        8/1    0.99891    5.45385
        9/1    1.02243    5.45687
       10/1    1.00832    5.45918
       11/1    1.00607    5.45352
       12/1    1.02417    5.44839
       13/1    1.02157    5.44360
       14/1    0.99850    5.45153
       15/1    1.02407    5.43081
       16/1    1.02450    5.45490
       17/1    1.01130    5.45583
       18/1    1.01728    5.44997
       19/1    1.01768    5.43242
       20/1    1.02664    5.43619
       21/1    1.02537    5.43971
       22/1    1.01832    5.44640
       23/1    1.03444    5.44493
       24/1    1.02011    5.45270
       25/1    1.02680    5.45232
       26/1    1.02624    5.44413
       27/1    1.02415    5.45526
       28/1    1.01553    5.45604
       29/1    1.02053    5.44299
       30/1    1.02040    5.44413
       31/1    1.03188    5.44292
       32/1    1.02088    5.43669
       33/1    1.00312    5.43447
       34/1    1.02413    5.43353
       35/1    1.03347    5.44656
       36/1    1.01881    5.45366
       37/1    1.02444    5.45647
       38/1    1.02594    5.44379
       39/1    1.02158    5.45833
       40/1    1.00177    5.44330
       41/1    1.02603    5.45108
       42/1    1.02991    5.47042
       43/1    1.02162    5.44954
       44/1    1.03002    5.44214
       45/1    1.01841    5.44896
       46/1    1.02885    5.43888
       47/1    1.03410    5.44078
       48/1    1.03322    5.42372
       49/1    1.02294    5.44252
       50/1    1.00757    5.44337
       51/1    1.00795    5.44738
       52/1    1.01356    5.42820
       53/1    1.02372    5.44560
       54/1    1.02260    5.45743
       55/1    1.01461    5.43605
       56/1    1.02610    5.43464
       57/1    1.02182    5.44491
       58/1    1.03213    5.43523
       59/1    1.03089    5.44726
       60/1    1.02623    5.44837
       61/1    1.02131    5.43615
       62/1    1.01723    5.43220    1.01927 +/- 0.00204
       63/1    1.04926    5.44477    1.02927 +/- 0.01007
       64/1    1.03405    5.44354    1.03046 +/- 0.00722
       65/1    1.01722    5.44680    1.02781 +/- 0.00619
       66/1    1.02033    5.44074    1.02657 +/- 0.00520
       67/1    1.03046    5.43662    1.02712 +/- 0.00443
       68/1    1.01957    5.43310    1.02618 +/- 0.00395
       69/1    1.03647    5.43955    1.02732 +/- 0.00367
       70/1    1.02877    5.45120    1.02747 +/- 0.00328
       71/1    1.01856    5.44931    1.02666 +/- 0.00308
       72/1    1.01271    5.45992    1.02550 +/- 0.00304
       73/1    1.03110    5.45350    1.02593 +/- 0.00283
       74/1    1.02789    5.45855    1.02607 +/- 0.00262
       75/1    1.00940    5.42690    1.02496 +/- 0.00268
       76/1    1.02414    5.44362    1.02491 +/- 0.00251
       77/1    1.02226    5.44278    1.02475 +/- 0.00236
       78/1    1.03814    5.43763    1.02549 +/- 0.00235
       79/1    1.02004    5.44622    1.02521 +/- 0.00224
       80/1    1.00532    5.42718    1.02421 +/- 0.00235
       81/1    1.01816    5.44299    1.02392 +/- 0.00225
       82/1    1.00978    5.44542    1.02328 +/- 0.00224
       83/1    1.01682    5.44681    1.02300 +/- 0.00216
       84/1    1.01574    5.45239    1.02270 +/- 0.00209
       85/1    1.02451    5.43697    1.02277 +/- 0.00201
       86/1    1.01879    5.44264    1.02262 +/- 0.00193
       87/1    1.02241    5.43945    1.02261 +/- 0.00186
       88/1    1.01779    5.44938    1.02244 +/- 0.00180
       89/1    1.01509    5.43916    1.02218 +/- 0.00176
       90/1    1.02190    5.44812    1.02218 +/- 0.00170
       91/1    1.03008    5.46128    1.02243 +/- 0.00166
       92/1    1.00384    5.46064    1.02185 +/- 0.00171
       93/1    1.03033    5.43746    1.02211 +/- 0.00168
       94/1    1.01865    5.45073    1.02200 +/- 0.00163
       95/1    1.01978    5.46460    1.02194 +/- 0.00158
       96/1    1.01740    5.45389    1.02181 +/- 0.00154
       97/1    1.02327    5.47022    1.02185 +/- 0.00150
       98/1    1.02641    5.45345    1.02197 +/- 0.00147
       99/1    1.04568    5.44229    1.02258 +/- 0.00155
      100/1    1.04429    5.46322    1.02312 +/- 0.00161
      101/1    1.01271    5.45333    1.02287 +/- 0.00159
      102/1    1.02707    5.45483    1.02297 +/- 0.00155
      103/1    1.01917    5.46261    1.02288 +/- 0.00152
      104/1    1.01688    5.46506    1.02275 +/- 0.00149
      105/1    1.01576    5.45366    1.02259 +/- 0.00147
      106/1    1.01717    5.44292    1.02247 +/- 0.00144
      107/1    1.03816    5.45588    1.02281 +/- 0.00145
      108/1    1.00204    5.44526    1.02237 +/- 0.00148
      109/1    1.03405    5.44862    1.02261 +/- 0.00147
      110/1    1.02409    5.45055    1.02264 +/- 0.00144
      111/1    1.01148    5.45687    1.02242 +/- 0.00143
      112/1    1.01358    5.44574    1.02225 +/- 0.00141
      113/1    1.02613    5.44174    1.02233 +/- 0.00139
      114/1    1.00945    5.43742    1.02209 +/- 0.00138
      115/1    1.01765    5.45384    1.02201 +/- 0.00136
      116/1    1.03466    5.45368    1.02223 +/- 0.00135
      117/1    1.02692    5.45516    1.02231 +/- 0.00133
      118/1    1.00857    5.46578    1.02208 +/- 0.00133
      119/1    1.02183    5.44632    1.02207 +/- 0.00131
      120/1    1.04227    5.44781    1.02241 +/- 0.00133
      121/1    1.03103    5.43753    1.02255 +/- 0.00131
      122/1    1.02066    5.43572    1.02252 +/- 0.00129
      123/1    1.01858    5.44625    1.02246 +/- 0.00127
      124/1    1.03428    5.45782    1.02264 +/- 0.00127
      125/1    1.02509    5.44139    1.02268 +/- 0.00125
      126/1    1.02014    5.44467    1.02264 +/- 0.00123
      127/1    1.03499    5.44015    1.02283 +/- 0.00122
      128/1    1.01225    5.42957    1.02267 +/- 0.00122
      129/1    1.03029    5.43288    1.02278 +/- 0.00120
      130/1    1.04442    5.44674    1.02309 +/- 0.00123
      131/1    1.03185    5.45731    1.02321 +/- 0.00122
      132/1    1.02038    5.45462    1.02317 +/- 0.00120
      133/1    1.02807    5.46349    1.02324 +/- 0.00118
      134/1    1.01150    5.45319    1.02308 +/- 0.00118
      135/1    1.00642    5.43421    1.02286 +/- 0.00118
      136/1    1.02100    5.43908    1.02284 +/- 0.00117
      137/1    1.01578    5.44876    1.02274 +/- 0.00116
      138/1    1.03790    5.42859    1.02294 +/- 0.00116
      139/1    1.01873    5.44048    1.02289 +/- 0.00114
      140/1    1.02951    5.43458    1.02297 +/- 0.00113
      141/1    1.03090    5.44277    1.02307 +/- 0.00112
      142/1    1.04072    5.44353    1.02328 +/- 0.00113
      143/1    1.02497    5.45218    1.02330 +/- 0.00112
      144/1    1.04372    5.47511    1.02355 +/- 0.00113
      145/1    1.02175    5.46391    1.02352 +/- 0.00112
      146/1    1.01424    5.45918    1.02342 +/- 0.00111
      147/1    1.01002    5.46222    1.02326 +/- 0.00111
      148/1    1.01521    5.45249    1.02317 +/- 0.00110
      149/1    1.02914    5.45767    1.02324 +/- 0.00109
      150/1    1.02874    5.44936    1.02330 +/- 0.00108
      151/1    1.02829    5.45923    1.02335 +/- 0.00107
      152/1    1.03030    5.45694    1.02343 +/- 0.00106
      153/1    1.00526    5.45029    1.02323 +/- 0.00106
      154/1    1.02736    5.46300    1.02328 +/- 0.00105
      155/1    1.01347    5.45300    1.02317 +/- 0.00105
      156/1    1.00771    5.43708    1.02301 +/- 0.00105
      157/1    1.02674    5.44932    1.02305 +/- 0.00104
      158/1    1.01650    5.44549    1.02298 +/- 0.00103
      159/1    1.03320    5.44747    1.02309 +/- 0.00103
      160/1    1.02627    5.43723    1.02312 +/- 0.00102
 Creating state point statepoint.160.h5...

 =======================>     TIMING STATISTICS     <=======================

 Total time for initialization     = 5.4013e+01 seconds
   Reading cross sections          = 7.5139e+00 seconds
 Total time in simulation          = 3.0269e+02 seconds
   Time in transport only          = 3.0151e+02 seconds
   Time in inactive batches        = 1.0376e+01 seconds
   Time in active batches          = 2.9231e+02 seconds
   Time synchronizing fission bank = 2.9245e-01 seconds
     Sampling source sites         = 2.5320e-01 seconds
     SEND/RECV source sites        = 3.8664e-02 seconds
   Time accumulating tallies       = 6.4863e-01 seconds
   Time writing statepoints        = 1.3920e-02 seconds
 Total time for finalization       = 1.2008e-02 seconds
 Total time elapsed                = 3.5715e+02 seconds
 Calculation Rate (inactive)       = 115649 particles/second
 Calculation Rate (active)         = 6841.97 particles/second

 ============================>     RESULTS     <============================

 k-effective (Collision)     = 1.02284 +/- 0.00094
 k-effective (Track-length)  = 1.02312 +/- 0.00102
 k-effective (Absorption)    = 1.02276 +/- 0.00079
 Combined k-effective        = 1.02286 +/- 0.00075
 Leakage Fraction            = 0.00677 +/- 0.00006

 Creating state point openmc_simulation_n0.h5...
[openmc.deplete] t=4327203.051553669 s, dt=8654406.103107339 s, source=47715611.00824993
 Maximum neutron transport energy: 20000000 eV for H1
 Initializing source particles...

 ====================>     K EIGENVALUE SIMULATION     <====================

  Bat./Gen.      k       Entropy         Average k 
  =========   ========   ========   ====================
        1/1    0.93974    5.53637
        2/1    0.97704    5.51612
        3/1    0.99707    5.49834
        4/1    0.99405    5.49018
        5/1    0.99923    5.47209
        6/1    0.99629    5.47213
        7/1    0.98537    5.45685
        8/1    0.99831    5.46674
        9/1    1.00549    5.47086
       10/1    1.00258    5.48152
       11/1    0.99137    5.46870
       12/1    0.98951    5.45896
       13/1    0.99304    5.47472
       14/1    1.00846    5.47231
       15/1    1.01831    5.47079
       16/1    0.99645    5.46520
       17/1    0.97776    5.46891
       18/1    1.00231    5.45790
       19/1    1.00095    5.45763
       20/1    0.99302    5.44860
       21/1    0.99469    5.45341
       22/1    0.99664    5.46275
       23/1    0.99962    5.47206
       24/1    1.00351    5.45624
       25/1    1.00872    5.45203
       26/1    0.98997    5.45579
       27/1    1.01369    5.45725
       28/1    0.99954    5.44782
       29/1    1.01259    5.44301
       30/1    0.99792    5.43394
       31/1    1.01129    5.42645
       32/1    0.99272    5.43389
       33/1    0.98294    5.42933
       34/1    1.00806    5.42804
       35/1    1.00123    5.44162
       36/1    1.00300    5.44983
       37/1    1.01693    5.45184
       38/1    1.00127    5.45088
       39/1    1.00220    5.43879
       40/1    0.99449    5.43619
       41/1    0.99802    5.43118
       42/1    1.01192    5.44195
       43/1    1.00355    5.44239
       44/1    1.00689    5.45038
       45/1    0.99517    5.43942
       46/1    1.00622    5.44531
       47/1    1.00939    5.43023
       48/1    1.01954    5.43723
       49/1    1.01427    5.44852
       50/1    1.00858    5.44507
       51/1    0.99948    5.45769
       52/1    0.98897    5.46456
       53/1    0.99643    5.44277
       54/1    0.99775    5.43816
       55/1    1.00540    5.45379
       56/1    0.99470    5.44475
       57/1    1.00475    5.45808
       58/1    0.99882    5.45192
       59/1    1.01987    5.43063
       60/1    1.00046    5.44343
       61/1    1.01541    5.46099
       62/1    1.00272    5.45210    1.00906 +/- 0.00635
       63/1    1.00767    5.46865    1.00860 +/- 0.00369
       64/1    0.99726    5.45694    1.00576 +/- 0.00385
       65/1    1.00634    5.46501    1.00588 +/- 0.00299
       66/1    1.01065    5.46040    1.00668 +/- 0.00257
       67/1    1.01214    5.45407    1.00746 +/- 0.00230
       68/1    1.00861    5.46081    1.00760 +/- 0.00200
       69/1    1.00591    5.46274    1.00741 +/- 0.00177
       70/1    0.99861    5.45431    1.00653 +/- 0.00182
       71/1    1.00515    5.45545    1.00641 +/- 0.00165
       72/1    1.00564    5.44530    1.00634 +/- 0.00150
       73/1    1.00673    5.44621    1.00637 +/- 0.00138
       74/1    0.99000    5.43049    1.00520 +/- 0.00173
       75/1    1.01607    5.41416    1.00593 +/- 0.00177
       76/1    0.99397    5.41951    1.00518 +/- 0.00182
       77/1    1.01016    5.43829    1.00547 +/- 0.00173
       78/1    1.01000    5.43493    1.00573 +/- 0.00165
       79/1    1.00872    5.44059    1.00588 +/- 0.00157
       80/1    1.00081    5.45227    1.00563 +/- 0.00151
       81/1    1.00597    5.44933    1.00565 +/- 0.00144
       82/1    1.00563    5.46098    1.00564 +/- 0.00137
       83/1    1.00001    5.45110    1.00540 +/- 0.00133
       84/1    1.01182    5.44093    1.00567 +/- 0.00130
       85/1    1.01069    5.45163    1.00587 +/- 0.00127
       86/1    1.00430    5.45868    1.00581 +/- 0.00122
       87/1    0.99645    5.45217    1.00546 +/- 0.00122
       88/1    1.01296    5.45183    1.00573 +/- 0.00121
       89/1    1.01091    5.44263    1.00591 +/- 0.00118
       90/1    1.00335    5.44220    1.00582 +/- 0.00114
       91/1    0.99441    5.44505    1.00545 +/- 0.00116
       92/1    0.98364    5.44495    1.00477 +/- 0.00132
       93/1    0.99436    5.44881    1.00446 +/- 0.00132
       94/1    0.98890    5.44897    1.00400 +/- 0.00136
       95/1    1.00160    5.45439    1.00393 +/- 0.00132
       96/1    0.99133    5.43636    1.00358 +/- 0.00133
       97/1    0.99155    5.45487    1.00326 +/- 0.00133
       98/1    1.00284    5.45936    1.00324 +/- 0.00130
       99/1    0.99845    5.47137    1.00312 +/- 0.00127
      100/1    1.00599    5.45710    1.00319 +/- 0.00124
      101/1    1.00846    5.46821    1.00332 +/- 0.00121
      102/1    0.99651    5.45260    1.00316 +/- 0.00120
      103/1    1.00755    5.44629    1.00326 +/- 0.00117
      104/1    0.99841    5.46379    1.00315 +/- 0.00115
      105/1    1.01205    5.45842    1.00335 +/- 0.00114
      106/1    1.00110    5.46099    1.00330 +/- 0.00112
      107/1    0.99543    5.46085    1.00313 +/- 0.00111
      108/1    1.01136    5.45538    1.00330 +/- 0.00110
      109/1    0.98897    5.45390    1.00301 +/- 0.00111
      110/1    1.01362    5.44268    1.00322 +/- 0.00111
      111/1    1.01439    5.45587    1.00344 +/- 0.00111
      112/1    0.99363    5.45095    1.00325 +/- 0.00111
      113/1    1.01662    5.45894    1.00351 +/- 0.00111
      114/1    0.97819    5.46568    1.00304 +/- 0.00119
      115/1    1.00692    5.45475    1.00311 +/- 0.00117
      116/1    1.00957    5.45291    1.00322 +/- 0.00115
      117/1    1.02161    5.45021    1.00355 +/- 0.00118
      118/1    1.01792    5.45369    1.00379 +/- 0.00118
      119/1    0.99692    5.45210    1.00368 +/- 0.00117
      120/1    0.98311    5.45252    1.00333 +/- 0.00120
      121/1    0.98895    5.45471    1.00310 +/- 0.00120
      122/1    1.00168    5.45497    1.00308 +/- 0.00118
      123/1    0.99851    5.45344    1.00300 +/- 0.00117
      124/1    1.01743    5.45401    1.00323 +/- 0.00117
      125/1    1.00938    5.45776    1.00332 +/- 0.00116
      126/1    1.00267    5.46164    1.00331 +/- 0.00114
      127/1    1.00728    5.45338    1.00337 +/- 0.00112
      128/1    0.99384    5.44582    1.00323 +/- 0.00112
      129/1    1.00061    5.45728    1.00319 +/- 0.00110
      130/1    1.00031    5.45191    1.00315 +/- 0.00109
      131/1    0.99657    5.45457    1.00306 +/- 0.00107
      132/1    1.00406    5.46311    1.00307 +/- 0.00106
      133/1    1.01246    5.44454    1.00320 +/- 0.00105
      134/1    1.00008    5.44723    1.00316 +/- 0.00104
      135/1    1.01031    5.44016    1.00326 +/- 0.00103
      136/1    1.00754    5.43728    1.00331 +/- 0.00102
      137/1    0.99780    5.45035    1.00324 +/- 0.00101
      138/1    1.00203    5.44267    1.00323 +/- 0.00099
      139/1    1.00753    5.45771    1.00328 +/- 0.00098
      140/1    1.00437    5.45591    1.00329 +/- 0.00097
      141/1    1.01160    5.44257    1.00340 +/- 0.00096
      142/1    0.99575    5.44485    1.00330 +/- 0.00096
      143/1    0.98997    5.44416    1.00314 +/- 0.00096
      144/1    1.00317    5.44217    1.00314 +/- 0.00095
      145/1    1.02496    5.44759    1.00340 +/- 0.00097
      146/1    1.00482    5.44332    1.00342 +/- 0.00096
      147/1    1.00160    5.44205    1.00339 +/- 0.00095
      148/1    1.01201    5.43554    1.00349 +/- 0.00094
      149/1    1.02029    5.44202    1.00368 +/- 0.00095
      150/1    1.00921    5.43550    1.00374 +/- 0.00094
      151/1    0.99186    5.45141    1.00361 +/- 0.00094
      152/1    0.99486    5.43997    1.00352 +/- 0.00094
      153/1    1.02329    5.44806    1.00373 +/- 0.00095
      154/1    0.98319    5.45248    1.00351 +/- 0.00096
      155/1    1.00512    5.44824    1.00353 +/- 0.00095
      156/1    1.00321    5.44478    1.00352 +/- 0.00094
      157/1    0.99565    5.43964    1.00344 +/- 0.00094
      158/1    1.01184    5.42668    1.00353 +/- 0.00093
      159/1    1.00851    5.44149    1.00358 +/- 0.00092
      160/1    1.01214    5.44110    1.00367 +/- 0.00092
 Creating state point statepoint.160.h5...

 =======================>     TIMING STATISTICS     <=======================

 Total time for initialization     = 0.0000e+00 seconds
   Reading cross sections          = 0.0000e+00 seconds
 Total time in simulation          = 3.5245e+02 seconds
   Time in transport only          = 3.5142e+02 seconds
   Time in inactive batches        = 9.7654e+01 seconds
   Time in active batches          = 2.5480e+02 seconds
   Time synchronizing fission bank = 2.8787e-01 seconds
     Sampling source sites         = 2.5274e-01 seconds
     SEND/RECV source sites        = 3.4472e-02 seconds
   Time accumulating tallies       = 4.8326e-01 seconds
   Time writing statepoints        = 1.1925e-02 seconds
 Total time for finalization       = 1.0590e-02 seconds
 Total time elapsed                = 3.5295e+02 seconds
 Calculation Rate (inactive)       = 12288.3 particles/second
 Calculation Rate (active)         = 7849.32 particles/second

 ============================>     RESULTS     <============================

 k-effective (Collision)     = 1.00331 +/- 0.00074
 k-effective (Track-length)  = 1.00367 +/- 0.00092
 k-effective (Absorption)    = 1.00300 +/- 0.00074
 Combined k-effective        = 1.00322 +/- 0.00061
 Leakage Fraction            = 0.00701 +/- 0.00006

 Creating state point openmc_simulation_n1.h5...
[openmc.deplete] t=12981609.154661007 s, dt=17308812.206214678 s, source=47715611.00824993
 Maximum neutron transport energy: 20000000 eV for H1
 Initializing source particles...

 ====================>     K EIGENVALUE SIMULATION     <====================

  Bat./Gen.      k       Entropy         Average k 
  =========   ========   ========   ====================
        1/1    0.93956    5.53875
        2/1    0.97225    5.51834
        3/1    0.98013    5.47662
        4/1    0.97471    5.47857
        5/1    0.98950    5.46844
        6/1    0.98454    5.45221
        7/1    0.99507    5.46384
        8/1    1.00625    5.47839
        9/1    1.00777    5.46911
       10/1    1.01034    5.46285
       11/1    0.99063    5.45739
       12/1    1.00537    5.44917
       13/1    1.00326    5.44529
       14/1    0.98876    5.44694
       15/1    1.00432    5.45129
       16/1    0.99207    5.45503
       17/1    0.99209    5.45258
       18/1    0.99998    5.45417
       19/1    1.01447    5.44939
       20/1    1.00079    5.44476
       21/1    0.98040    5.46085
       22/1    1.00218    5.45685
       23/1    1.00139    5.45478
       24/1    1.00794    5.42986
       25/1    1.02040    5.44544
       26/1    1.00285    5.45011
       27/1    0.98489    5.44641
       28/1    0.99053    5.43642
       29/1    1.00631    5.44685
       30/1    0.99592    5.44639
       31/1    1.00096    5.44365
       32/1    1.00342    5.43520
       33/1    1.00204    5.43240
       34/1    1.00098    5.42684
       35/1    0.99138    5.43512
       36/1    0.99962    5.43585
       37/1    0.99758    5.44551
       38/1    1.01273    5.43430
       39/1    1.00790    5.44392
       40/1    1.00337    5.44195
       41/1    1.01020    5.44439
       42/1    0.99007    5.44514
       43/1    1.00393    5.44202
       44/1    0.98700    5.44196
       45/1    0.99619    5.44284
       46/1    1.00193    5.44594
       47/1    0.99688    5.44548
       48/1    1.00308    5.43552
       49/1    1.00481    5.44716
       50/1    1.00922    5.44255
       51/1    1.01179    5.44363
       52/1    0.98900    5.43839
       53/1    1.01175    5.44287
       54/1    1.00835    5.44357
       55/1    1.00240    5.43260
       56/1    0.99240    5.44615
       57/1    0.98545    5.44656
       58/1    0.99365    5.43997
       59/1    0.99008    5.45294
       60/1    1.00187    5.43892
       61/1    0.98807    5.44413
       62/1    1.02895    5.45382    1.00851 +/- 0.02044
       63/1    0.99862    5.44290    1.00521 +/- 0.01225
       64/1    0.99710    5.44979    1.00318 +/- 0.00890
       65/1    0.99156    5.43858    1.00086 +/- 0.00727
       66/1    0.99188    5.44101    0.99936 +/- 0.00612
       67/1    1.00972    5.45361    1.00084 +/- 0.00538
       68/1    1.01749    5.45453    1.00292 +/- 0.00511
       69/1    1.00628    5.46237    1.00330 +/- 0.00452
       70/1    1.00412    5.46857    1.00338 +/- 0.00404
       71/1    1.01276    5.46126    1.00423 +/- 0.00375
       72/1    0.99292    5.45090    1.00329 +/- 0.00355
       73/1    1.00789    5.45831    1.00364 +/- 0.00329
       74/1    0.99912    5.44717    1.00332 +/- 0.00306
       75/1    1.00000    5.44766    1.00310 +/- 0.00286
       76/1    1.02995    5.43327    1.00478 +/- 0.00316
       77/1    0.99990    5.43867    1.00449 +/- 0.00298
       78/1    1.00574    5.44555    1.00456 +/- 0.00281
       79/1    1.00756    5.44488    1.00472 +/- 0.00266
       80/1    0.99945    5.43446    1.00445 +/- 0.00254
       81/1    0.99870    5.43188    1.00418 +/- 0.00243
       82/1    1.01409    5.44442    1.00463 +/- 0.00236
       83/1    1.02480    5.44873    1.00551 +/- 0.00242
       84/1    1.00608    5.45102    1.00553 +/- 0.00232
       85/1    1.00943    5.45268    1.00569 +/- 0.00223
       86/1    1.00054    5.45342    1.00549 +/- 0.00215
       87/1    1.00545    5.44650    1.00549 +/- 0.00207
       88/1    0.99351    5.44575    1.00506 +/- 0.00204
       89/1    0.99976    5.45906    1.00488 +/- 0.00198
       90/1    1.00936    5.44871    1.00503 +/- 0.00192
       91/1    0.98203    5.44765    1.00428 +/- 0.00200
       92/1    1.00377    5.46307    1.00427 +/- 0.00193
       93/1    0.99173    5.44173    1.00389 +/- 0.00191
       94/1    0.98655    5.44597    1.00338 +/- 0.00192
       95/1    0.99844    5.44315    1.00324 +/- 0.00187
       96/1    1.00494    5.45029    1.00328 +/- 0.00182
       97/1    1.00909    5.44675    1.00344 +/- 0.00178
       98/1    1.00890    5.45108    1.00359 +/- 0.00174
       99/1    1.00666    5.44387    1.00366 +/- 0.00169
      100/1    1.01367    5.44701    1.00391 +/- 0.00167
      101/1    0.99471    5.45818    1.00369 +/- 0.00164
      102/1    0.99299    5.45431    1.00344 +/- 0.00162
      103/1    0.99516    5.45407    1.00324 +/- 0.00160
      104/1    1.00864    5.44717    1.00337 +/- 0.00156
      105/1    1.01390    5.45332    1.00360 +/- 0.00155
      106/1    1.00509    5.45680    1.00363 +/- 0.00151
      107/1    1.02257    5.46415    1.00403 +/- 0.00153
      108/1    0.99420    5.47682    1.00383 +/- 0.00152
      109/1    0.99809    5.47105    1.00371 +/- 0.00149
      110/1    0.99607    5.47555    1.00356 +/- 0.00147
      111/1    0.99540    5.47684    1.00340 +/- 0.00145
      112/1    0.99172    5.46000    1.00318 +/- 0.00144
      113/1    1.00360    5.47156    1.00318 +/- 0.00141
      114/1    1.00530    5.44276    1.00322 +/- 0.00138
      115/1    1.01470    5.46646    1.00343 +/- 0.00137
      116/1    1.00104    5.45388    1.00339 +/- 0.00135
      117/1    0.98975    5.46055    1.00315 +/- 0.00135
      118/1    1.00259    5.44397    1.00314 +/- 0.00132
      119/1    1.02471    5.45308    1.00350 +/- 0.00135
      120/1    1.00302    5.45364    1.00350 +/- 0.00133
      121/1    1.01942    5.46982    1.00376 +/- 0.00133
      122/1    0.99455    5.45924    1.00361 +/- 0.00132
      123/1    1.00412    5.46306    1.00362 +/- 0.00130
      124/1    0.99594    5.45429    1.00350 +/- 0.00128
      125/1    1.00855    5.47030    1.00358 +/- 0.00127
      126/1    1.00387    5.44887    1.00358 +/- 0.00125
      127/1    1.00653    5.45959    1.00362 +/- 0.00123
      128/1    0.99202    5.45503    1.00345 +/- 0.00122
      129/1    0.99933    5.45101    1.00339 +/- 0.00121
      130/1    1.01492    5.44764    1.00356 +/- 0.00120
      131/1    1.00105    5.45261    1.00352 +/- 0.00118
      132/1    1.00266    5.44650    1.00351 +/- 0.00117
      133/1    1.00982    5.44443    1.00360 +/- 0.00115
      134/1    1.00715    5.44445    1.00365 +/- 0.00114
      135/1    0.99117    5.44692    1.00348 +/- 0.00114
      136/1    1.01782    5.44369    1.00367 +/- 0.00114
      137/1    0.99210    5.43890    1.00352 +/- 0.00113
      138/1    0.99325    5.45723    1.00339 +/- 0.00113
      139/1    0.99621    5.45038    1.00330 +/- 0.00112
      140/1    0.99310    5.46410    1.00317 +/- 0.00111
      141/1    0.98593    5.43923    1.00295 +/- 0.00112
      142/1    1.01116    5.45158    1.00305 +/- 0.00111
      143/1    0.99036    5.45951    1.00290 +/- 0.00110
      144/1    1.01337    5.43609    1.00303 +/- 0.00110
      145/1    0.98250    5.44295    1.00279 +/- 0.00111
      146/1    1.01101    5.44407    1.00288 +/- 0.00110
      147/1    1.00100    5.44186    1.00286 +/- 0.00109
      148/1    1.01161    5.45584    1.00296 +/- 0.00108
      149/1    1.00560    5.47440    1.00299 +/- 0.00107
      150/1    1.01359    5.45585    1.00311 +/- 0.00106
      151/1    0.98690    5.43453    1.00293 +/- 0.00107
      152/1    1.01239    5.44182    1.00303 +/- 0.00106
      153/1    1.00243    5.44801    1.00302 +/- 0.00105
      154/1    0.99067    5.45505    1.00289 +/- 0.00105
      155/1    0.99882    5.45528    1.00285 +/- 0.00104
      156/1    1.02204    5.44604    1.00305 +/- 0.00104
      157/1    1.00522    5.45082    1.00307 +/- 0.00103
      158/1    1.00466    5.43834    1.00309 +/- 0.00102
      159/1    1.00428    5.44636    1.00310 +/- 0.00101
      160/1    0.99501    5.44984    1.00302 +/- 0.00101
 Creating state point statepoint.160.h5...

 =======================>     TIMING STATISTICS     <=======================

 Total time for initialization     = 0.0000e+00 seconds
   Reading cross sections          = 0.0000e+00 seconds
 Total time in simulation          = 3.5548e+02 seconds
   Time in transport only          = 3.5438e+02 seconds
   Time in inactive batches        = 9.7448e+01 seconds
   Time in active batches          = 2.5803e+02 seconds
   Time synchronizing fission bank = 2.8657e-01 seconds
     Sampling source sites         = 2.5135e-01 seconds
     SEND/RECV source sites        = 3.4653e-02 seconds
   Time accumulating tallies       = 5.5716e-01 seconds
   Time writing statepoints        = 1.2962e-02 seconds
 Total time for finalization       = 1.0780e-02 seconds
 Total time elapsed                = 3.5598e+02 seconds
 Calculation Rate (inactive)       = 12314.3 particles/second
 Calculation Rate (active)         = 7751.09 particles/second

 ============================>     RESULTS     <============================

 k-effective (Collision)     = 1.00299 +/- 0.00082
 k-effective (Track-length)  = 1.00302 +/- 0.00101
 k-effective (Absorption)    = 1.00254 +/- 0.00080
 Combined k-effective        = 1.00275 +/- 0.00071
 Leakage Fraction            = 0.00704 +/- 0.00006

 Creating state point openmc_simulation_n2.h5...
[openmc.deplete] t=30290421.360875685 s, dt=34617624.412429355 s, source=47715611.00824993
 Maximum neutron transport energy: 20000000 eV for H1
 Initializing source particles...

 ====================>     K EIGENVALUE SIMULATION     <====================

  Bat./Gen.      k       Entropy         Average k 
  =========   ========   ========   ====================
        1/1    0.96085    5.54106
        2/1    0.97164    5.51941
        3/1    0.99763    5.50792
        4/1    0.98493    5.49393
        5/1    0.98481    5.46723
        6/1    0.98602    5.47617
        7/1    0.99810    5.47294
        8/1    0.99207    5.46568
        9/1    1.00836    5.45469
       10/1    0.99218    5.47312
       11/1    0.99457    5.47240
       12/1    1.00176    5.45235
       13/1    1.00985    5.46049
       14/1    1.00361    5.45695
       15/1    0.99746    5.44638
       16/1    1.00283    5.44031
       17/1    1.00262    5.43459
       18/1    1.01990    5.42699
       19/1    1.00539    5.42761
       20/1    1.00299    5.43585
       21/1    0.99830    5.43709
       22/1    0.99690    5.43785
       23/1    0.99982    5.44404
       24/1    0.99538    5.44679
       25/1    1.00624    5.44124
       26/1    1.01849    5.44595
       27/1    1.00200    5.43901
       28/1    1.00098    5.44860
       29/1    1.00828    5.43356
       30/1    1.00373    5.42781
       31/1    1.01809    5.45249
       32/1    1.00541    5.43457
       33/1    1.00451    5.43168
       34/1    1.01253    5.44765
       35/1    1.00579    5.43875
       36/1    1.00861    5.44108
       37/1    1.00332    5.43477
       38/1    0.99586    5.43225
       39/1    1.00966    5.43063
       40/1    1.01185    5.44484
       41/1    0.99628    5.44423
       42/1    1.00485    5.45150
       43/1    1.01635    5.45245
       44/1    1.01034    5.44309
       45/1    1.00550    5.44231
       46/1    0.99824    5.42675
       47/1    1.00988    5.44063
       48/1    1.01400    5.43927
       49/1    1.00793    5.44146
       50/1    1.01113    5.45745
       51/1    0.98270    5.44578
       52/1    1.01093    5.45122
       53/1    1.01092    5.44540
       54/1    1.02139    5.44098
       55/1    1.01212    5.45081
       56/1    1.00189    5.44004
       57/1    1.00506    5.43022
       58/1    1.00360    5.44856
       59/1    1.00965    5.44327
       60/1    1.00805    5.43782
       61/1    1.00493    5.43022
       62/1    1.00585    5.44243    1.00539 +/- 0.00046
       63/1    1.00983    5.43422    1.00687 +/- 0.00151
       64/1    1.01163    5.43087    1.00806 +/- 0.00160
       65/1    1.01563    5.43481    1.00957 +/- 0.00195
       66/1    1.01732    5.42672    1.01086 +/- 0.00205
       67/1    1.01463    5.44685    1.01140 +/- 0.00182
       68/1    1.01117    5.44868    1.01137 +/- 0.00157
       69/1    0.99149    5.43996    1.00916 +/- 0.00261
       70/1    1.01041    5.42843    1.00929 +/- 0.00234
       71/1    1.00188    5.44566    1.00861 +/- 0.00222
       72/1    0.99884    5.44523    1.00780 +/- 0.00218
       73/1    1.00391    5.45119    1.00750 +/- 0.00203
       74/1    1.00892    5.44282    1.00760 +/- 0.00188
       75/1    1.01285    5.44295    1.00795 +/- 0.00179
       76/1    1.00024    5.43282    1.00747 +/- 0.00174
       77/1    1.01700    5.44620    1.00803 +/- 0.00173
       78/1    1.01964    5.43570    1.00867 +/- 0.00175
       79/1    1.00046    5.43178    1.00824 +/- 0.00171
       80/1    1.01310    5.44196    1.00849 +/- 0.00164
       81/1    1.00415    5.44562    1.00828 +/- 0.00158
       82/1    1.01795    5.45216    1.00872 +/- 0.00157
       83/1    1.01653    5.45443    1.00906 +/- 0.00153
       84/1    1.02136    5.45196    1.00957 +/- 0.00156
       85/1    0.99433    5.43850    1.00896 +/- 0.00161
       86/1    1.00884    5.45906    1.00896 +/- 0.00155
       87/1    0.99692    5.46465    1.00851 +/- 0.00156
       88/1    0.99773    5.45212    1.00813 +/- 0.00155
       89/1    0.99291    5.45741    1.00760 +/- 0.00158
       90/1    0.99307    5.44668    1.00712 +/- 0.00160
       91/1    0.99916    5.43112    1.00686 +/- 0.00157
       92/1    0.99726    5.43385    1.00656 +/- 0.00155
       93/1    1.00295    5.44471    1.00645 +/- 0.00151
       94/1    1.00988    5.44455    1.00655 +/- 0.00147
       95/1    1.01070    5.44722    1.00667 +/- 0.00143
       96/1    1.01233    5.43703    1.00683 +/- 0.00140
       97/1    1.01444    5.44090    1.00703 +/- 0.00137
       98/1    0.99515    5.44507    1.00672 +/- 0.00137
       99/1    1.00186    5.44950    1.00660 +/- 0.00134
      100/1    0.99720    5.43953    1.00636 +/- 0.00133
      101/1    0.99812    5.43628    1.00616 +/- 0.00131
      102/1    1.01577    5.45278    1.00639 +/- 0.00130
      103/1    1.00494    5.44051    1.00636 +/- 0.00127
      104/1    0.99826    5.44304    1.00617 +/- 0.00126
      105/1    1.00903    5.44048    1.00624 +/- 0.00123
      106/1    1.01576    5.43095    1.00644 +/- 0.00122
      107/1    1.02249    5.42970    1.00678 +/- 0.00124
      108/1    1.00597    5.41858    1.00677 +/- 0.00122
      109/1    1.01167    5.43111    1.00687 +/- 0.00120
      110/1    1.00423    5.43668    1.00681 +/- 0.00117
      111/1    0.99693    5.43716    1.00662 +/- 0.00117
      112/1    1.00574    5.44786    1.00660 +/- 0.00114
      113/1    1.00888    5.43103    1.00665 +/- 0.00112
      114/1    1.01371    5.43269    1.00678 +/- 0.00111
      115/1    1.01523    5.43195    1.00693 +/- 0.00110
      116/1    1.00451    5.43256    1.00689 +/- 0.00108
      117/1    0.98968    5.43747    1.00659 +/- 0.00110
      118/1    0.99666    5.42447    1.00641 +/- 0.00110
      119/1    1.01363    5.45129    1.00654 +/- 0.00109
      120/1    1.01404    5.43586    1.00666 +/- 0.00107
      121/1    1.00183    5.44947    1.00658 +/- 0.00106
      122/1    1.00876    5.45288    1.00662 +/- 0.00104
      123/1    1.00503    5.43954    1.00659 +/- 0.00103
      124/1    1.00128    5.43818    1.00651 +/- 0.00101
      125/1    1.01112    5.44326    1.00658 +/- 0.00100
      126/1    1.00499    5.42828    1.00656 +/- 0.00099
      127/1    1.01151    5.43915    1.00663 +/- 0.00097
      128/1    0.99591    5.43770    1.00647 +/- 0.00097
      129/1    1.00946    5.43405    1.00652 +/- 0.00096
      130/1    1.00633    5.43446    1.00651 +/- 0.00095
      131/1    1.00994    5.43659    1.00656 +/- 0.00093
      132/1    1.01658    5.44760    1.00670 +/- 0.00093
      133/1    1.00104    5.44191    1.00662 +/- 0.00092
      134/1    1.00925    5.45146    1.00666 +/- 0.00091
      135/1    1.00110    5.44069    1.00658 +/- 0.00090
      136/1    1.00248    5.45228    1.00653 +/- 0.00089
      137/1    0.99657    5.43952    1.00640 +/- 0.00089
      138/1    1.01389    5.44468    1.00650 +/- 0.00088
      139/1    0.99553    5.43310    1.00636 +/- 0.00088
      140/1    0.99996    5.44273    1.00628 +/- 0.00087
      141/1    1.00749    5.45351    1.00629 +/- 0.00086
      142/1    1.00902    5.44207    1.00633 +/- 0.00085
      143/1    1.01227    5.44798    1.00640 +/- 0.00085
      144/1    1.00461    5.44819    1.00638 +/- 0.00084
      145/1    1.01514    5.44695    1.00648 +/- 0.00083
      146/1    0.99639    5.43132    1.00636 +/- 0.00083
      147/1    1.01960    5.45059    1.00651 +/- 0.00084
      148/1    1.00275    5.46246    1.00647 +/- 0.00083
      149/1    0.99866    5.45164    1.00638 +/- 0.00082
      150/1    1.00823    5.45126    1.00640 +/- 0.00081
      151/1    1.01761    5.44374    1.00653 +/- 0.00081
      152/1    0.99265    5.43782    1.00638 +/- 0.00082
      153/1    0.99185    5.44214    1.00622 +/- 0.00082
      154/1    1.00673    5.44804    1.00623 +/- 0.00082
      155/1    1.00426    5.43890    1.00621 +/- 0.00081
      156/1    0.98903    5.46008    1.00603 +/- 0.00082
      157/1    1.02022    5.45339    1.00617 +/- 0.00082
      158/1    0.99745    5.43979    1.00608 +/- 0.00082
      159/1    1.00009    5.43077    1.00602 +/- 0.00081
      160/1    0.99444    5.42611    1.00591 +/- 0.00081
 Creating state point statepoint.160.h5...

 =======================>     TIMING STATISTICS     <=======================

 Total time for initialization     = 0.0000e+00 seconds
   Reading cross sections          = 0.0000e+00 seconds
 Total time in simulation          = 3.6313e+02 seconds
   Time in transport only          = 3.6190e+02 seconds
   Time in inactive batches        = 9.7447e+01 seconds
   Time in active batches          = 2.6569e+02 seconds
   Time synchronizing fission bank = 2.9100e-01 seconds
     Sampling source sites         = 2.5491e-01 seconds
     SEND/RECV source sites        = 3.5442e-02 seconds
   Time accumulating tallies       = 6.6895e-01 seconds
   Time writing statepoints        = 1.2895e-02 seconds
 Total time for finalization       = 1.1693e-02 seconds
 Total time elapsed                = 3.6363e+02 seconds
 Calculation Rate (inactive)       = 12314.3 particles/second
 Calculation Rate (active)         = 7527.64 particles/second

 ============================>     RESULTS     <============================

 k-effective (Collision)     = 1.00487 +/- 0.00086
 k-effective (Track-length)  = 1.00591 +/- 0.00081
 k-effective (Absorption)    = 1.00535 +/- 0.00074
 Combined k-effective        = 1.00565 +/- 0.00064
 Leakage Fraction            = 0.00681 +/- 0.00006

 Creating state point openmc_simulation_n3.h5...
[openmc.deplete] t=64908045.77330504 s, dt=51926436.61864404 s, source=47715611.00824993
 Maximum neutron transport energy: 20000000 eV for H1
 Initializing source particles...

 ====================>     K EIGENVALUE SIMULATION     <====================

  Bat./Gen.      k       Entropy         Average k 
  =========   ========   ========   ====================
        1/1    0.93440    5.54248
        2/1    0.98022    5.50513
        3/1    0.98595    5.48510
        4/1    0.98901    5.47567
        5/1    0.99505    5.45840
        6/1    0.99867    5.43932
        7/1    1.01633    5.43735
        8/1    1.01114    5.44623
        9/1    1.00611    5.42620
       10/1    1.03091    5.43859
       11/1    1.01015    5.42953
       12/1    1.02450    5.43019
       13/1    0.98905    5.42736
       14/1    1.02325    5.41796
       15/1    1.01669    5.42289
       16/1    1.00873    5.43769
       17/1    0.99816    5.42514
       18/1    1.00200    5.40572
       19/1    1.01208    5.40731
       20/1    1.00388    5.39180
       21/1    1.02020    5.41957
       22/1    1.02994    5.42629
       23/1    1.00986    5.41272
       24/1    1.00693    5.42479
       25/1    1.03805    5.43228
       26/1    1.00480    5.42588
       27/1    1.00690    5.42406
       28/1    0.99794    5.40146
       29/1    1.00894    5.42727
       30/1    1.02438    5.41657
       31/1    1.01266    5.41603
       32/1    1.01547    5.41180
       33/1    1.03365    5.41738
       34/1    1.01607    5.41595
       35/1    1.01164    5.41933
       36/1    1.00311    5.41682
       37/1    1.01479    5.43268
       38/1    1.00843    5.42365
       39/1    1.00513    5.43079
       40/1    1.01686    5.42220
       41/1    1.00160    5.43403
       42/1    1.02600    5.41905
       43/1    1.02383    5.42835
       44/1    0.99420    5.42256
       45/1    1.01974    5.40887
       46/1    1.01059    5.42044
       47/1    1.01852    5.42097
       48/1    1.02050    5.42276
       49/1    1.00170    5.42676
       50/1    1.02215    5.42341
       51/1    1.01115    5.41617
       52/1    1.01066    5.41191
       53/1    1.01064    5.40684
       54/1    1.00823    5.42587
       55/1    1.01502    5.42940
       56/1    1.00769    5.41946
       57/1    1.02401    5.42201
       58/1    1.00559    5.40962
       59/1    1.01031    5.40955
       60/1    1.01936    5.40736
       61/1    1.01368    5.41083
       62/1    0.99597    5.42463    1.00483 +/- 0.00885
       63/1    1.00418    5.40774    1.00461 +/- 0.00511
       64/1    1.01084    5.43842    1.00617 +/- 0.00394
       65/1    1.00688    5.42300    1.00631 +/- 0.00305
       66/1    1.02567    5.42244    1.00954 +/- 0.00408
       67/1    1.03808    5.42348    1.01361 +/- 0.00534
       68/1    1.01696    5.42672    1.01403 +/- 0.00464
       69/1    1.01097    5.44068    1.01369 +/- 0.00411
       70/1    1.00102    5.42031    1.01242 +/- 0.00389
       71/1    1.01229    5.42078    1.01241 +/- 0.00352
       72/1    1.02750    5.42686    1.01367 +/- 0.00345
       73/1    1.01523    5.42874    1.01379 +/- 0.00317
       74/1    1.03097    5.42424    1.01502 +/- 0.00318
       75/1    1.02325    5.42081    1.01557 +/- 0.00301
       76/1    1.01496    5.43117    1.01553 +/- 0.00282
       77/1    1.01143    5.42387    1.01529 +/- 0.00266
       78/1    1.01415    5.42998    1.01522 +/- 0.00251
       79/1    1.00521    5.43604    1.01470 +/- 0.00243
       80/1    1.01461    5.42618    1.01469 +/- 0.00231
       81/1    1.01174    5.41705    1.01455 +/- 0.00220
       82/1    1.02157    5.41547    1.01487 +/- 0.00212
       83/1    1.00600    5.42221    1.01448 +/- 0.00206
       84/1    1.00791    5.42966    1.01421 +/- 0.00199
       85/1    1.00186    5.42962    1.01372 +/- 0.00197
       86/1    0.99364    5.42908    1.01294 +/- 0.00205
       87/1    1.01405    5.42826    1.01298 +/- 0.00197
       88/1    1.01776    5.43176    1.01316 +/- 0.00191
       89/1    1.00283    5.43817    1.01280 +/- 0.00187
       90/1    1.00354    5.43211    1.01249 +/- 0.00184
       91/1    1.02753    5.42556    1.01298 +/- 0.00184
       92/1    1.01673    5.42697    1.01309 +/- 0.00179
       93/1    1.01961    5.44031    1.01329 +/- 0.00174
       94/1    1.01091    5.42945    1.01322 +/- 0.00169
       95/1    1.01449    5.43031    1.01326 +/- 0.00164
       96/1    1.01682    5.43587    1.01336 +/- 0.00160
       97/1    1.00941    5.43887    1.01325 +/- 0.00156
       98/1    1.00641    5.44795    1.01307 +/- 0.00153
       99/1    1.01498    5.43679    1.01312 +/- 0.00149
      100/1    1.01022    5.42109    1.01305 +/- 0.00145
      101/1    1.00862    5.41548    1.01294 +/- 0.00142
      102/1    1.00714    5.41727    1.01280 +/- 0.00140
      103/1    1.01283    5.41294    1.01280 +/- 0.00136
      104/1    1.01880    5.41973    1.01294 +/- 0.00134
      105/1    1.01065    5.41567    1.01289 +/- 0.00131
      106/1    1.01357    5.42234    1.01290 +/- 0.00128
      107/1    1.00494    5.42977    1.01273 +/- 0.00126
      108/1    1.00953    5.42592    1.01266 +/- 0.00124
      109/1    1.02393    5.41126    1.01289 +/- 0.00124
      110/1    1.01084    5.41749    1.01285 +/- 0.00121
      111/1    1.01132    5.42862    1.01282 +/- 0.00119
      112/1    1.00129    5.43189    1.01260 +/- 0.00119
      113/1    1.00530    5.42990    1.01246 +/- 0.00117
      114/1    1.01707    5.43573    1.01255 +/- 0.00115
      115/1    1.01338    5.43701    1.01256 +/- 0.00113
      116/1    0.99322    5.41892    1.01222 +/- 0.00116
      117/1    1.02020    5.41506    1.01236 +/- 0.00115
      118/1    1.00472    5.41451    1.01223 +/- 0.00114
      119/1    1.02330    5.41936    1.01241 +/- 0.00114
      120/1    0.99817    5.42574    1.01218 +/- 0.00114
      121/1    1.00520    5.40250    1.01206 +/- 0.00113
      122/1    1.01135    5.41253    1.01205 +/- 0.00111
      123/1    1.02508    5.40913    1.01226 +/- 0.00111
      124/1    1.01751    5.41419    1.01234 +/- 0.00110
      125/1    1.02778    5.41788    1.01258 +/- 0.00111
      126/1    1.00867    5.42376    1.01252 +/- 0.00109
      127/1    0.99591    5.42020    1.01227 +/- 0.00110
      128/1    1.01625    5.41383    1.01233 +/- 0.00109
      129/1    1.03217    5.41837    1.01262 +/- 0.00111
      130/1    1.00115    5.42854    1.01245 +/- 0.00111
      131/1    1.01299    5.41893    1.01246 +/- 0.00109
      132/1    1.01233    5.40795    1.01246 +/- 0.00107
      133/1    1.01806    5.42282    1.01254 +/- 0.00106
      134/1    1.02019    5.41578    1.01264 +/- 0.00105
      135/1    1.00177    5.42166    1.01249 +/- 0.00105
      136/1    1.00935    5.41846    1.01245 +/- 0.00104
      137/1    1.01797    5.41836    1.01252 +/- 0.00103
      138/1    1.01490    5.42911    1.01255 +/- 0.00101
      139/1    1.00719    5.41175    1.01249 +/- 0.00100
      140/1    1.02491    5.41837    1.01264 +/- 0.00100
      141/1    1.02247    5.42071    1.01276 +/- 0.00100
      142/1    1.01496    5.41768    1.01279 +/- 0.00098
      143/1    1.00611    5.41777    1.01271 +/- 0.00098
      144/1    1.00161    5.42914    1.01258 +/- 0.00097
      145/1    1.02031    5.42958    1.01267 +/- 0.00097
      146/1    1.01525    5.44172    1.01270 +/- 0.00096
      147/1    1.01874    5.42635    1.01277 +/- 0.00095
      148/1    1.03304    5.42516    1.01300 +/- 0.00096
      149/1    1.02514    5.42744    1.01313 +/- 0.00096
      150/1    1.02200    5.42252    1.01323 +/- 0.00096
      151/1    1.00742    5.42165    1.01317 +/- 0.00095
      152/1    1.01133    5.42402    1.01315 +/- 0.00094
      153/1    1.00918    5.41805    1.01311 +/- 0.00093
      154/1    1.01586    5.42888    1.01314 +/- 0.00092
      155/1    1.01007    5.41679    1.01310 +/- 0.00091
      156/1    1.02457    5.40952    1.01322 +/- 0.00091
      157/1    1.01500    5.41270    1.01324 +/- 0.00090
      158/1    1.00611    5.41758    1.01317 +/- 0.00089
      159/1    1.00812    5.41376    1.01312 +/- 0.00089
      160/1    1.01707    5.42124    1.01316 +/- 0.00088
 Creating state point statepoint.160.h5...

 =======================>     TIMING STATISTICS     <=======================

 Total time for initialization     = 0.0000e+00 seconds
   Reading cross sections          = 0.0000e+00 seconds
 Total time in simulation          = 3.6662e+02 seconds
   Time in transport only          = 3.6541e+02 seconds
   Time in inactive batches        = 9.9063e+01 seconds
   Time in active batches          = 2.6756e+02 seconds
   Time synchronizing fission bank = 2.8977e-01 seconds
     Sampling source sites         = 2.5351e-01 seconds
     SEND/RECV source sites        = 3.5579e-02 seconds
   Time accumulating tallies       = 6.4638e-01 seconds
   Time writing statepoints        = 1.4125e-02 seconds
 Total time for finalization       = 1.0827e-02 seconds
 Total time elapsed                = 3.6712e+02 seconds
 Calculation Rate (inactive)       = 12113.5 particles/second
 Calculation Rate (active)         = 7475.01 particles/second

 ============================>     RESULTS     <============================

 k-effective (Collision)     = 1.01316 +/- 0.00077
 k-effective (Track-length)  = 1.01316 +/- 0.00088
 k-effective (Absorption)    = 1.01333 +/- 0.00076
 Combined k-effective        = 1.01325 +/- 0.00063
 Leakage Fraction            = 0.00660 +/- 0.00006

 Creating state point openmc_simulation_n4.h5...
[openmc.deplete] t=116834482.39194909 (final operator evaluation)
 Maximum neutron transport energy: 20000000 eV for H1
 Initializing source particles...

 ====================>     K EIGENVALUE SIMULATION     <====================

  Bat./Gen.      k       Entropy         Average k 
  =========   ========   ========   ====================
        1/1    0.93034    5.56032
        2/1    0.96244    5.51181
        3/1    0.97890    5.49623
        4/1    0.98077    5.48570
        5/1    0.97652    5.47666
        6/1    1.00014    5.47909
        7/1    0.97063    5.45548
        8/1    0.99522    5.45734
        9/1    0.99910    5.46379
       10/1    0.99540    5.47417
       11/1    0.98834    5.46245
       12/1    0.99748    5.45626
       13/1    1.00015    5.45690
       14/1    0.98937    5.45368
       15/1    1.00351    5.45556
       16/1    0.98457    5.45333
       17/1    1.00118    5.45448
       18/1    0.99887    5.45698
       19/1    0.99030    5.45553
       20/1    0.99339    5.44624
       21/1    1.00580    5.44349
       22/1    0.99372    5.44728
       23/1    1.00632    5.44607
       24/1    1.00434    5.44678
       25/1    1.00722    5.46373
       26/1    1.02049    5.45444
       27/1    1.01295    5.45807
       28/1    1.00773    5.45143
       29/1    0.99694    5.46242
       30/1    0.99775    5.46621
       31/1    1.01586    5.45202
       32/1    0.99199    5.45231
       33/1    0.99685    5.43878
       34/1    0.97848    5.44410
       35/1    1.00680    5.43711
       36/1    0.99683    5.43589
       37/1    1.00366    5.45398
       38/1    0.99516    5.45428
       39/1    0.99287    5.45220
       40/1    0.99451    5.45238
       41/1    1.00344    5.44377
       42/1    0.98756    5.45020
       43/1    1.00481    5.46190
       44/1    1.00853    5.44995
       45/1    1.00156    5.46435
       46/1    0.98717    5.45609
       47/1    1.00463    5.44515
       48/1    0.99884    5.45134
       49/1    0.99722    5.44915
       50/1    0.99307    5.44873
       51/1    1.01059    5.44685
       52/1    0.98898    5.45881
       53/1    0.99889    5.46292
       54/1    1.01581    5.44817
       55/1    0.99548    5.45870
       56/1    0.99986    5.44012
       57/1    1.00220    5.44898
       58/1    0.98253    5.45025
       59/1    1.01073    5.45869
       60/1    0.98230    5.46298
       61/1    0.99367    5.46188
       62/1    0.98320    5.46813    0.98843 +/- 0.00523
       63/1    1.02015    5.44173    0.99900 +/- 0.01099
       64/1    1.00877    5.43644    1.00144 +/- 0.00815
       65/1    1.00805    5.44606    1.00277 +/- 0.00645
       66/1    0.99556    5.42852    1.00156 +/- 0.00540
       67/1    1.00261    5.44262    1.00171 +/- 0.00457
       68/1    1.01068    5.43370    1.00283 +/- 0.00411
       69/1    0.98468    5.44288    1.00082 +/- 0.00415
       70/1    1.00569    5.43399    1.00130 +/- 0.00374
       71/1    1.00571    5.42624    1.00170 +/- 0.00341
       72/1    1.00082    5.43544    1.00163 +/- 0.00311
       73/1    0.99110    5.44679    1.00082 +/- 0.00298
       74/1    1.00272    5.44905    1.00096 +/- 0.00276
       75/1    0.98980    5.45496    1.00021 +/- 0.00267
       76/1    0.99900    5.44845    1.00014 +/- 0.00250
       77/1    1.00671    5.45130    1.00052 +/- 0.00238
       78/1    0.99942    5.45232    1.00046 +/- 0.00225
       79/1    1.01649    5.44316    1.00131 +/- 0.00229
       80/1    0.99588    5.44929    1.00104 +/- 0.00219
       81/1    1.00215    5.45009    1.00109 +/- 0.00208
       82/1    0.98571    5.46650    1.00039 +/- 0.00210
       83/1    0.99880    5.44894    1.00032 +/- 0.00201
       84/1    0.98942    5.45313    0.99987 +/- 0.00198
       85/1    0.97807    5.44715    0.99899 +/- 0.00209
       86/1    1.00776    5.45268    0.99933 +/- 0.00203
       87/1    0.98195    5.46356    0.99869 +/- 0.00206
       88/1    0.98758    5.44531    0.99829 +/- 0.00202
       89/1    0.98361    5.45044    0.99779 +/- 0.00202
       90/1    1.00467    5.45624    0.99801 +/- 0.00196
       91/1    0.98569    5.46489    0.99762 +/- 0.00194
       92/1    0.99845    5.46524    0.99764 +/- 0.00188
       93/1    1.00899    5.46993    0.99799 +/- 0.00185
       94/1    0.98984    5.44912    0.99775 +/- 0.00181
       95/1    0.99352    5.45451    0.99763 +/- 0.00176
       96/1    0.97691    5.47322    0.99705 +/- 0.00181
       97/1    0.99724    5.47398    0.99706 +/- 0.00176
       98/1    0.99257    5.47224    0.99694 +/- 0.00172
       99/1    0.98685    5.45138    0.99668 +/- 0.00169
      100/1    0.99154    5.45205    0.99655 +/- 0.00165
      101/1    1.00651    5.44824    0.99679 +/- 0.00163
      102/1    1.00472    5.45703    0.99698 +/- 0.00160
      103/1    1.00168    5.46611    0.99709 +/- 0.00157
      104/1    1.00652    5.47015    0.99731 +/- 0.00155
      105/1    1.00465    5.46788    0.99747 +/- 0.00152
      106/1    0.99578    5.44940    0.99743 +/- 0.00149
      107/1    1.01327    5.46549    0.99777 +/- 0.00150
      108/1    0.98136    5.46025    0.99743 +/- 0.00150
      109/1    1.00112    5.45162    0.99750 +/- 0.00147
      110/1    1.00727    5.44304    0.99770 +/- 0.00146
      111/1    0.99481    5.44272    0.99764 +/- 0.00143
      112/1    1.00849    5.44906    0.99785 +/- 0.00142
      113/1    1.01192    5.44283    0.99812 +/- 0.00142
      114/1    0.99186    5.45220    0.99800 +/- 0.00139
      115/1    1.00689    5.46656    0.99816 +/- 0.00138
      116/1    1.00221    5.46403    0.99823 +/- 0.00136
      117/1    0.99789    5.45488    0.99823 +/- 0.00133
      118/1    0.99773    5.44162    0.99822 +/- 0.00131
      119/1    0.98864    5.44510    0.99806 +/- 0.00130
      120/1    0.99029    5.43549    0.99793 +/- 0.00128
      121/1    0.99422    5.44363    0.99787 +/- 0.00126
      122/1    1.01007    5.46325    0.99806 +/- 0.00126
      123/1    0.99643    5.45158    0.99804 +/- 0.00124
      124/1    0.99426    5.45301    0.99798 +/- 0.00122
      125/1    0.98512    5.46120    0.99778 +/- 0.00122
      126/1    1.00378    5.46161    0.99787 +/- 0.00120
      127/1    0.98349    5.46361    0.99766 +/- 0.00120
      128/1    1.01306    5.45909    0.99788 +/- 0.00121
      129/1    0.99893    5.46134    0.99790 +/- 0.00119
      130/1    1.00228    5.44946    0.99796 +/- 0.00117
      131/1    0.99934    5.44776    0.99798 +/- 0.00116
      132/1    1.00265    5.45806    0.99805 +/- 0.00114
      133/1    1.00254    5.44114    0.99811 +/- 0.00113
      134/1    1.01054    5.44539    0.99828 +/- 0.00112
      135/1    1.02122    5.44815    0.99858 +/- 0.00115
      136/1    1.00234    5.44970    0.99863 +/- 0.00114
      137/1    0.99601    5.43883    0.99860 +/- 0.00112
      138/1    1.01045    5.43932    0.99875 +/- 0.00112
      139/1    1.00437    5.45376    0.99882 +/- 0.00111
      140/1    1.00473    5.44374    0.99889 +/- 0.00110
      141/1    0.98757    5.45744    0.99875 +/- 0.00109
      142/1    0.99676    5.45863    0.99873 +/- 0.00108
      143/1    0.99720    5.44431    0.99871 +/- 0.00106
      144/1    1.02489    5.44296    0.99902 +/- 0.00110
      145/1    0.99434    5.44333    0.99897 +/- 0.00109
      146/1    0.98220    5.45528    0.99877 +/- 0.00109
      147/1    1.00499    5.45091    0.99884 +/- 0.00108
      148/1    0.98875    5.44122    0.99873 +/- 0.00107
      149/1    1.00571    5.46165    0.99881 +/- 0.00106
      150/1    0.99413    5.45265    0.99876 +/- 0.00105
      151/1    0.99487    5.44991    0.99871 +/- 0.00104
      152/1    0.99356    5.45898    0.99866 +/- 0.00103
      153/1    0.99714    5.45277    0.99864 +/- 0.00102
      154/1    0.99133    5.45145    0.99856 +/- 0.00101
      155/1    1.01235    5.44939    0.99871 +/- 0.00101
      156/1    0.99303    5.45423    0.99865 +/- 0.00101
      157/1    1.00800    5.44408    0.99875 +/- 0.00100
      158/1    0.99335    5.44862    0.99869 +/- 0.00099
      159/1    0.99806    5.44220    0.99868 +/- 0.00098
      160/1    1.01922    5.42331    0.99889 +/- 0.00099
 Creating state point statepoint.160.h5...

 =======================>     TIMING STATISTICS     <=======================

 Total time for initialization     = 0.0000e+00 seconds
   Reading cross sections          = 0.0000e+00 seconds
 Total time in simulation          = 3.6605e+02 seconds
   Time in transport only          = 3.6490e+02 seconds
   Time in inactive batches        = 9.9453e+01 seconds
   Time in active batches          = 2.6660e+02 seconds
   Time synchronizing fission bank = 2.9694e-01 seconds
     Sampling source sites         = 2.6165e-01 seconds
     SEND/RECV source sites        = 3.4677e-02 seconds
   Time accumulating tallies       = 5.8031e-01 seconds
   Time writing statepoints        = 1.8972e-02 seconds
 Total time for finalization       = 1.9219e-02 seconds
 Total time elapsed                = 3.6655e+02 seconds
 Calculation Rate (inactive)       = 12066 particles/second
 Calculation Rate (active)         = 7501.91 particles/second

 ============================>     RESULTS     <============================

 k-effective (Collision)     = 0.99942 +/- 0.00081
 k-effective (Track-length)  = 0.99889 +/- 0.00099
 k-effective (Absorption)    = 0.99934 +/- 0.00080
 Combined k-effective        = 0.99940 +/- 0.00070
 Leakage Fraction            = 0.00710 +/- 0.00006

 Creating state point openmc_simulation_n5.h5...
      k(BOL) 1.02286 x ratio 0.94920 -> end of cycle at k = 0.97090
      state 0: B   0.00 MWd/kgHM  k 1.02286  (target)
      state 1: B   0.50 MWd/kgHM  k 1.00322
      state 2: B   1.50 MWd/kgHM  k 1.00275
      state 3: B   3.50 MWd/kgHM  k 1.00565
      state 4: B   7.50 MWd/kgHM  k 1.01325
      state 5: B  13.50 MWd/kgHM  k 0.99940
                                %%%%%%%%%%%%%%%
                           %%%%%%%%%%%%%%%%%%%%%%%%
                        %%%%%%%%%%%%%%%%%%%%%%%%%%%%%%
                      %%%%%%%%%%%%%%%%%%%%%%%%%%%%%%%%%%
                    %%%%%%%%%%%%%%%%%%%%%%%%%%%%%%%%%%%%%%
                   %%%%%%%%%%%%%%%%%%%%%%%%%%%%%%%%%%%%%%%%
                                    %%%%%%%%%%%%%%%%%%%%%%%%
                                     %%%%%%%%%%%%%%%%%%%%%%%%
                 ###############      %%%%%%%%%%%%%%%%%%%%%%%%
                ##################     %%%%%%%%%%%%%%%%%%%%%%%
                ###################     %%%%%%%%%%%%%%%%%%%%%%%
                ####################     %%%%%%%%%%%%%%%%%%%%%%
                #####################     %%%%%%%%%%%%%%%%%%%%%
                ######################     %%%%%%%%%%%%%%%%%%%%
                #######################     %%%%%%%%%%%%%%%%%%
                 #######################     %%%%%%%%%%%%%%%%%
                 ######################     %%%%%%%%%%%%%%%%%
                  ####################     %%%%%%%%%%%%%%%%%
                    #################     %%%%%%%%%%%%%%%%%
                     ###############     %%%%%%%%%%%%%%%%
                       ############     %%%%%%%%%%%%%%%
                          ########     %%%%%%%%%%%%%%
                                      %%%%%%%%%%%

                 | The OpenMC Monte Carlo Code
       Copyright | 2011-2025 MIT, UChicago Argonne LLC, and contributors
         License | https://docs.openmc.org/en/latest/license.html
         Version | 0.15.3
     Commit Hash | 27e38e894697bb32a1dac7848d2618818b6b8daf
       Date/Time | 2026-09-25 03:09:52
   MPI Processes | 1
  OpenMP Threads | 64

 Reading settings XML file...
 Reading cross sections XML file...
 Reading chain file: /home/diogo/openmc_data/chain_endfb71_pwr.xml...
 Reading materials XML file...
 Reading geometry XML file...
 Reading H1 from /home/diogo/openmc_data/endfb-vii.1-hdf5/neutron/H1.h5
 Reading H2 from /home/diogo/openmc_data/endfb-vii.1-hdf5/neutron/H2.h5
 Reading B10 from /home/diogo/openmc_data/endfb-vii.1-hdf5/neutron/B10.h5
 Reading B11 from /home/diogo/openmc_data/endfb-vii.1-hdf5/neutron/B11.h5
 Reading O16 from /home/diogo/openmc_data/endfb-vii.1-hdf5/neutron/O16.h5
 Reading O17 from /home/diogo/openmc_data/endfb-vii.1-hdf5/neutron/O17.h5
 Reading Cr50 from /home/diogo/openmc_data/endfb-vii.1-hdf5/neutron/Cr50.h5
 Reading Cr52 from /home/diogo/openmc_data/endfb-vii.1-hdf5/neutron/Cr52.h5
 Reading Cr53 from /home/diogo/openmc_data/endfb-vii.1-hdf5/neutron/Cr53.h5
 Reading Cr54 from /home/diogo/openmc_data/endfb-vii.1-hdf5/neutron/Cr54.h5
 Reading Mn55 from /home/diogo/openmc_data/endfb-vii.1-hdf5/neutron/Mn55.h5
 Reading Fe54 from /home/diogo/openmc_data/endfb-vii.1-hdf5/neutron/Fe54.h5
 Reading Fe56 from /home/diogo/openmc_data/endfb-vii.1-hdf5/neutron/Fe56.h5
 Reading Fe57 from /home/diogo/openmc_data/endfb-vii.1-hdf5/neutron/Fe57.h5
 Reading Fe58 from /home/diogo/openmc_data/endfb-vii.1-hdf5/neutron/Fe58.h5
 Reading Ni58 from /home/diogo/openmc_data/endfb-vii.1-hdf5/neutron/Ni58.h5
 Reading Ni60 from /home/diogo/openmc_data/endfb-vii.1-hdf5/neutron/Ni60.h5
 Reading Ni61 from /home/diogo/openmc_data/endfb-vii.1-hdf5/neutron/Ni61.h5
 Reading Ni62 from /home/diogo/openmc_data/endfb-vii.1-hdf5/neutron/Ni62.h5
 Reading Ni64 from /home/diogo/openmc_data/endfb-vii.1-hdf5/neutron/Ni64.h5
 Reading Zr90 from /home/diogo/openmc_data/endfb-vii.1-hdf5/neutron/Zr90.h5
 Reading Zr91 from /home/diogo/openmc_data/endfb-vii.1-hdf5/neutron/Zr91.h5
 Reading Zr92 from /home/diogo/openmc_data/endfb-vii.1-hdf5/neutron/Zr92.h5
 Reading Zr94 from /home/diogo/openmc_data/endfb-vii.1-hdf5/neutron/Zr94.h5
 Reading Zr96 from /home/diogo/openmc_data/endfb-vii.1-hdf5/neutron/Zr96.h5
 Reading Sn112 from /home/diogo/openmc_data/endfb-vii.1-hdf5/neutron/Sn112.h5
 Reading Sn114 from /home/diogo/openmc_data/endfb-vii.1-hdf5/neutron/Sn114.h5
 Reading Sn115 from /home/diogo/openmc_data/endfb-vii.1-hdf5/neutron/Sn115.h5
 Reading Sn116 from /home/diogo/openmc_data/endfb-vii.1-hdf5/neutron/Sn116.h5
 Reading Sn117 from /home/diogo/openmc_data/endfb-vii.1-hdf5/neutron/Sn117.h5
 Reading Sn118 from /home/diogo/openmc_data/endfb-vii.1-hdf5/neutron/Sn118.h5
 Reading Sn119 from /home/diogo/openmc_data/endfb-vii.1-hdf5/neutron/Sn119.h5
 Reading Sn120 from /home/diogo/openmc_data/endfb-vii.1-hdf5/neutron/Sn120.h5
 Reading Sn122 from /home/diogo/openmc_data/endfb-vii.1-hdf5/neutron/Sn122.h5
 Reading Sn124 from /home/diogo/openmc_data/endfb-vii.1-hdf5/neutron/Sn124.h5
 Reading He3 from /home/diogo/openmc_data/endfb-vii.1-hdf5/neutron/He3.h5
 Reading He4 from /home/diogo/openmc_data/endfb-vii.1-hdf5/neutron/He4.h5
 Reading U234 from /home/diogo/openmc_data/endfb-vii.1-hdf5/neutron/U234.h5
 Reading U235 from /home/diogo/openmc_data/endfb-vii.1-hdf5/neutron/U235.h5
 Reading U238 from /home/diogo/openmc_data/endfb-vii.1-hdf5/neutron/U238.h5
 Reading Gd152 from /home/diogo/openmc_data/endfb-vii.1-hdf5/neutron/Gd152.h5
 Reading Gd154 from /home/diogo/openmc_data/endfb-vii.1-hdf5/neutron/Gd154.h5
 Reading Gd155 from /home/diogo/openmc_data/endfb-vii.1-hdf5/neutron/Gd155.h5
 Reading Gd156 from /home/diogo/openmc_data/endfb-vii.1-hdf5/neutron/Gd156.h5
 Reading Gd157 from /home/diogo/openmc_data/endfb-vii.1-hdf5/neutron/Gd157.h5
 Reading Gd158 from /home/diogo/openmc_data/endfb-vii.1-hdf5/neutron/Gd158.h5
 Reading Gd160 from /home/diogo/openmc_data/endfb-vii.1-hdf5/neutron/Gd160.h5
 Reading Si28 from /home/diogo/openmc_data/endfb-vii.1-hdf5/neutron/Si28.h5
 Reading Si29 from /home/diogo/openmc_data/endfb-vii.1-hdf5/neutron/Si29.h5
 Reading Si30 from /home/diogo/openmc_data/endfb-vii.1-hdf5/neutron/Si30.h5
 Reading Ag107 from /home/diogo/openmc_data/endfb-vii.1-hdf5/neutron/Ag107.h5
 Reading Ag109 from /home/diogo/openmc_data/endfb-vii.1-hdf5/neutron/Ag109.h5
 Reading Cd106 from /home/diogo/openmc_data/endfb-vii.1-hdf5/neutron/Cd106.h5
 WARNING: Negative value(s) found on probability table for nuclide Cd106 at 294K
 WARNING: Negative value(s) found on probability table for nuclide Cd106 at 600K
 WARNING: Negative value(s) found on probability table for nuclide Cd106 at 900K
 WARNING: Negative value(s) found on probability table for nuclide Cd106 at
          1200K
 WARNING: Negative value(s) found on probability table for nuclide Cd106 at
          2500K
 Reading Cd108 from /home/diogo/openmc_data/endfb-vii.1-hdf5/neutron/Cd108.h5
 Reading Cd110 from /home/diogo/openmc_data/endfb-vii.1-hdf5/neutron/Cd110.h5
 Reading Cd111 from /home/diogo/openmc_data/endfb-vii.1-hdf5/neutron/Cd111.h5
 Reading Cd112 from /home/diogo/openmc_data/endfb-vii.1-hdf5/neutron/Cd112.h5
 Reading Cd113 from /home/diogo/openmc_data/endfb-vii.1-hdf5/neutron/Cd113.h5
 Reading Cd114 from /home/diogo/openmc_data/endfb-vii.1-hdf5/neutron/Cd114.h5
 Reading Cd116 from /home/diogo/openmc_data/endfb-vii.1-hdf5/neutron/Cd116.h5
 Reading In113 from /home/diogo/openmc_data/endfb-vii.1-hdf5/neutron/In113.h5
 Reading In115 from /home/diogo/openmc_data/endfb-vii.1-hdf5/neutron/In115.h5
 Reading c_H_in_H2O from
 /home/diogo/openmc_data/endfb-vii.1-hdf5/neutron/c_H_in_H2O.h5
 Minimum neutron data temperature: 0 K
 Maximum neutron data temperature: 1.7976931348623157e+308 K
 Reading tallies XML file...
 Preparing distributed cell instances...
 Reading plot XML file...
 Writing summary.h5 file...
[openmc.deplete] t=116834482.39194909 s, dt=34617624.412429355 s, source=47715611.00824993
[openmc.deplete] t=151452106.80437845 s, dt=34617624.412429355 s, source=47715611.00824993
 Reading H3 from /home/diogo/openmc_data/endfb-vii.1-hdf5/neutron/H3.h5
 Reading Li6 from /home/diogo/openmc_data/endfb-vii.1-hdf5/neutron/Li6.h5
 Reading Li7 from /home/diogo/openmc_data/endfb-vii.1-hdf5/neutron/Li7.h5
 Reading N14 from /home/diogo/openmc_data/endfb-vii.1-hdf5/neutron/N14.h5
 Reading N15 from /home/diogo/openmc_data/endfb-vii.1-hdf5/neutron/N15.h5
 Reading F19 from /home/diogo/openmc_data/endfb-vii.1-hdf5/neutron/F19.h5
 Reading Na22 from /home/diogo/openmc_data/endfb-vii.1-hdf5/neutron/Na22.h5
 WARNING: Negative value(s) found on probability table for nuclide Na22 at 250K
 WARNING: Negative value(s) found on probability table for nuclide Na22 at 294K
 WARNING: Negative value(s) found on probability table for nuclide Na22 at 600K
 WARNING: Negative value(s) found on probability table for nuclide Na22 at 900K
 WARNING: Negative value(s) found on probability table for nuclide Na22 at 1200K
 WARNING: Negative value(s) found on probability table for nuclide Na22 at 2500K
 Reading Na23 from /home/diogo/openmc_data/endfb-vii.1-hdf5/neutron/Na23.h5
 Reading Mg24 from /home/diogo/openmc_data/endfb-vii.1-hdf5/neutron/Mg24.h5
 Reading Mg25 from /home/diogo/openmc_data/endfb-vii.1-hdf5/neutron/Mg25.h5
 Reading Mg26 from /home/diogo/openmc_data/endfb-vii.1-hdf5/neutron/Mg26.h5
 Reading Al27 from /home/diogo/openmc_data/endfb-vii.1-hdf5/neutron/Al27.h5
 Reading P31 from /home/diogo/openmc_data/endfb-vii.1-hdf5/neutron/P31.h5
 Reading S32 from /home/diogo/openmc_data/endfb-vii.1-hdf5/neutron/S32.h5
 Reading S33 from /home/diogo/openmc_data/endfb-vii.1-hdf5/neutron/S33.h5
 Reading S34 from /home/diogo/openmc_data/endfb-vii.1-hdf5/neutron/S34.h5
 Reading S36 from /home/diogo/openmc_data/endfb-vii.1-hdf5/neutron/S36.h5
 Reading Cl35 from /home/diogo/openmc_data/endfb-vii.1-hdf5/neutron/Cl35.h5
 Reading Cl37 from /home/diogo/openmc_data/endfb-vii.1-hdf5/neutron/Cl37.h5
 Reading Ar36 from /home/diogo/openmc_data/endfb-vii.1-hdf5/neutron/Ar36.h5
 WARNING: Negative value(s) found on probability table for nuclide Ar36 at 250K
 WARNING: Negative value(s) found on probability table for nuclide Ar36 at 294K
 WARNING: Negative value(s) found on probability table for nuclide Ar36 at 600K
 WARNING: Negative value(s) found on probability table for nuclide Ar36 at 900K
 WARNING: Negative value(s) found on probability table for nuclide Ar36 at 1200K
 WARNING: Negative value(s) found on probability table for nuclide Ar36 at 2500K
 Reading Ar38 from /home/diogo/openmc_data/endfb-vii.1-hdf5/neutron/Ar38.h5
 Reading Ar40 from /home/diogo/openmc_data/endfb-vii.1-hdf5/neutron/Ar40.h5
 Reading K39 from /home/diogo/openmc_data/endfb-vii.1-hdf5/neutron/K39.h5
 Reading K40 from /home/diogo/openmc_data/endfb-vii.1-hdf5/neutron/K40.h5
 Reading K41 from /home/diogo/openmc_data/endfb-vii.1-hdf5/neutron/K41.h5
 Reading Ca40 from /home/diogo/openmc_data/endfb-vii.1-hdf5/neutron/Ca40.h5
 Reading Ca42 from /home/diogo/openmc_data/endfb-vii.1-hdf5/neutron/Ca42.h5
 Reading Ca43 from /home/diogo/openmc_data/endfb-vii.1-hdf5/neutron/Ca43.h5
 Reading Ca44 from /home/diogo/openmc_data/endfb-vii.1-hdf5/neutron/Ca44.h5
 Reading Ca46 from /home/diogo/openmc_data/endfb-vii.1-hdf5/neutron/Ca46.h5
 Reading Sc45 from /home/diogo/openmc_data/endfb-vii.1-hdf5/neutron/Sc45.h5
 Reading Ti46 from /home/diogo/openmc_data/endfb-vii.1-hdf5/neutron/Ti46.h5
 Reading Ti47 from /home/diogo/openmc_data/endfb-vii.1-hdf5/neutron/Ti47.h5
 Reading Ti48 from /home/diogo/openmc_data/endfb-vii.1-hdf5/neutron/Ti48.h5
 Reading Ti49 from /home/diogo/openmc_data/endfb-vii.1-hdf5/neutron/Ti49.h5
 Reading Ti50 from /home/diogo/openmc_data/endfb-vii.1-hdf5/neutron/Ti50.h5
 Reading V50 from /home/diogo/openmc_data/endfb-vii.1-hdf5/neutron/V50.h5
 Reading V51 from /home/diogo/openmc_data/endfb-vii.1-hdf5/neutron/V51.h5
 Reading Co58 from /home/diogo/openmc_data/endfb-vii.1-hdf5/neutron/Co58.h5
 Reading Co59 from /home/diogo/openmc_data/endfb-vii.1-hdf5/neutron/Co59.h5
 Reading Ni59 from /home/diogo/openmc_data/endfb-vii.1-hdf5/neutron/Ni59.h5
 Reading Cu63 from /home/diogo/openmc_data/endfb-vii.1-hdf5/neutron/Cu63.h5
 Reading Cu65 from /home/diogo/openmc_data/endfb-vii.1-hdf5/neutron/Cu65.h5
 Reading Zn64 from /home/diogo/openmc_data/endfb-vii.1-hdf5/neutron/Zn64.h5
 Reading Zn65 from /home/diogo/openmc_data/endfb-vii.1-hdf5/neutron/Zn65.h5
 Reading Zn66 from /home/diogo/openmc_data/endfb-vii.1-hdf5/neutron/Zn66.h5
 Reading Zn67 from /home/diogo/openmc_data/endfb-vii.1-hdf5/neutron/Zn67.h5
 Reading Zn68 from /home/diogo/openmc_data/endfb-vii.1-hdf5/neutron/Zn68.h5
 Reading Zn70 from /home/diogo/openmc_data/endfb-vii.1-hdf5/neutron/Zn70.h5
 Reading Ga69 from /home/diogo/openmc_data/endfb-vii.1-hdf5/neutron/Ga69.h5
 Reading Ga71 from /home/diogo/openmc_data/endfb-vii.1-hdf5/neutron/Ga71.h5
 Reading Ge70 from /home/diogo/openmc_data/endfb-vii.1-hdf5/neutron/Ge70.h5
 Reading Ge72 from /home/diogo/openmc_data/endfb-vii.1-hdf5/neutron/Ge72.h5
 Reading Ge73 from /home/diogo/openmc_data/endfb-vii.1-hdf5/neutron/Ge73.h5
 Reading Ge74 from /home/diogo/openmc_data/endfb-vii.1-hdf5/neutron/Ge74.h5
 Reading Ge76 from /home/diogo/openmc_data/endfb-vii.1-hdf5/neutron/Ge76.h5
 Reading As74 from /home/diogo/openmc_data/endfb-vii.1-hdf5/neutron/As74.h5
 Reading As75 from /home/diogo/openmc_data/endfb-vii.1-hdf5/neutron/As75.h5
 Reading Se74 from /home/diogo/openmc_data/endfb-vii.1-hdf5/neutron/Se74.h5
 Reading Se76 from /home/diogo/openmc_data/endfb-vii.1-hdf5/neutron/Se76.h5
 Reading Se77 from /home/diogo/openmc_data/endfb-vii.1-hdf5/neutron/Se77.h5
 Reading Se78 from /home/diogo/openmc_data/endfb-vii.1-hdf5/neutron/Se78.h5
 Reading Se79 from /home/diogo/openmc_data/endfb-vii.1-hdf5/neutron/Se79.h5
 WARNING: Negative value(s) found on probability table for nuclide Se79 at 250K
 WARNING: Negative value(s) found on probability table for nuclide Se79 at 294K
 WARNING: Negative value(s) found on probability table for nuclide Se79 at 600K
 WARNING: Negative value(s) found on probability table for nuclide Se79 at 900K
 WARNING: Negative value(s) found on probability table for nuclide Se79 at 1200K
 Reading Se80 from /home/diogo/openmc_data/endfb-vii.1-hdf5/neutron/Se80.h5
 Reading Se82 from /home/diogo/openmc_data/endfb-vii.1-hdf5/neutron/Se82.h5
 Reading Br79 from /home/diogo/openmc_data/endfb-vii.1-hdf5/neutron/Br79.h5
 Reading Br81 from /home/diogo/openmc_data/endfb-vii.1-hdf5/neutron/Br81.h5
 Reading Kr78 from /home/diogo/openmc_data/endfb-vii.1-hdf5/neutron/Kr78.h5
 Reading Kr80 from /home/diogo/openmc_data/endfb-vii.1-hdf5/neutron/Kr80.h5
 Reading Kr82 from /home/diogo/openmc_data/endfb-vii.1-hdf5/neutron/Kr82.h5
 Reading Kr83 from /home/diogo/openmc_data/endfb-vii.1-hdf5/neutron/Kr83.h5
 Reading Kr84 from /home/diogo/openmc_data/endfb-vii.1-hdf5/neutron/Kr84.h5
 Reading Kr85 from /home/diogo/openmc_data/endfb-vii.1-hdf5/neutron/Kr85.h5
 Reading Kr86 from /home/diogo/openmc_data/endfb-vii.1-hdf5/neutron/Kr86.h5
 Reading Rb85 from /home/diogo/openmc_data/endfb-vii.1-hdf5/neutron/Rb85.h5
 Reading Rb86 from /home/diogo/openmc_data/endfb-vii.1-hdf5/neutron/Rb86.h5
 Reading Rb87 from /home/diogo/openmc_data/endfb-vii.1-hdf5/neutron/Rb87.h5
 Reading Sr84 from /home/diogo/openmc_data/endfb-vii.1-hdf5/neutron/Sr84.h5
 Reading Sr86 from /home/diogo/openmc_data/endfb-vii.1-hdf5/neutron/Sr86.h5
 Reading Sr87 from /home/diogo/openmc_data/endfb-vii.1-hdf5/neutron/Sr87.h5
 Reading Sr88 from /home/diogo/openmc_data/endfb-vii.1-hdf5/neutron/Sr88.h5
 Reading Sr89 from /home/diogo/openmc_data/endfb-vii.1-hdf5/neutron/Sr89.h5
 Reading Sr90 from /home/diogo/openmc_data/endfb-vii.1-hdf5/neutron/Sr90.h5
 Reading Y89 from /home/diogo/openmc_data/endfb-vii.1-hdf5/neutron/Y89.h5
 Reading Y90 from /home/diogo/openmc_data/endfb-vii.1-hdf5/neutron/Y90.h5
 Reading Y91 from /home/diogo/openmc_data/endfb-vii.1-hdf5/neutron/Y91.h5
 Reading Zr93 from /home/diogo/openmc_data/endfb-vii.1-hdf5/neutron/Zr93.h5
 Reading Zr95 from /home/diogo/openmc_data/endfb-vii.1-hdf5/neutron/Zr95.h5
 Reading Nb93 from /home/diogo/openmc_data/endfb-vii.1-hdf5/neutron/Nb93.h5
 Reading Nb94 from /home/diogo/openmc_data/endfb-vii.1-hdf5/neutron/Nb94.h5
 WARNING: Negative value(s) found on probability table for nuclide Nb94 at 250K
 WARNING: Negative value(s) found on probability table for nuclide Nb94 at 294K
 WARNING: Negative value(s) found on probability table for nuclide Nb94 at 600K
 WARNING: Negative value(s) found on probability table for nuclide Nb94 at 900K
 WARNING: Negative value(s) found on probability table for nuclide Nb94 at 1200K
 WARNING: Negative value(s) found on probability table for nuclide Nb94 at 2500K
 Reading Nb95 from /home/diogo/openmc_data/endfb-vii.1-hdf5/neutron/Nb95.h5
 WARNING: Negative value(s) found on probability table for nuclide Nb95 at 250K
 WARNING: Negative value(s) found on probability table for nuclide Nb95 at 294K
 WARNING: Negative value(s) found on probability table for nuclide Nb95 at 600K
 WARNING: Negative value(s) found on probability table for nuclide Nb95 at 900K
 WARNING: Negative value(s) found on probability table for nuclide Nb95 at 1200K
 Reading Mo92 from /home/diogo/openmc_data/endfb-vii.1-hdf5/neutron/Mo92.h5
 Reading Mo94 from /home/diogo/openmc_data/endfb-vii.1-hdf5/neutron/Mo94.h5
 Reading Mo95 from /home/diogo/openmc_data/endfb-vii.1-hdf5/neutron/Mo95.h5
 Reading Mo96 from /home/diogo/openmc_data/endfb-vii.1-hdf5/neutron/Mo96.h5
 Reading Mo97 from /home/diogo/openmc_data/endfb-vii.1-hdf5/neutron/Mo97.h5
 Reading Mo98 from /home/diogo/openmc_data/endfb-vii.1-hdf5/neutron/Mo98.h5
 Reading Mo99 from /home/diogo/openmc_data/endfb-vii.1-hdf5/neutron/Mo99.h5
 WARNING: Negative value(s) found on probability table for nuclide Mo99 at 250K
 WARNING: Negative value(s) found on probability table for nuclide Mo99 at 294K
 WARNING: Negative value(s) found on probability table for nuclide Mo99 at 600K
 WARNING: Negative value(s) found on probability table for nuclide Mo99 at 900K
 WARNING: Negative value(s) found on probability table for nuclide Mo99 at 1200K
 WARNING: Negative value(s) found on probability table for nuclide Mo99 at 2500K
 Reading Mo100 from /home/diogo/openmc_data/endfb-vii.1-hdf5/neutron/Mo100.h5
 Reading Tc99 from /home/diogo/openmc_data/endfb-vii.1-hdf5/neutron/Tc99.h5
 Reading Ru98 from /home/diogo/openmc_data/endfb-vii.1-hdf5/neutron/Ru98.h5
 Reading Ru99 from /home/diogo/openmc_data/endfb-vii.1-hdf5/neutron/Ru99.h5
 Reading Ru100 from /home/diogo/openmc_data/endfb-vii.1-hdf5/neutron/Ru100.h5
 Reading Ru101 from /home/diogo/openmc_data/endfb-vii.1-hdf5/neutron/Ru101.h5
 Reading Ru102 from /home/diogo/openmc_data/endfb-vii.1-hdf5/neutron/Ru102.h5
 Reading Ru103 from /home/diogo/openmc_data/endfb-vii.1-hdf5/neutron/Ru103.h5
 Reading Ru104 from /home/diogo/openmc_data/endfb-vii.1-hdf5/neutron/Ru104.h5
 Reading Ru105 from /home/diogo/openmc_data/endfb-vii.1-hdf5/neutron/Ru105.h5
 Reading Ru106 from /home/diogo/openmc_data/endfb-vii.1-hdf5/neutron/Ru106.h5
 Reading Rh103 from /home/diogo/openmc_data/endfb-vii.1-hdf5/neutron/Rh103.h5
 Reading Rh105 from /home/diogo/openmc_data/endfb-vii.1-hdf5/neutron/Rh105.h5
 Reading Pd102 from /home/diogo/openmc_data/endfb-vii.1-hdf5/neutron/Pd102.h5
 Reading Pd104 from /home/diogo/openmc_data/endfb-vii.1-hdf5/neutron/Pd104.h5
 Reading Pd105 from /home/diogo/openmc_data/endfb-vii.1-hdf5/neutron/Pd105.h5
 Reading Pd106 from /home/diogo/openmc_data/endfb-vii.1-hdf5/neutron/Pd106.h5
 Reading Pd107 from /home/diogo/openmc_data/endfb-vii.1-hdf5/neutron/Pd107.h5
 Reading Pd108 from /home/diogo/openmc_data/endfb-vii.1-hdf5/neutron/Pd108.h5
 Reading Pd110 from /home/diogo/openmc_data/endfb-vii.1-hdf5/neutron/Pd110.h5
 Reading Ag110_m1 from
 /home/diogo/openmc_data/endfb-vii.1-hdf5/neutron/Ag110_m1.h5
 Reading Ag111 from /home/diogo/openmc_data/endfb-vii.1-hdf5/neutron/Ag111.h5
 Reading Cd115_m1 from
 /home/diogo/openmc_data/endfb-vii.1-hdf5/neutron/Cd115_m1.h5
 Reading Sn113 from /home/diogo/openmc_data/endfb-vii.1-hdf5/neutron/Sn113.h5
 Reading Sn123 from /home/diogo/openmc_data/endfb-vii.1-hdf5/neutron/Sn123.h5
 WARNING: Negative value(s) found on probability table for nuclide Sn123 at 250K
 WARNING: Negative value(s) found on probability table for nuclide Sn123 at 294K
 WARNING: Negative value(s) found on probability table for nuclide Sn123 at 600K
 WARNING: Negative value(s) found on probability table for nuclide Sn123 at 900K
 WARNING: Negative value(s) found on probability table for nuclide Sn123 at
          1200K
 WARNING: Negative value(s) found on probability table for nuclide Sn123 at
          2500K
 Reading Sn125 from /home/diogo/openmc_data/endfb-vii.1-hdf5/neutron/Sn125.h5
 Reading Sn126 from /home/diogo/openmc_data/endfb-vii.1-hdf5/neutron/Sn126.h5
 Reading Sb121 from /home/diogo/openmc_data/endfb-vii.1-hdf5/neutron/Sb121.h5
 Reading Sb123 from /home/diogo/openmc_data/endfb-vii.1-hdf5/neutron/Sb123.h5
 Reading Sb124 from /home/diogo/openmc_data/endfb-vii.1-hdf5/neutron/Sb124.h5
 Reading Sb125 from /home/diogo/openmc_data/endfb-vii.1-hdf5/neutron/Sb125.h5
 Reading Sb126 from /home/diogo/openmc_data/endfb-vii.1-hdf5/neutron/Sb126.h5
 Reading Te120 from /home/diogo/openmc_data/endfb-vii.1-hdf5/neutron/Te120.h5
 WARNING: Negative value(s) found on probability table for nuclide Te120 at 600K
 WARNING: Negative value(s) found on probability table for nuclide Te120 at 900K
 WARNING: Negative value(s) found on probability table for nuclide Te120 at
          1200K
 WARNING: Negative value(s) found on probability table for nuclide Te120 at
          2500K
 Reading Te122 from /home/diogo/openmc_data/endfb-vii.1-hdf5/neutron/Te122.h5
 Reading Te123 from /home/diogo/openmc_data/endfb-vii.1-hdf5/neutron/Te123.h5
 Reading Te124 from /home/diogo/openmc_data/endfb-vii.1-hdf5/neutron/Te124.h5
 Reading Te125 from /home/diogo/openmc_data/endfb-vii.1-hdf5/neutron/Te125.h5
 Reading Te126 from /home/diogo/openmc_data/endfb-vii.1-hdf5/neutron/Te126.h5
 Reading Te127_m1 from
 /home/diogo/openmc_data/endfb-vii.1-hdf5/neutron/Te127_m1.h5
 Reading Te128 from /home/diogo/openmc_data/endfb-vii.1-hdf5/neutron/Te128.h5
 Reading Te129_m1 from
 /home/diogo/openmc_data/endfb-vii.1-hdf5/neutron/Te129_m1.h5
 Reading Te130 from /home/diogo/openmc_data/endfb-vii.1-hdf5/neutron/Te130.h5
 Reading Te132 from /home/diogo/openmc_data/endfb-vii.1-hdf5/neutron/Te132.h5
 Reading I127 from /home/diogo/openmc_data/endfb-vii.1-hdf5/neutron/I127.h5
 Reading I129 from /home/diogo/openmc_data/endfb-vii.1-hdf5/neutron/I129.h5
 Reading I130 from /home/diogo/openmc_data/endfb-vii.1-hdf5/neutron/I130.h5
 Reading I131 from /home/diogo/openmc_data/endfb-vii.1-hdf5/neutron/I131.h5
 WARNING: Negative value(s) found on probability table for nuclide I131 at 250K
 WARNING: Negative value(s) found on probability table for nuclide I131 at 294K
 WARNING: Negative value(s) found on probability table for nuclide I131 at 600K
 WARNING: Negative value(s) found on probability table for nuclide I131 at 900K
 WARNING: Negative value(s) found on probability table for nuclide I131 at 1200K
 WARNING: Negative value(s) found on probability table for nuclide I131 at 2500K
 Reading I135 from /home/diogo/openmc_data/endfb-vii.1-hdf5/neutron/I135.h5
 Reading Xe123 from /home/diogo/openmc_data/endfb-vii.1-hdf5/neutron/Xe123.h5
 Reading Xe124 from /home/diogo/openmc_data/endfb-vii.1-hdf5/neutron/Xe124.h5
 Reading Xe126 from /home/diogo/openmc_data/endfb-vii.1-hdf5/neutron/Xe126.h5
 Reading Xe128 from /home/diogo/openmc_data/endfb-vii.1-hdf5/neutron/Xe128.h5
 Reading Xe129 from /home/diogo/openmc_data/endfb-vii.1-hdf5/neutron/Xe129.h5
 Reading Xe130 from /home/diogo/openmc_data/endfb-vii.1-hdf5/neutron/Xe130.h5
 Reading Xe131 from /home/diogo/openmc_data/endfb-vii.1-hdf5/neutron/Xe131.h5
 Reading Xe132 from /home/diogo/openmc_data/endfb-vii.1-hdf5/neutron/Xe132.h5
 Reading Xe133 from /home/diogo/openmc_data/endfb-vii.1-hdf5/neutron/Xe133.h5
 WARNING: Negative value(s) found on probability table for nuclide Xe133 at
          2500K
 Reading Xe134 from /home/diogo/openmc_data/endfb-vii.1-hdf5/neutron/Xe134.h5
 Reading Xe135 from /home/diogo/openmc_data/endfb-vii.1-hdf5/neutron/Xe135.h5
 Reading Xe136 from /home/diogo/openmc_data/endfb-vii.1-hdf5/neutron/Xe136.h5
 Reading Cs133 from /home/diogo/openmc_data/endfb-vii.1-hdf5/neutron/Cs133.h5
 Reading Cs134 from /home/diogo/openmc_data/endfb-vii.1-hdf5/neutron/Cs134.h5
 Reading Cs135 from /home/diogo/openmc_data/endfb-vii.1-hdf5/neutron/Cs135.h5
 Reading Cs136 from /home/diogo/openmc_data/endfb-vii.1-hdf5/neutron/Cs136.h5
 WARNING: Negative value(s) found on probability table for nuclide Cs136 at 250K
 WARNING: Negative value(s) found on probability table for nuclide Cs136 at 294K
 WARNING: Negative value(s) found on probability table for nuclide Cs136 at 600K
 WARNING: Negative value(s) found on probability table for nuclide Cs136 at 900K
 WARNING: Negative value(s) found on probability table for nuclide Cs136 at
          1200K
 WARNING: Negative value(s) found on probability table for nuclide Cs136 at
          2500K
 Reading Cs137 from /home/diogo/openmc_data/endfb-vii.1-hdf5/neutron/Cs137.h5
 Reading Ba130 from /home/diogo/openmc_data/endfb-vii.1-hdf5/neutron/Ba130.h5
 Reading Ba132 from /home/diogo/openmc_data/endfb-vii.1-hdf5/neutron/Ba132.h5
 Reading Ba133 from /home/diogo/openmc_data/endfb-vii.1-hdf5/neutron/Ba133.h5
 Reading Ba134 from /home/diogo/openmc_data/endfb-vii.1-hdf5/neutron/Ba134.h5
 Reading Ba135 from /home/diogo/openmc_data/endfb-vii.1-hdf5/neutron/Ba135.h5
 Reading Ba136 from /home/diogo/openmc_data/endfb-vii.1-hdf5/neutron/Ba136.h5
 Reading Ba137 from /home/diogo/openmc_data/endfb-vii.1-hdf5/neutron/Ba137.h5
 Reading Ba138 from /home/diogo/openmc_data/endfb-vii.1-hdf5/neutron/Ba138.h5
 Reading Ba140 from /home/diogo/openmc_data/endfb-vii.1-hdf5/neutron/Ba140.h5
 Reading La138 from /home/diogo/openmc_data/endfb-vii.1-hdf5/neutron/La138.h5
 Reading La139 from /home/diogo/openmc_data/endfb-vii.1-hdf5/neutron/La139.h5
 Reading La140 from /home/diogo/openmc_data/endfb-vii.1-hdf5/neutron/La140.h5
 Reading Ce136 from /home/diogo/openmc_data/endfb-vii.1-hdf5/neutron/Ce136.h5
 Reading Ce138 from /home/diogo/openmc_data/endfb-vii.1-hdf5/neutron/Ce138.h5
 Reading Ce139 from /home/diogo/openmc_data/endfb-vii.1-hdf5/neutron/Ce139.h5
 Reading Ce140 from /home/diogo/openmc_data/endfb-vii.1-hdf5/neutron/Ce140.h5
 Reading Ce141 from /home/diogo/openmc_data/endfb-vii.1-hdf5/neutron/Ce141.h5
 Reading Ce142 from /home/diogo/openmc_data/endfb-vii.1-hdf5/neutron/Ce142.h5
 Reading Ce143 from /home/diogo/openmc_data/endfb-vii.1-hdf5/neutron/Ce143.h5
 Reading Ce144 from /home/diogo/openmc_data/endfb-vii.1-hdf5/neutron/Ce144.h5
 Reading Pr141 from /home/diogo/openmc_data/endfb-vii.1-hdf5/neutron/Pr141.h5
 Reading Pr142 from /home/diogo/openmc_data/endfb-vii.1-hdf5/neutron/Pr142.h5
 Reading Pr143 from /home/diogo/openmc_data/endfb-vii.1-hdf5/neutron/Pr143.h5
 Reading Nd142 from /home/diogo/openmc_data/endfb-vii.1-hdf5/neutron/Nd142.h5
 Reading Nd143 from /home/diogo/openmc_data/endfb-vii.1-hdf5/neutron/Nd143.h5
 Reading Nd144 from /home/diogo/openmc_data/endfb-vii.1-hdf5/neutron/Nd144.h5
 Reading Nd145 from /home/diogo/openmc_data/endfb-vii.1-hdf5/neutron/Nd145.h5
 Reading Nd146 from /home/diogo/openmc_data/endfb-vii.1-hdf5/neutron/Nd146.h5
 Reading Nd147 from /home/diogo/openmc_data/endfb-vii.1-hdf5/neutron/Nd147.h5
 Reading Nd148 from /home/diogo/openmc_data/endfb-vii.1-hdf5/neutron/Nd148.h5
 Reading Nd150 from /home/diogo/openmc_data/endfb-vii.1-hdf5/neutron/Nd150.h5
 Reading Pm147 from /home/diogo/openmc_data/endfb-vii.1-hdf5/neutron/Pm147.h5
 Reading Pm148 from /home/diogo/openmc_data/endfb-vii.1-hdf5/neutron/Pm148.h5
 Reading Pm148_m1 from
 /home/diogo/openmc_data/endfb-vii.1-hdf5/neutron/Pm148_m1.h5
 Reading Pm149 from /home/diogo/openmc_data/endfb-vii.1-hdf5/neutron/Pm149.h5
 Reading Pm151 from /home/diogo/openmc_data/endfb-vii.1-hdf5/neutron/Pm151.h5
 Reading Sm144 from /home/diogo/openmc_data/endfb-vii.1-hdf5/neutron/Sm144.h5
 Reading Sm147 from /home/diogo/openmc_data/endfb-vii.1-hdf5/neutron/Sm147.h5
 Reading Sm148 from /home/diogo/openmc_data/endfb-vii.1-hdf5/neutron/Sm148.h5
 Reading Sm149 from /home/diogo/openmc_data/endfb-vii.1-hdf5/neutron/Sm149.h5
 Reading Sm150 from /home/diogo/openmc_data/endfb-vii.1-hdf5/neutron/Sm150.h5
 Reading Sm151 from /home/diogo/openmc_data/endfb-vii.1-hdf5/neutron/Sm151.h5
 Reading Sm152 from /home/diogo/openmc_data/endfb-vii.1-hdf5/neutron/Sm152.h5
 Reading Sm153 from /home/diogo/openmc_data/endfb-vii.1-hdf5/neutron/Sm153.h5
 Reading Sm154 from /home/diogo/openmc_data/endfb-vii.1-hdf5/neutron/Sm154.h5
 Reading Eu151 from /home/diogo/openmc_data/endfb-vii.1-hdf5/neutron/Eu151.h5
 Reading Eu152 from /home/diogo/openmc_data/endfb-vii.1-hdf5/neutron/Eu152.h5
 Reading Eu153 from /home/diogo/openmc_data/endfb-vii.1-hdf5/neutron/Eu153.h5
 Reading Eu154 from /home/diogo/openmc_data/endfb-vii.1-hdf5/neutron/Eu154.h5
 Reading Eu155 from /home/diogo/openmc_data/endfb-vii.1-hdf5/neutron/Eu155.h5
 Reading Eu156 from /home/diogo/openmc_data/endfb-vii.1-hdf5/neutron/Eu156.h5
 WARNING: Negative value(s) found on probability table for nuclide Eu156 at 250K
 WARNING: Negative value(s) found on probability table for nuclide Eu156 at 294K
 WARNING: Negative value(s) found on probability table for nuclide Eu156 at 600K
 WARNING: Negative value(s) found on probability table for nuclide Eu156 at 900K
 WARNING: Negative value(s) found on probability table for nuclide Eu156 at
          1200K
 WARNING: Negative value(s) found on probability table for nuclide Eu156 at
          2500K
 Reading Eu157 from /home/diogo/openmc_data/endfb-vii.1-hdf5/neutron/Eu157.h5
 Reading Gd153 from /home/diogo/openmc_data/endfb-vii.1-hdf5/neutron/Gd153.h5
 Reading Tb159 from /home/diogo/openmc_data/endfb-vii.1-hdf5/neutron/Tb159.h5
 Reading Tb160 from /home/diogo/openmc_data/endfb-vii.1-hdf5/neutron/Tb160.h5
 Reading Dy156 from /home/diogo/openmc_data/endfb-vii.1-hdf5/neutron/Dy156.h5
 Reading Dy158 from /home/diogo/openmc_data/endfb-vii.1-hdf5/neutron/Dy158.h5
 Reading Dy160 from /home/diogo/openmc_data/endfb-vii.1-hdf5/neutron/Dy160.h5
 Reading Dy161 from /home/diogo/openmc_data/endfb-vii.1-hdf5/neutron/Dy161.h5
 Reading Dy162 from /home/diogo/openmc_data/endfb-vii.1-hdf5/neutron/Dy162.h5
 Reading Dy163 from /home/diogo/openmc_data/endfb-vii.1-hdf5/neutron/Dy163.h5
 Reading Dy164 from /home/diogo/openmc_data/endfb-vii.1-hdf5/neutron/Dy164.h5
 Reading Ho165 from /home/diogo/openmc_data/endfb-vii.1-hdf5/neutron/Ho165.h5
 Reading Ho166_m1 from
 /home/diogo/openmc_data/endfb-vii.1-hdf5/neutron/Ho166_m1.h5
 Reading Er162 from /home/diogo/openmc_data/endfb-vii.1-hdf5/neutron/Er162.h5
 Reading Er164 from /home/diogo/openmc_data/endfb-vii.1-hdf5/neutron/Er164.h5
 Reading Er166 from /home/diogo/openmc_data/endfb-vii.1-hdf5/neutron/Er166.h5
 Reading Er167 from /home/diogo/openmc_data/endfb-vii.1-hdf5/neutron/Er167.h5
 Reading Er168 from /home/diogo/openmc_data/endfb-vii.1-hdf5/neutron/Er168.h5
 Reading Er170 from /home/diogo/openmc_data/endfb-vii.1-hdf5/neutron/Er170.h5
 Reading Tm168 from /home/diogo/openmc_data/endfb-vii.1-hdf5/neutron/Tm168.h5
 Reading Tm169 from /home/diogo/openmc_data/endfb-vii.1-hdf5/neutron/Tm169.h5
 Reading Tm170 from /home/diogo/openmc_data/endfb-vii.1-hdf5/neutron/Tm170.h5
 Reading Ir191 from /home/diogo/openmc_data/endfb-vii.1-hdf5/neutron/Ir191.h5
 Reading Ir193 from /home/diogo/openmc_data/endfb-vii.1-hdf5/neutron/Ir193.h5
 Reading Au197 from /home/diogo/openmc_data/endfb-vii.1-hdf5/neutron/Au197.h5
 Reading Hg196 from /home/diogo/openmc_data/endfb-vii.1-hdf5/neutron/Hg196.h5
 Reading Hg198 from /home/diogo/openmc_data/endfb-vii.1-hdf5/neutron/Hg198.h5
 Reading Hg199 from /home/diogo/openmc_data/endfb-vii.1-hdf5/neutron/Hg199.h5
 Reading Hg200 from /home/diogo/openmc_data/endfb-vii.1-hdf5/neutron/Hg200.h5
 Reading Hg201 from /home/diogo/openmc_data/endfb-vii.1-hdf5/neutron/Hg201.h5
 Reading Hg202 from /home/diogo/openmc_data/endfb-vii.1-hdf5/neutron/Hg202.h5
 Reading Hg204 from /home/diogo/openmc_data/endfb-vii.1-hdf5/neutron/Hg204.h5
 Reading Tl203 from /home/diogo/openmc_data/endfb-vii.1-hdf5/neutron/Tl203.h5
 Reading Tl205 from /home/diogo/openmc_data/endfb-vii.1-hdf5/neutron/Tl205.h5
 Reading Pb204 from /home/diogo/openmc_data/endfb-vii.1-hdf5/neutron/Pb204.h5
 Reading Pb206 from /home/diogo/openmc_data/endfb-vii.1-hdf5/neutron/Pb206.h5
 Reading Pb207 from /home/diogo/openmc_data/endfb-vii.1-hdf5/neutron/Pb207.h5
 Reading Pb208 from /home/diogo/openmc_data/endfb-vii.1-hdf5/neutron/Pb208.h5
 Reading Bi209 from /home/diogo/openmc_data/endfb-vii.1-hdf5/neutron/Bi209.h5
 Reading Ra223 from /home/diogo/openmc_data/endfb-vii.1-hdf5/neutron/Ra223.h5
 Reading Ra224 from /home/diogo/openmc_data/endfb-vii.1-hdf5/neutron/Ra224.h5
 Reading Ra225 from /home/diogo/openmc_data/endfb-vii.1-hdf5/neutron/Ra225.h5
 Reading Ra226 from /home/diogo/openmc_data/endfb-vii.1-hdf5/neutron/Ra226.h5
 Reading Ac225 from /home/diogo/openmc_data/endfb-vii.1-hdf5/neutron/Ac225.h5
 Reading Ac226 from /home/diogo/openmc_data/endfb-vii.1-hdf5/neutron/Ac226.h5
 Reading Ac227 from /home/diogo/openmc_data/endfb-vii.1-hdf5/neutron/Ac227.h5
 Reading Th227 from /home/diogo/openmc_data/endfb-vii.1-hdf5/neutron/Th227.h5
 Reading Th228 from /home/diogo/openmc_data/endfb-vii.1-hdf5/neutron/Th228.h5
 Reading Th229 from /home/diogo/openmc_data/endfb-vii.1-hdf5/neutron/Th229.h5
 Reading Th230 from /home/diogo/openmc_data/endfb-vii.1-hdf5/neutron/Th230.h5
 Reading Th231 from /home/diogo/openmc_data/endfb-vii.1-hdf5/neutron/Th231.h5
 Reading Th232 from /home/diogo/openmc_data/endfb-vii.1-hdf5/neutron/Th232.h5
 Reading Th233 from /home/diogo/openmc_data/endfb-vii.1-hdf5/neutron/Th233.h5
 Reading Th234 from /home/diogo/openmc_data/endfb-vii.1-hdf5/neutron/Th234.h5
 Reading Pa229 from /home/diogo/openmc_data/endfb-vii.1-hdf5/neutron/Pa229.h5
 Reading Pa230 from /home/diogo/openmc_data/endfb-vii.1-hdf5/neutron/Pa230.h5
 Reading Pa231 from /home/diogo/openmc_data/endfb-vii.1-hdf5/neutron/Pa231.h5
 Reading Pa232 from /home/diogo/openmc_data/endfb-vii.1-hdf5/neutron/Pa232.h5
 Reading Pa233 from /home/diogo/openmc_data/endfb-vii.1-hdf5/neutron/Pa233.h5
 Reading U230 from /home/diogo/openmc_data/endfb-vii.1-hdf5/neutron/U230.h5
 Reading U231 from /home/diogo/openmc_data/endfb-vii.1-hdf5/neutron/U231.h5
 Reading U232 from /home/diogo/openmc_data/endfb-vii.1-hdf5/neutron/U232.h5
 Reading U233 from /home/diogo/openmc_data/endfb-vii.1-hdf5/neutron/U233.h5
 Reading U236 from /home/diogo/openmc_data/endfb-vii.1-hdf5/neutron/U236.h5
 Reading U237 from /home/diogo/openmc_data/endfb-vii.1-hdf5/neutron/U237.h5
 Reading U239 from /home/diogo/openmc_data/endfb-vii.1-hdf5/neutron/U239.h5
 Reading U240 from /home/diogo/openmc_data/endfb-vii.1-hdf5/neutron/U240.h5
 Reading U241 from /home/diogo/openmc_data/endfb-vii.1-hdf5/neutron/U241.h5
 Reading Np234 from /home/diogo/openmc_data/endfb-vii.1-hdf5/neutron/Np234.h5
 Reading Np235 from /home/diogo/openmc_data/endfb-vii.1-hdf5/neutron/Np235.h5
 Reading Np236 from /home/diogo/openmc_data/endfb-vii.1-hdf5/neutron/Np236.h5
 Reading Np237 from /home/diogo/openmc_data/endfb-vii.1-hdf5/neutron/Np237.h5
 Reading Np238 from /home/diogo/openmc_data/endfb-vii.1-hdf5/neutron/Np238.h5
 Reading Np239 from /home/diogo/openmc_data/endfb-vii.1-hdf5/neutron/Np239.h5
 Reading Pu236 from /home/diogo/openmc_data/endfb-vii.1-hdf5/neutron/Pu236.h5
 Reading Pu237 from /home/diogo/openmc_data/endfb-vii.1-hdf5/neutron/Pu237.h5
 Reading Pu238 from /home/diogo/openmc_data/endfb-vii.1-hdf5/neutron/Pu238.h5
 Reading Pu239 from /home/diogo/openmc_data/endfb-vii.1-hdf5/neutron/Pu239.h5
 Reading Pu240 from /home/diogo/openmc_data/endfb-vii.1-hdf5/neutron/Pu240.h5
 Reading Pu241 from /home/diogo/openmc_data/endfb-vii.1-hdf5/neutron/Pu241.h5
 Reading Pu242 from /home/diogo/openmc_data/endfb-vii.1-hdf5/neutron/Pu242.h5
 Reading Pu243 from /home/diogo/openmc_data/endfb-vii.1-hdf5/neutron/Pu243.h5
 Reading Pu244 from /home/diogo/openmc_data/endfb-vii.1-hdf5/neutron/Pu244.h5
 Reading Pu246 from /home/diogo/openmc_data/endfb-vii.1-hdf5/neutron/Pu246.h5
 Reading Am240 from /home/diogo/openmc_data/endfb-vii.1-hdf5/neutron/Am240.h5
 Reading Am241 from /home/diogo/openmc_data/endfb-vii.1-hdf5/neutron/Am241.h5
 Reading Am242 from /home/diogo/openmc_data/endfb-vii.1-hdf5/neutron/Am242.h5
 Reading Am242_m1 from
 /home/diogo/openmc_data/endfb-vii.1-hdf5/neutron/Am242_m1.h5
 Reading Am243 from /home/diogo/openmc_data/endfb-vii.1-hdf5/neutron/Am243.h5
 Reading Am244 from /home/diogo/openmc_data/endfb-vii.1-hdf5/neutron/Am244.h5
 Reading Am244_m1 from
 /home/diogo/openmc_data/endfb-vii.1-hdf5/neutron/Am244_m1.h5
 Reading Cm240 from /home/diogo/openmc_data/endfb-vii.1-hdf5/neutron/Cm240.h5
 Reading Cm241 from /home/diogo/openmc_data/endfb-vii.1-hdf5/neutron/Cm241.h5
 Reading Cm242 from /home/diogo/openmc_data/endfb-vii.1-hdf5/neutron/Cm242.h5
 Reading Cm243 from /home/diogo/openmc_data/endfb-vii.1-hdf5/neutron/Cm243.h5
 Reading Cm244 from /home/diogo/openmc_data/endfb-vii.1-hdf5/neutron/Cm244.h5
 Reading Cm245 from /home/diogo/openmc_data/endfb-vii.1-hdf5/neutron/Cm245.h5
 Reading Cm246 from /home/diogo/openmc_data/endfb-vii.1-hdf5/neutron/Cm246.h5
 Reading Cm247 from /home/diogo/openmc_data/endfb-vii.1-hdf5/neutron/Cm247.h5
 Reading Cm248 from /home/diogo/openmc_data/endfb-vii.1-hdf5/neutron/Cm248.h5
 Reading Cm249 from /home/diogo/openmc_data/endfb-vii.1-hdf5/neutron/Cm249.h5
 Reading Cm250 from /home/diogo/openmc_data/endfb-vii.1-hdf5/neutron/Cm250.h5
 Reading Bk245 from /home/diogo/openmc_data/endfb-vii.1-hdf5/neutron/Bk245.h5
 Reading Bk247 from /home/diogo/openmc_data/endfb-vii.1-hdf5/neutron/Bk247.h5
 Reading Bk248 from /home/diogo/openmc_data/endfb-vii.1-hdf5/neutron/Bk248.h5
 Reading Bk249 from /home/diogo/openmc_data/endfb-vii.1-hdf5/neutron/Bk249.h5
 Reading Bk250 from /home/diogo/openmc_data/endfb-vii.1-hdf5/neutron/Bk250.h5
 Reading Cf248 from /home/diogo/openmc_data/endfb-vii.1-hdf5/neutron/Cf248.h5
 Reading Cf249 from /home/diogo/openmc_data/endfb-vii.1-hdf5/neutron/Cf249.h5
 Reading Cf250 from /home/diogo/openmc_data/endfb-vii.1-hdf5/neutron/Cf250.h5
 WARNING: Negative value(s) found on probability table for nuclide Cf250 at 250K
 WARNING: Negative value(s) found on probability table for nuclide Cf250 at 294K
 WARNING: Negative value(s) found on probability table for nuclide Cf250 at 900K
 WARNING: Negative value(s) found on probability table for nuclide Cf250 at
          1200K
 Reading Cf251 from /home/diogo/openmc_data/endfb-vii.1-hdf5/neutron/Cf251.h5
 Reading Bk246 from /home/diogo/openmc_data/endfb-vii.1-hdf5/neutron/Bk246.h5
 Reading Lu175 from /home/diogo/openmc_data/endfb-vii.1-hdf5/neutron/Lu175.h5
 Reading Lu176 from /home/diogo/openmc_data/endfb-vii.1-hdf5/neutron/Lu176.h5
 Reading Hf174 from /home/diogo/openmc_data/endfb-vii.1-hdf5/neutron/Hf174.h5
 Reading Hf176 from /home/diogo/openmc_data/endfb-vii.1-hdf5/neutron/Hf176.h5
 Reading Hf177 from /home/diogo/openmc_data/endfb-vii.1-hdf5/neutron/Hf177.h5
 Reading Hf178 from /home/diogo/openmc_data/endfb-vii.1-hdf5/neutron/Hf178.h5
 Reading Hf179 from /home/diogo/openmc_data/endfb-vii.1-hdf5/neutron/Hf179.h5
 Reading Hf180 from /home/diogo/openmc_data/endfb-vii.1-hdf5/neutron/Hf180.h5
 Reading Ta180 from /home/diogo/openmc_data/endfb-vii.1-hdf5/neutron/Ta180.h5
 Reading Ta181 from /home/diogo/openmc_data/endfb-vii.1-hdf5/neutron/Ta181.h5
 Reading Ta182 from /home/diogo/openmc_data/endfb-vii.1-hdf5/neutron/Ta182.h5
 Reading W180 from /home/diogo/openmc_data/endfb-vii.1-hdf5/neutron/W180.h5
 Reading W182 from /home/diogo/openmc_data/endfb-vii.1-hdf5/neutron/W182.h5
 Reading W183 from /home/diogo/openmc_data/endfb-vii.1-hdf5/neutron/W183.h5
 Reading W184 from /home/diogo/openmc_data/endfb-vii.1-hdf5/neutron/W184.h5
 Reading W186 from /home/diogo/openmc_data/endfb-vii.1-hdf5/neutron/W186.h5
 Reading Re185 from /home/diogo/openmc_data/endfb-vii.1-hdf5/neutron/Re185.h5
 Reading Re187 from /home/diogo/openmc_data/endfb-vii.1-hdf5/neutron/Re187.h5
 Reading Cf252 from /home/diogo/openmc_data/endfb-vii.1-hdf5/neutron/Cf252.h5
 Reading Cf253 from /home/diogo/openmc_data/endfb-vii.1-hdf5/neutron/Cf253.h5
 Reading Cf254 from /home/diogo/openmc_data/endfb-vii.1-hdf5/neutron/Cf254.h5
 Reading Es251 from /home/diogo/openmc_data/endfb-vii.1-hdf5/neutron/Es251.h5
 Reading Es252 from /home/diogo/openmc_data/endfb-vii.1-hdf5/neutron/Es252.h5
 Reading Es253 from /home/diogo/openmc_data/endfb-vii.1-hdf5/neutron/Es253.h5
 Reading Es254 from /home/diogo/openmc_data/endfb-vii.1-hdf5/neutron/Es254.h5
 Reading Es254_m1 from
 /home/diogo/openmc_data/endfb-vii.1-hdf5/neutron/Es254_m1.h5
 Reading Es255 from /home/diogo/openmc_data/endfb-vii.1-hdf5/neutron/Es255.h5
 Reading Fm255 from /home/diogo/openmc_data/endfb-vii.1-hdf5/neutron/Fm255.h5
 Reading Ru96 from /home/diogo/openmc_data/endfb-vii.1-hdf5/neutron/Ru96.h5
 Reading Cf246 from /home/diogo/openmc_data/endfb-vii.1-hdf5/neutron/Cf246.h5
 Reading Be9 from /home/diogo/openmc_data/endfb-vii.1-hdf5/neutron/Be9.h5
 Reading Ca48 from /home/diogo/openmc_data/endfb-vii.1-hdf5/neutron/Ca48.h5
 Reading Co58_m1 from
 /home/diogo/openmc_data/endfb-vii.1-hdf5/neutron/Co58_m1.h5
 Maximum neutron transport energy: 20000000 eV for H1
 Initializing source particles...

 ====================>     K EIGENVALUE SIMULATION     <====================

  Bat./Gen.      k       Entropy         Average k 
  =========   ========   ========   ====================
        1/1    0.95433    5.55870
        2/1    0.96603    5.52266
        3/1    0.94318    5.51352
        4/1    0.95527    5.48742
        5/1    0.97797    5.47935
        6/1    0.96950    5.46075
        7/1    0.97861    5.47738
        8/1    0.96693    5.48003
        9/1    0.96243    5.47830
       10/1    0.95862    5.46814
       11/1    0.96889    5.46750
       12/1    0.95139    5.46560
       13/1    0.97716    5.46253
       14/1    0.96961    5.47579
       15/1    0.97117    5.49025
       16/1    0.96625    5.49295
       17/1    0.97458    5.48900
       18/1    0.97517    5.47810
       19/1    0.97948    5.47249
       20/1    0.96881    5.49036
       21/1    0.97204    5.48267
       22/1    0.96327    5.47811
       23/1    0.96196    5.48087
       24/1    0.97793    5.47367
       25/1    0.97387    5.47354
       26/1    0.97298    5.47958
       27/1    0.97556    5.47463
       28/1    0.96314    5.48544
       29/1    0.97574    5.47740
       30/1    0.98003    5.48485
       31/1    0.99005    5.47301
       32/1    0.98828    5.47537
       33/1    0.97939    5.46020
       34/1    0.96455    5.48726
       35/1    0.97928    5.47458
       36/1    0.98690    5.48410
       37/1    0.97719    5.47762
       38/1    0.98916    5.48782
       39/1    0.98464    5.47873
       40/1    0.96397    5.47367
       41/1    0.98655    5.49574
       42/1    0.97139    5.49129
       43/1    0.96159    5.48559
       44/1    0.98550    5.48233
       45/1    0.98614    5.47852
       46/1    0.97339    5.47010
       47/1    0.95875    5.47878
       48/1    0.97974    5.47130
       49/1    0.96982    5.46696
       50/1    0.97687    5.47436
       51/1    0.97344    5.47189
       52/1    0.97919    5.46678
       53/1    0.99644    5.47363
       54/1    0.96893    5.47997
       55/1    0.96412    5.46837
       56/1    0.98108    5.47263
       57/1    0.97767    5.45956
       58/1    0.98600    5.45945
       59/1    0.97447    5.47039
       60/1    0.97491    5.47988
       61/1    0.97424    5.47785
       62/1    0.97500    5.45770    0.97462 +/- 0.00038
       63/1    0.97683    5.47171    0.97536 +/- 0.00077
       64/1    0.96999    5.46244    0.97402 +/- 0.00145
       65/1    0.95387    5.46352    0.96999 +/- 0.00418
       66/1    0.98794    5.46903    0.97298 +/- 0.00454
       67/1    0.97895    5.46780    0.97383 +/- 0.00393
       68/1    0.97796    5.47168    0.97435 +/- 0.00344
       69/1    0.96537    5.48097    0.97335 +/- 0.00320
       70/1    0.96611    5.47457    0.97263 +/- 0.00295
       71/1    0.95121    5.48399    0.97068 +/- 0.00330
       72/1    0.98515    5.46680    0.97189 +/- 0.00325
       73/1    0.98398    5.47319    0.97282 +/- 0.00313
       74/1    0.97878    5.47288    0.97324 +/- 0.00293
       75/1    0.97816    5.48087    0.97357 +/- 0.00274
       76/1    0.98196    5.46750    0.97409 +/- 0.00262
       77/1    0.97251    5.46525    0.97400 +/- 0.00246
       78/1    0.96415    5.47187    0.97345 +/- 0.00239
       79/1    0.97573    5.47635    0.97357 +/- 0.00226
       80/1    0.96697    5.47282    0.97324 +/- 0.00217
       81/1    0.96975    5.48166    0.97308 +/- 0.00207
       82/1    0.97723    5.47446    0.97327 +/- 0.00198
       83/1    0.97551    5.47509    0.97336 +/- 0.00190
       84/1    0.97941    5.47719    0.97362 +/- 0.00183
       85/1    0.99913    5.47542    0.97464 +/- 0.00203
       86/1    0.96624    5.48110    0.97431 +/- 0.00198
       87/1    0.99067    5.47285    0.97492 +/- 0.00200
       88/1    0.96360    5.47064    0.97451 +/- 0.00197
       89/1    0.97795    5.47792    0.97463 +/- 0.00190
       90/1    0.97300    5.48710    0.97458 +/- 0.00184
       91/1    0.97466    5.47810    0.97458 +/- 0.00178
       92/1    0.98340    5.47269    0.97486 +/- 0.00174
       93/1    0.98265    5.47435    0.97509 +/- 0.00171
       94/1    0.97246    5.47279    0.97502 +/- 0.00166
       95/1    0.97549    5.47885    0.97503 +/- 0.00161
       96/1    1.00541    5.47817    0.97587 +/- 0.00178
       97/1    0.97300    5.46999    0.97580 +/- 0.00173
       98/1    0.97867    5.49072    0.97587 +/- 0.00169
       99/1    0.98225    5.48813    0.97603 +/- 0.00165
      100/1    0.97743    5.46919    0.97607 +/- 0.00161
      101/1    0.97771    5.46389    0.97611 +/- 0.00157
      102/1    0.97158    5.45645    0.97600 +/- 0.00154
      103/1    0.97488    5.45947    0.97598 +/- 0.00150
      104/1    0.98848    5.46609    0.97626 +/- 0.00149
      105/1    0.97772    5.47064    0.97629 +/- 0.00146
      106/1    0.95653    5.47038    0.97586 +/- 0.00149
      107/1    0.98070    5.46821    0.97597 +/- 0.00146
      108/1    0.97732    5.45475    0.97599 +/- 0.00143
      109/1    0.97001    5.47193    0.97587 +/- 0.00141
      110/1    0.99137    5.47363    0.97618 +/- 0.00141
      111/1    0.96320    5.47271    0.97593 +/- 0.00141
      112/1    0.97973    5.48362    0.97600 +/- 0.00138
      113/1    0.96805    5.47896    0.97585 +/- 0.00137
      114/1    0.98365    5.47849    0.97599 +/- 0.00135
      115/1    0.97475    5.47714    0.97597 +/- 0.00132
      116/1    0.96973    5.47363    0.97586 +/- 0.00130
      117/1    0.95527    5.48218    0.97550 +/- 0.00133
      118/1    0.98396    5.46954    0.97565 +/- 0.00132
      119/1    0.98629    5.45305    0.97583 +/- 0.00131
      120/1    0.99202    5.46668    0.97610 +/- 0.00131
      121/1    0.98546    5.46312    0.97625 +/- 0.00130
      122/1    1.00251    5.47132    0.97667 +/- 0.00135
      123/1    0.98067    5.47355    0.97674 +/- 0.00133
      124/1    0.97967    5.48596    0.97678 +/- 0.00131
      125/1    0.95376    5.48029    0.97643 +/- 0.00133
      126/1    0.96747    5.47253    0.97629 +/- 0.00132
      127/1    0.95998    5.48149    0.97605 +/- 0.00132
      128/1    0.98244    5.47924    0.97614 +/- 0.00131
      129/1    0.96357    5.46916    0.97596 +/- 0.00130
      130/1    0.96066    5.47740    0.97574 +/- 0.00130
      131/1    0.97236    5.47504    0.97569 +/- 0.00128
      132/1    0.97143    5.48202    0.97563 +/- 0.00127
      133/1    0.98935    5.48643    0.97582 +/- 0.00126
      134/1    0.96452    5.47043    0.97567 +/- 0.00126
      135/1    0.97343    5.47060    0.97564 +/- 0.00124
      136/1    0.98496    5.47516    0.97576 +/- 0.00123
      137/1    0.98019    5.48695    0.97582 +/- 0.00121
      138/1    0.98376    5.46132    0.97592 +/- 0.00120
      139/1    0.98655    5.47487    0.97606 +/- 0.00119
      140/1    0.98155    5.47794    0.97612 +/- 0.00118
      141/1    0.98928    5.47922    0.97629 +/- 0.00118
      142/1    0.97949    5.46278    0.97633 +/- 0.00116
      143/1    0.95582    5.48759    0.97608 +/- 0.00118
      144/1    0.98163    5.48608    0.97615 +/- 0.00116
      145/1    0.99330    5.48499    0.97635 +/- 0.00117
      146/1    0.99072    5.48404    0.97651 +/- 0.00117
      147/1    0.97785    5.49431    0.97653 +/- 0.00115
      148/1    0.98344    5.46848    0.97661 +/- 0.00114
      149/1    0.97768    5.47389    0.97662 +/- 0.00113
      150/1    0.96846    5.46942    0.97653 +/- 0.00112
      151/1    0.97762    5.47541    0.97654 +/- 0.00111
      152/1    0.96540    5.47753    0.97642 +/- 0.00110
      153/1    0.99869    5.48208    0.97666 +/- 0.00112
      154/1    0.98486    5.47400    0.97675 +/- 0.00111
      155/1    0.96870    5.47301    0.97666 +/- 0.00110
      156/1    0.97479    5.46146    0.97664 +/- 0.00109
      157/1    0.97861    5.46035    0.97666 +/- 0.00108
      158/1    0.98130    5.46071    0.97671 +/- 0.00107
      159/1    0.98296    5.47429    0.97677 +/- 0.00106
      160/1    0.98303    5.48944    0.97684 +/- 0.00105
 Creating state point statepoint.160.h5...

 =======================>     TIMING STATISTICS     <=======================

 Total time for initialization     = 5.3659e+01 seconds
   Reading cross sections          = 7.6937e+00 seconds
 Total time in simulation          = 3.8908e+02 seconds
   Time in transport only          = 3.8788e+02 seconds
   Time in inactive batches        = 1.1057e+02 seconds
   Time in active batches          = 2.7851e+02 seconds
   Time synchronizing fission bank = 2.9456e-01 seconds
     Sampling source sites         = 2.5662e-01 seconds
     SEND/RECV source sites        = 3.7281e-02 seconds
   Time accumulating tallies       = 6.3929e-01 seconds
   Time writing statepoints        = 2.0558e-02 seconds
 Total time for finalization       = 1.8318e-02 seconds
 Total time elapsed                = 4.4321e+02 seconds
 Calculation Rate (inactive)       = 10852.8 particles/second
 Calculation Rate (active)         = 7181.03 particles/second

 ============================>     RESULTS     <============================

 k-effective (Collision)     = 0.97640 +/- 0.00086
 k-effective (Track-length)  = 0.97684 +/- 0.00105
 k-effective (Absorption)    = 0.97664 +/- 0.00081
 Combined k-effective        = 0.97650 +/- 0.00074
 Leakage Fraction            = 0.00755 +/- 0.00005

 Creating state point openmc_simulation_n6.h5...
[openmc.deplete] t=186069731.2168078 (final operator evaluation)
 Maximum neutron transport energy: 20000000 eV for H1
 Initializing source particles...

 ====================>     K EIGENVALUE SIMULATION     <====================

  Bat./Gen.      k       Entropy         Average k 
  =========   ========   ========   ====================
        1/1    0.92287    5.55069
        2/1    0.92181    5.51204
        3/1    0.95692    5.50734
        4/1    0.93664    5.49598
        5/1    0.94069    5.48587
        6/1    0.94624    5.49015
        7/1    0.94577    5.48386
        8/1    0.94560    5.48657
        9/1    0.94862    5.47475
       10/1    0.92828    5.48378
       11/1    0.95358    5.48578
       12/1    0.95225    5.48210
       13/1    0.92682    5.48488
       14/1    0.95158    5.48540
       15/1    0.96783    5.48915
       16/1    0.94609    5.48358
       17/1    0.96313    5.46907
       18/1    0.95809    5.48029
       19/1    0.95257    5.48001
       20/1    0.94341    5.48441
       21/1    0.95511    5.48373
       22/1    0.94955    5.47913
       23/1    0.95135    5.46712
       24/1    0.95999    5.46251
       25/1    0.95351    5.47246
       26/1    0.95932    5.47946
       27/1    0.96427    5.48236
       28/1    0.95989    5.48571
       29/1    0.97533    5.47084
       30/1    0.95241    5.47922
       31/1    0.94460    5.48907
       32/1    0.94456    5.48264
       33/1    0.93390    5.47201
       34/1    0.95207    5.48619
       35/1    0.95088    5.49077
       36/1    0.94020    5.48422
       37/1    0.94240    5.48248
       38/1    0.94851    5.48264
       39/1    0.95569    5.48615
       40/1    0.94342    5.49507
       41/1    0.95177    5.48417
       42/1    0.95325    5.47567
       43/1    0.95902    5.48425
       44/1    0.96131    5.49535
       45/1    0.94480    5.49841
       46/1    0.95636    5.49596
       47/1    0.93631    5.50671
       48/1    0.94922    5.49012
       49/1    0.94917    5.48477
       50/1    0.94244    5.48290
       51/1    0.94723    5.48378
       52/1    0.95511    5.48217
       53/1    0.93719    5.47585
       54/1    0.95141    5.47109
       55/1    0.95467    5.49120
       56/1    0.95103    5.47671
       57/1    0.95520    5.48644
       58/1    0.95118    5.47607
       59/1    0.94227    5.48155
       60/1    0.94456    5.48181
       61/1    0.95701    5.48030
       62/1    0.94549    5.47849    0.95125 +/- 0.00576
       63/1    0.94953    5.48659    0.95067 +/- 0.00338
       64/1    0.94437    5.48380    0.94910 +/- 0.00286
       65/1    0.95760    5.49092    0.95080 +/- 0.00279
       66/1    0.95829    5.49682    0.95205 +/- 0.00260
       67/1    0.94704    5.47998    0.95133 +/- 0.00231
       68/1    0.94497    5.47346    0.95054 +/- 0.00215
       69/1    0.95045    5.48283    0.95053 +/- 0.00190
       70/1    0.93473    5.48161    0.94895 +/- 0.00232
       71/1    0.95389    5.48478    0.94940 +/- 0.00215
       72/1    0.95184    5.46545    0.94960 +/- 0.00197
       73/1    0.96421    5.45939    0.95073 +/- 0.00213
       74/1    0.94768    5.46305    0.95051 +/- 0.00199
       75/1    0.95095    5.47294    0.95054 +/- 0.00185
       76/1    0.94050    5.47963    0.94991 +/- 0.00184
       77/1    0.95129    5.47678    0.94999 +/- 0.00173
       78/1    0.95719    5.49306    0.95039 +/- 0.00168
       79/1    0.95505    5.49789    0.95064 +/- 0.00161
       80/1    0.95287    5.49543    0.95075 +/- 0.00153
       81/1    0.95514    5.48630    0.95096 +/- 0.00147
       82/1    0.93867    5.48503    0.95040 +/- 0.00151
       83/1    0.95192    5.46974    0.95046 +/- 0.00144
       84/1    0.94598    5.46263    0.95028 +/- 0.00139
       85/1    0.94639    5.49130    0.95012 +/- 0.00135
       86/1    0.95382    5.48622    0.95026 +/- 0.00130
       87/1    0.95124    5.49502    0.95030 +/- 0.00125
       88/1    0.93250    5.49189    0.94966 +/- 0.00136
       89/1    0.95953    5.48815    0.95001 +/- 0.00136
       90/1    0.95622    5.48186    0.95021 +/- 0.00133
       91/1    0.94774    5.47741    0.95013 +/- 0.00129
       92/1    0.94716    5.47720    0.95004 +/- 0.00125
       93/1    0.96475    5.48274    0.95049 +/- 0.00129
       94/1    0.95553    5.47859    0.95063 +/- 0.00126
       95/1    0.96059    5.48183    0.95092 +/- 0.00126
       96/1    0.95098    5.48600    0.95092 +/- 0.00122
       97/1    0.93835    5.51027    0.95058 +/- 0.00124
       98/1    0.94567    5.49562    0.95045 +/- 0.00121
       99/1    0.95488    5.49443    0.95056 +/- 0.00118
      100/1    0.95687    5.47784    0.95072 +/- 0.00117
      101/1    0.95518    5.47707    0.95083 +/- 0.00114
      102/1    0.94000    5.46766    0.95057 +/- 0.00114
      103/1    0.94188    5.49285    0.95037 +/- 0.00113
      104/1    0.96227    5.48885    0.95064 +/- 0.00114
      105/1    0.95239    5.48994    0.95068 +/- 0.00112
      106/1    0.93384    5.49333    0.95031 +/- 0.00115
      107/1    0.96036    5.48091    0.95053 +/- 0.00115
      108/1    0.95689    5.48479    0.95066 +/- 0.00113
      109/1    0.96013    5.47815    0.95085 +/- 0.00112
      110/1    0.95159    5.48030    0.95087 +/- 0.00110
      111/1    0.95004    5.49469    0.95085 +/- 0.00108
      112/1    0.94564    5.47267    0.95075 +/- 0.00106
      113/1    0.96538    5.47602    0.95103 +/- 0.00108
      114/1    0.94569    5.47752    0.95093 +/- 0.00106
      115/1    0.94755    5.49336    0.95087 +/- 0.00105
      116/1    0.93399    5.49287    0.95057 +/- 0.00107
      117/1    0.93783    5.49723    0.95034 +/- 0.00107
      118/1    0.95949    5.49673    0.95050 +/- 0.00107
      119/1    0.93086    5.49771    0.95017 +/- 0.00110
      120/1    0.95038    5.48032    0.95017 +/- 0.00108
      121/1    0.96009    5.49451    0.95033 +/- 0.00108
      122/1    0.94391    5.49651    0.95023 +/- 0.00106
      123/1    0.95004    5.49488    0.95023 +/- 0.00105
      124/1    0.94244    5.50876    0.95011 +/- 0.00104
      125/1    0.94858    5.49268    0.95008 +/- 0.00102
      126/1    0.94481    5.48346    0.95000 +/- 0.00101
      127/1    0.94820    5.48906    0.94998 +/- 0.00099
      128/1    0.95675    5.47506    0.95007 +/- 0.00099
      129/1    0.95957    5.46918    0.95021 +/- 0.00098
      130/1    0.96403    5.47661    0.95041 +/- 0.00099
      131/1    0.94871    5.48474    0.95039 +/- 0.00097
      132/1    0.95316    5.48990    0.95042 +/- 0.00096
      133/1    0.93192    5.48654    0.95017 +/- 0.00098
      134/1    0.93825    5.48260    0.95001 +/- 0.00098
      135/1    0.95906    5.49717    0.95013 +/- 0.00097
      136/1    0.94678    5.49229    0.95009 +/- 0.00096
      137/1    0.94584    5.49237    0.95003 +/- 0.00095
      138/1    0.94869    5.50329    0.95001 +/- 0.00094
      139/1    0.95376    5.50672    0.95006 +/- 0.00093
      140/1    0.93550    5.49710    0.94988 +/- 0.00093
      141/1    0.95132    5.49467    0.94990 +/- 0.00092
      142/1    0.93927    5.49814    0.94977 +/- 0.00092
      143/1    0.97425    5.49379    0.95006 +/- 0.00096
      144/1    0.94305    5.48831    0.94998 +/- 0.00095
      145/1    0.94283    5.49977    0.94989 +/- 0.00094
      146/1    0.95818    5.47936    0.94999 +/- 0.00094
      147/1    0.95063    5.47890    0.95000 +/- 0.00092
      148/1    0.93616    5.48018    0.94984 +/- 0.00093
      149/1    0.95363    5.48720    0.94988 +/- 0.00092
      150/1    0.95537    5.48517    0.94994 +/- 0.00091
      151/1    0.94426    5.48708    0.94988 +/- 0.00090
      152/1    0.93219    5.48292    0.94969 +/- 0.00091
      153/1    0.96379    5.49523    0.94984 +/- 0.00092
      154/1    0.94185    5.49149    0.94976 +/- 0.00091
      155/1    0.94885    5.48638    0.94975 +/- 0.00090
      156/1    0.94565    5.47664    0.94970 +/- 0.00089
      157/1    0.94771    5.49152    0.94968 +/- 0.00088
      158/1    0.94877    5.49118    0.94967 +/- 0.00087
      159/1    0.97465    5.47871    0.94993 +/- 0.00090
      160/1    0.94749    5.48738    0.94990 +/- 0.00089
 Creating state point statepoint.160.h5...

 =======================>     TIMING STATISTICS     <=======================

 Total time for initialization     = 0.0000e+00 seconds
   Reading cross sections          = 0.0000e+00 seconds
 Total time in simulation          = 3.6681e+02 seconds
   Time in transport only          = 3.6567e+02 seconds
   Time in inactive batches        = 1.0213e+02 seconds
   Time in active batches          = 2.6469e+02 seconds
   Time synchronizing fission bank = 2.8509e-01 seconds
     Sampling source sites         = 2.4994e-01 seconds
     SEND/RECV source sites        = 3.4527e-02 seconds
   Time accumulating tallies       = 5.7007e-01 seconds
   Time writing statepoints        = 2.1717e-02 seconds
 Total time for finalization       = 1.9663e-02 seconds
 Total time elapsed                = 3.6732e+02 seconds
 Calculation Rate (inactive)       = 11750 particles/second
 Calculation Rate (active)         = 7556.11 particles/second

 ============================>     RESULTS     <============================

 k-effective (Collision)     = 0.94944 +/- 0.00071
 k-effective (Track-length)  = 0.94990 +/- 0.00089
 k-effective (Absorption)    = 0.95079 +/- 0.00078
 Combined k-effective        = 0.95013 +/- 0.00063
 Leakage Fraction            = 0.00791 +/- 0.00006

 Creating state point openmc_simulation_n7.h5...
      chunk 1: B  21.50 MWd/kgHM k 0.95013 (target 0.97090) [53.3 min]
[d70] EFPD 1837.9 d (archive 2279.7), c_max 1840 (archive 1840), hump +0 pcm [8 solves, 0.89 h]
[d72] 3D hardware core, 8 layers, 14 fuel segments, 96 depletable materials, seed 1824374486, transport {'particles': 20000, 'batches': 160, 'inactive': 60}, end of cycle relative, ratio 0.96663
                                %%%%%%%%%%%%%%%
                           %%%%%%%%%%%%%%%%%%%%%%%%
                        %%%%%%%%%%%%%%%%%%%%%%%%%%%%%%
                      %%%%%%%%%%%%%%%%%%%%%%%%%%%%%%%%%%
                    %%%%%%%%%%%%%%%%%%%%%%%%%%%%%%%%%%%%%%
                   %%%%%%%%%%%%%%%%%%%%%%%%%%%%%%%%%%%%%%%%
                                    %%%%%%%%%%%%%%%%%%%%%%%%
                                     %%%%%%%%%%%%%%%%%%%%%%%%
                 ###############      %%%%%%%%%%%%%%%%%%%%%%%%
                ##################     %%%%%%%%%%%%%%%%%%%%%%%
                ###################     %%%%%%%%%%%%%%%%%%%%%%%
                ####################     %%%%%%%%%%%%%%%%%%%%%%
                #####################     %%%%%%%%%%%%%%%%%%%%%
                ######################     %%%%%%%%%%%%%%%%%%%%
                #######################     %%%%%%%%%%%%%%%%%%
                 #######################     %%%%%%%%%%%%%%%%%
                 ######################     %%%%%%%%%%%%%%%%%
                  ####################     %%%%%%%%%%%%%%%%%
                    #################     %%%%%%%%%%%%%%%%%
                     ###############     %%%%%%%%%%%%%%%%
                       ############     %%%%%%%%%%%%%%%
                          ########     %%%%%%%%%%%%%%
                                      %%%%%%%%%%%

                 | The OpenMC Monte Carlo Code
       Copyright | 2011-2025 MIT, UChicago Argonne LLC, and contributors
         License | https://docs.openmc.org/en/latest/license.html
         Version | 0.15.3
     Commit Hash | 27e38e894697bb32a1dac7848d2618818b6b8daf
       Date/Time | 2026-09-25 03:49:19
   MPI Processes | 1
  OpenMP Threads | 64

 Reading settings XML file...
 Reading cross sections XML file...
 Reading chain file: /home/diogo/openmc_data/chain_endfb71_pwr.xml...
 Reading materials XML file...
 Reading geometry XML file...
 Reading H1 from /home/diogo/openmc_data/endfb-vii.1-hdf5/neutron/H1.h5
 Reading H2 from /home/diogo/openmc_data/endfb-vii.1-hdf5/neutron/H2.h5
 Reading B10 from /home/diogo/openmc_data/endfb-vii.1-hdf5/neutron/B10.h5
 Reading B11 from /home/diogo/openmc_data/endfb-vii.1-hdf5/neutron/B11.h5
 Reading O16 from /home/diogo/openmc_data/endfb-vii.1-hdf5/neutron/O16.h5
 Reading O17 from /home/diogo/openmc_data/endfb-vii.1-hdf5/neutron/O17.h5
 Reading Cr50 from /home/diogo/openmc_data/endfb-vii.1-hdf5/neutron/Cr50.h5
 Reading Cr52 from /home/diogo/openmc_data/endfb-vii.1-hdf5/neutron/Cr52.h5
 Reading Cr53 from /home/diogo/openmc_data/endfb-vii.1-hdf5/neutron/Cr53.h5
 Reading Cr54 from /home/diogo/openmc_data/endfb-vii.1-hdf5/neutron/Cr54.h5
 Reading Mn55 from /home/diogo/openmc_data/endfb-vii.1-hdf5/neutron/Mn55.h5
 Reading Fe54 from /home/diogo/openmc_data/endfb-vii.1-hdf5/neutron/Fe54.h5
 Reading Fe56 from /home/diogo/openmc_data/endfb-vii.1-hdf5/neutron/Fe56.h5
 Reading Fe57 from /home/diogo/openmc_data/endfb-vii.1-hdf5/neutron/Fe57.h5
 Reading Fe58 from /home/diogo/openmc_data/endfb-vii.1-hdf5/neutron/Fe58.h5
 Reading Ni58 from /home/diogo/openmc_data/endfb-vii.1-hdf5/neutron/Ni58.h5
 Reading Ni60 from /home/diogo/openmc_data/endfb-vii.1-hdf5/neutron/Ni60.h5
 Reading Ni61 from /home/diogo/openmc_data/endfb-vii.1-hdf5/neutron/Ni61.h5
 Reading Ni62 from /home/diogo/openmc_data/endfb-vii.1-hdf5/neutron/Ni62.h5
 Reading Ni64 from /home/diogo/openmc_data/endfb-vii.1-hdf5/neutron/Ni64.h5
 Reading Zr90 from /home/diogo/openmc_data/endfb-vii.1-hdf5/neutron/Zr90.h5
 Reading Zr91 from /home/diogo/openmc_data/endfb-vii.1-hdf5/neutron/Zr91.h5
 Reading Zr92 from /home/diogo/openmc_data/endfb-vii.1-hdf5/neutron/Zr92.h5
 Reading Zr94 from /home/diogo/openmc_data/endfb-vii.1-hdf5/neutron/Zr94.h5
 Reading Zr96 from /home/diogo/openmc_data/endfb-vii.1-hdf5/neutron/Zr96.h5
 Reading Sn112 from /home/diogo/openmc_data/endfb-vii.1-hdf5/neutron/Sn112.h5
 Reading Sn114 from /home/diogo/openmc_data/endfb-vii.1-hdf5/neutron/Sn114.h5
 Reading Sn115 from /home/diogo/openmc_data/endfb-vii.1-hdf5/neutron/Sn115.h5
 Reading Sn116 from /home/diogo/openmc_data/endfb-vii.1-hdf5/neutron/Sn116.h5
 Reading Sn117 from /home/diogo/openmc_data/endfb-vii.1-hdf5/neutron/Sn117.h5
 Reading Sn118 from /home/diogo/openmc_data/endfb-vii.1-hdf5/neutron/Sn118.h5
 Reading Sn119 from /home/diogo/openmc_data/endfb-vii.1-hdf5/neutron/Sn119.h5
 Reading Sn120 from /home/diogo/openmc_data/endfb-vii.1-hdf5/neutron/Sn120.h5
 Reading Sn122 from /home/diogo/openmc_data/endfb-vii.1-hdf5/neutron/Sn122.h5
 Reading Sn124 from /home/diogo/openmc_data/endfb-vii.1-hdf5/neutron/Sn124.h5
 Reading He3 from /home/diogo/openmc_data/endfb-vii.1-hdf5/neutron/He3.h5
 Reading He4 from /home/diogo/openmc_data/endfb-vii.1-hdf5/neutron/He4.h5
 Reading U234 from /home/diogo/openmc_data/endfb-vii.1-hdf5/neutron/U234.h5
 Reading U235 from /home/diogo/openmc_data/endfb-vii.1-hdf5/neutron/U235.h5
 Reading U238 from /home/diogo/openmc_data/endfb-vii.1-hdf5/neutron/U238.h5
 Reading Gd152 from /home/diogo/openmc_data/endfb-vii.1-hdf5/neutron/Gd152.h5
 Reading Gd154 from /home/diogo/openmc_data/endfb-vii.1-hdf5/neutron/Gd154.h5
 Reading Gd155 from /home/diogo/openmc_data/endfb-vii.1-hdf5/neutron/Gd155.h5
 Reading Gd156 from /home/diogo/openmc_data/endfb-vii.1-hdf5/neutron/Gd156.h5
 Reading Gd157 from /home/diogo/openmc_data/endfb-vii.1-hdf5/neutron/Gd157.h5
 Reading Gd158 from /home/diogo/openmc_data/endfb-vii.1-hdf5/neutron/Gd158.h5
 Reading Gd160 from /home/diogo/openmc_data/endfb-vii.1-hdf5/neutron/Gd160.h5
 Reading Si28 from /home/diogo/openmc_data/endfb-vii.1-hdf5/neutron/Si28.h5
 Reading Si29 from /home/diogo/openmc_data/endfb-vii.1-hdf5/neutron/Si29.h5
 Reading Si30 from /home/diogo/openmc_data/endfb-vii.1-hdf5/neutron/Si30.h5
 Reading Ag107 from /home/diogo/openmc_data/endfb-vii.1-hdf5/neutron/Ag107.h5
 Reading Ag109 from /home/diogo/openmc_data/endfb-vii.1-hdf5/neutron/Ag109.h5
 Reading Cd106 from /home/diogo/openmc_data/endfb-vii.1-hdf5/neutron/Cd106.h5
 WARNING: Negative value(s) found on probability table for nuclide Cd106 at 294K
 WARNING: Negative value(s) found on probability table for nuclide Cd106 at 600K
 WARNING: Negative value(s) found on probability table for nuclide Cd106 at 900K
 WARNING: Negative value(s) found on probability table for nuclide Cd106 at
          1200K
 WARNING: Negative value(s) found on probability table for nuclide Cd106 at
          2500K
 Reading Cd108 from /home/diogo/openmc_data/endfb-vii.1-hdf5/neutron/Cd108.h5
 Reading Cd110 from /home/diogo/openmc_data/endfb-vii.1-hdf5/neutron/Cd110.h5
 Reading Cd111 from /home/diogo/openmc_data/endfb-vii.1-hdf5/neutron/Cd111.h5
 Reading Cd112 from /home/diogo/openmc_data/endfb-vii.1-hdf5/neutron/Cd112.h5
 Reading Cd113 from /home/diogo/openmc_data/endfb-vii.1-hdf5/neutron/Cd113.h5
 Reading Cd114 from /home/diogo/openmc_data/endfb-vii.1-hdf5/neutron/Cd114.h5
 Reading Cd116 from /home/diogo/openmc_data/endfb-vii.1-hdf5/neutron/Cd116.h5
 Reading In113 from /home/diogo/openmc_data/endfb-vii.1-hdf5/neutron/In113.h5
 Reading In115 from /home/diogo/openmc_data/endfb-vii.1-hdf5/neutron/In115.h5
 Reading c_H_in_H2O from
 /home/diogo/openmc_data/endfb-vii.1-hdf5/neutron/c_H_in_H2O.h5
 Minimum neutron data temperature: 0 K
 Maximum neutron data temperature: 1.7976931348623157e+308 K
 Reading tallies XML file...
 Preparing distributed cell instances...
 Reading plot XML file...
 Writing summary.h5 file...
[openmc.deplete] t=0.0 s, dt=4327203.051553669 s, source=47639915.838503174
 Reading H3 from /home/diogo/openmc_data/endfb-vii.1-hdf5/neutron/H3.h5
 Reading Li6 from /home/diogo/openmc_data/endfb-vii.1-hdf5/neutron/Li6.h5
 Reading Li7 from /home/diogo/openmc_data/endfb-vii.1-hdf5/neutron/Li7.h5
 Reading Be9 from /home/diogo/openmc_data/endfb-vii.1-hdf5/neutron/Be9.h5
 Reading N14 from /home/diogo/openmc_data/endfb-vii.1-hdf5/neutron/N14.h5
 Reading N15 from /home/diogo/openmc_data/endfb-vii.1-hdf5/neutron/N15.h5
 Reading F19 from /home/diogo/openmc_data/endfb-vii.1-hdf5/neutron/F19.h5
 Reading Na22 from /home/diogo/openmc_data/endfb-vii.1-hdf5/neutron/Na22.h5
 WARNING: Negative value(s) found on probability table for nuclide Na22 at 250K
 WARNING: Negative value(s) found on probability table for nuclide Na22 at 294K
 WARNING: Negative value(s) found on probability table for nuclide Na22 at 600K
 WARNING: Negative value(s) found on probability table for nuclide Na22 at 900K
 WARNING: Negative value(s) found on probability table for nuclide Na22 at 1200K
 WARNING: Negative value(s) found on probability table for nuclide Na22 at 2500K
 Reading Na23 from /home/diogo/openmc_data/endfb-vii.1-hdf5/neutron/Na23.h5
 Reading Mg24 from /home/diogo/openmc_data/endfb-vii.1-hdf5/neutron/Mg24.h5
 Reading Mg25 from /home/diogo/openmc_data/endfb-vii.1-hdf5/neutron/Mg25.h5
 Reading Mg26 from /home/diogo/openmc_data/endfb-vii.1-hdf5/neutron/Mg26.h5
 Reading Al27 from /home/diogo/openmc_data/endfb-vii.1-hdf5/neutron/Al27.h5
 Reading P31 from /home/diogo/openmc_data/endfb-vii.1-hdf5/neutron/P31.h5
 Reading S32 from /home/diogo/openmc_data/endfb-vii.1-hdf5/neutron/S32.h5
 Reading S33 from /home/diogo/openmc_data/endfb-vii.1-hdf5/neutron/S33.h5
 Reading S34 from /home/diogo/openmc_data/endfb-vii.1-hdf5/neutron/S34.h5
 Reading S36 from /home/diogo/openmc_data/endfb-vii.1-hdf5/neutron/S36.h5
 Reading Cl35 from /home/diogo/openmc_data/endfb-vii.1-hdf5/neutron/Cl35.h5
 Reading Cl37 from /home/diogo/openmc_data/endfb-vii.1-hdf5/neutron/Cl37.h5
 Reading Ar36 from /home/diogo/openmc_data/endfb-vii.1-hdf5/neutron/Ar36.h5
 WARNING: Negative value(s) found on probability table for nuclide Ar36 at 250K
 WARNING: Negative value(s) found on probability table for nuclide Ar36 at 294K
 WARNING: Negative value(s) found on probability table for nuclide Ar36 at 600K
 WARNING: Negative value(s) found on probability table for nuclide Ar36 at 900K
 WARNING: Negative value(s) found on probability table for nuclide Ar36 at 1200K
 WARNING: Negative value(s) found on probability table for nuclide Ar36 at 2500K
 Reading Ar38 from /home/diogo/openmc_data/endfb-vii.1-hdf5/neutron/Ar38.h5
 Reading Ar40 from /home/diogo/openmc_data/endfb-vii.1-hdf5/neutron/Ar40.h5
 Reading K39 from /home/diogo/openmc_data/endfb-vii.1-hdf5/neutron/K39.h5
 Reading K40 from /home/diogo/openmc_data/endfb-vii.1-hdf5/neutron/K40.h5
 Reading K41 from /home/diogo/openmc_data/endfb-vii.1-hdf5/neutron/K41.h5
 Reading Ca40 from /home/diogo/openmc_data/endfb-vii.1-hdf5/neutron/Ca40.h5
 Reading Ca42 from /home/diogo/openmc_data/endfb-vii.1-hdf5/neutron/Ca42.h5
 Reading Ca43 from /home/diogo/openmc_data/endfb-vii.1-hdf5/neutron/Ca43.h5
 Reading Ca44 from /home/diogo/openmc_data/endfb-vii.1-hdf5/neutron/Ca44.h5
 Reading Ca46 from /home/diogo/openmc_data/endfb-vii.1-hdf5/neutron/Ca46.h5
 Reading Ca48 from /home/diogo/openmc_data/endfb-vii.1-hdf5/neutron/Ca48.h5
 Reading Sc45 from /home/diogo/openmc_data/endfb-vii.1-hdf5/neutron/Sc45.h5
 Reading Ti46 from /home/diogo/openmc_data/endfb-vii.1-hdf5/neutron/Ti46.h5
 Reading Ti47 from /home/diogo/openmc_data/endfb-vii.1-hdf5/neutron/Ti47.h5
 Reading Ti48 from /home/diogo/openmc_data/endfb-vii.1-hdf5/neutron/Ti48.h5
 Reading Ti49 from /home/diogo/openmc_data/endfb-vii.1-hdf5/neutron/Ti49.h5
 Reading Ti50 from /home/diogo/openmc_data/endfb-vii.1-hdf5/neutron/Ti50.h5
 Reading V50 from /home/diogo/openmc_data/endfb-vii.1-hdf5/neutron/V50.h5
 Reading V51 from /home/diogo/openmc_data/endfb-vii.1-hdf5/neutron/V51.h5
 Reading Co58 from /home/diogo/openmc_data/endfb-vii.1-hdf5/neutron/Co58.h5
 Reading Co58_m1 from
 /home/diogo/openmc_data/endfb-vii.1-hdf5/neutron/Co58_m1.h5
 Reading Co59 from /home/diogo/openmc_data/endfb-vii.1-hdf5/neutron/Co59.h5
 Reading Ni59 from /home/diogo/openmc_data/endfb-vii.1-hdf5/neutron/Ni59.h5
 Reading Cu63 from /home/diogo/openmc_data/endfb-vii.1-hdf5/neutron/Cu63.h5
 Reading Cu65 from /home/diogo/openmc_data/endfb-vii.1-hdf5/neutron/Cu65.h5
 Reading Zn64 from /home/diogo/openmc_data/endfb-vii.1-hdf5/neutron/Zn64.h5
 Reading Zn65 from /home/diogo/openmc_data/endfb-vii.1-hdf5/neutron/Zn65.h5
 Reading Zn66 from /home/diogo/openmc_data/endfb-vii.1-hdf5/neutron/Zn66.h5
 Reading Zn67 from /home/diogo/openmc_data/endfb-vii.1-hdf5/neutron/Zn67.h5
 Reading Zn68 from /home/diogo/openmc_data/endfb-vii.1-hdf5/neutron/Zn68.h5
 Reading Zn70 from /home/diogo/openmc_data/endfb-vii.1-hdf5/neutron/Zn70.h5
 Reading Ga69 from /home/diogo/openmc_data/endfb-vii.1-hdf5/neutron/Ga69.h5
 Reading Ga71 from /home/diogo/openmc_data/endfb-vii.1-hdf5/neutron/Ga71.h5
 Reading Ge70 from /home/diogo/openmc_data/endfb-vii.1-hdf5/neutron/Ge70.h5
 Reading Ge72 from /home/diogo/openmc_data/endfb-vii.1-hdf5/neutron/Ge72.h5
 Reading Ge73 from /home/diogo/openmc_data/endfb-vii.1-hdf5/neutron/Ge73.h5
 Reading Ge74 from /home/diogo/openmc_data/endfb-vii.1-hdf5/neutron/Ge74.h5
 Reading Ge76 from /home/diogo/openmc_data/endfb-vii.1-hdf5/neutron/Ge76.h5
 Reading As74 from /home/diogo/openmc_data/endfb-vii.1-hdf5/neutron/As74.h5
 Reading As75 from /home/diogo/openmc_data/endfb-vii.1-hdf5/neutron/As75.h5
 Reading Se74 from /home/diogo/openmc_data/endfb-vii.1-hdf5/neutron/Se74.h5
 Reading Se76 from /home/diogo/openmc_data/endfb-vii.1-hdf5/neutron/Se76.h5
 Reading Se77 from /home/diogo/openmc_data/endfb-vii.1-hdf5/neutron/Se77.h5
 Reading Se78 from /home/diogo/openmc_data/endfb-vii.1-hdf5/neutron/Se78.h5
 Reading Se79 from /home/diogo/openmc_data/endfb-vii.1-hdf5/neutron/Se79.h5
 WARNING: Negative value(s) found on probability table for nuclide Se79 at 250K
 WARNING: Negative value(s) found on probability table for nuclide Se79 at 294K
 WARNING: Negative value(s) found on probability table for nuclide Se79 at 600K
 WARNING: Negative value(s) found on probability table for nuclide Se79 at 900K
 WARNING: Negative value(s) found on probability table for nuclide Se79 at 1200K
 Reading Se80 from /home/diogo/openmc_data/endfb-vii.1-hdf5/neutron/Se80.h5
 Reading Se82 from /home/diogo/openmc_data/endfb-vii.1-hdf5/neutron/Se82.h5
 Reading Br79 from /home/diogo/openmc_data/endfb-vii.1-hdf5/neutron/Br79.h5
 Reading Br81 from /home/diogo/openmc_data/endfb-vii.1-hdf5/neutron/Br81.h5
 Reading Kr78 from /home/diogo/openmc_data/endfb-vii.1-hdf5/neutron/Kr78.h5
 Reading Kr80 from /home/diogo/openmc_data/endfb-vii.1-hdf5/neutron/Kr80.h5
 Reading Kr82 from /home/diogo/openmc_data/endfb-vii.1-hdf5/neutron/Kr82.h5
 Reading Kr83 from /home/diogo/openmc_data/endfb-vii.1-hdf5/neutron/Kr83.h5
 Reading Kr84 from /home/diogo/openmc_data/endfb-vii.1-hdf5/neutron/Kr84.h5
 Reading Kr85 from /home/diogo/openmc_data/endfb-vii.1-hdf5/neutron/Kr85.h5
 Reading Kr86 from /home/diogo/openmc_data/endfb-vii.1-hdf5/neutron/Kr86.h5
 Reading Rb85 from /home/diogo/openmc_data/endfb-vii.1-hdf5/neutron/Rb85.h5
 Reading Rb86 from /home/diogo/openmc_data/endfb-vii.1-hdf5/neutron/Rb86.h5
 Reading Rb87 from /home/diogo/openmc_data/endfb-vii.1-hdf5/neutron/Rb87.h5
 Reading Sr84 from /home/diogo/openmc_data/endfb-vii.1-hdf5/neutron/Sr84.h5
 Reading Sr86 from /home/diogo/openmc_data/endfb-vii.1-hdf5/neutron/Sr86.h5
 Reading Sr87 from /home/diogo/openmc_data/endfb-vii.1-hdf5/neutron/Sr87.h5
 Reading Sr88 from /home/diogo/openmc_data/endfb-vii.1-hdf5/neutron/Sr88.h5
 Reading Sr89 from /home/diogo/openmc_data/endfb-vii.1-hdf5/neutron/Sr89.h5
 Reading Sr90 from /home/diogo/openmc_data/endfb-vii.1-hdf5/neutron/Sr90.h5
 Reading Y89 from /home/diogo/openmc_data/endfb-vii.1-hdf5/neutron/Y89.h5
 Reading Y90 from /home/diogo/openmc_data/endfb-vii.1-hdf5/neutron/Y90.h5
 Reading Y91 from /home/diogo/openmc_data/endfb-vii.1-hdf5/neutron/Y91.h5
 Reading Zr93 from /home/diogo/openmc_data/endfb-vii.1-hdf5/neutron/Zr93.h5
 Reading Zr95 from /home/diogo/openmc_data/endfb-vii.1-hdf5/neutron/Zr95.h5
 Reading Nb93 from /home/diogo/openmc_data/endfb-vii.1-hdf5/neutron/Nb93.h5
 Reading Nb94 from /home/diogo/openmc_data/endfb-vii.1-hdf5/neutron/Nb94.h5
 WARNING: Negative value(s) found on probability table for nuclide Nb94 at 250K
 WARNING: Negative value(s) found on probability table for nuclide Nb94 at 294K
 WARNING: Negative value(s) found on probability table for nuclide Nb94 at 600K
 WARNING: Negative value(s) found on probability table for nuclide Nb94 at 900K
 WARNING: Negative value(s) found on probability table for nuclide Nb94 at 1200K
 WARNING: Negative value(s) found on probability table for nuclide Nb94 at 2500K
 Reading Nb95 from /home/diogo/openmc_data/endfb-vii.1-hdf5/neutron/Nb95.h5
 WARNING: Negative value(s) found on probability table for nuclide Nb95 at 250K
 WARNING: Negative value(s) found on probability table for nuclide Nb95 at 294K
 WARNING: Negative value(s) found on probability table for nuclide Nb95 at 600K
 WARNING: Negative value(s) found on probability table for nuclide Nb95 at 900K
 WARNING: Negative value(s) found on probability table for nuclide Nb95 at 1200K
 Reading Mo92 from /home/diogo/openmc_data/endfb-vii.1-hdf5/neutron/Mo92.h5
 Reading Mo94 from /home/diogo/openmc_data/endfb-vii.1-hdf5/neutron/Mo94.h5
 Reading Mo95 from /home/diogo/openmc_data/endfb-vii.1-hdf5/neutron/Mo95.h5
 Reading Mo96 from /home/diogo/openmc_data/endfb-vii.1-hdf5/neutron/Mo96.h5
 Reading Mo97 from /home/diogo/openmc_data/endfb-vii.1-hdf5/neutron/Mo97.h5
 Reading Mo98 from /home/diogo/openmc_data/endfb-vii.1-hdf5/neutron/Mo98.h5
 Reading Mo99 from /home/diogo/openmc_data/endfb-vii.1-hdf5/neutron/Mo99.h5
 WARNING: Negative value(s) found on probability table for nuclide Mo99 at 250K
 WARNING: Negative value(s) found on probability table for nuclide Mo99 at 294K
 WARNING: Negative value(s) found on probability table for nuclide Mo99 at 600K
 WARNING: Negative value(s) found on probability table for nuclide Mo99 at 900K
 WARNING: Negative value(s) found on probability table for nuclide Mo99 at 1200K
 WARNING: Negative value(s) found on probability table for nuclide Mo99 at 2500K
 Reading Mo100 from /home/diogo/openmc_data/endfb-vii.1-hdf5/neutron/Mo100.h5
 Reading Tc99 from /home/diogo/openmc_data/endfb-vii.1-hdf5/neutron/Tc99.h5
 Reading Ru96 from /home/diogo/openmc_data/endfb-vii.1-hdf5/neutron/Ru96.h5
 Reading Ru98 from /home/diogo/openmc_data/endfb-vii.1-hdf5/neutron/Ru98.h5
 Reading Ru99 from /home/diogo/openmc_data/endfb-vii.1-hdf5/neutron/Ru99.h5
 Reading Ru100 from /home/diogo/openmc_data/endfb-vii.1-hdf5/neutron/Ru100.h5
 Reading Ru101 from /home/diogo/openmc_data/endfb-vii.1-hdf5/neutron/Ru101.h5
 Reading Ru102 from /home/diogo/openmc_data/endfb-vii.1-hdf5/neutron/Ru102.h5
 Reading Ru103 from /home/diogo/openmc_data/endfb-vii.1-hdf5/neutron/Ru103.h5
 Reading Ru104 from /home/diogo/openmc_data/endfb-vii.1-hdf5/neutron/Ru104.h5
 Reading Ru105 from /home/diogo/openmc_data/endfb-vii.1-hdf5/neutron/Ru105.h5
 Reading Ru106 from /home/diogo/openmc_data/endfb-vii.1-hdf5/neutron/Ru106.h5
 Reading Rh103 from /home/diogo/openmc_data/endfb-vii.1-hdf5/neutron/Rh103.h5
 Reading Rh105 from /home/diogo/openmc_data/endfb-vii.1-hdf5/neutron/Rh105.h5
 Reading Pd102 from /home/diogo/openmc_data/endfb-vii.1-hdf5/neutron/Pd102.h5
 Reading Pd104 from /home/diogo/openmc_data/endfb-vii.1-hdf5/neutron/Pd104.h5
 Reading Pd105 from /home/diogo/openmc_data/endfb-vii.1-hdf5/neutron/Pd105.h5
 Reading Pd106 from /home/diogo/openmc_data/endfb-vii.1-hdf5/neutron/Pd106.h5
 Reading Pd107 from /home/diogo/openmc_data/endfb-vii.1-hdf5/neutron/Pd107.h5
 Reading Pd108 from /home/diogo/openmc_data/endfb-vii.1-hdf5/neutron/Pd108.h5
 Reading Pd110 from /home/diogo/openmc_data/endfb-vii.1-hdf5/neutron/Pd110.h5
 Reading Ag110_m1 from
 /home/diogo/openmc_data/endfb-vii.1-hdf5/neutron/Ag110_m1.h5
 Reading Ag111 from /home/diogo/openmc_data/endfb-vii.1-hdf5/neutron/Ag111.h5
 Reading Cd115_m1 from
 /home/diogo/openmc_data/endfb-vii.1-hdf5/neutron/Cd115_m1.h5
 Reading Sn113 from /home/diogo/openmc_data/endfb-vii.1-hdf5/neutron/Sn113.h5
 Reading Sn123 from /home/diogo/openmc_data/endfb-vii.1-hdf5/neutron/Sn123.h5
 WARNING: Negative value(s) found on probability table for nuclide Sn123 at 250K
 WARNING: Negative value(s) found on probability table for nuclide Sn123 at 294K
 WARNING: Negative value(s) found on probability table for nuclide Sn123 at 600K
 WARNING: Negative value(s) found on probability table for nuclide Sn123 at 900K
 WARNING: Negative value(s) found on probability table for nuclide Sn123 at
          1200K
 WARNING: Negative value(s) found on probability table for nuclide Sn123 at
          2500K
 Reading Sn125 from /home/diogo/openmc_data/endfb-vii.1-hdf5/neutron/Sn125.h5
 Reading Sn126 from /home/diogo/openmc_data/endfb-vii.1-hdf5/neutron/Sn126.h5
 Reading Sb121 from /home/diogo/openmc_data/endfb-vii.1-hdf5/neutron/Sb121.h5
 Reading Sb123 from /home/diogo/openmc_data/endfb-vii.1-hdf5/neutron/Sb123.h5
 Reading Sb124 from /home/diogo/openmc_data/endfb-vii.1-hdf5/neutron/Sb124.h5
 Reading Sb125 from /home/diogo/openmc_data/endfb-vii.1-hdf5/neutron/Sb125.h5
 Reading Sb126 from /home/diogo/openmc_data/endfb-vii.1-hdf5/neutron/Sb126.h5
 Reading Te120 from /home/diogo/openmc_data/endfb-vii.1-hdf5/neutron/Te120.h5
 WARNING: Negative value(s) found on probability table for nuclide Te120 at 600K
 WARNING: Negative value(s) found on probability table for nuclide Te120 at 900K
 WARNING: Negative value(s) found on probability table for nuclide Te120 at
          1200K
 WARNING: Negative value(s) found on probability table for nuclide Te120 at
          2500K
 Reading Te122 from /home/diogo/openmc_data/endfb-vii.1-hdf5/neutron/Te122.h5
 Reading Te123 from /home/diogo/openmc_data/endfb-vii.1-hdf5/neutron/Te123.h5
 Reading Te124 from /home/diogo/openmc_data/endfb-vii.1-hdf5/neutron/Te124.h5
 Reading Te125 from /home/diogo/openmc_data/endfb-vii.1-hdf5/neutron/Te125.h5
 Reading Te126 from /home/diogo/openmc_data/endfb-vii.1-hdf5/neutron/Te126.h5
 Reading Te127_m1 from
 /home/diogo/openmc_data/endfb-vii.1-hdf5/neutron/Te127_m1.h5
 Reading Te128 from /home/diogo/openmc_data/endfb-vii.1-hdf5/neutron/Te128.h5
 Reading Te129_m1 from
 /home/diogo/openmc_data/endfb-vii.1-hdf5/neutron/Te129_m1.h5
 Reading Te130 from /home/diogo/openmc_data/endfb-vii.1-hdf5/neutron/Te130.h5
 Reading Te132 from /home/diogo/openmc_data/endfb-vii.1-hdf5/neutron/Te132.h5
 Reading I127 from /home/diogo/openmc_data/endfb-vii.1-hdf5/neutron/I127.h5
 Reading I129 from /home/diogo/openmc_data/endfb-vii.1-hdf5/neutron/I129.h5
 Reading I130 from /home/diogo/openmc_data/endfb-vii.1-hdf5/neutron/I130.h5
 Reading I131 from /home/diogo/openmc_data/endfb-vii.1-hdf5/neutron/I131.h5
 WARNING: Negative value(s) found on probability table for nuclide I131 at 250K
 WARNING: Negative value(s) found on probability table for nuclide I131 at 294K
 WARNING: Negative value(s) found on probability table for nuclide I131 at 600K
 WARNING: Negative value(s) found on probability table for nuclide I131 at 900K
 WARNING: Negative value(s) found on probability table for nuclide I131 at 1200K
 WARNING: Negative value(s) found on probability table for nuclide I131 at 2500K
 Reading I135 from /home/diogo/openmc_data/endfb-vii.1-hdf5/neutron/I135.h5
 Reading Xe123 from /home/diogo/openmc_data/endfb-vii.1-hdf5/neutron/Xe123.h5
 Reading Xe124 from /home/diogo/openmc_data/endfb-vii.1-hdf5/neutron/Xe124.h5
 Reading Xe126 from /home/diogo/openmc_data/endfb-vii.1-hdf5/neutron/Xe126.h5
 Reading Xe128 from /home/diogo/openmc_data/endfb-vii.1-hdf5/neutron/Xe128.h5
 Reading Xe129 from /home/diogo/openmc_data/endfb-vii.1-hdf5/neutron/Xe129.h5
 Reading Xe130 from /home/diogo/openmc_data/endfb-vii.1-hdf5/neutron/Xe130.h5
 Reading Xe131 from /home/diogo/openmc_data/endfb-vii.1-hdf5/neutron/Xe131.h5
 Reading Xe132 from /home/diogo/openmc_data/endfb-vii.1-hdf5/neutron/Xe132.h5
 Reading Xe133 from /home/diogo/openmc_data/endfb-vii.1-hdf5/neutron/Xe133.h5
 WARNING: Negative value(s) found on probability table for nuclide Xe133 at
          2500K
 Reading Xe134 from /home/diogo/openmc_data/endfb-vii.1-hdf5/neutron/Xe134.h5
 Reading Xe135 from /home/diogo/openmc_data/endfb-vii.1-hdf5/neutron/Xe135.h5
 Reading Xe136 from /home/diogo/openmc_data/endfb-vii.1-hdf5/neutron/Xe136.h5
 Reading Cs133 from /home/diogo/openmc_data/endfb-vii.1-hdf5/neutron/Cs133.h5
 Reading Cs134 from /home/diogo/openmc_data/endfb-vii.1-hdf5/neutron/Cs134.h5
 Reading Cs135 from /home/diogo/openmc_data/endfb-vii.1-hdf5/neutron/Cs135.h5
 Reading Cs136 from /home/diogo/openmc_data/endfb-vii.1-hdf5/neutron/Cs136.h5
 WARNING: Negative value(s) found on probability table for nuclide Cs136 at 250K
 WARNING: Negative value(s) found on probability table for nuclide Cs136 at 294K
 WARNING: Negative value(s) found on probability table for nuclide Cs136 at 600K
 WARNING: Negative value(s) found on probability table for nuclide Cs136 at 900K
 WARNING: Negative value(s) found on probability table for nuclide Cs136 at
          1200K
 WARNING: Negative value(s) found on probability table for nuclide Cs136 at
          2500K
 Reading Cs137 from /home/diogo/openmc_data/endfb-vii.1-hdf5/neutron/Cs137.h5
 Reading Ba130 from /home/diogo/openmc_data/endfb-vii.1-hdf5/neutron/Ba130.h5
 Reading Ba132 from /home/diogo/openmc_data/endfb-vii.1-hdf5/neutron/Ba132.h5
 Reading Ba133 from /home/diogo/openmc_data/endfb-vii.1-hdf5/neutron/Ba133.h5
 Reading Ba134 from /home/diogo/openmc_data/endfb-vii.1-hdf5/neutron/Ba134.h5
 Reading Ba135 from /home/diogo/openmc_data/endfb-vii.1-hdf5/neutron/Ba135.h5
 Reading Ba136 from /home/diogo/openmc_data/endfb-vii.1-hdf5/neutron/Ba136.h5
 Reading Ba137 from /home/diogo/openmc_data/endfb-vii.1-hdf5/neutron/Ba137.h5
 Reading Ba138 from /home/diogo/openmc_data/endfb-vii.1-hdf5/neutron/Ba138.h5
 Reading Ba140 from /home/diogo/openmc_data/endfb-vii.1-hdf5/neutron/Ba140.h5
 Reading La138 from /home/diogo/openmc_data/endfb-vii.1-hdf5/neutron/La138.h5
 Reading La139 from /home/diogo/openmc_data/endfb-vii.1-hdf5/neutron/La139.h5
 Reading La140 from /home/diogo/openmc_data/endfb-vii.1-hdf5/neutron/La140.h5
 Reading Ce136 from /home/diogo/openmc_data/endfb-vii.1-hdf5/neutron/Ce136.h5
 Reading Ce138 from /home/diogo/openmc_data/endfb-vii.1-hdf5/neutron/Ce138.h5
 Reading Ce139 from /home/diogo/openmc_data/endfb-vii.1-hdf5/neutron/Ce139.h5
 Reading Ce140 from /home/diogo/openmc_data/endfb-vii.1-hdf5/neutron/Ce140.h5
 Reading Ce141 from /home/diogo/openmc_data/endfb-vii.1-hdf5/neutron/Ce141.h5
 Reading Ce142 from /home/diogo/openmc_data/endfb-vii.1-hdf5/neutron/Ce142.h5
 Reading Ce143 from /home/diogo/openmc_data/endfb-vii.1-hdf5/neutron/Ce143.h5
 Reading Ce144 from /home/diogo/openmc_data/endfb-vii.1-hdf5/neutron/Ce144.h5
 Reading Pr141 from /home/diogo/openmc_data/endfb-vii.1-hdf5/neutron/Pr141.h5
 Reading Pr142 from /home/diogo/openmc_data/endfb-vii.1-hdf5/neutron/Pr142.h5
 Reading Pr143 from /home/diogo/openmc_data/endfb-vii.1-hdf5/neutron/Pr143.h5
 Reading Nd142 from /home/diogo/openmc_data/endfb-vii.1-hdf5/neutron/Nd142.h5
 Reading Nd143 from /home/diogo/openmc_data/endfb-vii.1-hdf5/neutron/Nd143.h5
 Reading Nd144 from /home/diogo/openmc_data/endfb-vii.1-hdf5/neutron/Nd144.h5
 Reading Nd145 from /home/diogo/openmc_data/endfb-vii.1-hdf5/neutron/Nd145.h5
 Reading Nd146 from /home/diogo/openmc_data/endfb-vii.1-hdf5/neutron/Nd146.h5
 Reading Nd147 from /home/diogo/openmc_data/endfb-vii.1-hdf5/neutron/Nd147.h5
 Reading Nd148 from /home/diogo/openmc_data/endfb-vii.1-hdf5/neutron/Nd148.h5
 Reading Nd150 from /home/diogo/openmc_data/endfb-vii.1-hdf5/neutron/Nd150.h5
 Reading Pm147 from /home/diogo/openmc_data/endfb-vii.1-hdf5/neutron/Pm147.h5
 Reading Pm148 from /home/diogo/openmc_data/endfb-vii.1-hdf5/neutron/Pm148.h5
 Reading Pm148_m1 from
 /home/diogo/openmc_data/endfb-vii.1-hdf5/neutron/Pm148_m1.h5
 Reading Pm149 from /home/diogo/openmc_data/endfb-vii.1-hdf5/neutron/Pm149.h5
 Reading Pm151 from /home/diogo/openmc_data/endfb-vii.1-hdf5/neutron/Pm151.h5
 Reading Sm144 from /home/diogo/openmc_data/endfb-vii.1-hdf5/neutron/Sm144.h5
 Reading Sm147 from /home/diogo/openmc_data/endfb-vii.1-hdf5/neutron/Sm147.h5
 Reading Sm148 from /home/diogo/openmc_data/endfb-vii.1-hdf5/neutron/Sm148.h5
 Reading Sm149 from /home/diogo/openmc_data/endfb-vii.1-hdf5/neutron/Sm149.h5
 Reading Sm150 from /home/diogo/openmc_data/endfb-vii.1-hdf5/neutron/Sm150.h5
 Reading Sm151 from /home/diogo/openmc_data/endfb-vii.1-hdf5/neutron/Sm151.h5
 Reading Sm152 from /home/diogo/openmc_data/endfb-vii.1-hdf5/neutron/Sm152.h5
 Reading Sm153 from /home/diogo/openmc_data/endfb-vii.1-hdf5/neutron/Sm153.h5
 Reading Sm154 from /home/diogo/openmc_data/endfb-vii.1-hdf5/neutron/Sm154.h5
 Reading Eu151 from /home/diogo/openmc_data/endfb-vii.1-hdf5/neutron/Eu151.h5
 Reading Eu152 from /home/diogo/openmc_data/endfb-vii.1-hdf5/neutron/Eu152.h5
 Reading Eu153 from /home/diogo/openmc_data/endfb-vii.1-hdf5/neutron/Eu153.h5
 Reading Eu154 from /home/diogo/openmc_data/endfb-vii.1-hdf5/neutron/Eu154.h5
 Reading Eu155 from /home/diogo/openmc_data/endfb-vii.1-hdf5/neutron/Eu155.h5
 Reading Eu156 from /home/diogo/openmc_data/endfb-vii.1-hdf5/neutron/Eu156.h5
 WARNING: Negative value(s) found on probability table for nuclide Eu156 at 250K
 WARNING: Negative value(s) found on probability table for nuclide Eu156 at 294K
 WARNING: Negative value(s) found on probability table for nuclide Eu156 at 600K
 WARNING: Negative value(s) found on probability table for nuclide Eu156 at 900K
 WARNING: Negative value(s) found on probability table for nuclide Eu156 at
          1200K
 WARNING: Negative value(s) found on probability table for nuclide Eu156 at
          2500K
 Reading Eu157 from /home/diogo/openmc_data/endfb-vii.1-hdf5/neutron/Eu157.h5
 Reading Gd153 from /home/diogo/openmc_data/endfb-vii.1-hdf5/neutron/Gd153.h5
 Reading Tb159 from /home/diogo/openmc_data/endfb-vii.1-hdf5/neutron/Tb159.h5
 Reading Tb160 from /home/diogo/openmc_data/endfb-vii.1-hdf5/neutron/Tb160.h5
 Reading Dy156 from /home/diogo/openmc_data/endfb-vii.1-hdf5/neutron/Dy156.h5
 Reading Dy158 from /home/diogo/openmc_data/endfb-vii.1-hdf5/neutron/Dy158.h5
 Reading Dy160 from /home/diogo/openmc_data/endfb-vii.1-hdf5/neutron/Dy160.h5
 Reading Dy161 from /home/diogo/openmc_data/endfb-vii.1-hdf5/neutron/Dy161.h5
 Reading Dy162 from /home/diogo/openmc_data/endfb-vii.1-hdf5/neutron/Dy162.h5
 Reading Dy163 from /home/diogo/openmc_data/endfb-vii.1-hdf5/neutron/Dy163.h5
 Reading Dy164 from /home/diogo/openmc_data/endfb-vii.1-hdf5/neutron/Dy164.h5
 Reading Ho165 from /home/diogo/openmc_data/endfb-vii.1-hdf5/neutron/Ho165.h5
 Reading Ho166_m1 from
 /home/diogo/openmc_data/endfb-vii.1-hdf5/neutron/Ho166_m1.h5
 Reading Er162 from /home/diogo/openmc_data/endfb-vii.1-hdf5/neutron/Er162.h5
 Reading Er164 from /home/diogo/openmc_data/endfb-vii.1-hdf5/neutron/Er164.h5
 Reading Er166 from /home/diogo/openmc_data/endfb-vii.1-hdf5/neutron/Er166.h5
 Reading Er167 from /home/diogo/openmc_data/endfb-vii.1-hdf5/neutron/Er167.h5
 Reading Er168 from /home/diogo/openmc_data/endfb-vii.1-hdf5/neutron/Er168.h5
 Reading Er170 from /home/diogo/openmc_data/endfb-vii.1-hdf5/neutron/Er170.h5
 Reading Tm168 from /home/diogo/openmc_data/endfb-vii.1-hdf5/neutron/Tm168.h5
 Reading Tm169 from /home/diogo/openmc_data/endfb-vii.1-hdf5/neutron/Tm169.h5
 Reading Tm170 from /home/diogo/openmc_data/endfb-vii.1-hdf5/neutron/Tm170.h5
 Reading Lu175 from /home/diogo/openmc_data/endfb-vii.1-hdf5/neutron/Lu175.h5
 Reading Lu176 from /home/diogo/openmc_data/endfb-vii.1-hdf5/neutron/Lu176.h5
 Reading Hf174 from /home/diogo/openmc_data/endfb-vii.1-hdf5/neutron/Hf174.h5
 Reading Hf176 from /home/diogo/openmc_data/endfb-vii.1-hdf5/neutron/Hf176.h5
 Reading Hf177 from /home/diogo/openmc_data/endfb-vii.1-hdf5/neutron/Hf177.h5
 Reading Hf178 from /home/diogo/openmc_data/endfb-vii.1-hdf5/neutron/Hf178.h5
 Reading Hf179 from /home/diogo/openmc_data/endfb-vii.1-hdf5/neutron/Hf179.h5
 Reading Hf180 from /home/diogo/openmc_data/endfb-vii.1-hdf5/neutron/Hf180.h5
 Reading Ta180 from /home/diogo/openmc_data/endfb-vii.1-hdf5/neutron/Ta180.h5
 Reading Ta181 from /home/diogo/openmc_data/endfb-vii.1-hdf5/neutron/Ta181.h5
 Reading Ta182 from /home/diogo/openmc_data/endfb-vii.1-hdf5/neutron/Ta182.h5
 Reading W180 from /home/diogo/openmc_data/endfb-vii.1-hdf5/neutron/W180.h5
 Reading W182 from /home/diogo/openmc_data/endfb-vii.1-hdf5/neutron/W182.h5
 Reading W183 from /home/diogo/openmc_data/endfb-vii.1-hdf5/neutron/W183.h5
 Reading W184 from /home/diogo/openmc_data/endfb-vii.1-hdf5/neutron/W184.h5
 Reading W186 from /home/diogo/openmc_data/endfb-vii.1-hdf5/neutron/W186.h5
 Reading Re185 from /home/diogo/openmc_data/endfb-vii.1-hdf5/neutron/Re185.h5
 Reading Re187 from /home/diogo/openmc_data/endfb-vii.1-hdf5/neutron/Re187.h5
 Reading Ir191 from /home/diogo/openmc_data/endfb-vii.1-hdf5/neutron/Ir191.h5
 Reading Ir193 from /home/diogo/openmc_data/endfb-vii.1-hdf5/neutron/Ir193.h5
 Reading Au197 from /home/diogo/openmc_data/endfb-vii.1-hdf5/neutron/Au197.h5
 Reading Hg196 from /home/diogo/openmc_data/endfb-vii.1-hdf5/neutron/Hg196.h5
 Reading Hg198 from /home/diogo/openmc_data/endfb-vii.1-hdf5/neutron/Hg198.h5
 Reading Hg199 from /home/diogo/openmc_data/endfb-vii.1-hdf5/neutron/Hg199.h5
 Reading Hg200 from /home/diogo/openmc_data/endfb-vii.1-hdf5/neutron/Hg200.h5
 Reading Hg201 from /home/diogo/openmc_data/endfb-vii.1-hdf5/neutron/Hg201.h5
 Reading Hg202 from /home/diogo/openmc_data/endfb-vii.1-hdf5/neutron/Hg202.h5
 Reading Hg204 from /home/diogo/openmc_data/endfb-vii.1-hdf5/neutron/Hg204.h5
 Reading Tl203 from /home/diogo/openmc_data/endfb-vii.1-hdf5/neutron/Tl203.h5
 Reading Tl205 from /home/diogo/openmc_data/endfb-vii.1-hdf5/neutron/Tl205.h5
 Reading Pb204 from /home/diogo/openmc_data/endfb-vii.1-hdf5/neutron/Pb204.h5
 Reading Pb206 from /home/diogo/openmc_data/endfb-vii.1-hdf5/neutron/Pb206.h5
 Reading Pb207 from /home/diogo/openmc_data/endfb-vii.1-hdf5/neutron/Pb207.h5
 Reading Pb208 from /home/diogo/openmc_data/endfb-vii.1-hdf5/neutron/Pb208.h5
 Reading Bi209 from /home/diogo/openmc_data/endfb-vii.1-hdf5/neutron/Bi209.h5
 Reading Ra223 from /home/diogo/openmc_data/endfb-vii.1-hdf5/neutron/Ra223.h5
 Reading Ra224 from /home/diogo/openmc_data/endfb-vii.1-hdf5/neutron/Ra224.h5
 Reading Ra225 from /home/diogo/openmc_data/endfb-vii.1-hdf5/neutron/Ra225.h5
 Reading Ra226 from /home/diogo/openmc_data/endfb-vii.1-hdf5/neutron/Ra226.h5
 Reading Ac225 from /home/diogo/openmc_data/endfb-vii.1-hdf5/neutron/Ac225.h5
 Reading Ac226 from /home/diogo/openmc_data/endfb-vii.1-hdf5/neutron/Ac226.h5
 Reading Ac227 from /home/diogo/openmc_data/endfb-vii.1-hdf5/neutron/Ac227.h5
 Reading Th227 from /home/diogo/openmc_data/endfb-vii.1-hdf5/neutron/Th227.h5
 Reading Th228 from /home/diogo/openmc_data/endfb-vii.1-hdf5/neutron/Th228.h5
 Reading Th229 from /home/diogo/openmc_data/endfb-vii.1-hdf5/neutron/Th229.h5
 Reading Th230 from /home/diogo/openmc_data/endfb-vii.1-hdf5/neutron/Th230.h5
 Reading Th231 from /home/diogo/openmc_data/endfb-vii.1-hdf5/neutron/Th231.h5
 Reading Th232 from /home/diogo/openmc_data/endfb-vii.1-hdf5/neutron/Th232.h5
 Reading Th233 from /home/diogo/openmc_data/endfb-vii.1-hdf5/neutron/Th233.h5
 Reading Th234 from /home/diogo/openmc_data/endfb-vii.1-hdf5/neutron/Th234.h5
 Reading Pa229 from /home/diogo/openmc_data/endfb-vii.1-hdf5/neutron/Pa229.h5
 Reading Pa230 from /home/diogo/openmc_data/endfb-vii.1-hdf5/neutron/Pa230.h5
 Reading Pa231 from /home/diogo/openmc_data/endfb-vii.1-hdf5/neutron/Pa231.h5
 Reading Pa232 from /home/diogo/openmc_data/endfb-vii.1-hdf5/neutron/Pa232.h5
 Reading Pa233 from /home/diogo/openmc_data/endfb-vii.1-hdf5/neutron/Pa233.h5
 Reading U230 from /home/diogo/openmc_data/endfb-vii.1-hdf5/neutron/U230.h5
 Reading U231 from /home/diogo/openmc_data/endfb-vii.1-hdf5/neutron/U231.h5
 Reading U232 from /home/diogo/openmc_data/endfb-vii.1-hdf5/neutron/U232.h5
 Reading U233 from /home/diogo/openmc_data/endfb-vii.1-hdf5/neutron/U233.h5
 Reading U236 from /home/diogo/openmc_data/endfb-vii.1-hdf5/neutron/U236.h5
 Reading U237 from /home/diogo/openmc_data/endfb-vii.1-hdf5/neutron/U237.h5
 Reading U239 from /home/diogo/openmc_data/endfb-vii.1-hdf5/neutron/U239.h5
 Reading U240 from /home/diogo/openmc_data/endfb-vii.1-hdf5/neutron/U240.h5
 Reading U241 from /home/diogo/openmc_data/endfb-vii.1-hdf5/neutron/U241.h5
 Reading Np234 from /home/diogo/openmc_data/endfb-vii.1-hdf5/neutron/Np234.h5
 Reading Np235 from /home/diogo/openmc_data/endfb-vii.1-hdf5/neutron/Np235.h5
 Reading Np236 from /home/diogo/openmc_data/endfb-vii.1-hdf5/neutron/Np236.h5
 Reading Np237 from /home/diogo/openmc_data/endfb-vii.1-hdf5/neutron/Np237.h5
 Reading Np238 from /home/diogo/openmc_data/endfb-vii.1-hdf5/neutron/Np238.h5
 Reading Np239 from /home/diogo/openmc_data/endfb-vii.1-hdf5/neutron/Np239.h5
 Reading Pu236 from /home/diogo/openmc_data/endfb-vii.1-hdf5/neutron/Pu236.h5
 Reading Pu237 from /home/diogo/openmc_data/endfb-vii.1-hdf5/neutron/Pu237.h5
 Reading Pu238 from /home/diogo/openmc_data/endfb-vii.1-hdf5/neutron/Pu238.h5
 Reading Pu239 from /home/diogo/openmc_data/endfb-vii.1-hdf5/neutron/Pu239.h5
 Reading Pu240 from /home/diogo/openmc_data/endfb-vii.1-hdf5/neutron/Pu240.h5
 Reading Pu241 from /home/diogo/openmc_data/endfb-vii.1-hdf5/neutron/Pu241.h5
 Reading Pu242 from /home/diogo/openmc_data/endfb-vii.1-hdf5/neutron/Pu242.h5
 Reading Pu243 from /home/diogo/openmc_data/endfb-vii.1-hdf5/neutron/Pu243.h5
 Reading Pu244 from /home/diogo/openmc_data/endfb-vii.1-hdf5/neutron/Pu244.h5
 Reading Pu246 from /home/diogo/openmc_data/endfb-vii.1-hdf5/neutron/Pu246.h5
 Reading Am240 from /home/diogo/openmc_data/endfb-vii.1-hdf5/neutron/Am240.h5
 Reading Am241 from /home/diogo/openmc_data/endfb-vii.1-hdf5/neutron/Am241.h5
 Reading Am242 from /home/diogo/openmc_data/endfb-vii.1-hdf5/neutron/Am242.h5
 Reading Am242_m1 from
 /home/diogo/openmc_data/endfb-vii.1-hdf5/neutron/Am242_m1.h5
 Reading Am243 from /home/diogo/openmc_data/endfb-vii.1-hdf5/neutron/Am243.h5
 Reading Am244 from /home/diogo/openmc_data/endfb-vii.1-hdf5/neutron/Am244.h5
 Reading Am244_m1 from
 /home/diogo/openmc_data/endfb-vii.1-hdf5/neutron/Am244_m1.h5
 Reading Cm240 from /home/diogo/openmc_data/endfb-vii.1-hdf5/neutron/Cm240.h5
 Reading Cm241 from /home/diogo/openmc_data/endfb-vii.1-hdf5/neutron/Cm241.h5
 Reading Cm242 from /home/diogo/openmc_data/endfb-vii.1-hdf5/neutron/Cm242.h5
 Reading Cm243 from /home/diogo/openmc_data/endfb-vii.1-hdf5/neutron/Cm243.h5
 Reading Cm244 from /home/diogo/openmc_data/endfb-vii.1-hdf5/neutron/Cm244.h5
 Reading Cm245 from /home/diogo/openmc_data/endfb-vii.1-hdf5/neutron/Cm245.h5
 Reading Cm246 from /home/diogo/openmc_data/endfb-vii.1-hdf5/neutron/Cm246.h5
 Reading Cm247 from /home/diogo/openmc_data/endfb-vii.1-hdf5/neutron/Cm247.h5
 Reading Cm248 from /home/diogo/openmc_data/endfb-vii.1-hdf5/neutron/Cm248.h5
 Reading Cm249 from /home/diogo/openmc_data/endfb-vii.1-hdf5/neutron/Cm249.h5
 Reading Cm250 from /home/diogo/openmc_data/endfb-vii.1-hdf5/neutron/Cm250.h5
 Reading Bk245 from /home/diogo/openmc_data/endfb-vii.1-hdf5/neutron/Bk245.h5
 Reading Bk246 from /home/diogo/openmc_data/endfb-vii.1-hdf5/neutron/Bk246.h5
 Reading Bk247 from /home/diogo/openmc_data/endfb-vii.1-hdf5/neutron/Bk247.h5
 Reading Bk248 from /home/diogo/openmc_data/endfb-vii.1-hdf5/neutron/Bk248.h5
 Reading Bk249 from /home/diogo/openmc_data/endfb-vii.1-hdf5/neutron/Bk249.h5
 Reading Bk250 from /home/diogo/openmc_data/endfb-vii.1-hdf5/neutron/Bk250.h5
 Reading Cf246 from /home/diogo/openmc_data/endfb-vii.1-hdf5/neutron/Cf246.h5
 Reading Cf248 from /home/diogo/openmc_data/endfb-vii.1-hdf5/neutron/Cf248.h5
 Reading Cf249 from /home/diogo/openmc_data/endfb-vii.1-hdf5/neutron/Cf249.h5
 Reading Cf250 from /home/diogo/openmc_data/endfb-vii.1-hdf5/neutron/Cf250.h5
 WARNING: Negative value(s) found on probability table for nuclide Cf250 at 250K
 WARNING: Negative value(s) found on probability table for nuclide Cf250 at 294K
 WARNING: Negative value(s) found on probability table for nuclide Cf250 at 900K
 WARNING: Negative value(s) found on probability table for nuclide Cf250 at
          1200K
 Reading Cf251 from /home/diogo/openmc_data/endfb-vii.1-hdf5/neutron/Cf251.h5
 Reading Cf252 from /home/diogo/openmc_data/endfb-vii.1-hdf5/neutron/Cf252.h5
 Reading Cf253 from /home/diogo/openmc_data/endfb-vii.1-hdf5/neutron/Cf253.h5
 Reading Cf254 from /home/diogo/openmc_data/endfb-vii.1-hdf5/neutron/Cf254.h5
 Reading Es251 from /home/diogo/openmc_data/endfb-vii.1-hdf5/neutron/Es251.h5
 Reading Es252 from /home/diogo/openmc_data/endfb-vii.1-hdf5/neutron/Es252.h5
 Reading Es253 from /home/diogo/openmc_data/endfb-vii.1-hdf5/neutron/Es253.h5
 Reading Es254 from /home/diogo/openmc_data/endfb-vii.1-hdf5/neutron/Es254.h5
 Reading Es254_m1 from
 /home/diogo/openmc_data/endfb-vii.1-hdf5/neutron/Es254_m1.h5
 Reading Es255 from /home/diogo/openmc_data/endfb-vii.1-hdf5/neutron/Es255.h5
 Reading Fm255 from /home/diogo/openmc_data/endfb-vii.1-hdf5/neutron/Fm255.h5
 Maximum neutron transport energy: 20000000 eV for H1
 Initializing source particles...

 ====================>     K EIGENVALUE SIMULATION     <====================

  Bat./Gen.      k       Entropy         Average k 
  =========   ========   ========   ====================
        1/1    0.95185    5.56244
        2/1    0.97276    5.52554
        3/1    0.99757    5.51066
        4/1    0.98964    5.49427
        5/1    0.98150    5.48074
        6/1    0.99913    5.46984
        7/1    1.01375    5.48052
        8/1    1.01712    5.46810
        9/1    0.98741    5.45586
       10/1    1.01203    5.46218
       11/1    1.00802    5.45402
       12/1    0.99411    5.44418
       13/1    1.01123    5.45283
       14/1    0.99682    5.44922
       15/1    1.00828    5.45924
       16/1    1.00031    5.44856
       17/1    1.00547    5.45201
       18/1    1.01010    5.44694
       19/1    1.00109    5.45375
       20/1    1.00965    5.45671
       21/1    0.99421    5.46762
       22/1    1.01048    5.44556
       23/1    1.01293    5.44199
       24/1    1.01291    5.44603
       25/1    1.01604    5.43727
       26/1    1.01093    5.44660
       27/1    1.01993    5.45258
       28/1    1.00110    5.45156
       29/1    0.99584    5.45620
       30/1    1.00461    5.45070
       31/1    1.00415    5.47009
       32/1    1.00874    5.45880
       33/1    1.00812    5.44653
       34/1    1.01273    5.44701
       35/1    1.00815    5.45101
       36/1    0.99497    5.44909
       37/1    1.00241    5.44637
       38/1    1.00311    5.46276
       39/1    1.01420    5.46135
       40/1    0.99952    5.47002
       41/1    1.01301    5.46357
       42/1    0.99615    5.45293
       43/1    1.00349    5.46368
       44/1    1.00776    5.46120
       45/1    0.99455    5.46482
       46/1    1.01145    5.49097
       47/1    1.00022    5.47716
       48/1    1.00405    5.48309
       49/1    1.01235    5.46844
       50/1    1.00259    5.46052
       51/1    0.99810    5.46334
       52/1    0.99740    5.47558
       53/1    1.00797    5.46446
       54/1    0.99500    5.45034
       55/1    1.01719    5.44275
       56/1    1.00428    5.45450
       57/1    0.98857    5.44507
       58/1    1.01083    5.44116
       59/1    1.00251    5.44922
       60/1    1.00867    5.44049
       61/1    1.01031    5.45838
       62/1    0.99500    5.46690    1.00266 +/- 0.00766
       63/1    1.00735    5.46901    1.00422 +/- 0.00469
       64/1    1.00842    5.46363    1.00527 +/- 0.00348
       65/1    0.99467    5.47193    1.00315 +/- 0.00343
       66/1    1.00479    5.46405    1.00342 +/- 0.00281
       67/1    1.01208    5.46859    1.00466 +/- 0.00268
       68/1    1.00624    5.46293    1.00486 +/- 0.00233
       69/1    0.99900    5.45674    1.00421 +/- 0.00215
       70/1    1.00149    5.46326    1.00393 +/- 0.00195
       71/1    1.00169    5.45586    1.00373 +/- 0.00177
       72/1    1.00458    5.47595    1.00380 +/- 0.00162
       73/1    1.00822    5.46064    1.00414 +/- 0.00153
       74/1    1.00880    5.46100    1.00447 +/- 0.00145
       75/1    0.99923    5.45128    1.00412 +/- 0.00140
       76/1    1.00885    5.45646    1.00442 +/- 0.00134
       77/1    0.99960    5.45376    1.00414 +/- 0.00129
       78/1    0.99811    5.45285    1.00380 +/- 0.00126
       79/1    0.99667    5.45527    1.00343 +/- 0.00125
       80/1    0.99664    5.46922    1.00309 +/- 0.00123
       81/1    1.00608    5.46203    1.00323 +/- 0.00118
       82/1    1.00883    5.45984    1.00348 +/- 0.00116
       83/1    1.01108    5.44381    1.00381 +/- 0.00115
       84/1    1.01506    5.45127    1.00428 +/- 0.00120
       85/1    1.00376    5.44018    1.00426 +/- 0.00115
       86/1    1.00772    5.46909    1.00440 +/- 0.00111
       87/1    1.01669    5.46134    1.00485 +/- 0.00116
       88/1    1.01237    5.46682    1.00512 +/- 0.00115
       89/1    1.00819    5.47286    1.00522 +/- 0.00112
       90/1    1.01068    5.46451    1.00541 +/- 0.00110
       91/1    1.00384    5.48345    1.00536 +/- 0.00106
       92/1    0.99845    5.47241    1.00514 +/- 0.00105
       93/1    1.01208    5.45481    1.00535 +/- 0.00104
       94/1    1.00675    5.45002    1.00539 +/- 0.00101
       95/1    1.00685    5.45662    1.00543 +/- 0.00098
       96/1    1.02173    5.46760    1.00589 +/- 0.00105
       97/1    1.00617    5.45112    1.00589 +/- 0.00103
       98/1    1.00791    5.45572    1.00595 +/- 0.00100
       99/1    1.00709    5.44547    1.00598 +/- 0.00097
      100/1    0.99433    5.44205    1.00569 +/- 0.00099
      101/1    1.01446    5.44233    1.00590 +/- 0.00099
      102/1    1.00520    5.45045    1.00588 +/- 0.00097
      103/1    1.00793    5.44746    1.00593 +/- 0.00095
      104/1    1.00639    5.43583    1.00594 +/- 0.00092
      105/1    0.99479    5.44651    1.00569 +/- 0.00094
      106/1    1.00535    5.44447    1.00569 +/- 0.00092
      107/1    1.00623    5.43260    1.00570 +/- 0.00090
      108/1    1.00632    5.44149    1.00571 +/- 0.00088
      109/1    0.99868    5.45139    1.00557 +/- 0.00087
      110/1    1.00541    5.44946    1.00556 +/- 0.00085
      111/1    1.00584    5.43887    1.00557 +/- 0.00084
      112/1    1.00947    5.44507    1.00564 +/- 0.00082
      113/1    1.01553    5.43868    1.00583 +/- 0.00083
      114/1    1.00923    5.45077    1.00589 +/- 0.00082
      115/1    1.00709    5.44329    1.00592 +/- 0.00080
      116/1    1.00522    5.44921    1.00590 +/- 0.00079
      117/1    0.98726    5.45571    1.00558 +/- 0.00084
      118/1    0.99371    5.45094    1.00537 +/- 0.00085
      119/1    1.00610    5.43874    1.00538 +/- 0.00084
      120/1    1.00143    5.45407    1.00532 +/- 0.00082
      121/1    0.99152    5.46201    1.00509 +/- 0.00084
      122/1    1.00079    5.46081    1.00502 +/- 0.00083
      123/1    0.99808    5.44619    1.00491 +/- 0.00083
      124/1    0.99775    5.44653    1.00480 +/- 0.00082
      125/1    0.99994    5.45998    1.00473 +/- 0.00081
      126/1    1.00896    5.44450    1.00479 +/- 0.00080
      127/1    1.00535    5.45898    1.00480 +/- 0.00079
      128/1    1.01168    5.46668    1.00490 +/- 0.00078
      129/1    1.00639    5.46541    1.00492 +/- 0.00077
      130/1    1.00493    5.45951    1.00492 +/- 0.00076
      131/1    0.99407    5.46599    1.00477 +/- 0.00077
      132/1    1.01519    5.46331    1.00491 +/- 0.00077
      133/1    1.01877    5.45404    1.00510 +/- 0.00078
      134/1    1.01668    5.45757    1.00526 +/- 0.00079
      135/1    1.00931    5.45463    1.00531 +/- 0.00078
      136/1    1.01455    5.45366    1.00543 +/- 0.00078
      137/1    1.00191    5.45765    1.00539 +/- 0.00077
      138/1    1.00377    5.46005    1.00537 +/- 0.00076
      139/1    1.01761    5.46166    1.00552 +/- 0.00077
      140/1    1.01376    5.46412    1.00563 +/- 0.00076
      141/1    1.00364    5.45531    1.00560 +/- 0.00075
      142/1    1.01263    5.46073    1.00569 +/- 0.00075
      143/1    1.00482    5.45076    1.00568 +/- 0.00074
      144/1    0.99912    5.45839    1.00560 +/- 0.00074
      145/1    1.00576    5.45609    1.00560 +/- 0.00073
      146/1    0.99481    5.44720    1.00547 +/- 0.00073
      147/1    1.00104    5.45234    1.00542 +/- 0.00072
      148/1    0.99697    5.45350    1.00533 +/- 0.00072
      149/1    0.99982    5.44953    1.00527 +/- 0.00072
      150/1    1.01125    5.45856    1.00533 +/- 0.00071
      151/1    1.00969    5.45485    1.00538 +/- 0.00070
      152/1    0.99845    5.45217    1.00531 +/- 0.00070
      153/1    1.00708    5.45663    1.00532 +/- 0.00069
      154/1    1.00695    5.45206    1.00534 +/- 0.00069
      155/1    1.00791    5.45297    1.00537 +/- 0.00068
      156/1    0.99723    5.45864    1.00528 +/- 0.00068
      157/1    1.00276    5.43384    1.00526 +/- 0.00067
      158/1    1.00150    5.42862    1.00522 +/- 0.00067
      159/1    1.01599    5.41558    1.00533 +/- 0.00067
      160/1    1.01167    5.43872    1.00539 +/- 0.00066
 Creating state point statepoint.160.h5...

 =======================>     TIMING STATISTICS     <=======================

 Total time for initialization     = 5.2596e+01 seconds
   Reading cross sections          = 7.5835e+00 seconds
 Total time in simulation          = 3.3421e+02 seconds
   Time in transport only          = 3.3289e+02 seconds
   Time in inactive batches        = 9.9432e+00 seconds
   Time in active batches          = 3.2427e+02 seconds
   Time synchronizing fission bank = 2.8829e-01 seconds
     Sampling source sites         = 2.5340e-01 seconds
     SEND/RECV source sites        = 3.4282e-02 seconds
   Time accumulating tallies       = 7.8582e-01 seconds
   Time writing statepoints        = 1.2269e-02 seconds
 Total time for finalization       = 1.0306e-02 seconds
 Total time elapsed                = 3.8726e+02 seconds
 Calculation Rate (inactive)       = 120686 particles/second
 Calculation Rate (active)         = 6167.67 particles/second

 ============================>     RESULTS     <============================

 k-effective (Collision)     = 1.00538 +/- 0.00067
 k-effective (Track-length)  = 1.00539 +/- 0.00066
 k-effective (Absorption)    = 1.00436 +/- 0.00079
 Combined k-effective        = 1.00506 +/- 0.00054
 Leakage Fraction            = 0.00684 +/- 0.00006

 Creating state point openmc_simulation_n0.h5...
[openmc.deplete] t=4327203.051553669 s, dt=8654406.103107339 s, source=47639915.838503174
 Maximum neutron transport energy: 20000000 eV for H1
 Initializing source particles...

 ====================>     K EIGENVALUE SIMULATION     <====================

  Bat./Gen.      k       Entropy         Average k 
  =========   ========   ========   ====================
        1/1    0.92859    5.56361
        2/1    0.94550    5.52449
        3/1    0.97189    5.50729
        4/1    0.98152    5.49642
        5/1    0.96120    5.49596
        6/1    0.96887    5.47653
        7/1    0.97631    5.48184
        8/1    0.97661    5.48236
        9/1    0.97487    5.45920
       10/1    0.98360    5.47138
       11/1    0.99225    5.46572
       12/1    0.97970    5.46784
       13/1    0.98130    5.46157
       14/1    0.98660    5.47989
       15/1    0.97955    5.45342
       16/1    0.98885    5.45897
       17/1    0.98796    5.44798
       18/1    0.98788    5.46430
       19/1    0.98585    5.45046
       20/1    0.98619    5.44969
       21/1    0.98828    5.47498
       22/1    0.98810    5.44961
       23/1    0.98706    5.45097
       24/1    0.98400    5.45048
       25/1    0.97620    5.44478
       26/1    0.98885    5.46111
       27/1    0.98573    5.45021
       28/1    0.98042    5.47032
       29/1    0.98786    5.46226
       30/1    0.99480    5.46632
       31/1    0.96759    5.47428
       32/1    0.99929    5.47741
       33/1    0.97879    5.46513
       34/1    0.96814    5.45418
       35/1    0.98686    5.45642
       36/1    0.99642    5.46047
       37/1    0.99045    5.47627
       38/1    0.99776    5.47109
       39/1    0.98246    5.46720
       40/1    0.99570    5.45924
       41/1    0.98313    5.46347
       42/1    0.97649    5.46401
       43/1    0.99327    5.46994
       44/1    0.97249    5.46816
       45/1    0.98114    5.46611
       46/1    0.98001    5.45242
       47/1    0.99494    5.47215
       48/1    0.97787    5.46438
       49/1    0.98488    5.46628
       50/1    0.99364    5.45390
       51/1    0.99108    5.46775
       52/1    0.98271    5.45197
       53/1    0.98551    5.44825
       54/1    0.96309    5.44698
       55/1    0.97268    5.44687
       56/1    0.98301    5.45876
       57/1    0.99905    5.45137
       58/1    0.98206    5.44615
       59/1    1.00095    5.44499
       60/1    0.99152    5.44183
       61/1    0.99364    5.44689
       62/1    0.98369    5.45283    0.98866 +/- 0.00498
       63/1    0.98613    5.43518    0.98782 +/- 0.00300
       64/1    0.99325    5.45394    0.98918 +/- 0.00252
       65/1    1.00560    5.44004    0.99246 +/- 0.00382
       66/1    0.99027    5.44010    0.99210 +/- 0.00314
       67/1    0.97650    5.46090    0.98987 +/- 0.00347
       68/1    1.00008    5.45656    0.99114 +/- 0.00326
       69/1    0.98778    5.45466    0.99077 +/- 0.00290
       70/1    0.98102    5.46116    0.98980 +/- 0.00277
       71/1    0.98070    5.44541    0.98897 +/- 0.00264
       72/1    0.98862    5.45825    0.98894 +/- 0.00241
       73/1    0.97895    5.43565    0.98817 +/- 0.00235
       74/1    1.00414    5.45524    0.98931 +/- 0.00245
       75/1    0.99344    5.43242    0.98959 +/- 0.00230
       76/1    0.98004    5.43953    0.98899 +/- 0.00223
       77/1    0.98564    5.44493    0.98879 +/- 0.00211
       78/1    0.98470    5.45999    0.98857 +/- 0.00200
       79/1    1.01069    5.45940    0.98973 +/- 0.00222
       80/1    0.97480    5.44697    0.98898 +/- 0.00224
       81/1    0.98866    5.44671    0.98897 +/- 0.00213
       82/1    0.99011    5.42441    0.98902 +/- 0.00203
       83/1    0.99211    5.44332    0.98915 +/- 0.00194
       84/1    0.98040    5.44710    0.98879 +/- 0.00190
       85/1    0.98203    5.45206    0.98852 +/- 0.00184
       86/1    0.98715    5.44781    0.98847 +/- 0.00177
       87/1    0.97994    5.45646    0.98815 +/- 0.00173
       88/1    1.01085    5.44838    0.98896 +/- 0.00185
       89/1    0.98306    5.45172    0.98876 +/- 0.00180
       90/1    0.99573    5.45420    0.98899 +/- 0.00175
       91/1    0.96881    5.45317    0.98834 +/- 0.00182
       92/1    0.97304    5.44970    0.98786 +/- 0.00182
       93/1    0.98169    5.42819    0.98767 +/- 0.00178
       94/1    0.98046    5.44149    0.98746 +/- 0.00174
       95/1    0.96895    5.44842    0.98693 +/- 0.00177
       96/1    0.98190    5.44784    0.98679 +/- 0.00172
       97/1    0.98632    5.45957    0.98678 +/- 0.00168
       98/1    0.97527    5.45093    0.98648 +/- 0.00166
       99/1    0.98708    5.42791    0.98649 +/- 0.00162
      100/1    1.00365    5.43775    0.98692 +/- 0.00163
      101/1    0.98059    5.44114    0.98677 +/- 0.00160
      102/1    0.98045    5.45751    0.98662 +/- 0.00157
      103/1    0.97403    5.45819    0.98632 +/- 0.00156
      104/1    1.00418    5.45134    0.98673 +/- 0.00158
      105/1    0.97526    5.44151    0.98647 +/- 0.00156
      106/1    0.99606    5.43975    0.98668 +/- 0.00154
      107/1    1.00681    5.45095    0.98711 +/- 0.00157
      108/1    0.99449    5.45750    0.98727 +/- 0.00154
      109/1    0.98526    5.46758    0.98722 +/- 0.00151
      110/1    0.97659    5.45072    0.98701 +/- 0.00150
      111/1    0.97342    5.45615    0.98674 +/- 0.00149
      112/1    1.00534    5.45421    0.98710 +/- 0.00150
      113/1    0.99294    5.45450    0.98721 +/- 0.00148
      114/1    0.99373    5.46522    0.98733 +/- 0.00146
      115/1    0.98685    5.44524    0.98732 +/- 0.00143
      116/1    0.97680    5.45983    0.98714 +/- 0.00142
      117/1    0.95494    5.45811    0.98657 +/- 0.00150
      118/1    0.99088    5.45045    0.98665 +/- 0.00148
      119/1    0.97903    5.44977    0.98652 +/- 0.00146
      120/1    0.99742    5.44347    0.98670 +/- 0.00145
      121/1    0.99619    5.44733    0.98685 +/- 0.00143
      122/1    0.99425    5.45175    0.98697 +/- 0.00141
      123/1    0.99997    5.44473    0.98718 +/- 0.00140
      124/1    0.98901    5.46129    0.98721 +/- 0.00138
      125/1    0.97879    5.46742    0.98708 +/- 0.00137
      126/1    0.97804    5.46126    0.98694 +/- 0.00135
      127/1    0.97687    5.44920    0.98679 +/- 0.00134
      128/1    0.98544    5.43019    0.98677 +/- 0.00132
      129/1    0.99851    5.44303    0.98694 +/- 0.00131
      130/1    1.00484    5.47360    0.98720 +/- 0.00132
      131/1    0.98896    5.46457    0.98722 +/- 0.00130
      132/1    0.99721    5.45548    0.98736 +/- 0.00129
      133/1    0.99474    5.45432    0.98746 +/- 0.00128
      134/1    0.98736    5.45904    0.98746 +/- 0.00126
      135/1    0.99943    5.45832    0.98762 +/- 0.00125
      136/1    0.98106    5.45379    0.98753 +/- 0.00124
      137/1    0.98406    5.45269    0.98749 +/- 0.00122
      138/1    0.98606    5.45946    0.98747 +/- 0.00121
      139/1    0.97679    5.45827    0.98734 +/- 0.00120
      140/1    0.98549    5.45111    0.98731 +/- 0.00119
      141/1    0.97928    5.45708    0.98721 +/- 0.00118
      142/1    0.99173    5.45287    0.98727 +/- 0.00116
      143/1    0.98885    5.45165    0.98729 +/- 0.00115
      144/1    0.98810    5.45282    0.98730 +/- 0.00113
      145/1    1.00570    5.46659    0.98751 +/- 0.00114
      146/1    0.97921    5.46318    0.98742 +/- 0.00113
      147/1    0.98363    5.45473    0.98737 +/- 0.00112
      148/1    0.98688    5.46812    0.98737 +/- 0.00111
      149/1    0.97512    5.47238    0.98723 +/- 0.00110
      150/1    0.96869    5.45712    0.98702 +/- 0.00111
      151/1    0.99441    5.45510    0.98711 +/- 0.00110
      152/1    0.97007    5.45601    0.98692 +/- 0.00110
      153/1    0.99289    5.45394    0.98698 +/- 0.00109
      154/1    0.99709    5.43751    0.98709 +/- 0.00109
      155/1    0.98983    5.44393    0.98712 +/- 0.00108
      156/1    0.98815    5.44056    0.98713 +/- 0.00107
      157/1    0.98367    5.42710    0.98710 +/- 0.00106
      158/1    0.99367    5.44393    0.98716 +/- 0.00105
      159/1    0.99349    5.46363    0.98723 +/- 0.00104
      160/1    0.98929    5.45061    0.98725 +/- 0.00103
 Creating state point statepoint.160.h5...

 =======================>     TIMING STATISTICS     <=======================

 Total time for initialization     = 0.0000e+00 seconds
   Reading cross sections          = 0.0000e+00 seconds
 Total time in simulation          = 3.5180e+02 seconds
   Time in transport only          = 3.5067e+02 seconds
   Time in inactive batches        = 9.6799e+01 seconds
   Time in active batches          = 2.5500e+02 seconds
   Time synchronizing fission bank = 2.8213e-01 seconds
     Sampling source sites         = 2.4661e-01 seconds
     SEND/RECV source sites        = 3.4913e-02 seconds
   Time accumulating tallies       = 5.5864e-01 seconds
   Time writing statepoints        = 1.8017e-02 seconds
 Total time for finalization       = 1.9343e-02 seconds
 Total time elapsed                = 3.5228e+02 seconds
 Calculation Rate (inactive)       = 12396.9 particles/second
 Calculation Rate (active)         = 7843.14 particles/second

 ============================>     RESULTS     <============================

 k-effective (Collision)     = 0.98736 +/- 0.00086
 k-effective (Track-length)  = 0.98725 +/- 0.00103
 k-effective (Absorption)    = 0.98682 +/- 0.00077
 Combined k-effective        = 0.98699 +/- 0.00071
 Leakage Fraction            = 0.00701 +/- 0.00007

 Creating state point openmc_simulation_n1.h5...
[openmc.deplete] t=12981609.154661007 s, dt=17308812.206214678 s, source=47639915.838503174
 Maximum neutron transport energy: 20000000 eV for H1
 Initializing source particles...

 ====================>     K EIGENVALUE SIMULATION     <====================

  Bat./Gen.      k       Entropy         Average k 
  =========   ========   ========   ====================
        1/1    0.93374    5.55464
        2/1    0.96435    5.51920
        3/1    0.94339    5.50450
        4/1    0.97152    5.49089
        5/1    0.98110    5.48166
        6/1    0.98510    5.49568
        7/1    0.99037    5.47223
        8/1    0.99803    5.47395
        9/1    0.98183    5.47182
       10/1    0.97473    5.46490
       11/1    0.97309    5.46771
       12/1    0.98006    5.48532
       13/1    0.98038    5.47110
       14/1    0.99053    5.46748
       15/1    0.97974    5.45765
       16/1    0.96676    5.46405
       17/1    0.97886    5.45821
       18/1    0.98644    5.44577
       19/1    0.99365    5.44353
       20/1    0.99706    5.44342
       21/1    0.98686    5.46025
       22/1    0.97563    5.46661
       23/1    1.00426    5.47598
       24/1    0.98422    5.47544
       25/1    0.98531    5.46030
       26/1    0.97381    5.45230
       27/1    0.99641    5.44992
       28/1    0.99411    5.46573
       29/1    0.98913    5.45319
       30/1    0.98701    5.45692
       31/1    0.99090    5.46059
       32/1    0.98977    5.46995
       33/1    0.99547    5.45924
       34/1    0.98425    5.46018
       35/1    0.97980    5.44855
       36/1    0.99184    5.44595
       37/1    0.97788    5.45476
       38/1    0.99225    5.46168
       39/1    0.97870    5.45525
       40/1    1.00454    5.44233
       41/1    0.99092    5.43801
       42/1    0.98885    5.46517
       43/1    0.97685    5.46614
       44/1    0.97789    5.46214
       45/1    0.98522    5.45276
       46/1    0.99660    5.45452
       47/1    0.97815    5.46627
       48/1    0.98289    5.46335
       49/1    0.97400    5.46160
       50/1    0.97562    5.45889
       51/1    0.97727    5.44241
       52/1    0.98106    5.45568
       53/1    0.97369    5.46269
       54/1    0.98879    5.45597
       55/1    0.99092    5.45240
       56/1    0.99244    5.45949
       57/1    0.99039    5.46307
       58/1    0.98999    5.45625
       59/1    1.00515    5.45640
       60/1    0.97867    5.46498
       61/1    0.97597    5.46400
       62/1    0.99247    5.45511    0.98422 +/- 0.00825
       63/1    0.98634    5.45417    0.98493 +/- 0.00482
       64/1    1.00143    5.45151    0.98905 +/- 0.00535
       65/1    0.97979    5.45388    0.98720 +/- 0.00454
       66/1    0.97990    5.46633    0.98598 +/- 0.00390
       67/1    0.98283    5.44908    0.98553 +/- 0.00333
       68/1    0.96583    5.45978    0.98307 +/- 0.00379
       69/1    1.00681    5.46113    0.98571 +/- 0.00426
       70/1    0.98548    5.44857    0.98568 +/- 0.00381
       71/1    0.98559    5.45807    0.98568 +/- 0.00345
       72/1    0.96727    5.45577    0.98414 +/- 0.00350
       73/1    0.99099    5.45388    0.98467 +/- 0.00326
       74/1    0.99647    5.46905    0.98551 +/- 0.00314
       75/1    0.98979    5.46879    0.98580 +/- 0.00293
       76/1    0.98524    5.46788    0.98576 +/- 0.00274
       77/1    0.97502    5.45262    0.98513 +/- 0.00265
       78/1    1.00139    5.45538    0.98603 +/- 0.00266
       79/1    0.98675    5.44181    0.98607 +/- 0.00252
       80/1    0.99095    5.47245    0.98632 +/- 0.00240
       81/1    1.00184    5.45997    0.98705 +/- 0.00240
       82/1    0.97922    5.47228    0.98670 +/- 0.00231
       83/1    0.99921    5.45897    0.98724 +/- 0.00228
       84/1    0.97869    5.44815    0.98689 +/- 0.00221
       85/1    0.99325    5.44933    0.98714 +/- 0.00213
       86/1    0.98296    5.44084    0.98698 +/- 0.00206
       87/1    0.96601    5.44833    0.98620 +/- 0.00213
       88/1    0.97366    5.45247    0.98576 +/- 0.00210
       89/1    0.99585    5.46151    0.98610 +/- 0.00205
       90/1    0.99153    5.46501    0.98628 +/- 0.00199
       91/1    0.97632    5.45267    0.98596 +/- 0.00195
       92/1    0.97590    5.45117    0.98565 +/- 0.00192
       93/1    0.97156    5.45755    0.98522 +/- 0.00191
       94/1    0.99478    5.44219    0.98550 +/- 0.00187
       95/1    0.98904    5.44645    0.98560 +/- 0.00182
       96/1    0.98342    5.46261    0.98554 +/- 0.00177
       97/1    0.98808    5.46959    0.98561 +/- 0.00172
       98/1    0.98466    5.45695    0.98559 +/- 0.00168
       99/1    0.98440    5.47373    0.98556 +/- 0.00163
      100/1    0.98415    5.45381    0.98552 +/- 0.00159
      101/1    0.99463    5.45989    0.98574 +/- 0.00157
      102/1    0.97922    5.46178    0.98559 +/- 0.00154
      103/1    0.98674    5.44936    0.98561 +/- 0.00150
      104/1    0.99144    5.45339    0.98575 +/- 0.00147
      105/1    0.98492    5.45687    0.98573 +/- 0.00144
      106/1    0.98187    5.44769    0.98564 +/- 0.00141
      107/1    0.97255    5.45549    0.98537 +/- 0.00141
      108/1    0.98446    5.46252    0.98535 +/- 0.00138
      109/1    0.99104    5.44938    0.98546 +/- 0.00136
      110/1    0.99380    5.44223    0.98563 +/- 0.00134
      111/1    0.99817    5.45566    0.98588 +/- 0.00134
      112/1    0.98018    5.45970    0.98577 +/- 0.00131
      113/1    0.97409    5.45765    0.98555 +/- 0.00131
      114/1    0.98458    5.45383    0.98553 +/- 0.00128
      115/1    0.98750    5.45905    0.98556 +/- 0.00126
      116/1    0.99495    5.45580    0.98573 +/- 0.00125
      117/1    0.98651    5.46049    0.98575 +/- 0.00123
      118/1    0.97947    5.46238    0.98564 +/- 0.00121
      119/1    0.98338    5.45938    0.98560 +/- 0.00119
      120/1    0.98540    5.44940    0.98560 +/- 0.00117
      121/1    0.98118    5.45311    0.98552 +/- 0.00115
      122/1    0.98419    5.45268    0.98550 +/- 0.00114
      123/1    0.98415    5.44120    0.98548 +/- 0.00112
      124/1    0.98055    5.43984    0.98540 +/- 0.00110
      125/1    0.97701    5.44563    0.98527 +/- 0.00109
      126/1    1.00018    5.45434    0.98550 +/- 0.00110
      127/1    1.01784    5.45004    0.98598 +/- 0.00119
      128/1    0.99713    5.45284    0.98615 +/- 0.00118
      129/1    0.98503    5.46041    0.98613 +/- 0.00116
      130/1    0.97968    5.44424    0.98604 +/- 0.00115
      131/1    0.98762    5.45378    0.98606 +/- 0.00113
      132/1    0.97853    5.46213    0.98596 +/- 0.00112
      133/1    1.00109    5.45946    0.98616 +/- 0.00113
      134/1    0.97431    5.47101    0.98600 +/- 0.00112
      135/1    0.98973    5.44876    0.98605 +/- 0.00111
      136/1    0.98278    5.46663    0.98601 +/- 0.00109
      137/1    0.98442    5.45161    0.98599 +/- 0.00108
      138/1    0.96979    5.44901    0.98578 +/- 0.00109
      139/1    0.99663    5.45980    0.98592 +/- 0.00108
      140/1    1.00391    5.46184    0.98614 +/- 0.00109
      141/1    0.98848    5.45844    0.98617 +/- 0.00108
      142/1    0.97718    5.43802    0.98606 +/- 0.00107
      143/1    0.98966    5.45368    0.98611 +/- 0.00106
      144/1    0.97772    5.44550    0.98601 +/- 0.00105
      145/1    0.97836    5.45701    0.98592 +/- 0.00104
      146/1    0.97747    5.44781    0.98582 +/- 0.00103
      147/1    0.98078    5.45451    0.98576 +/- 0.00102
      148/1    0.99504    5.44818    0.98587 +/- 0.00102
      149/1    0.98401    5.46599    0.98585 +/- 0.00101
      150/1    0.98693    5.44981    0.98586 +/- 0.00100
      151/1    0.97626    5.46352    0.98575 +/- 0.00099
      152/1    0.97971    5.46180    0.98569 +/- 0.00098
      153/1    0.98267    5.45250    0.98565 +/- 0.00097
      154/1    0.99346    5.45274    0.98574 +/- 0.00096
      155/1    0.96846    5.45051    0.98555 +/- 0.00097
      156/1    0.98817    5.44478    0.98558 +/- 0.00096
      157/1    0.98408    5.44816    0.98557 +/- 0.00095
      158/1    0.98876    5.43823    0.98560 +/- 0.00094
      159/1    0.98133    5.44660    0.98556 +/- 0.00093
      160/1    0.98218    5.45186    0.98552 +/- 0.00093
 Creating state point statepoint.160.h5...

 =======================>     TIMING STATISTICS     <=======================

 Total time for initialization     = 0.0000e+00 seconds
   Reading cross sections          = 0.0000e+00 seconds
 Total time in simulation          = 3.5473e+02 seconds
   Time in transport only          = 3.5363e+02 seconds
   Time in inactive batches        = 9.7146e+01 seconds
   Time in active batches          = 2.5758e+02 seconds
   Time synchronizing fission bank = 2.8743e-01 seconds
     Sampling source sites         = 2.5392e-01 seconds
     SEND/RECV source sites        = 3.2910e-02 seconds
   Time accumulating tallies       = 5.3723e-01 seconds
   Time writing statepoints        = 1.3835e-02 seconds
 Total time for finalization       = 1.1255e-02 seconds
 Total time elapsed                = 3.5523e+02 seconds
 Calculation Rate (inactive)       = 12352.5 particles/second
 Calculation Rate (active)         = 7764.6 particles/second

 ============================>     RESULTS     <============================

 k-effective (Collision)     = 0.98567 +/- 0.00080
 k-effective (Track-length)  = 0.98552 +/- 0.00093
 k-effective (Absorption)    = 0.98744 +/- 0.00074
 Combined k-effective        = 0.98662 +/- 0.00064
 Leakage Fraction            = 0.00693 +/- 0.00005

 Creating state point openmc_simulation_n2.h5...
[openmc.deplete] t=30290421.360875685 s, dt=34617624.412429355 s, source=47639915.838503174
 Maximum neutron transport energy: 20000000 eV for H1
 Initializing source particles...

 ====================>     K EIGENVALUE SIMULATION     <====================

  Bat./Gen.      k       Entropy         Average k 
  =========   ========   ========   ====================
        1/1    0.93143    5.55470
        2/1    0.95599    5.52446
        3/1    0.96721    5.49389
        4/1    0.95644    5.48166
        5/1    0.96049    5.48640
        6/1    0.98141    5.46731
        7/1    0.99204    5.46892
        8/1    0.97661    5.46628
        9/1    0.97287    5.45794
       10/1    0.98242    5.45365
       11/1    0.98886    5.46006
       12/1    0.98464    5.46953
       13/1    0.97638    5.46450
       14/1    0.99139    5.44835
       15/1    0.99414    5.44452
       16/1    0.99148    5.42349
       17/1    0.99845    5.44993
       18/1    0.97692    5.45018
       19/1    0.98953    5.45762
       20/1    0.97821    5.45915
       21/1    0.97817    5.44813
       22/1    0.99737    5.45008
       23/1    1.00141    5.43793
       24/1    0.99988    5.43456
       25/1    0.98803    5.44123
       26/1    0.98652    5.44311
       27/1    0.99224    5.45511
       28/1    0.97600    5.46219
       29/1    0.97476    5.45687
       30/1    0.97399    5.45224
       31/1    0.96875    5.45727
       32/1    0.98760    5.46466
       33/1    0.98215    5.44891
       34/1    0.98736    5.44617
       35/1    0.99496    5.45938
       36/1    0.97748    5.46417
       37/1    0.98558    5.46182
       38/1    0.99029    5.46184
       39/1    0.99671    5.46348
       40/1    0.98184    5.45257
       41/1    1.00241    5.44946
       42/1    0.98534    5.43875
       43/1    0.98575    5.43098
       44/1    0.97118    5.43967
       45/1    0.98824    5.44032
       46/1    0.98840    5.43223
       47/1    0.98473    5.43656
       48/1    0.98471    5.45148
       49/1    0.99797    5.44516
       50/1    0.99124    5.44767
       51/1    0.98598    5.44757
       52/1    0.97802    5.44637
       53/1    0.99069    5.45659
       54/1    0.98794    5.46087
       55/1    0.98238    5.44847
       56/1    0.96975    5.45225
       57/1    0.97737    5.44543
       58/1    0.98651    5.45230
       59/1    0.97772    5.45883
       60/1    0.99242    5.44872
       61/1    1.00286    5.45740
       62/1    0.99087    5.44492    0.99687 +/- 0.00600
       63/1    0.99257    5.45078    0.99544 +/- 0.00375
       64/1    0.98092    5.44251    0.99181 +/- 0.00449
       65/1    0.97400    5.45168    0.98824 +/- 0.00498
       66/1    0.99194    5.45992    0.98886 +/- 0.00411
       67/1    0.99537    5.45064    0.98979 +/- 0.00360
       68/1    1.00048    5.44004    0.99113 +/- 0.00339
       69/1    0.99191    5.45494    0.99121 +/- 0.00299
       70/1    1.00280    5.45418    0.99237 +/- 0.00292
       71/1    0.97742    5.45689    0.99101 +/- 0.00297
       72/1    0.98927    5.44835    0.99087 +/- 0.00271
       73/1    0.98565    5.43049    0.99047 +/- 0.00253
       74/1    0.98294    5.44411    0.98993 +/- 0.00240
       75/1    0.98680    5.44595    0.98972 +/- 0.00224
       76/1    0.98016    5.45708    0.98912 +/- 0.00218
       77/1    0.98710    5.44608    0.98900 +/- 0.00205
       78/1    0.97120    5.44981    0.98801 +/- 0.00217
       79/1    1.00390    5.45379    0.98885 +/- 0.00222
       80/1    0.96944    5.46199    0.98788 +/- 0.00232
       81/1    0.97913    5.45243    0.98746 +/- 0.00224
       82/1    0.97140    5.45022    0.98673 +/- 0.00226
       83/1    0.99185    5.44022    0.98696 +/- 0.00217
       84/1    0.98011    5.45464    0.98667 +/- 0.00210
       85/1    0.99210    5.45638    0.98689 +/- 0.00203
       86/1    0.99736    5.45707    0.98729 +/- 0.00199
       87/1    0.99133    5.45121    0.98744 +/- 0.00192
       88/1    0.98423    5.44819    0.98733 +/- 0.00185
       89/1    0.98911    5.44593    0.98739 +/- 0.00179
       90/1    0.98911    5.44316    0.98744 +/- 0.00173
       91/1    0.98869    5.43898    0.98749 +/- 0.00167
       92/1    0.98732    5.43509    0.98748 +/- 0.00162
       93/1    0.99056    5.43290    0.98757 +/- 0.00157
       94/1    0.99129    5.43569    0.98768 +/- 0.00153
       95/1    0.99302    5.45022    0.98784 +/- 0.00149
       96/1    0.99035    5.44578    0.98790 +/- 0.00145
       97/1    0.97570    5.44109    0.98757 +/- 0.00145
       98/1    0.97733    5.46048    0.98731 +/- 0.00144
       99/1    0.98238    5.45109    0.98718 +/- 0.00141
      100/1    1.00026    5.45341    0.98751 +/- 0.00141
      101/1    0.98483    5.43595    0.98744 +/- 0.00138
      102/1    0.99824    5.45916    0.98770 +/- 0.00137
      103/1    0.99515    5.46156    0.98787 +/- 0.00135
      104/1    0.99199    5.45234    0.98796 +/- 0.00132
      105/1    0.98356    5.45134    0.98787 +/- 0.00129
      106/1    0.99434    5.46038    0.98801 +/- 0.00127
      107/1    0.98211    5.46350    0.98788 +/- 0.00125
      108/1    0.97863    5.44233    0.98769 +/- 0.00124
      109/1    0.99776    5.44498    0.98789 +/- 0.00123
      110/1    0.99080    5.45980    0.98795 +/- 0.00121
      111/1    0.97208    5.45433    0.98764 +/- 0.00122
      112/1    0.97228    5.45411    0.98735 +/- 0.00124
      113/1    0.98576    5.45037    0.98732 +/- 0.00121
      114/1    0.98751    5.44917    0.98732 +/- 0.00119
      115/1    0.98665    5.43831    0.98731 +/- 0.00117
      116/1    0.99108    5.45067    0.98738 +/- 0.00115
      117/1    1.00417    5.44839    0.98767 +/- 0.00117
      118/1    0.99501    5.44635    0.98780 +/- 0.00115
      119/1    0.99150    5.45537    0.98786 +/- 0.00114
      120/1    0.97040    5.46914    0.98757 +/- 0.00115
      121/1    0.99360    5.46983    0.98767 +/- 0.00114
      122/1    0.96401    5.46582    0.98729 +/- 0.00118
      123/1    0.97599    5.45630    0.98711 +/- 0.00118
      124/1    0.98319    5.44529    0.98705 +/- 0.00116
      125/1    0.97694    5.45298    0.98689 +/- 0.00115
      126/1    0.97680    5.45690    0.98674 +/- 0.00115
      127/1    0.97593    5.46197    0.98658 +/- 0.00114
      128/1    0.98357    5.44831    0.98653 +/- 0.00112
      129/1    0.99310    5.43230    0.98663 +/- 0.00111
      130/1    0.98843    5.44539    0.98665 +/- 0.00110
      131/1    1.00045    5.45672    0.98685 +/- 0.00110
      132/1    0.99574    5.44456    0.98697 +/- 0.00109
      133/1    0.98100    5.43966    0.98689 +/- 0.00108
      134/1    0.99645    5.44169    0.98702 +/- 0.00107
      135/1    0.99233    5.42834    0.98709 +/- 0.00106
      136/1    0.99282    5.43616    0.98716 +/- 0.00105
      137/1    0.98461    5.44548    0.98713 +/- 0.00103
      138/1    0.97346    5.44971    0.98696 +/- 0.00104
      139/1    0.99516    5.45604    0.98706 +/- 0.00103
      140/1    0.97814    5.44255    0.98695 +/- 0.00102
      141/1    0.99455    5.44893    0.98704 +/- 0.00101
      142/1    0.97210    5.44359    0.98686 +/- 0.00102
      143/1    0.99394    5.44311    0.98694 +/- 0.00101
      144/1    0.99162    5.44156    0.98700 +/- 0.00100
      145/1    0.98333    5.44259    0.98696 +/- 0.00099
      146/1    1.00154    5.43804    0.98713 +/- 0.00099
      147/1    0.99512    5.43861    0.98722 +/- 0.00098
      148/1    0.98809    5.42558    0.98723 +/- 0.00097
      149/1    0.96997    5.43650    0.98704 +/- 0.00098
      150/1    0.96460    5.43568    0.98679 +/- 0.00100
      151/1    0.98161    5.44033    0.98673 +/- 0.00099
      152/1    0.98985    5.44134    0.98676 +/- 0.00098
      153/1    0.99813    5.44711    0.98688 +/- 0.00098
      154/1    0.99166    5.45546    0.98694 +/- 0.00097
      155/1    0.98406    5.45492    0.98691 +/- 0.00096
      156/1    0.98735    5.43573    0.98691 +/- 0.00095
      157/1    0.99809    5.44581    0.98703 +/- 0.00095
      158/1    0.99217    5.44335    0.98708 +/- 0.00094
      159/1    0.97777    5.45183    0.98698 +/- 0.00093
      160/1    0.98399    5.47971    0.98695 +/- 0.00092
 Creating state point statepoint.160.h5...

 =======================>     TIMING STATISTICS     <=======================

 Total time for initialization     = 0.0000e+00 seconds
   Reading cross sections          = 0.0000e+00 seconds
 Total time in simulation          = 3.5145e+02 seconds
   Time in transport only          = 3.5036e+02 seconds
   Time in inactive batches        = 9.7025e+01 seconds
   Time in active batches          = 2.5442e+02 seconds
   Time synchronizing fission bank = 2.8842e-01 seconds
     Sampling source sites         = 2.5383e-01 seconds
     SEND/RECV source sites        = 3.3949e-02 seconds
   Time accumulating tallies       = 5.1466e-01 seconds
   Time writing statepoints        = 1.7712e-02 seconds
 Total time for finalization       = 1.9285e-02 seconds
 Total time elapsed                = 3.5195e+02 seconds
 Calculation Rate (inactive)       = 12367.9 particles/second
 Calculation Rate (active)         = 7860.93 particles/second

 ============================>     RESULTS     <============================

 k-effective (Collision)     = 0.98608 +/- 0.00076
 k-effective (Track-length)  = 0.98695 +/- 0.00092
 k-effective (Absorption)    = 0.98763 +/- 0.00073
 Combined k-effective        = 0.98699 +/- 0.00065
 Leakage Fraction            = 0.00683 +/- 0.00005

 Creating state point openmc_simulation_n3.h5...
[openmc.deplete] t=64908045.77330504 s, dt=51926436.61864404 s, source=47639915.838503174
 Maximum neutron transport energy: 20000000 eV for H1
 Initializing source particles...

 ====================>     K EIGENVALUE SIMULATION     <====================

  Bat./Gen.      k       Entropy         Average k 
  =========   ========   ========   ====================
        1/1    0.94542    5.55236
        2/1    0.95650    5.50889
        3/1    0.96725    5.48108
        4/1    0.98365    5.48029
        5/1    0.96862    5.48059
        6/1    0.97308    5.48400
        7/1    0.98280    5.47857
        8/1    0.97617    5.46868
        9/1    0.98505    5.46368
       10/1    1.00768    5.45565
       11/1    0.99339    5.44420
       12/1    1.01220    5.44098
       13/1    0.98721    5.43118
       14/1    0.99021    5.42071
       15/1    1.02728    5.44039
       16/1    0.98142    5.43753
       17/1    0.97927    5.45019
       18/1    1.00642    5.44013
       19/1    0.99457    5.42591
       20/1    0.99959    5.42094
       21/1    0.99457    5.42521
       22/1    0.97936    5.43574
       23/1    1.00693    5.42574
       24/1    0.98006    5.43128
       25/1    0.99091    5.41471
       26/1    0.99999    5.42152
       27/1    0.99186    5.43188
       28/1    0.99391    5.42368
       29/1    0.98837    5.42743
       30/1    0.99911    5.43600
       31/1    0.99547    5.43554
       32/1    1.00204    5.42362
       33/1    0.99650    5.42313
       34/1    0.99122    5.42858
       35/1    0.99810    5.43551
       36/1    0.98511    5.43189
       37/1    0.99033    5.43060
       38/1    0.99988    5.43866
       39/1    0.99908    5.43244
       40/1    0.99919    5.42913
       41/1    0.99359    5.41474
       42/1    0.99383    5.42694
       43/1    0.99856    5.44094
       44/1    1.00312    5.42438
       45/1    0.99356    5.41853
       46/1    0.99571    5.41820
       47/1    0.99401    5.43381
       48/1    0.99074    5.42912
       49/1    0.99809    5.43287
       50/1    0.99697    5.42407
       51/1    0.98574    5.44273
       52/1    0.98916    5.43674
       53/1    0.99129    5.43513
       54/1    0.99717    5.44169
       55/1    0.99702    5.42506
       56/1    0.99568    5.42618
       57/1    0.99800    5.43064
       58/1    0.98888    5.43325
       59/1    1.00398    5.43210
       60/1    0.98397    5.42757
       61/1    0.98956    5.43496
       62/1    0.99884    5.43647    0.99420 +/- 0.00464
       63/1    0.99467    5.43029    0.99436 +/- 0.00268
       64/1    0.98370    5.43950    0.99169 +/- 0.00327
       65/1    0.99912    5.43079    0.99318 +/- 0.00294
       66/1    0.99402    5.43897    0.99332 +/- 0.00240
       67/1    1.00099    5.44031    0.99442 +/- 0.00231
       68/1    0.99095    5.41542    0.99398 +/- 0.00204
       69/1    1.00805    5.41755    0.99554 +/- 0.00239
       70/1    0.99061    5.42018    0.99505 +/- 0.00219
       71/1    1.00578    5.41737    0.99603 +/- 0.00221
       72/1    1.00757    5.43740    0.99699 +/- 0.00223
       73/1    0.98604    5.44396    0.99615 +/- 0.00222
       74/1    0.99344    5.43403    0.99595 +/- 0.00207
       75/1    0.98413    5.44982    0.99516 +/- 0.00208
       76/1    1.00158    5.44297    0.99557 +/- 0.00198
       77/1    0.98597    5.42732    0.99500 +/- 0.00195
       78/1    0.98769    5.42831    0.99460 +/- 0.00188
       79/1    1.00025    5.43042    0.99489 +/- 0.00180
       80/1    1.01340    5.42374    0.99582 +/- 0.00195
       81/1    0.99742    5.41309    0.99589 +/- 0.00185
       82/1    0.99002    5.41563    0.99563 +/- 0.00179
       83/1    0.99696    5.41782    0.99569 +/- 0.00171
       84/1    0.98739    5.42421    0.99534 +/- 0.00167
       85/1    1.00634    5.43063    0.99578 +/- 0.00166
       86/1    0.99441    5.43293    0.99573 +/- 0.00160
       87/1    0.99655    5.43287    0.99576 +/- 0.00154
       88/1    0.98806    5.43729    0.99548 +/- 0.00151
       89/1    1.00833    5.42842    0.99593 +/- 0.00152
       90/1    0.99205    5.43936    0.99580 +/- 0.00147
       91/1    1.01524    5.43601    0.99642 +/- 0.00156
       92/1    0.99497    5.44084    0.99638 +/- 0.00151
       93/1    0.97983    5.44657    0.99588 +/- 0.00155
       94/1    1.00360    5.43111    0.99610 +/- 0.00152
       95/1    1.00854    5.43641    0.99646 +/- 0.00152
       96/1    0.98912    5.44495    0.99626 +/- 0.00149
       97/1    0.99525    5.44248    0.99623 +/- 0.00145
       98/1    1.00120    5.43681    0.99636 +/- 0.00141
       99/1    0.99794    5.44218    0.99640 +/- 0.00138
      100/1    0.99589    5.42444    0.99639 +/- 0.00134
      101/1    0.99144    5.42883    0.99627 +/- 0.00132
      102/1    0.98999    5.42829    0.99612 +/- 0.00129
      103/1    1.00592    5.43151    0.99634 +/- 0.00128
      104/1    1.01233    5.42172    0.99671 +/- 0.00130
      105/1    1.00314    5.43614    0.99685 +/- 0.00128
      106/1    1.00712    5.43036    0.99707 +/- 0.00127
      107/1    0.99879    5.43139    0.99711 +/- 0.00125
      108/1    1.00132    5.42793    0.99720 +/- 0.00122
      109/1    0.98437    5.42978    0.99694 +/- 0.00123
      110/1    0.98922    5.42717    0.99678 +/- 0.00121
      111/1    1.01441    5.43697    0.99713 +/- 0.00124
      112/1    0.99861    5.45069    0.99716 +/- 0.00121
      113/1    0.99857    5.45454    0.99718 +/- 0.00119
      114/1    1.00723    5.44728    0.99737 +/- 0.00118
      115/1    0.97905    5.44886    0.99704 +/- 0.00121
      116/1    0.98343    5.44962    0.99679 +/- 0.00121
      117/1    0.99694    5.44856    0.99680 +/- 0.00119
      118/1    0.97522    5.44937    0.99642 +/- 0.00123
      119/1    0.99050    5.43324    0.99632 +/- 0.00121
      120/1    0.99000    5.42525    0.99622 +/- 0.00119
      121/1    0.98546    5.42681    0.99604 +/- 0.00119
      122/1    1.00288    5.43292    0.99615 +/- 0.00117
      123/1    0.99137    5.43189    0.99608 +/- 0.00116
      124/1    1.00385    5.41728    0.99620 +/- 0.00115
      125/1    0.99545    5.42731    0.99619 +/- 0.00113
      126/1    0.99838    5.42404    0.99622 +/- 0.00111
      127/1    0.99713    5.41634    0.99623 +/- 0.00109
      128/1    1.00017    5.42376    0.99629 +/- 0.00108
      129/1    1.00243    5.43807    0.99638 +/- 0.00107
      130/1    0.98620    5.42340    0.99623 +/- 0.00106
      131/1    0.99843    5.42621    0.99627 +/- 0.00105
      132/1    0.98173    5.41395    0.99606 +/- 0.00105
      133/1    0.99747    5.42119    0.99608 +/- 0.00104
      134/1    0.99908    5.42220    0.99612 +/- 0.00103
      135/1    1.01608    5.42373    0.99639 +/- 0.00105
      136/1    0.98962    5.42714    0.99630 +/- 0.00104
      137/1    0.99361    5.43021    0.99627 +/- 0.00102
      138/1    1.00161    5.42208    0.99633 +/- 0.00101
      139/1    0.99918    5.42341    0.99637 +/- 0.00100
      140/1    1.00531    5.42939    0.99648 +/- 0.00099
      141/1    1.00134    5.42843    0.99654 +/- 0.00098
      142/1    0.99856    5.41810    0.99657 +/- 0.00097
      143/1    0.99818    5.42812    0.99659 +/- 0.00096
      144/1    0.99659    5.43077    0.99659 +/- 0.00095
      145/1    0.99143    5.45086    0.99653 +/- 0.00094
      146/1    1.00144    5.44069    0.99658 +/- 0.00093
      147/1    0.99024    5.43016    0.99651 +/- 0.00092
      148/1    0.99690    5.42935    0.99651 +/- 0.00091
      149/1    0.99020    5.41598    0.99644 +/- 0.00090
      150/1    0.99179    5.41272    0.99639 +/- 0.00090
      151/1    1.00580    5.40228    0.99649 +/- 0.00089
      152/1    1.00065    5.41693    0.99654 +/- 0.00088
      153/1    0.99086    5.42708    0.99648 +/- 0.00088
      154/1    0.99298    5.40928    0.99644 +/- 0.00087
      155/1    0.99325    5.40512    0.99641 +/- 0.00086
      156/1    0.98652    5.43487    0.99631 +/- 0.00086
      157/1    1.00601    5.42548    0.99641 +/- 0.00085
      158/1    0.96877    5.42028    0.99612 +/- 0.00089
      159/1    0.98980    5.42503    0.99606 +/- 0.00088
      160/1    1.00441    5.42233    0.99614 +/- 0.00088
 Creating state point statepoint.160.h5...

 =======================>     TIMING STATISTICS     <=======================

 Total time for initialization     = 0.0000e+00 seconds
   Reading cross sections          = 0.0000e+00 seconds
 Total time in simulation          = 3.5655e+02 seconds
   Time in transport only          = 3.5534e+02 seconds
   Time in inactive batches        = 9.8589e+01 seconds
   Time in active batches          = 2.5796e+02 seconds
   Time synchronizing fission bank = 2.7675e-01 seconds
     Sampling source sites         = 2.4266e-01 seconds
     SEND/RECV source sites        = 3.3373e-02 seconds
   Time accumulating tallies       = 6.5443e-01 seconds
   Time writing statepoints        = 1.9870e-02 seconds
 Total time for finalization       = 1.9193e-02 seconds
 Total time elapsed                = 3.5704e+02 seconds
 Calculation Rate (inactive)       = 12171.7 particles/second
 Calculation Rate (active)         = 7753.07 particles/second

 ============================>     RESULTS     <============================

 k-effective (Collision)     = 0.99555 +/- 0.00067
 k-effective (Track-length)  = 0.99614 +/- 0.00088
 k-effective (Absorption)    = 0.99638 +/- 0.00074
 Combined k-effective        = 0.99598 +/- 0.00057
 Leakage Fraction            = 0.00669 +/- 0.00006

 Creating state point openmc_simulation_n4.h5...
[openmc.deplete] t=116834482.39194909 (final operator evaluation)
 Maximum neutron transport energy: 20000000 eV for H1
 Initializing source particles...

 ====================>     K EIGENVALUE SIMULATION     <====================

  Bat./Gen.      k       Entropy         Average k 
  =========   ========   ========   ====================
        1/1    0.93500    5.53091
        2/1    0.96469    5.50594
        3/1    0.97449    5.49997
        4/1    0.96040    5.47742
        5/1    0.98638    5.47280
        6/1    0.98244    5.47494
        7/1    0.99232    5.47960
        8/1    0.99196    5.46053
        9/1    0.97901    5.45483
       10/1    0.98346    5.43872
       11/1    0.98631    5.44608
       12/1    1.00042    5.44762
       13/1    0.99057    5.44564
       14/1    0.98289    5.44624
       15/1    0.99103    5.46218
       16/1    0.98581    5.45362
       17/1    0.98428    5.45014
       18/1    0.99112    5.45612
       19/1    0.99000    5.44925
       20/1    0.99703    5.44016
       21/1    0.99256    5.43098
       22/1    1.00231    5.44319
       23/1    0.97951    5.45798
       24/1    0.99437    5.44945
       25/1    1.00087    5.45302
       26/1    0.98860    5.44865
       27/1    0.98137    5.44671
       28/1    0.96849    5.44532
       29/1    1.00711    5.45417
       30/1    0.99797    5.45966
       31/1    0.97996    5.44931
       32/1    0.99369    5.46018
       33/1    0.98820    5.45195
       34/1    0.99463    5.43687
       35/1    0.97830    5.44428
       36/1    1.00362    5.44829
       37/1    0.97614    5.45959
       38/1    0.99868    5.43570
       39/1    0.99797    5.42549
       40/1    0.99502    5.43043
       41/1    0.98243    5.44041
       42/1    0.98057    5.44251
       43/1    0.97402    5.44223
       44/1    1.00179    5.43732
       45/1    0.98178    5.43817
       46/1    1.00232    5.44716
       47/1    1.00442    5.45045
       48/1    0.98871    5.43662
       49/1    0.99253    5.44769
       50/1    0.98622    5.45292
       51/1    0.99623    5.44610
       52/1    0.98047    5.45221
       53/1    1.00194    5.45819
       54/1    0.98962    5.45758
       55/1    0.98435    5.43976
       56/1    0.99024    5.43486
       57/1    0.99639    5.43798
       58/1    0.98861    5.44339
       59/1    0.98308    5.44718
       60/1    0.98998    5.43526
       61/1    0.98467    5.43957
       62/1    0.99162    5.44545    0.98815 +/- 0.00348
       63/1    0.99361    5.44650    0.98997 +/- 0.00271
       64/1    1.01116    5.43883    0.99527 +/- 0.00563
       65/1    1.00268    5.42657    0.99675 +/- 0.00461
       66/1    0.97779    5.43458    0.99359 +/- 0.00491
       67/1    0.99767    5.42579    0.99417 +/- 0.00419
       68/1    1.01077    5.42811    0.99625 +/- 0.00418
       69/1    0.97747    5.43712    0.99416 +/- 0.00424
       70/1    0.98894    5.43358    0.99364 +/- 0.00383
       71/1    0.99276    5.44798    0.99356 +/- 0.00346
       72/1    1.00170    5.43937    0.99424 +/- 0.00323
       73/1    0.98565    5.44908    0.99358 +/- 0.00305
       74/1    0.98946    5.43967    0.99328 +/- 0.00283
       75/1    0.98865    5.45011    0.99297 +/- 0.00266
       76/1    0.99416    5.42666    0.99305 +/- 0.00249
       77/1    1.00143    5.43822    0.99354 +/- 0.00239
       78/1    0.99089    5.43409    0.99339 +/- 0.00226
       79/1    0.99733    5.44397    0.99360 +/- 0.00214
       80/1    0.98155    5.42419    0.99300 +/- 0.00212
       81/1    0.96966    5.43510    0.99189 +/- 0.00230
       82/1    0.99397    5.43742    0.99198 +/- 0.00220
       83/1    0.99352    5.45160    0.99205 +/- 0.00210
       84/1    1.00474    5.44213    0.99258 +/- 0.00208
       85/1    0.98959    5.45531    0.99246 +/- 0.00200
       86/1    0.97790    5.44050    0.99190 +/- 0.00200
       87/1    0.98292    5.44449    0.99157 +/- 0.00195
       88/1    0.98051    5.44669    0.99117 +/- 0.00192
       89/1    0.99113    5.45366    0.99117 +/- 0.00186
       90/1    0.98522    5.45902    0.99097 +/- 0.00180
       91/1    0.98697    5.43914    0.99084 +/- 0.00175
       92/1    0.99899    5.44765    0.99110 +/- 0.00171
       93/1    0.98403    5.42715    0.99088 +/- 0.00167
       94/1    0.98876    5.43707    0.99082 +/- 0.00163
       95/1    1.00343    5.43699    0.99118 +/- 0.00162
       96/1    0.99668    5.44504    0.99133 +/- 0.00158
       97/1    0.98740    5.45837    0.99123 +/- 0.00154
       98/1    0.99621    5.44258    0.99136 +/- 0.00151
       99/1    0.98582    5.44868    0.99122 +/- 0.00147
      100/1    0.97813    5.44888    0.99089 +/- 0.00147
      101/1    0.99380    5.45478    0.99096 +/- 0.00144
      102/1    0.99444    5.45076    0.99104 +/- 0.00141
      103/1    0.97475    5.44782    0.99066 +/- 0.00142
      104/1    0.99892    5.44534    0.99085 +/- 0.00140
      105/1    0.98449    5.45565    0.99071 +/- 0.00138
      106/1    0.98801    5.43534    0.99065 +/- 0.00135
      107/1    0.97973    5.43534    0.99042 +/- 0.00134
      108/1    0.98836    5.43945    0.99038 +/- 0.00131
      109/1    0.99583    5.45450    0.99049 +/- 0.00129
      110/1    1.00043    5.44675    0.99069 +/- 0.00128
      111/1    1.00236    5.43965    0.99092 +/- 0.00128
      112/1    0.98926    5.44232    0.99088 +/- 0.00125
      113/1    0.98940    5.45490    0.99086 +/- 0.00123
      114/1    0.98484    5.44730    0.99074 +/- 0.00121
      115/1    0.99441    5.43994    0.99081 +/- 0.00119
      116/1    0.98088    5.44267    0.99063 +/- 0.00118
      117/1    0.97467    5.44671    0.99035 +/- 0.00119
      118/1    0.98597    5.44173    0.99028 +/- 0.00118
      119/1    0.99496    5.42471    0.99036 +/- 0.00116
      120/1    1.01552    5.43277    0.99078 +/- 0.00121
      121/1    0.99143    5.43774    0.99079 +/- 0.00119
      122/1    0.99283    5.45122    0.99082 +/- 0.00118
      123/1    0.99758    5.44537    0.99093 +/- 0.00116
      124/1    0.99385    5.45076    0.99097 +/- 0.00114
      125/1    0.99006    5.44814    0.99096 +/- 0.00113
      126/1    0.99653    5.43382    0.99104 +/- 0.00111
      127/1    0.98831    5.42719    0.99100 +/- 0.00110
      128/1    0.99114    5.42880    0.99100 +/- 0.00108
      129/1    1.00217    5.44430    0.99117 +/- 0.00108
      130/1    1.00261    5.43950    0.99133 +/- 0.00107
      131/1    0.97910    5.46357    0.99116 +/- 0.00107
      132/1    0.98993    5.45147    0.99114 +/- 0.00106
      133/1    0.98319    5.44795    0.99103 +/- 0.00105
      134/1    0.99892    5.46109    0.99114 +/- 0.00104
      135/1    0.99446    5.45298    0.99118 +/- 0.00103
      136/1    0.99676    5.46119    0.99126 +/- 0.00102
      137/1    0.97770    5.44743    0.99108 +/- 0.00102
      138/1    0.98743    5.43854    0.99103 +/- 0.00101
      139/1    0.99022    5.43372    0.99102 +/- 0.00099
      140/1    0.99518    5.43952    0.99107 +/- 0.00098
      141/1    0.99210    5.45520    0.99109 +/- 0.00097
      142/1    0.97639    5.44116    0.99091 +/- 0.00097
      143/1    0.99573    5.44000    0.99097 +/- 0.00096
      144/1    0.99641    5.43775    0.99103 +/- 0.00096
      145/1    0.99026    5.45241    0.99102 +/- 0.00094
      146/1    0.98110    5.44418    0.99091 +/- 0.00094
      147/1    0.97416    5.45516    0.99071 +/- 0.00095
      148/1    0.99499    5.45090    0.99076 +/- 0.00094
      149/1    0.98212    5.45461    0.99067 +/- 0.00093
      150/1    0.99048    5.44424    0.99066 +/- 0.00092
      151/1    0.99676    5.44130    0.99073 +/- 0.00092
      152/1    1.00242    5.44022    0.99086 +/- 0.00091
      153/1    0.99932    5.44582    0.99095 +/- 0.00091
      154/1    0.97790    5.44167    0.99081 +/- 0.00091
      155/1    0.99634    5.44782    0.99087 +/- 0.00090
      156/1    0.98627    5.42061    0.99082 +/- 0.00089
      157/1    0.99003    5.45472    0.99081 +/- 0.00088
      158/1    0.98830    5.45999    0.99079 +/- 0.00088
      159/1    1.00160    5.44573    0.99090 +/- 0.00087
      160/1    0.98544    5.44010    0.99084 +/- 0.00087
 Creating state point statepoint.160.h5...

 =======================>     TIMING STATISTICS     <=======================

 Total time for initialization     = 0.0000e+00 seconds
   Reading cross sections          = 0.0000e+00 seconds
 Total time in simulation          = 3.6762e+02 seconds
   Time in transport only          = 3.6646e+02 seconds
   Time in inactive batches        = 9.9161e+01 seconds
   Time in active batches          = 2.6846e+02 seconds
   Time synchronizing fission bank = 2.9235e-01 seconds
     Sampling source sites         = 2.5744e-01 seconds
     SEND/RECV source sites        = 3.4289e-02 seconds
   Time accumulating tallies       = 6.0461e-01 seconds
   Time writing statepoints        = 1.2972e-02 seconds
 Total time for finalization       = 1.1181e-02 seconds
 Total time elapsed                = 3.6811e+02 seconds
 Calculation Rate (inactive)       = 12101.5 particles/second
 Calculation Rate (active)         = 7450.04 particles/second

 ============================>     RESULTS     <============================

 k-effective (Collision)     = 0.99135 +/- 0.00074
 k-effective (Track-length)  = 0.99084 +/- 0.00087
 k-effective (Absorption)    = 0.98998 +/- 0.00072
 Combined k-effective        = 0.99056 +/- 0.00060
 Leakage Fraction            = 0.00692 +/- 0.00006

 Creating state point openmc_simulation_n5.h5...
      k(BOL) 1.00506 x ratio 0.96663 -> end of cycle at k = 0.97152
      state 0: B   0.00 MWd/kgHM  k 1.00506  (target)
      state 1: B   0.50 MWd/kgHM  k 0.98699
      state 2: B   1.50 MWd/kgHM  k 0.98662
      state 3: B   3.50 MWd/kgHM  k 0.98699
      state 4: B   7.50 MWd/kgHM  k 0.99598
      state 5: B  13.50 MWd/kgHM  k 0.99056
                                %%%%%%%%%%%%%%%
                           %%%%%%%%%%%%%%%%%%%%%%%%
                        %%%%%%%%%%%%%%%%%%%%%%%%%%%%%%
                      %%%%%%%%%%%%%%%%%%%%%%%%%%%%%%%%%%
                    %%%%%%%%%%%%%%%%%%%%%%%%%%%%%%%%%%%%%%
                   %%%%%%%%%%%%%%%%%%%%%%%%%%%%%%%%%%%%%%%%
                                    %%%%%%%%%%%%%%%%%%%%%%%%
                                     %%%%%%%%%%%%%%%%%%%%%%%%
                 ###############      %%%%%%%%%%%%%%%%%%%%%%%%
                ##################     %%%%%%%%%%%%%%%%%%%%%%%
                ###################     %%%%%%%%%%%%%%%%%%%%%%%
                ####################     %%%%%%%%%%%%%%%%%%%%%%
                #####################     %%%%%%%%%%%%%%%%%%%%%
                ######################     %%%%%%%%%%%%%%%%%%%%
                #######################     %%%%%%%%%%%%%%%%%%
                 #######################     %%%%%%%%%%%%%%%%%
                 ######################     %%%%%%%%%%%%%%%%%
                  ####################     %%%%%%%%%%%%%%%%%
                    #################     %%%%%%%%%%%%%%%%%
                     ###############     %%%%%%%%%%%%%%%%
                       ############     %%%%%%%%%%%%%%%
                          ########     %%%%%%%%%%%%%%
                                      %%%%%%%%%%%

                 | The OpenMC Monte Carlo Code
       Copyright | 2011-2025 MIT, UChicago Argonne LLC, and contributors
         License | https://docs.openmc.org/en/latest/license.html
         Version | 0.15.3
     Commit Hash | 27e38e894697bb32a1dac7848d2618818b6b8daf
       Date/Time | 2026-09-25 04:27:59
   MPI Processes | 1
  OpenMP Threads | 64

 Reading settings XML file...
 Reading cross sections XML file...
 Reading chain file: /home/diogo/openmc_data/chain_endfb71_pwr.xml...
 Reading materials XML file...
 Reading geometry XML file...
 Reading H1 from /home/diogo/openmc_data/endfb-vii.1-hdf5/neutron/H1.h5
 Reading H2 from /home/diogo/openmc_data/endfb-vii.1-hdf5/neutron/H2.h5
 Reading B10 from /home/diogo/openmc_data/endfb-vii.1-hdf5/neutron/B10.h5
 Reading B11 from /home/diogo/openmc_data/endfb-vii.1-hdf5/neutron/B11.h5
 Reading O16 from /home/diogo/openmc_data/endfb-vii.1-hdf5/neutron/O16.h5
 Reading O17 from /home/diogo/openmc_data/endfb-vii.1-hdf5/neutron/O17.h5
 Reading Cr50 from /home/diogo/openmc_data/endfb-vii.1-hdf5/neutron/Cr50.h5
 Reading Cr52 from /home/diogo/openmc_data/endfb-vii.1-hdf5/neutron/Cr52.h5
 Reading Cr53 from /home/diogo/openmc_data/endfb-vii.1-hdf5/neutron/Cr53.h5
 Reading Cr54 from /home/diogo/openmc_data/endfb-vii.1-hdf5/neutron/Cr54.h5
 Reading Mn55 from /home/diogo/openmc_data/endfb-vii.1-hdf5/neutron/Mn55.h5
 Reading Fe54 from /home/diogo/openmc_data/endfb-vii.1-hdf5/neutron/Fe54.h5
 Reading Fe56 from /home/diogo/openmc_data/endfb-vii.1-hdf5/neutron/Fe56.h5
 Reading Fe57 from /home/diogo/openmc_data/endfb-vii.1-hdf5/neutron/Fe57.h5
 Reading Fe58 from /home/diogo/openmc_data/endfb-vii.1-hdf5/neutron/Fe58.h5
 Reading Ni58 from /home/diogo/openmc_data/endfb-vii.1-hdf5/neutron/Ni58.h5
 Reading Ni60 from /home/diogo/openmc_data/endfb-vii.1-hdf5/neutron/Ni60.h5
 Reading Ni61 from /home/diogo/openmc_data/endfb-vii.1-hdf5/neutron/Ni61.h5
 Reading Ni62 from /home/diogo/openmc_data/endfb-vii.1-hdf5/neutron/Ni62.h5
 Reading Ni64 from /home/diogo/openmc_data/endfb-vii.1-hdf5/neutron/Ni64.h5
 Reading Zr90 from /home/diogo/openmc_data/endfb-vii.1-hdf5/neutron/Zr90.h5
 Reading Zr91 from /home/diogo/openmc_data/endfb-vii.1-hdf5/neutron/Zr91.h5
 Reading Zr92 from /home/diogo/openmc_data/endfb-vii.1-hdf5/neutron/Zr92.h5
 Reading Zr94 from /home/diogo/openmc_data/endfb-vii.1-hdf5/neutron/Zr94.h5
 Reading Zr96 from /home/diogo/openmc_data/endfb-vii.1-hdf5/neutron/Zr96.h5
 Reading Sn112 from /home/diogo/openmc_data/endfb-vii.1-hdf5/neutron/Sn112.h5
 Reading Sn114 from /home/diogo/openmc_data/endfb-vii.1-hdf5/neutron/Sn114.h5
 Reading Sn115 from /home/diogo/openmc_data/endfb-vii.1-hdf5/neutron/Sn115.h5
 Reading Sn116 from /home/diogo/openmc_data/endfb-vii.1-hdf5/neutron/Sn116.h5
 Reading Sn117 from /home/diogo/openmc_data/endfb-vii.1-hdf5/neutron/Sn117.h5
 Reading Sn118 from /home/diogo/openmc_data/endfb-vii.1-hdf5/neutron/Sn118.h5
 Reading Sn119 from /home/diogo/openmc_data/endfb-vii.1-hdf5/neutron/Sn119.h5
 Reading Sn120 from /home/diogo/openmc_data/endfb-vii.1-hdf5/neutron/Sn120.h5
 Reading Sn122 from /home/diogo/openmc_data/endfb-vii.1-hdf5/neutron/Sn122.h5
 Reading Sn124 from /home/diogo/openmc_data/endfb-vii.1-hdf5/neutron/Sn124.h5
 Reading He3 from /home/diogo/openmc_data/endfb-vii.1-hdf5/neutron/He3.h5
 Reading He4 from /home/diogo/openmc_data/endfb-vii.1-hdf5/neutron/He4.h5
 Reading U234 from /home/diogo/openmc_data/endfb-vii.1-hdf5/neutron/U234.h5
 Reading U235 from /home/diogo/openmc_data/endfb-vii.1-hdf5/neutron/U235.h5
 Reading U238 from /home/diogo/openmc_data/endfb-vii.1-hdf5/neutron/U238.h5
 Reading Gd152 from /home/diogo/openmc_data/endfb-vii.1-hdf5/neutron/Gd152.h5
 Reading Gd154 from /home/diogo/openmc_data/endfb-vii.1-hdf5/neutron/Gd154.h5
 Reading Gd155 from /home/diogo/openmc_data/endfb-vii.1-hdf5/neutron/Gd155.h5
 Reading Gd156 from /home/diogo/openmc_data/endfb-vii.1-hdf5/neutron/Gd156.h5
 Reading Gd157 from /home/diogo/openmc_data/endfb-vii.1-hdf5/neutron/Gd157.h5
 Reading Gd158 from /home/diogo/openmc_data/endfb-vii.1-hdf5/neutron/Gd158.h5
 Reading Gd160 from /home/diogo/openmc_data/endfb-vii.1-hdf5/neutron/Gd160.h5
 Reading Si28 from /home/diogo/openmc_data/endfb-vii.1-hdf5/neutron/Si28.h5
 Reading Si29 from /home/diogo/openmc_data/endfb-vii.1-hdf5/neutron/Si29.h5
 Reading Si30 from /home/diogo/openmc_data/endfb-vii.1-hdf5/neutron/Si30.h5
 Reading Ag107 from /home/diogo/openmc_data/endfb-vii.1-hdf5/neutron/Ag107.h5
 Reading Ag109 from /home/diogo/openmc_data/endfb-vii.1-hdf5/neutron/Ag109.h5
 Reading Cd106 from /home/diogo/openmc_data/endfb-vii.1-hdf5/neutron/Cd106.h5
 WARNING: Negative value(s) found on probability table for nuclide Cd106 at 294K
 WARNING: Negative value(s) found on probability table for nuclide Cd106 at 600K
 WARNING: Negative value(s) found on probability table for nuclide Cd106 at 900K
 WARNING: Negative value(s) found on probability table for nuclide Cd106 at
          1200K
 WARNING: Negative value(s) found on probability table for nuclide Cd106 at
          2500K
 Reading Cd108 from /home/diogo/openmc_data/endfb-vii.1-hdf5/neutron/Cd108.h5
 Reading Cd110 from /home/diogo/openmc_data/endfb-vii.1-hdf5/neutron/Cd110.h5
 Reading Cd111 from /home/diogo/openmc_data/endfb-vii.1-hdf5/neutron/Cd111.h5
 Reading Cd112 from /home/diogo/openmc_data/endfb-vii.1-hdf5/neutron/Cd112.h5
 Reading Cd113 from /home/diogo/openmc_data/endfb-vii.1-hdf5/neutron/Cd113.h5
 Reading Cd114 from /home/diogo/openmc_data/endfb-vii.1-hdf5/neutron/Cd114.h5
 Reading Cd116 from /home/diogo/openmc_data/endfb-vii.1-hdf5/neutron/Cd116.h5
 Reading In113 from /home/diogo/openmc_data/endfb-vii.1-hdf5/neutron/In113.h5
 Reading In115 from /home/diogo/openmc_data/endfb-vii.1-hdf5/neutron/In115.h5
 Reading c_H_in_H2O from
 /home/diogo/openmc_data/endfb-vii.1-hdf5/neutron/c_H_in_H2O.h5
 Minimum neutron data temperature: 0 K
 Maximum neutron data temperature: 1.7976931348623157e+308 K
 Reading tallies XML file...
 Preparing distributed cell instances...
 Reading plot XML file...
 Writing summary.h5 file...
[openmc.deplete] t=116834482.39194909 s, dt=34617624.412429355 s, source=47639915.838503174
[openmc.deplete] t=151452106.80437845 s, dt=34617624.412429355 s, source=47639915.838503174
 Reading H3 from /home/diogo/openmc_data/endfb-vii.1-hdf5/neutron/H3.h5
 Reading Li6 from /home/diogo/openmc_data/endfb-vii.1-hdf5/neutron/Li6.h5
 Reading Li7 from /home/diogo/openmc_data/endfb-vii.1-hdf5/neutron/Li7.h5
 Reading N14 from /home/diogo/openmc_data/endfb-vii.1-hdf5/neutron/N14.h5
 Reading N15 from /home/diogo/openmc_data/endfb-vii.1-hdf5/neutron/N15.h5
 Reading F19 from /home/diogo/openmc_data/endfb-vii.1-hdf5/neutron/F19.h5
 Reading Na22 from /home/diogo/openmc_data/endfb-vii.1-hdf5/neutron/Na22.h5
 WARNING: Negative value(s) found on probability table for nuclide Na22 at 250K
 WARNING: Negative value(s) found on probability table for nuclide Na22 at 294K
 WARNING: Negative value(s) found on probability table for nuclide Na22 at 600K
 WARNING: Negative value(s) found on probability table for nuclide Na22 at 900K
 WARNING: Negative value(s) found on probability table for nuclide Na22 at 1200K
 WARNING: Negative value(s) found on probability table for nuclide Na22 at 2500K
 Reading Na23 from /home/diogo/openmc_data/endfb-vii.1-hdf5/neutron/Na23.h5
 Reading Mg24 from /home/diogo/openmc_data/endfb-vii.1-hdf5/neutron/Mg24.h5
 Reading Mg25 from /home/diogo/openmc_data/endfb-vii.1-hdf5/neutron/Mg25.h5
 Reading Mg26 from /home/diogo/openmc_data/endfb-vii.1-hdf5/neutron/Mg26.h5
 Reading Al27 from /home/diogo/openmc_data/endfb-vii.1-hdf5/neutron/Al27.h5
 Reading P31 from /home/diogo/openmc_data/endfb-vii.1-hdf5/neutron/P31.h5
 Reading S32 from /home/diogo/openmc_data/endfb-vii.1-hdf5/neutron/S32.h5
 Reading S33 from /home/diogo/openmc_data/endfb-vii.1-hdf5/neutron/S33.h5
 Reading S34 from /home/diogo/openmc_data/endfb-vii.1-hdf5/neutron/S34.h5
 Reading S36 from /home/diogo/openmc_data/endfb-vii.1-hdf5/neutron/S36.h5
 Reading Cl35 from /home/diogo/openmc_data/endfb-vii.1-hdf5/neutron/Cl35.h5
 Reading Cl37 from /home/diogo/openmc_data/endfb-vii.1-hdf5/neutron/Cl37.h5
 Reading Ar36 from /home/diogo/openmc_data/endfb-vii.1-hdf5/neutron/Ar36.h5
 WARNING: Negative value(s) found on probability table for nuclide Ar36 at 250K
 WARNING: Negative value(s) found on probability table for nuclide Ar36 at 294K
 WARNING: Negative value(s) found on probability table for nuclide Ar36 at 600K
 WARNING: Negative value(s) found on probability table for nuclide Ar36 at 900K
 WARNING: Negative value(s) found on probability table for nuclide Ar36 at 1200K
 WARNING: Negative value(s) found on probability table for nuclide Ar36 at 2500K
 Reading Ar38 from /home/diogo/openmc_data/endfb-vii.1-hdf5/neutron/Ar38.h5
 Reading Ar40 from /home/diogo/openmc_data/endfb-vii.1-hdf5/neutron/Ar40.h5
 Reading K39 from /home/diogo/openmc_data/endfb-vii.1-hdf5/neutron/K39.h5
 Reading K40 from /home/diogo/openmc_data/endfb-vii.1-hdf5/neutron/K40.h5
 Reading K41 from /home/diogo/openmc_data/endfb-vii.1-hdf5/neutron/K41.h5
 Reading Ca40 from /home/diogo/openmc_data/endfb-vii.1-hdf5/neutron/Ca40.h5
 Reading Ca42 from /home/diogo/openmc_data/endfb-vii.1-hdf5/neutron/Ca42.h5
 Reading Ca43 from /home/diogo/openmc_data/endfb-vii.1-hdf5/neutron/Ca43.h5
 Reading Ca44 from /home/diogo/openmc_data/endfb-vii.1-hdf5/neutron/Ca44.h5
 Reading Ca46 from /home/diogo/openmc_data/endfb-vii.1-hdf5/neutron/Ca46.h5
 Reading Sc45 from /home/diogo/openmc_data/endfb-vii.1-hdf5/neutron/Sc45.h5
 Reading Ti46 from /home/diogo/openmc_data/endfb-vii.1-hdf5/neutron/Ti46.h5
 Reading Ti47 from /home/diogo/openmc_data/endfb-vii.1-hdf5/neutron/Ti47.h5
 Reading Ti48 from /home/diogo/openmc_data/endfb-vii.1-hdf5/neutron/Ti48.h5
 Reading Ti49 from /home/diogo/openmc_data/endfb-vii.1-hdf5/neutron/Ti49.h5
 Reading Ti50 from /home/diogo/openmc_data/endfb-vii.1-hdf5/neutron/Ti50.h5
 Reading V50 from /home/diogo/openmc_data/endfb-vii.1-hdf5/neutron/V50.h5
 Reading V51 from /home/diogo/openmc_data/endfb-vii.1-hdf5/neutron/V51.h5
 Reading Co58 from /home/diogo/openmc_data/endfb-vii.1-hdf5/neutron/Co58.h5
 Reading Co59 from /home/diogo/openmc_data/endfb-vii.1-hdf5/neutron/Co59.h5
 Reading Ni59 from /home/diogo/openmc_data/endfb-vii.1-hdf5/neutron/Ni59.h5
 Reading Cu63 from /home/diogo/openmc_data/endfb-vii.1-hdf5/neutron/Cu63.h5
 Reading Cu65 from /home/diogo/openmc_data/endfb-vii.1-hdf5/neutron/Cu65.h5
 Reading Zn64 from /home/diogo/openmc_data/endfb-vii.1-hdf5/neutron/Zn64.h5
 Reading Zn65 from /home/diogo/openmc_data/endfb-vii.1-hdf5/neutron/Zn65.h5
 Reading Zn66 from /home/diogo/openmc_data/endfb-vii.1-hdf5/neutron/Zn66.h5
 Reading Zn67 from /home/diogo/openmc_data/endfb-vii.1-hdf5/neutron/Zn67.h5
 Reading Zn68 from /home/diogo/openmc_data/endfb-vii.1-hdf5/neutron/Zn68.h5
 Reading Zn70 from /home/diogo/openmc_data/endfb-vii.1-hdf5/neutron/Zn70.h5
 Reading Ga69 from /home/diogo/openmc_data/endfb-vii.1-hdf5/neutron/Ga69.h5
 Reading Ga71 from /home/diogo/openmc_data/endfb-vii.1-hdf5/neutron/Ga71.h5
 Reading Ge70 from /home/diogo/openmc_data/endfb-vii.1-hdf5/neutron/Ge70.h5
 Reading Ge72 from /home/diogo/openmc_data/endfb-vii.1-hdf5/neutron/Ge72.h5
 Reading Ge73 from /home/diogo/openmc_data/endfb-vii.1-hdf5/neutron/Ge73.h5
 Reading Ge74 from /home/diogo/openmc_data/endfb-vii.1-hdf5/neutron/Ge74.h5
 Reading Ge76 from /home/diogo/openmc_data/endfb-vii.1-hdf5/neutron/Ge76.h5
 Reading As74 from /home/diogo/openmc_data/endfb-vii.1-hdf5/neutron/As74.h5
 Reading As75 from /home/diogo/openmc_data/endfb-vii.1-hdf5/neutron/As75.h5
 Reading Se74 from /home/diogo/openmc_data/endfb-vii.1-hdf5/neutron/Se74.h5
 Reading Se76 from /home/diogo/openmc_data/endfb-vii.1-hdf5/neutron/Se76.h5
 Reading Se77 from /home/diogo/openmc_data/endfb-vii.1-hdf5/neutron/Se77.h5
 Reading Se78 from /home/diogo/openmc_data/endfb-vii.1-hdf5/neutron/Se78.h5
 Reading Se79 from /home/diogo/openmc_data/endfb-vii.1-hdf5/neutron/Se79.h5
 WARNING: Negative value(s) found on probability table for nuclide Se79 at 250K
 WARNING: Negative value(s) found on probability table for nuclide Se79 at 294K
 WARNING: Negative value(s) found on probability table for nuclide Se79 at 600K
 WARNING: Negative value(s) found on probability table for nuclide Se79 at 900K
 WARNING: Negative value(s) found on probability table for nuclide Se79 at 1200K
 Reading Se80 from /home/diogo/openmc_data/endfb-vii.1-hdf5/neutron/Se80.h5
 Reading Se82 from /home/diogo/openmc_data/endfb-vii.1-hdf5/neutron/Se82.h5
 Reading Br79 from /home/diogo/openmc_data/endfb-vii.1-hdf5/neutron/Br79.h5
 Reading Br81 from /home/diogo/openmc_data/endfb-vii.1-hdf5/neutron/Br81.h5
 Reading Kr78 from /home/diogo/openmc_data/endfb-vii.1-hdf5/neutron/Kr78.h5
 Reading Kr80 from /home/diogo/openmc_data/endfb-vii.1-hdf5/neutron/Kr80.h5
 Reading Kr82 from /home/diogo/openmc_data/endfb-vii.1-hdf5/neutron/Kr82.h5
 Reading Kr83 from /home/diogo/openmc_data/endfb-vii.1-hdf5/neutron/Kr83.h5
 Reading Kr84 from /home/diogo/openmc_data/endfb-vii.1-hdf5/neutron/Kr84.h5
 Reading Kr85 from /home/diogo/openmc_data/endfb-vii.1-hdf5/neutron/Kr85.h5
 Reading Kr86 from /home/diogo/openmc_data/endfb-vii.1-hdf5/neutron/Kr86.h5
 Reading Rb85 from /home/diogo/openmc_data/endfb-vii.1-hdf5/neutron/Rb85.h5
 Reading Rb86 from /home/diogo/openmc_data/endfb-vii.1-hdf5/neutron/Rb86.h5
 Reading Rb87 from /home/diogo/openmc_data/endfb-vii.1-hdf5/neutron/Rb87.h5
 Reading Sr84 from /home/diogo/openmc_data/endfb-vii.1-hdf5/neutron/Sr84.h5
 Reading Sr86 from /home/diogo/openmc_data/endfb-vii.1-hdf5/neutron/Sr86.h5
 Reading Sr87 from /home/diogo/openmc_data/endfb-vii.1-hdf5/neutron/Sr87.h5
 Reading Sr88 from /home/diogo/openmc_data/endfb-vii.1-hdf5/neutron/Sr88.h5
 Reading Sr89 from /home/diogo/openmc_data/endfb-vii.1-hdf5/neutron/Sr89.h5
 Reading Sr90 from /home/diogo/openmc_data/endfb-vii.1-hdf5/neutron/Sr90.h5
 Reading Y89 from /home/diogo/openmc_data/endfb-vii.1-hdf5/neutron/Y89.h5
 Reading Y90 from /home/diogo/openmc_data/endfb-vii.1-hdf5/neutron/Y90.h5
 Reading Y91 from /home/diogo/openmc_data/endfb-vii.1-hdf5/neutron/Y91.h5
 Reading Zr93 from /home/diogo/openmc_data/endfb-vii.1-hdf5/neutron/Zr93.h5
 Reading Zr95 from /home/diogo/openmc_data/endfb-vii.1-hdf5/neutron/Zr95.h5
 Reading Nb93 from /home/diogo/openmc_data/endfb-vii.1-hdf5/neutron/Nb93.h5
 Reading Nb94 from /home/diogo/openmc_data/endfb-vii.1-hdf5/neutron/Nb94.h5
 WARNING: Negative value(s) found on probability table for nuclide Nb94 at 250K
 WARNING: Negative value(s) found on probability table for nuclide Nb94 at 294K
 WARNING: Negative value(s) found on probability table for nuclide Nb94 at 600K
 WARNING: Negative value(s) found on probability table for nuclide Nb94 at 900K
 WARNING: Negative value(s) found on probability table for nuclide Nb94 at 1200K
 WARNING: Negative value(s) found on probability table for nuclide Nb94 at 2500K
 Reading Nb95 from /home/diogo/openmc_data/endfb-vii.1-hdf5/neutron/Nb95.h5
 WARNING: Negative value(s) found on probability table for nuclide Nb95 at 250K
 WARNING: Negative value(s) found on probability table for nuclide Nb95 at 294K
 WARNING: Negative value(s) found on probability table for nuclide Nb95 at 600K
 WARNING: Negative value(s) found on probability table for nuclide Nb95 at 900K
 WARNING: Negative value(s) found on probability table for nuclide Nb95 at 1200K
 Reading Mo92 from /home/diogo/openmc_data/endfb-vii.1-hdf5/neutron/Mo92.h5
 Reading Mo94 from /home/diogo/openmc_data/endfb-vii.1-hdf5/neutron/Mo94.h5
 Reading Mo95 from /home/diogo/openmc_data/endfb-vii.1-hdf5/neutron/Mo95.h5
 Reading Mo96 from /home/diogo/openmc_data/endfb-vii.1-hdf5/neutron/Mo96.h5
 Reading Mo97 from /home/diogo/openmc_data/endfb-vii.1-hdf5/neutron/Mo97.h5
 Reading Mo98 from /home/diogo/openmc_data/endfb-vii.1-hdf5/neutron/Mo98.h5
 Reading Mo99 from /home/diogo/openmc_data/endfb-vii.1-hdf5/neutron/Mo99.h5
 WARNING: Negative value(s) found on probability table for nuclide Mo99 at 250K
 WARNING: Negative value(s) found on probability table for nuclide Mo99 at 294K
 WARNING: Negative value(s) found on probability table for nuclide Mo99 at 600K
 WARNING: Negative value(s) found on probability table for nuclide Mo99 at 900K
 WARNING: Negative value(s) found on probability table for nuclide Mo99 at 1200K
 WARNING: Negative value(s) found on probability table for nuclide Mo99 at 2500K
 Reading Mo100 from /home/diogo/openmc_data/endfb-vii.1-hdf5/neutron/Mo100.h5
 Reading Tc99 from /home/diogo/openmc_data/endfb-vii.1-hdf5/neutron/Tc99.h5
 Reading Ru98 from /home/diogo/openmc_data/endfb-vii.1-hdf5/neutron/Ru98.h5
 Reading Ru99 from /home/diogo/openmc_data/endfb-vii.1-hdf5/neutron/Ru99.h5
 Reading Ru100 from /home/diogo/openmc_data/endfb-vii.1-hdf5/neutron/Ru100.h5
 Reading Ru101 from /home/diogo/openmc_data/endfb-vii.1-hdf5/neutron/Ru101.h5
 Reading Ru102 from /home/diogo/openmc_data/endfb-vii.1-hdf5/neutron/Ru102.h5
 Reading Ru103 from /home/diogo/openmc_data/endfb-vii.1-hdf5/neutron/Ru103.h5
 Reading Ru104 from /home/diogo/openmc_data/endfb-vii.1-hdf5/neutron/Ru104.h5
 Reading Ru105 from /home/diogo/openmc_data/endfb-vii.1-hdf5/neutron/Ru105.h5
 Reading Ru106 from /home/diogo/openmc_data/endfb-vii.1-hdf5/neutron/Ru106.h5
 Reading Rh103 from /home/diogo/openmc_data/endfb-vii.1-hdf5/neutron/Rh103.h5
 Reading Rh105 from /home/diogo/openmc_data/endfb-vii.1-hdf5/neutron/Rh105.h5
 Reading Pd102 from /home/diogo/openmc_data/endfb-vii.1-hdf5/neutron/Pd102.h5
 Reading Pd104 from /home/diogo/openmc_data/endfb-vii.1-hdf5/neutron/Pd104.h5
 Reading Pd105 from /home/diogo/openmc_data/endfb-vii.1-hdf5/neutron/Pd105.h5
 Reading Pd106 from /home/diogo/openmc_data/endfb-vii.1-hdf5/neutron/Pd106.h5
 Reading Pd107 from /home/diogo/openmc_data/endfb-vii.1-hdf5/neutron/Pd107.h5
 Reading Pd108 from /home/diogo/openmc_data/endfb-vii.1-hdf5/neutron/Pd108.h5
 Reading Pd110 from /home/diogo/openmc_data/endfb-vii.1-hdf5/neutron/Pd110.h5
 Reading Ag110_m1 from
 /home/diogo/openmc_data/endfb-vii.1-hdf5/neutron/Ag110_m1.h5
 Reading Ag111 from /home/diogo/openmc_data/endfb-vii.1-hdf5/neutron/Ag111.h5
 Reading Cd115_m1 from
 /home/diogo/openmc_data/endfb-vii.1-hdf5/neutron/Cd115_m1.h5
 Reading Sn113 from /home/diogo/openmc_data/endfb-vii.1-hdf5/neutron/Sn113.h5
 Reading Sn123 from /home/diogo/openmc_data/endfb-vii.1-hdf5/neutron/Sn123.h5
 WARNING: Negative value(s) found on probability table for nuclide Sn123 at 250K
 WARNING: Negative value(s) found on probability table for nuclide Sn123 at 294K
 WARNING: Negative value(s) found on probability table for nuclide Sn123 at 600K
 WARNING: Negative value(s) found on probability table for nuclide Sn123 at 900K
 WARNING: Negative value(s) found on probability table for nuclide Sn123 at
          1200K
 WARNING: Negative value(s) found on probability table for nuclide Sn123 at
          2500K
 Reading Sn125 from /home/diogo/openmc_data/endfb-vii.1-hdf5/neutron/Sn125.h5
 Reading Sn126 from /home/diogo/openmc_data/endfb-vii.1-hdf5/neutron/Sn126.h5
 Reading Sb121 from /home/diogo/openmc_data/endfb-vii.1-hdf5/neutron/Sb121.h5
 Reading Sb123 from /home/diogo/openmc_data/endfb-vii.1-hdf5/neutron/Sb123.h5
 Reading Sb124 from /home/diogo/openmc_data/endfb-vii.1-hdf5/neutron/Sb124.h5
 Reading Sb125 from /home/diogo/openmc_data/endfb-vii.1-hdf5/neutron/Sb125.h5
 Reading Sb126 from /home/diogo/openmc_data/endfb-vii.1-hdf5/neutron/Sb126.h5
 Reading Te120 from /home/diogo/openmc_data/endfb-vii.1-hdf5/neutron/Te120.h5
 WARNING: Negative value(s) found on probability table for nuclide Te120 at 600K
 WARNING: Negative value(s) found on probability table for nuclide Te120 at 900K
 WARNING: Negative value(s) found on probability table for nuclide Te120 at
          1200K
 WARNING: Negative value(s) found on probability table for nuclide Te120 at
          2500K
 Reading Te122 from /home/diogo/openmc_data/endfb-vii.1-hdf5/neutron/Te122.h5
 Reading Te123 from /home/diogo/openmc_data/endfb-vii.1-hdf5/neutron/Te123.h5
 Reading Te124 from /home/diogo/openmc_data/endfb-vii.1-hdf5/neutron/Te124.h5
 Reading Te125 from /home/diogo/openmc_data/endfb-vii.1-hdf5/neutron/Te125.h5
 Reading Te126 from /home/diogo/openmc_data/endfb-vii.1-hdf5/neutron/Te126.h5
 Reading Te127_m1 from
 /home/diogo/openmc_data/endfb-vii.1-hdf5/neutron/Te127_m1.h5
 Reading Te128 from /home/diogo/openmc_data/endfb-vii.1-hdf5/neutron/Te128.h5
 Reading Te129_m1 from
 /home/diogo/openmc_data/endfb-vii.1-hdf5/neutron/Te129_m1.h5
 Reading Te130 from /home/diogo/openmc_data/endfb-vii.1-hdf5/neutron/Te130.h5
 Reading Te132 from /home/diogo/openmc_data/endfb-vii.1-hdf5/neutron/Te132.h5
 Reading I127 from /home/diogo/openmc_data/endfb-vii.1-hdf5/neutron/I127.h5
 Reading I129 from /home/diogo/openmc_data/endfb-vii.1-hdf5/neutron/I129.h5
 Reading I130 from /home/diogo/openmc_data/endfb-vii.1-hdf5/neutron/I130.h5
 Reading I131 from /home/diogo/openmc_data/endfb-vii.1-hdf5/neutron/I131.h5
 WARNING: Negative value(s) found on probability table for nuclide I131 at 250K
 WARNING: Negative value(s) found on probability table for nuclide I131 at 294K
 WARNING: Negative value(s) found on probability table for nuclide I131 at 600K
 WARNING: Negative value(s) found on probability table for nuclide I131 at 900K
 WARNING: Negative value(s) found on probability table for nuclide I131 at 1200K
 WARNING: Negative value(s) found on probability table for nuclide I131 at 2500K
 Reading I135 from /home/diogo/openmc_data/endfb-vii.1-hdf5/neutron/I135.h5
 Reading Xe126 from /home/diogo/openmc_data/endfb-vii.1-hdf5/neutron/Xe126.h5
 Reading Xe128 from /home/diogo/openmc_data/endfb-vii.1-hdf5/neutron/Xe128.h5
 Reading Xe129 from /home/diogo/openmc_data/endfb-vii.1-hdf5/neutron/Xe129.h5
 Reading Xe130 from /home/diogo/openmc_data/endfb-vii.1-hdf5/neutron/Xe130.h5
 Reading Xe131 from /home/diogo/openmc_data/endfb-vii.1-hdf5/neutron/Xe131.h5
 Reading Xe132 from /home/diogo/openmc_data/endfb-vii.1-hdf5/neutron/Xe132.h5
 Reading Xe133 from /home/diogo/openmc_data/endfb-vii.1-hdf5/neutron/Xe133.h5
 WARNING: Negative value(s) found on probability table for nuclide Xe133 at
          2500K
 Reading Xe134 from /home/diogo/openmc_data/endfb-vii.1-hdf5/neutron/Xe134.h5
 Reading Xe135 from /home/diogo/openmc_data/endfb-vii.1-hdf5/neutron/Xe135.h5
 Reading Xe136 from /home/diogo/openmc_data/endfb-vii.1-hdf5/neutron/Xe136.h5
 Reading Cs133 from /home/diogo/openmc_data/endfb-vii.1-hdf5/neutron/Cs133.h5
 Reading Cs134 from /home/diogo/openmc_data/endfb-vii.1-hdf5/neutron/Cs134.h5
 Reading Cs135 from /home/diogo/openmc_data/endfb-vii.1-hdf5/neutron/Cs135.h5
 Reading Cs136 from /home/diogo/openmc_data/endfb-vii.1-hdf5/neutron/Cs136.h5
 WARNING: Negative value(s) found on probability table for nuclide Cs136 at 250K
 WARNING: Negative value(s) found on probability table for nuclide Cs136 at 294K
 WARNING: Negative value(s) found on probability table for nuclide Cs136 at 600K
 WARNING: Negative value(s) found on probability table for nuclide Cs136 at 900K
 WARNING: Negative value(s) found on probability table for nuclide Cs136 at
          1200K
 WARNING: Negative value(s) found on probability table for nuclide Cs136 at
          2500K
 Reading Cs137 from /home/diogo/openmc_data/endfb-vii.1-hdf5/neutron/Cs137.h5
 Reading Ba132 from /home/diogo/openmc_data/endfb-vii.1-hdf5/neutron/Ba132.h5
 Reading Ba133 from /home/diogo/openmc_data/endfb-vii.1-hdf5/neutron/Ba133.h5
 Reading Ba134 from /home/diogo/openmc_data/endfb-vii.1-hdf5/neutron/Ba134.h5
 Reading Ba135 from /home/diogo/openmc_data/endfb-vii.1-hdf5/neutron/Ba135.h5
 Reading Ba136 from /home/diogo/openmc_data/endfb-vii.1-hdf5/neutron/Ba136.h5
 Reading Ba137 from /home/diogo/openmc_data/endfb-vii.1-hdf5/neutron/Ba137.h5
 Reading Ba138 from /home/diogo/openmc_data/endfb-vii.1-hdf5/neutron/Ba138.h5
 Reading Ba140 from /home/diogo/openmc_data/endfb-vii.1-hdf5/neutron/Ba140.h5
 Reading La138 from /home/diogo/openmc_data/endfb-vii.1-hdf5/neutron/La138.h5
 Reading La139 from /home/diogo/openmc_data/endfb-vii.1-hdf5/neutron/La139.h5
 Reading La140 from /home/diogo/openmc_data/endfb-vii.1-hdf5/neutron/La140.h5
 Reading Ce138 from /home/diogo/openmc_data/endfb-vii.1-hdf5/neutron/Ce138.h5
 Reading Ce139 from /home/diogo/openmc_data/endfb-vii.1-hdf5/neutron/Ce139.h5
 Reading Ce140 from /home/diogo/openmc_data/endfb-vii.1-hdf5/neutron/Ce140.h5
 Reading Ce141 from /home/diogo/openmc_data/endfb-vii.1-hdf5/neutron/Ce141.h5
 Reading Ce142 from /home/diogo/openmc_data/endfb-vii.1-hdf5/neutron/Ce142.h5
 Reading Ce143 from /home/diogo/openmc_data/endfb-vii.1-hdf5/neutron/Ce143.h5
 Reading Ce144 from /home/diogo/openmc_data/endfb-vii.1-hdf5/neutron/Ce144.h5
 Reading Pr141 from /home/diogo/openmc_data/endfb-vii.1-hdf5/neutron/Pr141.h5
 Reading Pr142 from /home/diogo/openmc_data/endfb-vii.1-hdf5/neutron/Pr142.h5
 Reading Pr143 from /home/diogo/openmc_data/endfb-vii.1-hdf5/neutron/Pr143.h5
 Reading Nd142 from /home/diogo/openmc_data/endfb-vii.1-hdf5/neutron/Nd142.h5
 Reading Nd143 from /home/diogo/openmc_data/endfb-vii.1-hdf5/neutron/Nd143.h5
 Reading Nd144 from /home/diogo/openmc_data/endfb-vii.1-hdf5/neutron/Nd144.h5
 Reading Nd145 from /home/diogo/openmc_data/endfb-vii.1-hdf5/neutron/Nd145.h5
 Reading Nd146 from /home/diogo/openmc_data/endfb-vii.1-hdf5/neutron/Nd146.h5
 Reading Nd147 from /home/diogo/openmc_data/endfb-vii.1-hdf5/neutron/Nd147.h5
 Reading Nd148 from /home/diogo/openmc_data/endfb-vii.1-hdf5/neutron/Nd148.h5
 Reading Nd150 from /home/diogo/openmc_data/endfb-vii.1-hdf5/neutron/Nd150.h5
 Reading Pm147 from /home/diogo/openmc_data/endfb-vii.1-hdf5/neutron/Pm147.h5
 Reading Pm148 from /home/diogo/openmc_data/endfb-vii.1-hdf5/neutron/Pm148.h5
 Reading Pm148_m1 from
 /home/diogo/openmc_data/endfb-vii.1-hdf5/neutron/Pm148_m1.h5
 Reading Pm149 from /home/diogo/openmc_data/endfb-vii.1-hdf5/neutron/Pm149.h5
 Reading Pm151 from /home/diogo/openmc_data/endfb-vii.1-hdf5/neutron/Pm151.h5
 Reading Sm144 from /home/diogo/openmc_data/endfb-vii.1-hdf5/neutron/Sm144.h5
 Reading Sm147 from /home/diogo/openmc_data/endfb-vii.1-hdf5/neutron/Sm147.h5
 Reading Sm148 from /home/diogo/openmc_data/endfb-vii.1-hdf5/neutron/Sm148.h5
 Reading Sm149 from /home/diogo/openmc_data/endfb-vii.1-hdf5/neutron/Sm149.h5
 Reading Sm150 from /home/diogo/openmc_data/endfb-vii.1-hdf5/neutron/Sm150.h5
 Reading Sm151 from /home/diogo/openmc_data/endfb-vii.1-hdf5/neutron/Sm151.h5
 Reading Sm152 from /home/diogo/openmc_data/endfb-vii.1-hdf5/neutron/Sm152.h5
 Reading Sm153 from /home/diogo/openmc_data/endfb-vii.1-hdf5/neutron/Sm153.h5
 Reading Sm154 from /home/diogo/openmc_data/endfb-vii.1-hdf5/neutron/Sm154.h5
 Reading Eu151 from /home/diogo/openmc_data/endfb-vii.1-hdf5/neutron/Eu151.h5
 Reading Eu152 from /home/diogo/openmc_data/endfb-vii.1-hdf5/neutron/Eu152.h5
 Reading Eu153 from /home/diogo/openmc_data/endfb-vii.1-hdf5/neutron/Eu153.h5
 Reading Eu154 from /home/diogo/openmc_data/endfb-vii.1-hdf5/neutron/Eu154.h5
 Reading Eu155 from /home/diogo/openmc_data/endfb-vii.1-hdf5/neutron/Eu155.h5
 Reading Eu156 from /home/diogo/openmc_data/endfb-vii.1-hdf5/neutron/Eu156.h5
 WARNING: Negative value(s) found on probability table for nuclide Eu156 at 250K
 WARNING: Negative value(s) found on probability table for nuclide Eu156 at 294K
 WARNING: Negative value(s) found on probability table for nuclide Eu156 at 600K
 WARNING: Negative value(s) found on probability table for nuclide Eu156 at 900K
 WARNING: Negative value(s) found on probability table for nuclide Eu156 at
          1200K
 WARNING: Negative value(s) found on probability table for nuclide Eu156 at
          2500K
 Reading Eu157 from /home/diogo/openmc_data/endfb-vii.1-hdf5/neutron/Eu157.h5
 Reading Gd153 from /home/diogo/openmc_data/endfb-vii.1-hdf5/neutron/Gd153.h5
 Reading Tb159 from /home/diogo/openmc_data/endfb-vii.1-hdf5/neutron/Tb159.h5
 Reading Tb160 from /home/diogo/openmc_data/endfb-vii.1-hdf5/neutron/Tb160.h5
 Reading Dy156 from /home/diogo/openmc_data/endfb-vii.1-hdf5/neutron/Dy156.h5
 Reading Dy158 from /home/diogo/openmc_data/endfb-vii.1-hdf5/neutron/Dy158.h5
 Reading Dy160 from /home/diogo/openmc_data/endfb-vii.1-hdf5/neutron/Dy160.h5
 Reading Dy161 from /home/diogo/openmc_data/endfb-vii.1-hdf5/neutron/Dy161.h5
 Reading Dy162 from /home/diogo/openmc_data/endfb-vii.1-hdf5/neutron/Dy162.h5
 Reading Dy163 from /home/diogo/openmc_data/endfb-vii.1-hdf5/neutron/Dy163.h5
 Reading Dy164 from /home/diogo/openmc_data/endfb-vii.1-hdf5/neutron/Dy164.h5
 Reading Ho165 from /home/diogo/openmc_data/endfb-vii.1-hdf5/neutron/Ho165.h5
 Reading Ho166_m1 from
 /home/diogo/openmc_data/endfb-vii.1-hdf5/neutron/Ho166_m1.h5
 Reading Er162 from /home/diogo/openmc_data/endfb-vii.1-hdf5/neutron/Er162.h5
 Reading Er164 from /home/diogo/openmc_data/endfb-vii.1-hdf5/neutron/Er164.h5
 Reading Er166 from /home/diogo/openmc_data/endfb-vii.1-hdf5/neutron/Er166.h5
 Reading Er167 from /home/diogo/openmc_data/endfb-vii.1-hdf5/neutron/Er167.h5
 Reading Er168 from /home/diogo/openmc_data/endfb-vii.1-hdf5/neutron/Er168.h5
 Reading Er170 from /home/diogo/openmc_data/endfb-vii.1-hdf5/neutron/Er170.h5
 Reading Tm168 from /home/diogo/openmc_data/endfb-vii.1-hdf5/neutron/Tm168.h5
 Reading Tm169 from /home/diogo/openmc_data/endfb-vii.1-hdf5/neutron/Tm169.h5
 Reading Tm170 from /home/diogo/openmc_data/endfb-vii.1-hdf5/neutron/Tm170.h5
 Reading Ir191 from /home/diogo/openmc_data/endfb-vii.1-hdf5/neutron/Ir191.h5
 Reading Ir193 from /home/diogo/openmc_data/endfb-vii.1-hdf5/neutron/Ir193.h5
 Reading Hg198 from /home/diogo/openmc_data/endfb-vii.1-hdf5/neutron/Hg198.h5
 Reading Hg199 from /home/diogo/openmc_data/endfb-vii.1-hdf5/neutron/Hg199.h5
 Reading Hg200 from /home/diogo/openmc_data/endfb-vii.1-hdf5/neutron/Hg200.h5
 Reading Hg201 from /home/diogo/openmc_data/endfb-vii.1-hdf5/neutron/Hg201.h5
 Reading Hg202 from /home/diogo/openmc_data/endfb-vii.1-hdf5/neutron/Hg202.h5
 Reading Hg204 from /home/diogo/openmc_data/endfb-vii.1-hdf5/neutron/Hg204.h5
 Reading Tl203 from /home/diogo/openmc_data/endfb-vii.1-hdf5/neutron/Tl203.h5
 Reading Tl205 from /home/diogo/openmc_data/endfb-vii.1-hdf5/neutron/Tl205.h5
 Reading Pb204 from /home/diogo/openmc_data/endfb-vii.1-hdf5/neutron/Pb204.h5
 Reading Pb206 from /home/diogo/openmc_data/endfb-vii.1-hdf5/neutron/Pb206.h5
 Reading Pb207 from /home/diogo/openmc_data/endfb-vii.1-hdf5/neutron/Pb207.h5
 Reading Pb208 from /home/diogo/openmc_data/endfb-vii.1-hdf5/neutron/Pb208.h5
 Reading Bi209 from /home/diogo/openmc_data/endfb-vii.1-hdf5/neutron/Bi209.h5
 Reading Ra223 from /home/diogo/openmc_data/endfb-vii.1-hdf5/neutron/Ra223.h5
 Reading Ra224 from /home/diogo/openmc_data/endfb-vii.1-hdf5/neutron/Ra224.h5
 Reading Ra225 from /home/diogo/openmc_data/endfb-vii.1-hdf5/neutron/Ra225.h5
 Reading Ra226 from /home/diogo/openmc_data/endfb-vii.1-hdf5/neutron/Ra226.h5
 Reading Ac225 from /home/diogo/openmc_data/endfb-vii.1-hdf5/neutron/Ac225.h5
 Reading Ac226 from /home/diogo/openmc_data/endfb-vii.1-hdf5/neutron/Ac226.h5
 Reading Ac227 from /home/diogo/openmc_data/endfb-vii.1-hdf5/neutron/Ac227.h5
 Reading Th227 from /home/diogo/openmc_data/endfb-vii.1-hdf5/neutron/Th227.h5
 Reading Th228 from /home/diogo/openmc_data/endfb-vii.1-hdf5/neutron/Th228.h5
 Reading Th229 from /home/diogo/openmc_data/endfb-vii.1-hdf5/neutron/Th229.h5
 Reading Th230 from /home/diogo/openmc_data/endfb-vii.1-hdf5/neutron/Th230.h5
 Reading Th231 from /home/diogo/openmc_data/endfb-vii.1-hdf5/neutron/Th231.h5
 Reading Th232 from /home/diogo/openmc_data/endfb-vii.1-hdf5/neutron/Th232.h5
 Reading Th233 from /home/diogo/openmc_data/endfb-vii.1-hdf5/neutron/Th233.h5
 Reading Th234 from /home/diogo/openmc_data/endfb-vii.1-hdf5/neutron/Th234.h5
 Reading Pa229 from /home/diogo/openmc_data/endfb-vii.1-hdf5/neutron/Pa229.h5
 Reading Pa230 from /home/diogo/openmc_data/endfb-vii.1-hdf5/neutron/Pa230.h5
 Reading Pa231 from /home/diogo/openmc_data/endfb-vii.1-hdf5/neutron/Pa231.h5
 Reading Pa232 from /home/diogo/openmc_data/endfb-vii.1-hdf5/neutron/Pa232.h5
 Reading Pa233 from /home/diogo/openmc_data/endfb-vii.1-hdf5/neutron/Pa233.h5
 Reading U230 from /home/diogo/openmc_data/endfb-vii.1-hdf5/neutron/U230.h5
 Reading U231 from /home/diogo/openmc_data/endfb-vii.1-hdf5/neutron/U231.h5
 Reading U232 from /home/diogo/openmc_data/endfb-vii.1-hdf5/neutron/U232.h5
 Reading U233 from /home/diogo/openmc_data/endfb-vii.1-hdf5/neutron/U233.h5
 Reading U236 from /home/diogo/openmc_data/endfb-vii.1-hdf5/neutron/U236.h5
 Reading U237 from /home/diogo/openmc_data/endfb-vii.1-hdf5/neutron/U237.h5
 Reading U239 from /home/diogo/openmc_data/endfb-vii.1-hdf5/neutron/U239.h5
 Reading U240 from /home/diogo/openmc_data/endfb-vii.1-hdf5/neutron/U240.h5
 Reading U241 from /home/diogo/openmc_data/endfb-vii.1-hdf5/neutron/U241.h5
 Reading Np234 from /home/diogo/openmc_data/endfb-vii.1-hdf5/neutron/Np234.h5
 Reading Np235 from /home/diogo/openmc_data/endfb-vii.1-hdf5/neutron/Np235.h5
 Reading Np236 from /home/diogo/openmc_data/endfb-vii.1-hdf5/neutron/Np236.h5
 Reading Np237 from /home/diogo/openmc_data/endfb-vii.1-hdf5/neutron/Np237.h5
 Reading Np238 from /home/diogo/openmc_data/endfb-vii.1-hdf5/neutron/Np238.h5
 Reading Np239 from /home/diogo/openmc_data/endfb-vii.1-hdf5/neutron/Np239.h5
 Reading Pu236 from /home/diogo/openmc_data/endfb-vii.1-hdf5/neutron/Pu236.h5
 Reading Pu237 from /home/diogo/openmc_data/endfb-vii.1-hdf5/neutron/Pu237.h5
 Reading Pu238 from /home/diogo/openmc_data/endfb-vii.1-hdf5/neutron/Pu238.h5
 Reading Pu239 from /home/diogo/openmc_data/endfb-vii.1-hdf5/neutron/Pu239.h5
 Reading Pu240 from /home/diogo/openmc_data/endfb-vii.1-hdf5/neutron/Pu240.h5
 Reading Pu241 from /home/diogo/openmc_data/endfb-vii.1-hdf5/neutron/Pu241.h5
 Reading Pu242 from /home/diogo/openmc_data/endfb-vii.1-hdf5/neutron/Pu242.h5
 Reading Pu243 from /home/diogo/openmc_data/endfb-vii.1-hdf5/neutron/Pu243.h5
 Reading Pu244 from /home/diogo/openmc_data/endfb-vii.1-hdf5/neutron/Pu244.h5
 Reading Pu246 from /home/diogo/openmc_data/endfb-vii.1-hdf5/neutron/Pu246.h5
 Reading Am240 from /home/diogo/openmc_data/endfb-vii.1-hdf5/neutron/Am240.h5
 Reading Am241 from /home/diogo/openmc_data/endfb-vii.1-hdf5/neutron/Am241.h5
 Reading Am242 from /home/diogo/openmc_data/endfb-vii.1-hdf5/neutron/Am242.h5
 Reading Am242_m1 from
 /home/diogo/openmc_data/endfb-vii.1-hdf5/neutron/Am242_m1.h5
 Reading Am243 from /home/diogo/openmc_data/endfb-vii.1-hdf5/neutron/Am243.h5
 Reading Am244 from /home/diogo/openmc_data/endfb-vii.1-hdf5/neutron/Am244.h5
 Reading Am244_m1 from
 /home/diogo/openmc_data/endfb-vii.1-hdf5/neutron/Am244_m1.h5
 Reading Cm240 from /home/diogo/openmc_data/endfb-vii.1-hdf5/neutron/Cm240.h5
 Reading Cm241 from /home/diogo/openmc_data/endfb-vii.1-hdf5/neutron/Cm241.h5
 Reading Cm242 from /home/diogo/openmc_data/endfb-vii.1-hdf5/neutron/Cm242.h5
 Reading Cm243 from /home/diogo/openmc_data/endfb-vii.1-hdf5/neutron/Cm243.h5
 Reading Cm244 from /home/diogo/openmc_data/endfb-vii.1-hdf5/neutron/Cm244.h5
 Reading Cm245 from /home/diogo/openmc_data/endfb-vii.1-hdf5/neutron/Cm245.h5
 Reading Cm246 from /home/diogo/openmc_data/endfb-vii.1-hdf5/neutron/Cm246.h5
 Reading Cm247 from /home/diogo/openmc_data/endfb-vii.1-hdf5/neutron/Cm247.h5
 Reading Cm248 from /home/diogo/openmc_data/endfb-vii.1-hdf5/neutron/Cm248.h5
 Reading Cm249 from /home/diogo/openmc_data/endfb-vii.1-hdf5/neutron/Cm249.h5
 Reading Cm250 from /home/diogo/openmc_data/endfb-vii.1-hdf5/neutron/Cm250.h5
 Reading Bk245 from /home/diogo/openmc_data/endfb-vii.1-hdf5/neutron/Bk245.h5
 Reading Bk247 from /home/diogo/openmc_data/endfb-vii.1-hdf5/neutron/Bk247.h5
 Reading Bk248 from /home/diogo/openmc_data/endfb-vii.1-hdf5/neutron/Bk248.h5
 Reading Bk249 from /home/diogo/openmc_data/endfb-vii.1-hdf5/neutron/Bk249.h5
 Reading Bk250 from /home/diogo/openmc_data/endfb-vii.1-hdf5/neutron/Bk250.h5
 Reading Cf248 from /home/diogo/openmc_data/endfb-vii.1-hdf5/neutron/Cf248.h5
 Reading Cf249 from /home/diogo/openmc_data/endfb-vii.1-hdf5/neutron/Cf249.h5
 Reading Cf250 from /home/diogo/openmc_data/endfb-vii.1-hdf5/neutron/Cf250.h5
 WARNING: Negative value(s) found on probability table for nuclide Cf250 at 250K
 WARNING: Negative value(s) found on probability table for nuclide Cf250 at 294K
 WARNING: Negative value(s) found on probability table for nuclide Cf250 at 900K
 WARNING: Negative value(s) found on probability table for nuclide Cf250 at
          1200K
 Reading Cf251 from /home/diogo/openmc_data/endfb-vii.1-hdf5/neutron/Cf251.h5
 Reading Cf252 from /home/diogo/openmc_data/endfb-vii.1-hdf5/neutron/Cf252.h5
 Reading Cf253 from /home/diogo/openmc_data/endfb-vii.1-hdf5/neutron/Cf253.h5
 Reading Cf254 from /home/diogo/openmc_data/endfb-vii.1-hdf5/neutron/Cf254.h5
 Reading Es251 from /home/diogo/openmc_data/endfb-vii.1-hdf5/neutron/Es251.h5
 Reading Es252 from /home/diogo/openmc_data/endfb-vii.1-hdf5/neutron/Es252.h5
 Reading Es253 from /home/diogo/openmc_data/endfb-vii.1-hdf5/neutron/Es253.h5
 Reading Es254 from /home/diogo/openmc_data/endfb-vii.1-hdf5/neutron/Es254.h5
 Reading Es254_m1 from
 /home/diogo/openmc_data/endfb-vii.1-hdf5/neutron/Es254_m1.h5
 Reading Es255 from /home/diogo/openmc_data/endfb-vii.1-hdf5/neutron/Es255.h5
 Reading Fm255 from /home/diogo/openmc_data/endfb-vii.1-hdf5/neutron/Fm255.h5
 Reading Au197 from /home/diogo/openmc_data/endfb-vii.1-hdf5/neutron/Au197.h5
 Reading Hg196 from /home/diogo/openmc_data/endfb-vii.1-hdf5/neutron/Hg196.h5
 Reading Bk246 from /home/diogo/openmc_data/endfb-vii.1-hdf5/neutron/Bk246.h5
 Reading Hf178 from /home/diogo/openmc_data/endfb-vii.1-hdf5/neutron/Hf178.h5
 Reading Hf179 from /home/diogo/openmc_data/endfb-vii.1-hdf5/neutron/Hf179.h5
 Reading Hf180 from /home/diogo/openmc_data/endfb-vii.1-hdf5/neutron/Hf180.h5
 Reading W182 from /home/diogo/openmc_data/endfb-vii.1-hdf5/neutron/W182.h5
 Reading W183 from /home/diogo/openmc_data/endfb-vii.1-hdf5/neutron/W183.h5
 Reading W184 from /home/diogo/openmc_data/endfb-vii.1-hdf5/neutron/W184.h5
 Reading Xe123 from /home/diogo/openmc_data/endfb-vii.1-hdf5/neutron/Xe123.h5
 Reading Xe124 from /home/diogo/openmc_data/endfb-vii.1-hdf5/neutron/Xe124.h5
 Reading Ba130 from /home/diogo/openmc_data/endfb-vii.1-hdf5/neutron/Ba130.h5
 Reading Ce136 from /home/diogo/openmc_data/endfb-vii.1-hdf5/neutron/Ce136.h5
 Reading Lu175 from /home/diogo/openmc_data/endfb-vii.1-hdf5/neutron/Lu175.h5
 Reading Lu176 from /home/diogo/openmc_data/endfb-vii.1-hdf5/neutron/Lu176.h5
 Reading Hf176 from /home/diogo/openmc_data/endfb-vii.1-hdf5/neutron/Hf176.h5
 Reading Hf177 from /home/diogo/openmc_data/endfb-vii.1-hdf5/neutron/Hf177.h5
 Reading Ta180 from /home/diogo/openmc_data/endfb-vii.1-hdf5/neutron/Ta180.h5
 Reading Ta181 from /home/diogo/openmc_data/endfb-vii.1-hdf5/neutron/Ta181.h5
 Reading Ta182 from /home/diogo/openmc_data/endfb-vii.1-hdf5/neutron/Ta182.h5
 Reading W180 from /home/diogo/openmc_data/endfb-vii.1-hdf5/neutron/W180.h5
 Reading W186 from /home/diogo/openmc_data/endfb-vii.1-hdf5/neutron/W186.h5
 Reading Re185 from /home/diogo/openmc_data/endfb-vii.1-hdf5/neutron/Re185.h5
 Reading Re187 from /home/diogo/openmc_data/endfb-vii.1-hdf5/neutron/Re187.h5
 Reading Hf174 from /home/diogo/openmc_data/endfb-vii.1-hdf5/neutron/Hf174.h5
 Reading Ru96 from /home/diogo/openmc_data/endfb-vii.1-hdf5/neutron/Ru96.h5
 Reading Cf246 from /home/diogo/openmc_data/endfb-vii.1-hdf5/neutron/Cf246.h5
 Reading Be9 from /home/diogo/openmc_data/endfb-vii.1-hdf5/neutron/Be9.h5
 Reading Ca48 from /home/diogo/openmc_data/endfb-vii.1-hdf5/neutron/Ca48.h5
 Reading Co58_m1 from
 /home/diogo/openmc_data/endfb-vii.1-hdf5/neutron/Co58_m1.h5
 Maximum neutron transport energy: 20000000 eV for H1
 Initializing source particles...

 ====================>     K EIGENVALUE SIMULATION     <====================

  Bat./Gen.      k       Entropy         Average k 
  =========   ========   ========   ====================
        1/1    0.94217    5.53988
        2/1    0.94837    5.52101
        3/1    0.95442    5.49404
        4/1    0.95832    5.49004
        5/1    0.95913    5.48598
        6/1    0.97613    5.47297
        7/1    0.97878    5.48179
        8/1    0.95770    5.47799
        9/1    0.97366    5.46965
       10/1    0.95985    5.45652
       11/1    0.97492    5.46225
       12/1    0.95407    5.47466
       13/1    0.99372    5.47319
       14/1    0.96379    5.46056
       15/1    0.98424    5.47316
       16/1    0.97679    5.45483
       17/1    0.97463    5.46542
       18/1    0.98991    5.46324
       19/1    0.97838    5.46622
       20/1    0.98090    5.46531
       21/1    0.97955    5.46925
       22/1    0.98378    5.46521
       23/1    0.97978    5.47183
       24/1    0.97115    5.48478
       25/1    0.96103    5.47368
       26/1    0.98533    5.47398
       27/1    0.96649    5.46249
       28/1    0.98966    5.45983
       29/1    0.97863    5.46499
       30/1    0.99048    5.46700
       31/1    0.97564    5.46706
       32/1    0.96935    5.47245
       33/1    0.96833    5.46168
       34/1    0.97579    5.48363
       35/1    0.97319    5.46212
       36/1    0.96256    5.46568
       37/1    0.96887    5.47037
       38/1    0.96390    5.48078
       39/1    0.95906    5.48546
       40/1    0.97473    5.47132
       41/1    0.95798    5.46142
       42/1    0.96634    5.47818
       43/1    0.96826    5.46898
       44/1    0.96887    5.46558
       45/1    0.97885    5.47222
       46/1    0.97097    5.48327
       47/1    0.96125    5.48381
       48/1    0.96699    5.46623
       49/1    0.96667    5.47279
       50/1    0.97722    5.48795
       51/1    0.97015    5.47418
       52/1    0.98322    5.47614
       53/1    0.97645    5.47505
       54/1    0.95765    5.49021
       55/1    0.96195    5.47747
       56/1    0.97545    5.47673
       57/1    0.97447    5.46415
       58/1    0.98029    5.46093
       59/1    0.97907    5.46697
       60/1    0.97902    5.46715
       61/1    0.97631    5.46803
       62/1    0.96099    5.46131    0.96865 +/- 0.00766
       63/1    0.99008    5.47471    0.97579 +/- 0.00840
       64/1    0.96248    5.46604    0.97247 +/- 0.00681
       65/1    0.97868    5.46287    0.97371 +/- 0.00542
       66/1    0.96970    5.48106    0.97304 +/- 0.00447
       67/1    0.97117    5.46876    0.97277 +/- 0.00379
       68/1    0.97170    5.47217    0.97264 +/- 0.00329
       69/1    0.96134    5.47678    0.97138 +/- 0.00316
       70/1    0.97035    5.48082    0.97128 +/- 0.00283
       71/1    0.96017    5.47579    0.97027 +/- 0.00275
       72/1    0.98006    5.47412    0.97109 +/- 0.00264
       73/1    0.97476    5.48079    0.97137 +/- 0.00244
       74/1    0.97700    5.48173    0.97177 +/- 0.00230
       75/1    0.97030    5.48601    0.97167 +/- 0.00214
       76/1    0.95409    5.48898    0.97057 +/- 0.00229
       77/1    0.97294    5.47988    0.97071 +/- 0.00215
       78/1    0.99193    5.47469    0.97189 +/- 0.00235
       79/1    0.97100    5.47172    0.97184 +/- 0.00222
       80/1    0.97315    5.47349    0.97191 +/- 0.00211
       81/1    0.97766    5.46811    0.97218 +/- 0.00202
       82/1    0.96797    5.46405    0.97199 +/- 0.00194
       83/1    0.96338    5.48132    0.97162 +/- 0.00189
       84/1    0.95272    5.48907    0.97083 +/- 0.00197
       85/1    0.95895    5.48333    0.97036 +/- 0.00195
       86/1    0.97749    5.47593    0.97063 +/- 0.00189
       87/1    0.96599    5.48284    0.97046 +/- 0.00183
       88/1    0.96661    5.47788    0.97032 +/- 0.00177
       89/1    0.99206    5.47600    0.97107 +/- 0.00186
       90/1    0.96277    5.47105    0.97079 +/- 0.00182
       91/1    0.97267    5.46330    0.97085 +/- 0.00176
       92/1    0.98165    5.47283    0.97119 +/- 0.00174
       93/1    0.95592    5.46999    0.97073 +/- 0.00175
       94/1    0.97089    5.46076    0.97073 +/- 0.00170
       95/1    0.97508    5.46677    0.97086 +/- 0.00165
       96/1    0.97927    5.45864    0.97109 +/- 0.00162
       97/1    0.97874    5.48602    0.97130 +/- 0.00159
       98/1    0.98370    5.47328    0.97162 +/- 0.00158
       99/1    0.97480    5.47491    0.97171 +/- 0.00154
      100/1    0.97977    5.46948    0.97191 +/- 0.00152
      101/1    0.98254    5.48239    0.97217 +/- 0.00150
      102/1    0.97032    5.46836    0.97212 +/- 0.00147
      103/1    0.97413    5.47624    0.97217 +/- 0.00143
      104/1    0.97802    5.47285    0.97230 +/- 0.00141
      105/1    0.96647    5.47451    0.97217 +/- 0.00138
      106/1    0.96597    5.47925    0.97204 +/- 0.00136
      107/1    0.97941    5.46147    0.97219 +/- 0.00134
      108/1    0.97133    5.45743    0.97218 +/- 0.00131
      109/1    0.98625    5.46508    0.97246 +/- 0.00132
      110/1    0.96957    5.47549    0.97241 +/- 0.00129
      111/1    0.95971    5.47185    0.97216 +/- 0.00129
      112/1    0.97868    5.47480    0.97228 +/- 0.00127
      113/1    0.98181    5.46902    0.97246 +/- 0.00126
      114/1    0.96435    5.46775    0.97231 +/- 0.00124
      115/1    0.97694    5.47720    0.97240 +/- 0.00122
      116/1    0.97582    5.47393    0.97246 +/- 0.00120
      117/1    0.95088    5.47332    0.97208 +/- 0.00124
      118/1    0.97742    5.47695    0.97217 +/- 0.00122
      119/1    0.97030    5.47505    0.97214 +/- 0.00120
      120/1    0.96101    5.47896    0.97195 +/- 0.00120
      121/1    0.97327    5.46959    0.97198 +/- 0.00118
      122/1    0.97238    5.47149    0.97198 +/- 0.00116
      123/1    0.96406    5.47994    0.97186 +/- 0.00115
      124/1    0.98424    5.48366    0.97205 +/- 0.00115
      125/1    0.97324    5.48107    0.97207 +/- 0.00113
      126/1    0.97595    5.46836    0.97213 +/- 0.00111
      127/1    0.98886    5.48081    0.97238 +/- 0.00112
      128/1    0.98023    5.47739    0.97249 +/- 0.00111
      129/1    0.96731    5.47338    0.97242 +/- 0.00110
      130/1    0.97394    5.47487    0.97244 +/- 0.00108
      131/1    0.97675    5.48463    0.97250 +/- 0.00107
      132/1    0.96753    5.46993    0.97243 +/- 0.00106
      133/1    0.98201    5.47328    0.97256 +/- 0.00105
      134/1    0.96098    5.47035    0.97241 +/- 0.00105
      135/1    0.98557    5.47401    0.97258 +/- 0.00105
      136/1    0.97351    5.47147    0.97259 +/- 0.00104
      137/1    0.96435    5.46883    0.97249 +/- 0.00103
      138/1    0.96437    5.47095    0.97238 +/- 0.00102
      139/1    0.98444    5.46746    0.97253 +/- 0.00102
      140/1    0.97916    5.47230    0.97262 +/- 0.00101
      141/1    0.97997    5.48273    0.97271 +/- 0.00100
      142/1    0.98186    5.48507    0.97282 +/- 0.00099
      143/1    0.98804    5.47776    0.97300 +/- 0.00100
      144/1    0.97667    5.48020    0.97305 +/- 0.00099
      145/1    0.96241    5.46766    0.97292 +/- 0.00098
      146/1    0.96768    5.47869    0.97286 +/- 0.00097
      147/1    0.98669    5.48033    0.97302 +/- 0.00098
      148/1    0.97591    5.47700    0.97305 +/- 0.00097
      149/1    0.98437    5.47192    0.97318 +/- 0.00096
      150/1    0.97543    5.46704    0.97320 +/- 0.00095
      151/1    0.97608    5.46771    0.97324 +/- 0.00094
      152/1    0.98563    5.47018    0.97337 +/- 0.00094
      153/1    0.97807    5.46358    0.97342 +/- 0.00093
      154/1    0.98003    5.45345    0.97349 +/- 0.00093
      155/1    0.97734    5.47433    0.97353 +/- 0.00092
      156/1    0.96928    5.48456    0.97349 +/- 0.00091
      157/1    0.97781    5.45929    0.97353 +/- 0.00090
      158/1    0.99432    5.45680    0.97374 +/- 0.00092
      159/1    0.96017    5.45525    0.97361 +/- 0.00092
      160/1    0.96308    5.45695    0.97350 +/- 0.00091
 Creating state point statepoint.160.h5...

 =======================>     TIMING STATISTICS     <=======================

 Total time for initialization     = 5.4131e+01 seconds
   Reading cross sections          = 7.7544e+00 seconds
 Total time in simulation          = 3.8665e+02 seconds
   Time in transport only          = 3.8549e+02 seconds
   Time in inactive batches        = 1.0612e+02 seconds
   Time in active batches          = 2.8053e+02 seconds
   Time synchronizing fission bank = 2.9202e-01 seconds
     Sampling source sites         = 2.5431e-01 seconds
     SEND/RECV source sites        = 3.6964e-02 seconds
   Time accumulating tallies       = 6.0206e-01 seconds
   Time writing statepoints        = 2.4470e-02 seconds
 Total time for finalization       = 1.5787e-02 seconds
 Total time elapsed                = 4.4124e+02 seconds
 Calculation Rate (inactive)       = 11308.2 particles/second
 Calculation Rate (active)         = 7129.32 particles/second

 ============================>     RESULTS     <============================

 k-effective (Collision)     = 0.97369 +/- 0.00072
 k-effective (Track-length)  = 0.97350 +/- 0.00091
 k-effective (Absorption)    = 0.97273 +/- 0.00071
 Combined k-effective        = 0.97320 +/- 0.00063
 Leakage Fraction            = 0.00761 +/- 0.00006

 Creating state point openmc_simulation_n6.h5...
[openmc.deplete] t=186069731.2168078 (final operator evaluation)
 Maximum neutron transport energy: 20000000 eV for H1
 Initializing source particles...

 ====================>     K EIGENVALUE SIMULATION     <====================

  Bat./Gen.      k       Entropy         Average k 
  =========   ========   ========   ====================
        1/1    0.90683    5.55136
        2/1    0.92738    5.52497
        3/1    0.93166    5.50710
        4/1    0.94342    5.50273
        5/1    0.94256    5.48218
        6/1    0.93800    5.49507
        7/1    0.97002    5.49216
        8/1    0.95147    5.48861
        9/1    0.95875    5.48002
       10/1    0.95277    5.47568
       11/1    0.94552    5.47777
       12/1    0.95912    5.46855
       13/1    0.94070    5.47551
       14/1    0.94525    5.48234
       15/1    0.94876    5.48564
       16/1    0.94057    5.50532
       17/1    0.94898    5.49348
       18/1    0.95183    5.49681
       19/1    0.96041    5.48259
       20/1    0.94774    5.48800
       21/1    0.94346    5.47448
       22/1    0.93903    5.47141
       23/1    0.94095    5.46561
       24/1    0.94937    5.49070
       25/1    0.95889    5.49572
       26/1    0.94987    5.46879
       27/1    0.94905    5.47730
       28/1    0.96233    5.47074
       29/1    0.95214    5.47130
       30/1    0.93330    5.47503
       31/1    0.95623    5.46987
       32/1    0.93783    5.48633
       33/1    0.96583    5.48236
       34/1    0.94797    5.49598
       35/1    0.94903    5.49259
       36/1    0.95590    5.49013
       37/1    0.96198    5.48021
       38/1    0.94496    5.49541
       39/1    0.94794    5.49333
       40/1    0.93991    5.49527
       41/1    0.95542    5.49993
       42/1    0.95108    5.48287
       43/1    0.92952    5.48636
       44/1    0.94843    5.49685
       45/1    0.95474    5.48898
       46/1    0.94836    5.48242
       47/1    0.94598    5.49254
       48/1    0.94585    5.48138
       49/1    0.94617    5.48203
       50/1    0.93863    5.48790
       51/1    0.94776    5.47905
       52/1    0.95797    5.47719
       53/1    0.94391    5.49028
       54/1    0.94245    5.49265
       55/1    0.96542    5.48467
       56/1    0.95270    5.48817
       57/1    0.94442    5.49799
       58/1    0.93717    5.50246
       59/1    0.95187    5.50237
       60/1    0.94732    5.50669
       61/1    0.95308    5.49642
       62/1    0.94493    5.49946    0.94900 +/- 0.00408
       63/1    0.97401    5.49947    0.95734 +/- 0.00866
       64/1    0.93837    5.49738    0.95260 +/- 0.00775
       65/1    0.94050    5.48757    0.95018 +/- 0.00647
       66/1    0.92787    5.48947    0.94646 +/- 0.00646
       67/1    0.93624    5.48503    0.94500 +/- 0.00565
       68/1    0.95552    5.48472    0.94632 +/- 0.00507
       69/1    0.95736    5.49252    0.94754 +/- 0.00464
       70/1    0.94870    5.48888    0.94766 +/- 0.00415
       71/1    0.94964    5.48485    0.94784 +/- 0.00376
       72/1    0.94871    5.50279    0.94791 +/- 0.00343
       73/1    0.94834    5.49590    0.94794 +/- 0.00315
       74/1    0.94703    5.49147    0.94788 +/- 0.00292
       75/1    0.93631    5.47590    0.94711 +/- 0.00283
       76/1    0.95619    5.47559    0.94768 +/- 0.00270
       77/1    0.95420    5.47529    0.94806 +/- 0.00257
       78/1    0.94331    5.48362    0.94779 +/- 0.00244
       79/1    0.95117    5.47319    0.94797 +/- 0.00231
       80/1    0.94423    5.46180    0.94779 +/- 0.00220
       81/1    0.95743    5.47704    0.94824 +/- 0.00214
       82/1    0.94683    5.47583    0.94818 +/- 0.00204
       83/1    0.93914    5.48811    0.94779 +/- 0.00199
       84/1    0.94830    5.47566    0.94781 +/- 0.00191
       85/1    0.93778    5.49492    0.94741 +/- 0.00187
       86/1    0.94625    5.48913    0.94736 +/- 0.00180
       87/1    0.93643    5.48524    0.94696 +/- 0.00178
       88/1    0.96571    5.47980    0.94763 +/- 0.00184
       89/1    0.95264    5.48357    0.94780 +/- 0.00178
       90/1    0.94968    5.47649    0.94786 +/- 0.00173
       91/1    0.95322    5.49549    0.94804 +/- 0.00168
       92/1    0.94514    5.47254    0.94795 +/- 0.00163
       93/1    0.95187    5.45550    0.94806 +/- 0.00158
       94/1    0.94421    5.47315    0.94795 +/- 0.00154
       95/1    0.95370    5.47923    0.94812 +/- 0.00150
       96/1    0.95171    5.48744    0.94822 +/- 0.00146
       97/1    0.93866    5.48414    0.94796 +/- 0.00145
       98/1    0.94223    5.48110    0.94781 +/- 0.00142
       99/1    0.94095    5.45986    0.94763 +/- 0.00139
      100/1    0.93933    5.47306    0.94742 +/- 0.00137
      101/1    0.95410    5.45922    0.94759 +/- 0.00135
      102/1    0.96960    5.47188    0.94811 +/- 0.00142
      103/1    0.95084    5.47486    0.94817 +/- 0.00138
      104/1    0.95771    5.47343    0.94839 +/- 0.00137
      105/1    0.95531    5.48653    0.94854 +/- 0.00135
      106/1    0.96107    5.47168    0.94882 +/- 0.00135
      107/1    0.95385    5.48731    0.94892 +/- 0.00132
      108/1    0.96013    5.47613    0.94916 +/- 0.00131
      109/1    0.96481    5.49240    0.94948 +/- 0.00133
      110/1    0.93744    5.46621    0.94924 +/- 0.00132
      111/1    0.95152    5.46859    0.94928 +/- 0.00130
      112/1    0.95398    5.46848    0.94937 +/- 0.00127
      113/1    0.95010    5.47896    0.94938 +/- 0.00125
      114/1    0.94777    5.47970    0.94935 +/- 0.00123
      115/1    0.94375    5.46322    0.94925 +/- 0.00121
      116/1    0.94307    5.48452    0.94914 +/- 0.00119
      117/1    0.94042    5.47044    0.94899 +/- 0.00118
      118/1    0.95656    5.48642    0.94912 +/- 0.00117
      119/1    0.95160    5.50202    0.94916 +/- 0.00115
      120/1    0.95271    5.49095    0.94922 +/- 0.00113
      121/1    0.96559    5.48640    0.94949 +/- 0.00114
      122/1    0.95185    5.49063    0.94953 +/- 0.00113
      123/1    0.94308    5.49238    0.94943 +/- 0.00111
      124/1    0.94119    5.48906    0.94930 +/- 0.00110
      125/1    0.94755    5.48889    0.94927 +/- 0.00109
      126/1    0.93976    5.48705    0.94913 +/- 0.00108
      127/1    0.96957    5.49981    0.94943 +/- 0.00111
      128/1    0.94329    5.49798    0.94934 +/- 0.00109
      129/1    0.94532    5.48605    0.94928 +/- 0.00108
      130/1    0.95688    5.48838    0.94939 +/- 0.00107
      131/1    0.94725    5.48559    0.94936 +/- 0.00105
      132/1    0.95654    5.49309    0.94946 +/- 0.00104
      133/1    0.94454    5.49743    0.94939 +/- 0.00103
      134/1    0.94489    5.47598    0.94933 +/- 0.00102
      135/1    0.95389    5.48568    0.94939 +/- 0.00101
      136/1    0.94122    5.47770    0.94929 +/- 0.00100
      137/1    0.94036    5.47825    0.94917 +/- 0.00099
      138/1    0.95660    5.48172    0.94926 +/- 0.00099
      139/1    0.95380    5.49208    0.94932 +/- 0.00097
      140/1    0.96250    5.48420    0.94949 +/- 0.00098
      141/1    0.96264    5.48711    0.94965 +/- 0.00098
      142/1    0.95585    5.47886    0.94972 +/- 0.00097
      143/1    0.94105    5.48514    0.94962 +/- 0.00096
      144/1    0.94449    5.47892    0.94956 +/- 0.00095
      145/1    0.93391    5.47614    0.94937 +/- 0.00096
      146/1    0.94702    5.47733    0.94935 +/- 0.00095
      147/1    0.95371    5.48425    0.94940 +/- 0.00094
      148/1    0.94795    5.48944    0.94938 +/- 0.00093
      149/1    0.95765    5.47969    0.94947 +/- 0.00092
      150/1    0.95837    5.47928    0.94957 +/- 0.00092
      151/1    0.94754    5.49232    0.94955 +/- 0.00091
      152/1    0.94079    5.48867    0.94946 +/- 0.00090
      153/1    0.95369    5.48189    0.94950 +/- 0.00089
      154/1    0.96570    5.48481    0.94967 +/- 0.00090
      155/1    0.96452    5.48246    0.94983 +/- 0.00091
      156/1    0.94984    5.47802    0.94983 +/- 0.00090
      157/1    0.94864    5.49190    0.94982 +/- 0.00089
      158/1    0.93398    5.46987    0.94966 +/- 0.00089
      159/1    0.94762    5.49232    0.94964 +/- 0.00088
      160/1    0.94928    5.48758    0.94963 +/- 0.00087
 Creating state point statepoint.160.h5...

 =======================>     TIMING STATISTICS     <=======================

 Total time for initialization     = 0.0000e+00 seconds
   Reading cross sections          = 0.0000e+00 seconds
 Total time in simulation          = 3.5799e+02 seconds
   Time in transport only          = 3.5695e+02 seconds
   Time in inactive batches        = 9.9793e+01 seconds
   Time in active batches          = 2.5819e+02 seconds
   Time synchronizing fission bank = 2.8425e-01 seconds
     Sampling source sites         = 2.4535e-01 seconds
     SEND/RECV source sites        = 3.8137e-02 seconds
   Time accumulating tallies       = 4.8248e-01 seconds
   Time writing statepoints        = 1.5453e-02 seconds
 Total time for finalization       = 1.0854e-02 seconds
 Total time elapsed                = 3.5848e+02 seconds
 Calculation Rate (inactive)       = 12024.9 particles/second
 Calculation Rate (active)         = 7746.14 particles/second

 ============================>     RESULTS     <============================

 k-effective (Collision)     = 0.95019 +/- 0.00073
 k-effective (Track-length)  = 0.94963 +/- 0.00087
 k-effective (Absorption)    = 0.95055 +/- 0.00075
 Combined k-effective        = 0.95023 +/- 0.00063
 Leakage Fraction            = 0.00786 +/- 0.00006

 Creating state point openmc_simulation_n7.h5...
      chunk 1: B  21.50 MWd/kgHM k 0.95023 (target 0.97152) [53.4 min]
[d72] EFPD 1782.3 d (archive 2293.1), c_max 1559 (archive 1559), hump +0 pcm [8 solves, 0.89 h]
done; run --analyse
=== Check 3: three-dimensional depletion, one material set per axial layer
C9-69  (8 layers)
  cycle length   3D  1895.2 d (sigma 6.7)   archive  2297.1 d   difference -401.9 d   margins over 1826: 3D +69, archive +471
  k_eff BOL      3D 1.05093 (s.d. 64 pcm)   2D archive 1.08273   L_ax at BOL 1.0303   (table 1.0289)
  hump (3D)      +0 pcm (no floor -1950)   archive +0
  c_max          3D 2268 ppm   archive 2268   difference +0 ppm
  (the values marked 'last' are at the last computed state, B = 21.5 MWd/kgHM, past the end of cycle at B = 18.9)
  F_dH           BOL 1.611  max 1.677  last 1.595   F_z BOL 1.440  max 1.440  last 1.184   AO BOL -0.004  last -0.017   entropy conv. max 54
  layer burnup at the last state [MWd/kgHM], bottom to top: 12.3 21.0 26.2 28.1 28.5 25.4 19.9 10.5   (max/mean 1.326)
  solves 8, wall 0.89 h
C9-70  (8 layers)
  cycle length   3D  1837.9 d (sigma 9.1)   archive  2279.7 d   difference -441.7 d   margins over 1826: 3D +12, archive +454
  k_eff BOL      3D 1.02286 (s.d. 75 pcm)   2D archive 1.05268   L_ax at BOL 1.0292   (table 1.0289)
  hump (3D)      +0 pcm (no floor -927)   archive +0
  c_max          3D 1840 ppm   archive 1840   difference +0 ppm
  (the values marked 'last' are at the last computed state, B = 21.5 MWd/kgHM, past the end of cycle at B = 18.3)
  F_dH           BOL 1.669  max 1.706  last 1.557   F_z BOL 1.443  max 1.443  last 1.184   AO BOL -0.006  last -0.025   entropy conv. max 161
  layer burnup at the last state [MWd/kgHM], bottom to top: 12.0 20.9 26.4 28.5 28.8 25.5 19.6 10.2   (max/mean 1.341)
  solves 8, wall 0.89 h
C9-72  (8 layers)
  cycle length   3D  1782.3 d (sigma 10.2)   archive  2293.1 d   difference -510.9 d   margins over 1826: 3D -44, archive +467
  k_eff BOL      3D 1.00506 (s.d. 54 pcm)   2D archive 1.03486   L_ax at BOL 1.0296   (table 1.0289)
  hump (3D)      +0 pcm (no floor -908)   archive +0
  c_max          3D 1559 ppm   archive 1559   difference +0 ppm
  (the values marked 'last' are at the last computed state, B = 21.5 MWd/kgHM, past the end of cycle at B = 17.8)
  F_dH           BOL 1.667  max 1.702  last 1.642   F_z BOL 1.440  max 1.447  last 1.201   AO BOL -0.025  last -0.019   entropy conv. max 161
  layer burnup at the last state [MWd/kgHM], bottom to top: 11.9 20.9 26.5 28.7 29.1 25.4 19.4 10.0   (max/mean 1.352)
  solves 8, wall 0.89 h
=== Check 3: three-dimensional depletion, one material set per axial layer
C9-69  (8 layers)
  cycle length   3D  1895.2 d (sigma 6.7)   archive  2297.1 d   difference -401.9 d   margins over 1826: 3D +69, archive +471
  k_eff BOL      3D 1.05093 (s.d. 64 pcm)   2D archive 1.08273   L_ax at BOL 1.0303   (table 1.0289)
  hump (3D)      +0 pcm (no floor -1950)   archive +0
  c_max          3D 2268 ppm   archive 2268   difference +0 ppm
  (the values marked 'last' are at the last computed state, B = 21.5 MWd/kgHM, past the end of cycle at B = 18.9)
  F_dH           BOL 1.611  max 1.677  last 1.595   F_z BOL 1.440  max 1.440  last 1.184   AO BOL -0.004  last -0.017   entropy conv. max 54
  layer burnup at the last state [MWd/kgHM], bottom to top: 12.3 21.0 26.2 28.1 28.5 25.4 19.9 10.5   (max/mean 1.326)
  solves 8, wall 0.89 h
C9-70  (8 layers)
  cycle length   3D  1837.9 d (sigma 9.1)   archive  2279.7 d   difference -441.7 d   margins over 1826: 3D +12, archive +454
  k_eff BOL      3D 1.02286 (s.d. 75 pcm)   2D archive 1.05268   L_ax at BOL 1.0292   (table 1.0289)
  hump (3D)      +0 pcm (no floor -927)   archive +0
  c_max          3D 1840 ppm   archive 1840   difference +0 ppm
  (the values marked 'last' are at the last computed state, B = 21.5 MWd/kgHM, past the end of cycle at B = 18.3)
  F_dH           BOL 1.669  max 1.706  last 1.557   F_z BOL 1.443  max 1.443  last 1.184   AO BOL -0.006  last -0.025   entropy conv. max 161
  layer burnup at the last state [MWd/kgHM], bottom to top: 12.0 20.9 26.4 28.5 28.8 25.5 19.6 10.2   (max/mean 1.341)
  solves 8, wall 0.89 h
C9-72  (8 layers)
  cycle length   3D  1782.3 d (sigma 10.2)   archive  2293.1 d   difference -510.9 d   margins over 1826: 3D -44, archive +467
  k_eff BOL      3D 1.00506 (s.d. 54 pcm)   2D archive 1.03486   L_ax at BOL 1.0296   (table 1.0289)
  hump (3D)      +0 pcm (no floor -908)   archive +0
  c_max          3D 1559 ppm   archive 1559   difference +0 ppm
  (the values marked 'last' are at the last computed state, B = 21.5 MWd/kgHM, past the end of cycle at B = 17.8)
  F_dH           BOL 1.667  max 1.702  last 1.642   F_z BOL 1.440  max 1.447  last 1.201   AO BOL -0.025  last -0.019   entropy conv. max 161
  layer burnup at the last state [MWd/kgHM], bottom to top: 11.9 20.9 26.5 28.7 29.1 25.4 19.4 10.0   (max/mean 1.352)
  solves 8, wall 0.89 h
