C:\Users\diogo\AppData\Roaming\Python\Python310\site-packages\sklearn\gaussian_process\kernels.py:440: ConvergenceWarning: The optimal value found for dimension 0 of parameter k2__noise_level is close to the specified lower bound 1e-08. Decreasing the bound and calling fit again may find a better value.
  warnings.warn(
C:\Users\diogo\AppData\Roaming\Python\Python310\site-packages\sklearn\gaussian_process\kernels.py:450: ConvergenceWarning: The optimal value found for dimension 2 of parameter k1__k2__length_scale is close to the specified upper bound 1000.0. Increasing the bound and calling fit again may find a better value.
  warnings.warn(
C:\Users\diogo\AppData\Roaming\Python\Python310\site-packages\sklearn\gaussian_process\kernels.py:440: ConvergenceWarning: The optimal value found for dimension 0 of parameter k2__noise_level is close to the specified lower bound 1e-08. Decreasing the bound and calling fit again may find a better value.
  warnings.warn(
C:\Users\diogo\AppData\Roaming\Python\Python310\site-packages\sklearn\gaussian_process\_gpr.py:663: ConvergenceWarning: lbfgs failed to converge after 17 iteration(s) (status=2):
ABNORMAL: 

You might also want to scale the data as shown in:
    https://scikit-learn.org/stable/modules/preprocessing.html
  _check_optimize_result("lbfgs", opt_res)
C:\Users\diogo\AppData\Roaming\Python\Python310\site-packages\sklearn\gaussian_process\kernels.py:450: ConvergenceWarning: The optimal value found for dimension 1 of parameter k1__k2__length_scale is close to the specified upper bound 1000.0. Increasing the bound and calling fit again may find a better value.
  warnings.warn(
C:\Users\diogo\AppData\Roaming\Python\Python310\site-packages\sklearn\gaussian_process\kernels.py:450: ConvergenceWarning: The optimal value found for dimension 2 of parameter k1__k2__length_scale is close to the specified upper bound 1000.0. Increasing the bound and calling fit again may find a better value.
  warnings.warn(
C:\Users\diogo\AppData\Roaming\Python\Python310\site-packages\sklearn\gaussian_process\kernels.py:450: ConvergenceWarning: The optimal value found for dimension 3 of parameter k1__k2__length_scale is close to the specified upper bound 1000.0. Increasing the bound and calling fit again may find a better value.
  warnings.warn(
C:\Users\diogo\AppData\Roaming\Python\Python310\site-packages\sklearn\gaussian_process\kernels.py:440: ConvergenceWarning: The optimal value found for dimension 0 of parameter k2__noise_level is close to the specified lower bound 1e-08. Decreasing the bound and calling fit again may find a better value.
  warnings.warn(
C:\Users\diogo\AppData\Roaming\Python\Python310\site-packages\sklearn\gaussian_process\kernels.py:440: ConvergenceWarning: The optimal value found for dimension 0 of parameter k2__noise_level is close to the specified lower bound 1e-08. Decreasing the bound and calling fit again may find a better value.
  warnings.warn(
C:\Users\diogo\AppData\Roaming\Python\Python310\site-packages\sklearn\gaussian_process\_gpr.py:663: ConvergenceWarning: lbfgs failed to converge after 12 iteration(s) (status=2):
ABNORMAL: 

You might also want to scale the data as shown in:
    https://scikit-learn.org/stable/modules/preprocessing.html
  _check_optimize_result("lbfgs", opt_res)
C:\Users\diogo\AppData\Roaming\Python\Python310\site-packages\sklearn\gaussian_process\_gpr.py:663: ConvergenceWarning: lbfgs failed to converge after 9 iteration(s) (status=2):
ABNORMAL: 

You might also want to scale the data as shown in:
    https://scikit-learn.org/stable/modules/preprocessing.html
  _check_optimize_result("lbfgs", opt_res)
C:\Users\diogo\AppData\Roaming\Python\Python310\site-packages\sklearn\gaussian_process\kernels.py:450: ConvergenceWarning: The optimal value found for dimension 0 of parameter k1__k2__length_scale is close to the specified upper bound 1000.0. Increasing the bound and calling fit again may find a better value.
  warnings.warn(
C:\Users\diogo\AppData\Roaming\Python\Python310\site-packages\sklearn\gaussian_process\kernels.py:450: ConvergenceWarning: The optimal value found for dimension 1 of parameter k1__k2__length_scale is close to the specified upper bound 1000.0. Increasing the bound and calling fit again may find a better value.
  warnings.warn(
C:\Users\diogo\AppData\Roaming\Python\Python310\site-packages\sklearn\gaussian_process\kernels.py:450: ConvergenceWarning: The optimal value found for dimension 3 of parameter k1__k2__length_scale is close to the specified upper bound 1000.0. Increasing the bound and calling fit again may find a better value.
  warnings.warn(
C:\Users\diogo\AppData\Roaming\Python\Python310\site-packages\sklearn\gaussian_process\kernels.py:440: ConvergenceWarning: The optimal value found for dimension 0 of parameter k2__noise_level is close to the specified lower bound 1e-08. Decreasing the bound and calling fit again may find a better value.
  warnings.warn(
C:\Users\diogo\AppData\Roaming\Python\Python310\site-packages\sklearn\gaussian_process\kernels.py:450: ConvergenceWarning: The optimal value found for dimension 2 of parameter k1__k2__length_scale is close to the specified upper bound 1000.0. Increasing the bound and calling fit again may find a better value.
  warnings.warn(
C:\Users\diogo\AppData\Roaming\Python\Python310\site-packages\sklearn\gaussian_process\kernels.py:440: ConvergenceWarning: The optimal value found for dimension 0 of parameter k2__noise_level is close to the specified lower bound 1e-08. Decreasing the bound and calling fit again may find a better value.
  warnings.warn(
C:\Users\diogo\AppData\Roaming\Python\Python310\site-packages\sklearn\gaussian_process\kernels.py:450: ConvergenceWarning: The optimal value found for dimension 2 of parameter k1__k2__length_scale is close to the specified upper bound 1000.0. Increasing the bound and calling fit again may find a better value.
  warnings.warn(
C:\Users\diogo\AppData\Roaming\Python\Python310\site-packages\sklearn\gaussian_process\_gpr.py:663: ConvergenceWarning: lbfgs failed to converge after 17 iteration(s) (status=2):
ABNORMAL: 

You might also want to scale the data as shown in:
    https://scikit-learn.org/stable/modules/preprocessing.html
  _check_optimize_result("lbfgs", opt_res)
C:\Users\diogo\AppData\Roaming\Python\Python310\site-packages\sklearn\gaussian_process\kernels.py:450: ConvergenceWarning: The optimal value found for dimension 1 of parameter k1__k2__length_scale is close to the specified upper bound 1000.0. Increasing the bound and calling fit again may find a better value.
  warnings.warn(
C:\Users\diogo\AppData\Roaming\Python\Python310\site-packages\sklearn\gaussian_process\kernels.py:450: ConvergenceWarning: The optimal value found for dimension 2 of parameter k1__k2__length_scale is close to the specified upper bound 1000.0. Increasing the bound and calling fit again may find a better value.
  warnings.warn(
C:\Users\diogo\AppData\Roaming\Python\Python310\site-packages\sklearn\gaussian_process\kernels.py:450: ConvergenceWarning: The optimal value found for dimension 3 of parameter k1__k2__length_scale is close to the specified upper bound 1000.0. Increasing the bound and calling fit again may find a better value.
  warnings.warn(
C:\Users\diogo\AppData\Roaming\Python\Python310\site-packages\sklearn\gaussian_process\kernels.py:440: ConvergenceWarning: The optimal value found for dimension 0 of parameter k2__noise_level is close to the specified lower bound 1e-08. Decreasing the bound and calling fit again may find a better value.
  warnings.warn(
C:\Users\diogo\AppData\Roaming\Python\Python310\site-packages\sklearn\gaussian_process\_gpr.py:663: ConvergenceWarning: lbfgs failed to converge after 13 iteration(s) (status=2):
ABNORMAL: 

You might also want to scale the data as shown in:
    https://scikit-learn.org/stable/modules/preprocessing.html
  _check_optimize_result("lbfgs", opt_res)
C:\Users\diogo\AppData\Roaming\Python\Python310\site-packages\sklearn\gaussian_process\kernels.py:450: ConvergenceWarning: The optimal value found for dimension 0 of parameter k1__k2__length_scale is close to the specified upper bound 1000.0. Increasing the bound and calling fit again may find a better value.
  warnings.warn(
C:\Users\diogo\AppData\Roaming\Python\Python310\site-packages\sklearn\gaussian_process\kernels.py:450: ConvergenceWarning: The optimal value found for dimension 1 of parameter k1__k2__length_scale is close to the specified upper bound 1000.0. Increasing the bound and calling fit again may find a better value.
  warnings.warn(
C:\Users\diogo\AppData\Roaming\Python\Python310\site-packages\sklearn\gaussian_process\kernels.py:450: ConvergenceWarning: The optimal value found for dimension 3 of parameter k1__k2__length_scale is close to the specified upper bound 1000.0. Increasing the bound and calling fit again may find a better value.
  warnings.warn(
C:\Users\diogo\AppData\Roaming\Python\Python310\site-packages\sklearn\gaussian_process\kernels.py:440: ConvergenceWarning: The optimal value found for dimension 0 of parameter k2__noise_level is close to the specified lower bound 1e-08. Decreasing the bound and calling fit again may find a better value.
  warnings.warn(
C:\Users\diogo\AppData\Roaming\Python\Python310\site-packages\sklearn\gaussian_process\kernels.py:450: ConvergenceWarning: The optimal value found for dimension 2 of parameter k1__k2__length_scale is close to the specified upper bound 1000.0. Increasing the bound and calling fit again may find a better value.
  warnings.warn(
C:\Users\diogo\AppData\Roaming\Python\Python310\site-packages\sklearn\gaussian_process\kernels.py:450: ConvergenceWarning: The optimal value found for dimension 2 of parameter k1__k2__length_scale is close to the specified upper bound 1000.0. Increasing the bound and calling fit again may find a better value.
  warnings.warn(
C:\Users\diogo\AppData\Roaming\Python\Python310\site-packages\sklearn\gaussian_process\_gpr.py:663: ConvergenceWarning: lbfgs failed to converge after 16 iteration(s) (status=2):
ABNORMAL: 

You might also want to scale the data as shown in:
    https://scikit-learn.org/stable/modules/preprocessing.html
  _check_optimize_result("lbfgs", opt_res)
C:\Users\diogo\AppData\Roaming\Python\Python310\site-packages\sklearn\gaussian_process\_gpr.py:663: ConvergenceWarning: lbfgs failed to converge after 30 iteration(s) (status=2):
ABNORMAL: 

You might also want to scale the data as shown in:
    https://scikit-learn.org/stable/modules/preprocessing.html
  _check_optimize_result("lbfgs", opt_res)
C:\Users\diogo\AppData\Roaming\Python\Python310\site-packages\sklearn\gaussian_process\_gpr.py:663: ConvergenceWarning: lbfgs failed to converge after 15 iteration(s) (status=2):
ABNORMAL: 

You might also want to scale the data as shown in:
    https://scikit-learn.org/stable/modules/preprocessing.html
  _check_optimize_result("lbfgs", opt_res)
C:\Users\diogo\AppData\Roaming\Python\Python310\site-packages\sklearn\gaussian_process\kernels.py:450: ConvergenceWarning: The optimal value found for dimension 1 of parameter k1__k2__length_scale is close to the specified upper bound 1000.0. Increasing the bound and calling fit again may find a better value.
  warnings.warn(
C:\Users\diogo\AppData\Roaming\Python\Python310\site-packages\sklearn\gaussian_process\kernels.py:450: ConvergenceWarning: The optimal value found for dimension 2 of parameter k1__k2__length_scale is close to the specified upper bound 1000.0. Increasing the bound and calling fit again may find a better value.
  warnings.warn(
C:\Users\diogo\AppData\Roaming\Python\Python310\site-packages\sklearn\gaussian_process\kernels.py:450: ConvergenceWarning: The optimal value found for dimension 3 of parameter k1__k2__length_scale is close to the specified upper bound 1000.0. Increasing the bound and calling fit again may find a better value.
  warnings.warn(
C:\Users\diogo\AppData\Roaming\Python\Python310\site-packages\sklearn\gaussian_process\kernels.py:440: ConvergenceWarning: The optimal value found for dimension 0 of parameter k2__noise_level is close to the specified lower bound 1e-08. Decreasing the bound and calling fit again may find a better value.
  warnings.warn(
C:\Users\diogo\AppData\Roaming\Python\Python310\site-packages\sklearn\gaussian_process\_gpr.py:663: ConvergenceWarning: lbfgs failed to converge after 13 iteration(s) (status=2):
ABNORMAL: 

You might also want to scale the data as shown in:
    https://scikit-learn.org/stable/modules/preprocessing.html
  _check_optimize_result("lbfgs", opt_res)
C:\Users\diogo\AppData\Roaming\Python\Python310\site-packages\sklearn\gaussian_process\_gpr.py:663: ConvergenceWarning: lbfgs failed to converge after 16 iteration(s) (status=2):
ABNORMAL: 

You might also want to scale the data as shown in:
    https://scikit-learn.org/stable/modules/preprocessing.html
  _check_optimize_result("lbfgs", opt_res)
C:\Users\diogo\AppData\Roaming\Python\Python310\site-packages\sklearn\gaussian_process\kernels.py:450: ConvergenceWarning: The optimal value found for dimension 0 of parameter k1__k2__length_scale is close to the specified upper bound 1000.0. Increasing the bound and calling fit again may find a better value.
  warnings.warn(
C:\Users\diogo\AppData\Roaming\Python\Python310\site-packages\sklearn\gaussian_process\kernels.py:450: ConvergenceWarning: The optimal value found for dimension 1 of parameter k1__k2__length_scale is close to the specified upper bound 1000.0. Increasing the bound and calling fit again may find a better value.
  warnings.warn(
C:\Users\diogo\AppData\Roaming\Python\Python310\site-packages\sklearn\gaussian_process\kernels.py:450: ConvergenceWarning: The optimal value found for dimension 3 of parameter k1__k2__length_scale is close to the specified upper bound 1000.0. Increasing the bound and calling fit again may find a better value.
  warnings.warn(
C:\Users\diogo\AppData\Roaming\Python\Python310\site-packages\sklearn\gaussian_process\kernels.py:440: ConvergenceWarning: The optimal value found for dimension 0 of parameter k2__noise_level is close to the specified lower bound 1e-08. Decreasing the bound and calling fit again may find a better value.
  warnings.warn(
C:\Users\diogo\AppData\Roaming\Python\Python310\site-packages\sklearn\gaussian_process\kernels.py:450: ConvergenceWarning: The optimal value found for dimension 2 of parameter k1__k2__length_scale is close to the specified upper bound 1000.0. Increasing the bound and calling fit again may find a better value.
  warnings.warn(
C:\Users\diogo\AppData\Roaming\Python\Python310\site-packages\sklearn\gaussian_process\kernels.py:440: ConvergenceWarning: The optimal value found for dimension 0 of parameter k2__noise_level is close to the specified lower bound 1e-08. Decreasing the bound and calling fit again may find a better value.
  warnings.warn(
C:\Users\diogo\AppData\Roaming\Python\Python310\site-packages\sklearn\gaussian_process\kernels.py:450: ConvergenceWarning: The optimal value found for dimension 2 of parameter k1__k2__length_scale is close to the specified upper bound 1000.0. Increasing the bound and calling fit again may find a better value.
  warnings.warn(
C:\Users\diogo\AppData\Roaming\Python\Python310\site-packages\sklearn\gaussian_process\_gpr.py:663: ConvergenceWarning: lbfgs failed to converge after 13 iteration(s) (status=2):
ABNORMAL: 

You might also want to scale the data as shown in:
    https://scikit-learn.org/stable/modules/preprocessing.html
  _check_optimize_result("lbfgs", opt_res)
C:\Users\diogo\AppData\Roaming\Python\Python310\site-packages\sklearn\gaussian_process\_gpr.py:663: ConvergenceWarning: lbfgs failed to converge after 15 iteration(s) (status=2):
ABNORMAL: 

You might also want to scale the data as shown in:
    https://scikit-learn.org/stable/modules/preprocessing.html
  _check_optimize_result("lbfgs", opt_res)
C:\Users\diogo\AppData\Roaming\Python\Python310\site-packages\sklearn\gaussian_process\_gpr.py:663: ConvergenceWarning: lbfgs failed to converge after 31 iteration(s) (status=2):
ABNORMAL: 

You might also want to scale the data as shown in:
    https://scikit-learn.org/stable/modules/preprocessing.html
  _check_optimize_result("lbfgs", opt_res)
C:\Users\diogo\AppData\Roaming\Python\Python310\site-packages\sklearn\gaussian_process\kernels.py:450: ConvergenceWarning: The optimal value found for dimension 1 of parameter k1__k2__length_scale is close to the specified upper bound 1000.0. Increasing the bound and calling fit again may find a better value.
  warnings.warn(
C:\Users\diogo\AppData\Roaming\Python\Python310\site-packages\sklearn\gaussian_process\kernels.py:450: ConvergenceWarning: The optimal value found for dimension 2 of parameter k1__k2__length_scale is close to the specified upper bound 1000.0. Increasing the bound and calling fit again may find a better value.
  warnings.warn(
C:\Users\diogo\AppData\Roaming\Python\Python310\site-packages\sklearn\gaussian_process\kernels.py:450: ConvergenceWarning: The optimal value found for dimension 3 of parameter k1__k2__length_scale is close to the specified upper bound 1000.0. Increasing the bound and calling fit again may find a better value.
  warnings.warn(
C:\Users\diogo\AppData\Roaming\Python\Python310\site-packages\sklearn\gaussian_process\kernels.py:440: ConvergenceWarning: The optimal value found for dimension 0 of parameter k2__noise_level is close to the specified lower bound 1e-08. Decreasing the bound and calling fit again may find a better value.
  warnings.warn(
C:\Users\diogo\AppData\Roaming\Python\Python310\site-packages\sklearn\gaussian_process\_gpr.py:663: ConvergenceWarning: lbfgs failed to converge after 12 iteration(s) (status=2):
ABNORMAL: 

You might also want to scale the data as shown in:
    https://scikit-learn.org/stable/modules/preprocessing.html
  _check_optimize_result("lbfgs", opt_res)
C:\Users\diogo\AppData\Roaming\Python\Python310\site-packages\sklearn\gaussian_process\_gpr.py:663: ConvergenceWarning: lbfgs failed to converge after 11 iteration(s) (status=2):
ABNORMAL: 

You might also want to scale the data as shown in:
    https://scikit-learn.org/stable/modules/preprocessing.html
  _check_optimize_result("lbfgs", opt_res)
C:\Users\diogo\AppData\Roaming\Python\Python310\site-packages\sklearn\gaussian_process\kernels.py:450: ConvergenceWarning: The optimal value found for dimension 0 of parameter k1__k2__length_scale is close to the specified upper bound 1000.0. Increasing the bound and calling fit again may find a better value.
  warnings.warn(
C:\Users\diogo\AppData\Roaming\Python\Python310\site-packages\sklearn\gaussian_process\kernels.py:450: ConvergenceWarning: The optimal value found for dimension 1 of parameter k1__k2__length_scale is close to the specified upper bound 1000.0. Increasing the bound and calling fit again may find a better value.
  warnings.warn(
C:\Users\diogo\AppData\Roaming\Python\Python310\site-packages\sklearn\gaussian_process\kernels.py:450: ConvergenceWarning: The optimal value found for dimension 3 of parameter k1__k2__length_scale is close to the specified upper bound 1000.0. Increasing the bound and calling fit again may find a better value.
  warnings.warn(
C:\Users\diogo\AppData\Roaming\Python\Python310\site-packages\sklearn\gaussian_process\kernels.py:440: ConvergenceWarning: The optimal value found for dimension 0 of parameter k2__noise_level is close to the specified lower bound 1e-08. Decreasing the bound and calling fit again may find a better value.
  warnings.warn(
C:\Users\diogo\AppData\Roaming\Python\Python310\site-packages\sklearn\gaussian_process\kernels.py:450: ConvergenceWarning: The optimal value found for dimension 2 of parameter k1__k2__length_scale is close to the specified upper bound 1000.0. Increasing the bound and calling fit again may find a better value.
  warnings.warn(
C:\Users\diogo\AppData\Roaming\Python\Python310\site-packages\sklearn\gaussian_process\kernels.py:450: ConvergenceWarning: The optimal value found for dimension 2 of parameter k1__k2__length_scale is close to the specified upper bound 1000.0. Increasing the bound and calling fit again may find a better value.
  warnings.warn(
C:\Users\diogo\AppData\Roaming\Python\Python310\site-packages\sklearn\gaussian_process\_gpr.py:663: ConvergenceWarning: lbfgs failed to converge after 28 iteration(s) (status=2):
ABNORMAL: 

You might also want to scale the data as shown in:
    https://scikit-learn.org/stable/modules/preprocessing.html
  _check_optimize_result("lbfgs", opt_res)
C:\Users\diogo\AppData\Roaming\Python\Python310\site-packages\sklearn\gaussian_process\_gpr.py:663: ConvergenceWarning: lbfgs failed to converge after 13 iteration(s) (status=2):
ABNORMAL: 

You might also want to scale the data as shown in:
    https://scikit-learn.org/stable/modules/preprocessing.html
  _check_optimize_result("lbfgs", opt_res)
C:\Users\diogo\AppData\Roaming\Python\Python310\site-packages\sklearn\gaussian_process\_gpr.py:663: ConvergenceWarning: lbfgs failed to converge after 16 iteration(s) (status=2):
ABNORMAL: 

You might also want to scale the data as shown in:
    https://scikit-learn.org/stable/modules/preprocessing.html
  _check_optimize_result("lbfgs", opt_res)
C:\Users\diogo\AppData\Roaming\Python\Python310\site-packages\sklearn\gaussian_process\_gpr.py:663: ConvergenceWarning: lbfgs failed to converge after 33 iteration(s) (status=2):
ABNORMAL: 

You might also want to scale the data as shown in:
    https://scikit-learn.org/stable/modules/preprocessing.html
  _check_optimize_result("lbfgs", opt_res)
C:\Users\diogo\AppData\Roaming\Python\Python310\site-packages\sklearn\gaussian_process\_gpr.py:663: ConvergenceWarning: lbfgs failed to converge after 15 iteration(s) (status=2):
ABNORMAL: 

You might also want to scale the data as shown in:
    https://scikit-learn.org/stable/modules/preprocessing.html
  _check_optimize_result("lbfgs", opt_res)
C:\Users\diogo\AppData\Roaming\Python\Python310\site-packages\sklearn\gaussian_process\kernels.py:450: ConvergenceWarning: The optimal value found for dimension 1 of parameter k1__k2__length_scale is close to the specified upper bound 1000.0. Increasing the bound and calling fit again may find a better value.
  warnings.warn(
C:\Users\diogo\AppData\Roaming\Python\Python310\site-packages\sklearn\gaussian_process\kernels.py:450: ConvergenceWarning: The optimal value found for dimension 2 of parameter k1__k2__length_scale is close to the specified upper bound 1000.0. Increasing the bound and calling fit again may find a better value.
  warnings.warn(
C:\Users\diogo\AppData\Roaming\Python\Python310\site-packages\sklearn\gaussian_process\kernels.py:450: ConvergenceWarning: The optimal value found for dimension 3 of parameter k1__k2__length_scale is close to the specified upper bound 1000.0. Increasing the bound and calling fit again may find a better value.
  warnings.warn(
C:\Users\diogo\AppData\Roaming\Python\Python310\site-packages\sklearn\gaussian_process\kernels.py:440: ConvergenceWarning: The optimal value found for dimension 0 of parameter k2__noise_level is close to the specified lower bound 1e-08. Decreasing the bound and calling fit again may find a better value.
  warnings.warn(
C:\Users\diogo\AppData\Roaming\Python\Python310\site-packages\sklearn\gaussian_process\_gpr.py:663: ConvergenceWarning: lbfgs failed to converge after 11 iteration(s) (status=2):
ABNORMAL: 

You might also want to scale the data as shown in:
    https://scikit-learn.org/stable/modules/preprocessing.html
  _check_optimize_result("lbfgs", opt_res)
C:\Users\diogo\AppData\Roaming\Python\Python310\site-packages\sklearn\gaussian_process\_gpr.py:663: ConvergenceWarning: lbfgs failed to converge after 14 iteration(s) (status=2):
ABNORMAL: 

You might also want to scale the data as shown in:
    https://scikit-learn.org/stable/modules/preprocessing.html
  _check_optimize_result("lbfgs", opt_res)
C:\Users\diogo\AppData\Roaming\Python\Python310\site-packages\sklearn\gaussian_process\_gpr.py:663: ConvergenceWarning: lbfgs failed to converge after 15 iteration(s) (status=2):
ABNORMAL: 

You might also want to scale the data as shown in:
    https://scikit-learn.org/stable/modules/preprocessing.html
  _check_optimize_result("lbfgs", opt_res)
C:\Users\diogo\AppData\Roaming\Python\Python310\site-packages\sklearn\gaussian_process\_gpr.py:663: ConvergenceWarning: lbfgs failed to converge after 16 iteration(s) (status=2):
ABNORMAL: 

You might also want to scale the data as shown in:
    https://scikit-learn.org/stable/modules/preprocessing.html
  _check_optimize_result("lbfgs", opt_res)
C:\Users\diogo\AppData\Roaming\Python\Python310\site-packages\sklearn\gaussian_process\kernels.py:450: ConvergenceWarning: The optimal value found for dimension 0 of parameter k1__k2__length_scale is close to the specified upper bound 1000.0. Increasing the bound and calling fit again may find a better value.
  warnings.warn(
C:\Users\diogo\AppData\Roaming\Python\Python310\site-packages\sklearn\gaussian_process\kernels.py:450: ConvergenceWarning: The optimal value found for dimension 1 of parameter k1__k2__length_scale is close to the specified upper bound 1000.0. Increasing the bound and calling fit again may find a better value.
  warnings.warn(
C:\Users\diogo\AppData\Roaming\Python\Python310\site-packages\sklearn\gaussian_process\kernels.py:450: ConvergenceWarning: The optimal value found for dimension 3 of parameter k1__k2__length_scale is close to the specified upper bound 1000.0. Increasing the bound and calling fit again may find a better value.
  warnings.warn(
C:\Users\diogo\AppData\Roaming\Python\Python310\site-packages\sklearn\gaussian_process\kernels.py:440: ConvergenceWarning: The optimal value found for dimension 0 of parameter k2__noise_level is close to the specified lower bound 1e-08. Decreasing the bound and calling fit again may find a better value.
  warnings.warn(
C:\Users\diogo\AppData\Roaming\Python\Python310\site-packages\sklearn\gaussian_process\kernels.py:450: ConvergenceWarning: The optimal value found for dimension 3 of parameter k1__k2__length_scale is close to the specified upper bound 1000.0. Increasing the bound and calling fit again may find a better value.
  warnings.warn(
C:\Users\diogo\AppData\Roaming\Python\Python310\site-packages\sklearn\gaussian_process\kernels.py:450: ConvergenceWarning: The optimal value found for dimension 2 of parameter k1__k2__length_scale is close to the specified upper bound 1000.0. Increasing the bound and calling fit again may find a better value.
  warnings.warn(
C:\Users\diogo\AppData\Roaming\Python\Python310\site-packages\sklearn\gaussian_process\_gpr.py:663: ConvergenceWarning: lbfgs failed to converge after 15 iteration(s) (status=2):
ABNORMAL: 

You might also want to scale the data as shown in:
    https://scikit-learn.org/stable/modules/preprocessing.html
  _check_optimize_result("lbfgs", opt_res)
C:\Users\diogo\AppData\Roaming\Python\Python310\site-packages\sklearn\gaussian_process\_gpr.py:663: ConvergenceWarning: lbfgs failed to converge after 12 iteration(s) (status=2):
ABNORMAL: 

You might also want to scale the data as shown in:
    https://scikit-learn.org/stable/modules/preprocessing.html
  _check_optimize_result("lbfgs", opt_res)
C:\Users\diogo\AppData\Roaming\Python\Python310\site-packages\sklearn\gaussian_process\_gpr.py:663: ConvergenceWarning: lbfgs failed to converge after 13 iteration(s) (status=2):
ABNORMAL: 

You might also want to scale the data as shown in:
    https://scikit-learn.org/stable/modules/preprocessing.html
  _check_optimize_result("lbfgs", opt_res)
C:\Users\diogo\AppData\Roaming\Python\Python310\site-packages\sklearn\gaussian_process\kernels.py:450: ConvergenceWarning: The optimal value found for dimension 1 of parameter k1__k2__length_scale is close to the specified upper bound 1000.0. Increasing the bound and calling fit again may find a better value.
  warnings.warn(
C:\Users\diogo\AppData\Roaming\Python\Python310\site-packages\sklearn\gaussian_process\kernels.py:450: ConvergenceWarning: The optimal value found for dimension 2 of parameter k1__k2__length_scale is close to the specified upper bound 1000.0. Increasing the bound and calling fit again may find a better value.
  warnings.warn(
C:\Users\diogo\AppData\Roaming\Python\Python310\site-packages\sklearn\gaussian_process\kernels.py:450: ConvergenceWarning: The optimal value found for dimension 3 of parameter k1__k2__length_scale is close to the specified upper bound 1000.0. Increasing the bound and calling fit again may find a better value.
  warnings.warn(
C:\Users\diogo\AppData\Roaming\Python\Python310\site-packages\sklearn\gaussian_process\kernels.py:440: ConvergenceWarning: The optimal value found for dimension 0 of parameter k2__noise_level is close to the specified lower bound 1e-08. Decreasing the bound and calling fit again may find a better value.
  warnings.warn(
C:\Users\diogo\AppData\Roaming\Python\Python310\site-packages\sklearn\gaussian_process\_gpr.py:663: ConvergenceWarning: lbfgs failed to converge after 16 iteration(s) (status=2):
ABNORMAL: 

You might also want to scale the data as shown in:
    https://scikit-learn.org/stable/modules/preprocessing.html
  _check_optimize_result("lbfgs", opt_res)
C:\Users\diogo\AppData\Roaming\Python\Python310\site-packages\sklearn\gaussian_process\_gpr.py:663: ConvergenceWarning: lbfgs failed to converge after 11 iteration(s) (status=2):
ABNORMAL: 

You might also want to scale the data as shown in:
    https://scikit-learn.org/stable/modules/preprocessing.html
  _check_optimize_result("lbfgs", opt_res)
C:\Users\diogo\AppData\Roaming\Python\Python310\site-packages\sklearn\gaussian_process\_gpr.py:663: ConvergenceWarning: lbfgs failed to converge after 12 iteration(s) (status=2):
ABNORMAL: 

You might also want to scale the data as shown in:
    https://scikit-learn.org/stable/modules/preprocessing.html
  _check_optimize_result("lbfgs", opt_res)
C:\Users\diogo\AppData\Roaming\Python\Python310\site-packages\sklearn\gaussian_process\kernels.py:450: ConvergenceWarning: The optimal value found for dimension 0 of parameter k1__k2__length_scale is close to the specified upper bound 1000.0. Increasing the bound and calling fit again may find a better value.
  warnings.warn(
C:\Users\diogo\AppData\Roaming\Python\Python310\site-packages\sklearn\gaussian_process\kernels.py:450: ConvergenceWarning: The optimal value found for dimension 1 of parameter k1__k2__length_scale is close to the specified upper bound 1000.0. Increasing the bound and calling fit again may find a better value.
  warnings.warn(
C:\Users\diogo\AppData\Roaming\Python\Python310\site-packages\sklearn\gaussian_process\kernels.py:450: ConvergenceWarning: The optimal value found for dimension 3 of parameter k1__k2__length_scale is close to the specified upper bound 1000.0. Increasing the bound and calling fit again may find a better value.
  warnings.warn(
C:\Users\diogo\AppData\Roaming\Python\Python310\site-packages\sklearn\gaussian_process\kernels.py:440: ConvergenceWarning: The optimal value found for dimension 0 of parameter k2__noise_level is close to the specified lower bound 1e-08. Decreasing the bound and calling fit again may find a better value.
  warnings.warn(
C:\Users\diogo\AppData\Roaming\Python\Python310\site-packages\sklearn\gaussian_process\kernels.py:450: ConvergenceWarning: The optimal value found for dimension 3 of parameter k1__k2__length_scale is close to the specified upper bound 1000.0. Increasing the bound and calling fit again may find a better value.
  warnings.warn(
C:\Users\diogo\AppData\Roaming\Python\Python310\site-packages\sklearn\gaussian_process\kernels.py:440: ConvergenceWarning: The optimal value found for dimension 0 of parameter k2__noise_level is close to the specified lower bound 1e-08. Decreasing the bound and calling fit again may find a better value.
  warnings.warn(
C:\Users\diogo\AppData\Roaming\Python\Python310\site-packages\sklearn\gaussian_process\kernels.py:450: ConvergenceWarning: The optimal value found for dimension 2 of parameter k1__k2__length_scale is close to the specified upper bound 1000.0. Increasing the bound and calling fit again may find a better value.
  warnings.warn(
C:\Users\diogo\AppData\Roaming\Python\Python310\site-packages\sklearn\gaussian_process\kernels.py:440: ConvergenceWarning: The optimal value found for dimension 0 of parameter k2__noise_level is close to the specified lower bound 1e-08. Decreasing the bound and calling fit again may find a better value.
  warnings.warn(
C:\Users\diogo\AppData\Roaming\Python\Python310\site-packages\sklearn\gaussian_process\_gpr.py:663: ConvergenceWarning: lbfgs failed to converge after 17 iteration(s) (status=2):
ABNORMAL: 

You might also want to scale the data as shown in:
    https://scikit-learn.org/stable/modules/preprocessing.html
  _check_optimize_result("lbfgs", opt_res)
C:\Users\diogo\AppData\Roaming\Python\Python310\site-packages\sklearn\gaussian_process\kernels.py:450: ConvergenceWarning: The optimal value found for dimension 1 of parameter k1__k2__length_scale is close to the specified upper bound 1000.0. Increasing the bound and calling fit again may find a better value.
  warnings.warn(
C:\Users\diogo\AppData\Roaming\Python\Python310\site-packages\sklearn\gaussian_process\kernels.py:450: ConvergenceWarning: The optimal value found for dimension 2 of parameter k1__k2__length_scale is close to the specified upper bound 1000.0. Increasing the bound and calling fit again may find a better value.
  warnings.warn(
C:\Users\diogo\AppData\Roaming\Python\Python310\site-packages\sklearn\gaussian_process\kernels.py:450: ConvergenceWarning: The optimal value found for dimension 3 of parameter k1__k2__length_scale is close to the specified upper bound 1000.0. Increasing the bound and calling fit again may find a better value.
  warnings.warn(
C:\Users\diogo\AppData\Roaming\Python\Python310\site-packages\sklearn\gaussian_process\kernels.py:440: ConvergenceWarning: The optimal value found for dimension 0 of parameter k2__noise_level is close to the specified lower bound 1e-08. Decreasing the bound and calling fit again may find a better value.
  warnings.warn(
C:\Users\diogo\AppData\Roaming\Python\Python310\site-packages\sklearn\gaussian_process\kernels.py:440: ConvergenceWarning: The optimal value found for dimension 0 of parameter k2__noise_level is close to the specified lower bound 1e-08. Decreasing the bound and calling fit again may find a better value.
  warnings.warn(
C:\Users\diogo\AppData\Roaming\Python\Python310\site-packages\sklearn\gaussian_process\_gpr.py:663: ConvergenceWarning: lbfgs failed to converge after 12 iteration(s) (status=2):
ABNORMAL: 

You might also want to scale the data as shown in:
    https://scikit-learn.org/stable/modules/preprocessing.html
  _check_optimize_result("lbfgs", opt_res)
C:\Users\diogo\AppData\Roaming\Python\Python310\site-packages\sklearn\gaussian_process\_gpr.py:663: ConvergenceWarning: lbfgs failed to converge after 9 iteration(s) (status=2):
ABNORMAL: 

You might also want to scale the data as shown in:
    https://scikit-learn.org/stable/modules/preprocessing.html
  _check_optimize_result("lbfgs", opt_res)
C:\Users\diogo\AppData\Roaming\Python\Python310\site-packages\sklearn\gaussian_process\kernels.py:450: ConvergenceWarning: The optimal value found for dimension 0 of parameter k1__k2__length_scale is close to the specified upper bound 1000.0. Increasing the bound and calling fit again may find a better value.
  warnings.warn(
C:\Users\diogo\AppData\Roaming\Python\Python310\site-packages\sklearn\gaussian_process\kernels.py:450: ConvergenceWarning: The optimal value found for dimension 1 of parameter k1__k2__length_scale is close to the specified upper bound 1000.0. Increasing the bound and calling fit again may find a better value.
  warnings.warn(
C:\Users\diogo\AppData\Roaming\Python\Python310\site-packages\sklearn\gaussian_process\kernels.py:450: ConvergenceWarning: The optimal value found for dimension 3 of parameter k1__k2__length_scale is close to the specified upper bound 1000.0. Increasing the bound and calling fit again may find a better value.
  warnings.warn(
C:\Users\diogo\AppData\Roaming\Python\Python310\site-packages\sklearn\gaussian_process\kernels.py:440: ConvergenceWarning: The optimal value found for dimension 0 of parameter k2__noise_level is close to the specified lower bound 1e-08. Decreasing the bound and calling fit again may find a better value.
  warnings.warn(
C:\Users\diogo\AppData\Roaming\Python\Python310\site-packages\sklearn\gaussian_process\kernels.py:450: ConvergenceWarning: The optimal value found for dimension 2 of parameter k1__k2__length_scale is close to the specified upper bound 1000.0. Increasing the bound and calling fit again may find a better value.
  warnings.warn(
C:\Users\diogo\AppData\Roaming\Python\Python310\site-packages\sklearn\gaussian_process\kernels.py:440: ConvergenceWarning: The optimal value found for dimension 0 of parameter k2__noise_level is close to the specified lower bound 1e-08. Decreasing the bound and calling fit again may find a better value.
  warnings.warn(
C:\Users\diogo\AppData\Roaming\Python\Python310\site-packages\sklearn\gaussian_process\kernels.py:450: ConvergenceWarning: The optimal value found for dimension 2 of parameter k1__k2__length_scale is close to the specified upper bound 1000.0. Increasing the bound and calling fit again may find a better value.
  warnings.warn(
C:\Users\diogo\AppData\Roaming\Python\Python310\site-packages\sklearn\gaussian_process\_gpr.py:663: ConvergenceWarning: lbfgs failed to converge after 17 iteration(s) (status=2):
ABNORMAL: 

You might also want to scale the data as shown in:
    https://scikit-learn.org/stable/modules/preprocessing.html
  _check_optimize_result("lbfgs", opt_res)
C:\Users\diogo\AppData\Roaming\Python\Python310\site-packages\sklearn\gaussian_process\kernels.py:450: ConvergenceWarning: The optimal value found for dimension 1 of parameter k1__k2__length_scale is close to the specified upper bound 1000.0. Increasing the bound and calling fit again may find a better value.
  warnings.warn(
C:\Users\diogo\AppData\Roaming\Python\Python310\site-packages\sklearn\gaussian_process\kernels.py:450: ConvergenceWarning: The optimal value found for dimension 2 of parameter k1__k2__length_scale is close to the specified upper bound 1000.0. Increasing the bound and calling fit again may find a better value.
  warnings.warn(
C:\Users\diogo\AppData\Roaming\Python\Python310\site-packages\sklearn\gaussian_process\kernels.py:450: ConvergenceWarning: The optimal value found for dimension 3 of parameter k1__k2__length_scale is close to the specified upper bound 1000.0. Increasing the bound and calling fit again may find a better value.
  warnings.warn(
C:\Users\diogo\AppData\Roaming\Python\Python310\site-packages\sklearn\gaussian_process\kernels.py:440: ConvergenceWarning: The optimal value found for dimension 0 of parameter k2__noise_level is close to the specified lower bound 1e-08. Decreasing the bound and calling fit again may find a better value.
  warnings.warn(
C:\Users\diogo\AppData\Roaming\Python\Python310\site-packages\sklearn\gaussian_process\_gpr.py:663: ConvergenceWarning: lbfgs failed to converge after 13 iteration(s) (status=2):
ABNORMAL: 

You might also want to scale the data as shown in:
    https://scikit-learn.org/stable/modules/preprocessing.html
  _check_optimize_result("lbfgs", opt_res)
C:\Users\diogo\AppData\Roaming\Python\Python310\site-packages\sklearn\gaussian_process\kernels.py:450: ConvergenceWarning: The optimal value found for dimension 0 of parameter k1__k2__length_scale is close to the specified upper bound 1000.0. Increasing the bound and calling fit again may find a better value.
  warnings.warn(
C:\Users\diogo\AppData\Roaming\Python\Python310\site-packages\sklearn\gaussian_process\kernels.py:450: ConvergenceWarning: The optimal value found for dimension 1 of parameter k1__k2__length_scale is close to the specified upper bound 1000.0. Increasing the bound and calling fit again may find a better value.
  warnings.warn(
C:\Users\diogo\AppData\Roaming\Python\Python310\site-packages\sklearn\gaussian_process\kernels.py:450: ConvergenceWarning: The optimal value found for dimension 3 of parameter k1__k2__length_scale is close to the specified upper bound 1000.0. Increasing the bound and calling fit again may find a better value.
  warnings.warn(
C:\Users\diogo\AppData\Roaming\Python\Python310\site-packages\sklearn\gaussian_process\kernels.py:440: ConvergenceWarning: The optimal value found for dimension 0 of parameter k2__noise_level is close to the specified lower bound 1e-08. Decreasing the bound and calling fit again may find a better value.
  warnings.warn(
C:\Users\diogo\AppData\Roaming\Python\Python310\site-packages\sklearn\gaussian_process\kernels.py:450: ConvergenceWarning: The optimal value found for dimension 2 of parameter k1__k2__length_scale is close to the specified upper bound 1000.0. Increasing the bound and calling fit again may find a better value.
  warnings.warn(
C:\Users\diogo\AppData\Roaming\Python\Python310\site-packages\sklearn\gaussian_process\kernels.py:450: ConvergenceWarning: The optimal value found for dimension 2 of parameter k1__k2__length_scale is close to the specified upper bound 1000.0. Increasing the bound and calling fit again may find a better value.
  warnings.warn(
C:\Users\diogo\AppData\Roaming\Python\Python310\site-packages\sklearn\gaussian_process\_gpr.py:663: ConvergenceWarning: lbfgs failed to converge after 16 iteration(s) (status=2):
ABNORMAL: 

You might also want to scale the data as shown in:
    https://scikit-learn.org/stable/modules/preprocessing.html
  _check_optimize_result("lbfgs", opt_res)
C:\Users\diogo\AppData\Roaming\Python\Python310\site-packages\sklearn\gaussian_process\_gpr.py:663: ConvergenceWarning: lbfgs failed to converge after 30 iteration(s) (status=2):
ABNORMAL: 

You might also want to scale the data as shown in:
    https://scikit-learn.org/stable/modules/preprocessing.html
  _check_optimize_result("lbfgs", opt_res)
C:\Users\diogo\AppData\Roaming\Python\Python310\site-packages\sklearn\gaussian_process\_gpr.py:663: ConvergenceWarning: lbfgs failed to converge after 15 iteration(s) (status=2):
ABNORMAL: 

You might also want to scale the data as shown in:
    https://scikit-learn.org/stable/modules/preprocessing.html
  _check_optimize_result("lbfgs", opt_res)
C:\Users\diogo\AppData\Roaming\Python\Python310\site-packages\sklearn\gaussian_process\kernels.py:450: ConvergenceWarning: The optimal value found for dimension 1 of parameter k1__k2__length_scale is close to the specified upper bound 1000.0. Increasing the bound and calling fit again may find a better value.
  warnings.warn(
C:\Users\diogo\AppData\Roaming\Python\Python310\site-packages\sklearn\gaussian_process\kernels.py:450: ConvergenceWarning: The optimal value found for dimension 2 of parameter k1__k2__length_scale is close to the specified upper bound 1000.0. Increasing the bound and calling fit again may find a better value.
  warnings.warn(
C:\Users\diogo\AppData\Roaming\Python\Python310\site-packages\sklearn\gaussian_process\kernels.py:450: ConvergenceWarning: The optimal value found for dimension 3 of parameter k1__k2__length_scale is close to the specified upper bound 1000.0. Increasing the bound and calling fit again may find a better value.
  warnings.warn(
C:\Users\diogo\AppData\Roaming\Python\Python310\site-packages\sklearn\gaussian_process\kernels.py:440: ConvergenceWarning: The optimal value found for dimension 0 of parameter k2__noise_level is close to the specified lower bound 1e-08. Decreasing the bound and calling fit again may find a better value.
  warnings.warn(
C:\Users\diogo\AppData\Roaming\Python\Python310\site-packages\sklearn\gaussian_process\_gpr.py:663: ConvergenceWarning: lbfgs failed to converge after 13 iteration(s) (status=2):
ABNORMAL: 

You might also want to scale the data as shown in:
    https://scikit-learn.org/stable/modules/preprocessing.html
  _check_optimize_result("lbfgs", opt_res)
C:\Users\diogo\AppData\Roaming\Python\Python310\site-packages\sklearn\gaussian_process\_gpr.py:663: ConvergenceWarning: lbfgs failed to converge after 16 iteration(s) (status=2):
ABNORMAL: 

You might also want to scale the data as shown in:
    https://scikit-learn.org/stable/modules/preprocessing.html
  _check_optimize_result("lbfgs", opt_res)
C:\Users\diogo\AppData\Roaming\Python\Python310\site-packages\sklearn\gaussian_process\kernels.py:450: ConvergenceWarning: The optimal value found for dimension 0 of parameter k1__k2__length_scale is close to the specified upper bound 1000.0. Increasing the bound and calling fit again may find a better value.
  warnings.warn(
C:\Users\diogo\AppData\Roaming\Python\Python310\site-packages\sklearn\gaussian_process\kernels.py:450: ConvergenceWarning: The optimal value found for dimension 1 of parameter k1__k2__length_scale is close to the specified upper bound 1000.0. Increasing the bound and calling fit again may find a better value.
  warnings.warn(
C:\Users\diogo\AppData\Roaming\Python\Python310\site-packages\sklearn\gaussian_process\kernels.py:450: ConvergenceWarning: The optimal value found for dimension 3 of parameter k1__k2__length_scale is close to the specified upper bound 1000.0. Increasing the bound and calling fit again may find a better value.
  warnings.warn(
C:\Users\diogo\AppData\Roaming\Python\Python310\site-packages\sklearn\gaussian_process\kernels.py:440: ConvergenceWarning: The optimal value found for dimension 0 of parameter k2__noise_level is close to the specified lower bound 1e-08. Decreasing the bound and calling fit again may find a better value.
  warnings.warn(
C:\Users\diogo\AppData\Roaming\Python\Python310\site-packages\sklearn\gaussian_process\kernels.py:450: ConvergenceWarning: The optimal value found for dimension 2 of parameter k1__k2__length_scale is close to the specified upper bound 1000.0. Increasing the bound and calling fit again may find a better value.
  warnings.warn(
C:\Users\diogo\AppData\Roaming\Python\Python310\site-packages\sklearn\gaussian_process\kernels.py:440: ConvergenceWarning: The optimal value found for dimension 0 of parameter k2__noise_level is close to the specified lower bound 1e-08. Decreasing the bound and calling fit again may find a better value.
  warnings.warn(
C:\Users\diogo\AppData\Roaming\Python\Python310\site-packages\sklearn\gaussian_process\kernels.py:450: ConvergenceWarning: The optimal value found for dimension 2 of parameter k1__k2__length_scale is close to the specified upper bound 1000.0. Increasing the bound and calling fit again may find a better value.
  warnings.warn(
C:\Users\diogo\AppData\Roaming\Python\Python310\site-packages\sklearn\gaussian_process\_gpr.py:663: ConvergenceWarning: lbfgs failed to converge after 13 iteration(s) (status=2):
ABNORMAL: 

You might also want to scale the data as shown in:
    https://scikit-learn.org/stable/modules/preprocessing.html
  _check_optimize_result("lbfgs", opt_res)
C:\Users\diogo\AppData\Roaming\Python\Python310\site-packages\sklearn\gaussian_process\_gpr.py:663: ConvergenceWarning: lbfgs failed to converge after 15 iteration(s) (status=2):
ABNORMAL: 

You might also want to scale the data as shown in:
    https://scikit-learn.org/stable/modules/preprocessing.html
  _check_optimize_result("lbfgs", opt_res)
C:\Users\diogo\AppData\Roaming\Python\Python310\site-packages\sklearn\gaussian_process\_gpr.py:663: ConvergenceWarning: lbfgs failed to converge after 31 iteration(s) (status=2):
ABNORMAL: 

You might also want to scale the data as shown in:
    https://scikit-learn.org/stable/modules/preprocessing.html
  _check_optimize_result("lbfgs", opt_res)
C:\Users\diogo\AppData\Roaming\Python\Python310\site-packages\sklearn\gaussian_process\kernels.py:450: ConvergenceWarning: The optimal value found for dimension 1 of parameter k1__k2__length_scale is close to the specified upper bound 1000.0. Increasing the bound and calling fit again may find a better value.
  warnings.warn(
C:\Users\diogo\AppData\Roaming\Python\Python310\site-packages\sklearn\gaussian_process\kernels.py:450: ConvergenceWarning: The optimal value found for dimension 2 of parameter k1__k2__length_scale is close to the specified upper bound 1000.0. Increasing the bound and calling fit again may find a better value.
  warnings.warn(
C:\Users\diogo\AppData\Roaming\Python\Python310\site-packages\sklearn\gaussian_process\kernels.py:450: ConvergenceWarning: The optimal value found for dimension 3 of parameter k1__k2__length_scale is close to the specified upper bound 1000.0. Increasing the bound and calling fit again may find a better value.
  warnings.warn(
C:\Users\diogo\AppData\Roaming\Python\Python310\site-packages\sklearn\gaussian_process\kernels.py:440: ConvergenceWarning: The optimal value found for dimension 0 of parameter k2__noise_level is close to the specified lower bound 1e-08. Decreasing the bound and calling fit again may find a better value.
  warnings.warn(
C:\Users\diogo\AppData\Roaming\Python\Python310\site-packages\sklearn\gaussian_process\_gpr.py:663: ConvergenceWarning: lbfgs failed to converge after 12 iteration(s) (status=2):
ABNORMAL: 

You might also want to scale the data as shown in:
    https://scikit-learn.org/stable/modules/preprocessing.html
  _check_optimize_result("lbfgs", opt_res)
C:\Users\diogo\AppData\Roaming\Python\Python310\site-packages\sklearn\gaussian_process\_gpr.py:663: ConvergenceWarning: lbfgs failed to converge after 11 iteration(s) (status=2):
ABNORMAL: 

You might also want to scale the data as shown in:
    https://scikit-learn.org/stable/modules/preprocessing.html
  _check_optimize_result("lbfgs", opt_res)
C:\Users\diogo\AppData\Roaming\Python\Python310\site-packages\sklearn\gaussian_process\kernels.py:450: ConvergenceWarning: The optimal value found for dimension 0 of parameter k1__k2__length_scale is close to the specified upper bound 1000.0. Increasing the bound and calling fit again may find a better value.
  warnings.warn(
C:\Users\diogo\AppData\Roaming\Python\Python310\site-packages\sklearn\gaussian_process\kernels.py:450: ConvergenceWarning: The optimal value found for dimension 1 of parameter k1__k2__length_scale is close to the specified upper bound 1000.0. Increasing the bound and calling fit again may find a better value.
  warnings.warn(
C:\Users\diogo\AppData\Roaming\Python\Python310\site-packages\sklearn\gaussian_process\kernels.py:450: ConvergenceWarning: The optimal value found for dimension 3 of parameter k1__k2__length_scale is close to the specified upper bound 1000.0. Increasing the bound and calling fit again may find a better value.
  warnings.warn(
C:\Users\diogo\AppData\Roaming\Python\Python310\site-packages\sklearn\gaussian_process\kernels.py:440: ConvergenceWarning: The optimal value found for dimension 0 of parameter k2__noise_level is close to the specified lower bound 1e-08. Decreasing the bound and calling fit again may find a better value.
  warnings.warn(
C:\Users\diogo\AppData\Roaming\Python\Python310\site-packages\sklearn\gaussian_process\kernels.py:450: ConvergenceWarning: The optimal value found for dimension 2 of parameter k1__k2__length_scale is close to the specified upper bound 1000.0. Increasing the bound and calling fit again may find a better value.
  warnings.warn(
C:\Users\diogo\AppData\Roaming\Python\Python310\site-packages\sklearn\gaussian_process\kernels.py:450: ConvergenceWarning: The optimal value found for dimension 2 of parameter k1__k2__length_scale is close to the specified upper bound 1000.0. Increasing the bound and calling fit again may find a better value.
  warnings.warn(
C:\Users\diogo\AppData\Roaming\Python\Python310\site-packages\sklearn\gaussian_process\_gpr.py:663: ConvergenceWarning: lbfgs failed to converge after 28 iteration(s) (status=2):
ABNORMAL: 

You might also want to scale the data as shown in:
    https://scikit-learn.org/stable/modules/preprocessing.html
  _check_optimize_result("lbfgs", opt_res)
C:\Users\diogo\AppData\Roaming\Python\Python310\site-packages\sklearn\gaussian_process\_gpr.py:663: ConvergenceWarning: lbfgs failed to converge after 13 iteration(s) (status=2):
ABNORMAL: 

You might also want to scale the data as shown in:
    https://scikit-learn.org/stable/modules/preprocessing.html
  _check_optimize_result("lbfgs", opt_res)
C:\Users\diogo\AppData\Roaming\Python\Python310\site-packages\sklearn\gaussian_process\_gpr.py:663: ConvergenceWarning: lbfgs failed to converge after 16 iteration(s) (status=2):
ABNORMAL: 

You might also want to scale the data as shown in:
    https://scikit-learn.org/stable/modules/preprocessing.html
  _check_optimize_result("lbfgs", opt_res)
C:\Users\diogo\AppData\Roaming\Python\Python310\site-packages\sklearn\gaussian_process\_gpr.py:663: ConvergenceWarning: lbfgs failed to converge after 33 iteration(s) (status=2):
ABNORMAL: 

You might also want to scale the data as shown in:
    https://scikit-learn.org/stable/modules/preprocessing.html
  _check_optimize_result("lbfgs", opt_res)
C:\Users\diogo\AppData\Roaming\Python\Python310\site-packages\sklearn\gaussian_process\_gpr.py:663: ConvergenceWarning: lbfgs failed to converge after 15 iteration(s) (status=2):
ABNORMAL: 

You might also want to scale the data as shown in:
    https://scikit-learn.org/stable/modules/preprocessing.html
  _check_optimize_result("lbfgs", opt_res)
C:\Users\diogo\AppData\Roaming\Python\Python310\site-packages\sklearn\gaussian_process\kernels.py:450: ConvergenceWarning: The optimal value found for dimension 1 of parameter k1__k2__length_scale is close to the specified upper bound 1000.0. Increasing the bound and calling fit again may find a better value.
  warnings.warn(
C:\Users\diogo\AppData\Roaming\Python\Python310\site-packages\sklearn\gaussian_process\kernels.py:450: ConvergenceWarning: The optimal value found for dimension 2 of parameter k1__k2__length_scale is close to the specified upper bound 1000.0. Increasing the bound and calling fit again may find a better value.
  warnings.warn(
C:\Users\diogo\AppData\Roaming\Python\Python310\site-packages\sklearn\gaussian_process\kernels.py:450: ConvergenceWarning: The optimal value found for dimension 3 of parameter k1__k2__length_scale is close to the specified upper bound 1000.0. Increasing the bound and calling fit again may find a better value.
  warnings.warn(
C:\Users\diogo\AppData\Roaming\Python\Python310\site-packages\sklearn\gaussian_process\kernels.py:440: ConvergenceWarning: The optimal value found for dimension 0 of parameter k2__noise_level is close to the specified lower bound 1e-08. Decreasing the bound and calling fit again may find a better value.
  warnings.warn(
C:\Users\diogo\AppData\Roaming\Python\Python310\site-packages\sklearn\gaussian_process\_gpr.py:663: ConvergenceWarning: lbfgs failed to converge after 11 iteration(s) (status=2):
ABNORMAL: 

You might also want to scale the data as shown in:
    https://scikit-learn.org/stable/modules/preprocessing.html
  _check_optimize_result("lbfgs", opt_res)
C:\Users\diogo\AppData\Roaming\Python\Python310\site-packages\sklearn\gaussian_process\_gpr.py:663: ConvergenceWarning: lbfgs failed to converge after 14 iteration(s) (status=2):
ABNORMAL: 

You might also want to scale the data as shown in:
    https://scikit-learn.org/stable/modules/preprocessing.html
  _check_optimize_result("lbfgs", opt_res)
C:\Users\diogo\AppData\Roaming\Python\Python310\site-packages\sklearn\gaussian_process\_gpr.py:663: ConvergenceWarning: lbfgs failed to converge after 15 iteration(s) (status=2):
ABNORMAL: 

You might also want to scale the data as shown in:
    https://scikit-learn.org/stable/modules/preprocessing.html
  _check_optimize_result("lbfgs", opt_res)
C:\Users\diogo\AppData\Roaming\Python\Python310\site-packages\sklearn\gaussian_process\_gpr.py:663: ConvergenceWarning: lbfgs failed to converge after 16 iteration(s) (status=2):
ABNORMAL: 

You might also want to scale the data as shown in:
    https://scikit-learn.org/stable/modules/preprocessing.html
  _check_optimize_result("lbfgs", opt_res)
C:\Users\diogo\AppData\Roaming\Python\Python310\site-packages\sklearn\gaussian_process\kernels.py:450: ConvergenceWarning: The optimal value found for dimension 0 of parameter k1__k2__length_scale is close to the specified upper bound 1000.0. Increasing the bound and calling fit again may find a better value.
  warnings.warn(
C:\Users\diogo\AppData\Roaming\Python\Python310\site-packages\sklearn\gaussian_process\kernels.py:450: ConvergenceWarning: The optimal value found for dimension 1 of parameter k1__k2__length_scale is close to the specified upper bound 1000.0. Increasing the bound and calling fit again may find a better value.
  warnings.warn(
C:\Users\diogo\AppData\Roaming\Python\Python310\site-packages\sklearn\gaussian_process\kernels.py:450: ConvergenceWarning: The optimal value found for dimension 3 of parameter k1__k2__length_scale is close to the specified upper bound 1000.0. Increasing the bound and calling fit again may find a better value.
  warnings.warn(
C:\Users\diogo\AppData\Roaming\Python\Python310\site-packages\sklearn\gaussian_process\kernels.py:440: ConvergenceWarning: The optimal value found for dimension 0 of parameter k2__noise_level is close to the specified lower bound 1e-08. Decreasing the bound and calling fit again may find a better value.
  warnings.warn(
C:\Users\diogo\AppData\Roaming\Python\Python310\site-packages\sklearn\gaussian_process\kernels.py:450: ConvergenceWarning: The optimal value found for dimension 3 of parameter k1__k2__length_scale is close to the specified upper bound 1000.0. Increasing the bound and calling fit again may find a better value.
  warnings.warn(
C:\Users\diogo\AppData\Roaming\Python\Python310\site-packages\sklearn\gaussian_process\kernels.py:450: ConvergenceWarning: The optimal value found for dimension 2 of parameter k1__k2__length_scale is close to the specified upper bound 1000.0. Increasing the bound and calling fit again may find a better value.
  warnings.warn(
C:\Users\diogo\AppData\Roaming\Python\Python310\site-packages\sklearn\gaussian_process\_gpr.py:663: ConvergenceWarning: lbfgs failed to converge after 15 iteration(s) (status=2):
ABNORMAL: 

You might also want to scale the data as shown in:
    https://scikit-learn.org/stable/modules/preprocessing.html
  _check_optimize_result("lbfgs", opt_res)
C:\Users\diogo\AppData\Roaming\Python\Python310\site-packages\sklearn\gaussian_process\_gpr.py:663: ConvergenceWarning: lbfgs failed to converge after 12 iteration(s) (status=2):
ABNORMAL: 

You might also want to scale the data as shown in:
    https://scikit-learn.org/stable/modules/preprocessing.html
  _check_optimize_result("lbfgs", opt_res)
C:\Users\diogo\AppData\Roaming\Python\Python310\site-packages\sklearn\gaussian_process\_gpr.py:663: ConvergenceWarning: lbfgs failed to converge after 13 iteration(s) (status=2):
ABNORMAL: 

You might also want to scale the data as shown in:
    https://scikit-learn.org/stable/modules/preprocessing.html
  _check_optimize_result("lbfgs", opt_res)
C:\Users\diogo\AppData\Roaming\Python\Python310\site-packages\sklearn\gaussian_process\kernels.py:450: ConvergenceWarning: The optimal value found for dimension 1 of parameter k1__k2__length_scale is close to the specified upper bound 1000.0. Increasing the bound and calling fit again may find a better value.
  warnings.warn(
C:\Users\diogo\AppData\Roaming\Python\Python310\site-packages\sklearn\gaussian_process\kernels.py:450: ConvergenceWarning: The optimal value found for dimension 2 of parameter k1__k2__length_scale is close to the specified upper bound 1000.0. Increasing the bound and calling fit again may find a better value.
  warnings.warn(
C:\Users\diogo\AppData\Roaming\Python\Python310\site-packages\sklearn\gaussian_process\kernels.py:450: ConvergenceWarning: The optimal value found for dimension 3 of parameter k1__k2__length_scale is close to the specified upper bound 1000.0. Increasing the bound and calling fit again may find a better value.
  warnings.warn(
C:\Users\diogo\AppData\Roaming\Python\Python310\site-packages\sklearn\gaussian_process\kernels.py:440: ConvergenceWarning: The optimal value found for dimension 0 of parameter k2__noise_level is close to the specified lower bound 1e-08. Decreasing the bound and calling fit again may find a better value.
  warnings.warn(
C:\Users\diogo\AppData\Roaming\Python\Python310\site-packages\sklearn\gaussian_process\_gpr.py:663: ConvergenceWarning: lbfgs failed to converge after 16 iteration(s) (status=2):
ABNORMAL: 

You might also want to scale the data as shown in:
    https://scikit-learn.org/stable/modules/preprocessing.html
  _check_optimize_result("lbfgs", opt_res)
C:\Users\diogo\AppData\Roaming\Python\Python310\site-packages\sklearn\gaussian_process\_gpr.py:663: ConvergenceWarning: lbfgs failed to converge after 11 iteration(s) (status=2):
ABNORMAL: 

You might also want to scale the data as shown in:
    https://scikit-learn.org/stable/modules/preprocessing.html
  _check_optimize_result("lbfgs", opt_res)
C:\Users\diogo\AppData\Roaming\Python\Python310\site-packages\sklearn\gaussian_process\_gpr.py:663: ConvergenceWarning: lbfgs failed to converge after 12 iteration(s) (status=2):
ABNORMAL: 

You might also want to scale the data as shown in:
    https://scikit-learn.org/stable/modules/preprocessing.html
  _check_optimize_result("lbfgs", opt_res)
C:\Users\diogo\AppData\Roaming\Python\Python310\site-packages\sklearn\gaussian_process\kernels.py:450: ConvergenceWarning: The optimal value found for dimension 0 of parameter k1__k2__length_scale is close to the specified upper bound 1000.0. Increasing the bound and calling fit again may find a better value.
  warnings.warn(
C:\Users\diogo\AppData\Roaming\Python\Python310\site-packages\sklearn\gaussian_process\kernels.py:450: ConvergenceWarning: The optimal value found for dimension 1 of parameter k1__k2__length_scale is close to the specified upper bound 1000.0. Increasing the bound and calling fit again may find a better value.
  warnings.warn(
C:\Users\diogo\AppData\Roaming\Python\Python310\site-packages\sklearn\gaussian_process\kernels.py:450: ConvergenceWarning: The optimal value found for dimension 3 of parameter k1__k2__length_scale is close to the specified upper bound 1000.0. Increasing the bound and calling fit again may find a better value.
  warnings.warn(
C:\Users\diogo\AppData\Roaming\Python\Python310\site-packages\sklearn\gaussian_process\kernels.py:440: ConvergenceWarning: The optimal value found for dimension 0 of parameter k2__noise_level is close to the specified lower bound 1e-08. Decreasing the bound and calling fit again may find a better value.
  warnings.warn(
C:\Users\diogo\AppData\Roaming\Python\Python310\site-packages\sklearn\gaussian_process\kernels.py:450: ConvergenceWarning: The optimal value found for dimension 3 of parameter k1__k2__length_scale is close to the specified upper bound 1000.0. Increasing the bound and calling fit again may find a better value.
  warnings.warn(
C:\Users\diogo\AppData\Roaming\Python\Python310\site-packages\sklearn\gaussian_process\kernels.py:440: ConvergenceWarning: The optimal value found for dimension 0 of parameter k2__noise_level is close to the specified lower bound 1e-08. Decreasing the bound and calling fit again may find a better value.
  warnings.warn(
C:\Users\diogo\AppData\Roaming\Python\Python310\site-packages\sklearn\gaussian_process\kernels.py:450: ConvergenceWarning: The optimal value found for dimension 2 of parameter k1__k2__length_scale is close to the specified upper bound 1000.0. Increasing the bound and calling fit again may find a better value.
  warnings.warn(
C:\Users\diogo\AppData\Roaming\Python\Python310\site-packages\sklearn\gaussian_process\kernels.py:440: ConvergenceWarning: The optimal value found for dimension 0 of parameter k2__noise_level is close to the specified lower bound 1e-08. Decreasing the bound and calling fit again may find a better value.
  warnings.warn(
C:\Users\diogo\AppData\Roaming\Python\Python310\site-packages\sklearn\gaussian_process\_gpr.py:663: ConvergenceWarning: lbfgs failed to converge after 17 iteration(s) (status=2):
ABNORMAL: 

You might also want to scale the data as shown in:
    https://scikit-learn.org/stable/modules/preprocessing.html
  _check_optimize_result("lbfgs", opt_res)
C:\Users\diogo\AppData\Roaming\Python\Python310\site-packages\sklearn\gaussian_process\kernels.py:450: ConvergenceWarning: The optimal value found for dimension 1 of parameter k1__k2__length_scale is close to the specified upper bound 1000.0. Increasing the bound and calling fit again may find a better value.
  warnings.warn(
C:\Users\diogo\AppData\Roaming\Python\Python310\site-packages\sklearn\gaussian_process\kernels.py:450: ConvergenceWarning: The optimal value found for dimension 2 of parameter k1__k2__length_scale is close to the specified upper bound 1000.0. Increasing the bound and calling fit again may find a better value.
  warnings.warn(
C:\Users\diogo\AppData\Roaming\Python\Python310\site-packages\sklearn\gaussian_process\kernels.py:450: ConvergenceWarning: The optimal value found for dimension 3 of parameter k1__k2__length_scale is close to the specified upper bound 1000.0. Increasing the bound and calling fit again may find a better value.
  warnings.warn(
C:\Users\diogo\AppData\Roaming\Python\Python310\site-packages\sklearn\gaussian_process\kernels.py:440: ConvergenceWarning: The optimal value found for dimension 0 of parameter k2__noise_level is close to the specified lower bound 1e-08. Decreasing the bound and calling fit again may find a better value.
  warnings.warn(
C:\Users\diogo\AppData\Roaming\Python\Python310\site-packages\sklearn\gaussian_process\kernels.py:440: ConvergenceWarning: The optimal value found for dimension 0 of parameter k2__noise_level is close to the specified lower bound 1e-08. Decreasing the bound and calling fit again may find a better value.
  warnings.warn(
C:\Users\diogo\AppData\Roaming\Python\Python310\site-packages\sklearn\gaussian_process\_gpr.py:663: ConvergenceWarning: lbfgs failed to converge after 12 iteration(s) (status=2):
ABNORMAL: 

You might also want to scale the data as shown in:
    https://scikit-learn.org/stable/modules/preprocessing.html
  _check_optimize_result("lbfgs", opt_res)
C:\Users\diogo\AppData\Roaming\Python\Python310\site-packages\sklearn\gaussian_process\_gpr.py:663: ConvergenceWarning: lbfgs failed to converge after 9 iteration(s) (status=2):
ABNORMAL: 

You might also want to scale the data as shown in:
    https://scikit-learn.org/stable/modules/preprocessing.html
  _check_optimize_result("lbfgs", opt_res)
C:\Users\diogo\AppData\Roaming\Python\Python310\site-packages\sklearn\gaussian_process\kernels.py:450: ConvergenceWarning: The optimal value found for dimension 0 of parameter k1__k2__length_scale is close to the specified upper bound 1000.0. Increasing the bound and calling fit again may find a better value.
  warnings.warn(
C:\Users\diogo\AppData\Roaming\Python\Python310\site-packages\sklearn\gaussian_process\kernels.py:450: ConvergenceWarning: The optimal value found for dimension 1 of parameter k1__k2__length_scale is close to the specified upper bound 1000.0. Increasing the bound and calling fit again may find a better value.
  warnings.warn(
C:\Users\diogo\AppData\Roaming\Python\Python310\site-packages\sklearn\gaussian_process\kernels.py:450: ConvergenceWarning: The optimal value found for dimension 3 of parameter k1__k2__length_scale is close to the specified upper bound 1000.0. Increasing the bound and calling fit again may find a better value.
  warnings.warn(
C:\Users\diogo\AppData\Roaming\Python\Python310\site-packages\sklearn\gaussian_process\kernels.py:440: ConvergenceWarning: The optimal value found for dimension 0 of parameter k2__noise_level is close to the specified lower bound 1e-08. Decreasing the bound and calling fit again may find a better value.
  warnings.warn(
C:\Users\diogo\AppData\Roaming\Python\Python310\site-packages\sklearn\gaussian_process\kernels.py:450: ConvergenceWarning: The optimal value found for dimension 2 of parameter k1__k2__length_scale is close to the specified upper bound 1000.0. Increasing the bound and calling fit again may find a better value.
  warnings.warn(
C:\Users\diogo\AppData\Roaming\Python\Python310\site-packages\sklearn\gaussian_process\kernels.py:440: ConvergenceWarning: The optimal value found for dimension 0 of parameter k2__noise_level is close to the specified lower bound 1e-08. Decreasing the bound and calling fit again may find a better value.
  warnings.warn(
C:\Users\diogo\AppData\Roaming\Python\Python310\site-packages\sklearn\gaussian_process\kernels.py:450: ConvergenceWarning: The optimal value found for dimension 2 of parameter k1__k2__length_scale is close to the specified upper bound 1000.0. Increasing the bound and calling fit again may find a better value.
  warnings.warn(
C:\Users\diogo\AppData\Roaming\Python\Python310\site-packages\sklearn\gaussian_process\kernels.py:440: ConvergenceWarning: The optimal value found for dimension 0 of parameter k2__noise_level is close to the specified lower bound 1e-08. Decreasing the bound and calling fit again may find a better value.
  warnings.warn(
C:\Users\diogo\AppData\Roaming\Python\Python310\site-packages\sklearn\gaussian_process\kernels.py:450: ConvergenceWarning: The optimal value found for dimension 2 of parameter k1__k2__length_scale is close to the specified upper bound 1000.0. Increasing the bound and calling fit again may find a better value.
  warnings.warn(
C:\Users\diogo\AppData\Roaming\Python\Python310\site-packages\sklearn\gaussian_process\_gpr.py:663: ConvergenceWarning: lbfgs failed to converge after 17 iteration(s) (status=2):
ABNORMAL: 

You might also want to scale the data as shown in:
    https://scikit-learn.org/stable/modules/preprocessing.html
  _check_optimize_result("lbfgs", opt_res)
C:\Users\diogo\AppData\Roaming\Python\Python310\site-packages\sklearn\gaussian_process\kernels.py:450: ConvergenceWarning: The optimal value found for dimension 1 of parameter k1__k2__length_scale is close to the specified upper bound 1000.0. Increasing the bound and calling fit again may find a better value.
  warnings.warn(
C:\Users\diogo\AppData\Roaming\Python\Python310\site-packages\sklearn\gaussian_process\kernels.py:450: ConvergenceWarning: The optimal value found for dimension 2 of parameter k1__k2__length_scale is close to the specified upper bound 1000.0. Increasing the bound and calling fit again may find a better value.
  warnings.warn(
C:\Users\diogo\AppData\Roaming\Python\Python310\site-packages\sklearn\gaussian_process\kernels.py:450: ConvergenceWarning: The optimal value found for dimension 3 of parameter k1__k2__length_scale is close to the specified upper bound 1000.0. Increasing the bound and calling fit again may find a better value.
  warnings.warn(
C:\Users\diogo\AppData\Roaming\Python\Python310\site-packages\sklearn\gaussian_process\kernels.py:440: ConvergenceWarning: The optimal value found for dimension 0 of parameter k2__noise_level is close to the specified lower bound 1e-08. Decreasing the bound and calling fit again may find a better value.
  warnings.warn(
C:\Users\diogo\AppData\Roaming\Python\Python310\site-packages\sklearn\gaussian_process\_gpr.py:663: ConvergenceWarning: lbfgs failed to converge after 13 iteration(s) (status=2):
ABNORMAL: 

You might also want to scale the data as shown in:
    https://scikit-learn.org/stable/modules/preprocessing.html
  _check_optimize_result("lbfgs", opt_res)
C:\Users\diogo\AppData\Roaming\Python\Python310\site-packages\sklearn\gaussian_process\kernels.py:450: ConvergenceWarning: The optimal value found for dimension 0 of parameter k1__k2__length_scale is close to the specified upper bound 1000.0. Increasing the bound and calling fit again may find a better value.
  warnings.warn(
C:\Users\diogo\AppData\Roaming\Python\Python310\site-packages\sklearn\gaussian_process\kernels.py:450: ConvergenceWarning: The optimal value found for dimension 1 of parameter k1__k2__length_scale is close to the specified upper bound 1000.0. Increasing the bound and calling fit again may find a better value.
  warnings.warn(
C:\Users\diogo\AppData\Roaming\Python\Python310\site-packages\sklearn\gaussian_process\kernels.py:450: ConvergenceWarning: The optimal value found for dimension 3 of parameter k1__k2__length_scale is close to the specified upper bound 1000.0. Increasing the bound and calling fit again may find a better value.
  warnings.warn(
C:\Users\diogo\AppData\Roaming\Python\Python310\site-packages\sklearn\gaussian_process\kernels.py:440: ConvergenceWarning: The optimal value found for dimension 0 of parameter k2__noise_level is close to the specified lower bound 1e-08. Decreasing the bound and calling fit again may find a better value.
  warnings.warn(
C:\Users\diogo\AppData\Roaming\Python\Python310\site-packages\sklearn\gaussian_process\kernels.py:450: ConvergenceWarning: The optimal value found for dimension 2 of parameter k1__k2__length_scale is close to the specified upper bound 1000.0. Increasing the bound and calling fit again may find a better value.
  warnings.warn(
C:\Users\diogo\AppData\Roaming\Python\Python310\site-packages\sklearn\gaussian_process\kernels.py:450: ConvergenceWarning: The optimal value found for dimension 2 of parameter k1__k2__length_scale is close to the specified upper bound 1000.0. Increasing the bound and calling fit again may find a better value.
  warnings.warn(
C:\Users\diogo\AppData\Roaming\Python\Python310\site-packages\sklearn\gaussian_process\kernels.py:450: ConvergenceWarning: The optimal value found for dimension 2 of parameter k1__k2__length_scale is close to the specified upper bound 1000.0. Increasing the bound and calling fit again may find a better value.
  warnings.warn(
C:\Users\diogo\AppData\Roaming\Python\Python310\site-packages\sklearn\gaussian_process\_gpr.py:663: ConvergenceWarning: lbfgs failed to converge after 16 iteration(s) (status=2):
ABNORMAL: 

You might also want to scale the data as shown in:
    https://scikit-learn.org/stable/modules/preprocessing.html
  _check_optimize_result("lbfgs", opt_res)
C:\Users\diogo\AppData\Roaming\Python\Python310\site-packages\sklearn\gaussian_process\_gpr.py:663: ConvergenceWarning: lbfgs failed to converge after 30 iteration(s) (status=2):
ABNORMAL: 

You might also want to scale the data as shown in:
    https://scikit-learn.org/stable/modules/preprocessing.html
  _check_optimize_result("lbfgs", opt_res)
C:\Users\diogo\AppData\Roaming\Python\Python310\site-packages\sklearn\gaussian_process\_gpr.py:663: ConvergenceWarning: lbfgs failed to converge after 15 iteration(s) (status=2):
ABNORMAL: 

You might also want to scale the data as shown in:
    https://scikit-learn.org/stable/modules/preprocessing.html
  _check_optimize_result("lbfgs", opt_res)
C:\Users\diogo\AppData\Roaming\Python\Python310\site-packages\sklearn\gaussian_process\kernels.py:450: ConvergenceWarning: The optimal value found for dimension 1 of parameter k1__k2__length_scale is close to the specified upper bound 1000.0. Increasing the bound and calling fit again may find a better value.
  warnings.warn(
C:\Users\diogo\AppData\Roaming\Python\Python310\site-packages\sklearn\gaussian_process\kernels.py:450: ConvergenceWarning: The optimal value found for dimension 2 of parameter k1__k2__length_scale is close to the specified upper bound 1000.0. Increasing the bound and calling fit again may find a better value.
  warnings.warn(
C:\Users\diogo\AppData\Roaming\Python\Python310\site-packages\sklearn\gaussian_process\kernels.py:450: ConvergenceWarning: The optimal value found for dimension 3 of parameter k1__k2__length_scale is close to the specified upper bound 1000.0. Increasing the bound and calling fit again may find a better value.
  warnings.warn(
C:\Users\diogo\AppData\Roaming\Python\Python310\site-packages\sklearn\gaussian_process\kernels.py:440: ConvergenceWarning: The optimal value found for dimension 0 of parameter k2__noise_level is close to the specified lower bound 1e-08. Decreasing the bound and calling fit again may find a better value.
  warnings.warn(
C:\Users\diogo\AppData\Roaming\Python\Python310\site-packages\sklearn\gaussian_process\_gpr.py:663: ConvergenceWarning: lbfgs failed to converge after 13 iteration(s) (status=2):
ABNORMAL: 

You might also want to scale the data as shown in:
    https://scikit-learn.org/stable/modules/preprocessing.html
  _check_optimize_result("lbfgs", opt_res)
C:\Users\diogo\AppData\Roaming\Python\Python310\site-packages\sklearn\gaussian_process\_gpr.py:663: ConvergenceWarning: lbfgs failed to converge after 16 iteration(s) (status=2):
ABNORMAL: 

You might also want to scale the data as shown in:
    https://scikit-learn.org/stable/modules/preprocessing.html
  _check_optimize_result("lbfgs", opt_res)
C:\Users\diogo\AppData\Roaming\Python\Python310\site-packages\sklearn\gaussian_process\kernels.py:450: ConvergenceWarning: The optimal value found for dimension 0 of parameter k1__k2__length_scale is close to the specified upper bound 1000.0. Increasing the bound and calling fit again may find a better value.
  warnings.warn(
C:\Users\diogo\AppData\Roaming\Python\Python310\site-packages\sklearn\gaussian_process\kernels.py:450: ConvergenceWarning: The optimal value found for dimension 1 of parameter k1__k2__length_scale is close to the specified upper bound 1000.0. Increasing the bound and calling fit again may find a better value.
  warnings.warn(
C:\Users\diogo\AppData\Roaming\Python\Python310\site-packages\sklearn\gaussian_process\kernels.py:450: ConvergenceWarning: The optimal value found for dimension 3 of parameter k1__k2__length_scale is close to the specified upper bound 1000.0. Increasing the bound and calling fit again may find a better value.
  warnings.warn(
C:\Users\diogo\AppData\Roaming\Python\Python310\site-packages\sklearn\gaussian_process\kernels.py:440: ConvergenceWarning: The optimal value found for dimension 0 of parameter k2__noise_level is close to the specified lower bound 1e-08. Decreasing the bound and calling fit again may find a better value.
  warnings.warn(
C:\Users\diogo\AppData\Roaming\Python\Python310\site-packages\sklearn\gaussian_process\kernels.py:450: ConvergenceWarning: The optimal value found for dimension 2 of parameter k1__k2__length_scale is close to the specified upper bound 1000.0. Increasing the bound and calling fit again may find a better value.
  warnings.warn(
C:\Users\diogo\AppData\Roaming\Python\Python310\site-packages\sklearn\gaussian_process\kernels.py:440: ConvergenceWarning: The optimal value found for dimension 0 of parameter k2__noise_level is close to the specified lower bound 1e-08. Decreasing the bound and calling fit again may find a better value.
  warnings.warn(
C:\Users\diogo\AppData\Roaming\Python\Python310\site-packages\sklearn\gaussian_process\kernels.py:450: ConvergenceWarning: The optimal value found for dimension 2 of parameter k1__k2__length_scale is close to the specified upper bound 1000.0. Increasing the bound and calling fit again may find a better value.
  warnings.warn(
C:\Users\diogo\AppData\Roaming\Python\Python310\site-packages\sklearn\gaussian_process\kernels.py:450: ConvergenceWarning: The optimal value found for dimension 2 of parameter k1__k2__length_scale is close to the specified upper bound 1000.0. Increasing the bound and calling fit again may find a better value.
  warnings.warn(
C:\Users\diogo\AppData\Roaming\Python\Python310\site-packages\sklearn\gaussian_process\_gpr.py:663: ConvergenceWarning: lbfgs failed to converge after 13 iteration(s) (status=2):
ABNORMAL: 

You might also want to scale the data as shown in:
    https://scikit-learn.org/stable/modules/preprocessing.html
  _check_optimize_result("lbfgs", opt_res)
C:\Users\diogo\AppData\Roaming\Python\Python310\site-packages\sklearn\gaussian_process\_gpr.py:663: ConvergenceWarning: lbfgs failed to converge after 15 iteration(s) (status=2):
ABNORMAL: 

You might also want to scale the data as shown in:
    https://scikit-learn.org/stable/modules/preprocessing.html
  _check_optimize_result("lbfgs", opt_res)
C:\Users\diogo\AppData\Roaming\Python\Python310\site-packages\sklearn\gaussian_process\_gpr.py:663: ConvergenceWarning: lbfgs failed to converge after 31 iteration(s) (status=2):
ABNORMAL: 

You might also want to scale the data as shown in:
    https://scikit-learn.org/stable/modules/preprocessing.html
  _check_optimize_result("lbfgs", opt_res)
C:\Users\diogo\AppData\Roaming\Python\Python310\site-packages\sklearn\gaussian_process\kernels.py:450: ConvergenceWarning: The optimal value found for dimension 1 of parameter k1__k2__length_scale is close to the specified upper bound 1000.0. Increasing the bound and calling fit again may find a better value.
  warnings.warn(
C:\Users\diogo\AppData\Roaming\Python\Python310\site-packages\sklearn\gaussian_process\kernels.py:450: ConvergenceWarning: The optimal value found for dimension 2 of parameter k1__k2__length_scale is close to the specified upper bound 1000.0. Increasing the bound and calling fit again may find a better value.
  warnings.warn(
C:\Users\diogo\AppData\Roaming\Python\Python310\site-packages\sklearn\gaussian_process\kernels.py:450: ConvergenceWarning: The optimal value found for dimension 3 of parameter k1__k2__length_scale is close to the specified upper bound 1000.0. Increasing the bound and calling fit again may find a better value.
  warnings.warn(
C:\Users\diogo\AppData\Roaming\Python\Python310\site-packages\sklearn\gaussian_process\kernels.py:440: ConvergenceWarning: The optimal value found for dimension 0 of parameter k2__noise_level is close to the specified lower bound 1e-08. Decreasing the bound and calling fit again may find a better value.
  warnings.warn(
C:\Users\diogo\AppData\Roaming\Python\Python310\site-packages\sklearn\gaussian_process\_gpr.py:663: ConvergenceWarning: lbfgs failed to converge after 12 iteration(s) (status=2):
ABNORMAL: 

You might also want to scale the data as shown in:
    https://scikit-learn.org/stable/modules/preprocessing.html
  _check_optimize_result("lbfgs", opt_res)
C:\Users\diogo\AppData\Roaming\Python\Python310\site-packages\sklearn\gaussian_process\_gpr.py:663: ConvergenceWarning: lbfgs failed to converge after 11 iteration(s) (status=2):
ABNORMAL: 

You might also want to scale the data as shown in:
    https://scikit-learn.org/stable/modules/preprocessing.html
  _check_optimize_result("lbfgs", opt_res)
C:\Users\diogo\AppData\Roaming\Python\Python310\site-packages\sklearn\gaussian_process\kernels.py:450: ConvergenceWarning: The optimal value found for dimension 0 of parameter k1__k2__length_scale is close to the specified upper bound 1000.0. Increasing the bound and calling fit again may find a better value.
  warnings.warn(
C:\Users\diogo\AppData\Roaming\Python\Python310\site-packages\sklearn\gaussian_process\kernels.py:450: ConvergenceWarning: The optimal value found for dimension 1 of parameter k1__k2__length_scale is close to the specified upper bound 1000.0. Increasing the bound and calling fit again may find a better value.
  warnings.warn(
C:\Users\diogo\AppData\Roaming\Python\Python310\site-packages\sklearn\gaussian_process\kernels.py:450: ConvergenceWarning: The optimal value found for dimension 3 of parameter k1__k2__length_scale is close to the specified upper bound 1000.0. Increasing the bound and calling fit again may find a better value.
  warnings.warn(
C:\Users\diogo\AppData\Roaming\Python\Python310\site-packages\sklearn\gaussian_process\kernels.py:440: ConvergenceWarning: The optimal value found for dimension 0 of parameter k2__noise_level is close to the specified lower bound 1e-08. Decreasing the bound and calling fit again may find a better value.
  warnings.warn(
C:\Users\diogo\AppData\Roaming\Python\Python310\site-packages\sklearn\gaussian_process\kernels.py:450: ConvergenceWarning: The optimal value found for dimension 2 of parameter k1__k2__length_scale is close to the specified upper bound 1000.0. Increasing the bound and calling fit again may find a better value.
  warnings.warn(
C:\Users\diogo\AppData\Roaming\Python\Python310\site-packages\sklearn\gaussian_process\kernels.py:450: ConvergenceWarning: The optimal value found for dimension 2 of parameter k1__k2__length_scale is close to the specified upper bound 1000.0. Increasing the bound and calling fit again may find a better value.
  warnings.warn(
C:\Users\diogo\AppData\Roaming\Python\Python310\site-packages\sklearn\gaussian_process\kernels.py:450: ConvergenceWarning: The optimal value found for dimension 2 of parameter k1__k2__length_scale is close to the specified upper bound 1000.0. Increasing the bound and calling fit again may find a better value.
  warnings.warn(
C:\Users\diogo\AppData\Roaming\Python\Python310\site-packages\sklearn\gaussian_process\_gpr.py:663: ConvergenceWarning: lbfgs failed to converge after 28 iteration(s) (status=2):
ABNORMAL: 

You might also want to scale the data as shown in:
    https://scikit-learn.org/stable/modules/preprocessing.html
  _check_optimize_result("lbfgs", opt_res)
C:\Users\diogo\AppData\Roaming\Python\Python310\site-packages\sklearn\gaussian_process\_gpr.py:663: ConvergenceWarning: lbfgs failed to converge after 13 iteration(s) (status=2):
ABNORMAL: 

You might also want to scale the data as shown in:
    https://scikit-learn.org/stable/modules/preprocessing.html
  _check_optimize_result("lbfgs", opt_res)
C:\Users\diogo\AppData\Roaming\Python\Python310\site-packages\sklearn\gaussian_process\_gpr.py:663: ConvergenceWarning: lbfgs failed to converge after 16 iteration(s) (status=2):
ABNORMAL: 

You might also want to scale the data as shown in:
    https://scikit-learn.org/stable/modules/preprocessing.html
  _check_optimize_result("lbfgs", opt_res)
C:\Users\diogo\AppData\Roaming\Python\Python310\site-packages\sklearn\gaussian_process\_gpr.py:663: ConvergenceWarning: lbfgs failed to converge after 33 iteration(s) (status=2):
ABNORMAL: 

You might also want to scale the data as shown in:
    https://scikit-learn.org/stable/modules/preprocessing.html
  _check_optimize_result("lbfgs", opt_res)
C:\Users\diogo\AppData\Roaming\Python\Python310\site-packages\sklearn\gaussian_process\_gpr.py:663: ConvergenceWarning: lbfgs failed to converge after 15 iteration(s) (status=2):
ABNORMAL: 

You might also want to scale the data as shown in:
    https://scikit-learn.org/stable/modules/preprocessing.html
  _check_optimize_result("lbfgs", opt_res)
C:\Users\diogo\AppData\Roaming\Python\Python310\site-packages\sklearn\gaussian_process\kernels.py:450: ConvergenceWarning: The optimal value found for dimension 1 of parameter k1__k2__length_scale is close to the specified upper bound 1000.0. Increasing the bound and calling fit again may find a better value.
  warnings.warn(
C:\Users\diogo\AppData\Roaming\Python\Python310\site-packages\sklearn\gaussian_process\kernels.py:450: ConvergenceWarning: The optimal value found for dimension 2 of parameter k1__k2__length_scale is close to the specified upper bound 1000.0. Increasing the bound and calling fit again may find a better value.
  warnings.warn(
C:\Users\diogo\AppData\Roaming\Python\Python310\site-packages\sklearn\gaussian_process\kernels.py:450: ConvergenceWarning: The optimal value found for dimension 3 of parameter k1__k2__length_scale is close to the specified upper bound 1000.0. Increasing the bound and calling fit again may find a better value.
  warnings.warn(
C:\Users\diogo\AppData\Roaming\Python\Python310\site-packages\sklearn\gaussian_process\kernels.py:440: ConvergenceWarning: The optimal value found for dimension 0 of parameter k2__noise_level is close to the specified lower bound 1e-08. Decreasing the bound and calling fit again may find a better value.
  warnings.warn(
C:\Users\diogo\AppData\Roaming\Python\Python310\site-packages\sklearn\gaussian_process\_gpr.py:663: ConvergenceWarning: lbfgs failed to converge after 11 iteration(s) (status=2):
ABNORMAL: 

You might also want to scale the data as shown in:
    https://scikit-learn.org/stable/modules/preprocessing.html
  _check_optimize_result("lbfgs", opt_res)
C:\Users\diogo\AppData\Roaming\Python\Python310\site-packages\sklearn\gaussian_process\_gpr.py:663: ConvergenceWarning: lbfgs failed to converge after 14 iteration(s) (status=2):
ABNORMAL: 

You might also want to scale the data as shown in:
    https://scikit-learn.org/stable/modules/preprocessing.html
  _check_optimize_result("lbfgs", opt_res)
C:\Users\diogo\AppData\Roaming\Python\Python310\site-packages\sklearn\gaussian_process\_gpr.py:663: ConvergenceWarning: lbfgs failed to converge after 15 iteration(s) (status=2):
ABNORMAL: 

You might also want to scale the data as shown in:
    https://scikit-learn.org/stable/modules/preprocessing.html
  _check_optimize_result("lbfgs", opt_res)
C:\Users\diogo\AppData\Roaming\Python\Python310\site-packages\sklearn\gaussian_process\_gpr.py:663: ConvergenceWarning: lbfgs failed to converge after 16 iteration(s) (status=2):
ABNORMAL: 

You might also want to scale the data as shown in:
    https://scikit-learn.org/stable/modules/preprocessing.html
  _check_optimize_result("lbfgs", opt_res)
C:\Users\diogo\AppData\Roaming\Python\Python310\site-packages\sklearn\gaussian_process\kernels.py:450: ConvergenceWarning: The optimal value found for dimension 0 of parameter k1__k2__length_scale is close to the specified upper bound 1000.0. Increasing the bound and calling fit again may find a better value.
  warnings.warn(
C:\Users\diogo\AppData\Roaming\Python\Python310\site-packages\sklearn\gaussian_process\kernels.py:450: ConvergenceWarning: The optimal value found for dimension 1 of parameter k1__k2__length_scale is close to the specified upper bound 1000.0. Increasing the bound and calling fit again may find a better value.
  warnings.warn(
C:\Users\diogo\AppData\Roaming\Python\Python310\site-packages\sklearn\gaussian_process\kernels.py:450: ConvergenceWarning: The optimal value found for dimension 3 of parameter k1__k2__length_scale is close to the specified upper bound 1000.0. Increasing the bound and calling fit again may find a better value.
  warnings.warn(
C:\Users\diogo\AppData\Roaming\Python\Python310\site-packages\sklearn\gaussian_process\kernels.py:440: ConvergenceWarning: The optimal value found for dimension 0 of parameter k2__noise_level is close to the specified lower bound 1e-08. Decreasing the bound and calling fit again may find a better value.
  warnings.warn(
C:\Users\diogo\AppData\Roaming\Python\Python310\site-packages\sklearn\gaussian_process\kernels.py:450: ConvergenceWarning: The optimal value found for dimension 3 of parameter k1__k2__length_scale is close to the specified upper bound 1000.0. Increasing the bound and calling fit again may find a better value.
  warnings.warn(
C:\Users\diogo\AppData\Roaming\Python\Python310\site-packages\sklearn\gaussian_process\kernels.py:450: ConvergenceWarning: The optimal value found for dimension 2 of parameter k1__k2__length_scale is close to the specified upper bound 1000.0. Increasing the bound and calling fit again may find a better value.
  warnings.warn(
C:\Users\diogo\AppData\Roaming\Python\Python310\site-packages\sklearn\gaussian_process\kernels.py:450: ConvergenceWarning: The optimal value found for dimension 2 of parameter k1__k2__length_scale is close to the specified upper bound 1000.0. Increasing the bound and calling fit again may find a better value.
  warnings.warn(
C:\Users\diogo\AppData\Roaming\Python\Python310\site-packages\sklearn\gaussian_process\_gpr.py:663: ConvergenceWarning: lbfgs failed to converge after 15 iteration(s) (status=2):
ABNORMAL: 

You might also want to scale the data as shown in:
    https://scikit-learn.org/stable/modules/preprocessing.html
  _check_optimize_result("lbfgs", opt_res)
C:\Users\diogo\AppData\Roaming\Python\Python310\site-packages\sklearn\gaussian_process\_gpr.py:663: ConvergenceWarning: lbfgs failed to converge after 12 iteration(s) (status=2):
ABNORMAL: 

You might also want to scale the data as shown in:
    https://scikit-learn.org/stable/modules/preprocessing.html
  _check_optimize_result("lbfgs", opt_res)
C:\Users\diogo\AppData\Roaming\Python\Python310\site-packages\sklearn\gaussian_process\_gpr.py:663: ConvergenceWarning: lbfgs failed to converge after 13 iteration(s) (status=2):
ABNORMAL: 

You might also want to scale the data as shown in:
    https://scikit-learn.org/stable/modules/preprocessing.html
  _check_optimize_result("lbfgs", opt_res)
C:\Users\diogo\AppData\Roaming\Python\Python310\site-packages\sklearn\gaussian_process\kernels.py:450: ConvergenceWarning: The optimal value found for dimension 1 of parameter k1__k2__length_scale is close to the specified upper bound 1000.0. Increasing the bound and calling fit again may find a better value.
  warnings.warn(
C:\Users\diogo\AppData\Roaming\Python\Python310\site-packages\sklearn\gaussian_process\kernels.py:450: ConvergenceWarning: The optimal value found for dimension 2 of parameter k1__k2__length_scale is close to the specified upper bound 1000.0. Increasing the bound and calling fit again may find a better value.
  warnings.warn(
C:\Users\diogo\AppData\Roaming\Python\Python310\site-packages\sklearn\gaussian_process\kernels.py:450: ConvergenceWarning: The optimal value found for dimension 3 of parameter k1__k2__length_scale is close to the specified upper bound 1000.0. Increasing the bound and calling fit again may find a better value.
  warnings.warn(
C:\Users\diogo\AppData\Roaming\Python\Python310\site-packages\sklearn\gaussian_process\kernels.py:440: ConvergenceWarning: The optimal value found for dimension 0 of parameter k2__noise_level is close to the specified lower bound 1e-08. Decreasing the bound and calling fit again may find a better value.
  warnings.warn(
C:\Users\diogo\AppData\Roaming\Python\Python310\site-packages\sklearn\gaussian_process\_gpr.py:663: ConvergenceWarning: lbfgs failed to converge after 16 iteration(s) (status=2):
ABNORMAL: 

You might also want to scale the data as shown in:
    https://scikit-learn.org/stable/modules/preprocessing.html
  _check_optimize_result("lbfgs", opt_res)
C:\Users\diogo\AppData\Roaming\Python\Python310\site-packages\sklearn\gaussian_process\_gpr.py:663: ConvergenceWarning: lbfgs failed to converge after 11 iteration(s) (status=2):
ABNORMAL: 

You might also want to scale the data as shown in:
    https://scikit-learn.org/stable/modules/preprocessing.html
  _check_optimize_result("lbfgs", opt_res)
C:\Users\diogo\AppData\Roaming\Python\Python310\site-packages\sklearn\gaussian_process\_gpr.py:663: ConvergenceWarning: lbfgs failed to converge after 12 iteration(s) (status=2):
ABNORMAL: 

You might also want to scale the data as shown in:
    https://scikit-learn.org/stable/modules/preprocessing.html
  _check_optimize_result("lbfgs", opt_res)
C:\Users\diogo\AppData\Roaming\Python\Python310\site-packages\sklearn\gaussian_process\kernels.py:450: ConvergenceWarning: The optimal value found for dimension 0 of parameter k1__k2__length_scale is close to the specified upper bound 1000.0. Increasing the bound and calling fit again may find a better value.
  warnings.warn(
C:\Users\diogo\AppData\Roaming\Python\Python310\site-packages\sklearn\gaussian_process\kernels.py:450: ConvergenceWarning: The optimal value found for dimension 1 of parameter k1__k2__length_scale is close to the specified upper bound 1000.0. Increasing the bound and calling fit again may find a better value.
  warnings.warn(
C:\Users\diogo\AppData\Roaming\Python\Python310\site-packages\sklearn\gaussian_process\kernels.py:450: ConvergenceWarning: The optimal value found for dimension 3 of parameter k1__k2__length_scale is close to the specified upper bound 1000.0. Increasing the bound and calling fit again may find a better value.
  warnings.warn(
C:\Users\diogo\AppData\Roaming\Python\Python310\site-packages\sklearn\gaussian_process\kernels.py:440: ConvergenceWarning: The optimal value found for dimension 0 of parameter k2__noise_level is close to the specified lower bound 1e-08. Decreasing the bound and calling fit again may find a better value.
  warnings.warn(
C:\Users\diogo\AppData\Roaming\Python\Python310\site-packages\sklearn\gaussian_process\kernels.py:450: ConvergenceWarning: The optimal value found for dimension 3 of parameter k1__k2__length_scale is close to the specified upper bound 1000.0. Increasing the bound and calling fit again may find a better value.
  warnings.warn(
C:\Users\diogo\AppData\Roaming\Python\Python310\site-packages\sklearn\gaussian_process\kernels.py:450: ConvergenceWarning: The optimal value found for dimension 2 of parameter k1__k2__length_scale is close to the specified upper bound 1000.0. Increasing the bound and calling fit again may find a better value.
  warnings.warn(
C:\Users\diogo\AppData\Roaming\Python\Python310\site-packages\sklearn\gaussian_process\kernels.py:440: ConvergenceWarning: The optimal value found for dimension 0 of parameter k2__noise_level is close to the specified lower bound 1e-08. Decreasing the bound and calling fit again may find a better value.
  warnings.warn(
C:\Users\diogo\AppData\Roaming\Python\Python310\site-packages\sklearn\gaussian_process\kernels.py:450: ConvergenceWarning: The optimal value found for dimension 2 of parameter k1__k2__length_scale is close to the specified upper bound 1000.0. Increasing the bound and calling fit again may find a better value.
  warnings.warn(
C:\Users\diogo\AppData\Roaming\Python\Python310\site-packages\sklearn\gaussian_process\kernels.py:440: ConvergenceWarning: The optimal value found for dimension 0 of parameter k2__noise_level is close to the specified lower bound 1e-08. Decreasing the bound and calling fit again may find a better value.
  warnings.warn(
C:\Users\diogo\AppData\Roaming\Python\Python310\site-packages\sklearn\gaussian_process\_gpr.py:663: ConvergenceWarning: lbfgs failed to converge after 17 iteration(s) (status=2):
ABNORMAL: 

You might also want to scale the data as shown in:
    https://scikit-learn.org/stable/modules/preprocessing.html
  _check_optimize_result("lbfgs", opt_res)
C:\Users\diogo\AppData\Roaming\Python\Python310\site-packages\sklearn\gaussian_process\kernels.py:450: ConvergenceWarning: The optimal value found for dimension 1 of parameter k1__k2__length_scale is close to the specified upper bound 1000.0. Increasing the bound and calling fit again may find a better value.
  warnings.warn(
C:\Users\diogo\AppData\Roaming\Python\Python310\site-packages\sklearn\gaussian_process\kernels.py:450: ConvergenceWarning: The optimal value found for dimension 2 of parameter k1__k2__length_scale is close to the specified upper bound 1000.0. Increasing the bound and calling fit again may find a better value.
  warnings.warn(
C:\Users\diogo\AppData\Roaming\Python\Python310\site-packages\sklearn\gaussian_process\kernels.py:450: ConvergenceWarning: The optimal value found for dimension 3 of parameter k1__k2__length_scale is close to the specified upper bound 1000.0. Increasing the bound and calling fit again may find a better value.
  warnings.warn(
C:\Users\diogo\AppData\Roaming\Python\Python310\site-packages\sklearn\gaussian_process\kernels.py:440: ConvergenceWarning: The optimal value found for dimension 0 of parameter k2__noise_level is close to the specified lower bound 1e-08. Decreasing the bound and calling fit again may find a better value.
  warnings.warn(
C:\Users\diogo\AppData\Roaming\Python\Python310\site-packages\sklearn\gaussian_process\kernels.py:440: ConvergenceWarning: The optimal value found for dimension 0 of parameter k2__noise_level is close to the specified lower bound 1e-08. Decreasing the bound and calling fit again may find a better value.
  warnings.warn(
C:\Users\diogo\AppData\Roaming\Python\Python310\site-packages\sklearn\gaussian_process\_gpr.py:663: ConvergenceWarning: lbfgs failed to converge after 12 iteration(s) (status=2):
ABNORMAL: 

You might also want to scale the data as shown in:
    https://scikit-learn.org/stable/modules/preprocessing.html
  _check_optimize_result("lbfgs", opt_res)
C:\Users\diogo\AppData\Roaming\Python\Python310\site-packages\sklearn\gaussian_process\_gpr.py:663: ConvergenceWarning: lbfgs failed to converge after 9 iteration(s) (status=2):
ABNORMAL: 

You might also want to scale the data as shown in:
    https://scikit-learn.org/stable/modules/preprocessing.html
  _check_optimize_result("lbfgs", opt_res)
C:\Users\diogo\AppData\Roaming\Python\Python310\site-packages\sklearn\gaussian_process\kernels.py:450: ConvergenceWarning: The optimal value found for dimension 0 of parameter k1__k2__length_scale is close to the specified upper bound 1000.0. Increasing the bound and calling fit again may find a better value.
  warnings.warn(
C:\Users\diogo\AppData\Roaming\Python\Python310\site-packages\sklearn\gaussian_process\kernels.py:450: ConvergenceWarning: The optimal value found for dimension 1 of parameter k1__k2__length_scale is close to the specified upper bound 1000.0. Increasing the bound and calling fit again may find a better value.
  warnings.warn(
C:\Users\diogo\AppData\Roaming\Python\Python310\site-packages\sklearn\gaussian_process\kernels.py:450: ConvergenceWarning: The optimal value found for dimension 3 of parameter k1__k2__length_scale is close to the specified upper bound 1000.0. Increasing the bound and calling fit again may find a better value.
  warnings.warn(
C:\Users\diogo\AppData\Roaming\Python\Python310\site-packages\sklearn\gaussian_process\kernels.py:440: ConvergenceWarning: The optimal value found for dimension 0 of parameter k2__noise_level is close to the specified lower bound 1e-08. Decreasing the bound and calling fit again may find a better value.
  warnings.warn(
C:\Users\diogo\AppData\Roaming\Python\Python310\site-packages\sklearn\gaussian_process\kernels.py:450: ConvergenceWarning: The optimal value found for dimension 2 of parameter k1__k2__length_scale is close to the specified upper bound 1000.0. Increasing the bound and calling fit again may find a better value.
  warnings.warn(
C:\Users\diogo\AppData\Roaming\Python\Python310\site-packages\sklearn\gaussian_process\kernels.py:440: ConvergenceWarning: The optimal value found for dimension 0 of parameter k2__noise_level is close to the specified lower bound 1e-08. Decreasing the bound and calling fit again may find a better value.
  warnings.warn(
C:\Users\diogo\AppData\Roaming\Python\Python310\site-packages\sklearn\gaussian_process\kernels.py:450: ConvergenceWarning: The optimal value found for dimension 2 of parameter k1__k2__length_scale is close to the specified upper bound 1000.0. Increasing the bound and calling fit again may find a better value.
  warnings.warn(
C:\Users\diogo\AppData\Roaming\Python\Python310\site-packages\sklearn\gaussian_process\kernels.py:440: ConvergenceWarning: The optimal value found for dimension 0 of parameter k2__noise_level is close to the specified lower bound 1e-08. Decreasing the bound and calling fit again may find a better value.
  warnings.warn(
C:\Users\diogo\AppData\Roaming\Python\Python310\site-packages\sklearn\gaussian_process\kernels.py:450: ConvergenceWarning: The optimal value found for dimension 2 of parameter k1__k2__length_scale is close to the specified upper bound 1000.0. Increasing the bound and calling fit again may find a better value.
  warnings.warn(
C:\Users\diogo\AppData\Roaming\Python\Python310\site-packages\sklearn\gaussian_process\_gpr.py:663: ConvergenceWarning: lbfgs failed to converge after 17 iteration(s) (status=2):
ABNORMAL: 

You might also want to scale the data as shown in:
    https://scikit-learn.org/stable/modules/preprocessing.html
  _check_optimize_result("lbfgs", opt_res)
C:\Users\diogo\AppData\Roaming\Python\Python310\site-packages\sklearn\gaussian_process\kernels.py:450: ConvergenceWarning: The optimal value found for dimension 1 of parameter k1__k2__length_scale is close to the specified upper bound 1000.0. Increasing the bound and calling fit again may find a better value.
  warnings.warn(
C:\Users\diogo\AppData\Roaming\Python\Python310\site-packages\sklearn\gaussian_process\kernels.py:450: ConvergenceWarning: The optimal value found for dimension 2 of parameter k1__k2__length_scale is close to the specified upper bound 1000.0. Increasing the bound and calling fit again may find a better value.
  warnings.warn(
C:\Users\diogo\AppData\Roaming\Python\Python310\site-packages\sklearn\gaussian_process\kernels.py:450: ConvergenceWarning: The optimal value found for dimension 3 of parameter k1__k2__length_scale is close to the specified upper bound 1000.0. Increasing the bound and calling fit again may find a better value.
  warnings.warn(
C:\Users\diogo\AppData\Roaming\Python\Python310\site-packages\sklearn\gaussian_process\kernels.py:440: ConvergenceWarning: The optimal value found for dimension 0 of parameter k2__noise_level is close to the specified lower bound 1e-08. Decreasing the bound and calling fit again may find a better value.
  warnings.warn(
C:\Users\diogo\AppData\Roaming\Python\Python310\site-packages\sklearn\gaussian_process\_gpr.py:663: ConvergenceWarning: lbfgs failed to converge after 13 iteration(s) (status=2):
ABNORMAL: 

You might also want to scale the data as shown in:
    https://scikit-learn.org/stable/modules/preprocessing.html
  _check_optimize_result("lbfgs", opt_res)
C:\Users\diogo\AppData\Roaming\Python\Python310\site-packages\sklearn\gaussian_process\kernels.py:450: ConvergenceWarning: The optimal value found for dimension 0 of parameter k1__k2__length_scale is close to the specified upper bound 1000.0. Increasing the bound and calling fit again may find a better value.
  warnings.warn(
C:\Users\diogo\AppData\Roaming\Python\Python310\site-packages\sklearn\gaussian_process\kernels.py:450: ConvergenceWarning: The optimal value found for dimension 1 of parameter k1__k2__length_scale is close to the specified upper bound 1000.0. Increasing the bound and calling fit again may find a better value.
  warnings.warn(
C:\Users\diogo\AppData\Roaming\Python\Python310\site-packages\sklearn\gaussian_process\kernels.py:450: ConvergenceWarning: The optimal value found for dimension 3 of parameter k1__k2__length_scale is close to the specified upper bound 1000.0. Increasing the bound and calling fit again may find a better value.
  warnings.warn(
C:\Users\diogo\AppData\Roaming\Python\Python310\site-packages\sklearn\gaussian_process\kernels.py:440: ConvergenceWarning: The optimal value found for dimension 0 of parameter k2__noise_level is close to the specified lower bound 1e-08. Decreasing the bound and calling fit again may find a better value.
  warnings.warn(
C:\Users\diogo\AppData\Roaming\Python\Python310\site-packages\sklearn\gaussian_process\kernels.py:450: ConvergenceWarning: The optimal value found for dimension 2 of parameter k1__k2__length_scale is close to the specified upper bound 1000.0. Increasing the bound and calling fit again may find a better value.
  warnings.warn(
C:\Users\diogo\AppData\Roaming\Python\Python310\site-packages\sklearn\gaussian_process\kernels.py:450: ConvergenceWarning: The optimal value found for dimension 2 of parameter k1__k2__length_scale is close to the specified upper bound 1000.0. Increasing the bound and calling fit again may find a better value.
  warnings.warn(
C:\Users\diogo\AppData\Roaming\Python\Python310\site-packages\sklearn\gaussian_process\kernels.py:450: ConvergenceWarning: The optimal value found for dimension 2 of parameter k1__k2__length_scale is close to the specified upper bound 1000.0. Increasing the bound and calling fit again may find a better value.
  warnings.warn(
C:\Users\diogo\AppData\Roaming\Python\Python310\site-packages\sklearn\gaussian_process\_gpr.py:663: ConvergenceWarning: lbfgs failed to converge after 16 iteration(s) (status=2):
ABNORMAL: 

You might also want to scale the data as shown in:
    https://scikit-learn.org/stable/modules/preprocessing.html
  _check_optimize_result("lbfgs", opt_res)
C:\Users\diogo\AppData\Roaming\Python\Python310\site-packages\sklearn\gaussian_process\_gpr.py:663: ConvergenceWarning: lbfgs failed to converge after 30 iteration(s) (status=2):
ABNORMAL: 

You might also want to scale the data as shown in:
    https://scikit-learn.org/stable/modules/preprocessing.html
  _check_optimize_result("lbfgs", opt_res)
C:\Users\diogo\AppData\Roaming\Python\Python310\site-packages\sklearn\gaussian_process\_gpr.py:663: ConvergenceWarning: lbfgs failed to converge after 15 iteration(s) (status=2):
ABNORMAL: 

You might also want to scale the data as shown in:
    https://scikit-learn.org/stable/modules/preprocessing.html
  _check_optimize_result("lbfgs", opt_res)
C:\Users\diogo\AppData\Roaming\Python\Python310\site-packages\sklearn\gaussian_process\kernels.py:450: ConvergenceWarning: The optimal value found for dimension 1 of parameter k1__k2__length_scale is close to the specified upper bound 1000.0. Increasing the bound and calling fit again may find a better value.
  warnings.warn(
C:\Users\diogo\AppData\Roaming\Python\Python310\site-packages\sklearn\gaussian_process\kernels.py:450: ConvergenceWarning: The optimal value found for dimension 2 of parameter k1__k2__length_scale is close to the specified upper bound 1000.0. Increasing the bound and calling fit again may find a better value.
  warnings.warn(
C:\Users\diogo\AppData\Roaming\Python\Python310\site-packages\sklearn\gaussian_process\kernels.py:450: ConvergenceWarning: The optimal value found for dimension 3 of parameter k1__k2__length_scale is close to the specified upper bound 1000.0. Increasing the bound and calling fit again may find a better value.
  warnings.warn(
C:\Users\diogo\AppData\Roaming\Python\Python310\site-packages\sklearn\gaussian_process\kernels.py:440: ConvergenceWarning: The optimal value found for dimension 0 of parameter k2__noise_level is close to the specified lower bound 1e-08. Decreasing the bound and calling fit again may find a better value.
  warnings.warn(
C:\Users\diogo\AppData\Roaming\Python\Python310\site-packages\sklearn\gaussian_process\_gpr.py:663: ConvergenceWarning: lbfgs failed to converge after 13 iteration(s) (status=2):
ABNORMAL: 

You might also want to scale the data as shown in:
    https://scikit-learn.org/stable/modules/preprocessing.html
  _check_optimize_result("lbfgs", opt_res)
C:\Users\diogo\AppData\Roaming\Python\Python310\site-packages\sklearn\gaussian_process\_gpr.py:663: ConvergenceWarning: lbfgs failed to converge after 16 iteration(s) (status=2):
ABNORMAL: 

You might also want to scale the data as shown in:
    https://scikit-learn.org/stable/modules/preprocessing.html
  _check_optimize_result("lbfgs", opt_res)
C:\Users\diogo\AppData\Roaming\Python\Python310\site-packages\sklearn\gaussian_process\kernels.py:450: ConvergenceWarning: The optimal value found for dimension 0 of parameter k1__k2__length_scale is close to the specified upper bound 1000.0. Increasing the bound and calling fit again may find a better value.
  warnings.warn(
C:\Users\diogo\AppData\Roaming\Python\Python310\site-packages\sklearn\gaussian_process\kernels.py:450: ConvergenceWarning: The optimal value found for dimension 1 of parameter k1__k2__length_scale is close to the specified upper bound 1000.0. Increasing the bound and calling fit again may find a better value.
  warnings.warn(
C:\Users\diogo\AppData\Roaming\Python\Python310\site-packages\sklearn\gaussian_process\kernels.py:450: ConvergenceWarning: The optimal value found for dimension 3 of parameter k1__k2__length_scale is close to the specified upper bound 1000.0. Increasing the bound and calling fit again may find a better value.
  warnings.warn(
C:\Users\diogo\AppData\Roaming\Python\Python310\site-packages\sklearn\gaussian_process\kernels.py:440: ConvergenceWarning: The optimal value found for dimension 0 of parameter k2__noise_level is close to the specified lower bound 1e-08. Decreasing the bound and calling fit again may find a better value.
  warnings.warn(
C:\Users\diogo\AppData\Roaming\Python\Python310\site-packages\sklearn\gaussian_process\kernels.py:450: ConvergenceWarning: The optimal value found for dimension 2 of parameter k1__k2__length_scale is close to the specified upper bound 1000.0. Increasing the bound and calling fit again may find a better value.
  warnings.warn(
C:\Users\diogo\AppData\Roaming\Python\Python310\site-packages\sklearn\gaussian_process\kernels.py:440: ConvergenceWarning: The optimal value found for dimension 0 of parameter k2__noise_level is close to the specified lower bound 1e-08. Decreasing the bound and calling fit again may find a better value.
  warnings.warn(
C:\Users\diogo\AppData\Roaming\Python\Python310\site-packages\sklearn\gaussian_process\kernels.py:450: ConvergenceWarning: The optimal value found for dimension 2 of parameter k1__k2__length_scale is close to the specified upper bound 1000.0. Increasing the bound and calling fit again may find a better value.
  warnings.warn(

=== rule asrun: {'acq_rule': 'margin', 'boron': False}
  block 1 (train 24): match 0/6 | low-gd 1 | pred>2763 ppm 0 | pof mean 0.45 | sep mean 0.213 min 0.072 | eligible 0/300 | 40.9 s
     enrich   4.918  gd_wt   5.522  refl_thick   5.660  gd_pins  22.815  F 1.580  c_max  1498  pof 0.52
     enrich   5.533  gd_wt   7.411  refl_thick   5.660  gd_pins  27.022  F 1.627  c_max  1096  pof 0.41
     enrich   4.449  gd_wt   3.830  refl_thick   5.658  gd_pins  17.364  F 1.534  c_max  2101  pof 0.48
     enrich   5.312  gd_wt   6.265  refl_thick   5.659  gd_pins  25.787  F 1.603  c_max  1289  pof 0.50
     enrich   4.489  gd_wt   4.714  refl_thick   5.660  gd_pins  19.929  F 1.554  c_max  1658  pof 0.26
     enrich   4.140  gd_wt   0.799  refl_thick   5.660  gd_pins  31.505  F 1.517  c_max  2444  pof 0.53
  block 2 (train 30): match 0/6 | low-gd 2 | pred>2763 ppm 0 | pof mean 0.49 | sep mean 0.167 min 0.035 | eligible 0/300 | 40.4 s
     enrich   4.272  gd_wt   2.886  refl_thick   5.660  gd_pins  17.483  F 1.528  c_max  1570  pof 0.50
     enrich   4.099  gd_wt   0.324  refl_thick   5.657  gd_pins  26.339  F 1.500  c_max  2466  pof 0.50
     enrich   4.417  gd_wt   2.202  refl_thick   5.660  gd_pins  14.332  F 1.512  c_max  2181  pof 0.51
     enrich   4.242  gd_wt   3.511  refl_thick   5.660  gd_pins  18.722  F 1.538  c_max  1336  pof 0.41
     enrich   4.336  gd_wt   2.698  refl_thick   5.649  gd_pins  15.621  F 1.519  c_max  1854  pof 0.50
     enrich   4.060  gd_wt   0.000  refl_thick   5.660  gd_pins  28.563  F 1.488  c_max  2742  pof 0.50
  block 3 (train 36): match 0/6 | low-gd 0 | pred>2763 ppm 0 | pof mean 0.40 | sep mean 0.122 min 0.032 | eligible 0/300 | 38.2 s
     enrich   4.289  gd_wt   6.528  refl_thick   5.660  gd_pins  18.448  F 1.593  c_max  1178  pof 0.27
     enrich   4.334  gd_wt   4.645  refl_thick   5.660  gd_pins  19.770  F 1.553  c_max  1293  pof 0.26
     enrich   4.355  gd_wt   5.629  refl_thick   5.660  gd_pins  19.369  F 1.573  c_max  1226  pof 0.36
     enrich   4.237  gd_wt   3.062  refl_thick   5.660  gd_pins  17.430  F 1.512  c_max  1653  pof 0.56
     enrich   4.229  gd_wt   2.776  refl_thick   5.659  gd_pins  15.977  F 1.505  c_max  1808  pof 0.52
     enrich   4.246  gd_wt   3.450  refl_thick   5.659  gd_pins  18.775  F 1.524  c_max  1494  pof 0.44
  block 4 (train 42): match 0/6 | low-gd 1 | pred>2763 ppm 0 | pof mean 0.38 | sep mean 0.125 min 0.020 | eligible 0/300 | 37.2 s
     enrich   3.934  gd_wt   0.006  refl_thick   5.660  gd_pins  28.021  F 1.495  c_max  2722  pof 0.50
     enrich   4.393  gd_wt   4.099  refl_thick   5.660  gd_pins  19.987  F 1.543  c_max  1418  pof 0.33
     enrich   4.235  gd_wt   3.044  refl_thick   5.660  gd_pins  18.186  F 1.515  c_max  1610  pof 0.47
     enrich   4.262  gd_wt   3.299  refl_thick   5.660  gd_pins  19.336  F 1.525  c_max  1517  pof 0.39
     enrich   4.331  gd_wt   3.729  refl_thick   5.660  gd_pins  20.392  F 1.540  c_max  1429  pof 0.29
     enrich   4.443  gd_wt   4.350  refl_thick   5.660  gd_pins  20.694  F 1.551  c_max  1382  pof 0.28
  block 5 (train 48): match 0/6 | low-gd 2 | pred>2763 ppm 0 | pof mean 0.37 | sep mean 0.187 min 0.009 | eligible 0/300 | 39.1 s
     enrich   2.000  gd_wt   0.000  refl_thick   5.660  gd_pins  15.513  F 1.484  c_max  1401  pof 0.48
     enrich   4.207  gd_wt   5.277  refl_thick   5.660  gd_pins  17.340  F 1.541  c_max  1216  pof 0.39
     enrich   4.120  gd_wt   5.153  refl_thick   5.660  gd_pins  16.454  F 1.535  c_max  1231  pof 0.28
     enrich   2.000  gd_wt   0.177  refl_thick   5.660  gd_pins  13.964  F 1.484  c_max  1305  pof 0.46
     enrich   4.261  gd_wt   5.455  refl_thick   5.660  gd_pins  17.794  F 1.545  c_max  1207  pof 0.27
     enrich   4.163  gd_wt   5.191  refl_thick   5.660  gd_pins  16.928  F 1.538  c_max  1222  pof 0.35
  block 6 (train 54): match 0/6 | low-gd 5 | pred>2763 ppm 1 | pof mean 0.46 | sep mean 0.136 min 0.018 | eligible 0/300 | 37.9 s
     enrich   4.209  gd_wt   0.341  refl_thick   5.657  gd_pins  19.803  F 1.509  c_max  2538  pof 0.47
     enrich   4.205  gd_wt   0.227  refl_thick   5.660  gd_pins  21.813  F 1.507  c_max  2636  pof 0.47
     enrich   4.198  gd_wt   0.047  refl_thick   5.660  gd_pins  23.691  F 1.502  c_max  2794  pof 0.45
     enrich   4.240  gd_wt   0.808  refl_thick   5.660  gd_pins  18.577  F 1.512  c_max  2347  pof 0.50
     enrich   4.219  gd_wt   5.074  refl_thick   5.659  gd_pins  16.165  F 1.527  c_max  1414  pof 0.41
     enrich   4.205  gd_wt   0.231  refl_thick   5.660  gd_pins  20.739  F 1.507  c_max  2605  pof 0.45
  summary asrun: {'mean_sep': 0.15830430233647777, 'min_sep': 0.030951779438041862, 'low_gd': 11, 'pred_above_boron': 1, 'pof_mean': 0.4246291671231716, 'match_actual': 0, 'n_picks': 36}

=== rule pof: {'acq_rule': 'pof', 'boron': False}
  block 1 (train 24): match 0/6 | low-gd 0 | pred>2763 ppm 0 | pof mean 0.48 | sep mean 0.160 min 0.043 | eligible 109/300 | 38.3 s
     enrich   4.918  gd_wt   5.522  refl_thick   5.660  gd_pins  22.815  F 1.580  c_max  1498  pof 0.52
     enrich   4.384  gd_wt   3.718  refl_thick   5.659  gd_pins  14.947  F 1.528  c_max  2274  pof 0.51
     enrich   5.564  gd_wt   7.826  refl_thick   5.660  gd_pins  27.074  F 1.634  c_max  1048  pof 0.35
     enrich   4.476  gd_wt   4.194  refl_thick   5.660  gd_pins  18.554  F 1.541  c_max  1915  pof 0.44
     enrich   5.329  gd_wt   6.534  refl_thick   5.660  gd_pins  25.648  F 1.608  c_max  1259  pof 0.51
     enrich   5.272  gd_wt   5.843  refl_thick   5.660  gd_pins  25.757  F 1.596  c_max  1361  pof 0.51
  block 2 (train 30): match 0/6 | low-gd 3 | pred>2763 ppm 0 | pof mean 0.50 | sep mean 0.156 min 0.035 | eligible 172/300 | 47.3 s
     enrich   4.422  gd_wt   1.954  refl_thick   5.660  gd_pins  14.384  F 1.511  c_max  2226  pof 0.50
     enrich   4.148  gd_wt   0.568  refl_thick   5.660  gd_pins  24.111  F 1.510  c_max  2253  pof 0.50
     enrich   4.271  gd_wt   2.822  refl_thick   5.660  gd_pins  17.526  F 1.527  c_max  1578  pof 0.49
     enrich   4.112  gd_wt   0.202  refl_thick   5.660  gd_pins  25.731  F 1.498  c_max  2509  pof 0.50
     enrich   4.350  gd_wt   2.459  refl_thick   5.658  gd_pins  15.545  F 1.517  c_max  1921  pof 0.50
     enrich   4.076  gd_wt   0.001  refl_thick   5.660  gd_pins  27.560  F 1.489  c_max  2700  pof 0.50
  block 3 (train 36): match 0/6 | low-gd 1 | pred>2763 ppm 1 | pof mean 0.43 | sep mean 0.207 min 0.049 | eligible 112/300 | 54.4 s
     enrich   4.269  gd_wt   6.338  refl_thick   5.660  gd_pins  18.265  F 1.588  c_max  1182  pof 0.28
     enrich   4.355  gd_wt   5.629  refl_thick   5.660  gd_pins  19.369  F 1.573  c_max  1226  pof 0.36
     enrich   4.344  gd_wt   4.701  refl_thick   5.660  gd_pins  19.843  F 1.555  c_max  1290  pof 0.30
     enrich   4.194  gd_wt   0.176  refl_thick   5.659  gd_pins  29.002  F 1.500  c_max  2800  pof 0.59
     enrich   4.237  gd_wt   3.062  refl_thick   5.660  gd_pins  17.430  F 1.512  c_max  1653  pof 0.56
     enrich   4.222  gd_wt   2.591  refl_thick   5.660  gd_pins  13.975  F 1.503  c_max  2004  pof 0.50
  block 4 (train 42): match 0/6 | low-gd 4 | pred>2763 ppm 1 | pof mean 0.50 | sep mean 0.170 min 0.020 | eligible 79/300 | 50.2 s
     enrich   3.918  gd_wt   0.003  refl_thick   5.660  gd_pins  27.392  F 1.496  c_max  2695  pof 0.50
     enrich   3.896  gd_wt   0.019  refl_thick   5.660  gd_pins  25.366  F 1.499  c_max  2596  pof 0.50
     enrich   3.978  gd_wt   0.000  refl_thick   5.660  gd_pins  29.749  F 1.494  c_max  2786  pof 0.50
     enrich   3.944  gd_wt   0.000  refl_thick   5.660  gd_pins  28.646  F 1.494  c_max  2747  pof 0.50
     enrich   4.258  gd_wt   2.639  refl_thick   5.660  gd_pins  13.901  F 1.500  c_max  2036  pof 0.50
     enrich   4.225  gd_wt   2.965  refl_thick   5.660  gd_pins  18.050  F 1.513  c_max  1627  pof 0.47
  block 5 (train 48): match 0/6 | low-gd 3 | pred>2763 ppm 0 | pof mean 0.41 | sep mean 0.207 min 0.009 | eligible 0/300 | 37.4 s
     enrich   2.000  gd_wt   0.000  refl_thick   5.660  gd_pins  15.384  F 1.484  c_max  1397  pof 0.48
C:\Users\diogo\AppData\Roaming\Python\Python310\site-packages\sklearn\gaussian_process\kernels.py:450: ConvergenceWarning: The optimal value found for dimension 2 of parameter k1__k2__length_scale is close to the specified upper bound 1000.0. Increasing the bound and calling fit again may find a better value.
  warnings.warn(
C:\Users\diogo\AppData\Roaming\Python\Python310\site-packages\sklearn\gaussian_process\_gpr.py:663: ConvergenceWarning: lbfgs failed to converge after 13 iteration(s) (status=2):
ABNORMAL: 

You might also want to scale the data as shown in:
    https://scikit-learn.org/stable/modules/preprocessing.html
  _check_optimize_result("lbfgs", opt_res)
C:\Users\diogo\AppData\Roaming\Python\Python310\site-packages\sklearn\gaussian_process\_gpr.py:663: ConvergenceWarning: lbfgs failed to converge after 15 iteration(s) (status=2):
ABNORMAL: 

You might also want to scale the data as shown in:
    https://scikit-learn.org/stable/modules/preprocessing.html
  _check_optimize_result("lbfgs", opt_res)
C:\Users\diogo\AppData\Roaming\Python\Python310\site-packages\sklearn\gaussian_process\_gpr.py:663: ConvergenceWarning: lbfgs failed to converge after 31 iteration(s) (status=2):
ABNORMAL: 

You might also want to scale the data as shown in:
    https://scikit-learn.org/stable/modules/preprocessing.html
  _check_optimize_result("lbfgs", opt_res)
C:\Users\diogo\AppData\Roaming\Python\Python310\site-packages\sklearn\gaussian_process\kernels.py:450: ConvergenceWarning: The optimal value found for dimension 1 of parameter k1__k2__length_scale is close to the specified upper bound 1000.0. Increasing the bound and calling fit again may find a better value.
  warnings.warn(
C:\Users\diogo\AppData\Roaming\Python\Python310\site-packages\sklearn\gaussian_process\kernels.py:450: ConvergenceWarning: The optimal value found for dimension 2 of parameter k1__k2__length_scale is close to the specified upper bound 1000.0. Increasing the bound and calling fit again may find a better value.
  warnings.warn(
C:\Users\diogo\AppData\Roaming\Python\Python310\site-packages\sklearn\gaussian_process\kernels.py:450: ConvergenceWarning: The optimal value found for dimension 3 of parameter k1__k2__length_scale is close to the specified upper bound 1000.0. Increasing the bound and calling fit again may find a better value.
  warnings.warn(
C:\Users\diogo\AppData\Roaming\Python\Python310\site-packages\sklearn\gaussian_process\kernels.py:440: ConvergenceWarning: The optimal value found for dimension 0 of parameter k2__noise_level is close to the specified lower bound 1e-08. Decreasing the bound and calling fit again may find a better value.
  warnings.warn(
C:\Users\diogo\AppData\Roaming\Python\Python310\site-packages\sklearn\gaussian_process\_gpr.py:663: ConvergenceWarning: lbfgs failed to converge after 12 iteration(s) (status=2):
ABNORMAL: 

You might also want to scale the data as shown in:
    https://scikit-learn.org/stable/modules/preprocessing.html
  _check_optimize_result("lbfgs", opt_res)
C:\Users\diogo\AppData\Roaming\Python\Python310\site-packages\sklearn\gaussian_process\_gpr.py:663: ConvergenceWarning: lbfgs failed to converge after 11 iteration(s) (status=2):
ABNORMAL: 

You might also want to scale the data as shown in:
    https://scikit-learn.org/stable/modules/preprocessing.html
  _check_optimize_result("lbfgs", opt_res)
C:\Users\diogo\AppData\Roaming\Python\Python310\site-packages\sklearn\gaussian_process\kernels.py:450: ConvergenceWarning: The optimal value found for dimension 0 of parameter k1__k2__length_scale is close to the specified upper bound 1000.0. Increasing the bound and calling fit again may find a better value.
  warnings.warn(
C:\Users\diogo\AppData\Roaming\Python\Python310\site-packages\sklearn\gaussian_process\kernels.py:450: ConvergenceWarning: The optimal value found for dimension 1 of parameter k1__k2__length_scale is close to the specified upper bound 1000.0. Increasing the bound and calling fit again may find a better value.
  warnings.warn(
C:\Users\diogo\AppData\Roaming\Python\Python310\site-packages\sklearn\gaussian_process\kernels.py:450: ConvergenceWarning: The optimal value found for dimension 3 of parameter k1__k2__length_scale is close to the specified upper bound 1000.0. Increasing the bound and calling fit again may find a better value.
  warnings.warn(
C:\Users\diogo\AppData\Roaming\Python\Python310\site-packages\sklearn\gaussian_process\kernels.py:440: ConvergenceWarning: The optimal value found for dimension 0 of parameter k2__noise_level is close to the specified lower bound 1e-08. Decreasing the bound and calling fit again may find a better value.
  warnings.warn(
C:\Users\diogo\AppData\Roaming\Python\Python310\site-packages\sklearn\gaussian_process\kernels.py:450: ConvergenceWarning: The optimal value found for dimension 2 of parameter k1__k2__length_scale is close to the specified upper bound 1000.0. Increasing the bound and calling fit again may find a better value.
  warnings.warn(
C:\Users\diogo\AppData\Roaming\Python\Python310\site-packages\sklearn\gaussian_process\kernels.py:450: ConvergenceWarning: The optimal value found for dimension 2 of parameter k1__k2__length_scale is close to the specified upper bound 1000.0. Increasing the bound and calling fit again may find a better value.
  warnings.warn(
C:\Users\diogo\AppData\Roaming\Python\Python310\site-packages\sklearn\gaussian_process\kernels.py:450: ConvergenceWarning: The optimal value found for dimension 2 of parameter k1__k2__length_scale is close to the specified upper bound 1000.0. Increasing the bound and calling fit again may find a better value.
  warnings.warn(
C:\Users\diogo\AppData\Roaming\Python\Python310\site-packages\sklearn\gaussian_process\_gpr.py:663: ConvergenceWarning: lbfgs failed to converge after 28 iteration(s) (status=2):
ABNORMAL: 

You might also want to scale the data as shown in:
    https://scikit-learn.org/stable/modules/preprocessing.html
  _check_optimize_result("lbfgs", opt_res)
C:\Users\diogo\AppData\Roaming\Python\Python310\site-packages\sklearn\gaussian_process\_gpr.py:663: ConvergenceWarning: lbfgs failed to converge after 13 iteration(s) (status=2):
ABNORMAL: 

You might also want to scale the data as shown in:
    https://scikit-learn.org/stable/modules/preprocessing.html
  _check_optimize_result("lbfgs", opt_res)
C:\Users\diogo\AppData\Roaming\Python\Python310\site-packages\sklearn\gaussian_process\_gpr.py:663: ConvergenceWarning: lbfgs failed to converge after 16 iteration(s) (status=2):
ABNORMAL: 

You might also want to scale the data as shown in:
    https://scikit-learn.org/stable/modules/preprocessing.html
  _check_optimize_result("lbfgs", opt_res)
C:\Users\diogo\AppData\Roaming\Python\Python310\site-packages\sklearn\gaussian_process\_gpr.py:663: ConvergenceWarning: lbfgs failed to converge after 33 iteration(s) (status=2):
ABNORMAL: 

You might also want to scale the data as shown in:
    https://scikit-learn.org/stable/modules/preprocessing.html
  _check_optimize_result("lbfgs", opt_res)
C:\Users\diogo\AppData\Roaming\Python\Python310\site-packages\sklearn\gaussian_process\_gpr.py:663: ConvergenceWarning: lbfgs failed to converge after 15 iteration(s) (status=2):
ABNORMAL: 

You might also want to scale the data as shown in:
    https://scikit-learn.org/stable/modules/preprocessing.html
  _check_optimize_result("lbfgs", opt_res)
C:\Users\diogo\AppData\Roaming\Python\Python310\site-packages\sklearn\gaussian_process\kernels.py:450: ConvergenceWarning: The optimal value found for dimension 1 of parameter k1__k2__length_scale is close to the specified upper bound 1000.0. Increasing the bound and calling fit again may find a better value.
  warnings.warn(
C:\Users\diogo\AppData\Roaming\Python\Python310\site-packages\sklearn\gaussian_process\kernels.py:450: ConvergenceWarning: The optimal value found for dimension 2 of parameter k1__k2__length_scale is close to the specified upper bound 1000.0. Increasing the bound and calling fit again may find a better value.
  warnings.warn(
C:\Users\diogo\AppData\Roaming\Python\Python310\site-packages\sklearn\gaussian_process\kernels.py:450: ConvergenceWarning: The optimal value found for dimension 3 of parameter k1__k2__length_scale is close to the specified upper bound 1000.0. Increasing the bound and calling fit again may find a better value.
  warnings.warn(
C:\Users\diogo\AppData\Roaming\Python\Python310\site-packages\sklearn\gaussian_process\kernels.py:440: ConvergenceWarning: The optimal value found for dimension 0 of parameter k2__noise_level is close to the specified lower bound 1e-08. Decreasing the bound and calling fit again may find a better value.
  warnings.warn(
C:\Users\diogo\AppData\Roaming\Python\Python310\site-packages\sklearn\gaussian_process\_gpr.py:663: ConvergenceWarning: lbfgs failed to converge after 11 iteration(s) (status=2):
ABNORMAL: 

You might also want to scale the data as shown in:
    https://scikit-learn.org/stable/modules/preprocessing.html
  _check_optimize_result("lbfgs", opt_res)
C:\Users\diogo\AppData\Roaming\Python\Python310\site-packages\sklearn\gaussian_process\_gpr.py:663: ConvergenceWarning: lbfgs failed to converge after 14 iteration(s) (status=2):
ABNORMAL: 

You might also want to scale the data as shown in:
    https://scikit-learn.org/stable/modules/preprocessing.html
  _check_optimize_result("lbfgs", opt_res)
C:\Users\diogo\AppData\Roaming\Python\Python310\site-packages\sklearn\gaussian_process\_gpr.py:663: ConvergenceWarning: lbfgs failed to converge after 15 iteration(s) (status=2):
ABNORMAL: 

You might also want to scale the data as shown in:
    https://scikit-learn.org/stable/modules/preprocessing.html
  _check_optimize_result("lbfgs", opt_res)
C:\Users\diogo\AppData\Roaming\Python\Python310\site-packages\sklearn\gaussian_process\_gpr.py:663: ConvergenceWarning: lbfgs failed to converge after 16 iteration(s) (status=2):
ABNORMAL: 

You might also want to scale the data as shown in:
    https://scikit-learn.org/stable/modules/preprocessing.html
  _check_optimize_result("lbfgs", opt_res)
C:\Users\diogo\AppData\Roaming\Python\Python310\site-packages\sklearn\gaussian_process\kernels.py:450: ConvergenceWarning: The optimal value found for dimension 0 of parameter k1__k2__length_scale is close to the specified upper bound 1000.0. Increasing the bound and calling fit again may find a better value.
  warnings.warn(
C:\Users\diogo\AppData\Roaming\Python\Python310\site-packages\sklearn\gaussian_process\kernels.py:450: ConvergenceWarning: The optimal value found for dimension 1 of parameter k1__k2__length_scale is close to the specified upper bound 1000.0. Increasing the bound and calling fit again may find a better value.
  warnings.warn(
C:\Users\diogo\AppData\Roaming\Python\Python310\site-packages\sklearn\gaussian_process\kernels.py:450: ConvergenceWarning: The optimal value found for dimension 3 of parameter k1__k2__length_scale is close to the specified upper bound 1000.0. Increasing the bound and calling fit again may find a better value.
  warnings.warn(
C:\Users\diogo\AppData\Roaming\Python\Python310\site-packages\sklearn\gaussian_process\kernels.py:440: ConvergenceWarning: The optimal value found for dimension 0 of parameter k2__noise_level is close to the specified lower bound 1e-08. Decreasing the bound and calling fit again may find a better value.
  warnings.warn(
C:\Users\diogo\AppData\Roaming\Python\Python310\site-packages\sklearn\gaussian_process\kernels.py:450: ConvergenceWarning: The optimal value found for dimension 3 of parameter k1__k2__length_scale is close to the specified upper bound 1000.0. Increasing the bound and calling fit again may find a better value.
  warnings.warn(
C:\Users\diogo\AppData\Roaming\Python\Python310\site-packages\sklearn\gaussian_process\kernels.py:450: ConvergenceWarning: The optimal value found for dimension 2 of parameter k1__k2__length_scale is close to the specified upper bound 1000.0. Increasing the bound and calling fit again may find a better value.
  warnings.warn(
C:\Users\diogo\AppData\Roaming\Python\Python310\site-packages\sklearn\gaussian_process\kernels.py:450: ConvergenceWarning: The optimal value found for dimension 2 of parameter k1__k2__length_scale is close to the specified upper bound 1000.0. Increasing the bound and calling fit again may find a better value.
  warnings.warn(
C:\Users\diogo\AppData\Roaming\Python\Python310\site-packages\sklearn\gaussian_process\_gpr.py:663: ConvergenceWarning: lbfgs failed to converge after 15 iteration(s) (status=2):
ABNORMAL: 

You might also want to scale the data as shown in:
    https://scikit-learn.org/stable/modules/preprocessing.html
  _check_optimize_result("lbfgs", opt_res)
C:\Users\diogo\AppData\Roaming\Python\Python310\site-packages\sklearn\gaussian_process\_gpr.py:663: ConvergenceWarning: lbfgs failed to converge after 12 iteration(s) (status=2):
ABNORMAL: 

You might also want to scale the data as shown in:
    https://scikit-learn.org/stable/modules/preprocessing.html
  _check_optimize_result("lbfgs", opt_res)
C:\Users\diogo\AppData\Roaming\Python\Python310\site-packages\sklearn\gaussian_process\_gpr.py:663: ConvergenceWarning: lbfgs failed to converge after 13 iteration(s) (status=2):
ABNORMAL: 

You might also want to scale the data as shown in:
    https://scikit-learn.org/stable/modules/preprocessing.html
  _check_optimize_result("lbfgs", opt_res)
C:\Users\diogo\AppData\Roaming\Python\Python310\site-packages\sklearn\gaussian_process\kernels.py:450: ConvergenceWarning: The optimal value found for dimension 1 of parameter k1__k2__length_scale is close to the specified upper bound 1000.0. Increasing the bound and calling fit again may find a better value.
  warnings.warn(
C:\Users\diogo\AppData\Roaming\Python\Python310\site-packages\sklearn\gaussian_process\kernels.py:450: ConvergenceWarning: The optimal value found for dimension 2 of parameter k1__k2__length_scale is close to the specified upper bound 1000.0. Increasing the bound and calling fit again may find a better value.
  warnings.warn(
C:\Users\diogo\AppData\Roaming\Python\Python310\site-packages\sklearn\gaussian_process\kernels.py:450: ConvergenceWarning: The optimal value found for dimension 3 of parameter k1__k2__length_scale is close to the specified upper bound 1000.0. Increasing the bound and calling fit again may find a better value.
  warnings.warn(
C:\Users\diogo\AppData\Roaming\Python\Python310\site-packages\sklearn\gaussian_process\kernels.py:440: ConvergenceWarning: The optimal value found for dimension 0 of parameter k2__noise_level is close to the specified lower bound 1e-08. Decreasing the bound and calling fit again may find a better value.
  warnings.warn(
C:\Users\diogo\AppData\Roaming\Python\Python310\site-packages\sklearn\gaussian_process\_gpr.py:663: ConvergenceWarning: lbfgs failed to converge after 16 iteration(s) (status=2):
ABNORMAL: 

You might also want to scale the data as shown in:
    https://scikit-learn.org/stable/modules/preprocessing.html
  _check_optimize_result("lbfgs", opt_res)
C:\Users\diogo\AppData\Roaming\Python\Python310\site-packages\sklearn\gaussian_process\_gpr.py:663: ConvergenceWarning: lbfgs failed to converge after 11 iteration(s) (status=2):
ABNORMAL: 

You might also want to scale the data as shown in:
    https://scikit-learn.org/stable/modules/preprocessing.html
  _check_optimize_result("lbfgs", opt_res)
C:\Users\diogo\AppData\Roaming\Python\Python310\site-packages\sklearn\gaussian_process\_gpr.py:663: ConvergenceWarning: lbfgs failed to converge after 12 iteration(s) (status=2):
ABNORMAL: 

You might also want to scale the data as shown in:
    https://scikit-learn.org/stable/modules/preprocessing.html
  _check_optimize_result("lbfgs", opt_res)
C:\Users\diogo\AppData\Roaming\Python\Python310\site-packages\sklearn\gaussian_process\kernels.py:450: ConvergenceWarning: The optimal value found for dimension 0 of parameter k1__k2__length_scale is close to the specified upper bound 1000.0. Increasing the bound and calling fit again may find a better value.
  warnings.warn(
C:\Users\diogo\AppData\Roaming\Python\Python310\site-packages\sklearn\gaussian_process\kernels.py:450: ConvergenceWarning: The optimal value found for dimension 1 of parameter k1__k2__length_scale is close to the specified upper bound 1000.0. Increasing the bound and calling fit again may find a better value.
  warnings.warn(
C:\Users\diogo\AppData\Roaming\Python\Python310\site-packages\sklearn\gaussian_process\kernels.py:450: ConvergenceWarning: The optimal value found for dimension 3 of parameter k1__k2__length_scale is close to the specified upper bound 1000.0. Increasing the bound and calling fit again may find a better value.
  warnings.warn(
C:\Users\diogo\AppData\Roaming\Python\Python310\site-packages\sklearn\gaussian_process\kernels.py:440: ConvergenceWarning: The optimal value found for dimension 0 of parameter k2__noise_level is close to the specified lower bound 1e-08. Decreasing the bound and calling fit again may find a better value.
  warnings.warn(
C:\Users\diogo\AppData\Roaming\Python\Python310\site-packages\sklearn\gaussian_process\kernels.py:450: ConvergenceWarning: The optimal value found for dimension 3 of parameter k1__k2__length_scale is close to the specified upper bound 1000.0. Increasing the bound and calling fit again may find a better value.
  warnings.warn(
C:\Users\diogo\AppData\Roaming\Python\Python310\site-packages\sklearn\gaussian_process\kernels.py:450: ConvergenceWarning: The optimal value found for dimension 2 of parameter k1__k2__length_scale is close to the specified upper bound 1000.0. Increasing the bound and calling fit again may find a better value.
  warnings.warn(
C:\Users\diogo\AppData\Roaming\Python\Python310\site-packages\sklearn\gaussian_process\kernels.py:440: ConvergenceWarning: The optimal value found for dimension 0 of parameter k2__noise_level is close to the specified lower bound 1e-08. Decreasing the bound and calling fit again may find a better value.
  warnings.warn(
C:\Users\diogo\AppData\Roaming\Python\Python310\site-packages\sklearn\gaussian_process\kernels.py:450: ConvergenceWarning: The optimal value found for dimension 2 of parameter k1__k2__length_scale is close to the specified upper bound 1000.0. Increasing the bound and calling fit again may find a better value.
  warnings.warn(
C:\Users\diogo\AppData\Roaming\Python\Python310\site-packages\sklearn\gaussian_process\kernels.py:440: ConvergenceWarning: The optimal value found for dimension 0 of parameter k2__noise_level is close to the specified lower bound 1e-08. Decreasing the bound and calling fit again may find a better value.
  warnings.warn(
C:\Users\diogo\AppData\Roaming\Python\Python310\site-packages\sklearn\gaussian_process\_gpr.py:663: ConvergenceWarning: lbfgs failed to converge after 17 iteration(s) (status=2):
ABNORMAL: 

You might also want to scale the data as shown in:
    https://scikit-learn.org/stable/modules/preprocessing.html
  _check_optimize_result("lbfgs", opt_res)
C:\Users\diogo\AppData\Roaming\Python\Python310\site-packages\sklearn\gaussian_process\kernels.py:450: ConvergenceWarning: The optimal value found for dimension 1 of parameter k1__k2__length_scale is close to the specified upper bound 1000.0. Increasing the bound and calling fit again may find a better value.
  warnings.warn(
C:\Users\diogo\AppData\Roaming\Python\Python310\site-packages\sklearn\gaussian_process\kernels.py:450: ConvergenceWarning: The optimal value found for dimension 2 of parameter k1__k2__length_scale is close to the specified upper bound 1000.0. Increasing the bound and calling fit again may find a better value.
  warnings.warn(
C:\Users\diogo\AppData\Roaming\Python\Python310\site-packages\sklearn\gaussian_process\kernels.py:450: ConvergenceWarning: The optimal value found for dimension 3 of parameter k1__k2__length_scale is close to the specified upper bound 1000.0. Increasing the bound and calling fit again may find a better value.
  warnings.warn(
C:\Users\diogo\AppData\Roaming\Python\Python310\site-packages\sklearn\gaussian_process\kernels.py:440: ConvergenceWarning: The optimal value found for dimension 0 of parameter k2__noise_level is close to the specified lower bound 1e-08. Decreasing the bound and calling fit again may find a better value.
  warnings.warn(
C:\Users\diogo\AppData\Roaming\Python\Python310\site-packages\sklearn\gaussian_process\kernels.py:440: ConvergenceWarning: The optimal value found for dimension 0 of parameter k2__noise_level is close to the specified lower bound 1e-08. Decreasing the bound and calling fit again may find a better value.
  warnings.warn(
C:\Users\diogo\AppData\Roaming\Python\Python310\site-packages\sklearn\gaussian_process\_gpr.py:663: ConvergenceWarning: lbfgs failed to converge after 12 iteration(s) (status=2):
ABNORMAL: 

You might also want to scale the data as shown in:
    https://scikit-learn.org/stable/modules/preprocessing.html
  _check_optimize_result("lbfgs", opt_res)
C:\Users\diogo\AppData\Roaming\Python\Python310\site-packages\sklearn\gaussian_process\_gpr.py:663: ConvergenceWarning: lbfgs failed to converge after 9 iteration(s) (status=2):
ABNORMAL: 

You might also want to scale the data as shown in:
    https://scikit-learn.org/stable/modules/preprocessing.html
  _check_optimize_result("lbfgs", opt_res)
C:\Users\diogo\AppData\Roaming\Python\Python310\site-packages\sklearn\gaussian_process\kernels.py:450: ConvergenceWarning: The optimal value found for dimension 0 of parameter k1__k2__length_scale is close to the specified upper bound 1000.0. Increasing the bound and calling fit again may find a better value.
  warnings.warn(
C:\Users\diogo\AppData\Roaming\Python\Python310\site-packages\sklearn\gaussian_process\kernels.py:450: ConvergenceWarning: The optimal value found for dimension 1 of parameter k1__k2__length_scale is close to the specified upper bound 1000.0. Increasing the bound and calling fit again may find a better value.
  warnings.warn(
C:\Users\diogo\AppData\Roaming\Python\Python310\site-packages\sklearn\gaussian_process\kernels.py:450: ConvergenceWarning: The optimal value found for dimension 3 of parameter k1__k2__length_scale is close to the specified upper bound 1000.0. Increasing the bound and calling fit again may find a better value.
  warnings.warn(
C:\Users\diogo\AppData\Roaming\Python\Python310\site-packages\sklearn\gaussian_process\kernels.py:440: ConvergenceWarning: The optimal value found for dimension 0 of parameter k2__noise_level is close to the specified lower bound 1e-08. Decreasing the bound and calling fit again may find a better value.
  warnings.warn(
C:\Users\diogo\AppData\Roaming\Python\Python310\site-packages\sklearn\gaussian_process\kernels.py:450: ConvergenceWarning: The optimal value found for dimension 2 of parameter k1__k2__length_scale is close to the specified upper bound 1000.0. Increasing the bound and calling fit again may find a better value.
  warnings.warn(
C:\Users\diogo\AppData\Roaming\Python\Python310\site-packages\sklearn\gaussian_process\kernels.py:440: ConvergenceWarning: The optimal value found for dimension 0 of parameter k2__noise_level is close to the specified lower bound 1e-08. Decreasing the bound and calling fit again may find a better value.
  warnings.warn(
C:\Users\diogo\AppData\Roaming\Python\Python310\site-packages\sklearn\gaussian_process\kernels.py:450: ConvergenceWarning: The optimal value found for dimension 2 of parameter k1__k2__length_scale is close to the specified upper bound 1000.0. Increasing the bound and calling fit again may find a better value.
  warnings.warn(
C:\Users\diogo\AppData\Roaming\Python\Python310\site-packages\sklearn\gaussian_process\_gpr.py:663: ConvergenceWarning: lbfgs failed to converge after 17 iteration(s) (status=2):
ABNORMAL: 

You might also want to scale the data as shown in:
    https://scikit-learn.org/stable/modules/preprocessing.html
  _check_optimize_result("lbfgs", opt_res)
C:\Users\diogo\AppData\Roaming\Python\Python310\site-packages\sklearn\gaussian_process\kernels.py:450: ConvergenceWarning: The optimal value found for dimension 1 of parameter k1__k2__length_scale is close to the specified upper bound 1000.0. Increasing the bound and calling fit again may find a better value.
  warnings.warn(
C:\Users\diogo\AppData\Roaming\Python\Python310\site-packages\sklearn\gaussian_process\kernels.py:450: ConvergenceWarning: The optimal value found for dimension 2 of parameter k1__k2__length_scale is close to the specified upper bound 1000.0. Increasing the bound and calling fit again may find a better value.
  warnings.warn(
C:\Users\diogo\AppData\Roaming\Python\Python310\site-packages\sklearn\gaussian_process\kernels.py:450: ConvergenceWarning: The optimal value found for dimension 3 of parameter k1__k2__length_scale is close to the specified upper bound 1000.0. Increasing the bound and calling fit again may find a better value.
  warnings.warn(
C:\Users\diogo\AppData\Roaming\Python\Python310\site-packages\sklearn\gaussian_process\kernels.py:440: ConvergenceWarning: The optimal value found for dimension 0 of parameter k2__noise_level is close to the specified lower bound 1e-08. Decreasing the bound and calling fit again may find a better value.
  warnings.warn(
C:\Users\diogo\AppData\Roaming\Python\Python310\site-packages\sklearn\gaussian_process\_gpr.py:663: ConvergenceWarning: lbfgs failed to converge after 13 iteration(s) (status=2):
ABNORMAL: 

You might also want to scale the data as shown in:
    https://scikit-learn.org/stable/modules/preprocessing.html
  _check_optimize_result("lbfgs", opt_res)
C:\Users\diogo\AppData\Roaming\Python\Python310\site-packages\sklearn\gaussian_process\kernels.py:450: ConvergenceWarning: The optimal value found for dimension 0 of parameter k1__k2__length_scale is close to the specified upper bound 1000.0. Increasing the bound and calling fit again may find a better value.
  warnings.warn(
C:\Users\diogo\AppData\Roaming\Python\Python310\site-packages\sklearn\gaussian_process\kernels.py:450: ConvergenceWarning: The optimal value found for dimension 1 of parameter k1__k2__length_scale is close to the specified upper bound 1000.0. Increasing the bound and calling fit again may find a better value.
  warnings.warn(
C:\Users\diogo\AppData\Roaming\Python\Python310\site-packages\sklearn\gaussian_process\kernels.py:450: ConvergenceWarning: The optimal value found for dimension 3 of parameter k1__k2__length_scale is close to the specified upper bound 1000.0. Increasing the bound and calling fit again may find a better value.
  warnings.warn(
C:\Users\diogo\AppData\Roaming\Python\Python310\site-packages\sklearn\gaussian_process\kernels.py:440: ConvergenceWarning: The optimal value found for dimension 0 of parameter k2__noise_level is close to the specified lower bound 1e-08. Decreasing the bound and calling fit again may find a better value.
  warnings.warn(
C:\Users\diogo\AppData\Roaming\Python\Python310\site-packages\sklearn\gaussian_process\kernels.py:450: ConvergenceWarning: The optimal value found for dimension 2 of parameter k1__k2__length_scale is close to the specified upper bound 1000.0. Increasing the bound and calling fit again may find a better value.
  warnings.warn(
C:\Users\diogo\AppData\Roaming\Python\Python310\site-packages\sklearn\gaussian_process\kernels.py:450: ConvergenceWarning: The optimal value found for dimension 2 of parameter k1__k2__length_scale is close to the specified upper bound 1000.0. Increasing the bound and calling fit again may find a better value.
  warnings.warn(
C:\Users\diogo\AppData\Roaming\Python\Python310\site-packages\sklearn\gaussian_process\_gpr.py:663: ConvergenceWarning: lbfgs failed to converge after 16 iteration(s) (status=2):
ABNORMAL: 

You might also want to scale the data as shown in:
    https://scikit-learn.org/stable/modules/preprocessing.html
  _check_optimize_result("lbfgs", opt_res)
C:\Users\diogo\AppData\Roaming\Python\Python310\site-packages\sklearn\gaussian_process\_gpr.py:663: ConvergenceWarning: lbfgs failed to converge after 30 iteration(s) (status=2):
ABNORMAL: 

You might also want to scale the data as shown in:
    https://scikit-learn.org/stable/modules/preprocessing.html
  _check_optimize_result("lbfgs", opt_res)
C:\Users\diogo\AppData\Roaming\Python\Python310\site-packages\sklearn\gaussian_process\_gpr.py:663: ConvergenceWarning: lbfgs failed to converge after 15 iteration(s) (status=2):
ABNORMAL: 

You might also want to scale the data as shown in:
    https://scikit-learn.org/stable/modules/preprocessing.html
  _check_optimize_result("lbfgs", opt_res)
C:\Users\diogo\AppData\Roaming\Python\Python310\site-packages\sklearn\gaussian_process\kernels.py:450: ConvergenceWarning: The optimal value found for dimension 1 of parameter k1__k2__length_scale is close to the specified upper bound 1000.0. Increasing the bound and calling fit again may find a better value.
  warnings.warn(
C:\Users\diogo\AppData\Roaming\Python\Python310\site-packages\sklearn\gaussian_process\kernels.py:450: ConvergenceWarning: The optimal value found for dimension 2 of parameter k1__k2__length_scale is close to the specified upper bound 1000.0. Increasing the bound and calling fit again may find a better value.
  warnings.warn(
C:\Users\diogo\AppData\Roaming\Python\Python310\site-packages\sklearn\gaussian_process\kernels.py:450: ConvergenceWarning: The optimal value found for dimension 3 of parameter k1__k2__length_scale is close to the specified upper bound 1000.0. Increasing the bound and calling fit again may find a better value.
  warnings.warn(
C:\Users\diogo\AppData\Roaming\Python\Python310\site-packages\sklearn\gaussian_process\kernels.py:440: ConvergenceWarning: The optimal value found for dimension 0 of parameter k2__noise_level is close to the specified lower bound 1e-08. Decreasing the bound and calling fit again may find a better value.
  warnings.warn(
C:\Users\diogo\AppData\Roaming\Python\Python310\site-packages\sklearn\gaussian_process\_gpr.py:663: ConvergenceWarning: lbfgs failed to converge after 13 iteration(s) (status=2):
ABNORMAL: 

You might also want to scale the data as shown in:
    https://scikit-learn.org/stable/modules/preprocessing.html
  _check_optimize_result("lbfgs", opt_res)
C:\Users\diogo\AppData\Roaming\Python\Python310\site-packages\sklearn\gaussian_process\_gpr.py:663: ConvergenceWarning: lbfgs failed to converge after 16 iteration(s) (status=2):
ABNORMAL: 

You might also want to scale the data as shown in:
    https://scikit-learn.org/stable/modules/preprocessing.html
  _check_optimize_result("lbfgs", opt_res)
C:\Users\diogo\AppData\Roaming\Python\Python310\site-packages\sklearn\gaussian_process\kernels.py:450: ConvergenceWarning: The optimal value found for dimension 0 of parameter k1__k2__length_scale is close to the specified upper bound 1000.0. Increasing the bound and calling fit again may find a better value.
  warnings.warn(
C:\Users\diogo\AppData\Roaming\Python\Python310\site-packages\sklearn\gaussian_process\kernels.py:450: ConvergenceWarning: The optimal value found for dimension 1 of parameter k1__k2__length_scale is close to the specified upper bound 1000.0. Increasing the bound and calling fit again may find a better value.
  warnings.warn(
C:\Users\diogo\AppData\Roaming\Python\Python310\site-packages\sklearn\gaussian_process\kernels.py:450: ConvergenceWarning: The optimal value found for dimension 3 of parameter k1__k2__length_scale is close to the specified upper bound 1000.0. Increasing the bound and calling fit again may find a better value.
  warnings.warn(
C:\Users\diogo\AppData\Roaming\Python\Python310\site-packages\sklearn\gaussian_process\kernels.py:440: ConvergenceWarning: The optimal value found for dimension 0 of parameter k2__noise_level is close to the specified lower bound 1e-08. Decreasing the bound and calling fit again may find a better value.
  warnings.warn(
C:\Users\diogo\AppData\Roaming\Python\Python310\site-packages\sklearn\gaussian_process\kernels.py:450: ConvergenceWarning: The optimal value found for dimension 2 of parameter k1__k2__length_scale is close to the specified upper bound 1000.0. Increasing the bound and calling fit again may find a better value.
  warnings.warn(
C:\Users\diogo\AppData\Roaming\Python\Python310\site-packages\sklearn\gaussian_process\kernels.py:440: ConvergenceWarning: The optimal value found for dimension 0 of parameter k2__noise_level is close to the specified lower bound 1e-08. Decreasing the bound and calling fit again may find a better value.
  warnings.warn(
C:\Users\diogo\AppData\Roaming\Python\Python310\site-packages\sklearn\gaussian_process\kernels.py:450: ConvergenceWarning: The optimal value found for dimension 2 of parameter k1__k2__length_scale is close to the specified upper bound 1000.0. Increasing the bound and calling fit again may find a better value.
  warnings.warn(
C:\Users\diogo\AppData\Roaming\Python\Python310\site-packages\sklearn\gaussian_process\_gpr.py:663: ConvergenceWarning: lbfgs failed to converge after 13 iteration(s) (status=2):
ABNORMAL: 

You might also want to scale the data as shown in:
    https://scikit-learn.org/stable/modules/preprocessing.html
  _check_optimize_result("lbfgs", opt_res)
C:\Users\diogo\AppData\Roaming\Python\Python310\site-packages\sklearn\gaussian_process\_gpr.py:663: ConvergenceWarning: lbfgs failed to converge after 15 iteration(s) (status=2):
ABNORMAL: 

You might also want to scale the data as shown in:
    https://scikit-learn.org/stable/modules/preprocessing.html
  _check_optimize_result("lbfgs", opt_res)
C:\Users\diogo\AppData\Roaming\Python\Python310\site-packages\sklearn\gaussian_process\_gpr.py:663: ConvergenceWarning: lbfgs failed to converge after 31 iteration(s) (status=2):
ABNORMAL: 

You might also want to scale the data as shown in:
    https://scikit-learn.org/stable/modules/preprocessing.html
  _check_optimize_result("lbfgs", opt_res)
C:\Users\diogo\AppData\Roaming\Python\Python310\site-packages\sklearn\gaussian_process\kernels.py:450: ConvergenceWarning: The optimal value found for dimension 1 of parameter k1__k2__length_scale is close to the specified upper bound 1000.0. Increasing the bound and calling fit again may find a better value.
  warnings.warn(
C:\Users\diogo\AppData\Roaming\Python\Python310\site-packages\sklearn\gaussian_process\kernels.py:450: ConvergenceWarning: The optimal value found for dimension 2 of parameter k1__k2__length_scale is close to the specified upper bound 1000.0. Increasing the bound and calling fit again may find a better value.
  warnings.warn(
C:\Users\diogo\AppData\Roaming\Python\Python310\site-packages\sklearn\gaussian_process\kernels.py:450: ConvergenceWarning: The optimal value found for dimension 3 of parameter k1__k2__length_scale is close to the specified upper bound 1000.0. Increasing the bound and calling fit again may find a better value.
  warnings.warn(
C:\Users\diogo\AppData\Roaming\Python\Python310\site-packages\sklearn\gaussian_process\kernels.py:440: ConvergenceWarning: The optimal value found for dimension 0 of parameter k2__noise_level is close to the specified lower bound 1e-08. Decreasing the bound and calling fit again may find a better value.
  warnings.warn(
C:\Users\diogo\AppData\Roaming\Python\Python310\site-packages\sklearn\gaussian_process\_gpr.py:663: ConvergenceWarning: lbfgs failed to converge after 12 iteration(s) (status=2):
ABNORMAL: 

You might also want to scale the data as shown in:
    https://scikit-learn.org/stable/modules/preprocessing.html
  _check_optimize_result("lbfgs", opt_res)
C:\Users\diogo\AppData\Roaming\Python\Python310\site-packages\sklearn\gaussian_process\_gpr.py:663: ConvergenceWarning: lbfgs failed to converge after 11 iteration(s) (status=2):
ABNORMAL: 

You might also want to scale the data as shown in:
    https://scikit-learn.org/stable/modules/preprocessing.html
  _check_optimize_result("lbfgs", opt_res)
C:\Users\diogo\AppData\Roaming\Python\Python310\site-packages\sklearn\gaussian_process\kernels.py:450: ConvergenceWarning: The optimal value found for dimension 0 of parameter k1__k2__length_scale is close to the specified upper bound 1000.0. Increasing the bound and calling fit again may find a better value.
  warnings.warn(
C:\Users\diogo\AppData\Roaming\Python\Python310\site-packages\sklearn\gaussian_process\kernels.py:450: ConvergenceWarning: The optimal value found for dimension 1 of parameter k1__k2__length_scale is close to the specified upper bound 1000.0. Increasing the bound and calling fit again may find a better value.
  warnings.warn(
C:\Users\diogo\AppData\Roaming\Python\Python310\site-packages\sklearn\gaussian_process\kernels.py:450: ConvergenceWarning: The optimal value found for dimension 3 of parameter k1__k2__length_scale is close to the specified upper bound 1000.0. Increasing the bound and calling fit again may find a better value.
  warnings.warn(
C:\Users\diogo\AppData\Roaming\Python\Python310\site-packages\sklearn\gaussian_process\kernels.py:440: ConvergenceWarning: The optimal value found for dimension 0 of parameter k2__noise_level is close to the specified lower bound 1e-08. Decreasing the bound and calling fit again may find a better value.
  warnings.warn(
C:\Users\diogo\AppData\Roaming\Python\Python310\site-packages\sklearn\gaussian_process\kernels.py:450: ConvergenceWarning: The optimal value found for dimension 2 of parameter k1__k2__length_scale is close to the specified upper bound 1000.0. Increasing the bound and calling fit again may find a better value.
  warnings.warn(
C:\Users\diogo\AppData\Roaming\Python\Python310\site-packages\sklearn\gaussian_process\kernels.py:450: ConvergenceWarning: The optimal value found for dimension 2 of parameter k1__k2__length_scale is close to the specified upper bound 1000.0. Increasing the bound and calling fit again may find a better value.
  warnings.warn(
C:\Users\diogo\AppData\Roaming\Python\Python310\site-packages\sklearn\gaussian_process\_gpr.py:663: ConvergenceWarning: lbfgs failed to converge after 28 iteration(s) (status=2):
ABNORMAL: 

You might also want to scale the data as shown in:
    https://scikit-learn.org/stable/modules/preprocessing.html
  _check_optimize_result("lbfgs", opt_res)
C:\Users\diogo\AppData\Roaming\Python\Python310\site-packages\sklearn\gaussian_process\_gpr.py:663: ConvergenceWarning: lbfgs failed to converge after 13 iteration(s) (status=2):
ABNORMAL: 

You might also want to scale the data as shown in:
    https://scikit-learn.org/stable/modules/preprocessing.html
  _check_optimize_result("lbfgs", opt_res)
C:\Users\diogo\AppData\Roaming\Python\Python310\site-packages\sklearn\gaussian_process\_gpr.py:663: ConvergenceWarning: lbfgs failed to converge after 16 iteration(s) (status=2):
ABNORMAL: 

You might also want to scale the data as shown in:
    https://scikit-learn.org/stable/modules/preprocessing.html
  _check_optimize_result("lbfgs", opt_res)
C:\Users\diogo\AppData\Roaming\Python\Python310\site-packages\sklearn\gaussian_process\_gpr.py:663: ConvergenceWarning: lbfgs failed to converge after 33 iteration(s) (status=2):
ABNORMAL: 

You might also want to scale the data as shown in:
    https://scikit-learn.org/stable/modules/preprocessing.html
  _check_optimize_result("lbfgs", opt_res)
C:\Users\diogo\AppData\Roaming\Python\Python310\site-packages\sklearn\gaussian_process\_gpr.py:663: ConvergenceWarning: lbfgs failed to converge after 15 iteration(s) (status=2):
ABNORMAL: 

You might also want to scale the data as shown in:
    https://scikit-learn.org/stable/modules/preprocessing.html
  _check_optimize_result("lbfgs", opt_res)
C:\Users\diogo\AppData\Roaming\Python\Python310\site-packages\sklearn\gaussian_process\kernels.py:450: ConvergenceWarning: The optimal value found for dimension 1 of parameter k1__k2__length_scale is close to the specified upper bound 1000.0. Increasing the bound and calling fit again may find a better value.
  warnings.warn(
C:\Users\diogo\AppData\Roaming\Python\Python310\site-packages\sklearn\gaussian_process\kernels.py:450: ConvergenceWarning: The optimal value found for dimension 2 of parameter k1__k2__length_scale is close to the specified upper bound 1000.0. Increasing the bound and calling fit again may find a better value.
  warnings.warn(
C:\Users\diogo\AppData\Roaming\Python\Python310\site-packages\sklearn\gaussian_process\kernels.py:450: ConvergenceWarning: The optimal value found for dimension 3 of parameter k1__k2__length_scale is close to the specified upper bound 1000.0. Increasing the bound and calling fit again may find a better value.
  warnings.warn(
C:\Users\diogo\AppData\Roaming\Python\Python310\site-packages\sklearn\gaussian_process\kernels.py:440: ConvergenceWarning: The optimal value found for dimension 0 of parameter k2__noise_level is close to the specified lower bound 1e-08. Decreasing the bound and calling fit again may find a better value.
  warnings.warn(
C:\Users\diogo\AppData\Roaming\Python\Python310\site-packages\sklearn\gaussian_process\_gpr.py:663: ConvergenceWarning: lbfgs failed to converge after 11 iteration(s) (status=2):
ABNORMAL: 

You might also want to scale the data as shown in:
    https://scikit-learn.org/stable/modules/preprocessing.html
  _check_optimize_result("lbfgs", opt_res)
C:\Users\diogo\AppData\Roaming\Python\Python310\site-packages\sklearn\gaussian_process\_gpr.py:663: ConvergenceWarning: lbfgs failed to converge after 14 iteration(s) (status=2):
ABNORMAL: 

You might also want to scale the data as shown in:
    https://scikit-learn.org/stable/modules/preprocessing.html
  _check_optimize_result("lbfgs", opt_res)
C:\Users\diogo\AppData\Roaming\Python\Python310\site-packages\sklearn\gaussian_process\_gpr.py:663: ConvergenceWarning: lbfgs failed to converge after 15 iteration(s) (status=2):
ABNORMAL: 

You might also want to scale the data as shown in:
    https://scikit-learn.org/stable/modules/preprocessing.html
  _check_optimize_result("lbfgs", opt_res)
C:\Users\diogo\AppData\Roaming\Python\Python310\site-packages\sklearn\gaussian_process\_gpr.py:663: ConvergenceWarning: lbfgs failed to converge after 16 iteration(s) (status=2):
ABNORMAL: 

You might also want to scale the data as shown in:
    https://scikit-learn.org/stable/modules/preprocessing.html
  _check_optimize_result("lbfgs", opt_res)
C:\Users\diogo\AppData\Roaming\Python\Python310\site-packages\sklearn\gaussian_process\kernels.py:450: ConvergenceWarning: The optimal value found for dimension 0 of parameter k1__k2__length_scale is close to the specified upper bound 1000.0. Increasing the bound and calling fit again may find a better value.
  warnings.warn(
C:\Users\diogo\AppData\Roaming\Python\Python310\site-packages\sklearn\gaussian_process\kernels.py:450: ConvergenceWarning: The optimal value found for dimension 1 of parameter k1__k2__length_scale is close to the specified upper bound 1000.0. Increasing the bound and calling fit again may find a better value.
  warnings.warn(
C:\Users\diogo\AppData\Roaming\Python\Python310\site-packages\sklearn\gaussian_process\kernels.py:450: ConvergenceWarning: The optimal value found for dimension 3 of parameter k1__k2__length_scale is close to the specified upper bound 1000.0. Increasing the bound and calling fit again may find a better value.
  warnings.warn(
C:\Users\diogo\AppData\Roaming\Python\Python310\site-packages\sklearn\gaussian_process\kernels.py:440: ConvergenceWarning: The optimal value found for dimension 0 of parameter k2__noise_level is close to the specified lower bound 1e-08. Decreasing the bound and calling fit again may find a better value.
  warnings.warn(
C:\Users\diogo\AppData\Roaming\Python\Python310\site-packages\sklearn\gaussian_process\kernels.py:450: ConvergenceWarning: The optimal value found for dimension 3 of parameter k1__k2__length_scale is close to the specified upper bound 1000.0. Increasing the bound and calling fit again may find a better value.
  warnings.warn(
C:\Users\diogo\AppData\Roaming\Python\Python310\site-packages\sklearn\gaussian_process\kernels.py:450: ConvergenceWarning: The optimal value found for dimension 2 of parameter k1__k2__length_scale is close to the specified upper bound 1000.0. Increasing the bound and calling fit again may find a better value.
  warnings.warn(
C:\Users\diogo\AppData\Roaming\Python\Python310\site-packages\sklearn\gaussian_process\_gpr.py:663: ConvergenceWarning: lbfgs failed to converge after 15 iteration(s) (status=2):
ABNORMAL: 

You might also want to scale the data as shown in:
    https://scikit-learn.org/stable/modules/preprocessing.html
  _check_optimize_result("lbfgs", opt_res)
C:\Users\diogo\AppData\Roaming\Python\Python310\site-packages\sklearn\gaussian_process\_gpr.py:663: ConvergenceWarning: lbfgs failed to converge after 12 iteration(s) (status=2):
ABNORMAL: 

You might also want to scale the data as shown in:
    https://scikit-learn.org/stable/modules/preprocessing.html
  _check_optimize_result("lbfgs", opt_res)
C:\Users\diogo\AppData\Roaming\Python\Python310\site-packages\sklearn\gaussian_process\_gpr.py:663: ConvergenceWarning: lbfgs failed to converge after 13 iteration(s) (status=2):
ABNORMAL: 

You might also want to scale the data as shown in:
    https://scikit-learn.org/stable/modules/preprocessing.html
  _check_optimize_result("lbfgs", opt_res)
C:\Users\diogo\AppData\Roaming\Python\Python310\site-packages\sklearn\gaussian_process\kernels.py:450: ConvergenceWarning: The optimal value found for dimension 1 of parameter k1__k2__length_scale is close to the specified upper bound 1000.0. Increasing the bound and calling fit again may find a better value.
  warnings.warn(
C:\Users\diogo\AppData\Roaming\Python\Python310\site-packages\sklearn\gaussian_process\kernels.py:450: ConvergenceWarning: The optimal value found for dimension 2 of parameter k1__k2__length_scale is close to the specified upper bound 1000.0. Increasing the bound and calling fit again may find a better value.
  warnings.warn(
C:\Users\diogo\AppData\Roaming\Python\Python310\site-packages\sklearn\gaussian_process\kernels.py:450: ConvergenceWarning: The optimal value found for dimension 3 of parameter k1__k2__length_scale is close to the specified upper bound 1000.0. Increasing the bound and calling fit again may find a better value.
  warnings.warn(
C:\Users\diogo\AppData\Roaming\Python\Python310\site-packages\sklearn\gaussian_process\kernels.py:440: ConvergenceWarning: The optimal value found for dimension 0 of parameter k2__noise_level is close to the specified lower bound 1e-08. Decreasing the bound and calling fit again may find a better value.
  warnings.warn(
C:\Users\diogo\AppData\Roaming\Python\Python310\site-packages\sklearn\gaussian_process\_gpr.py:663: ConvergenceWarning: lbfgs failed to converge after 16 iteration(s) (status=2):
ABNORMAL: 

You might also want to scale the data as shown in:
    https://scikit-learn.org/stable/modules/preprocessing.html
  _check_optimize_result("lbfgs", opt_res)
C:\Users\diogo\AppData\Roaming\Python\Python310\site-packages\sklearn\gaussian_process\_gpr.py:663: ConvergenceWarning: lbfgs failed to converge after 11 iteration(s) (status=2):
ABNORMAL: 

You might also want to scale the data as shown in:
    https://scikit-learn.org/stable/modules/preprocessing.html
  _check_optimize_result("lbfgs", opt_res)
C:\Users\diogo\AppData\Roaming\Python\Python310\site-packages\sklearn\gaussian_process\_gpr.py:663: ConvergenceWarning: lbfgs failed to converge after 12 iteration(s) (status=2):
ABNORMAL: 

You might also want to scale the data as shown in:
    https://scikit-learn.org/stable/modules/preprocessing.html
  _check_optimize_result("lbfgs", opt_res)
C:\Users\diogo\AppData\Roaming\Python\Python310\site-packages\sklearn\gaussian_process\kernels.py:450: ConvergenceWarning: The optimal value found for dimension 0 of parameter k1__k2__length_scale is close to the specified upper bound 1000.0. Increasing the bound and calling fit again may find a better value.
  warnings.warn(
C:\Users\diogo\AppData\Roaming\Python\Python310\site-packages\sklearn\gaussian_process\kernels.py:450: ConvergenceWarning: The optimal value found for dimension 1 of parameter k1__k2__length_scale is close to the specified upper bound 1000.0. Increasing the bound and calling fit again may find a better value.
  warnings.warn(
C:\Users\diogo\AppData\Roaming\Python\Python310\site-packages\sklearn\gaussian_process\kernels.py:450: ConvergenceWarning: The optimal value found for dimension 3 of parameter k1__k2__length_scale is close to the specified upper bound 1000.0. Increasing the bound and calling fit again may find a better value.
  warnings.warn(
C:\Users\diogo\AppData\Roaming\Python\Python310\site-packages\sklearn\gaussian_process\kernels.py:440: ConvergenceWarning: The optimal value found for dimension 0 of parameter k2__noise_level is close to the specified lower bound 1e-08. Decreasing the bound and calling fit again may find a better value.
  warnings.warn(
C:\Users\diogo\AppData\Roaming\Python\Python310\site-packages\sklearn\gaussian_process\kernels.py:450: ConvergenceWarning: The optimal value found for dimension 3 of parameter k1__k2__length_scale is close to the specified upper bound 1000.0. Increasing the bound and calling fit again may find a better value.
  warnings.warn(
C:\Users\diogo\AppData\Roaming\Python\Python310\site-packages\sklearn\gaussian_process\kernels.py:440: ConvergenceWarning: The optimal value found for dimension 0 of parameter k2__noise_level is close to the specified lower bound 1e-08. Decreasing the bound and calling fit again may find a better value.
  warnings.warn(
C:\Users\diogo\AppData\Roaming\Python\Python310\site-packages\sklearn\gaussian_process\kernels.py:450: ConvergenceWarning: The optimal value found for dimension 2 of parameter k1__k2__length_scale is close to the specified upper bound 1000.0. Increasing the bound and calling fit again may find a better value.
  warnings.warn(
C:\Users\diogo\AppData\Roaming\Python\Python310\site-packages\sklearn\gaussian_process\kernels.py:440: ConvergenceWarning: The optimal value found for dimension 0 of parameter k2__noise_level is close to the specified lower bound 1e-08. Decreasing the bound and calling fit again may find a better value.
  warnings.warn(
C:\Users\diogo\AppData\Roaming\Python\Python310\site-packages\sklearn\gaussian_process\_gpr.py:663: ConvergenceWarning: lbfgs failed to converge after 17 iteration(s) (status=2):
ABNORMAL: 

You might also want to scale the data as shown in:
    https://scikit-learn.org/stable/modules/preprocessing.html
  _check_optimize_result("lbfgs", opt_res)
C:\Users\diogo\AppData\Roaming\Python\Python310\site-packages\sklearn\gaussian_process\kernels.py:450: ConvergenceWarning: The optimal value found for dimension 1 of parameter k1__k2__length_scale is close to the specified upper bound 1000.0. Increasing the bound and calling fit again may find a better value.
  warnings.warn(
C:\Users\diogo\AppData\Roaming\Python\Python310\site-packages\sklearn\gaussian_process\kernels.py:450: ConvergenceWarning: The optimal value found for dimension 2 of parameter k1__k2__length_scale is close to the specified upper bound 1000.0. Increasing the bound and calling fit again may find a better value.
  warnings.warn(
C:\Users\diogo\AppData\Roaming\Python\Python310\site-packages\sklearn\gaussian_process\kernels.py:450: ConvergenceWarning: The optimal value found for dimension 3 of parameter k1__k2__length_scale is close to the specified upper bound 1000.0. Increasing the bound and calling fit again may find a better value.
  warnings.warn(
C:\Users\diogo\AppData\Roaming\Python\Python310\site-packages\sklearn\gaussian_process\kernels.py:440: ConvergenceWarning: The optimal value found for dimension 0 of parameter k2__noise_level is close to the specified lower bound 1e-08. Decreasing the bound and calling fit again may find a better value.
  warnings.warn(
C:\Users\diogo\AppData\Roaming\Python\Python310\site-packages\sklearn\gaussian_process\kernels.py:440: ConvergenceWarning: The optimal value found for dimension 0 of parameter k2__noise_level is close to the specified lower bound 1e-08. Decreasing the bound and calling fit again may find a better value.
  warnings.warn(
C:\Users\diogo\AppData\Roaming\Python\Python310\site-packages\sklearn\gaussian_process\_gpr.py:663: ConvergenceWarning: lbfgs failed to converge after 12 iteration(s) (status=2):
ABNORMAL: 

You might also want to scale the data as shown in:
    https://scikit-learn.org/stable/modules/preprocessing.html
  _check_optimize_result("lbfgs", opt_res)
C:\Users\diogo\AppData\Roaming\Python\Python310\site-packages\sklearn\gaussian_process\_gpr.py:663: ConvergenceWarning: lbfgs failed to converge after 9 iteration(s) (status=2):
ABNORMAL: 

You might also want to scale the data as shown in:
    https://scikit-learn.org/stable/modules/preprocessing.html
  _check_optimize_result("lbfgs", opt_res)
C:\Users\diogo\AppData\Roaming\Python\Python310\site-packages\sklearn\gaussian_process\kernels.py:450: ConvergenceWarning: The optimal value found for dimension 0 of parameter k1__k2__length_scale is close to the specified upper bound 1000.0. Increasing the bound and calling fit again may find a better value.
  warnings.warn(
C:\Users\diogo\AppData\Roaming\Python\Python310\site-packages\sklearn\gaussian_process\kernels.py:450: ConvergenceWarning: The optimal value found for dimension 1 of parameter k1__k2__length_scale is close to the specified upper bound 1000.0. Increasing the bound and calling fit again may find a better value.
  warnings.warn(
C:\Users\diogo\AppData\Roaming\Python\Python310\site-packages\sklearn\gaussian_process\kernels.py:450: ConvergenceWarning: The optimal value found for dimension 3 of parameter k1__k2__length_scale is close to the specified upper bound 1000.0. Increasing the bound and calling fit again may find a better value.
  warnings.warn(
C:\Users\diogo\AppData\Roaming\Python\Python310\site-packages\sklearn\gaussian_process\kernels.py:440: ConvergenceWarning: The optimal value found for dimension 0 of parameter k2__noise_level is close to the specified lower bound 1e-08. Decreasing the bound and calling fit again may find a better value.
  warnings.warn(
C:\Users\diogo\AppData\Roaming\Python\Python310\site-packages\sklearn\gaussian_process\kernels.py:450: ConvergenceWarning: The optimal value found for dimension 2 of parameter k1__k2__length_scale is close to the specified upper bound 1000.0. Increasing the bound and calling fit again may find a better value.
  warnings.warn(
C:\Users\diogo\AppData\Roaming\Python\Python310\site-packages\sklearn\gaussian_process\kernels.py:440: ConvergenceWarning: The optimal value found for dimension 0 of parameter k2__noise_level is close to the specified lower bound 1e-08. Decreasing the bound and calling fit again may find a better value.
  warnings.warn(
     enrich   4.207  gd_wt   5.277  refl_thick   5.660  gd_pins  17.340  F 1.541  c_max  1216  pof 0.39
     enrich   2.000  gd_wt   0.177  refl_thick   5.660  gd_pins  13.757  F 1.484  c_max  1304  pof 0.46
     enrich   4.105  gd_wt   5.014  refl_thick   5.660  gd_pins  15.792  F 1.531  c_max  1304  pof 0.30
     enrich   2.000  gd_wt   0.000  refl_thick   5.660  gd_pins  15.876  F 1.484  c_max  1412  pof 0.48
     enrich   4.163  gd_wt   5.191  refl_thick   5.660  gd_pins  16.928  F 1.538  c_max  1222  pof 0.35
  block 6 (train 54): match 0/6 | low-gd 6 | pred>2763 ppm 1 | pof mean 0.49 | sep mean 0.051 min 0.018 | eligible 54/300 | 40.5 s
     enrich   4.222  gd_wt   0.516  refl_thick   5.660  gd_pins  19.578  F 1.510  c_max  2462  pof 0.51
     enrich   4.209  gd_wt   0.223  refl_thick   5.660  gd_pins  21.501  F 1.507  c_max  2631  pof 0.49
     enrich   4.244  gd_wt   0.856  refl_thick   5.660  gd_pins  17.940  F 1.512  c_max  2339  pof 0.50
     enrich   4.198  gd_wt   0.047  refl_thick   5.660  gd_pins  23.691  F 1.502  c_max  2794  pof 0.45
     enrich   4.232  gd_wt   0.705  refl_thick   5.660  gd_pins  18.829  F 1.512  c_max  2384  pof 0.50
     enrich   4.209  gd_wt   0.341  refl_thick   5.660  gd_pins  20.600  F 1.509  c_max  2550  pof 0.48
  summary pof: {'mean_sep': 0.1584273155763874, 'min_sep': 0.02884059908010103, 'low_gd': 17, 'pred_above_boron': 3, 'pof_mean': 0.4670568419075692, 'match_actual': 0, 'n_picks': 36}

=== rule boron: {'acq_rule': 'margin', 'boron': True}
  block 1 (train 24): match 0/6 | low-gd 0 | pred>2763 ppm 0 | pof mean 0.44 | sep mean 0.172 min 0.073 | eligible 0/300 | 36.4 s
     enrich   5.337  gd_wt   6.573  refl_thick   5.660  gd_pins  25.707  F 1.609  c_max  1250  pof 0.51
     enrich   4.286  gd_wt   3.506  refl_thick   5.660  gd_pins  12.967  F 1.525  c_max  2386  pof 0.51
     enrich   4.505  gd_wt   5.460  refl_thick   5.660  gd_pins  19.070  F 1.567  c_max  1577  pof 0.26
     enrich   5.026  gd_wt   5.500  refl_thick   5.660  gd_pins  23.909  F 1.583  c_max  1464  pof 0.51
     enrich   5.574  gd_wt   7.639  refl_thick   5.660  gd_pins  27.261  F 1.632  c_max  1064  pof 0.38
     enrich   4.467  gd_wt   4.217  refl_thick   5.660  gd_pins  18.122  F 1.540  c_max  1940  pof 0.44
  block 2 (train 30): match 0/6 | low-gd 2 | pred>2763 ppm 0 | pof mean 0.42 | sep mean 0.165 min 0.036 | eligible 0/300 | 45.7 s
     enrich   4.251  gd_wt   3.092  refl_thick   5.660  gd_pins  18.079  F 1.532  c_max  1462  pof 0.48
     enrich   4.377  gd_wt   2.419  refl_thick   5.660  gd_pins  14.827  F 1.515  c_max  2040  pof 0.50
     enrich   4.107  gd_wt   0.380  refl_thick   5.660  gd_pins  26.034  F 1.503  c_max  2425  pof 0.45
     enrich   4.230  gd_wt   3.682  refl_thick   5.660  gd_pins  19.588  F 1.544  c_max  1244  pof 0.30
     enrich   4.309  gd_wt   2.900  refl_thick   5.660  gd_pins  16.204  F 1.523  c_max  1727  pof 0.50
     enrich   4.069  gd_wt   0.001  refl_thick   5.660  gd_pins  28.426  F 1.488  c_max  2741  pof 0.28
  block 3 (train 36): match 0/6 | low-gd 0 | pred>2763 ppm 0 | pof mean 0.40 | sep mean 0.119 min 0.027 | eligible 0/300 | 54.9 s
     enrich   4.301  gd_wt   6.492  refl_thick   5.660  gd_pins  18.581  F 1.592  c_max  1181  pof 0.32
     enrich   4.333  gd_wt   4.642  refl_thick   5.660  gd_pins  19.755  F 1.553  c_max  1294  pof 0.27
     enrich   4.332  gd_wt   5.545  refl_thick   5.660  gd_pins  19.128  F 1.571  c_max  1228  pof 0.26
     enrich   4.238  gd_wt   3.083  refl_thick   5.660  gd_pins  17.223  F 1.511  c_max  1662  pof 0.56
     enrich   4.230  gd_wt   2.800  refl_thick   5.660  gd_pins  16.091  F 1.506  c_max  1795  pof 0.53
     enrich   4.245  gd_wt   3.422  refl_thick   5.660  gd_pins  18.816  F 1.523  c_max  1497  pof 0.47
  block 4 (train 42): match 0/6 | low-gd 0 | pred>2763 ppm 0 | pof mean 0.35 | sep mean 0.059 min 0.010 | eligible 0/300 | 45.4 s
     enrich   4.417  gd_wt   4.250  refl_thick   5.660  gd_pins  19.835  F 1.544  c_max  1417  pof 0.35
     enrich   4.239  gd_wt   3.090  refl_thick   5.660  gd_pins  18.443  F 1.517  c_max  1589  pof 0.46
     enrich   4.318  gd_wt   3.649  refl_thick   5.660  gd_pins  20.421  F 1.539  c_max  1436  pof 0.29
     enrich   4.427  gd_wt   4.243  refl_thick   5.659  gd_pins  20.924  F 1.552  c_max  1379  pof 0.26
     enrich   4.497  gd_wt   4.574  refl_thick   5.660  gd_pins  21.293  F 1.558  c_max  1364  pof 0.25
     enrich   4.238  gd_wt   3.039  refl_thick   5.660  gd_pins  17.914  F 1.513  c_max  1627  pof 0.48
  block 5 (train 48): match 0/6 | low-gd 0 | pred>2763 ppm 0 | pof mean 0.44 | sep mean 0.106 min 0.019 | eligible 0/300 | 51.7 s
     enrich   4.143  gd_wt   4.885  refl_thick   5.660  gd_pins  14.543  F 1.525  c_max  1514  pof 0.42
     enrich   4.171  gd_wt   2.587  refl_thick   5.660  gd_pins  12.776  F 1.497  c_max  2082  pof 0.50
     enrich   4.174  gd_wt   5.118  refl_thick   5.660  gd_pins  17.122  F 1.538  c_max  1225  pof 0.37
     enrich   4.263  gd_wt   3.822  refl_thick   5.660  gd_pins  16.015  F 1.520  c_max  1619  pof 0.47
     enrich   4.178  gd_wt   2.658  refl_thick   5.660  gd_pins  13.883  F 1.500  c_max  1952  pof 0.50
     enrich   4.235  gd_wt   5.387  refl_thick   5.660  gd_pins  17.548  F 1.543  c_max  1212  pof 0.36
  block 6 (train 54): match 0/6 | low-gd 3 | pred>2763 ppm 0 | pof mean 0.44 | sep mean 0.149 min 0.038 | eligible 0/300 | 54.1 s
     enrich   4.210  gd_wt   0.329  refl_thick   5.660  gd_pins  20.420  F 1.509  c_max  2554  pof 0.43
     enrich   4.200  gd_wt   0.099  refl_thick   5.660  gd_pins  22.368  F 1.505  c_max  2718  pof 0.26
     enrich   4.230  gd_wt   0.703  refl_thick   5.660  gd_pins  18.583  F 1.512  c_max  2384  pof 0.49
     enrich   4.275  gd_wt   1.279  refl_thick   5.659  gd_pins  17.546  F 1.514  c_max  2211  pof 0.50
     enrich   4.223  gd_wt   5.032  refl_thick   5.660  gd_pins  15.629  F 1.524  c_max  1479  pof 0.46
     enrich   4.204  gd_wt   2.379  refl_thick   5.660  gd_pins  15.614  F 1.514  c_max  1924  pof 0.50
  summary boron: {'mean_sep': 0.1284880890469682, 'min_sep': 0.03355128144591852, 'low_gd': 5, 'pred_above_boron': 0, 'pof_mean': 0.4130983023918942, 'match_actual': 0, 'n_picks': 36}

=== rule pof_boron: {'acq_rule': 'pof', 'boron': True}
  block 1 (train 24): match 0/6 | low-gd 0 | pred>2763 ppm 0 | pof mean 0.47 | sep mean 0.180 min 0.072 | eligible 77/300 | 40.7 s
     enrich   4.217  gd_wt   2.997  refl_thick   5.660  gd_pins  12.020  F 1.522  c_max  2523  pof 0.44
     enrich   4.868  gd_wt   5.280  refl_thick   5.660  gd_pins  22.709  F 1.575  c_max  1532  pof 0.51
     enrich   5.554  gd_wt   7.181  refl_thick   5.660  gd_pins  27.251  F 1.624  c_max  1129  pof 0.46
     enrich   4.422  gd_wt   3.720  refl_thick   5.660  gd_pins  16.147  F 1.530  c_max  2211  pof 0.50
     enrich   5.246  gd_wt   6.159  refl_thick   5.660  gd_pins  25.208  F 1.599  c_max  1327  pof 0.52
     enrich   4.477  gd_wt   4.004  refl_thick   5.660  gd_pins  20.061  F 1.545  c_max  1837  pof 0.37
  block 2 (train 30): match 0/6 | low-gd 3 | pred>2763 ppm 0 | pof mean 0.44 | sep mean 0.159 min 0.035 | eligible 60/300 | 49.3 s
     enrich   4.422  gd_wt   1.916  refl_thick   5.660  gd_pins  14.553  F 1.511  c_max  2214  pof 0.49
     enrich   4.140  gd_wt   0.622  refl_thick   5.660  gd_pins  24.586  F 1.511  c_max  2243  pof 0.49
     enrich   4.251  gd_wt   3.092  refl_thick   5.660  gd_pins  18.079  F 1.532  c_max  1462  pof 0.48
     enrich   4.340  gd_wt   2.375  refl_thick   5.660  gd_pins  15.920  F 1.518  c_max  1888  pof 0.50
     enrich   4.106  gd_wt   0.234  refl_thick   5.660  gd_pins  26.034  F 1.499  c_max  2504  pof 0.42
     enrich   4.069  gd_wt   0.000  refl_thick   5.627  gd_pins  27.834  F 1.489  c_max  2710  pof 0.30
  block 3 (train 36): match 0/6 | low-gd 0 | pred>2763 ppm 0 | pof mean 0.42 | sep mean 0.138 min 0.029 | eligible 92/300 | 55.8 s
     enrich   4.301  gd_wt   6.492  refl_thick   5.660  gd_pins  18.581  F 1.592  c_max  1181  pof 0.32
C:\Users\diogo\AppData\Roaming\Python\Python310\site-packages\sklearn\gaussian_process\kernels.py:450: ConvergenceWarning: The optimal value found for dimension 2 of parameter k1__k2__length_scale is close to the specified upper bound 1000.0. Increasing the bound and calling fit again may find a better value.
  warnings.warn(
C:\Users\diogo\AppData\Roaming\Python\Python310\site-packages\sklearn\gaussian_process\_gpr.py:663: ConvergenceWarning: lbfgs failed to converge after 17 iteration(s) (status=2):
ABNORMAL: 

You might also want to scale the data as shown in:
    https://scikit-learn.org/stable/modules/preprocessing.html
  _check_optimize_result("lbfgs", opt_res)
C:\Users\diogo\AppData\Roaming\Python\Python310\site-packages\sklearn\gaussian_process\kernels.py:450: ConvergenceWarning: The optimal value found for dimension 1 of parameter k1__k2__length_scale is close to the specified upper bound 1000.0. Increasing the bound and calling fit again may find a better value.
  warnings.warn(
C:\Users\diogo\AppData\Roaming\Python\Python310\site-packages\sklearn\gaussian_process\kernels.py:450: ConvergenceWarning: The optimal value found for dimension 2 of parameter k1__k2__length_scale is close to the specified upper bound 1000.0. Increasing the bound and calling fit again may find a better value.
  warnings.warn(
C:\Users\diogo\AppData\Roaming\Python\Python310\site-packages\sklearn\gaussian_process\kernels.py:450: ConvergenceWarning: The optimal value found for dimension 3 of parameter k1__k2__length_scale is close to the specified upper bound 1000.0. Increasing the bound and calling fit again may find a better value.
  warnings.warn(
C:\Users\diogo\AppData\Roaming\Python\Python310\site-packages\sklearn\gaussian_process\kernels.py:440: ConvergenceWarning: The optimal value found for dimension 0 of parameter k2__noise_level is close to the specified lower bound 1e-08. Decreasing the bound and calling fit again may find a better value.
  warnings.warn(
C:\Users\diogo\AppData\Roaming\Python\Python310\site-packages\sklearn\gaussian_process\_gpr.py:663: ConvergenceWarning: lbfgs failed to converge after 13 iteration(s) (status=2):
ABNORMAL: 

You might also want to scale the data as shown in:
    https://scikit-learn.org/stable/modules/preprocessing.html
  _check_optimize_result("lbfgs", opt_res)
C:\Users\diogo\AppData\Roaming\Python\Python310\site-packages\sklearn\gaussian_process\kernels.py:450: ConvergenceWarning: The optimal value found for dimension 0 of parameter k1__k2__length_scale is close to the specified upper bound 1000.0. Increasing the bound and calling fit again may find a better value.
  warnings.warn(
C:\Users\diogo\AppData\Roaming\Python\Python310\site-packages\sklearn\gaussian_process\kernels.py:450: ConvergenceWarning: The optimal value found for dimension 1 of parameter k1__k2__length_scale is close to the specified upper bound 1000.0. Increasing the bound and calling fit again may find a better value.
  warnings.warn(
C:\Users\diogo\AppData\Roaming\Python\Python310\site-packages\sklearn\gaussian_process\kernels.py:450: ConvergenceWarning: The optimal value found for dimension 3 of parameter k1__k2__length_scale is close to the specified upper bound 1000.0. Increasing the bound and calling fit again may find a better value.
  warnings.warn(
C:\Users\diogo\AppData\Roaming\Python\Python310\site-packages\sklearn\gaussian_process\kernels.py:440: ConvergenceWarning: The optimal value found for dimension 0 of parameter k2__noise_level is close to the specified lower bound 1e-08. Decreasing the bound and calling fit again may find a better value.
  warnings.warn(
C:\Users\diogo\AppData\Roaming\Python\Python310\site-packages\sklearn\gaussian_process\kernels.py:450: ConvergenceWarning: The optimal value found for dimension 2 of parameter k1__k2__length_scale is close to the specified upper bound 1000.0. Increasing the bound and calling fit again may find a better value.
  warnings.warn(
C:\Users\diogo\AppData\Roaming\Python\Python310\site-packages\sklearn\gaussian_process\kernels.py:450: ConvergenceWarning: The optimal value found for dimension 2 of parameter k1__k2__length_scale is close to the specified upper bound 1000.0. Increasing the bound and calling fit again may find a better value.
  warnings.warn(
C:\Users\diogo\AppData\Roaming\Python\Python310\site-packages\sklearn\gaussian_process\_gpr.py:663: ConvergenceWarning: lbfgs failed to converge after 16 iteration(s) (status=2):
ABNORMAL: 

You might also want to scale the data as shown in:
    https://scikit-learn.org/stable/modules/preprocessing.html
  _check_optimize_result("lbfgs", opt_res)
C:\Users\diogo\AppData\Roaming\Python\Python310\site-packages\sklearn\gaussian_process\_gpr.py:663: ConvergenceWarning: lbfgs failed to converge after 30 iteration(s) (status=2):
ABNORMAL: 

You might also want to scale the data as shown in:
    https://scikit-learn.org/stable/modules/preprocessing.html
  _check_optimize_result("lbfgs", opt_res)
C:\Users\diogo\AppData\Roaming\Python\Python310\site-packages\sklearn\gaussian_process\_gpr.py:663: ConvergenceWarning: lbfgs failed to converge after 15 iteration(s) (status=2):
ABNORMAL: 

You might also want to scale the data as shown in:
    https://scikit-learn.org/stable/modules/preprocessing.html
  _check_optimize_result("lbfgs", opt_res)
C:\Users\diogo\AppData\Roaming\Python\Python310\site-packages\sklearn\gaussian_process\kernels.py:450: ConvergenceWarning: The optimal value found for dimension 1 of parameter k1__k2__length_scale is close to the specified upper bound 1000.0. Increasing the bound and calling fit again may find a better value.
  warnings.warn(
C:\Users\diogo\AppData\Roaming\Python\Python310\site-packages\sklearn\gaussian_process\kernels.py:450: ConvergenceWarning: The optimal value found for dimension 2 of parameter k1__k2__length_scale is close to the specified upper bound 1000.0. Increasing the bound and calling fit again may find a better value.
  warnings.warn(
C:\Users\diogo\AppData\Roaming\Python\Python310\site-packages\sklearn\gaussian_process\kernels.py:450: ConvergenceWarning: The optimal value found for dimension 3 of parameter k1__k2__length_scale is close to the specified upper bound 1000.0. Increasing the bound and calling fit again may find a better value.
  warnings.warn(
C:\Users\diogo\AppData\Roaming\Python\Python310\site-packages\sklearn\gaussian_process\kernels.py:440: ConvergenceWarning: The optimal value found for dimension 0 of parameter k2__noise_level is close to the specified lower bound 1e-08. Decreasing the bound and calling fit again may find a better value.
  warnings.warn(
C:\Users\diogo\AppData\Roaming\Python\Python310\site-packages\sklearn\gaussian_process\_gpr.py:663: ConvergenceWarning: lbfgs failed to converge after 13 iteration(s) (status=2):
ABNORMAL: 

You might also want to scale the data as shown in:
    https://scikit-learn.org/stable/modules/preprocessing.html
  _check_optimize_result("lbfgs", opt_res)
C:\Users\diogo\AppData\Roaming\Python\Python310\site-packages\sklearn\gaussian_process\_gpr.py:663: ConvergenceWarning: lbfgs failed to converge after 16 iteration(s) (status=2):
ABNORMAL: 

You might also want to scale the data as shown in:
    https://scikit-learn.org/stable/modules/preprocessing.html
  _check_optimize_result("lbfgs", opt_res)
C:\Users\diogo\AppData\Roaming\Python\Python310\site-packages\sklearn\gaussian_process\kernels.py:450: ConvergenceWarning: The optimal value found for dimension 0 of parameter k1__k2__length_scale is close to the specified upper bound 1000.0. Increasing the bound and calling fit again may find a better value.
  warnings.warn(
C:\Users\diogo\AppData\Roaming\Python\Python310\site-packages\sklearn\gaussian_process\kernels.py:450: ConvergenceWarning: The optimal value found for dimension 1 of parameter k1__k2__length_scale is close to the specified upper bound 1000.0. Increasing the bound and calling fit again may find a better value.
  warnings.warn(
C:\Users\diogo\AppData\Roaming\Python\Python310\site-packages\sklearn\gaussian_process\kernels.py:450: ConvergenceWarning: The optimal value found for dimension 3 of parameter k1__k2__length_scale is close to the specified upper bound 1000.0. Increasing the bound and calling fit again may find a better value.
  warnings.warn(
C:\Users\diogo\AppData\Roaming\Python\Python310\site-packages\sklearn\gaussian_process\kernels.py:440: ConvergenceWarning: The optimal value found for dimension 0 of parameter k2__noise_level is close to the specified lower bound 1e-08. Decreasing the bound and calling fit again may find a better value.
  warnings.warn(
C:\Users\diogo\AppData\Roaming\Python\Python310\site-packages\sklearn\gaussian_process\kernels.py:450: ConvergenceWarning: The optimal value found for dimension 2 of parameter k1__k2__length_scale is close to the specified upper bound 1000.0. Increasing the bound and calling fit again may find a better value.
  warnings.warn(
C:\Users\diogo\AppData\Roaming\Python\Python310\site-packages\sklearn\gaussian_process\kernels.py:440: ConvergenceWarning: The optimal value found for dimension 0 of parameter k2__noise_level is close to the specified lower bound 1e-08. Decreasing the bound and calling fit again may find a better value.
  warnings.warn(
C:\Users\diogo\AppData\Roaming\Python\Python310\site-packages\sklearn\gaussian_process\kernels.py:450: ConvergenceWarning: The optimal value found for dimension 2 of parameter k1__k2__length_scale is close to the specified upper bound 1000.0. Increasing the bound and calling fit again may find a better value.
  warnings.warn(
C:\Users\diogo\AppData\Roaming\Python\Python310\site-packages\sklearn\gaussian_process\_gpr.py:663: ConvergenceWarning: lbfgs failed to converge after 13 iteration(s) (status=2):
ABNORMAL: 

You might also want to scale the data as shown in:
    https://scikit-learn.org/stable/modules/preprocessing.html
  _check_optimize_result("lbfgs", opt_res)
C:\Users\diogo\AppData\Roaming\Python\Python310\site-packages\sklearn\gaussian_process\_gpr.py:663: ConvergenceWarning: lbfgs failed to converge after 15 iteration(s) (status=2):
ABNORMAL: 

You might also want to scale the data as shown in:
    https://scikit-learn.org/stable/modules/preprocessing.html
  _check_optimize_result("lbfgs", opt_res)
C:\Users\diogo\AppData\Roaming\Python\Python310\site-packages\sklearn\gaussian_process\_gpr.py:663: ConvergenceWarning: lbfgs failed to converge after 31 iteration(s) (status=2):
ABNORMAL: 

You might also want to scale the data as shown in:
    https://scikit-learn.org/stable/modules/preprocessing.html
  _check_optimize_result("lbfgs", opt_res)
C:\Users\diogo\AppData\Roaming\Python\Python310\site-packages\sklearn\gaussian_process\kernels.py:450: ConvergenceWarning: The optimal value found for dimension 1 of parameter k1__k2__length_scale is close to the specified upper bound 1000.0. Increasing the bound and calling fit again may find a better value.
  warnings.warn(
C:\Users\diogo\AppData\Roaming\Python\Python310\site-packages\sklearn\gaussian_process\kernels.py:450: ConvergenceWarning: The optimal value found for dimension 2 of parameter k1__k2__length_scale is close to the specified upper bound 1000.0. Increasing the bound and calling fit again may find a better value.
  warnings.warn(
C:\Users\diogo\AppData\Roaming\Python\Python310\site-packages\sklearn\gaussian_process\kernels.py:450: ConvergenceWarning: The optimal value found for dimension 3 of parameter k1__k2__length_scale is close to the specified upper bound 1000.0. Increasing the bound and calling fit again may find a better value.
  warnings.warn(
C:\Users\diogo\AppData\Roaming\Python\Python310\site-packages\sklearn\gaussian_process\kernels.py:440: ConvergenceWarning: The optimal value found for dimension 0 of parameter k2__noise_level is close to the specified lower bound 1e-08. Decreasing the bound and calling fit again may find a better value.
  warnings.warn(
C:\Users\diogo\AppData\Roaming\Python\Python310\site-packages\sklearn\gaussian_process\_gpr.py:663: ConvergenceWarning: lbfgs failed to converge after 12 iteration(s) (status=2):
ABNORMAL: 

You might also want to scale the data as shown in:
    https://scikit-learn.org/stable/modules/preprocessing.html
  _check_optimize_result("lbfgs", opt_res)
C:\Users\diogo\AppData\Roaming\Python\Python310\site-packages\sklearn\gaussian_process\_gpr.py:663: ConvergenceWarning: lbfgs failed to converge after 11 iteration(s) (status=2):
ABNORMAL: 

You might also want to scale the data as shown in:
    https://scikit-learn.org/stable/modules/preprocessing.html
  _check_optimize_result("lbfgs", opt_res)
C:\Users\diogo\AppData\Roaming\Python\Python310\site-packages\sklearn\gaussian_process\kernels.py:450: ConvergenceWarning: The optimal value found for dimension 0 of parameter k1__k2__length_scale is close to the specified upper bound 1000.0. Increasing the bound and calling fit again may find a better value.
  warnings.warn(
C:\Users\diogo\AppData\Roaming\Python\Python310\site-packages\sklearn\gaussian_process\kernels.py:450: ConvergenceWarning: The optimal value found for dimension 1 of parameter k1__k2__length_scale is close to the specified upper bound 1000.0. Increasing the bound and calling fit again may find a better value.
  warnings.warn(
C:\Users\diogo\AppData\Roaming\Python\Python310\site-packages\sklearn\gaussian_process\kernels.py:450: ConvergenceWarning: The optimal value found for dimension 3 of parameter k1__k2__length_scale is close to the specified upper bound 1000.0. Increasing the bound and calling fit again may find a better value.
  warnings.warn(
C:\Users\diogo\AppData\Roaming\Python\Python310\site-packages\sklearn\gaussian_process\kernels.py:440: ConvergenceWarning: The optimal value found for dimension 0 of parameter k2__noise_level is close to the specified lower bound 1e-08. Decreasing the bound and calling fit again may find a better value.
  warnings.warn(
C:\Users\diogo\AppData\Roaming\Python\Python310\site-packages\sklearn\gaussian_process\kernels.py:450: ConvergenceWarning: The optimal value found for dimension 2 of parameter k1__k2__length_scale is close to the specified upper bound 1000.0. Increasing the bound and calling fit again may find a better value.
  warnings.warn(
C:\Users\diogo\AppData\Roaming\Python\Python310\site-packages\sklearn\gaussian_process\kernels.py:450: ConvergenceWarning: The optimal value found for dimension 2 of parameter k1__k2__length_scale is close to the specified upper bound 1000.0. Increasing the bound and calling fit again may find a better value.
  warnings.warn(
C:\Users\diogo\AppData\Roaming\Python\Python310\site-packages\sklearn\gaussian_process\_gpr.py:663: ConvergenceWarning: lbfgs failed to converge after 28 iteration(s) (status=2):
ABNORMAL: 

You might also want to scale the data as shown in:
    https://scikit-learn.org/stable/modules/preprocessing.html
  _check_optimize_result("lbfgs", opt_res)
C:\Users\diogo\AppData\Roaming\Python\Python310\site-packages\sklearn\gaussian_process\_gpr.py:663: ConvergenceWarning: lbfgs failed to converge after 13 iteration(s) (status=2):
ABNORMAL: 

You might also want to scale the data as shown in:
    https://scikit-learn.org/stable/modules/preprocessing.html
  _check_optimize_result("lbfgs", opt_res)
C:\Users\diogo\AppData\Roaming\Python\Python310\site-packages\sklearn\gaussian_process\_gpr.py:663: ConvergenceWarning: lbfgs failed to converge after 16 iteration(s) (status=2):
ABNORMAL: 

You might also want to scale the data as shown in:
    https://scikit-learn.org/stable/modules/preprocessing.html
  _check_optimize_result("lbfgs", opt_res)
C:\Users\diogo\AppData\Roaming\Python\Python310\site-packages\sklearn\gaussian_process\_gpr.py:663: ConvergenceWarning: lbfgs failed to converge after 33 iteration(s) (status=2):
ABNORMAL: 

You might also want to scale the data as shown in:
    https://scikit-learn.org/stable/modules/preprocessing.html
  _check_optimize_result("lbfgs", opt_res)
C:\Users\diogo\AppData\Roaming\Python\Python310\site-packages\sklearn\gaussian_process\_gpr.py:663: ConvergenceWarning: lbfgs failed to converge after 15 iteration(s) (status=2):
ABNORMAL: 

You might also want to scale the data as shown in:
    https://scikit-learn.org/stable/modules/preprocessing.html
  _check_optimize_result("lbfgs", opt_res)
C:\Users\diogo\AppData\Roaming\Python\Python310\site-packages\sklearn\gaussian_process\kernels.py:450: ConvergenceWarning: The optimal value found for dimension 1 of parameter k1__k2__length_scale is close to the specified upper bound 1000.0. Increasing the bound and calling fit again may find a better value.
  warnings.warn(
C:\Users\diogo\AppData\Roaming\Python\Python310\site-packages\sklearn\gaussian_process\kernels.py:450: ConvergenceWarning: The optimal value found for dimension 2 of parameter k1__k2__length_scale is close to the specified upper bound 1000.0. Increasing the bound and calling fit again may find a better value.
  warnings.warn(
C:\Users\diogo\AppData\Roaming\Python\Python310\site-packages\sklearn\gaussian_process\kernels.py:450: ConvergenceWarning: The optimal value found for dimension 3 of parameter k1__k2__length_scale is close to the specified upper bound 1000.0. Increasing the bound and calling fit again may find a better value.
  warnings.warn(
C:\Users\diogo\AppData\Roaming\Python\Python310\site-packages\sklearn\gaussian_process\kernels.py:440: ConvergenceWarning: The optimal value found for dimension 0 of parameter k2__noise_level is close to the specified lower bound 1e-08. Decreasing the bound and calling fit again may find a better value.
  warnings.warn(
C:\Users\diogo\AppData\Roaming\Python\Python310\site-packages\sklearn\gaussian_process\_gpr.py:663: ConvergenceWarning: lbfgs failed to converge after 11 iteration(s) (status=2):
ABNORMAL: 

You might also want to scale the data as shown in:
    https://scikit-learn.org/stable/modules/preprocessing.html
  _check_optimize_result("lbfgs", opt_res)
C:\Users\diogo\AppData\Roaming\Python\Python310\site-packages\sklearn\gaussian_process\_gpr.py:663: ConvergenceWarning: lbfgs failed to converge after 14 iteration(s) (status=2):
ABNORMAL: 

You might also want to scale the data as shown in:
    https://scikit-learn.org/stable/modules/preprocessing.html
  _check_optimize_result("lbfgs", opt_res)
C:\Users\diogo\AppData\Roaming\Python\Python310\site-packages\sklearn\gaussian_process\_gpr.py:663: ConvergenceWarning: lbfgs failed to converge after 15 iteration(s) (status=2):
ABNORMAL: 

You might also want to scale the data as shown in:
    https://scikit-learn.org/stable/modules/preprocessing.html
  _check_optimize_result("lbfgs", opt_res)
C:\Users\diogo\AppData\Roaming\Python\Python310\site-packages\sklearn\gaussian_process\_gpr.py:663: ConvergenceWarning: lbfgs failed to converge after 16 iteration(s) (status=2):
ABNORMAL: 

You might also want to scale the data as shown in:
    https://scikit-learn.org/stable/modules/preprocessing.html
  _check_optimize_result("lbfgs", opt_res)
C:\Users\diogo\AppData\Roaming\Python\Python310\site-packages\sklearn\gaussian_process\kernels.py:450: ConvergenceWarning: The optimal value found for dimension 0 of parameter k1__k2__length_scale is close to the specified upper bound 1000.0. Increasing the bound and calling fit again may find a better value.
  warnings.warn(
C:\Users\diogo\AppData\Roaming\Python\Python310\site-packages\sklearn\gaussian_process\kernels.py:450: ConvergenceWarning: The optimal value found for dimension 1 of parameter k1__k2__length_scale is close to the specified upper bound 1000.0. Increasing the bound and calling fit again may find a better value.
  warnings.warn(
C:\Users\diogo\AppData\Roaming\Python\Python310\site-packages\sklearn\gaussian_process\kernels.py:450: ConvergenceWarning: The optimal value found for dimension 3 of parameter k1__k2__length_scale is close to the specified upper bound 1000.0. Increasing the bound and calling fit again may find a better value.
  warnings.warn(
C:\Users\diogo\AppData\Roaming\Python\Python310\site-packages\sklearn\gaussian_process\kernels.py:440: ConvergenceWarning: The optimal value found for dimension 0 of parameter k2__noise_level is close to the specified lower bound 1e-08. Decreasing the bound and calling fit again may find a better value.
  warnings.warn(
C:\Users\diogo\AppData\Roaming\Python\Python310\site-packages\sklearn\gaussian_process\kernels.py:450: ConvergenceWarning: The optimal value found for dimension 3 of parameter k1__k2__length_scale is close to the specified upper bound 1000.0. Increasing the bound and calling fit again may find a better value.
  warnings.warn(
C:\Users\diogo\AppData\Roaming\Python\Python310\site-packages\sklearn\gaussian_process\kernels.py:450: ConvergenceWarning: The optimal value found for dimension 2 of parameter k1__k2__length_scale is close to the specified upper bound 1000.0. Increasing the bound and calling fit again may find a better value.
  warnings.warn(
C:\Users\diogo\AppData\Roaming\Python\Python310\site-packages\sklearn\gaussian_process\_gpr.py:663: ConvergenceWarning: lbfgs failed to converge after 15 iteration(s) (status=2):
ABNORMAL: 

You might also want to scale the data as shown in:
    https://scikit-learn.org/stable/modules/preprocessing.html
  _check_optimize_result("lbfgs", opt_res)
C:\Users\diogo\AppData\Roaming\Python\Python310\site-packages\sklearn\gaussian_process\_gpr.py:663: ConvergenceWarning: lbfgs failed to converge after 12 iteration(s) (status=2):
ABNORMAL: 

You might also want to scale the data as shown in:
    https://scikit-learn.org/stable/modules/preprocessing.html
  _check_optimize_result("lbfgs", opt_res)
C:\Users\diogo\AppData\Roaming\Python\Python310\site-packages\sklearn\gaussian_process\_gpr.py:663: ConvergenceWarning: lbfgs failed to converge after 13 iteration(s) (status=2):
ABNORMAL: 

You might also want to scale the data as shown in:
    https://scikit-learn.org/stable/modules/preprocessing.html
  _check_optimize_result("lbfgs", opt_res)
C:\Users\diogo\AppData\Roaming\Python\Python310\site-packages\sklearn\gaussian_process\kernels.py:450: ConvergenceWarning: The optimal value found for dimension 1 of parameter k1__k2__length_scale is close to the specified upper bound 1000.0. Increasing the bound and calling fit again may find a better value.
  warnings.warn(
C:\Users\diogo\AppData\Roaming\Python\Python310\site-packages\sklearn\gaussian_process\kernels.py:450: ConvergenceWarning: The optimal value found for dimension 2 of parameter k1__k2__length_scale is close to the specified upper bound 1000.0. Increasing the bound and calling fit again may find a better value.
  warnings.warn(
C:\Users\diogo\AppData\Roaming\Python\Python310\site-packages\sklearn\gaussian_process\kernels.py:450: ConvergenceWarning: The optimal value found for dimension 3 of parameter k1__k2__length_scale is close to the specified upper bound 1000.0. Increasing the bound and calling fit again may find a better value.
  warnings.warn(
C:\Users\diogo\AppData\Roaming\Python\Python310\site-packages\sklearn\gaussian_process\kernels.py:440: ConvergenceWarning: The optimal value found for dimension 0 of parameter k2__noise_level is close to the specified lower bound 1e-08. Decreasing the bound and calling fit again may find a better value.
  warnings.warn(
C:\Users\diogo\AppData\Roaming\Python\Python310\site-packages\sklearn\gaussian_process\_gpr.py:663: ConvergenceWarning: lbfgs failed to converge after 16 iteration(s) (status=2):
ABNORMAL: 

You might also want to scale the data as shown in:
    https://scikit-learn.org/stable/modules/preprocessing.html
  _check_optimize_result("lbfgs", opt_res)
C:\Users\diogo\AppData\Roaming\Python\Python310\site-packages\sklearn\gaussian_process\_gpr.py:663: ConvergenceWarning: lbfgs failed to converge after 11 iteration(s) (status=2):
ABNORMAL: 

You might also want to scale the data as shown in:
    https://scikit-learn.org/stable/modules/preprocessing.html
  _check_optimize_result("lbfgs", opt_res)
C:\Users\diogo\AppData\Roaming\Python\Python310\site-packages\sklearn\gaussian_process\_gpr.py:663: ConvergenceWarning: lbfgs failed to converge after 12 iteration(s) (status=2):
ABNORMAL: 

You might also want to scale the data as shown in:
    https://scikit-learn.org/stable/modules/preprocessing.html
  _check_optimize_result("lbfgs", opt_res)
C:\Users\diogo\AppData\Roaming\Python\Python310\site-packages\sklearn\gaussian_process\kernels.py:450: ConvergenceWarning: The optimal value found for dimension 0 of parameter k1__k2__length_scale is close to the specified upper bound 1000.0. Increasing the bound and calling fit again may find a better value.
  warnings.warn(
C:\Users\diogo\AppData\Roaming\Python\Python310\site-packages\sklearn\gaussian_process\kernels.py:450: ConvergenceWarning: The optimal value found for dimension 1 of parameter k1__k2__length_scale is close to the specified upper bound 1000.0. Increasing the bound and calling fit again may find a better value.
  warnings.warn(
C:\Users\diogo\AppData\Roaming\Python\Python310\site-packages\sklearn\gaussian_process\kernels.py:450: ConvergenceWarning: The optimal value found for dimension 3 of parameter k1__k2__length_scale is close to the specified upper bound 1000.0. Increasing the bound and calling fit again may find a better value.
  warnings.warn(
C:\Users\diogo\AppData\Roaming\Python\Python310\site-packages\sklearn\gaussian_process\kernels.py:440: ConvergenceWarning: The optimal value found for dimension 0 of parameter k2__noise_level is close to the specified lower bound 1e-08. Decreasing the bound and calling fit again may find a better value.
  warnings.warn(
C:\Users\diogo\AppData\Roaming\Python\Python310\site-packages\sklearn\gaussian_process\kernels.py:450: ConvergenceWarning: The optimal value found for dimension 3 of parameter k1__k2__length_scale is close to the specified upper bound 1000.0. Increasing the bound and calling fit again may find a better value.
  warnings.warn(
     enrich   4.296  gd_wt   5.909  refl_thick   5.660  gd_pins  18.636  F 1.578  c_max  1202  pof 0.29
     enrich   4.333  gd_wt   4.642  refl_thick   5.660  gd_pins  19.755  F 1.553  c_max  1294  pof 0.27
     enrich   4.231  gd_wt   2.804  refl_thick   5.660  gd_pins  15.934  F 1.505  c_max  1807  pof 0.56
     enrich   4.238  gd_wt   3.083  refl_thick   5.660  gd_pins  17.223  F 1.511  c_max  1662  pof 0.56
     enrich   4.223  gd_wt   2.596  refl_thick   5.660  gd_pins  14.099  F 1.503  c_max  1992  pof 0.51
  block 4 (train 42): match 0/6 | low-gd 0 | pred>2763 ppm 0 | pof mean 0.35 | sep mean 0.062 min 0.019 | eligible 35/300 | 51.4 s
     enrich   4.222  gd_wt   2.931  refl_thick   5.660  gd_pins  17.971  F 1.512  c_max  1637  pof 0.48
     enrich   4.245  gd_wt   3.161  refl_thick   5.660  gd_pins  18.649  F 1.519  c_max  1567  pof 0.44
     enrich   4.417  gd_wt   4.260  refl_thick   5.660  gd_pins  19.711  F 1.543  c_max  1421  pof 0.36
     enrich   4.318  gd_wt   3.649  refl_thick   5.660  gd_pins  20.421  F 1.539  c_max  1436  pof 0.29
     enrich   4.451  gd_wt   4.405  refl_thick   5.660  gd_pins  20.624  F 1.551  c_max  1381  pof 0.29
     enrich   4.508  gd_wt   4.642  refl_thick   5.659  gd_pins  21.301  F 1.559  c_max  1361  pof 0.25
  block 5 (train 48): match 0/6 | low-gd 0 | pred>2763 ppm 0 | pof mean 0.47 | sep mean 0.104 min 0.018 | eligible 59/300 | 48.4 s
     enrich   4.140  gd_wt   4.893  refl_thick   5.660  gd_pins  14.371  F 1.524  c_max  1534  pof 0.43
     enrich   4.174  gd_wt   2.419  refl_thick   5.660  gd_pins  12.000  F 1.495  c_max  2206  pof 0.51
     enrich   4.174  gd_wt   5.118  refl_thick   5.660  gd_pins  17.122  F 1.538  c_max  1225  pof 0.37
     enrich   4.171  gd_wt   2.584  refl_thick   5.660  gd_pins  12.803  F 1.497  c_max  2079  pof 0.50
     enrich   4.171  gd_wt   2.572  refl_thick   5.660  gd_pins  13.807  F 1.499  c_max  1969  pof 0.50
     enrich   4.261  gd_wt   3.886  refl_thick   5.660  gd_pins  15.742  F 1.519  c_max  1634  pof 0.48
  block 6 (train 54): match 0/6 | low-gd 5 | pred>2763 ppm 0 | pof mean 0.47 | sep mean 0.043 min 0.018 | eligible 50/300 | 54.4 s
     enrich   4.221  gd_wt   0.516  refl_thick   5.659  gd_pins  19.211  F 1.510  c_max  2460  pof 0.48
     enrich   4.254  gd_wt   0.944  refl_thick   5.660  gd_pins  17.785  F 1.513  c_max  2314  pof 0.51
     enrich   4.205  gd_wt   0.251  refl_thick   5.660  gd_pins  21.264  F 1.507  c_max  2608  pof 0.38
     enrich   4.235  gd_wt   0.752  refl_thick   5.660  gd_pins  18.530  F 1.512  c_max  2368  pof 0.50
     enrich   4.213  gd_wt   0.404  refl_thick   5.660  gd_pins  20.224  F 1.509  c_max  2516  pof 0.45
     enrich   4.270  gd_wt   1.210  refl_thick   5.660  gd_pins  17.448  F 1.514  c_max  2236  pof 0.50
  summary pof_boron: {'mean_sep': 0.11446972339404611, 'min_sep': 0.03170709581437453, 'low_gd': 8, 'pred_above_boron': 0, 'pof_mean': 0.4362342094734532, 'match_actual': 0, 'n_picks': 36}

=== rule kappa_efpd: {'acq_rule': 'margin', 'boron': False, 'feas_kappa_map': {'g_efpd': 0.5}}
  block 1 (train 24): match 0/6 | low-gd 1 | pred>2763 ppm 0 | pof mean 0.46 | sep mean 0.214 min 0.062 | eligible 0/300 | 47.7 s
     enrich   4.476  gd_wt   4.194  refl_thick   5.660  gd_pins  18.417  F 1.541  c_max  1928  pof 0.45
     enrich   5.329  gd_wt   6.534  refl_thick   5.660  gd_pins  25.648  F 1.608  c_max  1259  pof 0.51
     enrich   4.918  gd_wt   5.522  refl_thick   5.660  gd_pins  22.815  F 1.580  c_max  1498  pof 0.52
     enrich   5.543  gd_wt   7.632  refl_thick   5.660  gd_pins  27.018  F 1.631  c_max  1068  pof 0.38
     enrich   4.127  gd_wt   0.675  refl_thick   5.660  gd_pins  31.728  F 1.513  c_max  2505  pof 0.57
     enrich   4.528  gd_wt   5.139  refl_thick   5.659  gd_pins  19.676  F 1.561  c_max  1609  pof 0.32
  block 2 (train 30): match 0/6 | low-gd 2 | pred>2763 ppm 0 | pof mean 0.49 | sep mean 0.168 min 0.035 | eligible 0/300 | 38.7 s
     enrich   4.272  gd_wt   2.886  refl_thick   5.660  gd_pins  17.483  F 1.528  c_max  1570  pof 0.50
     enrich   4.417  gd_wt   2.202  refl_thick   5.660  gd_pins  14.332  F 1.512  c_max  2181  pof 0.51
     enrich   4.098  gd_wt   0.263  refl_thick   5.659  gd_pins  26.444  F 1.499  c_max  2506  pof 0.50
     enrich   4.242  gd_wt   3.511  refl_thick   5.660  gd_pins  18.722  F 1.538  c_max  1336  pof 0.41
     enrich   4.336  gd_wt   2.698  refl_thick   5.649  gd_pins  15.621  F 1.519  c_max  1854  pof 0.50
     enrich   4.060  gd_wt   0.000  refl_thick   5.660  gd_pins  28.563  F 1.488  c_max  2742  pof 0.50
  block 3 (train 36): match 0/6 | low-gd 1 | pred>2763 ppm 1 | pof mean 0.43 | sep mean 0.194 min 0.032 | eligible 1/300 | 50.5 s
     enrich   4.268  gd_wt   6.137  refl_thick   5.660  gd_pins  18.272  F 1.583  c_max  1189  pof 0.27
     enrich   4.334  gd_wt   4.645  refl_thick   5.660  gd_pins  19.770  F 1.553  c_max  1293  pof 0.26
     enrich   4.355  gd_wt   5.629  refl_thick   5.660  gd_pins  19.369  F 1.573  c_max  1226  pof 0.36
     enrich   4.237  gd_wt   3.062  refl_thick   5.660  gd_pins  17.430  F 1.512  c_max  1653  pof 0.56
     enrich   4.229  gd_wt   2.776  refl_thick   5.659  gd_pins  15.977  F 1.505  c_max  1808  pof 0.52
     enrich   4.194  gd_wt   0.176  refl_thick   5.659  gd_pins  29.002  F 1.500  c_max  2800  pof 0.59
  block 4 (train 42): match 0/6 | low-gd 1 | pred>2763 ppm 0 | pof mean 0.38 | sep mean 0.125 min 0.020 | eligible 0/300 | 45.6 s
     enrich   3.934  gd_wt   0.006  refl_thick   5.660  gd_pins  28.021  F 1.495  c_max  2722  pof 0.50
     enrich   4.393  gd_wt   4.099  refl_thick   5.660  gd_pins  19.987  F 1.543  c_max  1418  pof 0.33
     enrich   4.235  gd_wt   3.044  refl_thick   5.660  gd_pins  18.186  F 1.515  c_max  1610  pof 0.47
     enrich   4.443  gd_wt   4.350  refl_thick   5.660  gd_pins  20.694  F 1.551  c_max  1382  pof 0.28
     enrich   4.331  gd_wt   3.729  refl_thick   5.660  gd_pins  20.392  F 1.540  c_max  1429  pof 0.29
     enrich   4.262  gd_wt   3.299  refl_thick   5.660  gd_pins  19.355  F 1.526  c_max  1516  pof 0.39
  block 5 (train 48): match 0/6 | low-gd 2 | pred>2763 ppm 0 | pof mean 0.37 | sep mean 0.188 min 0.009 | eligible 0/300 | 40.1 s
     enrich   2.000  gd_wt   0.000  refl_thick   5.660  gd_pins  15.513  F 1.484  c_max  1401  pof 0.48
     enrich   4.207  gd_wt   5.277  refl_thick   5.660  gd_pins  17.340  F 1.541  c_max  1216  pof 0.39
     enrich   4.120  gd_wt   5.153  refl_thick   5.660  gd_pins  16.454  F 1.535  c_max  1231  pof 0.28
     enrich   2.000  gd_wt   0.177  refl_thick   5.660  gd_pins  13.964  F 1.484  c_max  1305  pof 0.46
     enrich   4.164  gd_wt   5.205  refl_thick   5.660  gd_pins  16.914  F 1.538  c_max  1222  pof 0.34
     enrich   4.261  gd_wt   5.455  refl_thick   5.660  gd_pins  17.794  F 1.545  c_max  1207  pof 0.27
  block 6 (train 54): match 0/6 | low-gd 5 | pred>2763 ppm 1 | pof mean 0.47 | sep mean 0.141 min 0.018 | eligible 0/300 | 45.0 s
     enrich   4.212  gd_wt   0.378  refl_thick   5.660  gd_pins  20.160  F 1.509  c_max  2527  pof 0.49
     enrich   4.202  gd_wt   0.144  refl_thick   5.660  gd_pins  22.224  F 1.505  c_max  2691  pof 0.45
     enrich   4.197  gd_wt   0.000  refl_thick   5.660  gd_pins  24.273  F 1.501  c_max  2842  pof 0.44
     enrich   4.238  gd_wt   0.765  refl_thick   5.660  gd_pins  18.622  F 1.512  c_max  2364  pof 0.51
     enrich   4.216  gd_wt   5.105  refl_thick   5.660  gd_pins  15.709  F 1.525  c_max  1454  pof 0.43
     enrich   4.206  gd_wt   0.266  refl_thick   5.660  gd_pins  21.098  F 1.508  c_max  2597  pof 0.47
  summary kappa_efpd: {'mean_sep': 0.17150211603281998, 'min_sep': 0.029404312476393062, 'low_gd': 12, 'pred_above_boron': 2, 'pof_mean': 0.4312693104018157, 'match_actual': 0, 'n_picks': 36}

=== rule gate_no_efpd: {'acq_rule': 'margin', 'boron': False, 'margin_constraints': ('g_kmin', 'g_kmax', 'g_enr', 'g_peak', 'g_ctrl_peak', 'g_ctrl')}
  block 1 (train 24): match 0/6 | low-gd 0 | pred>2763 ppm 0 | pof mean 0.48 | sep mean 0.159 min 0.036 | eligible 92/300 | 44.3 s
     enrich   4.388  gd_wt   3.690  refl_thick   5.660  gd_pins  15.119  F 1.528  c_max  2272  pof 0.50
     enrich   4.918  gd_wt   5.522  refl_thick   5.660  gd_pins  22.815  F 1.580  c_max  1498  pof 0.52
     enrich   5.533  gd_wt   7.411  refl_thick   5.660  gd_pins  27.022  F 1.627  c_max  1096  pof 0.41
     enrich   4.476  gd_wt   4.207  refl_thick   5.654  gd_pins  18.677  F 1.542  c_max  1901  pof 0.43
     enrich   5.312  gd_wt   6.265  refl_thick   5.659  gd_pins  25.787  F 1.603  c_max  1289  pof 0.50
     enrich   4.447  gd_wt   3.878  refl_thick   5.659  gd_pins  17.015  F 1.533  c_max  2115  pof 0.50
  block 2 (train 30): match 0/6 | low-gd 3 | pred>2763 ppm 0 | pof mean 0.50 | sep mean 0.156 min 0.035 | eligible 237/300 | 45.9 s
     enrich   4.422  gd_wt   1.954  refl_thick   5.660  gd_pins  14.384  F 1.511  c_max  2226  pof 0.50
     enrich   4.148  gd_wt   0.568  refl_thick   5.660  gd_pins  24.111  F 1.510  c_max  2253  pof 0.50
     enrich   4.271  gd_wt   2.822  refl_thick   5.660  gd_pins  17.526  F 1.527  c_max  1578  pof 0.49
     enrich   4.112  gd_wt   0.202  refl_thick   5.660  gd_pins  25.731  F 1.498  c_max  2509  pof 0.50
     enrich   4.350  gd_wt   2.459  refl_thick   5.658  gd_pins  15.545  F 1.517  c_max  1921  pof 0.50
     enrich   4.076  gd_wt   0.001  refl_thick   5.660  gd_pins  27.560  F 1.489  c_max  2700  pof 0.50
  block 3 (train 36): match 0/6 | low-gd 2 | pred>2763 ppm 1 | pof mean 0.40 | sep mean 0.248 min 0.018 | eligible 97/300 | 46.8 s
     enrich   4.265  gd_wt   6.089  refl_thick   5.660  gd_pins  18.260  F 1.582  c_max  1191  pof 0.26
     enrich   4.334  gd_wt   4.645  refl_thick   5.660  gd_pins  19.770  F 1.553  c_max  1293  pof 0.26
     enrich   4.355  gd_wt   5.629  refl_thick   5.660  gd_pins  19.369  F 1.573  c_max  1226  pof 0.36
     enrich   4.174  gd_wt   0.009  refl_thick   5.659  gd_pins  29.519  F 1.496  c_max  2886  pof 0.50
     enrich   4.192  gd_wt   0.257  refl_thick   5.660  gd_pins  29.005  F 1.502  c_max  2754  pof 0.53
     enrich   4.222  gd_wt   2.591  refl_thick   5.660  gd_pins  13.975  F 1.503  c_max  2004  pof 0.50
  block 4 (train 42): match 0/6 | low-gd 4 | pred>2763 ppm 1 | pof mean 0.50 | sep mean 0.170 min 0.020 | eligible 139/300 | 45.6 s
     enrich   3.918  gd_wt   0.003  refl_thick   5.660  gd_pins  27.392  F 1.496  c_max  2695  pof 0.50
     enrich   3.896  gd_wt   0.019  refl_thick   5.660  gd_pins  25.366  F 1.499  c_max  2596  pof 0.50
     enrich   3.978  gd_wt   0.000  refl_thick   5.660  gd_pins  29.749  F 1.494  c_max  2786  pof 0.50
     enrich   3.944  gd_wt   0.000  refl_thick   5.660  gd_pins  28.646  F 1.494  c_max  2747  pof 0.50
     enrich   4.258  gd_wt   2.639  refl_thick   5.660  gd_pins  13.901  F 1.500  c_max  2036  pof 0.50
     enrich   4.228  gd_wt   2.992  refl_thick   5.660  gd_pins  18.149  F 1.514  c_max  1619  pof 0.47
  block 5 (train 48): match 0/6 | low-gd 3 | pred>2763 ppm 0 | pof mean 0.39 | sep mean 0.205 min 0.009 | eligible 49/300 | 46.5 s
     enrich   2.000  gd_wt   0.000  refl_thick   5.660  gd_pins  15.384  F 1.484  c_max  1397  pof 0.48
     enrich   4.105  gd_wt   5.014  refl_thick   5.660  gd_pins  15.792  F 1.531  c_max  1304  pof 0.30
     enrich   2.000  gd_wt   0.177  refl_thick   5.660  gd_pins  13.757  F 1.484  c_max  1304  pof 0.46
     enrich   4.207  gd_wt   5.277  refl_thick   5.660  gd_pins  17.340  F 1.541  c_max  1216  pof 0.39
     enrich   2.000  gd_wt   0.000  refl_thick   5.660  gd_pins  15.876  F 1.484  c_max  1412  pof 0.48
     enrich   4.103  gd_wt   5.024  refl_thick   5.660  gd_pins  16.303  F 1.533  c_max  1247  pof 0.26
  block 6 (train 54): match 0/6 | low-gd 6 | pred>2763 ppm 1 | pof mean 0.48 | sep mean 0.063 min 0.018 | eligible 150/300 | 42.8 s
     enrich   4.215  gd_wt   0.451  refl_thick   5.660  gd_pins  19.150  F 1.510  c_max  2485  pof 0.49
     enrich   4.206  gd_wt   0.266  refl_thick   5.660  gd_pins  21.098  F 1.508  c_max  2597  pof 0.47
     enrich   4.248  gd_wt   0.918  refl_thick   5.660  gd_pins  18.055  F 1.513  c_max  2315  pof 0.50
     enrich   4.200  gd_wt   0.104  refl_thick   5.660  gd_pins  23.105  F 1.504  c_max  2742  pof 0.46
     enrich   4.212  gd_wt   0.378  refl_thick   5.660  gd_pins  20.160  F 1.509  c_max  2527  pof 0.49
     enrich   4.196  gd_wt   0.008  refl_thick   5.660  gd_pins  25.126  F 1.500  c_max  2870  pof 0.47
  summary gate_no_efpd: {'mean_sep': 0.16660993546056574, 'min_sep': 0.022599336731031067, 'low_gd': 18, 'pred_above_boron': 3, 'pof_mean': 0.4583907054858569, 'match_actual': 0, 'n_picks': 36}

rule           picks match low-gd >2763   pof sep mean sep min
asrun             36     0     11     1  0.42    0.158   0.031
pof               36     0     17     3  0.47    0.158   0.029
boron             36     0      5     0  0.41    0.128   0.034
pof_boron         36     0      8     0  0.44    0.114   0.032
kappa_efpd        36     0     12     2  0.43    0.172   0.029
gate_no_efpd      36     0     18     3  0.46    0.167   0.023
wrote figs_c9_acq/c9_acquisition_replay.json
