{
  "schema": 2,
  "pitch_cm": [
    1.15,
    1.29,
    1.43
  ],
  "refl_thick_cm": [
    2.0,
    5.0,
    8.0,
    11.0,
    14.0,
    17.0,
    19.5
  ],
  "k_target": [
    [
      1.0653184622347256,
      1.0637027034258046,
      1.0626021308678015,
      1.0631003685444798,
      1.063215496421644,
      1.0625575701198529,
      1.0632368715109213
    ],
    [
      1.0517156109115682,
      1.0526390432368251,
      1.049765400635962,
      1.0500419266722705,
      1.04984472420466,
      1.0498949494448797,
      1.049040366751585
    ],
    [
      1.0426477465115735,
      1.0425653832686705,
      1.04275045674073,
      1.042841232811305,
      1.0410405918370373,
      1.042469020341339,
      1.0412256951892596
    ]
  ],
  "k_inf_assembly": [
    1.259118688135657,
    1.2900354934767209,
    1.2827632870311285
  ],
  "k_eff_sd": [
    [
      0.0006594846969135013,
      0.000645400550564116,
      0.0006180562572267852,
      0.0006228505730371089,
      0.0006835946973977194,
      0.0006532530539672647,
      0.0006767108260557754
    ],
    [
      0.0005743838575715781,
      0.0006131410334745444,
      0.0006108849563813709,
      0.0006967994476214847,
      0.0006570147655405058,
      0.0006556893548012305,
      0.0005804543561711079
    ],
    [
      0.0006696863406969583,
      0.0005917039118226783,
      0.0007085580164164948,
      0.0005968031871415167,
      0.0005655692799873528,
      0.000627610197263783,
      0.0005988034330955224
    ]
  ],
  "design": {
    "enrich_inner": 4.55,
    "enrich_outer": 4.05,
    "gd_wt": 0.0
  },
  "geometry": "v2-envelope (no fuel clipping; corners+annulus reflector)",
  "note": "Route B: pair with make_assembly_model(bc='reflective') in openmc_evaluator._cycle_length; bilinear interpolation on (pitch, refl_thick), clamped at the grid edges."
}