Traceback (most recent call last):
  File "/home/diogo/master-thesis-unipi/c9_repro_check.py", line 130, in <module>
    sys.exit(main())
             ~~~~^^
  File "/home/diogo/master-thesis-unipi/c9_repro_check.py", line 125, in main
    run(a)
    ~~~^^^
  File "/home/diogo/master-thesis-unipi/c9_repro_check.py", line 60, in run
    design, spec = design_of(ckpt, a.design)
                   ~~~~~~~~~^^^^^^^^^^^^^^^^
  File "/home/diogo/master-thesis-unipi/c9_dep_replicas.py", line 91, in design_of
    spec = campaign9_problem(float(ckpt["meta"]["campaign9"]["efpd_req"]))
                                   ~~~~^^^^^^^^
TypeError: tuple indices must be integers or slices, not str
                                %%%%%%%%%%%%%%%
                           %%%%%%%%%%%%%%%%%%%%%%%%
                        %%%%%%%%%%%%%%%%%%%%%%%%%%%%%%
                      %%%%%%%%%%%%%%%%%%%%%%%%%%%%%%%%%%
                    %%%%%%%%%%%%%%%%%%%%%%%%%%%%%%%%%%%%%%
                   %%%%%%%%%%%%%%%%%%%%%%%%%%%%%%%%%%%%%%%%
                                    %%%%%%%%%%%%%%%%%%%%%%%%
                                     %%%%%%%%%%%%%%%%%%%%%%%%
                 ###############      %%%%%%%%%%%%%%%%%%%%%%%%
                ##################     %%%%%%%%%%%%%%%%%%%%%%%
                ###################     %%%%%%%%%%%%%%%%%%%%%%%
                ####################     %%%%%%%%%%%%%%%%%%%%%%
                #####################     %%%%%%%%%%%%%%%%%%%%%
                ######################     %%%%%%%%%%%%%%%%%%%%
                #######################     %%%%%%%%%%%%%%%%%%
                 #######################     %%%%%%%%%%%%%%%%%
                 ######################     %%%%%%%%%%%%%%%%%
                  ####################     %%%%%%%%%%%%%%%%%
                    #################     %%%%%%%%%%%%%%%%%
                     ###############     %%%%%%%%%%%%%%%%
                       ############     %%%%%%%%%%%%%%%
                          ########     %%%%%%%%%%%%%%
                                      %%%%%%%%%%%

                 | The OpenMC Monte Carlo Code
       Copyright | 2011-2025 MIT, UChicago Argonne LLC, and contributors
         License | https://docs.openmc.org/en/latest/license.html
         Version | 0.15.3
     Commit Hash | 27e38e894697bb32a1dac7848d2618818b6b8daf
       Date/Time | 2026-09-26 20:00:49
   MPI Processes | 1
  OpenMP Threads | 64

 Reading settings XML file...
 Reading cross sections XML file...
 Reading chain file: /home/diogo/openmc_data/chain_endfb71_pwr.xml...
 Reading materials XML file...
 Reading geometry XML file...
 Reading H1 from /home/diogo/openmc_data/endfb-vii.1-hdf5/neutron/H1.h5
 Reading H2 from /home/diogo/openmc_data/endfb-vii.1-hdf5/neutron/H2.h5
 Reading B10 from /home/diogo/openmc_data/endfb-vii.1-hdf5/neutron/B10.h5
 Reading B11 from /home/diogo/openmc_data/endfb-vii.1-hdf5/neutron/B11.h5
 Reading O16 from /home/diogo/openmc_data/endfb-vii.1-hdf5/neutron/O16.h5
 Reading O17 from /home/diogo/openmc_data/endfb-vii.1-hdf5/neutron/O17.h5
 Reading Cr50 from /home/diogo/openmc_data/endfb-vii.1-hdf5/neutron/Cr50.h5
 Reading Cr52 from /home/diogo/openmc_data/endfb-vii.1-hdf5/neutron/Cr52.h5
 Reading Cr53 from /home/diogo/openmc_data/endfb-vii.1-hdf5/neutron/Cr53.h5
 Reading Cr54 from /home/diogo/openmc_data/endfb-vii.1-hdf5/neutron/Cr54.h5
 Reading Fe54 from /home/diogo/openmc_data/endfb-vii.1-hdf5/neutron/Fe54.h5
 Reading Fe56 from /home/diogo/openmc_data/endfb-vii.1-hdf5/neutron/Fe56.h5
 Reading Fe57 from /home/diogo/openmc_data/endfb-vii.1-hdf5/neutron/Fe57.h5
 Reading Fe58 from /home/diogo/openmc_data/endfb-vii.1-hdf5/neutron/Fe58.h5
 Reading Zr90 from /home/diogo/openmc_data/endfb-vii.1-hdf5/neutron/Zr90.h5
 Reading Zr91 from /home/diogo/openmc_data/endfb-vii.1-hdf5/neutron/Zr91.h5
 Reading Zr92 from /home/diogo/openmc_data/endfb-vii.1-hdf5/neutron/Zr92.h5
 Reading Zr94 from /home/diogo/openmc_data/endfb-vii.1-hdf5/neutron/Zr94.h5
 Reading Zr96 from /home/diogo/openmc_data/endfb-vii.1-hdf5/neutron/Zr96.h5
 Reading Sn112 from /home/diogo/openmc_data/endfb-vii.1-hdf5/neutron/Sn112.h5
 Reading Sn114 from /home/diogo/openmc_data/endfb-vii.1-hdf5/neutron/Sn114.h5
 Reading Sn115 from /home/diogo/openmc_data/endfb-vii.1-hdf5/neutron/Sn115.h5
 Reading Sn116 from /home/diogo/openmc_data/endfb-vii.1-hdf5/neutron/Sn116.h5
 Reading Sn117 from /home/diogo/openmc_data/endfb-vii.1-hdf5/neutron/Sn117.h5
 Reading Sn118 from /home/diogo/openmc_data/endfb-vii.1-hdf5/neutron/Sn118.h5
 Reading Sn119 from /home/diogo/openmc_data/endfb-vii.1-hdf5/neutron/Sn119.h5
 Reading Sn120 from /home/diogo/openmc_data/endfb-vii.1-hdf5/neutron/Sn120.h5
 Reading Sn122 from /home/diogo/openmc_data/endfb-vii.1-hdf5/neutron/Sn122.h5
 Reading Sn124 from /home/diogo/openmc_data/endfb-vii.1-hdf5/neutron/Sn124.h5
 Reading He3 from /home/diogo/openmc_data/endfb-vii.1-hdf5/neutron/He3.h5
 Reading He4 from /home/diogo/openmc_data/endfb-vii.1-hdf5/neutron/He4.h5
 Reading U234 from /home/diogo/openmc_data/endfb-vii.1-hdf5/neutron/U234.h5
 Reading U235 from /home/diogo/openmc_data/endfb-vii.1-hdf5/neutron/U235.h5
 Reading U238 from /home/diogo/openmc_data/endfb-vii.1-hdf5/neutron/U238.h5
 Reading Gd152 from /home/diogo/openmc_data/endfb-vii.1-hdf5/neutron/Gd152.h5
 Reading Gd154 from /home/diogo/openmc_data/endfb-vii.1-hdf5/neutron/Gd154.h5
 Reading Gd155 from /home/diogo/openmc_data/endfb-vii.1-hdf5/neutron/Gd155.h5
 Reading Gd156 from /home/diogo/openmc_data/endfb-vii.1-hdf5/neutron/Gd156.h5
 Reading Gd157 from /home/diogo/openmc_data/endfb-vii.1-hdf5/neutron/Gd157.h5
 Reading Gd158 from /home/diogo/openmc_data/endfb-vii.1-hdf5/neutron/Gd158.h5
 Reading Gd160 from /home/diogo/openmc_data/endfb-vii.1-hdf5/neutron/Gd160.h5
 Reading c_H_in_H2O from
 /home/diogo/openmc_data/endfb-vii.1-hdf5/neutron/c_H_in_H2O.h5
 Minimum neutron data temperature: 294 K
 Maximum neutron data temperature: 2500 K
 Reading tallies XML file...
 Preparing distributed cell instances...
 Reading plot XML file...
 Writing summary.h5 file...
[openmc.deplete] t=0.0 s, dt=4327203.051553669 s, source=1491105.972264863
 Reading H3 from /home/diogo/openmc_data/endfb-vii.1-hdf5/neutron/H3.h5
 Reading Li6 from /home/diogo/openmc_data/endfb-vii.1-hdf5/neutron/Li6.h5
 Reading Li7 from /home/diogo/openmc_data/endfb-vii.1-hdf5/neutron/Li7.h5
 Reading Be9 from /home/diogo/openmc_data/endfb-vii.1-hdf5/neutron/Be9.h5
 Reading N14 from /home/diogo/openmc_data/endfb-vii.1-hdf5/neutron/N14.h5
 Reading N15 from /home/diogo/openmc_data/endfb-vii.1-hdf5/neutron/N15.h5
 Reading F19 from /home/diogo/openmc_data/endfb-vii.1-hdf5/neutron/F19.h5
 Reading Na22 from /home/diogo/openmc_data/endfb-vii.1-hdf5/neutron/Na22.h5
 WARNING: Negative value(s) found on probability table for nuclide Na22 at 250K
 WARNING: Negative value(s) found on probability table for nuclide Na22 at 294K
 WARNING: Negative value(s) found on probability table for nuclide Na22 at 600K
 WARNING: Negative value(s) found on probability table for nuclide Na22 at 900K
 WARNING: Negative value(s) found on probability table for nuclide Na22 at 1200K
 WARNING: Negative value(s) found on probability table for nuclide Na22 at 2500K
 Reading Na23 from /home/diogo/openmc_data/endfb-vii.1-hdf5/neutron/Na23.h5
 Reading Mg24 from /home/diogo/openmc_data/endfb-vii.1-hdf5/neutron/Mg24.h5
 Reading Mg25 from /home/diogo/openmc_data/endfb-vii.1-hdf5/neutron/Mg25.h5
 Reading Mg26 from /home/diogo/openmc_data/endfb-vii.1-hdf5/neutron/Mg26.h5
 Reading Al27 from /home/diogo/openmc_data/endfb-vii.1-hdf5/neutron/Al27.h5
 Reading Si28 from /home/diogo/openmc_data/endfb-vii.1-hdf5/neutron/Si28.h5
 Reading Si29 from /home/diogo/openmc_data/endfb-vii.1-hdf5/neutron/Si29.h5
 Reading Si30 from /home/diogo/openmc_data/endfb-vii.1-hdf5/neutron/Si30.h5
 Reading P31 from /home/diogo/openmc_data/endfb-vii.1-hdf5/neutron/P31.h5
 Reading S32 from /home/diogo/openmc_data/endfb-vii.1-hdf5/neutron/S32.h5
 Reading S33 from /home/diogo/openmc_data/endfb-vii.1-hdf5/neutron/S33.h5
 Reading S34 from /home/diogo/openmc_data/endfb-vii.1-hdf5/neutron/S34.h5
 Reading S36 from /home/diogo/openmc_data/endfb-vii.1-hdf5/neutron/S36.h5
 Reading Cl35 from /home/diogo/openmc_data/endfb-vii.1-hdf5/neutron/Cl35.h5
 Reading Cl37 from /home/diogo/openmc_data/endfb-vii.1-hdf5/neutron/Cl37.h5
 Reading Ar36 from /home/diogo/openmc_data/endfb-vii.1-hdf5/neutron/Ar36.h5
 WARNING: Negative value(s) found on probability table for nuclide Ar36 at 250K
 WARNING: Negative value(s) found on probability table for nuclide Ar36 at 294K
 WARNING: Negative value(s) found on probability table for nuclide Ar36 at 600K
 WARNING: Negative value(s) found on probability table for nuclide Ar36 at 900K
 WARNING: Negative value(s) found on probability table for nuclide Ar36 at 1200K
 WARNING: Negative value(s) found on probability table for nuclide Ar36 at 2500K
 Reading Ar38 from /home/diogo/openmc_data/endfb-vii.1-hdf5/neutron/Ar38.h5
 Reading Ar40 from /home/diogo/openmc_data/endfb-vii.1-hdf5/neutron/Ar40.h5
 Reading K39 from /home/diogo/openmc_data/endfb-vii.1-hdf5/neutron/K39.h5
 Reading K40 from /home/diogo/openmc_data/endfb-vii.1-hdf5/neutron/K40.h5
 Reading K41 from /home/diogo/openmc_data/endfb-vii.1-hdf5/neutron/K41.h5
 Reading Ca40 from /home/diogo/openmc_data/endfb-vii.1-hdf5/neutron/Ca40.h5
 Reading Ca42 from /home/diogo/openmc_data/endfb-vii.1-hdf5/neutron/Ca42.h5
 Reading Ca43 from /home/diogo/openmc_data/endfb-vii.1-hdf5/neutron/Ca43.h5
 Reading Ca44 from /home/diogo/openmc_data/endfb-vii.1-hdf5/neutron/Ca44.h5
 Reading Ca46 from /home/diogo/openmc_data/endfb-vii.1-hdf5/neutron/Ca46.h5
 Reading Ca48 from /home/diogo/openmc_data/endfb-vii.1-hdf5/neutron/Ca48.h5
 Reading Sc45 from /home/diogo/openmc_data/endfb-vii.1-hdf5/neutron/Sc45.h5
 Reading Ti46 from /home/diogo/openmc_data/endfb-vii.1-hdf5/neutron/Ti46.h5
 Reading Ti47 from /home/diogo/openmc_data/endfb-vii.1-hdf5/neutron/Ti47.h5
 Reading Ti48 from /home/diogo/openmc_data/endfb-vii.1-hdf5/neutron/Ti48.h5
 Reading Ti49 from /home/diogo/openmc_data/endfb-vii.1-hdf5/neutron/Ti49.h5
 Reading Ti50 from /home/diogo/openmc_data/endfb-vii.1-hdf5/neutron/Ti50.h5
 Reading V50 from /home/diogo/openmc_data/endfb-vii.1-hdf5/neutron/V50.h5
 Reading V51 from /home/diogo/openmc_data/endfb-vii.1-hdf5/neutron/V51.h5
 Reading Mn55 from /home/diogo/openmc_data/endfb-vii.1-hdf5/neutron/Mn55.h5
 Reading Co58 from /home/diogo/openmc_data/endfb-vii.1-hdf5/neutron/Co58.h5
 Reading Co58_m1 from
 /home/diogo/openmc_data/endfb-vii.1-hdf5/neutron/Co58_m1.h5
 Reading Co59 from /home/diogo/openmc_data/endfb-vii.1-hdf5/neutron/Co59.h5
 Reading Ni58 from /home/diogo/openmc_data/endfb-vii.1-hdf5/neutron/Ni58.h5
 Reading Ni59 from /home/diogo/openmc_data/endfb-vii.1-hdf5/neutron/Ni59.h5
 Reading Ni60 from /home/diogo/openmc_data/endfb-vii.1-hdf5/neutron/Ni60.h5
 Reading Ni61 from /home/diogo/openmc_data/endfb-vii.1-hdf5/neutron/Ni61.h5
 Reading Ni62 from /home/diogo/openmc_data/endfb-vii.1-hdf5/neutron/Ni62.h5
 Reading Ni64 from /home/diogo/openmc_data/endfb-vii.1-hdf5/neutron/Ni64.h5
 Reading Cu63 from /home/diogo/openmc_data/endfb-vii.1-hdf5/neutron/Cu63.h5
 Reading Cu65 from /home/diogo/openmc_data/endfb-vii.1-hdf5/neutron/Cu65.h5
 Reading Zn64 from /home/diogo/openmc_data/endfb-vii.1-hdf5/neutron/Zn64.h5
 Reading Zn65 from /home/diogo/openmc_data/endfb-vii.1-hdf5/neutron/Zn65.h5
 Reading Zn66 from /home/diogo/openmc_data/endfb-vii.1-hdf5/neutron/Zn66.h5
 Reading Zn67 from /home/diogo/openmc_data/endfb-vii.1-hdf5/neutron/Zn67.h5
 Reading Zn68 from /home/diogo/openmc_data/endfb-vii.1-hdf5/neutron/Zn68.h5
 Reading Zn70 from /home/diogo/openmc_data/endfb-vii.1-hdf5/neutron/Zn70.h5
 Reading Ga69 from /home/diogo/openmc_data/endfb-vii.1-hdf5/neutron/Ga69.h5
 Reading Ga71 from /home/diogo/openmc_data/endfb-vii.1-hdf5/neutron/Ga71.h5
 Reading Ge70 from /home/diogo/openmc_data/endfb-vii.1-hdf5/neutron/Ge70.h5
 Reading Ge72 from /home/diogo/openmc_data/endfb-vii.1-hdf5/neutron/Ge72.h5
 Reading Ge73 from /home/diogo/openmc_data/endfb-vii.1-hdf5/neutron/Ge73.h5
 Reading Ge74 from /home/diogo/openmc_data/endfb-vii.1-hdf5/neutron/Ge74.h5
 Reading Ge76 from /home/diogo/openmc_data/endfb-vii.1-hdf5/neutron/Ge76.h5
 Reading As74 from /home/diogo/openmc_data/endfb-vii.1-hdf5/neutron/As74.h5
 Reading As75 from /home/diogo/openmc_data/endfb-vii.1-hdf5/neutron/As75.h5
 Reading Se74 from /home/diogo/openmc_data/endfb-vii.1-hdf5/neutron/Se74.h5
 Reading Se76 from /home/diogo/openmc_data/endfb-vii.1-hdf5/neutron/Se76.h5
 Reading Se77 from /home/diogo/openmc_data/endfb-vii.1-hdf5/neutron/Se77.h5
 Reading Se78 from /home/diogo/openmc_data/endfb-vii.1-hdf5/neutron/Se78.h5
 Reading Se79 from /home/diogo/openmc_data/endfb-vii.1-hdf5/neutron/Se79.h5
 WARNING: Negative value(s) found on probability table for nuclide Se79 at 250K
 WARNING: Negative value(s) found on probability table for nuclide Se79 at 294K
 WARNING: Negative value(s) found on probability table for nuclide Se79 at 600K
 WARNING: Negative value(s) found on probability table for nuclide Se79 at 900K
 WARNING: Negative value(s) found on probability table for nuclide Se79 at 1200K
 Reading Se80 from /home/diogo/openmc_data/endfb-vii.1-hdf5/neutron/Se80.h5
 Reading Se82 from /home/diogo/openmc_data/endfb-vii.1-hdf5/neutron/Se82.h5
 Reading Br79 from /home/diogo/openmc_data/endfb-vii.1-hdf5/neutron/Br79.h5
 Reading Br81 from /home/diogo/openmc_data/endfb-vii.1-hdf5/neutron/Br81.h5
 Reading Kr78 from /home/diogo/openmc_data/endfb-vii.1-hdf5/neutron/Kr78.h5
 Reading Kr80 from /home/diogo/openmc_data/endfb-vii.1-hdf5/neutron/Kr80.h5
 Reading Kr82 from /home/diogo/openmc_data/endfb-vii.1-hdf5/neutron/Kr82.h5
 Reading Kr83 from /home/diogo/openmc_data/endfb-vii.1-hdf5/neutron/Kr83.h5
 Reading Kr84 from /home/diogo/openmc_data/endfb-vii.1-hdf5/neutron/Kr84.h5
 Reading Kr85 from /home/diogo/openmc_data/endfb-vii.1-hdf5/neutron/Kr85.h5
 Reading Kr86 from /home/diogo/openmc_data/endfb-vii.1-hdf5/neutron/Kr86.h5
 Reading Rb85 from /home/diogo/openmc_data/endfb-vii.1-hdf5/neutron/Rb85.h5
 Reading Rb86 from /home/diogo/openmc_data/endfb-vii.1-hdf5/neutron/Rb86.h5
 Reading Rb87 from /home/diogo/openmc_data/endfb-vii.1-hdf5/neutron/Rb87.h5
 Reading Sr84 from /home/diogo/openmc_data/endfb-vii.1-hdf5/neutron/Sr84.h5
 Reading Sr86 from /home/diogo/openmc_data/endfb-vii.1-hdf5/neutron/Sr86.h5
 Reading Sr87 from /home/diogo/openmc_data/endfb-vii.1-hdf5/neutron/Sr87.h5
 Reading Sr88 from /home/diogo/openmc_data/endfb-vii.1-hdf5/neutron/Sr88.h5
 Reading Sr89 from /home/diogo/openmc_data/endfb-vii.1-hdf5/neutron/Sr89.h5
 Reading Sr90 from /home/diogo/openmc_data/endfb-vii.1-hdf5/neutron/Sr90.h5
 Reading Y89 from /home/diogo/openmc_data/endfb-vii.1-hdf5/neutron/Y89.h5
 Reading Y90 from /home/diogo/openmc_data/endfb-vii.1-hdf5/neutron/Y90.h5
 Reading Y91 from /home/diogo/openmc_data/endfb-vii.1-hdf5/neutron/Y91.h5
 Reading Zr93 from /home/diogo/openmc_data/endfb-vii.1-hdf5/neutron/Zr93.h5
 Reading Zr95 from /home/diogo/openmc_data/endfb-vii.1-hdf5/neutron/Zr95.h5
 Reading Nb93 from /home/diogo/openmc_data/endfb-vii.1-hdf5/neutron/Nb93.h5
 Reading Nb94 from /home/diogo/openmc_data/endfb-vii.1-hdf5/neutron/Nb94.h5
 WARNING: Negative value(s) found on probability table for nuclide Nb94 at 250K
 WARNING: Negative value(s) found on probability table for nuclide Nb94 at 294K
 WARNING: Negative value(s) found on probability table for nuclide Nb94 at 600K
 WARNING: Negative value(s) found on probability table for nuclide Nb94 at 900K
 WARNING: Negative value(s) found on probability table for nuclide Nb94 at 1200K
 WARNING: Negative value(s) found on probability table for nuclide Nb94 at 2500K
 Reading Nb95 from /home/diogo/openmc_data/endfb-vii.1-hdf5/neutron/Nb95.h5
 WARNING: Negative value(s) found on probability table for nuclide Nb95 at 250K
 WARNING: Negative value(s) found on probability table for nuclide Nb95 at 294K
 WARNING: Negative value(s) found on probability table for nuclide Nb95 at 600K
 WARNING: Negative value(s) found on probability table for nuclide Nb95 at 900K
 WARNING: Negative value(s) found on probability table for nuclide Nb95 at 1200K
 Reading Mo92 from /home/diogo/openmc_data/endfb-vii.1-hdf5/neutron/Mo92.h5
 Reading Mo94 from /home/diogo/openmc_data/endfb-vii.1-hdf5/neutron/Mo94.h5
 Reading Mo95 from /home/diogo/openmc_data/endfb-vii.1-hdf5/neutron/Mo95.h5
 Reading Mo96 from /home/diogo/openmc_data/endfb-vii.1-hdf5/neutron/Mo96.h5
 Reading Mo97 from /home/diogo/openmc_data/endfb-vii.1-hdf5/neutron/Mo97.h5
 Reading Mo98 from /home/diogo/openmc_data/endfb-vii.1-hdf5/neutron/Mo98.h5
 Reading Mo99 from /home/diogo/openmc_data/endfb-vii.1-hdf5/neutron/Mo99.h5
 WARNING: Negative value(s) found on probability table for nuclide Mo99 at 250K
 WARNING: Negative value(s) found on probability table for nuclide Mo99 at 294K
 WARNING: Negative value(s) found on probability table for nuclide Mo99 at 600K
 WARNING: Negative value(s) found on probability table for nuclide Mo99 at 900K
 WARNING: Negative value(s) found on probability table for nuclide Mo99 at 1200K
 WARNING: Negative value(s) found on probability table for nuclide Mo99 at 2500K
 Reading Mo100 from /home/diogo/openmc_data/endfb-vii.1-hdf5/neutron/Mo100.h5
 Reading Tc99 from /home/diogo/openmc_data/endfb-vii.1-hdf5/neutron/Tc99.h5
 Reading Ru96 from /home/diogo/openmc_data/endfb-vii.1-hdf5/neutron/Ru96.h5
 Reading Ru98 from /home/diogo/openmc_data/endfb-vii.1-hdf5/neutron/Ru98.h5
 Reading Ru99 from /home/diogo/openmc_data/endfb-vii.1-hdf5/neutron/Ru99.h5
 Reading Ru100 from /home/diogo/openmc_data/endfb-vii.1-hdf5/neutron/Ru100.h5
 Reading Ru101 from /home/diogo/openmc_data/endfb-vii.1-hdf5/neutron/Ru101.h5
 Reading Ru102 from /home/diogo/openmc_data/endfb-vii.1-hdf5/neutron/Ru102.h5
 Reading Ru103 from /home/diogo/openmc_data/endfb-vii.1-hdf5/neutron/Ru103.h5
 Reading Ru104 from /home/diogo/openmc_data/endfb-vii.1-hdf5/neutron/Ru104.h5
 Reading Ru105 from /home/diogo/openmc_data/endfb-vii.1-hdf5/neutron/Ru105.h5
 Reading Ru106 from /home/diogo/openmc_data/endfb-vii.1-hdf5/neutron/Ru106.h5
 Reading Rh103 from /home/diogo/openmc_data/endfb-vii.1-hdf5/neutron/Rh103.h5
 Reading Rh105 from /home/diogo/openmc_data/endfb-vii.1-hdf5/neutron/Rh105.h5
 Reading Pd102 from /home/diogo/openmc_data/endfb-vii.1-hdf5/neutron/Pd102.h5
 Reading Pd104 from /home/diogo/openmc_data/endfb-vii.1-hdf5/neutron/Pd104.h5
 Reading Pd105 from /home/diogo/openmc_data/endfb-vii.1-hdf5/neutron/Pd105.h5
 Reading Pd106 from /home/diogo/openmc_data/endfb-vii.1-hdf5/neutron/Pd106.h5
 Reading Pd107 from /home/diogo/openmc_data/endfb-vii.1-hdf5/neutron/Pd107.h5
 Reading Pd108 from /home/diogo/openmc_data/endfb-vii.1-hdf5/neutron/Pd108.h5
 Reading Pd110 from /home/diogo/openmc_data/endfb-vii.1-hdf5/neutron/Pd110.h5
 Reading Ag107 from /home/diogo/openmc_data/endfb-vii.1-hdf5/neutron/Ag107.h5
 Reading Ag109 from /home/diogo/openmc_data/endfb-vii.1-hdf5/neutron/Ag109.h5
 Reading Ag110_m1 from
 /home/diogo/openmc_data/endfb-vii.1-hdf5/neutron/Ag110_m1.h5
 Reading Ag111 from /home/diogo/openmc_data/endfb-vii.1-hdf5/neutron/Ag111.h5
 Reading Cd106 from /home/diogo/openmc_data/endfb-vii.1-hdf5/neutron/Cd106.h5
 WARNING: Negative value(s) found on probability table for nuclide Cd106 at 250K
 WARNING: Negative value(s) found on probability table for nuclide Cd106 at 294K
 WARNING: Negative value(s) found on probability table for nuclide Cd106 at 600K
 WARNING: Negative value(s) found on probability table for nuclide Cd106 at 900K
 WARNING: Negative value(s) found on probability table for nuclide Cd106 at
          1200K
 WARNING: Negative value(s) found on probability table for nuclide Cd106 at
          2500K
 Reading Cd108 from /home/diogo/openmc_data/endfb-vii.1-hdf5/neutron/Cd108.h5
 Reading Cd110 from /home/diogo/openmc_data/endfb-vii.1-hdf5/neutron/Cd110.h5
 Reading Cd111 from /home/diogo/openmc_data/endfb-vii.1-hdf5/neutron/Cd111.h5
 Reading Cd112 from /home/diogo/openmc_data/endfb-vii.1-hdf5/neutron/Cd112.h5
 Reading Cd113 from /home/diogo/openmc_data/endfb-vii.1-hdf5/neutron/Cd113.h5
 Reading Cd114 from /home/diogo/openmc_data/endfb-vii.1-hdf5/neutron/Cd114.h5
 Reading Cd115_m1 from
 /home/diogo/openmc_data/endfb-vii.1-hdf5/neutron/Cd115_m1.h5
 Reading Cd116 from /home/diogo/openmc_data/endfb-vii.1-hdf5/neutron/Cd116.h5
 Reading In113 from /home/diogo/openmc_data/endfb-vii.1-hdf5/neutron/In113.h5
 Reading In115 from /home/diogo/openmc_data/endfb-vii.1-hdf5/neutron/In115.h5
 Reading Sn113 from /home/diogo/openmc_data/endfb-vii.1-hdf5/neutron/Sn113.h5
 Reading Sn123 from /home/diogo/openmc_data/endfb-vii.1-hdf5/neutron/Sn123.h5
 WARNING: Negative value(s) found on probability table for nuclide Sn123 at 250K
 WARNING: Negative value(s) found on probability table for nuclide Sn123 at 294K
 WARNING: Negative value(s) found on probability table for nuclide Sn123 at 600K
 WARNING: Negative value(s) found on probability table for nuclide Sn123 at 900K
 WARNING: Negative value(s) found on probability table for nuclide Sn123 at
          1200K
 WARNING: Negative value(s) found on probability table for nuclide Sn123 at
          2500K
 Reading Sn125 from /home/diogo/openmc_data/endfb-vii.1-hdf5/neutron/Sn125.h5
 Reading Sn126 from /home/diogo/openmc_data/endfb-vii.1-hdf5/neutron/Sn126.h5
 Reading Sb121 from /home/diogo/openmc_data/endfb-vii.1-hdf5/neutron/Sb121.h5
 Reading Sb123 from /home/diogo/openmc_data/endfb-vii.1-hdf5/neutron/Sb123.h5
 Reading Sb124 from /home/diogo/openmc_data/endfb-vii.1-hdf5/neutron/Sb124.h5
 Reading Sb125 from /home/diogo/openmc_data/endfb-vii.1-hdf5/neutron/Sb125.h5
 Reading Sb126 from /home/diogo/openmc_data/endfb-vii.1-hdf5/neutron/Sb126.h5
 Reading Te120 from /home/diogo/openmc_data/endfb-vii.1-hdf5/neutron/Te120.h5
 WARNING: Negative value(s) found on probability table for nuclide Te120 at 600K
 WARNING: Negative value(s) found on probability table for nuclide Te120 at 900K
 WARNING: Negative value(s) found on probability table for nuclide Te120 at
          1200K
 WARNING: Negative value(s) found on probability table for nuclide Te120 at
          2500K
 Reading Te122 from /home/diogo/openmc_data/endfb-vii.1-hdf5/neutron/Te122.h5
 Reading Te123 from /home/diogo/openmc_data/endfb-vii.1-hdf5/neutron/Te123.h5
 Reading Te124 from /home/diogo/openmc_data/endfb-vii.1-hdf5/neutron/Te124.h5
 Reading Te125 from /home/diogo/openmc_data/endfb-vii.1-hdf5/neutron/Te125.h5
 Reading Te126 from /home/diogo/openmc_data/endfb-vii.1-hdf5/neutron/Te126.h5
 Reading Te127_m1 from
 /home/diogo/openmc_data/endfb-vii.1-hdf5/neutron/Te127_m1.h5
 Reading Te128 from /home/diogo/openmc_data/endfb-vii.1-hdf5/neutron/Te128.h5
 Reading Te129_m1 from
 /home/diogo/openmc_data/endfb-vii.1-hdf5/neutron/Te129_m1.h5
 Reading Te130 from /home/diogo/openmc_data/endfb-vii.1-hdf5/neutron/Te130.h5
 Reading Te132 from /home/diogo/openmc_data/endfb-vii.1-hdf5/neutron/Te132.h5
 Reading I127 from /home/diogo/openmc_data/endfb-vii.1-hdf5/neutron/I127.h5
 Reading I129 from /home/diogo/openmc_data/endfb-vii.1-hdf5/neutron/I129.h5
 Reading I130 from /home/diogo/openmc_data/endfb-vii.1-hdf5/neutron/I130.h5
 Reading I131 from /home/diogo/openmc_data/endfb-vii.1-hdf5/neutron/I131.h5
 WARNING: Negative value(s) found on probability table for nuclide I131 at 250K
 WARNING: Negative value(s) found on probability table for nuclide I131 at 294K
 WARNING: Negative value(s) found on probability table for nuclide I131 at 600K
 WARNING: Negative value(s) found on probability table for nuclide I131 at 900K
 WARNING: Negative value(s) found on probability table for nuclide I131 at 1200K
 WARNING: Negative value(s) found on probability table for nuclide I131 at 2500K
 Reading I135 from /home/diogo/openmc_data/endfb-vii.1-hdf5/neutron/I135.h5
 Reading Xe123 from /home/diogo/openmc_data/endfb-vii.1-hdf5/neutron/Xe123.h5
 Reading Xe124 from /home/diogo/openmc_data/endfb-vii.1-hdf5/neutron/Xe124.h5
 Reading Xe126 from /home/diogo/openmc_data/endfb-vii.1-hdf5/neutron/Xe126.h5
 Reading Xe128 from /home/diogo/openmc_data/endfb-vii.1-hdf5/neutron/Xe128.h5
 Reading Xe129 from /home/diogo/openmc_data/endfb-vii.1-hdf5/neutron/Xe129.h5
 Reading Xe130 from /home/diogo/openmc_data/endfb-vii.1-hdf5/neutron/Xe130.h5
 Reading Xe131 from /home/diogo/openmc_data/endfb-vii.1-hdf5/neutron/Xe131.h5
 Reading Xe132 from /home/diogo/openmc_data/endfb-vii.1-hdf5/neutron/Xe132.h5
 Reading Xe133 from /home/diogo/openmc_data/endfb-vii.1-hdf5/neutron/Xe133.h5
 WARNING: Negative value(s) found on probability table for nuclide Xe133 at
          2500K
 Reading Xe134 from /home/diogo/openmc_data/endfb-vii.1-hdf5/neutron/Xe134.h5
 Reading Xe135 from /home/diogo/openmc_data/endfb-vii.1-hdf5/neutron/Xe135.h5
 Reading Xe136 from /home/diogo/openmc_data/endfb-vii.1-hdf5/neutron/Xe136.h5
 Reading Cs133 from /home/diogo/openmc_data/endfb-vii.1-hdf5/neutron/Cs133.h5
 Reading Cs134 from /home/diogo/openmc_data/endfb-vii.1-hdf5/neutron/Cs134.h5
 Reading Cs135 from /home/diogo/openmc_data/endfb-vii.1-hdf5/neutron/Cs135.h5
 Reading Cs136 from /home/diogo/openmc_data/endfb-vii.1-hdf5/neutron/Cs136.h5
 WARNING: Negative value(s) found on probability table for nuclide Cs136 at 250K
 WARNING: Negative value(s) found on probability table for nuclide Cs136 at 294K
 WARNING: Negative value(s) found on probability table for nuclide Cs136 at 600K
 WARNING: Negative value(s) found on probability table for nuclide Cs136 at 900K
 WARNING: Negative value(s) found on probability table for nuclide Cs136 at
          1200K
 WARNING: Negative value(s) found on probability table for nuclide Cs136 at
          2500K
 Reading Cs137 from /home/diogo/openmc_data/endfb-vii.1-hdf5/neutron/Cs137.h5
 Reading Ba130 from /home/diogo/openmc_data/endfb-vii.1-hdf5/neutron/Ba130.h5
 Reading Ba132 from /home/diogo/openmc_data/endfb-vii.1-hdf5/neutron/Ba132.h5
 Reading Ba133 from /home/diogo/openmc_data/endfb-vii.1-hdf5/neutron/Ba133.h5
 Reading Ba134 from /home/diogo/openmc_data/endfb-vii.1-hdf5/neutron/Ba134.h5
 Reading Ba135 from /home/diogo/openmc_data/endfb-vii.1-hdf5/neutron/Ba135.h5
 Reading Ba136 from /home/diogo/openmc_data/endfb-vii.1-hdf5/neutron/Ba136.h5
 Reading Ba137 from /home/diogo/openmc_data/endfb-vii.1-hdf5/neutron/Ba137.h5
 Reading Ba138 from /home/diogo/openmc_data/endfb-vii.1-hdf5/neutron/Ba138.h5
 Reading Ba140 from /home/diogo/openmc_data/endfb-vii.1-hdf5/neutron/Ba140.h5
 Reading La138 from /home/diogo/openmc_data/endfb-vii.1-hdf5/neutron/La138.h5
 Reading La139 from /home/diogo/openmc_data/endfb-vii.1-hdf5/neutron/La139.h5
 Reading La140 from /home/diogo/openmc_data/endfb-vii.1-hdf5/neutron/La140.h5
 Reading Ce136 from /home/diogo/openmc_data/endfb-vii.1-hdf5/neutron/Ce136.h5
 Reading Ce138 from /home/diogo/openmc_data/endfb-vii.1-hdf5/neutron/Ce138.h5
 Reading Ce139 from /home/diogo/openmc_data/endfb-vii.1-hdf5/neutron/Ce139.h5
 Reading Ce140 from /home/diogo/openmc_data/endfb-vii.1-hdf5/neutron/Ce140.h5
 Reading Ce141 from /home/diogo/openmc_data/endfb-vii.1-hdf5/neutron/Ce141.h5
 Reading Ce142 from /home/diogo/openmc_data/endfb-vii.1-hdf5/neutron/Ce142.h5
 Reading Ce143 from /home/diogo/openmc_data/endfb-vii.1-hdf5/neutron/Ce143.h5
 Reading Ce144 from /home/diogo/openmc_data/endfb-vii.1-hdf5/neutron/Ce144.h5
 Reading Pr141 from /home/diogo/openmc_data/endfb-vii.1-hdf5/neutron/Pr141.h5
 Reading Pr142 from /home/diogo/openmc_data/endfb-vii.1-hdf5/neutron/Pr142.h5
 Reading Pr143 from /home/diogo/openmc_data/endfb-vii.1-hdf5/neutron/Pr143.h5
 Reading Nd142 from /home/diogo/openmc_data/endfb-vii.1-hdf5/neutron/Nd142.h5
 Reading Nd143 from /home/diogo/openmc_data/endfb-vii.1-hdf5/neutron/Nd143.h5
 Reading Nd144 from /home/diogo/openmc_data/endfb-vii.1-hdf5/neutron/Nd144.h5
 Reading Nd145 from /home/diogo/openmc_data/endfb-vii.1-hdf5/neutron/Nd145.h5
 Reading Nd146 from /home/diogo/openmc_data/endfb-vii.1-hdf5/neutron/Nd146.h5
 Reading Nd147 from /home/diogo/openmc_data/endfb-vii.1-hdf5/neutron/Nd147.h5
 Reading Nd148 from /home/diogo/openmc_data/endfb-vii.1-hdf5/neutron/Nd148.h5
 Reading Nd150 from /home/diogo/openmc_data/endfb-vii.1-hdf5/neutron/Nd150.h5
 Reading Pm147 from /home/diogo/openmc_data/endfb-vii.1-hdf5/neutron/Pm147.h5
 Reading Pm148 from /home/diogo/openmc_data/endfb-vii.1-hdf5/neutron/Pm148.h5
 Reading Pm148_m1 from
 /home/diogo/openmc_data/endfb-vii.1-hdf5/neutron/Pm148_m1.h5
 Reading Pm149 from /home/diogo/openmc_data/endfb-vii.1-hdf5/neutron/Pm149.h5
 Reading Pm151 from /home/diogo/openmc_data/endfb-vii.1-hdf5/neutron/Pm151.h5
 Reading Sm144 from /home/diogo/openmc_data/endfb-vii.1-hdf5/neutron/Sm144.h5
 Reading Sm147 from /home/diogo/openmc_data/endfb-vii.1-hdf5/neutron/Sm147.h5
 Reading Sm148 from /home/diogo/openmc_data/endfb-vii.1-hdf5/neutron/Sm148.h5
 Reading Sm149 from /home/diogo/openmc_data/endfb-vii.1-hdf5/neutron/Sm149.h5
 Reading Sm150 from /home/diogo/openmc_data/endfb-vii.1-hdf5/neutron/Sm150.h5
 Reading Sm151 from /home/diogo/openmc_data/endfb-vii.1-hdf5/neutron/Sm151.h5
 Reading Sm152 from /home/diogo/openmc_data/endfb-vii.1-hdf5/neutron/Sm152.h5
 Reading Sm153 from /home/diogo/openmc_data/endfb-vii.1-hdf5/neutron/Sm153.h5
 Reading Sm154 from /home/diogo/openmc_data/endfb-vii.1-hdf5/neutron/Sm154.h5
 Reading Eu151 from /home/diogo/openmc_data/endfb-vii.1-hdf5/neutron/Eu151.h5
 Reading Eu152 from /home/diogo/openmc_data/endfb-vii.1-hdf5/neutron/Eu152.h5
 Reading Eu153 from /home/diogo/openmc_data/endfb-vii.1-hdf5/neutron/Eu153.h5
 Reading Eu154 from /home/diogo/openmc_data/endfb-vii.1-hdf5/neutron/Eu154.h5
 Reading Eu155 from /home/diogo/openmc_data/endfb-vii.1-hdf5/neutron/Eu155.h5
 Reading Eu156 from /home/diogo/openmc_data/endfb-vii.1-hdf5/neutron/Eu156.h5
 WARNING: Negative value(s) found on probability table for nuclide Eu156 at 250K
 WARNING: Negative value(s) found on probability table for nuclide Eu156 at 294K
 WARNING: Negative value(s) found on probability table for nuclide Eu156 at 600K
 WARNING: Negative value(s) found on probability table for nuclide Eu156 at 900K
 WARNING: Negative value(s) found on probability table for nuclide Eu156 at
          1200K
 WARNING: Negative value(s) found on probability table for nuclide Eu156 at
          2500K
 Reading Eu157 from /home/diogo/openmc_data/endfb-vii.1-hdf5/neutron/Eu157.h5
 Reading Gd153 from /home/diogo/openmc_data/endfb-vii.1-hdf5/neutron/Gd153.h5
 Reading Tb159 from /home/diogo/openmc_data/endfb-vii.1-hdf5/neutron/Tb159.h5
 Reading Tb160 from /home/diogo/openmc_data/endfb-vii.1-hdf5/neutron/Tb160.h5
 Reading Dy156 from /home/diogo/openmc_data/endfb-vii.1-hdf5/neutron/Dy156.h5
 Reading Dy158 from /home/diogo/openmc_data/endfb-vii.1-hdf5/neutron/Dy158.h5
 Reading Dy160 from /home/diogo/openmc_data/endfb-vii.1-hdf5/neutron/Dy160.h5
 Reading Dy161 from /home/diogo/openmc_data/endfb-vii.1-hdf5/neutron/Dy161.h5
 Reading Dy162 from /home/diogo/openmc_data/endfb-vii.1-hdf5/neutron/Dy162.h5
 Reading Dy163 from /home/diogo/openmc_data/endfb-vii.1-hdf5/neutron/Dy163.h5
 Reading Dy164 from /home/diogo/openmc_data/endfb-vii.1-hdf5/neutron/Dy164.h5
 Reading Ho165 from /home/diogo/openmc_data/endfb-vii.1-hdf5/neutron/Ho165.h5
 Reading Ho166_m1 from
 /home/diogo/openmc_data/endfb-vii.1-hdf5/neutron/Ho166_m1.h5
 Reading Er162 from /home/diogo/openmc_data/endfb-vii.1-hdf5/neutron/Er162.h5
 Reading Er164 from /home/diogo/openmc_data/endfb-vii.1-hdf5/neutron/Er164.h5
 Reading Er166 from /home/diogo/openmc_data/endfb-vii.1-hdf5/neutron/Er166.h5
 Reading Er167 from /home/diogo/openmc_data/endfb-vii.1-hdf5/neutron/Er167.h5
 Reading Er168 from /home/diogo/openmc_data/endfb-vii.1-hdf5/neutron/Er168.h5
 Reading Er170 from /home/diogo/openmc_data/endfb-vii.1-hdf5/neutron/Er170.h5
 Reading Tm168 from /home/diogo/openmc_data/endfb-vii.1-hdf5/neutron/Tm168.h5
 Reading Tm169 from /home/diogo/openmc_data/endfb-vii.1-hdf5/neutron/Tm169.h5
 Reading Tm170 from /home/diogo/openmc_data/endfb-vii.1-hdf5/neutron/Tm170.h5
 Reading Lu175 from /home/diogo/openmc_data/endfb-vii.1-hdf5/neutron/Lu175.h5
 Reading Lu176 from /home/diogo/openmc_data/endfb-vii.1-hdf5/neutron/Lu176.h5
 Reading Hf174 from /home/diogo/openmc_data/endfb-vii.1-hdf5/neutron/Hf174.h5
 Reading Hf176 from /home/diogo/openmc_data/endfb-vii.1-hdf5/neutron/Hf176.h5
 Reading Hf177 from /home/diogo/openmc_data/endfb-vii.1-hdf5/neutron/Hf177.h5
 Reading Hf178 from /home/diogo/openmc_data/endfb-vii.1-hdf5/neutron/Hf178.h5
 Reading Hf179 from /home/diogo/openmc_data/endfb-vii.1-hdf5/neutron/Hf179.h5
 Reading Hf180 from /home/diogo/openmc_data/endfb-vii.1-hdf5/neutron/Hf180.h5
 Reading Ta180 from /home/diogo/openmc_data/endfb-vii.1-hdf5/neutron/Ta180.h5
 Reading Ta181 from /home/diogo/openmc_data/endfb-vii.1-hdf5/neutron/Ta181.h5
 Reading Ta182 from /home/diogo/openmc_data/endfb-vii.1-hdf5/neutron/Ta182.h5
 Reading W180 from /home/diogo/openmc_data/endfb-vii.1-hdf5/neutron/W180.h5
 Reading W182 from /home/diogo/openmc_data/endfb-vii.1-hdf5/neutron/W182.h5
 Reading W183 from /home/diogo/openmc_data/endfb-vii.1-hdf5/neutron/W183.h5
 Reading W184 from /home/diogo/openmc_data/endfb-vii.1-hdf5/neutron/W184.h5
 Reading W186 from /home/diogo/openmc_data/endfb-vii.1-hdf5/neutron/W186.h5
 Reading Re185 from /home/diogo/openmc_data/endfb-vii.1-hdf5/neutron/Re185.h5
 Reading Re187 from /home/diogo/openmc_data/endfb-vii.1-hdf5/neutron/Re187.h5
 Reading Ir191 from /home/diogo/openmc_data/endfb-vii.1-hdf5/neutron/Ir191.h5
 Reading Ir193 from /home/diogo/openmc_data/endfb-vii.1-hdf5/neutron/Ir193.h5
 Reading Au197 from /home/diogo/openmc_data/endfb-vii.1-hdf5/neutron/Au197.h5
 Reading Hg196 from /home/diogo/openmc_data/endfb-vii.1-hdf5/neutron/Hg196.h5
 Reading Hg198 from /home/diogo/openmc_data/endfb-vii.1-hdf5/neutron/Hg198.h5
 Reading Hg199 from /home/diogo/openmc_data/endfb-vii.1-hdf5/neutron/Hg199.h5
 Reading Hg200 from /home/diogo/openmc_data/endfb-vii.1-hdf5/neutron/Hg200.h5
 Reading Hg201 from /home/diogo/openmc_data/endfb-vii.1-hdf5/neutron/Hg201.h5
 Reading Hg202 from /home/diogo/openmc_data/endfb-vii.1-hdf5/neutron/Hg202.h5
 Reading Hg204 from /home/diogo/openmc_data/endfb-vii.1-hdf5/neutron/Hg204.h5
 Reading Tl203 from /home/diogo/openmc_data/endfb-vii.1-hdf5/neutron/Tl203.h5
 Reading Tl205 from /home/diogo/openmc_data/endfb-vii.1-hdf5/neutron/Tl205.h5
 Reading Pb204 from /home/diogo/openmc_data/endfb-vii.1-hdf5/neutron/Pb204.h5
 Reading Pb206 from /home/diogo/openmc_data/endfb-vii.1-hdf5/neutron/Pb206.h5
 Reading Pb207 from /home/diogo/openmc_data/endfb-vii.1-hdf5/neutron/Pb207.h5
 Reading Pb208 from /home/diogo/openmc_data/endfb-vii.1-hdf5/neutron/Pb208.h5
 Reading Bi209 from /home/diogo/openmc_data/endfb-vii.1-hdf5/neutron/Bi209.h5
 Reading Ra223 from /home/diogo/openmc_data/endfb-vii.1-hdf5/neutron/Ra223.h5
 Reading Ra224 from /home/diogo/openmc_data/endfb-vii.1-hdf5/neutron/Ra224.h5
 Reading Ra225 from /home/diogo/openmc_data/endfb-vii.1-hdf5/neutron/Ra225.h5
 Reading Ra226 from /home/diogo/openmc_data/endfb-vii.1-hdf5/neutron/Ra226.h5
 Reading Ac225 from /home/diogo/openmc_data/endfb-vii.1-hdf5/neutron/Ac225.h5
 Reading Ac226 from /home/diogo/openmc_data/endfb-vii.1-hdf5/neutron/Ac226.h5
 Reading Ac227 from /home/diogo/openmc_data/endfb-vii.1-hdf5/neutron/Ac227.h5
 Reading Th227 from /home/diogo/openmc_data/endfb-vii.1-hdf5/neutron/Th227.h5
 Reading Th228 from /home/diogo/openmc_data/endfb-vii.1-hdf5/neutron/Th228.h5
 Reading Th229 from /home/diogo/openmc_data/endfb-vii.1-hdf5/neutron/Th229.h5
 Reading Th230 from /home/diogo/openmc_data/endfb-vii.1-hdf5/neutron/Th230.h5
 Reading Th231 from /home/diogo/openmc_data/endfb-vii.1-hdf5/neutron/Th231.h5
 Reading Th232 from /home/diogo/openmc_data/endfb-vii.1-hdf5/neutron/Th232.h5
 Reading Th233 from /home/diogo/openmc_data/endfb-vii.1-hdf5/neutron/Th233.h5
 Reading Th234 from /home/diogo/openmc_data/endfb-vii.1-hdf5/neutron/Th234.h5
 Reading Pa229 from /home/diogo/openmc_data/endfb-vii.1-hdf5/neutron/Pa229.h5
 Reading Pa230 from /home/diogo/openmc_data/endfb-vii.1-hdf5/neutron/Pa230.h5
 Reading Pa231 from /home/diogo/openmc_data/endfb-vii.1-hdf5/neutron/Pa231.h5
 Reading Pa232 from /home/diogo/openmc_data/endfb-vii.1-hdf5/neutron/Pa232.h5
 Reading Pa233 from /home/diogo/openmc_data/endfb-vii.1-hdf5/neutron/Pa233.h5
 Reading U230 from /home/diogo/openmc_data/endfb-vii.1-hdf5/neutron/U230.h5
 Reading U231 from /home/diogo/openmc_data/endfb-vii.1-hdf5/neutron/U231.h5
 Reading U232 from /home/diogo/openmc_data/endfb-vii.1-hdf5/neutron/U232.h5
 Reading U233 from /home/diogo/openmc_data/endfb-vii.1-hdf5/neutron/U233.h5
 Reading U236 from /home/diogo/openmc_data/endfb-vii.1-hdf5/neutron/U236.h5
 Reading U237 from /home/diogo/openmc_data/endfb-vii.1-hdf5/neutron/U237.h5
 Reading U239 from /home/diogo/openmc_data/endfb-vii.1-hdf5/neutron/U239.h5
 Reading U240 from /home/diogo/openmc_data/endfb-vii.1-hdf5/neutron/U240.h5
 Reading U241 from /home/diogo/openmc_data/endfb-vii.1-hdf5/neutron/U241.h5
 Reading Np234 from /home/diogo/openmc_data/endfb-vii.1-hdf5/neutron/Np234.h5
 Reading Np235 from /home/diogo/openmc_data/endfb-vii.1-hdf5/neutron/Np235.h5
 Reading Np236 from /home/diogo/openmc_data/endfb-vii.1-hdf5/neutron/Np236.h5
 Reading Np237 from /home/diogo/openmc_data/endfb-vii.1-hdf5/neutron/Np237.h5
 Reading Np238 from /home/diogo/openmc_data/endfb-vii.1-hdf5/neutron/Np238.h5
 Reading Np239 from /home/diogo/openmc_data/endfb-vii.1-hdf5/neutron/Np239.h5
 Reading Pu236 from /home/diogo/openmc_data/endfb-vii.1-hdf5/neutron/Pu236.h5
 Reading Pu237 from /home/diogo/openmc_data/endfb-vii.1-hdf5/neutron/Pu237.h5
 Reading Pu238 from /home/diogo/openmc_data/endfb-vii.1-hdf5/neutron/Pu238.h5
 Reading Pu239 from /home/diogo/openmc_data/endfb-vii.1-hdf5/neutron/Pu239.h5
 Reading Pu240 from /home/diogo/openmc_data/endfb-vii.1-hdf5/neutron/Pu240.h5
 Reading Pu241 from /home/diogo/openmc_data/endfb-vii.1-hdf5/neutron/Pu241.h5
 Reading Pu242 from /home/diogo/openmc_data/endfb-vii.1-hdf5/neutron/Pu242.h5
 Reading Pu243 from /home/diogo/openmc_data/endfb-vii.1-hdf5/neutron/Pu243.h5
 Reading Pu244 from /home/diogo/openmc_data/endfb-vii.1-hdf5/neutron/Pu244.h5
 Reading Pu246 from /home/diogo/openmc_data/endfb-vii.1-hdf5/neutron/Pu246.h5
 Reading Am240 from /home/diogo/openmc_data/endfb-vii.1-hdf5/neutron/Am240.h5
 Reading Am241 from /home/diogo/openmc_data/endfb-vii.1-hdf5/neutron/Am241.h5
 Reading Am242 from /home/diogo/openmc_data/endfb-vii.1-hdf5/neutron/Am242.h5
 Reading Am242_m1 from
 /home/diogo/openmc_data/endfb-vii.1-hdf5/neutron/Am242_m1.h5
 Reading Am243 from /home/diogo/openmc_data/endfb-vii.1-hdf5/neutron/Am243.h5
 Reading Am244 from /home/diogo/openmc_data/endfb-vii.1-hdf5/neutron/Am244.h5
 Reading Am244_m1 from
 /home/diogo/openmc_data/endfb-vii.1-hdf5/neutron/Am244_m1.h5
 Reading Cm240 from /home/diogo/openmc_data/endfb-vii.1-hdf5/neutron/Cm240.h5
 Reading Cm241 from /home/diogo/openmc_data/endfb-vii.1-hdf5/neutron/Cm241.h5
 Reading Cm242 from /home/diogo/openmc_data/endfb-vii.1-hdf5/neutron/Cm242.h5
 Reading Cm243 from /home/diogo/openmc_data/endfb-vii.1-hdf5/neutron/Cm243.h5
 Reading Cm244 from /home/diogo/openmc_data/endfb-vii.1-hdf5/neutron/Cm244.h5
 Reading Cm245 from /home/diogo/openmc_data/endfb-vii.1-hdf5/neutron/Cm245.h5
 Reading Cm246 from /home/diogo/openmc_data/endfb-vii.1-hdf5/neutron/Cm246.h5
 Reading Cm247 from /home/diogo/openmc_data/endfb-vii.1-hdf5/neutron/Cm247.h5
 Reading Cm248 from /home/diogo/openmc_data/endfb-vii.1-hdf5/neutron/Cm248.h5
 Reading Cm249 from /home/diogo/openmc_data/endfb-vii.1-hdf5/neutron/Cm249.h5
 Reading Cm250 from /home/diogo/openmc_data/endfb-vii.1-hdf5/neutron/Cm250.h5
 Reading Bk245 from /home/diogo/openmc_data/endfb-vii.1-hdf5/neutron/Bk245.h5
 Reading Bk246 from /home/diogo/openmc_data/endfb-vii.1-hdf5/neutron/Bk246.h5
 Reading Bk247 from /home/diogo/openmc_data/endfb-vii.1-hdf5/neutron/Bk247.h5
 Reading Bk248 from /home/diogo/openmc_data/endfb-vii.1-hdf5/neutron/Bk248.h5
 Reading Bk249 from /home/diogo/openmc_data/endfb-vii.1-hdf5/neutron/Bk249.h5
 Reading Bk250 from /home/diogo/openmc_data/endfb-vii.1-hdf5/neutron/Bk250.h5
 Reading Cf246 from /home/diogo/openmc_data/endfb-vii.1-hdf5/neutron/Cf246.h5
 Reading Cf248 from /home/diogo/openmc_data/endfb-vii.1-hdf5/neutron/Cf248.h5
 Reading Cf249 from /home/diogo/openmc_data/endfb-vii.1-hdf5/neutron/Cf249.h5
 Reading Cf250 from /home/diogo/openmc_data/endfb-vii.1-hdf5/neutron/Cf250.h5
 WARNING: Negative value(s) found on probability table for nuclide Cf250 at 250K
 WARNING: Negative value(s) found on probability table for nuclide Cf250 at 294K
 WARNING: Negative value(s) found on probability table for nuclide Cf250 at 900K
 WARNING: Negative value(s) found on probability table for nuclide Cf250 at
          1200K
 Reading Cf251 from /home/diogo/openmc_data/endfb-vii.1-hdf5/neutron/Cf251.h5
 Reading Cf252 from /home/diogo/openmc_data/endfb-vii.1-hdf5/neutron/Cf252.h5
 Reading Cf253 from /home/diogo/openmc_data/endfb-vii.1-hdf5/neutron/Cf253.h5
 Reading Cf254 from /home/diogo/openmc_data/endfb-vii.1-hdf5/neutron/Cf254.h5
 Reading Es251 from /home/diogo/openmc_data/endfb-vii.1-hdf5/neutron/Es251.h5
 Reading Es252 from /home/diogo/openmc_data/endfb-vii.1-hdf5/neutron/Es252.h5
 Reading Es253 from /home/diogo/openmc_data/endfb-vii.1-hdf5/neutron/Es253.h5
 Reading Es254 from /home/diogo/openmc_data/endfb-vii.1-hdf5/neutron/Es254.h5
 Reading Es254_m1 from
 /home/diogo/openmc_data/endfb-vii.1-hdf5/neutron/Es254_m1.h5
 Reading Es255 from /home/diogo/openmc_data/endfb-vii.1-hdf5/neutron/Es255.h5
 Reading Fm255 from /home/diogo/openmc_data/endfb-vii.1-hdf5/neutron/Fm255.h5
 Maximum neutron transport energy: 20000000 eV for H1
 Initializing source particles...

 ====================>     K EIGENVALUE SIMULATION     <====================

  Bat./Gen.      k       Entropy         Average k 
  =========   ========   ========   ====================
        1/1    1.12247    5.97238
        2/1    1.09976    5.96749
        3/1    1.09782    5.96881
        4/1    1.07326    5.97156
        5/1    1.12415    5.96412
        6/1    1.13125    5.96861
        7/1    1.11403    5.96428
        8/1    1.10971    5.96220
        9/1    1.09615    5.96588
       10/1    1.08772    5.96480
       11/1    1.08223    5.96088
       12/1    1.12118    5.96581
       13/1    1.10799    5.97795
       14/1    1.14606    5.95900
       15/1    1.13239    5.97015
       16/1    1.14128    5.96479
       17/1    1.09792    5.96621
       18/1    1.07752    5.95814
       19/1    1.12055    5.96331
       20/1    1.07894    5.95557
       21/1    1.09286    5.96858
       22/1    1.14899    5.97394    1.12093 +/- 0.02807
       23/1    1.13474    5.95707    1.12553 +/- 0.01684
       24/1    1.13572    5.96509    1.12808 +/- 0.01218
       25/1    1.07075    5.96533    1.11661 +/- 0.01485
       26/1    1.11026    5.97076    1.11555 +/- 0.01217
       27/1    1.14157    5.96426    1.11927 +/- 0.01094
       28/1    1.08049    5.96788    1.11442 +/- 0.01064
       29/1    1.07793    5.96366    1.11037 +/- 0.01022
       30/1    1.12011    5.96405    1.11134 +/- 0.00919
       31/1    1.14801    5.96666    1.11467 +/- 0.00896
       32/1    1.15660    5.96854    1.11817 +/- 0.00889
       33/1    1.14761    5.96000    1.12043 +/- 0.00849
       34/1    1.12248    5.96969    1.12058 +/- 0.00786
       35/1    1.12700    5.97004    1.12101 +/- 0.00733
       36/1    1.08624    5.97387    1.11883 +/- 0.00719
       37/1    1.10077    5.96170    1.11777 +/- 0.00684
       38/1    1.11202    5.97141    1.11745 +/- 0.00646
       39/1    1.11824    5.96437    1.11749 +/- 0.00611
       40/1    1.08846    5.96261    1.11604 +/- 0.00597
       41/1    1.11606    5.96821    1.11604 +/- 0.00568
       42/1    1.13435    5.95644    1.11688 +/- 0.00548
       43/1    1.08389    5.97082    1.11544 +/- 0.00543
       44/1    1.11145    5.96796    1.11527 +/- 0.00520
       45/1    1.13063    5.96655    1.11589 +/- 0.00503
       46/1    1.10639    5.96436    1.11552 +/- 0.00484
       47/1    1.11974    5.96179    1.11568 +/- 0.00466
       48/1    1.13525    5.97038    1.11638 +/- 0.00455
       49/1    1.08581    5.97006    1.11532 +/- 0.00451
       50/1    1.08941    5.96447    1.11446 +/- 0.00444
       51/1    1.09972    5.96642    1.11399 +/- 0.00432
       52/1    1.10970    5.96033    1.11385 +/- 0.00419
       53/1    1.10545    5.96164    1.11360 +/- 0.00407
       54/1    1.08523    5.96397    1.11276 +/- 0.00403
       55/1    1.14039    5.96824    1.11355 +/- 0.00400
       56/1    1.12568    5.97075    1.11389 +/- 0.00390
       57/1    1.04803    5.97122    1.11211 +/- 0.00419
       58/1    1.11581    5.97432    1.11221 +/- 0.00408
       59/1    1.08543    5.95729    1.11152 +/- 0.00403
       60/1    1.05130    5.96979    1.11001 +/- 0.00421
 Creating state point statepoint.60.h5...

 =======================>     TIMING STATISTICS     <=======================

 Total time for initialization     = 5.9645e+00 seconds
   Reading cross sections          = 5.1589e+00 seconds
 Total time in simulation          = 2.6092e+01 seconds
   Time in transport only          = 2.5970e+01 seconds
   Time in inactive batches        = 5.5914e-01 seconds
   Time in active batches          = 2.5532e+01 seconds
   Time synchronizing fission bank = 2.2079e-02 seconds
     Sampling source sites         = 1.8342e-02 seconds
     SEND/RECV source sites        = 3.5156e-03 seconds
   Time accumulating tallies       = 4.8355e-02 seconds
   Time writing statepoints        = 2.3853e-02 seconds
 Total time for finalization       = 3.7801e-04 seconds
 Total time elapsed                = 3.2513e+01 seconds
 Calculation Rate (inactive)       = 143078 particles/second
 Calculation Rate (active)         = 6266.53 particles/second

 ============================>     RESULTS     <============================

 k-effective (Collision)     = 1.11263 +/- 0.00397
 k-effective (Track-length)  = 1.11001 +/- 0.00421
 k-effective (Absorption)    = 1.11790 +/- 0.00287
 Combined k-effective        = 1.11579 +/- 0.00281
 Leakage Fraction            = 0.00000 +/- 0.00000

 Creating state point openmc_simulation_n0.h5...
[openmc.deplete] t=4327203.051553669 s, dt=8654406.103107339 s, source=1491105.972264863
 Maximum neutron transport energy: 20000000 eV for H1
 Initializing source particles...

 ====================>     K EIGENVALUE SIMULATION     <====================

  Bat./Gen.      k       Entropy         Average k 
  =========   ========   ========   ====================
        1/1    1.09552    5.96507
        2/1    1.10094    5.97237
        3/1    1.10900    5.96774
        4/1    1.09716    5.95504
        5/1    1.11339    5.97296
        6/1    1.08835    5.96768
        7/1    1.11989    5.96560
        8/1    1.08835    5.97074
        9/1    1.07503    5.96161
       10/1    1.12225    5.96964
       11/1    1.12174    5.96551
       12/1    1.07344    5.96367
       13/1    1.11275    5.96290
       14/1    1.09335    5.96037
       15/1    1.09610    5.96694
       16/1    1.09584    5.97846
       17/1    1.11110    5.97061
       18/1    1.07954    5.97216
       19/1    1.10505    5.96490
       20/1    1.04257    5.96812
       21/1    1.08243    5.97488
       22/1    1.13462    5.96646    1.10853 +/- 0.02610
       23/1    1.10441    5.96059    1.10715 +/- 0.01513
       24/1    1.09174    5.96739    1.10330 +/- 0.01137
       25/1    1.06850    5.96147    1.09634 +/- 0.01123
       26/1    1.03968    5.95868    1.08690 +/- 0.01316
       27/1    1.09449    5.96484    1.08798 +/- 0.01118
       28/1    1.08769    5.96952    1.08795 +/- 0.00968
       29/1    1.09208    5.96807    1.08840 +/- 0.00855
       30/1    1.03987    5.96486    1.08355 +/- 0.00906
       31/1    1.10719    5.96971    1.08570 +/- 0.00847
       32/1    1.08446    5.95800    1.08560 +/- 0.00773
       33/1    1.07923    5.95712    1.08511 +/- 0.00713
       34/1    1.10106    5.96069    1.08625 +/- 0.00670
       35/1    1.12049    5.95628    1.08853 +/- 0.00664
       36/1    1.09771    5.96361    1.08910 +/- 0.00624
       37/1    1.11330    5.96130    1.09053 +/- 0.00603
       38/1    1.10260    5.96713    1.09120 +/- 0.00572
       39/1    1.06914    5.97484    1.09004 +/- 0.00554
       40/1    1.09297    5.96406    1.09018 +/- 0.00526
       41/1    1.09001    5.96998    1.09017 +/- 0.00500
       42/1    1.12090    5.96685    1.09157 +/- 0.00497
       43/1    1.08977    5.95489    1.09149 +/- 0.00475
       44/1    1.07336    5.96089    1.09074 +/- 0.00461
       45/1    1.12784    5.96930    1.09222 +/- 0.00466
       46/1    1.08496    5.97158    1.09194 +/- 0.00449
       47/1    1.05822    5.95334    1.09069 +/- 0.00449
       48/1    1.11777    5.96131    1.09166 +/- 0.00444
       49/1    1.10561    5.96790    1.09214 +/- 0.00431
       50/1    1.05274    5.96580    1.09083 +/- 0.00437
       51/1    1.11547    5.96509    1.09162 +/- 0.00430
       52/1    1.10648    5.96173    1.09209 +/- 0.00419
       53/1    1.11908    5.96242    1.09291 +/- 0.00414
       54/1    1.10979    5.96528    1.09340 +/- 0.00405
       55/1    1.07882    5.96906    1.09299 +/- 0.00395
       56/1    1.05183    5.96231    1.09184 +/- 0.00401
       57/1    1.08722    5.95995    1.09172 +/- 0.00390
       58/1    1.09888    5.96593    1.09191 +/- 0.00380
       59/1    1.10156    5.97246    1.09215 +/- 0.00371
       60/1    1.07956    5.95753    1.09184 +/- 0.00363
 Creating state point statepoint.60.h5...

 =======================>     TIMING STATISTICS     <=======================

 Total time for initialization     = 0.0000e+00 seconds
   Reading cross sections          = 0.0000e+00 seconds
 Total time in simulation          = 3.5399e+01 seconds
   Time in transport only          = 3.5262e+01 seconds
   Time in inactive batches        = 6.8669e+00 seconds
   Time in active batches          = 2.8532e+01 seconds
   Time synchronizing fission bank = 2.5632e-02 seconds
     Sampling source sites         = 2.2415e-02 seconds
     SEND/RECV source sites        = 2.9877e-03 seconds
   Time accumulating tallies       = 6.8584e-02 seconds
   Time writing statepoints        = 1.1368e-02 seconds
 Total time for finalization       = 4.9286e-04 seconds
 Total time elapsed                = 3.5873e+01 seconds
 Calculation Rate (inactive)       = 11650.2 particles/second
 Calculation Rate (active)         = 5607.75 particles/second

 ============================>     RESULTS     <============================

 k-effective (Collision)     = 1.09680 +/- 0.00318
 k-effective (Track-length)  = 1.09184 +/- 0.00363
 k-effective (Absorption)    = 1.09344 +/- 0.00266
 Combined k-effective        = 1.09410 +/- 0.00244
 Leakage Fraction            = 0.00000 +/- 0.00000

 Creating state point openmc_simulation_n1.h5...
[openmc.deplete] t=12981609.154661007 (final operator evaluation)
 Maximum neutron transport energy: 20000000 eV for H1
 Initializing source particles...

 ====================>     K EIGENVALUE SIMULATION     <====================

  Bat./Gen.      k       Entropy         Average k 
  =========   ========   ========   ====================
        1/1    1.06468    5.96652
        2/1    1.06386    5.96224
        3/1    1.09804    5.96686
        4/1    1.08369    5.96651
        5/1    1.08048    5.96387
        6/1    1.09864    5.96358
        7/1    1.11609    5.96206
        8/1    1.10729    5.96883
        9/1    1.12108    5.95736
       10/1    1.08974    5.97644
       11/1    1.13141    5.96930
       12/1    1.11712    5.97290
       13/1    1.08666    5.97182
       14/1    1.08853    5.97643
       15/1    1.13077    5.97337
       16/1    1.09474    5.97242
       17/1    1.14560    5.96636
       18/1    1.08892    5.96917
       19/1    1.08118    5.97201
       20/1    1.11197    5.95947
       21/1    1.10090    5.95910
       22/1    1.11259    5.97422    1.10674 +/- 0.00584
       23/1    1.10106    5.96024    1.10485 +/- 0.00387
       24/1    1.11279    5.97615    1.10683 +/- 0.00338
       25/1    1.06923    5.97112    1.09931 +/- 0.00796
       26/1    1.09986    5.95728    1.09940 +/- 0.00650
       27/1    1.06659    5.96643    1.09472 +/- 0.00722
       28/1    1.09034    5.97000    1.09417 +/- 0.00628
       29/1    1.09550    5.96530    1.09432 +/- 0.00554
       30/1    1.08583    5.96822    1.09347 +/- 0.00503
       31/1    1.07793    5.96637    1.09206 +/- 0.00476
       32/1    1.10469    5.95619    1.09311 +/- 0.00447
       33/1    1.08603    5.97152    1.09256 +/- 0.00415
       34/1    1.07899    5.96691    1.09159 +/- 0.00396
       35/1    1.10449    5.96753    1.09245 +/- 0.00379
       36/1    1.08148    5.96511    1.09177 +/- 0.00361
       37/1    1.10899    5.96432    1.09278 +/- 0.00354
       38/1    1.08083    5.95830    1.09212 +/- 0.00340
       39/1    1.06597    5.96101    1.09074 +/- 0.00350
       40/1    1.12407    5.96375    1.09241 +/- 0.00371
       41/1    1.12709    5.97574    1.09406 +/- 0.00390
       42/1    1.12273    5.97721    1.09536 +/- 0.00394
       43/1    1.10480    5.96496    1.09577 +/- 0.00379
       44/1    1.08954    5.96959    1.09551 +/- 0.00364
       45/1    1.10650    5.96169    1.09595 +/- 0.00351
       46/1    1.08251    5.97242    1.09544 +/- 0.00342
       47/1    1.07973    5.96935    1.09485 +/- 0.00334
       48/1    1.08075    5.96250    1.09435 +/- 0.00326
       49/1    1.07126    5.97274    1.09355 +/- 0.00324
       50/1    1.09922    5.96315    1.09374 +/- 0.00314
       51/1    1.09744    5.97026    1.09386 +/- 0.00304
       52/1    1.06565    5.97072    1.09298 +/- 0.00307
       53/1    1.11025    5.96621    1.09350 +/- 0.00302
       54/1    1.04676    5.96521    1.09213 +/- 0.00324
       55/1    1.10126    5.96542    1.09239 +/- 0.00315
       56/1    1.09868    5.96206    1.09256 +/- 0.00307
       57/1    1.08521    5.97168    1.09237 +/- 0.00299
       58/1    1.09970    5.96476    1.09256 +/- 0.00292
       59/1    1.06191    5.96613    1.09177 +/- 0.00295
       60/1    1.10223    5.96151    1.09203 +/- 0.00289
 Creating state point statepoint.60.h5...

 =======================>     TIMING STATISTICS     <=======================

 Total time for initialization     = 0.0000e+00 seconds
   Reading cross sections          = 0.0000e+00 seconds
 Total time in simulation          = 3.5010e+01 seconds
   Time in transport only          = 3.4897e+01 seconds
   Time in inactive batches        = 7.0179e+00 seconds
   Time in active batches          = 2.7992e+01 seconds
   Time synchronizing fission bank = 2.2791e-02 seconds
     Sampling source sites         = 1.9771e-02 seconds
     SEND/RECV source sites        = 2.8234e-03 seconds
   Time accumulating tallies       = 4.2290e-02 seconds
   Time writing statepoints        = 1.8104e-02 seconds
 Total time for finalization       = 5.0950e-04 seconds
 Total time elapsed                = 3.5593e+01 seconds
 Calculation Rate (inactive)       = 11399.4 particles/second
 Calculation Rate (active)         = 5715.96 particles/second

 ============================>     RESULTS     <============================

 k-effective (Collision)     = 1.09253 +/- 0.00293
 k-effective (Track-length)  = 1.09203 +/- 0.00289
 k-effective (Absorption)    = 1.08956 +/- 0.00248
 Combined k-effective        = 1.09052 +/- 0.00205
 Leakage Fraction            = 0.00000 +/- 0.00000

 Creating state point openmc_simulation_n2.h5...
                                %%%%%%%%%%%%%%%
                           %%%%%%%%%%%%%%%%%%%%%%%%
                        %%%%%%%%%%%%%%%%%%%%%%%%%%%%%%
                      %%%%%%%%%%%%%%%%%%%%%%%%%%%%%%%%%%
                    %%%%%%%%%%%%%%%%%%%%%%%%%%%%%%%%%%%%%%
                   %%%%%%%%%%%%%%%%%%%%%%%%%%%%%%%%%%%%%%%%
                                    %%%%%%%%%%%%%%%%%%%%%%%%
                                     %%%%%%%%%%%%%%%%%%%%%%%%
                 ###############      %%%%%%%%%%%%%%%%%%%%%%%%
                ##################     %%%%%%%%%%%%%%%%%%%%%%%
                ###################     %%%%%%%%%%%%%%%%%%%%%%%
                ####################     %%%%%%%%%%%%%%%%%%%%%%
                #####################     %%%%%%%%%%%%%%%%%%%%%
                ######################     %%%%%%%%%%%%%%%%%%%%
                #######################     %%%%%%%%%%%%%%%%%%
                 #######################     %%%%%%%%%%%%%%%%%
                 ######################     %%%%%%%%%%%%%%%%%
                  ####################     %%%%%%%%%%%%%%%%%
                    #################     %%%%%%%%%%%%%%%%%
                     ###############     %%%%%%%%%%%%%%%%
                       ############     %%%%%%%%%%%%%%%
                          ########     %%%%%%%%%%%%%%
                                      %%%%%%%%%%%

                 | The OpenMC Monte Carlo Code
       Copyright | 2011-2025 MIT, UChicago Argonne LLC, and contributors
         License | https://docs.openmc.org/en/latest/license.html
         Version | 0.15.3
     Commit Hash | 27e38e894697bb32a1dac7848d2618818b6b8daf
       Date/Time | 2026-09-26 20:03:26
   MPI Processes | 1
  OpenMP Threads | 64

 Reading settings XML file...
 Reading cross sections XML file...
 Reading chain file: /home/diogo/openmc_data/chain_endfb71_pwr.xml...
 Reading materials XML file...
 Reading geometry XML file...
 Reading H1 from /home/diogo/openmc_data/endfb-vii.1-hdf5/neutron/H1.h5
 Reading H2 from /home/diogo/openmc_data/endfb-vii.1-hdf5/neutron/H2.h5
 Reading B10 from /home/diogo/openmc_data/endfb-vii.1-hdf5/neutron/B10.h5
 Reading B11 from /home/diogo/openmc_data/endfb-vii.1-hdf5/neutron/B11.h5
 Reading O16 from /home/diogo/openmc_data/endfb-vii.1-hdf5/neutron/O16.h5
 Reading O17 from /home/diogo/openmc_data/endfb-vii.1-hdf5/neutron/O17.h5
 Reading Cr50 from /home/diogo/openmc_data/endfb-vii.1-hdf5/neutron/Cr50.h5
 Reading Cr52 from /home/diogo/openmc_data/endfb-vii.1-hdf5/neutron/Cr52.h5
 Reading Cr53 from /home/diogo/openmc_data/endfb-vii.1-hdf5/neutron/Cr53.h5
 Reading Cr54 from /home/diogo/openmc_data/endfb-vii.1-hdf5/neutron/Cr54.h5
 Reading Fe54 from /home/diogo/openmc_data/endfb-vii.1-hdf5/neutron/Fe54.h5
 Reading Fe56 from /home/diogo/openmc_data/endfb-vii.1-hdf5/neutron/Fe56.h5
 Reading Fe57 from /home/diogo/openmc_data/endfb-vii.1-hdf5/neutron/Fe57.h5
 Reading Fe58 from /home/diogo/openmc_data/endfb-vii.1-hdf5/neutron/Fe58.h5
 Reading Zr90 from /home/diogo/openmc_data/endfb-vii.1-hdf5/neutron/Zr90.h5
 Reading Zr91 from /home/diogo/openmc_data/endfb-vii.1-hdf5/neutron/Zr91.h5
 Reading Zr92 from /home/diogo/openmc_data/endfb-vii.1-hdf5/neutron/Zr92.h5
 Reading Zr94 from /home/diogo/openmc_data/endfb-vii.1-hdf5/neutron/Zr94.h5
 Reading Zr96 from /home/diogo/openmc_data/endfb-vii.1-hdf5/neutron/Zr96.h5
 Reading Sn112 from /home/diogo/openmc_data/endfb-vii.1-hdf5/neutron/Sn112.h5
 Reading Sn114 from /home/diogo/openmc_data/endfb-vii.1-hdf5/neutron/Sn114.h5
 Reading Sn115 from /home/diogo/openmc_data/endfb-vii.1-hdf5/neutron/Sn115.h5
 Reading Sn116 from /home/diogo/openmc_data/endfb-vii.1-hdf5/neutron/Sn116.h5
 Reading Sn117 from /home/diogo/openmc_data/endfb-vii.1-hdf5/neutron/Sn117.h5
 Reading Sn118 from /home/diogo/openmc_data/endfb-vii.1-hdf5/neutron/Sn118.h5
 Reading Sn119 from /home/diogo/openmc_data/endfb-vii.1-hdf5/neutron/Sn119.h5
 Reading Sn120 from /home/diogo/openmc_data/endfb-vii.1-hdf5/neutron/Sn120.h5
 Reading Sn122 from /home/diogo/openmc_data/endfb-vii.1-hdf5/neutron/Sn122.h5
 Reading Sn124 from /home/diogo/openmc_data/endfb-vii.1-hdf5/neutron/Sn124.h5
 Reading He3 from /home/diogo/openmc_data/endfb-vii.1-hdf5/neutron/He3.h5
 Reading He4 from /home/diogo/openmc_data/endfb-vii.1-hdf5/neutron/He4.h5
 Reading U234 from /home/diogo/openmc_data/endfb-vii.1-hdf5/neutron/U234.h5
 Reading U235 from /home/diogo/openmc_data/endfb-vii.1-hdf5/neutron/U235.h5
 Reading U238 from /home/diogo/openmc_data/endfb-vii.1-hdf5/neutron/U238.h5
 Reading Gd152 from /home/diogo/openmc_data/endfb-vii.1-hdf5/neutron/Gd152.h5
 Reading Gd154 from /home/diogo/openmc_data/endfb-vii.1-hdf5/neutron/Gd154.h5
 Reading Gd155 from /home/diogo/openmc_data/endfb-vii.1-hdf5/neutron/Gd155.h5
 Reading Gd156 from /home/diogo/openmc_data/endfb-vii.1-hdf5/neutron/Gd156.h5
 Reading Gd157 from /home/diogo/openmc_data/endfb-vii.1-hdf5/neutron/Gd157.h5
 Reading Gd158 from /home/diogo/openmc_data/endfb-vii.1-hdf5/neutron/Gd158.h5
 Reading Gd160 from /home/diogo/openmc_data/endfb-vii.1-hdf5/neutron/Gd160.h5
 Reading c_H_in_H2O from
 /home/diogo/openmc_data/endfb-vii.1-hdf5/neutron/c_H_in_H2O.h5
 Minimum neutron data temperature: 0 K
 Maximum neutron data temperature: 1.7976931348623157e+308 K
 Reading tallies XML file...
 Preparing distributed cell instances...
 Reading plot XML file...
 Writing summary.h5 file...
[openmc.deplete] t=12981609.154661007 s, dt=865440.6103107346 s, source=1491105.972264863
[openmc.deplete] t=13847049.764971742 (final operator evaluation)
 Reading H3 from /home/diogo/openmc_data/endfb-vii.1-hdf5/neutron/H3.h5
 Reading Li6 from /home/diogo/openmc_data/endfb-vii.1-hdf5/neutron/Li6.h5
 Reading Li7 from /home/diogo/openmc_data/endfb-vii.1-hdf5/neutron/Li7.h5
 Reading N14 from /home/diogo/openmc_data/endfb-vii.1-hdf5/neutron/N14.h5
 Reading N15 from /home/diogo/openmc_data/endfb-vii.1-hdf5/neutron/N15.h5
 Reading F19 from /home/diogo/openmc_data/endfb-vii.1-hdf5/neutron/F19.h5
 Reading Na22 from /home/diogo/openmc_data/endfb-vii.1-hdf5/neutron/Na22.h5
 WARNING: Negative value(s) found on probability table for nuclide Na22 at 250K
 WARNING: Negative value(s) found on probability table for nuclide Na22 at 294K
 WARNING: Negative value(s) found on probability table for nuclide Na22 at 600K
 WARNING: Negative value(s) found on probability table for nuclide Na22 at 900K
 WARNING: Negative value(s) found on probability table for nuclide Na22 at 1200K
 WARNING: Negative value(s) found on probability table for nuclide Na22 at 2500K
 Reading Na23 from /home/diogo/openmc_data/endfb-vii.1-hdf5/neutron/Na23.h5
 Reading Mg24 from /home/diogo/openmc_data/endfb-vii.1-hdf5/neutron/Mg24.h5
 Reading Mg25 from /home/diogo/openmc_data/endfb-vii.1-hdf5/neutron/Mg25.h5
 Reading Mg26 from /home/diogo/openmc_data/endfb-vii.1-hdf5/neutron/Mg26.h5
 Reading Al27 from /home/diogo/openmc_data/endfb-vii.1-hdf5/neutron/Al27.h5
 Reading Si28 from /home/diogo/openmc_data/endfb-vii.1-hdf5/neutron/Si28.h5
 Reading Si29 from /home/diogo/openmc_data/endfb-vii.1-hdf5/neutron/Si29.h5
 Reading Si30 from /home/diogo/openmc_data/endfb-vii.1-hdf5/neutron/Si30.h5
 Reading P31 from /home/diogo/openmc_data/endfb-vii.1-hdf5/neutron/P31.h5
 Reading S32 from /home/diogo/openmc_data/endfb-vii.1-hdf5/neutron/S32.h5
 Reading S33 from /home/diogo/openmc_data/endfb-vii.1-hdf5/neutron/S33.h5
 Reading S34 from /home/diogo/openmc_data/endfb-vii.1-hdf5/neutron/S34.h5
 Reading S36 from /home/diogo/openmc_data/endfb-vii.1-hdf5/neutron/S36.h5
 Reading Cl35 from /home/diogo/openmc_data/endfb-vii.1-hdf5/neutron/Cl35.h5
 Reading Cl37 from /home/diogo/openmc_data/endfb-vii.1-hdf5/neutron/Cl37.h5
 Reading Ar36 from /home/diogo/openmc_data/endfb-vii.1-hdf5/neutron/Ar36.h5
 WARNING: Negative value(s) found on probability table for nuclide Ar36 at 250K
 WARNING: Negative value(s) found on probability table for nuclide Ar36 at 294K
 WARNING: Negative value(s) found on probability table for nuclide Ar36 at 600K
 WARNING: Negative value(s) found on probability table for nuclide Ar36 at 900K
 WARNING: Negative value(s) found on probability table for nuclide Ar36 at 1200K
 WARNING: Negative value(s) found on probability table for nuclide Ar36 at 2500K
 Reading Ar38 from /home/diogo/openmc_data/endfb-vii.1-hdf5/neutron/Ar38.h5
 Reading Ar40 from /home/diogo/openmc_data/endfb-vii.1-hdf5/neutron/Ar40.h5
 Reading K39 from /home/diogo/openmc_data/endfb-vii.1-hdf5/neutron/K39.h5
 Reading K40 from /home/diogo/openmc_data/endfb-vii.1-hdf5/neutron/K40.h5
 Reading K41 from /home/diogo/openmc_data/endfb-vii.1-hdf5/neutron/K41.h5
 Reading Ca40 from /home/diogo/openmc_data/endfb-vii.1-hdf5/neutron/Ca40.h5
 Reading Ca42 from /home/diogo/openmc_data/endfb-vii.1-hdf5/neutron/Ca42.h5
 Reading Ca43 from /home/diogo/openmc_data/endfb-vii.1-hdf5/neutron/Ca43.h5
 Reading Ca44 from /home/diogo/openmc_data/endfb-vii.1-hdf5/neutron/Ca44.h5
 Reading Ca46 from /home/diogo/openmc_data/endfb-vii.1-hdf5/neutron/Ca46.h5
 Reading Sc45 from /home/diogo/openmc_data/endfb-vii.1-hdf5/neutron/Sc45.h5
 Reading Ti46 from /home/diogo/openmc_data/endfb-vii.1-hdf5/neutron/Ti46.h5
 Reading Ti47 from /home/diogo/openmc_data/endfb-vii.1-hdf5/neutron/Ti47.h5
 Reading Ti48 from /home/diogo/openmc_data/endfb-vii.1-hdf5/neutron/Ti48.h5
 Reading Ti49 from /home/diogo/openmc_data/endfb-vii.1-hdf5/neutron/Ti49.h5
 Reading Ti50 from /home/diogo/openmc_data/endfb-vii.1-hdf5/neutron/Ti50.h5
 Reading V50 from /home/diogo/openmc_data/endfb-vii.1-hdf5/neutron/V50.h5
 Reading V51 from /home/diogo/openmc_data/endfb-vii.1-hdf5/neutron/V51.h5
 Reading Mn55 from /home/diogo/openmc_data/endfb-vii.1-hdf5/neutron/Mn55.h5
 Reading Co58 from /home/diogo/openmc_data/endfb-vii.1-hdf5/neutron/Co58.h5
 Reading Co59 from /home/diogo/openmc_data/endfb-vii.1-hdf5/neutron/Co59.h5
 Reading Ni58 from /home/diogo/openmc_data/endfb-vii.1-hdf5/neutron/Ni58.h5
 Reading Ni59 from /home/diogo/openmc_data/endfb-vii.1-hdf5/neutron/Ni59.h5
 Reading Ni60 from /home/diogo/openmc_data/endfb-vii.1-hdf5/neutron/Ni60.h5
 Reading Ni61 from /home/diogo/openmc_data/endfb-vii.1-hdf5/neutron/Ni61.h5
 Reading Ni62 from /home/diogo/openmc_data/endfb-vii.1-hdf5/neutron/Ni62.h5
 Reading Ni64 from /home/diogo/openmc_data/endfb-vii.1-hdf5/neutron/Ni64.h5
 Reading Cu63 from /home/diogo/openmc_data/endfb-vii.1-hdf5/neutron/Cu63.h5
 Reading Cu65 from /home/diogo/openmc_data/endfb-vii.1-hdf5/neutron/Cu65.h5
 Reading Zn64 from /home/diogo/openmc_data/endfb-vii.1-hdf5/neutron/Zn64.h5
 Reading Zn65 from /home/diogo/openmc_data/endfb-vii.1-hdf5/neutron/Zn65.h5
 Reading Zn66 from /home/diogo/openmc_data/endfb-vii.1-hdf5/neutron/Zn66.h5
 Reading Zn67 from /home/diogo/openmc_data/endfb-vii.1-hdf5/neutron/Zn67.h5
 Reading Zn68 from /home/diogo/openmc_data/endfb-vii.1-hdf5/neutron/Zn68.h5
 Reading Zn70 from /home/diogo/openmc_data/endfb-vii.1-hdf5/neutron/Zn70.h5
 Reading Ga69 from /home/diogo/openmc_data/endfb-vii.1-hdf5/neutron/Ga69.h5
 Reading Ga71 from /home/diogo/openmc_data/endfb-vii.1-hdf5/neutron/Ga71.h5
 Reading Ge70 from /home/diogo/openmc_data/endfb-vii.1-hdf5/neutron/Ge70.h5
 Reading Ge72 from /home/diogo/openmc_data/endfb-vii.1-hdf5/neutron/Ge72.h5
 Reading Ge73 from /home/diogo/openmc_data/endfb-vii.1-hdf5/neutron/Ge73.h5
 Reading Ge74 from /home/diogo/openmc_data/endfb-vii.1-hdf5/neutron/Ge74.h5
 Reading Ge76 from /home/diogo/openmc_data/endfb-vii.1-hdf5/neutron/Ge76.h5
 Reading As74 from /home/diogo/openmc_data/endfb-vii.1-hdf5/neutron/As74.h5
 Reading As75 from /home/diogo/openmc_data/endfb-vii.1-hdf5/neutron/As75.h5
 Reading Se74 from /home/diogo/openmc_data/endfb-vii.1-hdf5/neutron/Se74.h5
 Reading Se76 from /home/diogo/openmc_data/endfb-vii.1-hdf5/neutron/Se76.h5
 Reading Se77 from /home/diogo/openmc_data/endfb-vii.1-hdf5/neutron/Se77.h5
 Reading Se78 from /home/diogo/openmc_data/endfb-vii.1-hdf5/neutron/Se78.h5
 Reading Se79 from /home/diogo/openmc_data/endfb-vii.1-hdf5/neutron/Se79.h5
 WARNING: Negative value(s) found on probability table for nuclide Se79 at 250K
 WARNING: Negative value(s) found on probability table for nuclide Se79 at 294K
 WARNING: Negative value(s) found on probability table for nuclide Se79 at 600K
 WARNING: Negative value(s) found on probability table for nuclide Se79 at 900K
 WARNING: Negative value(s) found on probability table for nuclide Se79 at 1200K
 Reading Se80 from /home/diogo/openmc_data/endfb-vii.1-hdf5/neutron/Se80.h5
 Reading Se82 from /home/diogo/openmc_data/endfb-vii.1-hdf5/neutron/Se82.h5
 Reading Br79 from /home/diogo/openmc_data/endfb-vii.1-hdf5/neutron/Br79.h5
 Reading Br81 from /home/diogo/openmc_data/endfb-vii.1-hdf5/neutron/Br81.h5
 Reading Kr78 from /home/diogo/openmc_data/endfb-vii.1-hdf5/neutron/Kr78.h5
 Reading Kr80 from /home/diogo/openmc_data/endfb-vii.1-hdf5/neutron/Kr80.h5
 Reading Kr82 from /home/diogo/openmc_data/endfb-vii.1-hdf5/neutron/Kr82.h5
 Reading Kr83 from /home/diogo/openmc_data/endfb-vii.1-hdf5/neutron/Kr83.h5
 Reading Kr84 from /home/diogo/openmc_data/endfb-vii.1-hdf5/neutron/Kr84.h5
 Reading Kr85 from /home/diogo/openmc_data/endfb-vii.1-hdf5/neutron/Kr85.h5
 Reading Kr86 from /home/diogo/openmc_data/endfb-vii.1-hdf5/neutron/Kr86.h5
 Reading Rb85 from /home/diogo/openmc_data/endfb-vii.1-hdf5/neutron/Rb85.h5
 Reading Rb86 from /home/diogo/openmc_data/endfb-vii.1-hdf5/neutron/Rb86.h5
 Reading Rb87 from /home/diogo/openmc_data/endfb-vii.1-hdf5/neutron/Rb87.h5
 Reading Sr84 from /home/diogo/openmc_data/endfb-vii.1-hdf5/neutron/Sr84.h5
 Reading Sr86 from /home/diogo/openmc_data/endfb-vii.1-hdf5/neutron/Sr86.h5
 Reading Sr87 from /home/diogo/openmc_data/endfb-vii.1-hdf5/neutron/Sr87.h5
 Reading Sr88 from /home/diogo/openmc_data/endfb-vii.1-hdf5/neutron/Sr88.h5
 Reading Sr89 from /home/diogo/openmc_data/endfb-vii.1-hdf5/neutron/Sr89.h5
 Reading Sr90 from /home/diogo/openmc_data/endfb-vii.1-hdf5/neutron/Sr90.h5
 Reading Y89 from /home/diogo/openmc_data/endfb-vii.1-hdf5/neutron/Y89.h5
 Reading Y90 from /home/diogo/openmc_data/endfb-vii.1-hdf5/neutron/Y90.h5
 Reading Y91 from /home/diogo/openmc_data/endfb-vii.1-hdf5/neutron/Y91.h5
 Reading Zr93 from /home/diogo/openmc_data/endfb-vii.1-hdf5/neutron/Zr93.h5
 Reading Zr95 from /home/diogo/openmc_data/endfb-vii.1-hdf5/neutron/Zr95.h5
 Reading Nb93 from /home/diogo/openmc_data/endfb-vii.1-hdf5/neutron/Nb93.h5
 Reading Nb94 from /home/diogo/openmc_data/endfb-vii.1-hdf5/neutron/Nb94.h5
 WARNING: Negative value(s) found on probability table for nuclide Nb94 at 250K
 WARNING: Negative value(s) found on probability table for nuclide Nb94 at 294K
 WARNING: Negative value(s) found on probability table for nuclide Nb94 at 600K
 WARNING: Negative value(s) found on probability table for nuclide Nb94 at 900K
 WARNING: Negative value(s) found on probability table for nuclide Nb94 at 1200K
 WARNING: Negative value(s) found on probability table for nuclide Nb94 at 2500K
 Reading Nb95 from /home/diogo/openmc_data/endfb-vii.1-hdf5/neutron/Nb95.h5
 WARNING: Negative value(s) found on probability table for nuclide Nb95 at 250K
 WARNING: Negative value(s) found on probability table for nuclide Nb95 at 294K
 WARNING: Negative value(s) found on probability table for nuclide Nb95 at 600K
 WARNING: Negative value(s) found on probability table for nuclide Nb95 at 900K
 WARNING: Negative value(s) found on probability table for nuclide Nb95 at 1200K
 Reading Mo92 from /home/diogo/openmc_data/endfb-vii.1-hdf5/neutron/Mo92.h5
 Reading Mo94 from /home/diogo/openmc_data/endfb-vii.1-hdf5/neutron/Mo94.h5
 Reading Mo95 from /home/diogo/openmc_data/endfb-vii.1-hdf5/neutron/Mo95.h5
 Reading Mo96 from /home/diogo/openmc_data/endfb-vii.1-hdf5/neutron/Mo96.h5
 Reading Mo97 from /home/diogo/openmc_data/endfb-vii.1-hdf5/neutron/Mo97.h5
 Reading Mo98 from /home/diogo/openmc_data/endfb-vii.1-hdf5/neutron/Mo98.h5
 Reading Mo99 from /home/diogo/openmc_data/endfb-vii.1-hdf5/neutron/Mo99.h5
 WARNING: Negative value(s) found on probability table for nuclide Mo99 at 250K
 WARNING: Negative value(s) found on probability table for nuclide Mo99 at 294K
 WARNING: Negative value(s) found on probability table for nuclide Mo99 at 600K
 WARNING: Negative value(s) found on probability table for nuclide Mo99 at 900K
 WARNING: Negative value(s) found on probability table for nuclide Mo99 at 1200K
 WARNING: Negative value(s) found on probability table for nuclide Mo99 at 2500K
 Reading Mo100 from /home/diogo/openmc_data/endfb-vii.1-hdf5/neutron/Mo100.h5
 Reading Tc99 from /home/diogo/openmc_data/endfb-vii.1-hdf5/neutron/Tc99.h5
 Reading Ru98 from /home/diogo/openmc_data/endfb-vii.1-hdf5/neutron/Ru98.h5
 Reading Ru99 from /home/diogo/openmc_data/endfb-vii.1-hdf5/neutron/Ru99.h5
 Reading Ru100 from /home/diogo/openmc_data/endfb-vii.1-hdf5/neutron/Ru100.h5
 Reading Ru101 from /home/diogo/openmc_data/endfb-vii.1-hdf5/neutron/Ru101.h5
 Reading Ru102 from /home/diogo/openmc_data/endfb-vii.1-hdf5/neutron/Ru102.h5
 Reading Ru103 from /home/diogo/openmc_data/endfb-vii.1-hdf5/neutron/Ru103.h5
 Reading Ru104 from /home/diogo/openmc_data/endfb-vii.1-hdf5/neutron/Ru104.h5
 Reading Ru105 from /home/diogo/openmc_data/endfb-vii.1-hdf5/neutron/Ru105.h5
 Reading Ru106 from /home/diogo/openmc_data/endfb-vii.1-hdf5/neutron/Ru106.h5
 Reading Rh103 from /home/diogo/openmc_data/endfb-vii.1-hdf5/neutron/Rh103.h5
 Reading Rh105 from /home/diogo/openmc_data/endfb-vii.1-hdf5/neutron/Rh105.h5
 Reading Pd102 from /home/diogo/openmc_data/endfb-vii.1-hdf5/neutron/Pd102.h5
 Reading Pd104 from /home/diogo/openmc_data/endfb-vii.1-hdf5/neutron/Pd104.h5
 Reading Pd105 from /home/diogo/openmc_data/endfb-vii.1-hdf5/neutron/Pd105.h5
 Reading Pd106 from /home/diogo/openmc_data/endfb-vii.1-hdf5/neutron/Pd106.h5
 Reading Pd107 from /home/diogo/openmc_data/endfb-vii.1-hdf5/neutron/Pd107.h5
 Reading Pd108 from /home/diogo/openmc_data/endfb-vii.1-hdf5/neutron/Pd108.h5
 Reading Pd110 from /home/diogo/openmc_data/endfb-vii.1-hdf5/neutron/Pd110.h5
 Reading Ag107 from /home/diogo/openmc_data/endfb-vii.1-hdf5/neutron/Ag107.h5
 Reading Ag109 from /home/diogo/openmc_data/endfb-vii.1-hdf5/neutron/Ag109.h5
 Reading Ag110_m1 from
 /home/diogo/openmc_data/endfb-vii.1-hdf5/neutron/Ag110_m1.h5
 Reading Ag111 from /home/diogo/openmc_data/endfb-vii.1-hdf5/neutron/Ag111.h5
 Reading Cd106 from /home/diogo/openmc_data/endfb-vii.1-hdf5/neutron/Cd106.h5
 WARNING: Negative value(s) found on probability table for nuclide Cd106 at 250K
 WARNING: Negative value(s) found on probability table for nuclide Cd106 at 294K
 WARNING: Negative value(s) found on probability table for nuclide Cd106 at 600K
 WARNING: Negative value(s) found on probability table for nuclide Cd106 at 900K
 WARNING: Negative value(s) found on probability table for nuclide Cd106 at
          1200K
 WARNING: Negative value(s) found on probability table for nuclide Cd106 at
          2500K
 Reading Cd108 from /home/diogo/openmc_data/endfb-vii.1-hdf5/neutron/Cd108.h5
 Reading Cd110 from /home/diogo/openmc_data/endfb-vii.1-hdf5/neutron/Cd110.h5
 Reading Cd111 from /home/diogo/openmc_data/endfb-vii.1-hdf5/neutron/Cd111.h5
 Reading Cd112 from /home/diogo/openmc_data/endfb-vii.1-hdf5/neutron/Cd112.h5
 Reading Cd113 from /home/diogo/openmc_data/endfb-vii.1-hdf5/neutron/Cd113.h5
 Reading Cd114 from /home/diogo/openmc_data/endfb-vii.1-hdf5/neutron/Cd114.h5
 Reading Cd115_m1 from
 /home/diogo/openmc_data/endfb-vii.1-hdf5/neutron/Cd115_m1.h5
 Reading Cd116 from /home/diogo/openmc_data/endfb-vii.1-hdf5/neutron/Cd116.h5
 Reading In113 from /home/diogo/openmc_data/endfb-vii.1-hdf5/neutron/In113.h5
 Reading In115 from /home/diogo/openmc_data/endfb-vii.1-hdf5/neutron/In115.h5
 Reading Sn113 from /home/diogo/openmc_data/endfb-vii.1-hdf5/neutron/Sn113.h5
 Reading Sn123 from /home/diogo/openmc_data/endfb-vii.1-hdf5/neutron/Sn123.h5
 WARNING: Negative value(s) found on probability table for nuclide Sn123 at 250K
 WARNING: Negative value(s) found on probability table for nuclide Sn123 at 294K
 WARNING: Negative value(s) found on probability table for nuclide Sn123 at 600K
 WARNING: Negative value(s) found on probability table for nuclide Sn123 at 900K
 WARNING: Negative value(s) found on probability table for nuclide Sn123 at
          1200K
 WARNING: Negative value(s) found on probability table for nuclide Sn123 at
          2500K
 Reading Sn125 from /home/diogo/openmc_data/endfb-vii.1-hdf5/neutron/Sn125.h5
 Reading Sn126 from /home/diogo/openmc_data/endfb-vii.1-hdf5/neutron/Sn126.h5
 Reading Sb121 from /home/diogo/openmc_data/endfb-vii.1-hdf5/neutron/Sb121.h5
 Reading Sb123 from /home/diogo/openmc_data/endfb-vii.1-hdf5/neutron/Sb123.h5
 Reading Sb124 from /home/diogo/openmc_data/endfb-vii.1-hdf5/neutron/Sb124.h5
 Reading Sb125 from /home/diogo/openmc_data/endfb-vii.1-hdf5/neutron/Sb125.h5
 Reading Sb126 from /home/diogo/openmc_data/endfb-vii.1-hdf5/neutron/Sb126.h5
 Reading Te120 from /home/diogo/openmc_data/endfb-vii.1-hdf5/neutron/Te120.h5
 WARNING: Negative value(s) found on probability table for nuclide Te120 at 600K
 WARNING: Negative value(s) found on probability table for nuclide Te120 at 900K
 WARNING: Negative value(s) found on probability table for nuclide Te120 at
          1200K
 WARNING: Negative value(s) found on probability table for nuclide Te120 at
          2500K
 Reading Te122 from /home/diogo/openmc_data/endfb-vii.1-hdf5/neutron/Te122.h5
 Reading Te123 from /home/diogo/openmc_data/endfb-vii.1-hdf5/neutron/Te123.h5
 Reading Te124 from /home/diogo/openmc_data/endfb-vii.1-hdf5/neutron/Te124.h5
 Reading Te125 from /home/diogo/openmc_data/endfb-vii.1-hdf5/neutron/Te125.h5
 Reading Te126 from /home/diogo/openmc_data/endfb-vii.1-hdf5/neutron/Te126.h5
 Reading Te127_m1 from
 /home/diogo/openmc_data/endfb-vii.1-hdf5/neutron/Te127_m1.h5
 Reading Te128 from /home/diogo/openmc_data/endfb-vii.1-hdf5/neutron/Te128.h5
 Reading Te129_m1 from
 /home/diogo/openmc_data/endfb-vii.1-hdf5/neutron/Te129_m1.h5
 Reading Te130 from /home/diogo/openmc_data/endfb-vii.1-hdf5/neutron/Te130.h5
 Reading Te132 from /home/diogo/openmc_data/endfb-vii.1-hdf5/neutron/Te132.h5
 Reading I127 from /home/diogo/openmc_data/endfb-vii.1-hdf5/neutron/I127.h5
 Reading I129 from /home/diogo/openmc_data/endfb-vii.1-hdf5/neutron/I129.h5
 Reading I130 from /home/diogo/openmc_data/endfb-vii.1-hdf5/neutron/I130.h5
 Reading I131 from /home/diogo/openmc_data/endfb-vii.1-hdf5/neutron/I131.h5
 WARNING: Negative value(s) found on probability table for nuclide I131 at 250K
 WARNING: Negative value(s) found on probability table for nuclide I131 at 294K
 WARNING: Negative value(s) found on probability table for nuclide I131 at 600K
 WARNING: Negative value(s) found on probability table for nuclide I131 at 900K
 WARNING: Negative value(s) found on probability table for nuclide I131 at 1200K
 WARNING: Negative value(s) found on probability table for nuclide I131 at 2500K
 Reading I135 from /home/diogo/openmc_data/endfb-vii.1-hdf5/neutron/I135.h5
 Reading Xe126 from /home/diogo/openmc_data/endfb-vii.1-hdf5/neutron/Xe126.h5
 Reading Xe128 from /home/diogo/openmc_data/endfb-vii.1-hdf5/neutron/Xe128.h5
 Reading Xe129 from /home/diogo/openmc_data/endfb-vii.1-hdf5/neutron/Xe129.h5
 Reading Xe130 from /home/diogo/openmc_data/endfb-vii.1-hdf5/neutron/Xe130.h5
 Reading Xe131 from /home/diogo/openmc_data/endfb-vii.1-hdf5/neutron/Xe131.h5
 Reading Xe132 from /home/diogo/openmc_data/endfb-vii.1-hdf5/neutron/Xe132.h5
 Reading Xe133 from /home/diogo/openmc_data/endfb-vii.1-hdf5/neutron/Xe133.h5
 WARNING: Negative value(s) found on probability table for nuclide Xe133 at
          2500K
 Reading Xe134 from /home/diogo/openmc_data/endfb-vii.1-hdf5/neutron/Xe134.h5
 Reading Xe135 from /home/diogo/openmc_data/endfb-vii.1-hdf5/neutron/Xe135.h5
 Reading Xe136 from /home/diogo/openmc_data/endfb-vii.1-hdf5/neutron/Xe136.h5
 Reading Cs133 from /home/diogo/openmc_data/endfb-vii.1-hdf5/neutron/Cs133.h5
 Reading Cs134 from /home/diogo/openmc_data/endfb-vii.1-hdf5/neutron/Cs134.h5
 Reading Cs135 from /home/diogo/openmc_data/endfb-vii.1-hdf5/neutron/Cs135.h5
 Reading Cs136 from /home/diogo/openmc_data/endfb-vii.1-hdf5/neutron/Cs136.h5
 WARNING: Negative value(s) found on probability table for nuclide Cs136 at 250K
 WARNING: Negative value(s) found on probability table for nuclide Cs136 at 294K
 WARNING: Negative value(s) found on probability table for nuclide Cs136 at 600K
 WARNING: Negative value(s) found on probability table for nuclide Cs136 at 900K
 WARNING: Negative value(s) found on probability table for nuclide Cs136 at
          1200K
 WARNING: Negative value(s) found on probability table for nuclide Cs136 at
          2500K
 Reading Cs137 from /home/diogo/openmc_data/endfb-vii.1-hdf5/neutron/Cs137.h5
 Reading Ba132 from /home/diogo/openmc_data/endfb-vii.1-hdf5/neutron/Ba132.h5
 Reading Ba133 from /home/diogo/openmc_data/endfb-vii.1-hdf5/neutron/Ba133.h5
 Reading Ba134 from /home/diogo/openmc_data/endfb-vii.1-hdf5/neutron/Ba134.h5
 Reading Ba135 from /home/diogo/openmc_data/endfb-vii.1-hdf5/neutron/Ba135.h5
 Reading Ba136 from /home/diogo/openmc_data/endfb-vii.1-hdf5/neutron/Ba136.h5
 Reading Ba137 from /home/diogo/openmc_data/endfb-vii.1-hdf5/neutron/Ba137.h5
 Reading Ba138 from /home/diogo/openmc_data/endfb-vii.1-hdf5/neutron/Ba138.h5
 Reading Ba140 from /home/diogo/openmc_data/endfb-vii.1-hdf5/neutron/Ba140.h5
 Reading La138 from /home/diogo/openmc_data/endfb-vii.1-hdf5/neutron/La138.h5
 Reading La139 from /home/diogo/openmc_data/endfb-vii.1-hdf5/neutron/La139.h5
 Reading La140 from /home/diogo/openmc_data/endfb-vii.1-hdf5/neutron/La140.h5
 Reading Ce138 from /home/diogo/openmc_data/endfb-vii.1-hdf5/neutron/Ce138.h5
 Reading Ce139 from /home/diogo/openmc_data/endfb-vii.1-hdf5/neutron/Ce139.h5
 Reading Ce140 from /home/diogo/openmc_data/endfb-vii.1-hdf5/neutron/Ce140.h5
 Reading Ce141 from /home/diogo/openmc_data/endfb-vii.1-hdf5/neutron/Ce141.h5
 Reading Ce142 from /home/diogo/openmc_data/endfb-vii.1-hdf5/neutron/Ce142.h5
 Reading Ce143 from /home/diogo/openmc_data/endfb-vii.1-hdf5/neutron/Ce143.h5
 Reading Ce144 from /home/diogo/openmc_data/endfb-vii.1-hdf5/neutron/Ce144.h5
 Reading Pr141 from /home/diogo/openmc_data/endfb-vii.1-hdf5/neutron/Pr141.h5
 Reading Pr142 from /home/diogo/openmc_data/endfb-vii.1-hdf5/neutron/Pr142.h5
 Reading Pr143 from /home/diogo/openmc_data/endfb-vii.1-hdf5/neutron/Pr143.h5
 Reading Nd142 from /home/diogo/openmc_data/endfb-vii.1-hdf5/neutron/Nd142.h5
 Reading Nd143 from /home/diogo/openmc_data/endfb-vii.1-hdf5/neutron/Nd143.h5
 Reading Nd144 from /home/diogo/openmc_data/endfb-vii.1-hdf5/neutron/Nd144.h5
 Reading Nd145 from /home/diogo/openmc_data/endfb-vii.1-hdf5/neutron/Nd145.h5
 Reading Nd146 from /home/diogo/openmc_data/endfb-vii.1-hdf5/neutron/Nd146.h5
 Reading Nd147 from /home/diogo/openmc_data/endfb-vii.1-hdf5/neutron/Nd147.h5
 Reading Nd148 from /home/diogo/openmc_data/endfb-vii.1-hdf5/neutron/Nd148.h5
 Reading Nd150 from /home/diogo/openmc_data/endfb-vii.1-hdf5/neutron/Nd150.h5
 Reading Pm147 from /home/diogo/openmc_data/endfb-vii.1-hdf5/neutron/Pm147.h5
 Reading Pm148 from /home/diogo/openmc_data/endfb-vii.1-hdf5/neutron/Pm148.h5
 Reading Pm148_m1 from
 /home/diogo/openmc_data/endfb-vii.1-hdf5/neutron/Pm148_m1.h5
 Reading Pm149 from /home/diogo/openmc_data/endfb-vii.1-hdf5/neutron/Pm149.h5
 Reading Pm151 from /home/diogo/openmc_data/endfb-vii.1-hdf5/neutron/Pm151.h5
 Reading Sm147 from /home/diogo/openmc_data/endfb-vii.1-hdf5/neutron/Sm147.h5
 Reading Sm148 from /home/diogo/openmc_data/endfb-vii.1-hdf5/neutron/Sm148.h5
 Reading Sm149 from /home/diogo/openmc_data/endfb-vii.1-hdf5/neutron/Sm149.h5
 Reading Sm150 from /home/diogo/openmc_data/endfb-vii.1-hdf5/neutron/Sm150.h5
 Reading Sm151 from /home/diogo/openmc_data/endfb-vii.1-hdf5/neutron/Sm151.h5
 Reading Sm152 from /home/diogo/openmc_data/endfb-vii.1-hdf5/neutron/Sm152.h5
 Reading Sm153 from /home/diogo/openmc_data/endfb-vii.1-hdf5/neutron/Sm153.h5
 Reading Sm154 from /home/diogo/openmc_data/endfb-vii.1-hdf5/neutron/Sm154.h5
 Reading Eu151 from /home/diogo/openmc_data/endfb-vii.1-hdf5/neutron/Eu151.h5
 Reading Eu152 from /home/diogo/openmc_data/endfb-vii.1-hdf5/neutron/Eu152.h5
 Reading Eu153 from /home/diogo/openmc_data/endfb-vii.1-hdf5/neutron/Eu153.h5
 Reading Eu154 from /home/diogo/openmc_data/endfb-vii.1-hdf5/neutron/Eu154.h5
 Reading Eu155 from /home/diogo/openmc_data/endfb-vii.1-hdf5/neutron/Eu155.h5
 Reading Eu156 from /home/diogo/openmc_data/endfb-vii.1-hdf5/neutron/Eu156.h5
 WARNING: Negative value(s) found on probability table for nuclide Eu156 at 250K
 WARNING: Negative value(s) found on probability table for nuclide Eu156 at 294K
 WARNING: Negative value(s) found on probability table for nuclide Eu156 at 600K
 WARNING: Negative value(s) found on probability table for nuclide Eu156 at 900K
 WARNING: Negative value(s) found on probability table for nuclide Eu156 at
          1200K
 WARNING: Negative value(s) found on probability table for nuclide Eu156 at
          2500K
 Reading Eu157 from /home/diogo/openmc_data/endfb-vii.1-hdf5/neutron/Eu157.h5
 Reading Gd153 from /home/diogo/openmc_data/endfb-vii.1-hdf5/neutron/Gd153.h5
 Reading Tb159 from /home/diogo/openmc_data/endfb-vii.1-hdf5/neutron/Tb159.h5
 Reading Tb160 from /home/diogo/openmc_data/endfb-vii.1-hdf5/neutron/Tb160.h5
 Reading Dy156 from /home/diogo/openmc_data/endfb-vii.1-hdf5/neutron/Dy156.h5
 Reading Dy158 from /home/diogo/openmc_data/endfb-vii.1-hdf5/neutron/Dy158.h5
 Reading Dy160 from /home/diogo/openmc_data/endfb-vii.1-hdf5/neutron/Dy160.h5
 Reading Dy161 from /home/diogo/openmc_data/endfb-vii.1-hdf5/neutron/Dy161.h5
 Reading Dy162 from /home/diogo/openmc_data/endfb-vii.1-hdf5/neutron/Dy162.h5
 Reading Dy163 from /home/diogo/openmc_data/endfb-vii.1-hdf5/neutron/Dy163.h5
 Reading Dy164 from /home/diogo/openmc_data/endfb-vii.1-hdf5/neutron/Dy164.h5
 Reading Ho165 from /home/diogo/openmc_data/endfb-vii.1-hdf5/neutron/Ho165.h5
 Reading Ho166_m1 from
 /home/diogo/openmc_data/endfb-vii.1-hdf5/neutron/Ho166_m1.h5
 Reading Er162 from /home/diogo/openmc_data/endfb-vii.1-hdf5/neutron/Er162.h5
 Reading Er164 from /home/diogo/openmc_data/endfb-vii.1-hdf5/neutron/Er164.h5
 Reading Er166 from /home/diogo/openmc_data/endfb-vii.1-hdf5/neutron/Er166.h5
 Reading Er167 from /home/diogo/openmc_data/endfb-vii.1-hdf5/neutron/Er167.h5
 Reading Er168 from /home/diogo/openmc_data/endfb-vii.1-hdf5/neutron/Er168.h5
 Reading Er170 from /home/diogo/openmc_data/endfb-vii.1-hdf5/neutron/Er170.h5
 Reading Tm168 from /home/diogo/openmc_data/endfb-vii.1-hdf5/neutron/Tm168.h5
 Reading Tm169 from /home/diogo/openmc_data/endfb-vii.1-hdf5/neutron/Tm169.h5
 Reading Tm170 from /home/diogo/openmc_data/endfb-vii.1-hdf5/neutron/Tm170.h5
 Reading Ir191 from /home/diogo/openmc_data/endfb-vii.1-hdf5/neutron/Ir191.h5
 Reading Ir193 from /home/diogo/openmc_data/endfb-vii.1-hdf5/neutron/Ir193.h5
 Reading Hg198 from /home/diogo/openmc_data/endfb-vii.1-hdf5/neutron/Hg198.h5
 Reading Hg200 from /home/diogo/openmc_data/endfb-vii.1-hdf5/neutron/Hg200.h5
 Reading Hg201 from /home/diogo/openmc_data/endfb-vii.1-hdf5/neutron/Hg201.h5
 Reading Hg204 from /home/diogo/openmc_data/endfb-vii.1-hdf5/neutron/Hg204.h5
 Reading Tl205 from /home/diogo/openmc_data/endfb-vii.1-hdf5/neutron/Tl205.h5
 Reading Pb207 from /home/diogo/openmc_data/endfb-vii.1-hdf5/neutron/Pb207.h5
 Reading Pb208 from /home/diogo/openmc_data/endfb-vii.1-hdf5/neutron/Pb208.h5
 Reading Bi209 from /home/diogo/openmc_data/endfb-vii.1-hdf5/neutron/Bi209.h5
 Reading Ra223 from /home/diogo/openmc_data/endfb-vii.1-hdf5/neutron/Ra223.h5
 Reading Ra224 from /home/diogo/openmc_data/endfb-vii.1-hdf5/neutron/Ra224.h5
 Reading Ra225 from /home/diogo/openmc_data/endfb-vii.1-hdf5/neutron/Ra225.h5
 Reading Ra226 from /home/diogo/openmc_data/endfb-vii.1-hdf5/neutron/Ra226.h5
 Reading Ac225 from /home/diogo/openmc_data/endfb-vii.1-hdf5/neutron/Ac225.h5
 Reading Ac226 from /home/diogo/openmc_data/endfb-vii.1-hdf5/neutron/Ac226.h5
 Reading Ac227 from /home/diogo/openmc_data/endfb-vii.1-hdf5/neutron/Ac227.h5
 Reading Th227 from /home/diogo/openmc_data/endfb-vii.1-hdf5/neutron/Th227.h5
 Reading Th228 from /home/diogo/openmc_data/endfb-vii.1-hdf5/neutron/Th228.h5
 Reading Th229 from /home/diogo/openmc_data/endfb-vii.1-hdf5/neutron/Th229.h5
 Reading Th230 from /home/diogo/openmc_data/endfb-vii.1-hdf5/neutron/Th230.h5
 Reading Th231 from /home/diogo/openmc_data/endfb-vii.1-hdf5/neutron/Th231.h5
 Reading Th232 from /home/diogo/openmc_data/endfb-vii.1-hdf5/neutron/Th232.h5
 Reading Th233 from /home/diogo/openmc_data/endfb-vii.1-hdf5/neutron/Th233.h5
 Reading Th234 from /home/diogo/openmc_data/endfb-vii.1-hdf5/neutron/Th234.h5
 Reading Pa229 from /home/diogo/openmc_data/endfb-vii.1-hdf5/neutron/Pa229.h5
 Reading Pa230 from /home/diogo/openmc_data/endfb-vii.1-hdf5/neutron/Pa230.h5
 Reading Pa231 from /home/diogo/openmc_data/endfb-vii.1-hdf5/neutron/Pa231.h5
 Reading Pa232 from /home/diogo/openmc_data/endfb-vii.1-hdf5/neutron/Pa232.h5
 Reading Pa233 from /home/diogo/openmc_data/endfb-vii.1-hdf5/neutron/Pa233.h5
 Reading U230 from /home/diogo/openmc_data/endfb-vii.1-hdf5/neutron/U230.h5
 Reading U231 from /home/diogo/openmc_data/endfb-vii.1-hdf5/neutron/U231.h5
 Reading U232 from /home/diogo/openmc_data/endfb-vii.1-hdf5/neutron/U232.h5
 Reading U233 from /home/diogo/openmc_data/endfb-vii.1-hdf5/neutron/U233.h5
 Reading U236 from /home/diogo/openmc_data/endfb-vii.1-hdf5/neutron/U236.h5
 Reading U237 from /home/diogo/openmc_data/endfb-vii.1-hdf5/neutron/U237.h5
 Reading U239 from /home/diogo/openmc_data/endfb-vii.1-hdf5/neutron/U239.h5
 Reading U240 from /home/diogo/openmc_data/endfb-vii.1-hdf5/neutron/U240.h5
 Reading U241 from /home/diogo/openmc_data/endfb-vii.1-hdf5/neutron/U241.h5
 Reading Np234 from /home/diogo/openmc_data/endfb-vii.1-hdf5/neutron/Np234.h5
 Reading Np235 from /home/diogo/openmc_data/endfb-vii.1-hdf5/neutron/Np235.h5
 Reading Np236 from /home/diogo/openmc_data/endfb-vii.1-hdf5/neutron/Np236.h5
 Reading Np237 from /home/diogo/openmc_data/endfb-vii.1-hdf5/neutron/Np237.h5
 Reading Np238 from /home/diogo/openmc_data/endfb-vii.1-hdf5/neutron/Np238.h5
 Reading Np239 from /home/diogo/openmc_data/endfb-vii.1-hdf5/neutron/Np239.h5
 Reading Pu236 from /home/diogo/openmc_data/endfb-vii.1-hdf5/neutron/Pu236.h5
 Reading Pu237 from /home/diogo/openmc_data/endfb-vii.1-hdf5/neutron/Pu237.h5
 Reading Pu238 from /home/diogo/openmc_data/endfb-vii.1-hdf5/neutron/Pu238.h5
 Reading Pu239 from /home/diogo/openmc_data/endfb-vii.1-hdf5/neutron/Pu239.h5
 Reading Pu240 from /home/diogo/openmc_data/endfb-vii.1-hdf5/neutron/Pu240.h5
 Reading Pu241 from /home/diogo/openmc_data/endfb-vii.1-hdf5/neutron/Pu241.h5
 Reading Pu242 from /home/diogo/openmc_data/endfb-vii.1-hdf5/neutron/Pu242.h5
 Reading Pu243 from /home/diogo/openmc_data/endfb-vii.1-hdf5/neutron/Pu243.h5
 Reading Pu244 from /home/diogo/openmc_data/endfb-vii.1-hdf5/neutron/Pu244.h5
 Reading Pu246 from /home/diogo/openmc_data/endfb-vii.1-hdf5/neutron/Pu246.h5
 Reading Am240 from /home/diogo/openmc_data/endfb-vii.1-hdf5/neutron/Am240.h5
 Reading Am241 from /home/diogo/openmc_data/endfb-vii.1-hdf5/neutron/Am241.h5
 Reading Am242 from /home/diogo/openmc_data/endfb-vii.1-hdf5/neutron/Am242.h5
 Reading Am242_m1 from
 /home/diogo/openmc_data/endfb-vii.1-hdf5/neutron/Am242_m1.h5
 Reading Am243 from /home/diogo/openmc_data/endfb-vii.1-hdf5/neutron/Am243.h5
 Reading Am244 from /home/diogo/openmc_data/endfb-vii.1-hdf5/neutron/Am244.h5
 Reading Am244_m1 from
 /home/diogo/openmc_data/endfb-vii.1-hdf5/neutron/Am244_m1.h5
 Reading Cm240 from /home/diogo/openmc_data/endfb-vii.1-hdf5/neutron/Cm240.h5
 Reading Cm241 from /home/diogo/openmc_data/endfb-vii.1-hdf5/neutron/Cm241.h5
 Reading Cm242 from /home/diogo/openmc_data/endfb-vii.1-hdf5/neutron/Cm242.h5
 Reading Cm243 from /home/diogo/openmc_data/endfb-vii.1-hdf5/neutron/Cm243.h5
 Reading Cm244 from /home/diogo/openmc_data/endfb-vii.1-hdf5/neutron/Cm244.h5
 Reading Cm245 from /home/diogo/openmc_data/endfb-vii.1-hdf5/neutron/Cm245.h5
 Reading Cm246 from /home/diogo/openmc_data/endfb-vii.1-hdf5/neutron/Cm246.h5
 Reading Cm247 from /home/diogo/openmc_data/endfb-vii.1-hdf5/neutron/Cm247.h5
 Reading Cm248 from /home/diogo/openmc_data/endfb-vii.1-hdf5/neutron/Cm248.h5
 Reading Cm249 from /home/diogo/openmc_data/endfb-vii.1-hdf5/neutron/Cm249.h5
 Reading Cm250 from /home/diogo/openmc_data/endfb-vii.1-hdf5/neutron/Cm250.h5
 Reading Bk245 from /home/diogo/openmc_data/endfb-vii.1-hdf5/neutron/Bk245.h5
 Reading Bk246 from /home/diogo/openmc_data/endfb-vii.1-hdf5/neutron/Bk246.h5
 Reading Bk247 from /home/diogo/openmc_data/endfb-vii.1-hdf5/neutron/Bk247.h5
 Reading Bk248 from /home/diogo/openmc_data/endfb-vii.1-hdf5/neutron/Bk248.h5
 Reading Bk249 from /home/diogo/openmc_data/endfb-vii.1-hdf5/neutron/Bk249.h5
 Reading Bk250 from /home/diogo/openmc_data/endfb-vii.1-hdf5/neutron/Bk250.h5
 Reading Cf246 from /home/diogo/openmc_data/endfb-vii.1-hdf5/neutron/Cf246.h5
 Reading Cf248 from /home/diogo/openmc_data/endfb-vii.1-hdf5/neutron/Cf248.h5
 Reading Cf249 from /home/diogo/openmc_data/endfb-vii.1-hdf5/neutron/Cf249.h5
 Reading Cf251 from /home/diogo/openmc_data/endfb-vii.1-hdf5/neutron/Cf251.h5
 Reading Cf252 from /home/diogo/openmc_data/endfb-vii.1-hdf5/neutron/Cf252.h5
 Reading Cf253 from /home/diogo/openmc_data/endfb-vii.1-hdf5/neutron/Cf253.h5
 Reading Ba130 from /home/diogo/openmc_data/endfb-vii.1-hdf5/neutron/Ba130.h5
 Reading Ce136 from /home/diogo/openmc_data/endfb-vii.1-hdf5/neutron/Ce136.h5
 Reading Sm144 from /home/diogo/openmc_data/endfb-vii.1-hdf5/neutron/Sm144.h5
 Reading Au197 from /home/diogo/openmc_data/endfb-vii.1-hdf5/neutron/Au197.h5
 Reading Hg196 from /home/diogo/openmc_data/endfb-vii.1-hdf5/neutron/Hg196.h5
 Reading Hg199 from /home/diogo/openmc_data/endfb-vii.1-hdf5/neutron/Hg199.h5
 Reading Hg202 from /home/diogo/openmc_data/endfb-vii.1-hdf5/neutron/Hg202.h5
 Reading Tl203 from /home/diogo/openmc_data/endfb-vii.1-hdf5/neutron/Tl203.h5
 Reading Pb204 from /home/diogo/openmc_data/endfb-vii.1-hdf5/neutron/Pb204.h5
 Reading Pb206 from /home/diogo/openmc_data/endfb-vii.1-hdf5/neutron/Pb206.h5
 Reading Cf250 from /home/diogo/openmc_data/endfb-vii.1-hdf5/neutron/Cf250.h5
 WARNING: Negative value(s) found on probability table for nuclide Cf250 at 250K
 WARNING: Negative value(s) found on probability table for nuclide Cf250 at 294K
 WARNING: Negative value(s) found on probability table for nuclide Cf250 at 900K
 WARNING: Negative value(s) found on probability table for nuclide Cf250 at
          1200K
 Reading Cf254 from /home/diogo/openmc_data/endfb-vii.1-hdf5/neutron/Cf254.h5
 Reading Es251 from /home/diogo/openmc_data/endfb-vii.1-hdf5/neutron/Es251.h5
 Reading Es252 from /home/diogo/openmc_data/endfb-vii.1-hdf5/neutron/Es252.h5
 Reading Es253 from /home/diogo/openmc_data/endfb-vii.1-hdf5/neutron/Es253.h5
 Reading Es254 from /home/diogo/openmc_data/endfb-vii.1-hdf5/neutron/Es254.h5
 Reading Es254_m1 from
 /home/diogo/openmc_data/endfb-vii.1-hdf5/neutron/Es254_m1.h5
 Reading Es255 from /home/diogo/openmc_data/endfb-vii.1-hdf5/neutron/Es255.h5
 Reading Fm255 from /home/diogo/openmc_data/endfb-vii.1-hdf5/neutron/Fm255.h5
 Reading Be9 from /home/diogo/openmc_data/endfb-vii.1-hdf5/neutron/Be9.h5
 Reading Ca48 from /home/diogo/openmc_data/endfb-vii.1-hdf5/neutron/Ca48.h5
 Reading Co58_m1 from
 /home/diogo/openmc_data/endfb-vii.1-hdf5/neutron/Co58_m1.h5
 Reading Ru96 from /home/diogo/openmc_data/endfb-vii.1-hdf5/neutron/Ru96.h5
 Reading Xe123 from /home/diogo/openmc_data/endfb-vii.1-hdf5/neutron/Xe123.h5
 Reading Xe124 from /home/diogo/openmc_data/endfb-vii.1-hdf5/neutron/Xe124.h5
 Reading Lu175 from /home/diogo/openmc_data/endfb-vii.1-hdf5/neutron/Lu175.h5
 Reading Lu176 from /home/diogo/openmc_data/endfb-vii.1-hdf5/neutron/Lu176.h5
 Reading Hf174 from /home/diogo/openmc_data/endfb-vii.1-hdf5/neutron/Hf174.h5
 Reading Hf176 from /home/diogo/openmc_data/endfb-vii.1-hdf5/neutron/Hf176.h5
 Reading Hf177 from /home/diogo/openmc_data/endfb-vii.1-hdf5/neutron/Hf177.h5
 Reading Hf178 from /home/diogo/openmc_data/endfb-vii.1-hdf5/neutron/Hf178.h5
 Reading Hf179 from /home/diogo/openmc_data/endfb-vii.1-hdf5/neutron/Hf179.h5
 Reading Hf180 from /home/diogo/openmc_data/endfb-vii.1-hdf5/neutron/Hf180.h5
 Reading Ta180 from /home/diogo/openmc_data/endfb-vii.1-hdf5/neutron/Ta180.h5
 Reading Ta181 from /home/diogo/openmc_data/endfb-vii.1-hdf5/neutron/Ta181.h5
 Reading Ta182 from /home/diogo/openmc_data/endfb-vii.1-hdf5/neutron/Ta182.h5
 Reading W180 from /home/diogo/openmc_data/endfb-vii.1-hdf5/neutron/W180.h5
 Reading W182 from /home/diogo/openmc_data/endfb-vii.1-hdf5/neutron/W182.h5
 Reading W183 from /home/diogo/openmc_data/endfb-vii.1-hdf5/neutron/W183.h5
 Reading W184 from /home/diogo/openmc_data/endfb-vii.1-hdf5/neutron/W184.h5
 Reading W186 from /home/diogo/openmc_data/endfb-vii.1-hdf5/neutron/W186.h5
 Reading Re185 from /home/diogo/openmc_data/endfb-vii.1-hdf5/neutron/Re185.h5
 Reading Re187 from /home/diogo/openmc_data/endfb-vii.1-hdf5/neutron/Re187.h5
 Maximum neutron transport energy: 20000000 eV for H1
 Initializing source particles...

 ====================>     K EIGENVALUE SIMULATION     <====================

  Bat./Gen.      k       Entropy         Average k 
  =========   ========   ========   ====================
        1/1    1.08608    5.97519
        2/1    1.04857    5.96549
        3/1    1.10515    5.96456
        4/1    1.13372    5.97019
        5/1    1.06353    5.97210
        6/1    1.08740    5.96501
        7/1    1.10608    5.97376
        8/1    1.07625    5.94951
        9/1    1.10393    5.96359
       10/1    1.10800    5.97096
       11/1    1.08776    5.96999
       12/1    1.09013    5.96694
       13/1    1.07431    5.96986
       14/1    1.09840    5.96764
       15/1    1.11002    5.95479
       16/1    1.10633    5.96115
       17/1    1.10912    5.97076
       18/1    1.09163    5.96284
       19/1    1.10679    5.96676
       20/1    1.14737    5.96849
       21/1    1.09510    5.97114
       22/1    1.09878    5.95853    1.09694 +/- 0.00184
       23/1    1.14999    5.96294    1.11463 +/- 0.01772
       24/1    1.10005    5.96009    1.11098 +/- 0.01305
       25/1    1.12883    5.96948    1.11455 +/- 0.01072
       26/1    1.12897    5.96365    1.11695 +/- 0.00907
       27/1    1.07330    5.96409    1.11072 +/- 0.00989
       28/1    1.09634    5.96583    1.10892 +/- 0.00875
       29/1    1.08692    5.97029    1.10647 +/- 0.00809
       30/1    1.08296    5.96494    1.10412 +/- 0.00761
       31/1    1.08662    5.96599    1.10253 +/- 0.00707
       32/1    1.07447    5.97604    1.10019 +/- 0.00686
       33/1    1.11862    5.97810    1.10161 +/- 0.00647
       34/1    1.11224    5.95955    1.10237 +/- 0.00604
       35/1    1.08977    5.96111    1.10153 +/- 0.00568
       36/1    1.07275    5.96269    1.09973 +/- 0.00561
       37/1    1.12194    5.96480    1.10104 +/- 0.00543
       38/1    1.09898    5.96423    1.10092 +/- 0.00512
       39/1    1.07375    5.97474    1.09949 +/- 0.00505
       40/1    1.07358    5.96234    1.09820 +/- 0.00496
       41/1    1.13615    5.97105    1.10001 +/- 0.00506
       42/1    1.11388    5.96435    1.10064 +/- 0.00486
       43/1    1.10432    5.96439    1.10080 +/- 0.00465
       44/1    1.08545    5.96796    1.10016 +/- 0.00450
       45/1    1.05392    5.96804    1.09831 +/- 0.00469
       46/1    1.07082    5.96393    1.09725 +/- 0.00463
       47/1    1.08672    5.97053    1.09686 +/- 0.00447
       48/1    1.10022    5.96176    1.09698 +/- 0.00431
       49/1    1.05306    5.97417    1.09547 +/- 0.00443
       50/1    1.09832    5.97470    1.09556 +/- 0.00428
       51/1    1.12548    5.96491    1.09653 +/- 0.00425
       52/1    1.08911    5.96266    1.09629 +/- 0.00412
       53/1    1.09159    5.97028    1.09615 +/- 0.00400
       54/1    1.12331    5.95818    1.09695 +/- 0.00396
       55/1    1.05648    5.96844    1.09579 +/- 0.00401
       56/1    1.10320    5.97351    1.09600 +/- 0.00391
       57/1    1.06817    5.96716    1.09525 +/- 0.00387
       58/1    1.07366    5.97212    1.09468 +/- 0.00381
       59/1    1.11424    5.95906    1.09518 +/- 0.00375
       60/1    1.07399    5.96034    1.09465 +/- 0.00369
 Creating state point statepoint.60.h5...

 =======================>     TIMING STATISTICS     <=======================

 Total time for initialization     = 6.0773e+00 seconds
   Reading cross sections          = 5.2534e+00 seconds
 Total time in simulation          = 3.5365e+01 seconds
   Time in transport only          = 3.5237e+01 seconds
   Time in inactive batches        = 7.0960e+00 seconds
   Time in active batches          = 2.8269e+01 seconds
   Time synchronizing fission bank = 2.3406e-02 seconds
     Sampling source sites         = 2.0401e-02 seconds
     SEND/RECV source sites        = 2.7552e-03 seconds
   Time accumulating tallies       = 5.6956e-02 seconds
   Time writing statepoints        = 1.7865e-02 seconds
 Total time for finalization       = 3.6807e-04 seconds
 Total time elapsed                = 4.1886e+01 seconds
 Calculation Rate (inactive)       = 11273.9 particles/second
 Calculation Rate (active)         = 5659.98 particles/second

 ============================>     RESULTS     <============================

 k-effective (Collision)     = 1.09526 +/- 0.00287
 k-effective (Track-length)  = 1.09465 +/- 0.00369
 k-effective (Absorption)    = 1.09309 +/- 0.00190
 Combined k-effective        = 1.09345 +/- 0.00170
 Leakage Fraction            = 0.00000 +/- 0.00000

 Creating state point openmc_simulation_n3.h5...
[t64a] threads 64, seed 1130245551, bu [0.0, 0.5, 1.5, 1.6]
[t64a] k 1.1157872707434484  1.094100498600056  1.090515619719172  1.0934489050782   (4.1 min)
                                %%%%%%%%%%%%%%%
                           %%%%%%%%%%%%%%%%%%%%%%%%
                        %%%%%%%%%%%%%%%%%%%%%%%%%%%%%%
                      %%%%%%%%%%%%%%%%%%%%%%%%%%%%%%%%%%
                    %%%%%%%%%%%%%%%%%%%%%%%%%%%%%%%%%%%%%%
                   %%%%%%%%%%%%%%%%%%%%%%%%%%%%%%%%%%%%%%%%
                                    %%%%%%%%%%%%%%%%%%%%%%%%
                                     %%%%%%%%%%%%%%%%%%%%%%%%
                 ###############      %%%%%%%%%%%%%%%%%%%%%%%%
                ##################     %%%%%%%%%%%%%%%%%%%%%%%
                ###################     %%%%%%%%%%%%%%%%%%%%%%%
                ####################     %%%%%%%%%%%%%%%%%%%%%%
                #####################     %%%%%%%%%%%%%%%%%%%%%
                ######################     %%%%%%%%%%%%%%%%%%%%
                #######################     %%%%%%%%%%%%%%%%%%
                 #######################     %%%%%%%%%%%%%%%%%
                 ######################     %%%%%%%%%%%%%%%%%
                  ####################     %%%%%%%%%%%%%%%%%
                    #################     %%%%%%%%%%%%%%%%%
                     ###############     %%%%%%%%%%%%%%%%
                       ############     %%%%%%%%%%%%%%%
                          ########     %%%%%%%%%%%%%%
                                      %%%%%%%%%%%

                 | The OpenMC Monte Carlo Code
       Copyright | 2011-2025 MIT, UChicago Argonne LLC, and contributors
         License | https://docs.openmc.org/en/latest/license.html
         Version | 0.15.3
     Commit Hash | 27e38e894697bb32a1dac7848d2618818b6b8daf
       Date/Time | 2026-09-26 20:04:57
   MPI Processes | 1
  OpenMP Threads | 64

 Reading settings XML file...
 Reading cross sections XML file...
 Reading chain file: /home/diogo/openmc_data/chain_endfb71_pwr.xml...
 Reading materials XML file...
 Reading geometry XML file...
 Reading H1 from /home/diogo/openmc_data/endfb-vii.1-hdf5/neutron/H1.h5
 Reading H2 from /home/diogo/openmc_data/endfb-vii.1-hdf5/neutron/H2.h5
 Reading B10 from /home/diogo/openmc_data/endfb-vii.1-hdf5/neutron/B10.h5
 Reading B11 from /home/diogo/openmc_data/endfb-vii.1-hdf5/neutron/B11.h5
 Reading O16 from /home/diogo/openmc_data/endfb-vii.1-hdf5/neutron/O16.h5
 Reading O17 from /home/diogo/openmc_data/endfb-vii.1-hdf5/neutron/O17.h5
 Reading Cr50 from /home/diogo/openmc_data/endfb-vii.1-hdf5/neutron/Cr50.h5
 Reading Cr52 from /home/diogo/openmc_data/endfb-vii.1-hdf5/neutron/Cr52.h5
 Reading Cr53 from /home/diogo/openmc_data/endfb-vii.1-hdf5/neutron/Cr53.h5
 Reading Cr54 from /home/diogo/openmc_data/endfb-vii.1-hdf5/neutron/Cr54.h5
 Reading Fe54 from /home/diogo/openmc_data/endfb-vii.1-hdf5/neutron/Fe54.h5
 Reading Fe56 from /home/diogo/openmc_data/endfb-vii.1-hdf5/neutron/Fe56.h5
 Reading Fe57 from /home/diogo/openmc_data/endfb-vii.1-hdf5/neutron/Fe57.h5
 Reading Fe58 from /home/diogo/openmc_data/endfb-vii.1-hdf5/neutron/Fe58.h5
 Reading Zr90 from /home/diogo/openmc_data/endfb-vii.1-hdf5/neutron/Zr90.h5
 Reading Zr91 from /home/diogo/openmc_data/endfb-vii.1-hdf5/neutron/Zr91.h5
 Reading Zr92 from /home/diogo/openmc_data/endfb-vii.1-hdf5/neutron/Zr92.h5
 Reading Zr94 from /home/diogo/openmc_data/endfb-vii.1-hdf5/neutron/Zr94.h5
 Reading Zr96 from /home/diogo/openmc_data/endfb-vii.1-hdf5/neutron/Zr96.h5
 Reading Sn112 from /home/diogo/openmc_data/endfb-vii.1-hdf5/neutron/Sn112.h5
 Reading Sn114 from /home/diogo/openmc_data/endfb-vii.1-hdf5/neutron/Sn114.h5
 Reading Sn115 from /home/diogo/openmc_data/endfb-vii.1-hdf5/neutron/Sn115.h5
 Reading Sn116 from /home/diogo/openmc_data/endfb-vii.1-hdf5/neutron/Sn116.h5
 Reading Sn117 from /home/diogo/openmc_data/endfb-vii.1-hdf5/neutron/Sn117.h5
 Reading Sn118 from /home/diogo/openmc_data/endfb-vii.1-hdf5/neutron/Sn118.h5
 Reading Sn119 from /home/diogo/openmc_data/endfb-vii.1-hdf5/neutron/Sn119.h5
 Reading Sn120 from /home/diogo/openmc_data/endfb-vii.1-hdf5/neutron/Sn120.h5
 Reading Sn122 from /home/diogo/openmc_data/endfb-vii.1-hdf5/neutron/Sn122.h5
 Reading Sn124 from /home/diogo/openmc_data/endfb-vii.1-hdf5/neutron/Sn124.h5
 Reading He3 from /home/diogo/openmc_data/endfb-vii.1-hdf5/neutron/He3.h5
 Reading He4 from /home/diogo/openmc_data/endfb-vii.1-hdf5/neutron/He4.h5
 Reading U234 from /home/diogo/openmc_data/endfb-vii.1-hdf5/neutron/U234.h5
 Reading U235 from /home/diogo/openmc_data/endfb-vii.1-hdf5/neutron/U235.h5
 Reading U238 from /home/diogo/openmc_data/endfb-vii.1-hdf5/neutron/U238.h5
 Reading Gd152 from /home/diogo/openmc_data/endfb-vii.1-hdf5/neutron/Gd152.h5
 Reading Gd154 from /home/diogo/openmc_data/endfb-vii.1-hdf5/neutron/Gd154.h5
 Reading Gd155 from /home/diogo/openmc_data/endfb-vii.1-hdf5/neutron/Gd155.h5
 Reading Gd156 from /home/diogo/openmc_data/endfb-vii.1-hdf5/neutron/Gd156.h5
 Reading Gd157 from /home/diogo/openmc_data/endfb-vii.1-hdf5/neutron/Gd157.h5
 Reading Gd158 from /home/diogo/openmc_data/endfb-vii.1-hdf5/neutron/Gd158.h5
 Reading Gd160 from /home/diogo/openmc_data/endfb-vii.1-hdf5/neutron/Gd160.h5
 Reading c_H_in_H2O from
 /home/diogo/openmc_data/endfb-vii.1-hdf5/neutron/c_H_in_H2O.h5
 Minimum neutron data temperature: 294 K
 Maximum neutron data temperature: 2500 K
 Reading tallies XML file...
 Preparing distributed cell instances...
 Reading plot XML file...
 Writing summary.h5 file...
[openmc.deplete] t=0.0 s, dt=4327203.051553669 s, source=1491105.972264863
 Reading H3 from /home/diogo/openmc_data/endfb-vii.1-hdf5/neutron/H3.h5
 Reading Li6 from /home/diogo/openmc_data/endfb-vii.1-hdf5/neutron/Li6.h5
 Reading Li7 from /home/diogo/openmc_data/endfb-vii.1-hdf5/neutron/Li7.h5
 Reading Be9 from /home/diogo/openmc_data/endfb-vii.1-hdf5/neutron/Be9.h5
 Reading N14 from /home/diogo/openmc_data/endfb-vii.1-hdf5/neutron/N14.h5
 Reading N15 from /home/diogo/openmc_data/endfb-vii.1-hdf5/neutron/N15.h5
 Reading F19 from /home/diogo/openmc_data/endfb-vii.1-hdf5/neutron/F19.h5
 Reading Na22 from /home/diogo/openmc_data/endfb-vii.1-hdf5/neutron/Na22.h5
 WARNING: Negative value(s) found on probability table for nuclide Na22 at 250K
 WARNING: Negative value(s) found on probability table for nuclide Na22 at 294K
 WARNING: Negative value(s) found on probability table for nuclide Na22 at 600K
 WARNING: Negative value(s) found on probability table for nuclide Na22 at 900K
 WARNING: Negative value(s) found on probability table for nuclide Na22 at 1200K
 WARNING: Negative value(s) found on probability table for nuclide Na22 at 2500K
 Reading Na23 from /home/diogo/openmc_data/endfb-vii.1-hdf5/neutron/Na23.h5
 Reading Mg24 from /home/diogo/openmc_data/endfb-vii.1-hdf5/neutron/Mg24.h5
 Reading Mg25 from /home/diogo/openmc_data/endfb-vii.1-hdf5/neutron/Mg25.h5
 Reading Mg26 from /home/diogo/openmc_data/endfb-vii.1-hdf5/neutron/Mg26.h5
 Reading Al27 from /home/diogo/openmc_data/endfb-vii.1-hdf5/neutron/Al27.h5
 Reading Si28 from /home/diogo/openmc_data/endfb-vii.1-hdf5/neutron/Si28.h5
 Reading Si29 from /home/diogo/openmc_data/endfb-vii.1-hdf5/neutron/Si29.h5
 Reading Si30 from /home/diogo/openmc_data/endfb-vii.1-hdf5/neutron/Si30.h5
 Reading P31 from /home/diogo/openmc_data/endfb-vii.1-hdf5/neutron/P31.h5
 Reading S32 from /home/diogo/openmc_data/endfb-vii.1-hdf5/neutron/S32.h5
 Reading S33 from /home/diogo/openmc_data/endfb-vii.1-hdf5/neutron/S33.h5
 Reading S34 from /home/diogo/openmc_data/endfb-vii.1-hdf5/neutron/S34.h5
 Reading S36 from /home/diogo/openmc_data/endfb-vii.1-hdf5/neutron/S36.h5
 Reading Cl35 from /home/diogo/openmc_data/endfb-vii.1-hdf5/neutron/Cl35.h5
 Reading Cl37 from /home/diogo/openmc_data/endfb-vii.1-hdf5/neutron/Cl37.h5
 Reading Ar36 from /home/diogo/openmc_data/endfb-vii.1-hdf5/neutron/Ar36.h5
 WARNING: Negative value(s) found on probability table for nuclide Ar36 at 250K
 WARNING: Negative value(s) found on probability table for nuclide Ar36 at 294K
 WARNING: Negative value(s) found on probability table for nuclide Ar36 at 600K
 WARNING: Negative value(s) found on probability table for nuclide Ar36 at 900K
 WARNING: Negative value(s) found on probability table for nuclide Ar36 at 1200K
 WARNING: Negative value(s) found on probability table for nuclide Ar36 at 2500K
 Reading Ar38 from /home/diogo/openmc_data/endfb-vii.1-hdf5/neutron/Ar38.h5
 Reading Ar40 from /home/diogo/openmc_data/endfb-vii.1-hdf5/neutron/Ar40.h5
 Reading K39 from /home/diogo/openmc_data/endfb-vii.1-hdf5/neutron/K39.h5
 Reading K40 from /home/diogo/openmc_data/endfb-vii.1-hdf5/neutron/K40.h5
 Reading K41 from /home/diogo/openmc_data/endfb-vii.1-hdf5/neutron/K41.h5
 Reading Ca40 from /home/diogo/openmc_data/endfb-vii.1-hdf5/neutron/Ca40.h5
 Reading Ca42 from /home/diogo/openmc_data/endfb-vii.1-hdf5/neutron/Ca42.h5
 Reading Ca43 from /home/diogo/openmc_data/endfb-vii.1-hdf5/neutron/Ca43.h5
 Reading Ca44 from /home/diogo/openmc_data/endfb-vii.1-hdf5/neutron/Ca44.h5
 Reading Ca46 from /home/diogo/openmc_data/endfb-vii.1-hdf5/neutron/Ca46.h5
 Reading Ca48 from /home/diogo/openmc_data/endfb-vii.1-hdf5/neutron/Ca48.h5
 Reading Sc45 from /home/diogo/openmc_data/endfb-vii.1-hdf5/neutron/Sc45.h5
 Reading Ti46 from /home/diogo/openmc_data/endfb-vii.1-hdf5/neutron/Ti46.h5
 Reading Ti47 from /home/diogo/openmc_data/endfb-vii.1-hdf5/neutron/Ti47.h5
 Reading Ti48 from /home/diogo/openmc_data/endfb-vii.1-hdf5/neutron/Ti48.h5
 Reading Ti49 from /home/diogo/openmc_data/endfb-vii.1-hdf5/neutron/Ti49.h5
 Reading Ti50 from /home/diogo/openmc_data/endfb-vii.1-hdf5/neutron/Ti50.h5
 Reading V50 from /home/diogo/openmc_data/endfb-vii.1-hdf5/neutron/V50.h5
 Reading V51 from /home/diogo/openmc_data/endfb-vii.1-hdf5/neutron/V51.h5
 Reading Mn55 from /home/diogo/openmc_data/endfb-vii.1-hdf5/neutron/Mn55.h5
 Reading Co58 from /home/diogo/openmc_data/endfb-vii.1-hdf5/neutron/Co58.h5
 Reading Co58_m1 from
 /home/diogo/openmc_data/endfb-vii.1-hdf5/neutron/Co58_m1.h5
 Reading Co59 from /home/diogo/openmc_data/endfb-vii.1-hdf5/neutron/Co59.h5
 Reading Ni58 from /home/diogo/openmc_data/endfb-vii.1-hdf5/neutron/Ni58.h5
 Reading Ni59 from /home/diogo/openmc_data/endfb-vii.1-hdf5/neutron/Ni59.h5
 Reading Ni60 from /home/diogo/openmc_data/endfb-vii.1-hdf5/neutron/Ni60.h5
 Reading Ni61 from /home/diogo/openmc_data/endfb-vii.1-hdf5/neutron/Ni61.h5
 Reading Ni62 from /home/diogo/openmc_data/endfb-vii.1-hdf5/neutron/Ni62.h5
 Reading Ni64 from /home/diogo/openmc_data/endfb-vii.1-hdf5/neutron/Ni64.h5
 Reading Cu63 from /home/diogo/openmc_data/endfb-vii.1-hdf5/neutron/Cu63.h5
 Reading Cu65 from /home/diogo/openmc_data/endfb-vii.1-hdf5/neutron/Cu65.h5
 Reading Zn64 from /home/diogo/openmc_data/endfb-vii.1-hdf5/neutron/Zn64.h5
 Reading Zn65 from /home/diogo/openmc_data/endfb-vii.1-hdf5/neutron/Zn65.h5
 Reading Zn66 from /home/diogo/openmc_data/endfb-vii.1-hdf5/neutron/Zn66.h5
 Reading Zn67 from /home/diogo/openmc_data/endfb-vii.1-hdf5/neutron/Zn67.h5
 Reading Zn68 from /home/diogo/openmc_data/endfb-vii.1-hdf5/neutron/Zn68.h5
 Reading Zn70 from /home/diogo/openmc_data/endfb-vii.1-hdf5/neutron/Zn70.h5
 Reading Ga69 from /home/diogo/openmc_data/endfb-vii.1-hdf5/neutron/Ga69.h5
 Reading Ga71 from /home/diogo/openmc_data/endfb-vii.1-hdf5/neutron/Ga71.h5
 Reading Ge70 from /home/diogo/openmc_data/endfb-vii.1-hdf5/neutron/Ge70.h5
 Reading Ge72 from /home/diogo/openmc_data/endfb-vii.1-hdf5/neutron/Ge72.h5
 Reading Ge73 from /home/diogo/openmc_data/endfb-vii.1-hdf5/neutron/Ge73.h5
 Reading Ge74 from /home/diogo/openmc_data/endfb-vii.1-hdf5/neutron/Ge74.h5
 Reading Ge76 from /home/diogo/openmc_data/endfb-vii.1-hdf5/neutron/Ge76.h5
 Reading As74 from /home/diogo/openmc_data/endfb-vii.1-hdf5/neutron/As74.h5
 Reading As75 from /home/diogo/openmc_data/endfb-vii.1-hdf5/neutron/As75.h5
 Reading Se74 from /home/diogo/openmc_data/endfb-vii.1-hdf5/neutron/Se74.h5
 Reading Se76 from /home/diogo/openmc_data/endfb-vii.1-hdf5/neutron/Se76.h5
 Reading Se77 from /home/diogo/openmc_data/endfb-vii.1-hdf5/neutron/Se77.h5
 Reading Se78 from /home/diogo/openmc_data/endfb-vii.1-hdf5/neutron/Se78.h5
 Reading Se79 from /home/diogo/openmc_data/endfb-vii.1-hdf5/neutron/Se79.h5
 WARNING: Negative value(s) found on probability table for nuclide Se79 at 250K
 WARNING: Negative value(s) found on probability table for nuclide Se79 at 294K
 WARNING: Negative value(s) found on probability table for nuclide Se79 at 600K
 WARNING: Negative value(s) found on probability table for nuclide Se79 at 900K
 WARNING: Negative value(s) found on probability table for nuclide Se79 at 1200K
 Reading Se80 from /home/diogo/openmc_data/endfb-vii.1-hdf5/neutron/Se80.h5
 Reading Se82 from /home/diogo/openmc_data/endfb-vii.1-hdf5/neutron/Se82.h5
 Reading Br79 from /home/diogo/openmc_data/endfb-vii.1-hdf5/neutron/Br79.h5
 Reading Br81 from /home/diogo/openmc_data/endfb-vii.1-hdf5/neutron/Br81.h5
 Reading Kr78 from /home/diogo/openmc_data/endfb-vii.1-hdf5/neutron/Kr78.h5
 Reading Kr80 from /home/diogo/openmc_data/endfb-vii.1-hdf5/neutron/Kr80.h5
 Reading Kr82 from /home/diogo/openmc_data/endfb-vii.1-hdf5/neutron/Kr82.h5
 Reading Kr83 from /home/diogo/openmc_data/endfb-vii.1-hdf5/neutron/Kr83.h5
 Reading Kr84 from /home/diogo/openmc_data/endfb-vii.1-hdf5/neutron/Kr84.h5
 Reading Kr85 from /home/diogo/openmc_data/endfb-vii.1-hdf5/neutron/Kr85.h5
 Reading Kr86 from /home/diogo/openmc_data/endfb-vii.1-hdf5/neutron/Kr86.h5
 Reading Rb85 from /home/diogo/openmc_data/endfb-vii.1-hdf5/neutron/Rb85.h5
 Reading Rb86 from /home/diogo/openmc_data/endfb-vii.1-hdf5/neutron/Rb86.h5
 Reading Rb87 from /home/diogo/openmc_data/endfb-vii.1-hdf5/neutron/Rb87.h5
 Reading Sr84 from /home/diogo/openmc_data/endfb-vii.1-hdf5/neutron/Sr84.h5
 Reading Sr86 from /home/diogo/openmc_data/endfb-vii.1-hdf5/neutron/Sr86.h5
 Reading Sr87 from /home/diogo/openmc_data/endfb-vii.1-hdf5/neutron/Sr87.h5
 Reading Sr88 from /home/diogo/openmc_data/endfb-vii.1-hdf5/neutron/Sr88.h5
 Reading Sr89 from /home/diogo/openmc_data/endfb-vii.1-hdf5/neutron/Sr89.h5
 Reading Sr90 from /home/diogo/openmc_data/endfb-vii.1-hdf5/neutron/Sr90.h5
 Reading Y89 from /home/diogo/openmc_data/endfb-vii.1-hdf5/neutron/Y89.h5
 Reading Y90 from /home/diogo/openmc_data/endfb-vii.1-hdf5/neutron/Y90.h5
 Reading Y91 from /home/diogo/openmc_data/endfb-vii.1-hdf5/neutron/Y91.h5
 Reading Zr93 from /home/diogo/openmc_data/endfb-vii.1-hdf5/neutron/Zr93.h5
 Reading Zr95 from /home/diogo/openmc_data/endfb-vii.1-hdf5/neutron/Zr95.h5
 Reading Nb93 from /home/diogo/openmc_data/endfb-vii.1-hdf5/neutron/Nb93.h5
 Reading Nb94 from /home/diogo/openmc_data/endfb-vii.1-hdf5/neutron/Nb94.h5
 WARNING: Negative value(s) found on probability table for nuclide Nb94 at 250K
 WARNING: Negative value(s) found on probability table for nuclide Nb94 at 294K
 WARNING: Negative value(s) found on probability table for nuclide Nb94 at 600K
 WARNING: Negative value(s) found on probability table for nuclide Nb94 at 900K
 WARNING: Negative value(s) found on probability table for nuclide Nb94 at 1200K
 WARNING: Negative value(s) found on probability table for nuclide Nb94 at 2500K
 Reading Nb95 from /home/diogo/openmc_data/endfb-vii.1-hdf5/neutron/Nb95.h5
 WARNING: Negative value(s) found on probability table for nuclide Nb95 at 250K
 WARNING: Negative value(s) found on probability table for nuclide Nb95 at 294K
 WARNING: Negative value(s) found on probability table for nuclide Nb95 at 600K
 WARNING: Negative value(s) found on probability table for nuclide Nb95 at 900K
 WARNING: Negative value(s) found on probability table for nuclide Nb95 at 1200K
 Reading Mo92 from /home/diogo/openmc_data/endfb-vii.1-hdf5/neutron/Mo92.h5
 Reading Mo94 from /home/diogo/openmc_data/endfb-vii.1-hdf5/neutron/Mo94.h5
 Reading Mo95 from /home/diogo/openmc_data/endfb-vii.1-hdf5/neutron/Mo95.h5
 Reading Mo96 from /home/diogo/openmc_data/endfb-vii.1-hdf5/neutron/Mo96.h5
 Reading Mo97 from /home/diogo/openmc_data/endfb-vii.1-hdf5/neutron/Mo97.h5
 Reading Mo98 from /home/diogo/openmc_data/endfb-vii.1-hdf5/neutron/Mo98.h5
 Reading Mo99 from /home/diogo/openmc_data/endfb-vii.1-hdf5/neutron/Mo99.h5
 WARNING: Negative value(s) found on probability table for nuclide Mo99 at 250K
 WARNING: Negative value(s) found on probability table for nuclide Mo99 at 294K
 WARNING: Negative value(s) found on probability table for nuclide Mo99 at 600K
 WARNING: Negative value(s) found on probability table for nuclide Mo99 at 900K
 WARNING: Negative value(s) found on probability table for nuclide Mo99 at 1200K
 WARNING: Negative value(s) found on probability table for nuclide Mo99 at 2500K
 Reading Mo100 from /home/diogo/openmc_data/endfb-vii.1-hdf5/neutron/Mo100.h5
 Reading Tc99 from /home/diogo/openmc_data/endfb-vii.1-hdf5/neutron/Tc99.h5
 Reading Ru96 from /home/diogo/openmc_data/endfb-vii.1-hdf5/neutron/Ru96.h5
 Reading Ru98 from /home/diogo/openmc_data/endfb-vii.1-hdf5/neutron/Ru98.h5
 Reading Ru99 from /home/diogo/openmc_data/endfb-vii.1-hdf5/neutron/Ru99.h5
 Reading Ru100 from /home/diogo/openmc_data/endfb-vii.1-hdf5/neutron/Ru100.h5
 Reading Ru101 from /home/diogo/openmc_data/endfb-vii.1-hdf5/neutron/Ru101.h5
 Reading Ru102 from /home/diogo/openmc_data/endfb-vii.1-hdf5/neutron/Ru102.h5
 Reading Ru103 from /home/diogo/openmc_data/endfb-vii.1-hdf5/neutron/Ru103.h5
 Reading Ru104 from /home/diogo/openmc_data/endfb-vii.1-hdf5/neutron/Ru104.h5
 Reading Ru105 from /home/diogo/openmc_data/endfb-vii.1-hdf5/neutron/Ru105.h5
 Reading Ru106 from /home/diogo/openmc_data/endfb-vii.1-hdf5/neutron/Ru106.h5
 Reading Rh103 from /home/diogo/openmc_data/endfb-vii.1-hdf5/neutron/Rh103.h5
 Reading Rh105 from /home/diogo/openmc_data/endfb-vii.1-hdf5/neutron/Rh105.h5
 Reading Pd102 from /home/diogo/openmc_data/endfb-vii.1-hdf5/neutron/Pd102.h5
 Reading Pd104 from /home/diogo/openmc_data/endfb-vii.1-hdf5/neutron/Pd104.h5
 Reading Pd105 from /home/diogo/openmc_data/endfb-vii.1-hdf5/neutron/Pd105.h5
 Reading Pd106 from /home/diogo/openmc_data/endfb-vii.1-hdf5/neutron/Pd106.h5
 Reading Pd107 from /home/diogo/openmc_data/endfb-vii.1-hdf5/neutron/Pd107.h5
 Reading Pd108 from /home/diogo/openmc_data/endfb-vii.1-hdf5/neutron/Pd108.h5
 Reading Pd110 from /home/diogo/openmc_data/endfb-vii.1-hdf5/neutron/Pd110.h5
 Reading Ag107 from /home/diogo/openmc_data/endfb-vii.1-hdf5/neutron/Ag107.h5
 Reading Ag109 from /home/diogo/openmc_data/endfb-vii.1-hdf5/neutron/Ag109.h5
 Reading Ag110_m1 from
 /home/diogo/openmc_data/endfb-vii.1-hdf5/neutron/Ag110_m1.h5
 Reading Ag111 from /home/diogo/openmc_data/endfb-vii.1-hdf5/neutron/Ag111.h5
 Reading Cd106 from /home/diogo/openmc_data/endfb-vii.1-hdf5/neutron/Cd106.h5
 WARNING: Negative value(s) found on probability table for nuclide Cd106 at 250K
 WARNING: Negative value(s) found on probability table for nuclide Cd106 at 294K
 WARNING: Negative value(s) found on probability table for nuclide Cd106 at 600K
 WARNING: Negative value(s) found on probability table for nuclide Cd106 at 900K
 WARNING: Negative value(s) found on probability table for nuclide Cd106 at
          1200K
 WARNING: Negative value(s) found on probability table for nuclide Cd106 at
          2500K
 Reading Cd108 from /home/diogo/openmc_data/endfb-vii.1-hdf5/neutron/Cd108.h5
 Reading Cd110 from /home/diogo/openmc_data/endfb-vii.1-hdf5/neutron/Cd110.h5
 Reading Cd111 from /home/diogo/openmc_data/endfb-vii.1-hdf5/neutron/Cd111.h5
 Reading Cd112 from /home/diogo/openmc_data/endfb-vii.1-hdf5/neutron/Cd112.h5
 Reading Cd113 from /home/diogo/openmc_data/endfb-vii.1-hdf5/neutron/Cd113.h5
 Reading Cd114 from /home/diogo/openmc_data/endfb-vii.1-hdf5/neutron/Cd114.h5
 Reading Cd115_m1 from
 /home/diogo/openmc_data/endfb-vii.1-hdf5/neutron/Cd115_m1.h5
 Reading Cd116 from /home/diogo/openmc_data/endfb-vii.1-hdf5/neutron/Cd116.h5
 Reading In113 from /home/diogo/openmc_data/endfb-vii.1-hdf5/neutron/In113.h5
 Reading In115 from /home/diogo/openmc_data/endfb-vii.1-hdf5/neutron/In115.h5
 Reading Sn113 from /home/diogo/openmc_data/endfb-vii.1-hdf5/neutron/Sn113.h5
 Reading Sn123 from /home/diogo/openmc_data/endfb-vii.1-hdf5/neutron/Sn123.h5
 WARNING: Negative value(s) found on probability table for nuclide Sn123 at 250K
 WARNING: Negative value(s) found on probability table for nuclide Sn123 at 294K
 WARNING: Negative value(s) found on probability table for nuclide Sn123 at 600K
 WARNING: Negative value(s) found on probability table for nuclide Sn123 at 900K
 WARNING: Negative value(s) found on probability table for nuclide Sn123 at
          1200K
 WARNING: Negative value(s) found on probability table for nuclide Sn123 at
          2500K
 Reading Sn125 from /home/diogo/openmc_data/endfb-vii.1-hdf5/neutron/Sn125.h5
 Reading Sn126 from /home/diogo/openmc_data/endfb-vii.1-hdf5/neutron/Sn126.h5
 Reading Sb121 from /home/diogo/openmc_data/endfb-vii.1-hdf5/neutron/Sb121.h5
 Reading Sb123 from /home/diogo/openmc_data/endfb-vii.1-hdf5/neutron/Sb123.h5
 Reading Sb124 from /home/diogo/openmc_data/endfb-vii.1-hdf5/neutron/Sb124.h5
 Reading Sb125 from /home/diogo/openmc_data/endfb-vii.1-hdf5/neutron/Sb125.h5
 Reading Sb126 from /home/diogo/openmc_data/endfb-vii.1-hdf5/neutron/Sb126.h5
 Reading Te120 from /home/diogo/openmc_data/endfb-vii.1-hdf5/neutron/Te120.h5
 WARNING: Negative value(s) found on probability table for nuclide Te120 at 600K
 WARNING: Negative value(s) found on probability table for nuclide Te120 at 900K
 WARNING: Negative value(s) found on probability table for nuclide Te120 at
          1200K
 WARNING: Negative value(s) found on probability table for nuclide Te120 at
          2500K
 Reading Te122 from /home/diogo/openmc_data/endfb-vii.1-hdf5/neutron/Te122.h5
 Reading Te123 from /home/diogo/openmc_data/endfb-vii.1-hdf5/neutron/Te123.h5
 Reading Te124 from /home/diogo/openmc_data/endfb-vii.1-hdf5/neutron/Te124.h5
 Reading Te125 from /home/diogo/openmc_data/endfb-vii.1-hdf5/neutron/Te125.h5
 Reading Te126 from /home/diogo/openmc_data/endfb-vii.1-hdf5/neutron/Te126.h5
 Reading Te127_m1 from
 /home/diogo/openmc_data/endfb-vii.1-hdf5/neutron/Te127_m1.h5
 Reading Te128 from /home/diogo/openmc_data/endfb-vii.1-hdf5/neutron/Te128.h5
 Reading Te129_m1 from
 /home/diogo/openmc_data/endfb-vii.1-hdf5/neutron/Te129_m1.h5
 Reading Te130 from /home/diogo/openmc_data/endfb-vii.1-hdf5/neutron/Te130.h5
 Reading Te132 from /home/diogo/openmc_data/endfb-vii.1-hdf5/neutron/Te132.h5
 Reading I127 from /home/diogo/openmc_data/endfb-vii.1-hdf5/neutron/I127.h5
 Reading I129 from /home/diogo/openmc_data/endfb-vii.1-hdf5/neutron/I129.h5
 Reading I130 from /home/diogo/openmc_data/endfb-vii.1-hdf5/neutron/I130.h5
 Reading I131 from /home/diogo/openmc_data/endfb-vii.1-hdf5/neutron/I131.h5
 WARNING: Negative value(s) found on probability table for nuclide I131 at 250K
 WARNING: Negative value(s) found on probability table for nuclide I131 at 294K
 WARNING: Negative value(s) found on probability table for nuclide I131 at 600K
 WARNING: Negative value(s) found on probability table for nuclide I131 at 900K
 WARNING: Negative value(s) found on probability table for nuclide I131 at 1200K
 WARNING: Negative value(s) found on probability table for nuclide I131 at 2500K
 Reading I135 from /home/diogo/openmc_data/endfb-vii.1-hdf5/neutron/I135.h5
 Reading Xe123 from /home/diogo/openmc_data/endfb-vii.1-hdf5/neutron/Xe123.h5
 Reading Xe124 from /home/diogo/openmc_data/endfb-vii.1-hdf5/neutron/Xe124.h5
 Reading Xe126 from /home/diogo/openmc_data/endfb-vii.1-hdf5/neutron/Xe126.h5
 Reading Xe128 from /home/diogo/openmc_data/endfb-vii.1-hdf5/neutron/Xe128.h5
 Reading Xe129 from /home/diogo/openmc_data/endfb-vii.1-hdf5/neutron/Xe129.h5
 Reading Xe130 from /home/diogo/openmc_data/endfb-vii.1-hdf5/neutron/Xe130.h5
 Reading Xe131 from /home/diogo/openmc_data/endfb-vii.1-hdf5/neutron/Xe131.h5
 Reading Xe132 from /home/diogo/openmc_data/endfb-vii.1-hdf5/neutron/Xe132.h5
 Reading Xe133 from /home/diogo/openmc_data/endfb-vii.1-hdf5/neutron/Xe133.h5
 WARNING: Negative value(s) found on probability table for nuclide Xe133 at
          2500K
 Reading Xe134 from /home/diogo/openmc_data/endfb-vii.1-hdf5/neutron/Xe134.h5
 Reading Xe135 from /home/diogo/openmc_data/endfb-vii.1-hdf5/neutron/Xe135.h5
 Reading Xe136 from /home/diogo/openmc_data/endfb-vii.1-hdf5/neutron/Xe136.h5
 Reading Cs133 from /home/diogo/openmc_data/endfb-vii.1-hdf5/neutron/Cs133.h5
 Reading Cs134 from /home/diogo/openmc_data/endfb-vii.1-hdf5/neutron/Cs134.h5
 Reading Cs135 from /home/diogo/openmc_data/endfb-vii.1-hdf5/neutron/Cs135.h5
 Reading Cs136 from /home/diogo/openmc_data/endfb-vii.1-hdf5/neutron/Cs136.h5
 WARNING: Negative value(s) found on probability table for nuclide Cs136 at 250K
 WARNING: Negative value(s) found on probability table for nuclide Cs136 at 294K
 WARNING: Negative value(s) found on probability table for nuclide Cs136 at 600K
 WARNING: Negative value(s) found on probability table for nuclide Cs136 at 900K
 WARNING: Negative value(s) found on probability table for nuclide Cs136 at
          1200K
 WARNING: Negative value(s) found on probability table for nuclide Cs136 at
          2500K
 Reading Cs137 from /home/diogo/openmc_data/endfb-vii.1-hdf5/neutron/Cs137.h5
 Reading Ba130 from /home/diogo/openmc_data/endfb-vii.1-hdf5/neutron/Ba130.h5
 Reading Ba132 from /home/diogo/openmc_data/endfb-vii.1-hdf5/neutron/Ba132.h5
 Reading Ba133 from /home/diogo/openmc_data/endfb-vii.1-hdf5/neutron/Ba133.h5
 Reading Ba134 from /home/diogo/openmc_data/endfb-vii.1-hdf5/neutron/Ba134.h5
 Reading Ba135 from /home/diogo/openmc_data/endfb-vii.1-hdf5/neutron/Ba135.h5
 Reading Ba136 from /home/diogo/openmc_data/endfb-vii.1-hdf5/neutron/Ba136.h5
 Reading Ba137 from /home/diogo/openmc_data/endfb-vii.1-hdf5/neutron/Ba137.h5
 Reading Ba138 from /home/diogo/openmc_data/endfb-vii.1-hdf5/neutron/Ba138.h5
 Reading Ba140 from /home/diogo/openmc_data/endfb-vii.1-hdf5/neutron/Ba140.h5
 Reading La138 from /home/diogo/openmc_data/endfb-vii.1-hdf5/neutron/La138.h5
 Reading La139 from /home/diogo/openmc_data/endfb-vii.1-hdf5/neutron/La139.h5
 Reading La140 from /home/diogo/openmc_data/endfb-vii.1-hdf5/neutron/La140.h5
 Reading Ce136 from /home/diogo/openmc_data/endfb-vii.1-hdf5/neutron/Ce136.h5
 Reading Ce138 from /home/diogo/openmc_data/endfb-vii.1-hdf5/neutron/Ce138.h5
 Reading Ce139 from /home/diogo/openmc_data/endfb-vii.1-hdf5/neutron/Ce139.h5
 Reading Ce140 from /home/diogo/openmc_data/endfb-vii.1-hdf5/neutron/Ce140.h5
 Reading Ce141 from /home/diogo/openmc_data/endfb-vii.1-hdf5/neutron/Ce141.h5
 Reading Ce142 from /home/diogo/openmc_data/endfb-vii.1-hdf5/neutron/Ce142.h5
 Reading Ce143 from /home/diogo/openmc_data/endfb-vii.1-hdf5/neutron/Ce143.h5
 Reading Ce144 from /home/diogo/openmc_data/endfb-vii.1-hdf5/neutron/Ce144.h5
 Reading Pr141 from /home/diogo/openmc_data/endfb-vii.1-hdf5/neutron/Pr141.h5
 Reading Pr142 from /home/diogo/openmc_data/endfb-vii.1-hdf5/neutron/Pr142.h5
 Reading Pr143 from /home/diogo/openmc_data/endfb-vii.1-hdf5/neutron/Pr143.h5
 Reading Nd142 from /home/diogo/openmc_data/endfb-vii.1-hdf5/neutron/Nd142.h5
 Reading Nd143 from /home/diogo/openmc_data/endfb-vii.1-hdf5/neutron/Nd143.h5
 Reading Nd144 from /home/diogo/openmc_data/endfb-vii.1-hdf5/neutron/Nd144.h5
 Reading Nd145 from /home/diogo/openmc_data/endfb-vii.1-hdf5/neutron/Nd145.h5
 Reading Nd146 from /home/diogo/openmc_data/endfb-vii.1-hdf5/neutron/Nd146.h5
 Reading Nd147 from /home/diogo/openmc_data/endfb-vii.1-hdf5/neutron/Nd147.h5
 Reading Nd148 from /home/diogo/openmc_data/endfb-vii.1-hdf5/neutron/Nd148.h5
 Reading Nd150 from /home/diogo/openmc_data/endfb-vii.1-hdf5/neutron/Nd150.h5
 Reading Pm147 from /home/diogo/openmc_data/endfb-vii.1-hdf5/neutron/Pm147.h5
 Reading Pm148 from /home/diogo/openmc_data/endfb-vii.1-hdf5/neutron/Pm148.h5
 Reading Pm148_m1 from
 /home/diogo/openmc_data/endfb-vii.1-hdf5/neutron/Pm148_m1.h5
 Reading Pm149 from /home/diogo/openmc_data/endfb-vii.1-hdf5/neutron/Pm149.h5
 Reading Pm151 from /home/diogo/openmc_data/endfb-vii.1-hdf5/neutron/Pm151.h5
 Reading Sm144 from /home/diogo/openmc_data/endfb-vii.1-hdf5/neutron/Sm144.h5
 Reading Sm147 from /home/diogo/openmc_data/endfb-vii.1-hdf5/neutron/Sm147.h5
 Reading Sm148 from /home/diogo/openmc_data/endfb-vii.1-hdf5/neutron/Sm148.h5
 Reading Sm149 from /home/diogo/openmc_data/endfb-vii.1-hdf5/neutron/Sm149.h5
 Reading Sm150 from /home/diogo/openmc_data/endfb-vii.1-hdf5/neutron/Sm150.h5
 Reading Sm151 from /home/diogo/openmc_data/endfb-vii.1-hdf5/neutron/Sm151.h5
 Reading Sm152 from /home/diogo/openmc_data/endfb-vii.1-hdf5/neutron/Sm152.h5
 Reading Sm153 from /home/diogo/openmc_data/endfb-vii.1-hdf5/neutron/Sm153.h5
 Reading Sm154 from /home/diogo/openmc_data/endfb-vii.1-hdf5/neutron/Sm154.h5
 Reading Eu151 from /home/diogo/openmc_data/endfb-vii.1-hdf5/neutron/Eu151.h5
 Reading Eu152 from /home/diogo/openmc_data/endfb-vii.1-hdf5/neutron/Eu152.h5
 Reading Eu153 from /home/diogo/openmc_data/endfb-vii.1-hdf5/neutron/Eu153.h5
 Reading Eu154 from /home/diogo/openmc_data/endfb-vii.1-hdf5/neutron/Eu154.h5
 Reading Eu155 from /home/diogo/openmc_data/endfb-vii.1-hdf5/neutron/Eu155.h5
 Reading Eu156 from /home/diogo/openmc_data/endfb-vii.1-hdf5/neutron/Eu156.h5
 WARNING: Negative value(s) found on probability table for nuclide Eu156 at 250K
 WARNING: Negative value(s) found on probability table for nuclide Eu156 at 294K
 WARNING: Negative value(s) found on probability table for nuclide Eu156 at 600K
 WARNING: Negative value(s) found on probability table for nuclide Eu156 at 900K
 WARNING: Negative value(s) found on probability table for nuclide Eu156 at
          1200K
 WARNING: Negative value(s) found on probability table for nuclide Eu156 at
          2500K
 Reading Eu157 from /home/diogo/openmc_data/endfb-vii.1-hdf5/neutron/Eu157.h5
 Reading Gd153 from /home/diogo/openmc_data/endfb-vii.1-hdf5/neutron/Gd153.h5
 Reading Tb159 from /home/diogo/openmc_data/endfb-vii.1-hdf5/neutron/Tb159.h5
 Reading Tb160 from /home/diogo/openmc_data/endfb-vii.1-hdf5/neutron/Tb160.h5
 Reading Dy156 from /home/diogo/openmc_data/endfb-vii.1-hdf5/neutron/Dy156.h5
 Reading Dy158 from /home/diogo/openmc_data/endfb-vii.1-hdf5/neutron/Dy158.h5
 Reading Dy160 from /home/diogo/openmc_data/endfb-vii.1-hdf5/neutron/Dy160.h5
 Reading Dy161 from /home/diogo/openmc_data/endfb-vii.1-hdf5/neutron/Dy161.h5
 Reading Dy162 from /home/diogo/openmc_data/endfb-vii.1-hdf5/neutron/Dy162.h5
 Reading Dy163 from /home/diogo/openmc_data/endfb-vii.1-hdf5/neutron/Dy163.h5
 Reading Dy164 from /home/diogo/openmc_data/endfb-vii.1-hdf5/neutron/Dy164.h5
 Reading Ho165 from /home/diogo/openmc_data/endfb-vii.1-hdf5/neutron/Ho165.h5
 Reading Ho166_m1 from
 /home/diogo/openmc_data/endfb-vii.1-hdf5/neutron/Ho166_m1.h5
 Reading Er162 from /home/diogo/openmc_data/endfb-vii.1-hdf5/neutron/Er162.h5
 Reading Er164 from /home/diogo/openmc_data/endfb-vii.1-hdf5/neutron/Er164.h5
 Reading Er166 from /home/diogo/openmc_data/endfb-vii.1-hdf5/neutron/Er166.h5
 Reading Er167 from /home/diogo/openmc_data/endfb-vii.1-hdf5/neutron/Er167.h5
 Reading Er168 from /home/diogo/openmc_data/endfb-vii.1-hdf5/neutron/Er168.h5
 Reading Er170 from /home/diogo/openmc_data/endfb-vii.1-hdf5/neutron/Er170.h5
 Reading Tm168 from /home/diogo/openmc_data/endfb-vii.1-hdf5/neutron/Tm168.h5
 Reading Tm169 from /home/diogo/openmc_data/endfb-vii.1-hdf5/neutron/Tm169.h5
 Reading Tm170 from /home/diogo/openmc_data/endfb-vii.1-hdf5/neutron/Tm170.h5
 Reading Lu175 from /home/diogo/openmc_data/endfb-vii.1-hdf5/neutron/Lu175.h5
 Reading Lu176 from /home/diogo/openmc_data/endfb-vii.1-hdf5/neutron/Lu176.h5
 Reading Hf174 from /home/diogo/openmc_data/endfb-vii.1-hdf5/neutron/Hf174.h5
 Reading Hf176 from /home/diogo/openmc_data/endfb-vii.1-hdf5/neutron/Hf176.h5
 Reading Hf177 from /home/diogo/openmc_data/endfb-vii.1-hdf5/neutron/Hf177.h5
 Reading Hf178 from /home/diogo/openmc_data/endfb-vii.1-hdf5/neutron/Hf178.h5
 Reading Hf179 from /home/diogo/openmc_data/endfb-vii.1-hdf5/neutron/Hf179.h5
 Reading Hf180 from /home/diogo/openmc_data/endfb-vii.1-hdf5/neutron/Hf180.h5
 Reading Ta180 from /home/diogo/openmc_data/endfb-vii.1-hdf5/neutron/Ta180.h5
 Reading Ta181 from /home/diogo/openmc_data/endfb-vii.1-hdf5/neutron/Ta181.h5
 Reading Ta182 from /home/diogo/openmc_data/endfb-vii.1-hdf5/neutron/Ta182.h5
 Reading W180 from /home/diogo/openmc_data/endfb-vii.1-hdf5/neutron/W180.h5
 Reading W182 from /home/diogo/openmc_data/endfb-vii.1-hdf5/neutron/W182.h5
 Reading W183 from /home/diogo/openmc_data/endfb-vii.1-hdf5/neutron/W183.h5
 Reading W184 from /home/diogo/openmc_data/endfb-vii.1-hdf5/neutron/W184.h5
 Reading W186 from /home/diogo/openmc_data/endfb-vii.1-hdf5/neutron/W186.h5
 Reading Re185 from /home/diogo/openmc_data/endfb-vii.1-hdf5/neutron/Re185.h5
 Reading Re187 from /home/diogo/openmc_data/endfb-vii.1-hdf5/neutron/Re187.h5
 Reading Ir191 from /home/diogo/openmc_data/endfb-vii.1-hdf5/neutron/Ir191.h5
 Reading Ir193 from /home/diogo/openmc_data/endfb-vii.1-hdf5/neutron/Ir193.h5
 Reading Au197 from /home/diogo/openmc_data/endfb-vii.1-hdf5/neutron/Au197.h5
 Reading Hg196 from /home/diogo/openmc_data/endfb-vii.1-hdf5/neutron/Hg196.h5
 Reading Hg198 from /home/diogo/openmc_data/endfb-vii.1-hdf5/neutron/Hg198.h5
 Reading Hg199 from /home/diogo/openmc_data/endfb-vii.1-hdf5/neutron/Hg199.h5
 Reading Hg200 from /home/diogo/openmc_data/endfb-vii.1-hdf5/neutron/Hg200.h5
 Reading Hg201 from /home/diogo/openmc_data/endfb-vii.1-hdf5/neutron/Hg201.h5
 Reading Hg202 from /home/diogo/openmc_data/endfb-vii.1-hdf5/neutron/Hg202.h5
 Reading Hg204 from /home/diogo/openmc_data/endfb-vii.1-hdf5/neutron/Hg204.h5
 Reading Tl203 from /home/diogo/openmc_data/endfb-vii.1-hdf5/neutron/Tl203.h5
 Reading Tl205 from /home/diogo/openmc_data/endfb-vii.1-hdf5/neutron/Tl205.h5
 Reading Pb204 from /home/diogo/openmc_data/endfb-vii.1-hdf5/neutron/Pb204.h5
 Reading Pb206 from /home/diogo/openmc_data/endfb-vii.1-hdf5/neutron/Pb206.h5
 Reading Pb207 from /home/diogo/openmc_data/endfb-vii.1-hdf5/neutron/Pb207.h5
 Reading Pb208 from /home/diogo/openmc_data/endfb-vii.1-hdf5/neutron/Pb208.h5
 Reading Bi209 from /home/diogo/openmc_data/endfb-vii.1-hdf5/neutron/Bi209.h5
 Reading Ra223 from /home/diogo/openmc_data/endfb-vii.1-hdf5/neutron/Ra223.h5
 Reading Ra224 from /home/diogo/openmc_data/endfb-vii.1-hdf5/neutron/Ra224.h5
 Reading Ra225 from /home/diogo/openmc_data/endfb-vii.1-hdf5/neutron/Ra225.h5
 Reading Ra226 from /home/diogo/openmc_data/endfb-vii.1-hdf5/neutron/Ra226.h5
 Reading Ac225 from /home/diogo/openmc_data/endfb-vii.1-hdf5/neutron/Ac225.h5
 Reading Ac226 from /home/diogo/openmc_data/endfb-vii.1-hdf5/neutron/Ac226.h5
 Reading Ac227 from /home/diogo/openmc_data/endfb-vii.1-hdf5/neutron/Ac227.h5
 Reading Th227 from /home/diogo/openmc_data/endfb-vii.1-hdf5/neutron/Th227.h5
 Reading Th228 from /home/diogo/openmc_data/endfb-vii.1-hdf5/neutron/Th228.h5
 Reading Th229 from /home/diogo/openmc_data/endfb-vii.1-hdf5/neutron/Th229.h5
 Reading Th230 from /home/diogo/openmc_data/endfb-vii.1-hdf5/neutron/Th230.h5
 Reading Th231 from /home/diogo/openmc_data/endfb-vii.1-hdf5/neutron/Th231.h5
 Reading Th232 from /home/diogo/openmc_data/endfb-vii.1-hdf5/neutron/Th232.h5
 Reading Th233 from /home/diogo/openmc_data/endfb-vii.1-hdf5/neutron/Th233.h5
 Reading Th234 from /home/diogo/openmc_data/endfb-vii.1-hdf5/neutron/Th234.h5
 Reading Pa229 from /home/diogo/openmc_data/endfb-vii.1-hdf5/neutron/Pa229.h5
 Reading Pa230 from /home/diogo/openmc_data/endfb-vii.1-hdf5/neutron/Pa230.h5
 Reading Pa231 from /home/diogo/openmc_data/endfb-vii.1-hdf5/neutron/Pa231.h5
 Reading Pa232 from /home/diogo/openmc_data/endfb-vii.1-hdf5/neutron/Pa232.h5
 Reading Pa233 from /home/diogo/openmc_data/endfb-vii.1-hdf5/neutron/Pa233.h5
 Reading U230 from /home/diogo/openmc_data/endfb-vii.1-hdf5/neutron/U230.h5
 Reading U231 from /home/diogo/openmc_data/endfb-vii.1-hdf5/neutron/U231.h5
 Reading U232 from /home/diogo/openmc_data/endfb-vii.1-hdf5/neutron/U232.h5
 Reading U233 from /home/diogo/openmc_data/endfb-vii.1-hdf5/neutron/U233.h5
 Reading U236 from /home/diogo/openmc_data/endfb-vii.1-hdf5/neutron/U236.h5
 Reading U237 from /home/diogo/openmc_data/endfb-vii.1-hdf5/neutron/U237.h5
 Reading U239 from /home/diogo/openmc_data/endfb-vii.1-hdf5/neutron/U239.h5
 Reading U240 from /home/diogo/openmc_data/endfb-vii.1-hdf5/neutron/U240.h5
 Reading U241 from /home/diogo/openmc_data/endfb-vii.1-hdf5/neutron/U241.h5
 Reading Np234 from /home/diogo/openmc_data/endfb-vii.1-hdf5/neutron/Np234.h5
 Reading Np235 from /home/diogo/openmc_data/endfb-vii.1-hdf5/neutron/Np235.h5
 Reading Np236 from /home/diogo/openmc_data/endfb-vii.1-hdf5/neutron/Np236.h5
 Reading Np237 from /home/diogo/openmc_data/endfb-vii.1-hdf5/neutron/Np237.h5
 Reading Np238 from /home/diogo/openmc_data/endfb-vii.1-hdf5/neutron/Np238.h5
 Reading Np239 from /home/diogo/openmc_data/endfb-vii.1-hdf5/neutron/Np239.h5
 Reading Pu236 from /home/diogo/openmc_data/endfb-vii.1-hdf5/neutron/Pu236.h5
 Reading Pu237 from /home/diogo/openmc_data/endfb-vii.1-hdf5/neutron/Pu237.h5
 Reading Pu238 from /home/diogo/openmc_data/endfb-vii.1-hdf5/neutron/Pu238.h5
 Reading Pu239 from /home/diogo/openmc_data/endfb-vii.1-hdf5/neutron/Pu239.h5
 Reading Pu240 from /home/diogo/openmc_data/endfb-vii.1-hdf5/neutron/Pu240.h5
 Reading Pu241 from /home/diogo/openmc_data/endfb-vii.1-hdf5/neutron/Pu241.h5
 Reading Pu242 from /home/diogo/openmc_data/endfb-vii.1-hdf5/neutron/Pu242.h5
 Reading Pu243 from /home/diogo/openmc_data/endfb-vii.1-hdf5/neutron/Pu243.h5
 Reading Pu244 from /home/diogo/openmc_data/endfb-vii.1-hdf5/neutron/Pu244.h5
 Reading Pu246 from /home/diogo/openmc_data/endfb-vii.1-hdf5/neutron/Pu246.h5
 Reading Am240 from /home/diogo/openmc_data/endfb-vii.1-hdf5/neutron/Am240.h5
 Reading Am241 from /home/diogo/openmc_data/endfb-vii.1-hdf5/neutron/Am241.h5
 Reading Am242 from /home/diogo/openmc_data/endfb-vii.1-hdf5/neutron/Am242.h5
 Reading Am242_m1 from
 /home/diogo/openmc_data/endfb-vii.1-hdf5/neutron/Am242_m1.h5
 Reading Am243 from /home/diogo/openmc_data/endfb-vii.1-hdf5/neutron/Am243.h5
 Reading Am244 from /home/diogo/openmc_data/endfb-vii.1-hdf5/neutron/Am244.h5
 Reading Am244_m1 from
 /home/diogo/openmc_data/endfb-vii.1-hdf5/neutron/Am244_m1.h5
 Reading Cm240 from /home/diogo/openmc_data/endfb-vii.1-hdf5/neutron/Cm240.h5
 Reading Cm241 from /home/diogo/openmc_data/endfb-vii.1-hdf5/neutron/Cm241.h5
 Reading Cm242 from /home/diogo/openmc_data/endfb-vii.1-hdf5/neutron/Cm242.h5
 Reading Cm243 from /home/diogo/openmc_data/endfb-vii.1-hdf5/neutron/Cm243.h5
 Reading Cm244 from /home/diogo/openmc_data/endfb-vii.1-hdf5/neutron/Cm244.h5
 Reading Cm245 from /home/diogo/openmc_data/endfb-vii.1-hdf5/neutron/Cm245.h5
 Reading Cm246 from /home/diogo/openmc_data/endfb-vii.1-hdf5/neutron/Cm246.h5
 Reading Cm247 from /home/diogo/openmc_data/endfb-vii.1-hdf5/neutron/Cm247.h5
 Reading Cm248 from /home/diogo/openmc_data/endfb-vii.1-hdf5/neutron/Cm248.h5
 Reading Cm249 from /home/diogo/openmc_data/endfb-vii.1-hdf5/neutron/Cm249.h5
 Reading Cm250 from /home/diogo/openmc_data/endfb-vii.1-hdf5/neutron/Cm250.h5
 Reading Bk245 from /home/diogo/openmc_data/endfb-vii.1-hdf5/neutron/Bk245.h5
 Reading Bk246 from /home/diogo/openmc_data/endfb-vii.1-hdf5/neutron/Bk246.h5
 Reading Bk247 from /home/diogo/openmc_data/endfb-vii.1-hdf5/neutron/Bk247.h5
 Reading Bk248 from /home/diogo/openmc_data/endfb-vii.1-hdf5/neutron/Bk248.h5
 Reading Bk249 from /home/diogo/openmc_data/endfb-vii.1-hdf5/neutron/Bk249.h5
 Reading Bk250 from /home/diogo/openmc_data/endfb-vii.1-hdf5/neutron/Bk250.h5
 Reading Cf246 from /home/diogo/openmc_data/endfb-vii.1-hdf5/neutron/Cf246.h5
 Reading Cf248 from /home/diogo/openmc_data/endfb-vii.1-hdf5/neutron/Cf248.h5
 Reading Cf249 from /home/diogo/openmc_data/endfb-vii.1-hdf5/neutron/Cf249.h5
 Reading Cf250 from /home/diogo/openmc_data/endfb-vii.1-hdf5/neutron/Cf250.h5
 WARNING: Negative value(s) found on probability table for nuclide Cf250 at 250K
 WARNING: Negative value(s) found on probability table for nuclide Cf250 at 294K
 WARNING: Negative value(s) found on probability table for nuclide Cf250 at 900K
 WARNING: Negative value(s) found on probability table for nuclide Cf250 at
          1200K
 Reading Cf251 from /home/diogo/openmc_data/endfb-vii.1-hdf5/neutron/Cf251.h5
 Reading Cf252 from /home/diogo/openmc_data/endfb-vii.1-hdf5/neutron/Cf252.h5
 Reading Cf253 from /home/diogo/openmc_data/endfb-vii.1-hdf5/neutron/Cf253.h5
 Reading Cf254 from /home/diogo/openmc_data/endfb-vii.1-hdf5/neutron/Cf254.h5
 Reading Es251 from /home/diogo/openmc_data/endfb-vii.1-hdf5/neutron/Es251.h5
 Reading Es252 from /home/diogo/openmc_data/endfb-vii.1-hdf5/neutron/Es252.h5
 Reading Es253 from /home/diogo/openmc_data/endfb-vii.1-hdf5/neutron/Es253.h5
 Reading Es254 from /home/diogo/openmc_data/endfb-vii.1-hdf5/neutron/Es254.h5
 Reading Es254_m1 from
 /home/diogo/openmc_data/endfb-vii.1-hdf5/neutron/Es254_m1.h5
 Reading Es255 from /home/diogo/openmc_data/endfb-vii.1-hdf5/neutron/Es255.h5
 Reading Fm255 from /home/diogo/openmc_data/endfb-vii.1-hdf5/neutron/Fm255.h5
 Maximum neutron transport energy: 20000000 eV for H1
 Initializing source particles...

 ====================>     K EIGENVALUE SIMULATION     <====================

  Bat./Gen.      k       Entropy         Average k 
  =========   ========   ========   ====================
        1/1    1.12247    5.97238
        2/1    1.09976    5.96749
        3/1    1.09782    5.96881
        4/1    1.07326    5.97156
        5/1    1.12415    5.96412
        6/1    1.13125    5.96861
        7/1    1.11403    5.96428
        8/1    1.10971    5.96220
        9/1    1.09615    5.96588
       10/1    1.08772    5.96480
       11/1    1.08223    5.96088
       12/1    1.12118    5.96581
       13/1    1.10799    5.97795
       14/1    1.14606    5.95900
       15/1    1.13239    5.97015
       16/1    1.14128    5.96479
       17/1    1.09792    5.96621
       18/1    1.07752    5.95814
       19/1    1.12055    5.96331
       20/1    1.07894    5.95557
       21/1    1.09286    5.96858
       22/1    1.14899    5.97394    1.12093 +/- 0.02807
       23/1    1.13474    5.95707    1.12553 +/- 0.01684
       24/1    1.13572    5.96509    1.12808 +/- 0.01218
       25/1    1.07075    5.96533    1.11661 +/- 0.01485
       26/1    1.11026    5.97076    1.11555 +/- 0.01217
       27/1    1.14157    5.96426    1.11927 +/- 0.01094
       28/1    1.08049    5.96788    1.11442 +/- 0.01064
       29/1    1.07793    5.96366    1.11037 +/- 0.01022
       30/1    1.12011    5.96405    1.11134 +/- 0.00919
       31/1    1.14801    5.96666    1.11467 +/- 0.00896
       32/1    1.15660    5.96854    1.11817 +/- 0.00889
       33/1    1.14761    5.96000    1.12043 +/- 0.00849
       34/1    1.12248    5.96969    1.12058 +/- 0.00786
       35/1    1.12700    5.97004    1.12101 +/- 0.00733
       36/1    1.08624    5.97387    1.11883 +/- 0.00719
       37/1    1.10077    5.96170    1.11777 +/- 0.00684
       38/1    1.11202    5.97141    1.11745 +/- 0.00646
       39/1    1.11824    5.96437    1.11749 +/- 0.00611
       40/1    1.08846    5.96261    1.11604 +/- 0.00597
       41/1    1.11606    5.96821    1.11604 +/- 0.00568
       42/1    1.13435    5.95644    1.11688 +/- 0.00548
       43/1    1.08389    5.97082    1.11544 +/- 0.00543
       44/1    1.11145    5.96796    1.11527 +/- 0.00520
       45/1    1.13063    5.96655    1.11589 +/- 0.00503
       46/1    1.10639    5.96436    1.11552 +/- 0.00484
       47/1    1.11974    5.96179    1.11568 +/- 0.00466
       48/1    1.13525    5.97038    1.11638 +/- 0.00455
       49/1    1.08581    5.97006    1.11532 +/- 0.00451
       50/1    1.08941    5.96447    1.11446 +/- 0.00444
       51/1    1.09972    5.96642    1.11399 +/- 0.00432
       52/1    1.10970    5.96033    1.11385 +/- 0.00419
       53/1    1.10545    5.96164    1.11360 +/- 0.00407
       54/1    1.08523    5.96397    1.11276 +/- 0.00403
       55/1    1.14039    5.96824    1.11355 +/- 0.00400
       56/1    1.12568    5.97075    1.11389 +/- 0.00390
       57/1    1.04803    5.97122    1.11211 +/- 0.00419
       58/1    1.11581    5.97432    1.11221 +/- 0.00408
       59/1    1.08543    5.95729    1.11152 +/- 0.00403
       60/1    1.05130    5.96979    1.11001 +/- 0.00421
 Creating state point statepoint.60.h5...

 =======================>     TIMING STATISTICS     <=======================

 Total time for initialization     = 5.9834e+00 seconds
   Reading cross sections          = 5.1994e+00 seconds
 Total time in simulation          = 2.6008e+01 seconds
   Time in transport only          = 2.5886e+01 seconds
   Time in inactive batches        = 5.9870e-01 seconds
   Time in active batches          = 2.5409e+01 seconds
   Time synchronizing fission bank = 2.2556e-02 seconds
     Sampling source sites         = 1.9005e-02 seconds
     SEND/RECV source sites        = 3.3146e-03 seconds
   Time accumulating tallies       = 4.7234e-02 seconds
   Time writing statepoints        = 2.3253e-02 seconds
 Total time for finalization       = 3.8337e-04 seconds
 Total time elapsed                = 3.2456e+01 seconds
 Calculation Rate (inactive)       = 133622 particles/second
 Calculation Rate (active)         = 6297.02 particles/second

 ============================>     RESULTS     <============================

 k-effective (Collision)     = 1.11263 +/- 0.00397
 k-effective (Track-length)  = 1.11001 +/- 0.00421
 k-effective (Absorption)    = 1.11790 +/- 0.00287
 Combined k-effective        = 1.11579 +/- 0.00281
 Leakage Fraction            = 0.00000 +/- 0.00000

 Creating state point openmc_simulation_n0.h5...
[openmc.deplete] t=4327203.051553669 s, dt=8654406.103107339 s, source=1491105.972264863
 Maximum neutron transport energy: 20000000 eV for H1
 Initializing source particles...

 ====================>     K EIGENVALUE SIMULATION     <====================

  Bat./Gen.      k       Entropy         Average k 
  =========   ========   ========   ====================
        1/1    1.11396    5.95506
        2/1    1.07343    5.96421
        3/1    1.07074    5.96717
        4/1    1.07353    5.95652
        5/1    1.10862    5.96791
        6/1    1.11020    5.95925
        7/1    1.09425    5.95308
        8/1    1.13719    5.95968
        9/1    1.11663    5.96915
       10/1    1.11883    5.96535
       11/1    1.07650    5.95925
       12/1    1.12618    5.95871
       13/1    1.12492    5.96559
       14/1    1.08665    5.97416
       15/1    1.09971    5.96876
       16/1    1.10383    5.96635
       17/1    1.12289    5.96592
       18/1    1.11557    5.96316
       19/1    1.09115    5.96708
       20/1    1.11773    5.96866
       21/1    1.08414    5.96166
       22/1    1.10898    5.97295    1.09656 +/- 0.01242
       23/1    1.14295    5.96510    1.11203 +/- 0.01705
       24/1    1.09968    5.96135    1.10894 +/- 0.01244
       25/1    1.09345    5.96646    1.10584 +/- 0.01012
       26/1    1.09224    5.96567    1.10357 +/- 0.00857
       27/1    1.11301    5.95465    1.10492 +/- 0.00737
       28/1    1.10539    5.96386    1.10498 +/- 0.00638
       29/1    1.09515    5.96783    1.10389 +/- 0.00573
       30/1    1.09548    5.96671    1.10305 +/- 0.00520
       31/1    1.11050    5.96952    1.10373 +/- 0.00475
       32/1    1.06578    5.95756    1.10056 +/- 0.00537
       33/1    1.07972    5.97204    1.09896 +/- 0.00519
       34/1    1.08463    5.97151    1.09794 +/- 0.00491
       35/1    1.05982    5.96485    1.09539 +/- 0.00523
       36/1    1.09933    5.95529    1.09564 +/- 0.00490
       37/1    1.12512    5.97182    1.09737 +/- 0.00492
       38/1    1.07419    5.95946    1.09609 +/- 0.00481
       39/1    1.15983    5.97036    1.09944 +/- 0.00566
       40/1    1.07126    5.97556    1.09803 +/- 0.00555
       41/1    1.09965    5.96780    1.09811 +/- 0.00528
       42/1    1.08566    5.96411    1.09754 +/- 0.00506
       43/1    1.10250    5.96205    1.09776 +/- 0.00484
       44/1    1.09747    5.96282    1.09775 +/- 0.00464
       45/1    1.07207    5.97327    1.09672 +/- 0.00456
       46/1    1.07374    5.95738    1.09584 +/- 0.00447
       47/1    1.13271    5.97488    1.09720 +/- 0.00452
       48/1    1.07147    5.95814    1.09628 +/- 0.00445
       49/1    1.10327    5.95573    1.09652 +/- 0.00430
       50/1    1.08598    5.96680    1.09617 +/- 0.00417
       51/1    1.07391    5.96538    1.09545 +/- 0.00409
       52/1    1.09977    5.95838    1.09559 +/- 0.00397
       53/1    1.04210    5.95836    1.09397 +/- 0.00417
       54/1    1.09677    5.96853    1.09405 +/- 0.00405
       55/1    1.10875    5.96249    1.09447 +/- 0.00395
       56/1    1.09611    5.97195    1.09452 +/- 0.00384
       57/1    1.08902    5.96884    1.09437 +/- 0.00374
       58/1    1.06401    5.97139    1.09357 +/- 0.00373
       59/1    1.10552    5.96310    1.09388 +/- 0.00364
       60/1    1.09703    5.97088    1.09395 +/- 0.00355
 Creating state point statepoint.60.h5...

 =======================>     TIMING STATISTICS     <=======================

 Total time for initialization     = 0.0000e+00 seconds
   Reading cross sections          = 0.0000e+00 seconds
 Total time in simulation          = 3.5043e+01 seconds
   Time in transport only          = 3.4912e+01 seconds
   Time in inactive batches        = 6.7022e+00 seconds
   Time in active batches          = 2.8341e+01 seconds
   Time synchronizing fission bank = 2.3883e-02 seconds
     Sampling source sites         = 2.0705e-02 seconds
     SEND/RECV source sites        = 2.8886e-03 seconds
   Time accumulating tallies       = 5.7706e-02 seconds
   Time writing statepoints        = 2.0751e-02 seconds
 Total time for finalization       = 4.2150e-04 seconds
 Total time elapsed                = 3.5518e+01 seconds
 Calculation Rate (inactive)       = 11936.5 particles/second
 Calculation Rate (active)         = 5645.56 particles/second

 ============================>     RESULTS     <============================

 k-effective (Collision)     = 1.09257 +/- 0.00269
 k-effective (Track-length)  = 1.09395 +/- 0.00355
 k-effective (Absorption)    = 1.09495 +/- 0.00224
 Combined k-effective        = 1.09409 +/- 0.00192
 Leakage Fraction            = 0.00000 +/- 0.00000

 Creating state point openmc_simulation_n1.h5...
[openmc.deplete] t=12981609.154661007 (final operator evaluation)
 Maximum neutron transport energy: 20000000 eV for H1
 Initializing source particles...

 ====================>     K EIGENVALUE SIMULATION     <====================

  Bat./Gen.      k       Entropy         Average k 
  =========   ========   ========   ====================
        1/1    1.07993    5.97061
        2/1    1.06922    5.97726
        3/1    1.11028    5.96907
        4/1    1.07729    5.96611
        5/1    1.10472    5.96114
        6/1    1.11833    5.97166
        7/1    1.09242    5.96853
        8/1    1.13001    5.95483
        9/1    1.05179    5.97098
       10/1    1.13275    5.96040
       11/1    1.09167    5.95454
       12/1    1.08417    5.96914
       13/1    1.04293    5.96245
       14/1    1.10635    5.96443
       15/1    1.07747    5.96643
       16/1    1.09627    5.96812
       17/1    1.12227    5.95340
       18/1    1.09065    5.96317
       19/1    1.09089    5.96389
       20/1    1.07908    5.96600
       21/1    1.09987    5.96872
       22/1    1.08807    5.96027    1.09397 +/- 0.00590
       23/1    1.05256    5.96576    1.08016 +/- 0.01422
       24/1    1.08657    5.97031    1.08177 +/- 0.01018
       25/1    1.09680    5.96733    1.08477 +/- 0.00844
       26/1    1.08644    5.96760    1.08505 +/- 0.00690
       27/1    1.09906    5.96377    1.08705 +/- 0.00616
       28/1    1.08744    5.96951    1.08710 +/- 0.00534
       29/1    1.05377    5.97056    1.08340 +/- 0.00599
       30/1    1.10215    5.96809    1.08527 +/- 0.00568
       31/1    1.05282    5.97172    1.08232 +/- 0.00592
       32/1    1.09341    5.97006    1.08325 +/- 0.00548
       33/1    1.13830    5.97450    1.08748 +/- 0.00659
       34/1    1.07919    5.97321    1.08689 +/- 0.00613
       35/1    1.11369    5.96032    1.08868 +/- 0.00598
       36/1    1.11769    5.96351    1.09049 +/- 0.00588
       37/1    1.08401    5.96632    1.09011 +/- 0.00553
       38/1    1.09724    5.96736    1.09050 +/- 0.00523
       39/1    1.12101    5.95866    1.09211 +/- 0.00520
       40/1    1.13518    5.95910    1.09426 +/- 0.00539
       41/1    1.09430    5.95175    1.09427 +/- 0.00512
       42/1    1.08283    5.96994    1.09375 +/- 0.00491
       43/1    1.09231    5.97473    1.09368 +/- 0.00469
       44/1    1.10182    5.96187    1.09402 +/- 0.00451
       45/1    1.07098    5.97329    1.09310 +/- 0.00442
       46/1    1.07077    5.97103    1.09224 +/- 0.00433
       47/1    1.07724    5.97258    1.09169 +/- 0.00421
       48/1    1.11911    5.96576    1.09267 +/- 0.00417
       49/1    1.10090    5.96565    1.09295 +/- 0.00403
       50/1    1.06536    5.96750    1.09203 +/- 0.00400
       51/1    1.13992    5.96871    1.09357 +/- 0.00417
       52/1    1.10690    5.97120    1.09399 +/- 0.00406
       53/1    1.11304    5.96543    1.09457 +/- 0.00398
       54/1    1.09134    5.96887    1.09447 +/- 0.00386
       55/1    1.14006    5.97243    1.09578 +/- 0.00397
       56/1    1.07909    5.96562    1.09531 +/- 0.00388
       57/1    1.14805    5.96835    1.09674 +/- 0.00404
       58/1    1.07725    5.96208    1.09622 +/- 0.00396
       59/1    1.08809    5.95636    1.09602 +/- 0.00386
       60/1    1.09599    5.95460    1.09602 +/- 0.00377
 Creating state point statepoint.60.h5...

 =======================>     TIMING STATISTICS     <=======================

 Total time for initialization     = 0.0000e+00 seconds
   Reading cross sections          = 0.0000e+00 seconds
 Total time in simulation          = 3.6145e+01 seconds
   Time in transport only          = 3.6029e+01 seconds
   Time in inactive batches        = 7.0923e+00 seconds
   Time in active batches          = 2.9053e+01 seconds
   Time synchronizing fission bank = 2.3487e-02 seconds
     Sampling source sites         = 2.0022e-02 seconds
     SEND/RECV source sites        = 3.1420e-03 seconds
   Time accumulating tallies       = 5.5552e-02 seconds
   Time writing statepoints        = 7.3786e-03 seconds
 Total time for finalization       = 4.9663e-04 seconds
 Total time elapsed                = 3.6618e+01 seconds
 Calculation Rate (inactive)       = 11279.9 particles/second
 Calculation Rate (active)         = 5507.23 particles/second

 ============================>     RESULTS     <============================

 k-effective (Collision)     = 1.09482 +/- 0.00287
 k-effective (Track-length)  = 1.09602 +/- 0.00377
 k-effective (Absorption)    = 1.09871 +/- 0.00258
 Combined k-effective        = 1.09721 +/- 0.00246
 Leakage Fraction            = 0.00000 +/- 0.00000

 Creating state point openmc_simulation_n2.h5...
                                %%%%%%%%%%%%%%%
                           %%%%%%%%%%%%%%%%%%%%%%%%
                        %%%%%%%%%%%%%%%%%%%%%%%%%%%%%%
                      %%%%%%%%%%%%%%%%%%%%%%%%%%%%%%%%%%
                    %%%%%%%%%%%%%%%%%%%%%%%%%%%%%%%%%%%%%%
                   %%%%%%%%%%%%%%%%%%%%%%%%%%%%%%%%%%%%%%%%
                                    %%%%%%%%%%%%%%%%%%%%%%%%
                                     %%%%%%%%%%%%%%%%%%%%%%%%
                 ###############      %%%%%%%%%%%%%%%%%%%%%%%%
                ##################     %%%%%%%%%%%%%%%%%%%%%%%
                ###################     %%%%%%%%%%%%%%%%%%%%%%%
                ####################     %%%%%%%%%%%%%%%%%%%%%%
                #####################     %%%%%%%%%%%%%%%%%%%%%
                ######################     %%%%%%%%%%%%%%%%%%%%
                #######################     %%%%%%%%%%%%%%%%%%
                 #######################     %%%%%%%%%%%%%%%%%
                 ######################     %%%%%%%%%%%%%%%%%
                  ####################     %%%%%%%%%%%%%%%%%
                    #################     %%%%%%%%%%%%%%%%%
                     ###############     %%%%%%%%%%%%%%%%
                       ############     %%%%%%%%%%%%%%%
                          ########     %%%%%%%%%%%%%%
                                      %%%%%%%%%%%

                 | The OpenMC Monte Carlo Code
       Copyright | 2011-2025 MIT, UChicago Argonne LLC, and contributors
         License | https://docs.openmc.org/en/latest/license.html
         Version | 0.15.3
     Commit Hash | 27e38e894697bb32a1dac7848d2618818b6b8daf
       Date/Time | 2026-09-26 20:07:34
   MPI Processes | 1
  OpenMP Threads | 64

 Reading settings XML file...
 Reading cross sections XML file...
 Reading chain file: /home/diogo/openmc_data/chain_endfb71_pwr.xml...
 Reading materials XML file...
 Reading geometry XML file...
 Reading H1 from /home/diogo/openmc_data/endfb-vii.1-hdf5/neutron/H1.h5
 Reading H2 from /home/diogo/openmc_data/endfb-vii.1-hdf5/neutron/H2.h5
 Reading B10 from /home/diogo/openmc_data/endfb-vii.1-hdf5/neutron/B10.h5
 Reading B11 from /home/diogo/openmc_data/endfb-vii.1-hdf5/neutron/B11.h5
 Reading O16 from /home/diogo/openmc_data/endfb-vii.1-hdf5/neutron/O16.h5
 Reading O17 from /home/diogo/openmc_data/endfb-vii.1-hdf5/neutron/O17.h5
 Reading Cr50 from /home/diogo/openmc_data/endfb-vii.1-hdf5/neutron/Cr50.h5
 Reading Cr52 from /home/diogo/openmc_data/endfb-vii.1-hdf5/neutron/Cr52.h5
 Reading Cr53 from /home/diogo/openmc_data/endfb-vii.1-hdf5/neutron/Cr53.h5
 Reading Cr54 from /home/diogo/openmc_data/endfb-vii.1-hdf5/neutron/Cr54.h5
 Reading Fe54 from /home/diogo/openmc_data/endfb-vii.1-hdf5/neutron/Fe54.h5
 Reading Fe56 from /home/diogo/openmc_data/endfb-vii.1-hdf5/neutron/Fe56.h5
 Reading Fe57 from /home/diogo/openmc_data/endfb-vii.1-hdf5/neutron/Fe57.h5
 Reading Fe58 from /home/diogo/openmc_data/endfb-vii.1-hdf5/neutron/Fe58.h5
 Reading Zr90 from /home/diogo/openmc_data/endfb-vii.1-hdf5/neutron/Zr90.h5
 Reading Zr91 from /home/diogo/openmc_data/endfb-vii.1-hdf5/neutron/Zr91.h5
 Reading Zr92 from /home/diogo/openmc_data/endfb-vii.1-hdf5/neutron/Zr92.h5
 Reading Zr94 from /home/diogo/openmc_data/endfb-vii.1-hdf5/neutron/Zr94.h5
 Reading Zr96 from /home/diogo/openmc_data/endfb-vii.1-hdf5/neutron/Zr96.h5
 Reading Sn112 from /home/diogo/openmc_data/endfb-vii.1-hdf5/neutron/Sn112.h5
 Reading Sn114 from /home/diogo/openmc_data/endfb-vii.1-hdf5/neutron/Sn114.h5
 Reading Sn115 from /home/diogo/openmc_data/endfb-vii.1-hdf5/neutron/Sn115.h5
 Reading Sn116 from /home/diogo/openmc_data/endfb-vii.1-hdf5/neutron/Sn116.h5
 Reading Sn117 from /home/diogo/openmc_data/endfb-vii.1-hdf5/neutron/Sn117.h5
 Reading Sn118 from /home/diogo/openmc_data/endfb-vii.1-hdf5/neutron/Sn118.h5
 Reading Sn119 from /home/diogo/openmc_data/endfb-vii.1-hdf5/neutron/Sn119.h5
 Reading Sn120 from /home/diogo/openmc_data/endfb-vii.1-hdf5/neutron/Sn120.h5
 Reading Sn122 from /home/diogo/openmc_data/endfb-vii.1-hdf5/neutron/Sn122.h5
 Reading Sn124 from /home/diogo/openmc_data/endfb-vii.1-hdf5/neutron/Sn124.h5
 Reading He3 from /home/diogo/openmc_data/endfb-vii.1-hdf5/neutron/He3.h5
 Reading He4 from /home/diogo/openmc_data/endfb-vii.1-hdf5/neutron/He4.h5
 Reading U234 from /home/diogo/openmc_data/endfb-vii.1-hdf5/neutron/U234.h5
 Reading U235 from /home/diogo/openmc_data/endfb-vii.1-hdf5/neutron/U235.h5
 Reading U238 from /home/diogo/openmc_data/endfb-vii.1-hdf5/neutron/U238.h5
 Reading Gd152 from /home/diogo/openmc_data/endfb-vii.1-hdf5/neutron/Gd152.h5
 Reading Gd154 from /home/diogo/openmc_data/endfb-vii.1-hdf5/neutron/Gd154.h5
 Reading Gd155 from /home/diogo/openmc_data/endfb-vii.1-hdf5/neutron/Gd155.h5
 Reading Gd156 from /home/diogo/openmc_data/endfb-vii.1-hdf5/neutron/Gd156.h5
 Reading Gd157 from /home/diogo/openmc_data/endfb-vii.1-hdf5/neutron/Gd157.h5
 Reading Gd158 from /home/diogo/openmc_data/endfb-vii.1-hdf5/neutron/Gd158.h5
 Reading Gd160 from /home/diogo/openmc_data/endfb-vii.1-hdf5/neutron/Gd160.h5
 Reading c_H_in_H2O from
 /home/diogo/openmc_data/endfb-vii.1-hdf5/neutron/c_H_in_H2O.h5
 Minimum neutron data temperature: 0 K
 Maximum neutron data temperature: 1.7976931348623157e+308 K
 Reading tallies XML file...
 Preparing distributed cell instances...
 Reading plot XML file...
 Writing summary.h5 file...
[openmc.deplete] t=12981609.154661007 s, dt=865440.6103107346 s, source=1491105.972264863
[openmc.deplete] t=13847049.764971742 (final operator evaluation)
 Reading H3 from /home/diogo/openmc_data/endfb-vii.1-hdf5/neutron/H3.h5
 Reading Li6 from /home/diogo/openmc_data/endfb-vii.1-hdf5/neutron/Li6.h5
 Reading Li7 from /home/diogo/openmc_data/endfb-vii.1-hdf5/neutron/Li7.h5
 Reading N14 from /home/diogo/openmc_data/endfb-vii.1-hdf5/neutron/N14.h5
 Reading N15 from /home/diogo/openmc_data/endfb-vii.1-hdf5/neutron/N15.h5
 Reading F19 from /home/diogo/openmc_data/endfb-vii.1-hdf5/neutron/F19.h5
 Reading Na22 from /home/diogo/openmc_data/endfb-vii.1-hdf5/neutron/Na22.h5
 WARNING: Negative value(s) found on probability table for nuclide Na22 at 250K
 WARNING: Negative value(s) found on probability table for nuclide Na22 at 294K
 WARNING: Negative value(s) found on probability table for nuclide Na22 at 600K
 WARNING: Negative value(s) found on probability table for nuclide Na22 at 900K
 WARNING: Negative value(s) found on probability table for nuclide Na22 at 1200K
 WARNING: Negative value(s) found on probability table for nuclide Na22 at 2500K
 Reading Na23 from /home/diogo/openmc_data/endfb-vii.1-hdf5/neutron/Na23.h5
 Reading Mg24 from /home/diogo/openmc_data/endfb-vii.1-hdf5/neutron/Mg24.h5
 Reading Mg25 from /home/diogo/openmc_data/endfb-vii.1-hdf5/neutron/Mg25.h5
 Reading Mg26 from /home/diogo/openmc_data/endfb-vii.1-hdf5/neutron/Mg26.h5
 Reading Al27 from /home/diogo/openmc_data/endfb-vii.1-hdf5/neutron/Al27.h5
 Reading Si28 from /home/diogo/openmc_data/endfb-vii.1-hdf5/neutron/Si28.h5
 Reading Si29 from /home/diogo/openmc_data/endfb-vii.1-hdf5/neutron/Si29.h5
 Reading Si30 from /home/diogo/openmc_data/endfb-vii.1-hdf5/neutron/Si30.h5
 Reading P31 from /home/diogo/openmc_data/endfb-vii.1-hdf5/neutron/P31.h5
 Reading S32 from /home/diogo/openmc_data/endfb-vii.1-hdf5/neutron/S32.h5
 Reading S33 from /home/diogo/openmc_data/endfb-vii.1-hdf5/neutron/S33.h5
 Reading S34 from /home/diogo/openmc_data/endfb-vii.1-hdf5/neutron/S34.h5
 Reading S36 from /home/diogo/openmc_data/endfb-vii.1-hdf5/neutron/S36.h5
 Reading Cl35 from /home/diogo/openmc_data/endfb-vii.1-hdf5/neutron/Cl35.h5
 Reading Cl37 from /home/diogo/openmc_data/endfb-vii.1-hdf5/neutron/Cl37.h5
 Reading Ar36 from /home/diogo/openmc_data/endfb-vii.1-hdf5/neutron/Ar36.h5
 WARNING: Negative value(s) found on probability table for nuclide Ar36 at 250K
 WARNING: Negative value(s) found on probability table for nuclide Ar36 at 294K
 WARNING: Negative value(s) found on probability table for nuclide Ar36 at 600K
 WARNING: Negative value(s) found on probability table for nuclide Ar36 at 900K
 WARNING: Negative value(s) found on probability table for nuclide Ar36 at 1200K
 WARNING: Negative value(s) found on probability table for nuclide Ar36 at 2500K
 Reading Ar38 from /home/diogo/openmc_data/endfb-vii.1-hdf5/neutron/Ar38.h5
 Reading Ar40 from /home/diogo/openmc_data/endfb-vii.1-hdf5/neutron/Ar40.h5
 Reading K39 from /home/diogo/openmc_data/endfb-vii.1-hdf5/neutron/K39.h5
 Reading K40 from /home/diogo/openmc_data/endfb-vii.1-hdf5/neutron/K40.h5
 Reading K41 from /home/diogo/openmc_data/endfb-vii.1-hdf5/neutron/K41.h5
 Reading Ca40 from /home/diogo/openmc_data/endfb-vii.1-hdf5/neutron/Ca40.h5
 Reading Ca42 from /home/diogo/openmc_data/endfb-vii.1-hdf5/neutron/Ca42.h5
 Reading Ca43 from /home/diogo/openmc_data/endfb-vii.1-hdf5/neutron/Ca43.h5
 Reading Ca44 from /home/diogo/openmc_data/endfb-vii.1-hdf5/neutron/Ca44.h5
 Reading Ca46 from /home/diogo/openmc_data/endfb-vii.1-hdf5/neutron/Ca46.h5
 Reading Sc45 from /home/diogo/openmc_data/endfb-vii.1-hdf5/neutron/Sc45.h5
 Reading Ti46 from /home/diogo/openmc_data/endfb-vii.1-hdf5/neutron/Ti46.h5
 Reading Ti47 from /home/diogo/openmc_data/endfb-vii.1-hdf5/neutron/Ti47.h5
 Reading Ti48 from /home/diogo/openmc_data/endfb-vii.1-hdf5/neutron/Ti48.h5
 Reading Ti49 from /home/diogo/openmc_data/endfb-vii.1-hdf5/neutron/Ti49.h5
 Reading Ti50 from /home/diogo/openmc_data/endfb-vii.1-hdf5/neutron/Ti50.h5
 Reading V50 from /home/diogo/openmc_data/endfb-vii.1-hdf5/neutron/V50.h5
 Reading V51 from /home/diogo/openmc_data/endfb-vii.1-hdf5/neutron/V51.h5
 Reading Mn55 from /home/diogo/openmc_data/endfb-vii.1-hdf5/neutron/Mn55.h5
 Reading Co58 from /home/diogo/openmc_data/endfb-vii.1-hdf5/neutron/Co58.h5
 Reading Co59 from /home/diogo/openmc_data/endfb-vii.1-hdf5/neutron/Co59.h5
 Reading Ni58 from /home/diogo/openmc_data/endfb-vii.1-hdf5/neutron/Ni58.h5
 Reading Ni59 from /home/diogo/openmc_data/endfb-vii.1-hdf5/neutron/Ni59.h5
 Reading Ni60 from /home/diogo/openmc_data/endfb-vii.1-hdf5/neutron/Ni60.h5
 Reading Ni61 from /home/diogo/openmc_data/endfb-vii.1-hdf5/neutron/Ni61.h5
 Reading Ni62 from /home/diogo/openmc_data/endfb-vii.1-hdf5/neutron/Ni62.h5
 Reading Ni64 from /home/diogo/openmc_data/endfb-vii.1-hdf5/neutron/Ni64.h5
 Reading Cu63 from /home/diogo/openmc_data/endfb-vii.1-hdf5/neutron/Cu63.h5
 Reading Cu65 from /home/diogo/openmc_data/endfb-vii.1-hdf5/neutron/Cu65.h5
 Reading Zn64 from /home/diogo/openmc_data/endfb-vii.1-hdf5/neutron/Zn64.h5
 Reading Zn65 from /home/diogo/openmc_data/endfb-vii.1-hdf5/neutron/Zn65.h5
 Reading Zn66 from /home/diogo/openmc_data/endfb-vii.1-hdf5/neutron/Zn66.h5
 Reading Zn67 from /home/diogo/openmc_data/endfb-vii.1-hdf5/neutron/Zn67.h5
 Reading Zn68 from /home/diogo/openmc_data/endfb-vii.1-hdf5/neutron/Zn68.h5
 Reading Zn70 from /home/diogo/openmc_data/endfb-vii.1-hdf5/neutron/Zn70.h5
 Reading Ga69 from /home/diogo/openmc_data/endfb-vii.1-hdf5/neutron/Ga69.h5
 Reading Ga71 from /home/diogo/openmc_data/endfb-vii.1-hdf5/neutron/Ga71.h5
 Reading Ge70 from /home/diogo/openmc_data/endfb-vii.1-hdf5/neutron/Ge70.h5
 Reading Ge72 from /home/diogo/openmc_data/endfb-vii.1-hdf5/neutron/Ge72.h5
 Reading Ge73 from /home/diogo/openmc_data/endfb-vii.1-hdf5/neutron/Ge73.h5
 Reading Ge74 from /home/diogo/openmc_data/endfb-vii.1-hdf5/neutron/Ge74.h5
 Reading Ge76 from /home/diogo/openmc_data/endfb-vii.1-hdf5/neutron/Ge76.h5
 Reading As74 from /home/diogo/openmc_data/endfb-vii.1-hdf5/neutron/As74.h5
 Reading As75 from /home/diogo/openmc_data/endfb-vii.1-hdf5/neutron/As75.h5
 Reading Se74 from /home/diogo/openmc_data/endfb-vii.1-hdf5/neutron/Se74.h5
 Reading Se76 from /home/diogo/openmc_data/endfb-vii.1-hdf5/neutron/Se76.h5
 Reading Se77 from /home/diogo/openmc_data/endfb-vii.1-hdf5/neutron/Se77.h5
 Reading Se78 from /home/diogo/openmc_data/endfb-vii.1-hdf5/neutron/Se78.h5
 Reading Se79 from /home/diogo/openmc_data/endfb-vii.1-hdf5/neutron/Se79.h5
 WARNING: Negative value(s) found on probability table for nuclide Se79 at 250K
 WARNING: Negative value(s) found on probability table for nuclide Se79 at 294K
 WARNING: Negative value(s) found on probability table for nuclide Se79 at 600K
 WARNING: Negative value(s) found on probability table for nuclide Se79 at 900K
 WARNING: Negative value(s) found on probability table for nuclide Se79 at 1200K
 Reading Se80 from /home/diogo/openmc_data/endfb-vii.1-hdf5/neutron/Se80.h5
 Reading Se82 from /home/diogo/openmc_data/endfb-vii.1-hdf5/neutron/Se82.h5
 Reading Br79 from /home/diogo/openmc_data/endfb-vii.1-hdf5/neutron/Br79.h5
 Reading Br81 from /home/diogo/openmc_data/endfb-vii.1-hdf5/neutron/Br81.h5
 Reading Kr78 from /home/diogo/openmc_data/endfb-vii.1-hdf5/neutron/Kr78.h5
 Reading Kr80 from /home/diogo/openmc_data/endfb-vii.1-hdf5/neutron/Kr80.h5
 Reading Kr82 from /home/diogo/openmc_data/endfb-vii.1-hdf5/neutron/Kr82.h5
 Reading Kr83 from /home/diogo/openmc_data/endfb-vii.1-hdf5/neutron/Kr83.h5
 Reading Kr84 from /home/diogo/openmc_data/endfb-vii.1-hdf5/neutron/Kr84.h5
 Reading Kr85 from /home/diogo/openmc_data/endfb-vii.1-hdf5/neutron/Kr85.h5
 Reading Kr86 from /home/diogo/openmc_data/endfb-vii.1-hdf5/neutron/Kr86.h5
 Reading Rb85 from /home/diogo/openmc_data/endfb-vii.1-hdf5/neutron/Rb85.h5
 Reading Rb86 from /home/diogo/openmc_data/endfb-vii.1-hdf5/neutron/Rb86.h5
 Reading Rb87 from /home/diogo/openmc_data/endfb-vii.1-hdf5/neutron/Rb87.h5
 Reading Sr84 from /home/diogo/openmc_data/endfb-vii.1-hdf5/neutron/Sr84.h5
 Reading Sr86 from /home/diogo/openmc_data/endfb-vii.1-hdf5/neutron/Sr86.h5
 Reading Sr87 from /home/diogo/openmc_data/endfb-vii.1-hdf5/neutron/Sr87.h5
 Reading Sr88 from /home/diogo/openmc_data/endfb-vii.1-hdf5/neutron/Sr88.h5
 Reading Sr89 from /home/diogo/openmc_data/endfb-vii.1-hdf5/neutron/Sr89.h5
 Reading Sr90 from /home/diogo/openmc_data/endfb-vii.1-hdf5/neutron/Sr90.h5
 Reading Y89 from /home/diogo/openmc_data/endfb-vii.1-hdf5/neutron/Y89.h5
 Reading Y90 from /home/diogo/openmc_data/endfb-vii.1-hdf5/neutron/Y90.h5
 Reading Y91 from /home/diogo/openmc_data/endfb-vii.1-hdf5/neutron/Y91.h5
 Reading Zr93 from /home/diogo/openmc_data/endfb-vii.1-hdf5/neutron/Zr93.h5
 Reading Zr95 from /home/diogo/openmc_data/endfb-vii.1-hdf5/neutron/Zr95.h5
 Reading Nb93 from /home/diogo/openmc_data/endfb-vii.1-hdf5/neutron/Nb93.h5
 Reading Nb94 from /home/diogo/openmc_data/endfb-vii.1-hdf5/neutron/Nb94.h5
 WARNING: Negative value(s) found on probability table for nuclide Nb94 at 250K
 WARNING: Negative value(s) found on probability table for nuclide Nb94 at 294K
 WARNING: Negative value(s) found on probability table for nuclide Nb94 at 600K
 WARNING: Negative value(s) found on probability table for nuclide Nb94 at 900K
 WARNING: Negative value(s) found on probability table for nuclide Nb94 at 1200K
 WARNING: Negative value(s) found on probability table for nuclide Nb94 at 2500K
 Reading Nb95 from /home/diogo/openmc_data/endfb-vii.1-hdf5/neutron/Nb95.h5
 WARNING: Negative value(s) found on probability table for nuclide Nb95 at 250K
 WARNING: Negative value(s) found on probability table for nuclide Nb95 at 294K
 WARNING: Negative value(s) found on probability table for nuclide Nb95 at 600K
 WARNING: Negative value(s) found on probability table for nuclide Nb95 at 900K
 WARNING: Negative value(s) found on probability table for nuclide Nb95 at 1200K
 Reading Mo92 from /home/diogo/openmc_data/endfb-vii.1-hdf5/neutron/Mo92.h5
 Reading Mo94 from /home/diogo/openmc_data/endfb-vii.1-hdf5/neutron/Mo94.h5
 Reading Mo95 from /home/diogo/openmc_data/endfb-vii.1-hdf5/neutron/Mo95.h5
 Reading Mo96 from /home/diogo/openmc_data/endfb-vii.1-hdf5/neutron/Mo96.h5
 Reading Mo97 from /home/diogo/openmc_data/endfb-vii.1-hdf5/neutron/Mo97.h5
 Reading Mo98 from /home/diogo/openmc_data/endfb-vii.1-hdf5/neutron/Mo98.h5
 Reading Mo99 from /home/diogo/openmc_data/endfb-vii.1-hdf5/neutron/Mo99.h5
 WARNING: Negative value(s) found on probability table for nuclide Mo99 at 250K
 WARNING: Negative value(s) found on probability table for nuclide Mo99 at 294K
 WARNING: Negative value(s) found on probability table for nuclide Mo99 at 600K
 WARNING: Negative value(s) found on probability table for nuclide Mo99 at 900K
 WARNING: Negative value(s) found on probability table for nuclide Mo99 at 1200K
 WARNING: Negative value(s) found on probability table for nuclide Mo99 at 2500K
 Reading Mo100 from /home/diogo/openmc_data/endfb-vii.1-hdf5/neutron/Mo100.h5
 Reading Tc99 from /home/diogo/openmc_data/endfb-vii.1-hdf5/neutron/Tc99.h5
 Reading Ru96 from /home/diogo/openmc_data/endfb-vii.1-hdf5/neutron/Ru96.h5
 Reading Ru98 from /home/diogo/openmc_data/endfb-vii.1-hdf5/neutron/Ru98.h5
 Reading Ru99 from /home/diogo/openmc_data/endfb-vii.1-hdf5/neutron/Ru99.h5
 Reading Ru100 from /home/diogo/openmc_data/endfb-vii.1-hdf5/neutron/Ru100.h5
 Reading Ru101 from /home/diogo/openmc_data/endfb-vii.1-hdf5/neutron/Ru101.h5
 Reading Ru102 from /home/diogo/openmc_data/endfb-vii.1-hdf5/neutron/Ru102.h5
 Reading Ru103 from /home/diogo/openmc_data/endfb-vii.1-hdf5/neutron/Ru103.h5
 Reading Ru104 from /home/diogo/openmc_data/endfb-vii.1-hdf5/neutron/Ru104.h5
 Reading Ru105 from /home/diogo/openmc_data/endfb-vii.1-hdf5/neutron/Ru105.h5
 Reading Ru106 from /home/diogo/openmc_data/endfb-vii.1-hdf5/neutron/Ru106.h5
 Reading Rh103 from /home/diogo/openmc_data/endfb-vii.1-hdf5/neutron/Rh103.h5
 Reading Rh105 from /home/diogo/openmc_data/endfb-vii.1-hdf5/neutron/Rh105.h5
 Reading Pd102 from /home/diogo/openmc_data/endfb-vii.1-hdf5/neutron/Pd102.h5
 Reading Pd104 from /home/diogo/openmc_data/endfb-vii.1-hdf5/neutron/Pd104.h5
 Reading Pd105 from /home/diogo/openmc_data/endfb-vii.1-hdf5/neutron/Pd105.h5
 Reading Pd106 from /home/diogo/openmc_data/endfb-vii.1-hdf5/neutron/Pd106.h5
 Reading Pd107 from /home/diogo/openmc_data/endfb-vii.1-hdf5/neutron/Pd107.h5
 Reading Pd108 from /home/diogo/openmc_data/endfb-vii.1-hdf5/neutron/Pd108.h5
 Reading Pd110 from /home/diogo/openmc_data/endfb-vii.1-hdf5/neutron/Pd110.h5
 Reading Ag107 from /home/diogo/openmc_data/endfb-vii.1-hdf5/neutron/Ag107.h5
 Reading Ag109 from /home/diogo/openmc_data/endfb-vii.1-hdf5/neutron/Ag109.h5
 Reading Ag110_m1 from
 /home/diogo/openmc_data/endfb-vii.1-hdf5/neutron/Ag110_m1.h5
 Reading Ag111 from /home/diogo/openmc_data/endfb-vii.1-hdf5/neutron/Ag111.h5
 Reading Cd106 from /home/diogo/openmc_data/endfb-vii.1-hdf5/neutron/Cd106.h5
 WARNING: Negative value(s) found on probability table for nuclide Cd106 at 250K
 WARNING: Negative value(s) found on probability table for nuclide Cd106 at 294K
 WARNING: Negative value(s) found on probability table for nuclide Cd106 at 600K
 WARNING: Negative value(s) found on probability table for nuclide Cd106 at 900K
 WARNING: Negative value(s) found on probability table for nuclide Cd106 at
          1200K
 WARNING: Negative value(s) found on probability table for nuclide Cd106 at
          2500K
 Reading Cd108 from /home/diogo/openmc_data/endfb-vii.1-hdf5/neutron/Cd108.h5
 Reading Cd110 from /home/diogo/openmc_data/endfb-vii.1-hdf5/neutron/Cd110.h5
 Reading Cd111 from /home/diogo/openmc_data/endfb-vii.1-hdf5/neutron/Cd111.h5
 Reading Cd112 from /home/diogo/openmc_data/endfb-vii.1-hdf5/neutron/Cd112.h5
 Reading Cd113 from /home/diogo/openmc_data/endfb-vii.1-hdf5/neutron/Cd113.h5
 Reading Cd114 from /home/diogo/openmc_data/endfb-vii.1-hdf5/neutron/Cd114.h5
 Reading Cd115_m1 from
 /home/diogo/openmc_data/endfb-vii.1-hdf5/neutron/Cd115_m1.h5
 Reading Cd116 from /home/diogo/openmc_data/endfb-vii.1-hdf5/neutron/Cd116.h5
 Reading In113 from /home/diogo/openmc_data/endfb-vii.1-hdf5/neutron/In113.h5
 Reading In115 from /home/diogo/openmc_data/endfb-vii.1-hdf5/neutron/In115.h5
 Reading Sn113 from /home/diogo/openmc_data/endfb-vii.1-hdf5/neutron/Sn113.h5
 Reading Sn123 from /home/diogo/openmc_data/endfb-vii.1-hdf5/neutron/Sn123.h5
 WARNING: Negative value(s) found on probability table for nuclide Sn123 at 250K
 WARNING: Negative value(s) found on probability table for nuclide Sn123 at 294K
 WARNING: Negative value(s) found on probability table for nuclide Sn123 at 600K
 WARNING: Negative value(s) found on probability table for nuclide Sn123 at 900K
 WARNING: Negative value(s) found on probability table for nuclide Sn123 at
          1200K
 WARNING: Negative value(s) found on probability table for nuclide Sn123 at
          2500K
 Reading Sn125 from /home/diogo/openmc_data/endfb-vii.1-hdf5/neutron/Sn125.h5
 Reading Sn126 from /home/diogo/openmc_data/endfb-vii.1-hdf5/neutron/Sn126.h5
 Reading Sb121 from /home/diogo/openmc_data/endfb-vii.1-hdf5/neutron/Sb121.h5
 Reading Sb123 from /home/diogo/openmc_data/endfb-vii.1-hdf5/neutron/Sb123.h5
 Reading Sb124 from /home/diogo/openmc_data/endfb-vii.1-hdf5/neutron/Sb124.h5
 Reading Sb125 from /home/diogo/openmc_data/endfb-vii.1-hdf5/neutron/Sb125.h5
 Reading Sb126 from /home/diogo/openmc_data/endfb-vii.1-hdf5/neutron/Sb126.h5
 Reading Te120 from /home/diogo/openmc_data/endfb-vii.1-hdf5/neutron/Te120.h5
 WARNING: Negative value(s) found on probability table for nuclide Te120 at 600K
 WARNING: Negative value(s) found on probability table for nuclide Te120 at 900K
 WARNING: Negative value(s) found on probability table for nuclide Te120 at
          1200K
 WARNING: Negative value(s) found on probability table for nuclide Te120 at
          2500K
 Reading Te122 from /home/diogo/openmc_data/endfb-vii.1-hdf5/neutron/Te122.h5
 Reading Te123 from /home/diogo/openmc_data/endfb-vii.1-hdf5/neutron/Te123.h5
 Reading Te124 from /home/diogo/openmc_data/endfb-vii.1-hdf5/neutron/Te124.h5
 Reading Te125 from /home/diogo/openmc_data/endfb-vii.1-hdf5/neutron/Te125.h5
 Reading Te126 from /home/diogo/openmc_data/endfb-vii.1-hdf5/neutron/Te126.h5
 Reading Te127_m1 from
 /home/diogo/openmc_data/endfb-vii.1-hdf5/neutron/Te127_m1.h5
 Reading Te128 from /home/diogo/openmc_data/endfb-vii.1-hdf5/neutron/Te128.h5
 Reading Te129_m1 from
 /home/diogo/openmc_data/endfb-vii.1-hdf5/neutron/Te129_m1.h5
 Reading Te130 from /home/diogo/openmc_data/endfb-vii.1-hdf5/neutron/Te130.h5
 Reading Te132 from /home/diogo/openmc_data/endfb-vii.1-hdf5/neutron/Te132.h5
 Reading I127 from /home/diogo/openmc_data/endfb-vii.1-hdf5/neutron/I127.h5
 Reading I129 from /home/diogo/openmc_data/endfb-vii.1-hdf5/neutron/I129.h5
 Reading I130 from /home/diogo/openmc_data/endfb-vii.1-hdf5/neutron/I130.h5
 Reading I131 from /home/diogo/openmc_data/endfb-vii.1-hdf5/neutron/I131.h5
 WARNING: Negative value(s) found on probability table for nuclide I131 at 250K
 WARNING: Negative value(s) found on probability table for nuclide I131 at 294K
 WARNING: Negative value(s) found on probability table for nuclide I131 at 600K
 WARNING: Negative value(s) found on probability table for nuclide I131 at 900K
 WARNING: Negative value(s) found on probability table for nuclide I131 at 1200K
 WARNING: Negative value(s) found on probability table for nuclide I131 at 2500K
 Reading I135 from /home/diogo/openmc_data/endfb-vii.1-hdf5/neutron/I135.h5
 Reading Xe123 from /home/diogo/openmc_data/endfb-vii.1-hdf5/neutron/Xe123.h5
 Reading Xe124 from /home/diogo/openmc_data/endfb-vii.1-hdf5/neutron/Xe124.h5
 Reading Xe126 from /home/diogo/openmc_data/endfb-vii.1-hdf5/neutron/Xe126.h5
 Reading Xe128 from /home/diogo/openmc_data/endfb-vii.1-hdf5/neutron/Xe128.h5
 Reading Xe129 from /home/diogo/openmc_data/endfb-vii.1-hdf5/neutron/Xe129.h5
 Reading Xe130 from /home/diogo/openmc_data/endfb-vii.1-hdf5/neutron/Xe130.h5
 Reading Xe131 from /home/diogo/openmc_data/endfb-vii.1-hdf5/neutron/Xe131.h5
 Reading Xe132 from /home/diogo/openmc_data/endfb-vii.1-hdf5/neutron/Xe132.h5
 Reading Xe133 from /home/diogo/openmc_data/endfb-vii.1-hdf5/neutron/Xe133.h5
 WARNING: Negative value(s) found on probability table for nuclide Xe133 at
          2500K
 Reading Xe134 from /home/diogo/openmc_data/endfb-vii.1-hdf5/neutron/Xe134.h5
 Reading Xe135 from /home/diogo/openmc_data/endfb-vii.1-hdf5/neutron/Xe135.h5
 Reading Xe136 from /home/diogo/openmc_data/endfb-vii.1-hdf5/neutron/Xe136.h5
 Reading Cs133 from /home/diogo/openmc_data/endfb-vii.1-hdf5/neutron/Cs133.h5
 Reading Cs134 from /home/diogo/openmc_data/endfb-vii.1-hdf5/neutron/Cs134.h5
 Reading Cs135 from /home/diogo/openmc_data/endfb-vii.1-hdf5/neutron/Cs135.h5
 Reading Cs136 from /home/diogo/openmc_data/endfb-vii.1-hdf5/neutron/Cs136.h5
 WARNING: Negative value(s) found on probability table for nuclide Cs136 at 250K
 WARNING: Negative value(s) found on probability table for nuclide Cs136 at 294K
 WARNING: Negative value(s) found on probability table for nuclide Cs136 at 600K
 WARNING: Negative value(s) found on probability table for nuclide Cs136 at 900K
 WARNING: Negative value(s) found on probability table for nuclide Cs136 at
          1200K
 WARNING: Negative value(s) found on probability table for nuclide Cs136 at
          2500K
 Reading Cs137 from /home/diogo/openmc_data/endfb-vii.1-hdf5/neutron/Cs137.h5
 Reading Ba130 from /home/diogo/openmc_data/endfb-vii.1-hdf5/neutron/Ba130.h5
 Reading Ba132 from /home/diogo/openmc_data/endfb-vii.1-hdf5/neutron/Ba132.h5
 Reading Ba133 from /home/diogo/openmc_data/endfb-vii.1-hdf5/neutron/Ba133.h5
 Reading Ba134 from /home/diogo/openmc_data/endfb-vii.1-hdf5/neutron/Ba134.h5
 Reading Ba135 from /home/diogo/openmc_data/endfb-vii.1-hdf5/neutron/Ba135.h5
 Reading Ba136 from /home/diogo/openmc_data/endfb-vii.1-hdf5/neutron/Ba136.h5
 Reading Ba137 from /home/diogo/openmc_data/endfb-vii.1-hdf5/neutron/Ba137.h5
 Reading Ba138 from /home/diogo/openmc_data/endfb-vii.1-hdf5/neutron/Ba138.h5
 Reading Ba140 from /home/diogo/openmc_data/endfb-vii.1-hdf5/neutron/Ba140.h5
 Reading La138 from /home/diogo/openmc_data/endfb-vii.1-hdf5/neutron/La138.h5
 Reading La139 from /home/diogo/openmc_data/endfb-vii.1-hdf5/neutron/La139.h5
 Reading La140 from /home/diogo/openmc_data/endfb-vii.1-hdf5/neutron/La140.h5
 Reading Ce136 from /home/diogo/openmc_data/endfb-vii.1-hdf5/neutron/Ce136.h5
 Reading Ce138 from /home/diogo/openmc_data/endfb-vii.1-hdf5/neutron/Ce138.h5
 Reading Ce139 from /home/diogo/openmc_data/endfb-vii.1-hdf5/neutron/Ce139.h5
 Reading Ce140 from /home/diogo/openmc_data/endfb-vii.1-hdf5/neutron/Ce140.h5
 Reading Ce141 from /home/diogo/openmc_data/endfb-vii.1-hdf5/neutron/Ce141.h5
 Reading Ce142 from /home/diogo/openmc_data/endfb-vii.1-hdf5/neutron/Ce142.h5
 Reading Ce143 from /home/diogo/openmc_data/endfb-vii.1-hdf5/neutron/Ce143.h5
 Reading Ce144 from /home/diogo/openmc_data/endfb-vii.1-hdf5/neutron/Ce144.h5
 Reading Pr141 from /home/diogo/openmc_data/endfb-vii.1-hdf5/neutron/Pr141.h5
 Reading Pr142 from /home/diogo/openmc_data/endfb-vii.1-hdf5/neutron/Pr142.h5
 Reading Pr143 from /home/diogo/openmc_data/endfb-vii.1-hdf5/neutron/Pr143.h5
 Reading Nd142 from /home/diogo/openmc_data/endfb-vii.1-hdf5/neutron/Nd142.h5
 Reading Nd143 from /home/diogo/openmc_data/endfb-vii.1-hdf5/neutron/Nd143.h5
 Reading Nd144 from /home/diogo/openmc_data/endfb-vii.1-hdf5/neutron/Nd144.h5
 Reading Nd145 from /home/diogo/openmc_data/endfb-vii.1-hdf5/neutron/Nd145.h5
 Reading Nd146 from /home/diogo/openmc_data/endfb-vii.1-hdf5/neutron/Nd146.h5
 Reading Nd147 from /home/diogo/openmc_data/endfb-vii.1-hdf5/neutron/Nd147.h5
 Reading Nd148 from /home/diogo/openmc_data/endfb-vii.1-hdf5/neutron/Nd148.h5
 Reading Nd150 from /home/diogo/openmc_data/endfb-vii.1-hdf5/neutron/Nd150.h5
 Reading Pm147 from /home/diogo/openmc_data/endfb-vii.1-hdf5/neutron/Pm147.h5
 Reading Pm148 from /home/diogo/openmc_data/endfb-vii.1-hdf5/neutron/Pm148.h5
 Reading Pm148_m1 from
 /home/diogo/openmc_data/endfb-vii.1-hdf5/neutron/Pm148_m1.h5
 Reading Pm149 from /home/diogo/openmc_data/endfb-vii.1-hdf5/neutron/Pm149.h5
 Reading Pm151 from /home/diogo/openmc_data/endfb-vii.1-hdf5/neutron/Pm151.h5
 Reading Sm144 from /home/diogo/openmc_data/endfb-vii.1-hdf5/neutron/Sm144.h5
 Reading Sm147 from /home/diogo/openmc_data/endfb-vii.1-hdf5/neutron/Sm147.h5
 Reading Sm148 from /home/diogo/openmc_data/endfb-vii.1-hdf5/neutron/Sm148.h5
 Reading Sm149 from /home/diogo/openmc_data/endfb-vii.1-hdf5/neutron/Sm149.h5
 Reading Sm150 from /home/diogo/openmc_data/endfb-vii.1-hdf5/neutron/Sm150.h5
 Reading Sm151 from /home/diogo/openmc_data/endfb-vii.1-hdf5/neutron/Sm151.h5
 Reading Sm152 from /home/diogo/openmc_data/endfb-vii.1-hdf5/neutron/Sm152.h5
 Reading Sm153 from /home/diogo/openmc_data/endfb-vii.1-hdf5/neutron/Sm153.h5
 Reading Sm154 from /home/diogo/openmc_data/endfb-vii.1-hdf5/neutron/Sm154.h5
 Reading Eu151 from /home/diogo/openmc_data/endfb-vii.1-hdf5/neutron/Eu151.h5
 Reading Eu152 from /home/diogo/openmc_data/endfb-vii.1-hdf5/neutron/Eu152.h5
 Reading Eu153 from /home/diogo/openmc_data/endfb-vii.1-hdf5/neutron/Eu153.h5
 Reading Eu154 from /home/diogo/openmc_data/endfb-vii.1-hdf5/neutron/Eu154.h5
 Reading Eu155 from /home/diogo/openmc_data/endfb-vii.1-hdf5/neutron/Eu155.h5
 Reading Eu156 from /home/diogo/openmc_data/endfb-vii.1-hdf5/neutron/Eu156.h5
 WARNING: Negative value(s) found on probability table for nuclide Eu156 at 250K
 WARNING: Negative value(s) found on probability table for nuclide Eu156 at 294K
 WARNING: Negative value(s) found on probability table for nuclide Eu156 at 600K
 WARNING: Negative value(s) found on probability table for nuclide Eu156 at 900K
 WARNING: Negative value(s) found on probability table for nuclide Eu156 at
          1200K
 WARNING: Negative value(s) found on probability table for nuclide Eu156 at
          2500K
 Reading Eu157 from /home/diogo/openmc_data/endfb-vii.1-hdf5/neutron/Eu157.h5
 Reading Gd153 from /home/diogo/openmc_data/endfb-vii.1-hdf5/neutron/Gd153.h5
 Reading Tb159 from /home/diogo/openmc_data/endfb-vii.1-hdf5/neutron/Tb159.h5
 Reading Tb160 from /home/diogo/openmc_data/endfb-vii.1-hdf5/neutron/Tb160.h5
 Reading Dy156 from /home/diogo/openmc_data/endfb-vii.1-hdf5/neutron/Dy156.h5
 Reading Dy158 from /home/diogo/openmc_data/endfb-vii.1-hdf5/neutron/Dy158.h5
 Reading Dy160 from /home/diogo/openmc_data/endfb-vii.1-hdf5/neutron/Dy160.h5
 Reading Dy161 from /home/diogo/openmc_data/endfb-vii.1-hdf5/neutron/Dy161.h5
 Reading Dy162 from /home/diogo/openmc_data/endfb-vii.1-hdf5/neutron/Dy162.h5
 Reading Dy163 from /home/diogo/openmc_data/endfb-vii.1-hdf5/neutron/Dy163.h5
 Reading Dy164 from /home/diogo/openmc_data/endfb-vii.1-hdf5/neutron/Dy164.h5
 Reading Ho165 from /home/diogo/openmc_data/endfb-vii.1-hdf5/neutron/Ho165.h5
 Reading Ho166_m1 from
 /home/diogo/openmc_data/endfb-vii.1-hdf5/neutron/Ho166_m1.h5
 Reading Er162 from /home/diogo/openmc_data/endfb-vii.1-hdf5/neutron/Er162.h5
 Reading Er164 from /home/diogo/openmc_data/endfb-vii.1-hdf5/neutron/Er164.h5
 Reading Er166 from /home/diogo/openmc_data/endfb-vii.1-hdf5/neutron/Er166.h5
 Reading Er167 from /home/diogo/openmc_data/endfb-vii.1-hdf5/neutron/Er167.h5
 Reading Er168 from /home/diogo/openmc_data/endfb-vii.1-hdf5/neutron/Er168.h5
 Reading Er170 from /home/diogo/openmc_data/endfb-vii.1-hdf5/neutron/Er170.h5
 Reading Tm168 from /home/diogo/openmc_data/endfb-vii.1-hdf5/neutron/Tm168.h5
 Reading Tm169 from /home/diogo/openmc_data/endfb-vii.1-hdf5/neutron/Tm169.h5
 Reading Tm170 from /home/diogo/openmc_data/endfb-vii.1-hdf5/neutron/Tm170.h5
 Reading Hg202 from /home/diogo/openmc_data/endfb-vii.1-hdf5/neutron/Hg202.h5
 Reading Hg204 from /home/diogo/openmc_data/endfb-vii.1-hdf5/neutron/Hg204.h5
 Reading Tl205 from /home/diogo/openmc_data/endfb-vii.1-hdf5/neutron/Tl205.h5
 Reading Pb207 from /home/diogo/openmc_data/endfb-vii.1-hdf5/neutron/Pb207.h5
 Reading Pb208 from /home/diogo/openmc_data/endfb-vii.1-hdf5/neutron/Pb208.h5
 Reading Bi209 from /home/diogo/openmc_data/endfb-vii.1-hdf5/neutron/Bi209.h5
 Reading Ra223 from /home/diogo/openmc_data/endfb-vii.1-hdf5/neutron/Ra223.h5
 Reading Ra224 from /home/diogo/openmc_data/endfb-vii.1-hdf5/neutron/Ra224.h5
 Reading Ra225 from /home/diogo/openmc_data/endfb-vii.1-hdf5/neutron/Ra225.h5
 Reading Ra226 from /home/diogo/openmc_data/endfb-vii.1-hdf5/neutron/Ra226.h5
 Reading Ac225 from /home/diogo/openmc_data/endfb-vii.1-hdf5/neutron/Ac225.h5
 Reading Ac226 from /home/diogo/openmc_data/endfb-vii.1-hdf5/neutron/Ac226.h5
 Reading Ac227 from /home/diogo/openmc_data/endfb-vii.1-hdf5/neutron/Ac227.h5
 Reading Th227 from /home/diogo/openmc_data/endfb-vii.1-hdf5/neutron/Th227.h5
 Reading Th228 from /home/diogo/openmc_data/endfb-vii.1-hdf5/neutron/Th228.h5
 Reading Th229 from /home/diogo/openmc_data/endfb-vii.1-hdf5/neutron/Th229.h5
 Reading Th230 from /home/diogo/openmc_data/endfb-vii.1-hdf5/neutron/Th230.h5
 Reading Th231 from /home/diogo/openmc_data/endfb-vii.1-hdf5/neutron/Th231.h5
 Reading Th232 from /home/diogo/openmc_data/endfb-vii.1-hdf5/neutron/Th232.h5
 Reading Th233 from /home/diogo/openmc_data/endfb-vii.1-hdf5/neutron/Th233.h5
 Reading Th234 from /home/diogo/openmc_data/endfb-vii.1-hdf5/neutron/Th234.h5
 Reading Pa229 from /home/diogo/openmc_data/endfb-vii.1-hdf5/neutron/Pa229.h5
 Reading Pa230 from /home/diogo/openmc_data/endfb-vii.1-hdf5/neutron/Pa230.h5
 Reading Pa231 from /home/diogo/openmc_data/endfb-vii.1-hdf5/neutron/Pa231.h5
 Reading Pa232 from /home/diogo/openmc_data/endfb-vii.1-hdf5/neutron/Pa232.h5
 Reading Pa233 from /home/diogo/openmc_data/endfb-vii.1-hdf5/neutron/Pa233.h5
 Reading U230 from /home/diogo/openmc_data/endfb-vii.1-hdf5/neutron/U230.h5
 Reading U231 from /home/diogo/openmc_data/endfb-vii.1-hdf5/neutron/U231.h5
 Reading U232 from /home/diogo/openmc_data/endfb-vii.1-hdf5/neutron/U232.h5
 Reading U233 from /home/diogo/openmc_data/endfb-vii.1-hdf5/neutron/U233.h5
 Reading U236 from /home/diogo/openmc_data/endfb-vii.1-hdf5/neutron/U236.h5
 Reading U237 from /home/diogo/openmc_data/endfb-vii.1-hdf5/neutron/U237.h5
 Reading U239 from /home/diogo/openmc_data/endfb-vii.1-hdf5/neutron/U239.h5
 Reading U240 from /home/diogo/openmc_data/endfb-vii.1-hdf5/neutron/U240.h5
 Reading U241 from /home/diogo/openmc_data/endfb-vii.1-hdf5/neutron/U241.h5
 Reading Np234 from /home/diogo/openmc_data/endfb-vii.1-hdf5/neutron/Np234.h5
 Reading Np235 from /home/diogo/openmc_data/endfb-vii.1-hdf5/neutron/Np235.h5
 Reading Np236 from /home/diogo/openmc_data/endfb-vii.1-hdf5/neutron/Np236.h5
 Reading Np237 from /home/diogo/openmc_data/endfb-vii.1-hdf5/neutron/Np237.h5
 Reading Np238 from /home/diogo/openmc_data/endfb-vii.1-hdf5/neutron/Np238.h5
 Reading Np239 from /home/diogo/openmc_data/endfb-vii.1-hdf5/neutron/Np239.h5
 Reading Pu236 from /home/diogo/openmc_data/endfb-vii.1-hdf5/neutron/Pu236.h5
 Reading Pu237 from /home/diogo/openmc_data/endfb-vii.1-hdf5/neutron/Pu237.h5
 Reading Pu238 from /home/diogo/openmc_data/endfb-vii.1-hdf5/neutron/Pu238.h5
 Reading Pu239 from /home/diogo/openmc_data/endfb-vii.1-hdf5/neutron/Pu239.h5
 Reading Pu240 from /home/diogo/openmc_data/endfb-vii.1-hdf5/neutron/Pu240.h5
 Reading Pu241 from /home/diogo/openmc_data/endfb-vii.1-hdf5/neutron/Pu241.h5
 Reading Pu242 from /home/diogo/openmc_data/endfb-vii.1-hdf5/neutron/Pu242.h5
 Reading Pu243 from /home/diogo/openmc_data/endfb-vii.1-hdf5/neutron/Pu243.h5
 Reading Pu244 from /home/diogo/openmc_data/endfb-vii.1-hdf5/neutron/Pu244.h5
 Reading Pu246 from /home/diogo/openmc_data/endfb-vii.1-hdf5/neutron/Pu246.h5
 Reading Am240 from /home/diogo/openmc_data/endfb-vii.1-hdf5/neutron/Am240.h5
 Reading Am241 from /home/diogo/openmc_data/endfb-vii.1-hdf5/neutron/Am241.h5
 Reading Am242 from /home/diogo/openmc_data/endfb-vii.1-hdf5/neutron/Am242.h5
 Reading Am242_m1 from
 /home/diogo/openmc_data/endfb-vii.1-hdf5/neutron/Am242_m1.h5
 Reading Am243 from /home/diogo/openmc_data/endfb-vii.1-hdf5/neutron/Am243.h5
 Reading Am244 from /home/diogo/openmc_data/endfb-vii.1-hdf5/neutron/Am244.h5
 Reading Am244_m1 from
 /home/diogo/openmc_data/endfb-vii.1-hdf5/neutron/Am244_m1.h5
 Reading Cm240 from /home/diogo/openmc_data/endfb-vii.1-hdf5/neutron/Cm240.h5
 Reading Cm241 from /home/diogo/openmc_data/endfb-vii.1-hdf5/neutron/Cm241.h5
 Reading Cm242 from /home/diogo/openmc_data/endfb-vii.1-hdf5/neutron/Cm242.h5
 Reading Cm243 from /home/diogo/openmc_data/endfb-vii.1-hdf5/neutron/Cm243.h5
 Reading Cm244 from /home/diogo/openmc_data/endfb-vii.1-hdf5/neutron/Cm244.h5
 Reading Cm245 from /home/diogo/openmc_data/endfb-vii.1-hdf5/neutron/Cm245.h5
 Reading Cm246 from /home/diogo/openmc_data/endfb-vii.1-hdf5/neutron/Cm246.h5
 Reading Cm247 from /home/diogo/openmc_data/endfb-vii.1-hdf5/neutron/Cm247.h5
 Reading Cm248 from /home/diogo/openmc_data/endfb-vii.1-hdf5/neutron/Cm248.h5
 Reading Cm249 from /home/diogo/openmc_data/endfb-vii.1-hdf5/neutron/Cm249.h5
 Reading Cm250 from /home/diogo/openmc_data/endfb-vii.1-hdf5/neutron/Cm250.h5
 Reading Bk245 from /home/diogo/openmc_data/endfb-vii.1-hdf5/neutron/Bk245.h5
 Reading Bk246 from /home/diogo/openmc_data/endfb-vii.1-hdf5/neutron/Bk246.h5
 Reading Bk247 from /home/diogo/openmc_data/endfb-vii.1-hdf5/neutron/Bk247.h5
 Reading Bk248 from /home/diogo/openmc_data/endfb-vii.1-hdf5/neutron/Bk248.h5
 Reading Bk249 from /home/diogo/openmc_data/endfb-vii.1-hdf5/neutron/Bk249.h5
 Reading Bk250 from /home/diogo/openmc_data/endfb-vii.1-hdf5/neutron/Bk250.h5
 Reading Cf246 from /home/diogo/openmc_data/endfb-vii.1-hdf5/neutron/Cf246.h5
 Reading Cf248 from /home/diogo/openmc_data/endfb-vii.1-hdf5/neutron/Cf248.h5
 Reading Cf249 from /home/diogo/openmc_data/endfb-vii.1-hdf5/neutron/Cf249.h5
 Reading Cf250 from /home/diogo/openmc_data/endfb-vii.1-hdf5/neutron/Cf250.h5
 WARNING: Negative value(s) found on probability table for nuclide Cf250 at 250K
 WARNING: Negative value(s) found on probability table for nuclide Cf250 at 294K
 WARNING: Negative value(s) found on probability table for nuclide Cf250 at 900K
 WARNING: Negative value(s) found on probability table for nuclide Cf250 at
          1200K
 Reading Cf251 from /home/diogo/openmc_data/endfb-vii.1-hdf5/neutron/Cf251.h5
 Reading Cf252 from /home/diogo/openmc_data/endfb-vii.1-hdf5/neutron/Cf252.h5
 Reading Cf253 from /home/diogo/openmc_data/endfb-vii.1-hdf5/neutron/Cf253.h5
 Reading Es253 from /home/diogo/openmc_data/endfb-vii.1-hdf5/neutron/Es253.h5
 Reading Ir191 from /home/diogo/openmc_data/endfb-vii.1-hdf5/neutron/Ir191.h5
 Reading Ir193 from /home/diogo/openmc_data/endfb-vii.1-hdf5/neutron/Ir193.h5
 Reading Hg198 from /home/diogo/openmc_data/endfb-vii.1-hdf5/neutron/Hg198.h5
 Reading Hg199 from /home/diogo/openmc_data/endfb-vii.1-hdf5/neutron/Hg199.h5
 Reading Hg200 from /home/diogo/openmc_data/endfb-vii.1-hdf5/neutron/Hg200.h5
 Reading Hg201 from /home/diogo/openmc_data/endfb-vii.1-hdf5/neutron/Hg201.h5
 Reading Tl203 from /home/diogo/openmc_data/endfb-vii.1-hdf5/neutron/Tl203.h5
 Reading Pb204 from /home/diogo/openmc_data/endfb-vii.1-hdf5/neutron/Pb204.h5
 Reading Pb206 from /home/diogo/openmc_data/endfb-vii.1-hdf5/neutron/Pb206.h5
 Reading Cf254 from /home/diogo/openmc_data/endfb-vii.1-hdf5/neutron/Cf254.h5
 Reading Es251 from /home/diogo/openmc_data/endfb-vii.1-hdf5/neutron/Es251.h5
 Reading Es252 from /home/diogo/openmc_data/endfb-vii.1-hdf5/neutron/Es252.h5
 Reading Es254 from /home/diogo/openmc_data/endfb-vii.1-hdf5/neutron/Es254.h5
 Reading Es254_m1 from
 /home/diogo/openmc_data/endfb-vii.1-hdf5/neutron/Es254_m1.h5
 Reading Es255 from /home/diogo/openmc_data/endfb-vii.1-hdf5/neutron/Es255.h5
 Reading Fm255 from /home/diogo/openmc_data/endfb-vii.1-hdf5/neutron/Fm255.h5
 Reading Au197 from /home/diogo/openmc_data/endfb-vii.1-hdf5/neutron/Au197.h5
 Reading Hg196 from /home/diogo/openmc_data/endfb-vii.1-hdf5/neutron/Hg196.h5
 Reading Be9 from /home/diogo/openmc_data/endfb-vii.1-hdf5/neutron/Be9.h5
 Reading Ca48 from /home/diogo/openmc_data/endfb-vii.1-hdf5/neutron/Ca48.h5
 Reading Co58_m1 from
 /home/diogo/openmc_data/endfb-vii.1-hdf5/neutron/Co58_m1.h5
 Reading Lu175 from /home/diogo/openmc_data/endfb-vii.1-hdf5/neutron/Lu175.h5
 Reading Lu176 from /home/diogo/openmc_data/endfb-vii.1-hdf5/neutron/Lu176.h5
 Reading Hf174 from /home/diogo/openmc_data/endfb-vii.1-hdf5/neutron/Hf174.h5
 Reading Hf176 from /home/diogo/openmc_data/endfb-vii.1-hdf5/neutron/Hf176.h5
 Reading Hf177 from /home/diogo/openmc_data/endfb-vii.1-hdf5/neutron/Hf177.h5
 Reading Hf178 from /home/diogo/openmc_data/endfb-vii.1-hdf5/neutron/Hf178.h5
 Reading Hf179 from /home/diogo/openmc_data/endfb-vii.1-hdf5/neutron/Hf179.h5
 Reading Hf180 from /home/diogo/openmc_data/endfb-vii.1-hdf5/neutron/Hf180.h5
 Reading Ta180 from /home/diogo/openmc_data/endfb-vii.1-hdf5/neutron/Ta180.h5
 Reading Ta181 from /home/diogo/openmc_data/endfb-vii.1-hdf5/neutron/Ta181.h5
 Reading Ta182 from /home/diogo/openmc_data/endfb-vii.1-hdf5/neutron/Ta182.h5
 Reading W180 from /home/diogo/openmc_data/endfb-vii.1-hdf5/neutron/W180.h5
 Reading W182 from /home/diogo/openmc_data/endfb-vii.1-hdf5/neutron/W182.h5
 Reading W183 from /home/diogo/openmc_data/endfb-vii.1-hdf5/neutron/W183.h5
 Reading W184 from /home/diogo/openmc_data/endfb-vii.1-hdf5/neutron/W184.h5
 Reading W186 from /home/diogo/openmc_data/endfb-vii.1-hdf5/neutron/W186.h5
 Reading Re185 from /home/diogo/openmc_data/endfb-vii.1-hdf5/neutron/Re185.h5
 Reading Re187 from /home/diogo/openmc_data/endfb-vii.1-hdf5/neutron/Re187.h5
 Maximum neutron transport energy: 20000000 eV for H1
 Initializing source particles...

 ====================>     K EIGENVALUE SIMULATION     <====================

  Bat./Gen.      k       Entropy         Average k 
  =========   ========   ========   ====================
        1/1    1.10061    5.95751
        2/1    1.10089    5.96747
        3/1    1.11023    5.96507
        4/1    1.09518    5.96910
        5/1    1.08424    5.96930
        6/1    1.13805    5.96686
        7/1    1.07880    5.96516
        8/1    1.09670    5.96297
        9/1    1.09644    5.97408
       10/1    1.10215    5.96911
       11/1    1.07919    5.96317
       12/1    1.08223    5.96202
       13/1    1.11686    5.96006
       14/1    1.10633    5.96491
       15/1    1.11064    5.96744
       16/1    1.09042    5.96213
       17/1    1.12829    5.96599
       18/1    1.05829    5.97387
       19/1    1.05696    5.97065
       20/1    1.05298    5.96349
       21/1    1.06845    5.96861
       22/1    1.12953    5.95853    1.09899 +/- 0.03054
       23/1    1.04146    5.97250    1.07981 +/- 0.02605
       24/1    1.07757    5.96423    1.07925 +/- 0.01843
       25/1    1.09177    5.96410    1.08176 +/- 0.01449
       26/1    1.14293    5.97120    1.09195 +/- 0.01562
       27/1    1.10143    5.96526    1.09331 +/- 0.01327
       28/1    1.11505    5.97553    1.09602 +/- 0.01181
       29/1    1.14275    5.96009    1.10122 +/- 0.01164
       30/1    1.06614    5.96531    1.09771 +/- 0.01098
       31/1    1.04150    5.96293    1.09260 +/- 0.01117
       32/1    1.04819    5.95630    1.08890 +/- 0.01085
       33/1    1.09433    5.97123    1.08932 +/- 0.00999
       34/1    1.10107    5.96905    1.09016 +/- 0.00929
       35/1    1.11844    5.96611    1.09204 +/- 0.00885
       36/1    1.11612    5.97823    1.09355 +/- 0.00841
       37/1    1.09934    5.97433    1.09389 +/- 0.00791
       38/1    1.09200    5.97122    1.09378 +/- 0.00746
       39/1    1.10988    5.96523    1.09463 +/- 0.00710
       40/1    1.09566    5.96823    1.09468 +/- 0.00674
       41/1    1.09358    5.97789    1.09463 +/- 0.00641
       42/1    1.08045    5.96876    1.09398 +/- 0.00615
       43/1    1.09166    5.97097    1.09388 +/- 0.00587
       44/1    1.06151    5.96994    1.09253 +/- 0.00578
       45/1    1.07592    5.97258    1.09187 +/- 0.00559
       46/1    1.09569    5.96433    1.09202 +/- 0.00537
       47/1    1.10152    5.95894    1.09237 +/- 0.00518
       48/1    1.11807    5.96985    1.09329 +/- 0.00507
       49/1    1.10042    5.95670    1.09353 +/- 0.00490
       50/1    1.08204    5.96798    1.09315 +/- 0.00475
       51/1    1.09653    5.96777    1.09326 +/- 0.00460
       52/1    1.12035    5.97014    1.09411 +/- 0.00453
       53/1    1.11591    5.97167    1.09477 +/- 0.00444
       54/1    1.10848    5.96660    1.09517 +/- 0.00433
       55/1    1.10874    5.97356    1.09556 +/- 0.00422
       56/1    1.08245    5.96906    1.09519 +/- 0.00412
       57/1    1.10240    5.96966    1.09539 +/- 0.00401
       58/1    1.12527    5.96215    1.09617 +/- 0.00398
       59/1    1.07942    5.96194    1.09574 +/- 0.00390
       60/1    1.10840    5.96545    1.09606 +/- 0.00382
 Creating state point statepoint.60.h5...

 =======================>     TIMING STATISTICS     <=======================

 Total time for initialization     = 6.2025e+00 seconds
   Reading cross sections          = 5.3785e+00 seconds
 Total time in simulation          = 4.0722e+01 seconds
   Time in transport only          = 4.0559e+01 seconds
   Time in inactive batches        = 8.0078e+00 seconds
   Time in active batches          = 3.2714e+01 seconds
   Time synchronizing fission bank = 2.3173e-02 seconds
     Sampling source sites         = 2.0580e-02 seconds
     SEND/RECV source sites        = 2.3173e-03 seconds
   Time accumulating tallies       = 8.2925e-02 seconds
   Time writing statepoints        = 2.8250e-02 seconds
 Total time for finalization       = 7.2508e-04 seconds
 Total time elapsed                = 4.7397e+01 seconds
 Calculation Rate (inactive)       = 9990.22 particles/second
 Calculation Rate (active)         = 4890.91 particles/second

 ============================>     RESULTS     <============================

 k-effective (Collision)     = 1.09431 +/- 0.00311
 k-effective (Track-length)  = 1.09606 +/- 0.00382
 k-effective (Absorption)    = 1.09514 +/- 0.00292
 Combined k-effective        = 1.09497 +/- 0.00253
 Leakage Fraction            = 0.00000 +/- 0.00000

 Creating state point openmc_simulation_n3.h5...
[t64b] threads 64, seed 1130245551, bu [0.0, 0.5, 1.5, 1.6]
[t64b] k 1.1157872707434457  1.0940851780042467  1.0972093940929866  1.0949663942647758   (4.2 min)
                                %%%%%%%%%%%%%%%
                           %%%%%%%%%%%%%%%%%%%%%%%%
                        %%%%%%%%%%%%%%%%%%%%%%%%%%%%%%
                      %%%%%%%%%%%%%%%%%%%%%%%%%%%%%%%%%%
                    %%%%%%%%%%%%%%%%%%%%%%%%%%%%%%%%%%%%%%
                   %%%%%%%%%%%%%%%%%%%%%%%%%%%%%%%%%%%%%%%%
                                    %%%%%%%%%%%%%%%%%%%%%%%%
                                     %%%%%%%%%%%%%%%%%%%%%%%%
                 ###############      %%%%%%%%%%%%%%%%%%%%%%%%
                ##################     %%%%%%%%%%%%%%%%%%%%%%%
                ###################     %%%%%%%%%%%%%%%%%%%%%%%
                ####################     %%%%%%%%%%%%%%%%%%%%%%
                #####################     %%%%%%%%%%%%%%%%%%%%%
                ######################     %%%%%%%%%%%%%%%%%%%%
                #######################     %%%%%%%%%%%%%%%%%%
                 #######################     %%%%%%%%%%%%%%%%%
                 ######################     %%%%%%%%%%%%%%%%%
                  ####################     %%%%%%%%%%%%%%%%%
                    #################     %%%%%%%%%%%%%%%%%
                     ###############     %%%%%%%%%%%%%%%%
                       ############     %%%%%%%%%%%%%%%
                          ########     %%%%%%%%%%%%%%
                                      %%%%%%%%%%%

                 | The OpenMC Monte Carlo Code
       Copyright | 2011-2025 MIT, UChicago Argonne LLC, and contributors
         License | https://docs.openmc.org/en/latest/license.html
         Version | 0.15.3
     Commit Hash | 27e38e894697bb32a1dac7848d2618818b6b8daf
       Date/Time | 2026-09-26 20:09:12
   MPI Processes | 1
  OpenMP Threads | 1

 Reading settings XML file...
 Reading cross sections XML file...
 Reading chain file: /home/diogo/openmc_data/chain_endfb71_pwr.xml...
 Reading materials XML file...
 Reading geometry XML file...
 Reading H1 from /home/diogo/openmc_data/endfb-vii.1-hdf5/neutron/H1.h5
 Reading H2 from /home/diogo/openmc_data/endfb-vii.1-hdf5/neutron/H2.h5
 Reading B10 from /home/diogo/openmc_data/endfb-vii.1-hdf5/neutron/B10.h5
 Reading B11 from /home/diogo/openmc_data/endfb-vii.1-hdf5/neutron/B11.h5
 Reading O16 from /home/diogo/openmc_data/endfb-vii.1-hdf5/neutron/O16.h5
 Reading O17 from /home/diogo/openmc_data/endfb-vii.1-hdf5/neutron/O17.h5
 Reading Cr50 from /home/diogo/openmc_data/endfb-vii.1-hdf5/neutron/Cr50.h5
 Reading Cr52 from /home/diogo/openmc_data/endfb-vii.1-hdf5/neutron/Cr52.h5
 Reading Cr53 from /home/diogo/openmc_data/endfb-vii.1-hdf5/neutron/Cr53.h5
 Reading Cr54 from /home/diogo/openmc_data/endfb-vii.1-hdf5/neutron/Cr54.h5
 Reading Fe54 from /home/diogo/openmc_data/endfb-vii.1-hdf5/neutron/Fe54.h5
 Reading Fe56 from /home/diogo/openmc_data/endfb-vii.1-hdf5/neutron/Fe56.h5
 Reading Fe57 from /home/diogo/openmc_data/endfb-vii.1-hdf5/neutron/Fe57.h5
 Reading Fe58 from /home/diogo/openmc_data/endfb-vii.1-hdf5/neutron/Fe58.h5
 Reading Zr90 from /home/diogo/openmc_data/endfb-vii.1-hdf5/neutron/Zr90.h5
 Reading Zr91 from /home/diogo/openmc_data/endfb-vii.1-hdf5/neutron/Zr91.h5
 Reading Zr92 from /home/diogo/openmc_data/endfb-vii.1-hdf5/neutron/Zr92.h5
 Reading Zr94 from /home/diogo/openmc_data/endfb-vii.1-hdf5/neutron/Zr94.h5
 Reading Zr96 from /home/diogo/openmc_data/endfb-vii.1-hdf5/neutron/Zr96.h5
 Reading Sn112 from /home/diogo/openmc_data/endfb-vii.1-hdf5/neutron/Sn112.h5
 Reading Sn114 from /home/diogo/openmc_data/endfb-vii.1-hdf5/neutron/Sn114.h5
 Reading Sn115 from /home/diogo/openmc_data/endfb-vii.1-hdf5/neutron/Sn115.h5
 Reading Sn116 from /home/diogo/openmc_data/endfb-vii.1-hdf5/neutron/Sn116.h5
 Reading Sn117 from /home/diogo/openmc_data/endfb-vii.1-hdf5/neutron/Sn117.h5
 Reading Sn118 from /home/diogo/openmc_data/endfb-vii.1-hdf5/neutron/Sn118.h5
 Reading Sn119 from /home/diogo/openmc_data/endfb-vii.1-hdf5/neutron/Sn119.h5
 Reading Sn120 from /home/diogo/openmc_data/endfb-vii.1-hdf5/neutron/Sn120.h5
 Reading Sn122 from /home/diogo/openmc_data/endfb-vii.1-hdf5/neutron/Sn122.h5
 Reading Sn124 from /home/diogo/openmc_data/endfb-vii.1-hdf5/neutron/Sn124.h5
 Reading He3 from /home/diogo/openmc_data/endfb-vii.1-hdf5/neutron/He3.h5
 Reading He4 from /home/diogo/openmc_data/endfb-vii.1-hdf5/neutron/He4.h5
 Reading U234 from /home/diogo/openmc_data/endfb-vii.1-hdf5/neutron/U234.h5
 Reading U235 from /home/diogo/openmc_data/endfb-vii.1-hdf5/neutron/U235.h5
 Reading U238 from /home/diogo/openmc_data/endfb-vii.1-hdf5/neutron/U238.h5
 Reading Gd152 from /home/diogo/openmc_data/endfb-vii.1-hdf5/neutron/Gd152.h5
 Reading Gd154 from /home/diogo/openmc_data/endfb-vii.1-hdf5/neutron/Gd154.h5
 Reading Gd155 from /home/diogo/openmc_data/endfb-vii.1-hdf5/neutron/Gd155.h5
 Reading Gd156 from /home/diogo/openmc_data/endfb-vii.1-hdf5/neutron/Gd156.h5
 Reading Gd157 from /home/diogo/openmc_data/endfb-vii.1-hdf5/neutron/Gd157.h5
 Reading Gd158 from /home/diogo/openmc_data/endfb-vii.1-hdf5/neutron/Gd158.h5
 Reading Gd160 from /home/diogo/openmc_data/endfb-vii.1-hdf5/neutron/Gd160.h5
 Reading c_H_in_H2O from
 /home/diogo/openmc_data/endfb-vii.1-hdf5/neutron/c_H_in_H2O.h5
 Minimum neutron data temperature: 294 K
 Maximum neutron data temperature: 2500 K
 Reading tallies XML file...
 Preparing distributed cell instances...
 Reading plot XML file...
 Writing summary.h5 file...
[openmc.deplete] t=0.0 s, dt=4327203.051553669 s, source=1491105.972264863
 Reading H3 from /home/diogo/openmc_data/endfb-vii.1-hdf5/neutron/H3.h5
 Reading Li6 from /home/diogo/openmc_data/endfb-vii.1-hdf5/neutron/Li6.h5
 Reading Li7 from /home/diogo/openmc_data/endfb-vii.1-hdf5/neutron/Li7.h5
 Reading Be9 from /home/diogo/openmc_data/endfb-vii.1-hdf5/neutron/Be9.h5
 Reading N14 from /home/diogo/openmc_data/endfb-vii.1-hdf5/neutron/N14.h5
 Reading N15 from /home/diogo/openmc_data/endfb-vii.1-hdf5/neutron/N15.h5
 Reading F19 from /home/diogo/openmc_data/endfb-vii.1-hdf5/neutron/F19.h5
 Reading Na22 from /home/diogo/openmc_data/endfb-vii.1-hdf5/neutron/Na22.h5
 WARNING: Negative value(s) found on probability table for nuclide Na22 at 250K
 WARNING: Negative value(s) found on probability table for nuclide Na22 at 294K
 WARNING: Negative value(s) found on probability table for nuclide Na22 at 600K
 WARNING: Negative value(s) found on probability table for nuclide Na22 at 900K
 WARNING: Negative value(s) found on probability table for nuclide Na22 at 1200K
 WARNING: Negative value(s) found on probability table for nuclide Na22 at 2500K
 Reading Na23 from /home/diogo/openmc_data/endfb-vii.1-hdf5/neutron/Na23.h5
 Reading Mg24 from /home/diogo/openmc_data/endfb-vii.1-hdf5/neutron/Mg24.h5
 Reading Mg25 from /home/diogo/openmc_data/endfb-vii.1-hdf5/neutron/Mg25.h5
 Reading Mg26 from /home/diogo/openmc_data/endfb-vii.1-hdf5/neutron/Mg26.h5
 Reading Al27 from /home/diogo/openmc_data/endfb-vii.1-hdf5/neutron/Al27.h5
 Reading Si28 from /home/diogo/openmc_data/endfb-vii.1-hdf5/neutron/Si28.h5
 Reading Si29 from /home/diogo/openmc_data/endfb-vii.1-hdf5/neutron/Si29.h5
 Reading Si30 from /home/diogo/openmc_data/endfb-vii.1-hdf5/neutron/Si30.h5
 Reading P31 from /home/diogo/openmc_data/endfb-vii.1-hdf5/neutron/P31.h5
 Reading S32 from /home/diogo/openmc_data/endfb-vii.1-hdf5/neutron/S32.h5
 Reading S33 from /home/diogo/openmc_data/endfb-vii.1-hdf5/neutron/S33.h5
 Reading S34 from /home/diogo/openmc_data/endfb-vii.1-hdf5/neutron/S34.h5
 Reading S36 from /home/diogo/openmc_data/endfb-vii.1-hdf5/neutron/S36.h5
 Reading Cl35 from /home/diogo/openmc_data/endfb-vii.1-hdf5/neutron/Cl35.h5
 Reading Cl37 from /home/diogo/openmc_data/endfb-vii.1-hdf5/neutron/Cl37.h5
 Reading Ar36 from /home/diogo/openmc_data/endfb-vii.1-hdf5/neutron/Ar36.h5
 WARNING: Negative value(s) found on probability table for nuclide Ar36 at 250K
 WARNING: Negative value(s) found on probability table for nuclide Ar36 at 294K
 WARNING: Negative value(s) found on probability table for nuclide Ar36 at 600K
 WARNING: Negative value(s) found on probability table for nuclide Ar36 at 900K
 WARNING: Negative value(s) found on probability table for nuclide Ar36 at 1200K
 WARNING: Negative value(s) found on probability table for nuclide Ar36 at 2500K
 Reading Ar38 from /home/diogo/openmc_data/endfb-vii.1-hdf5/neutron/Ar38.h5
 Reading Ar40 from /home/diogo/openmc_data/endfb-vii.1-hdf5/neutron/Ar40.h5
 Reading K39 from /home/diogo/openmc_data/endfb-vii.1-hdf5/neutron/K39.h5
 Reading K40 from /home/diogo/openmc_data/endfb-vii.1-hdf5/neutron/K40.h5
 Reading K41 from /home/diogo/openmc_data/endfb-vii.1-hdf5/neutron/K41.h5
 Reading Ca40 from /home/diogo/openmc_data/endfb-vii.1-hdf5/neutron/Ca40.h5
 Reading Ca42 from /home/diogo/openmc_data/endfb-vii.1-hdf5/neutron/Ca42.h5
 Reading Ca43 from /home/diogo/openmc_data/endfb-vii.1-hdf5/neutron/Ca43.h5
 Reading Ca44 from /home/diogo/openmc_data/endfb-vii.1-hdf5/neutron/Ca44.h5
 Reading Ca46 from /home/diogo/openmc_data/endfb-vii.1-hdf5/neutron/Ca46.h5
 Reading Ca48 from /home/diogo/openmc_data/endfb-vii.1-hdf5/neutron/Ca48.h5
 Reading Sc45 from /home/diogo/openmc_data/endfb-vii.1-hdf5/neutron/Sc45.h5
 Reading Ti46 from /home/diogo/openmc_data/endfb-vii.1-hdf5/neutron/Ti46.h5
 Reading Ti47 from /home/diogo/openmc_data/endfb-vii.1-hdf5/neutron/Ti47.h5
 Reading Ti48 from /home/diogo/openmc_data/endfb-vii.1-hdf5/neutron/Ti48.h5
 Reading Ti49 from /home/diogo/openmc_data/endfb-vii.1-hdf5/neutron/Ti49.h5
 Reading Ti50 from /home/diogo/openmc_data/endfb-vii.1-hdf5/neutron/Ti50.h5
 Reading V50 from /home/diogo/openmc_data/endfb-vii.1-hdf5/neutron/V50.h5
 Reading V51 from /home/diogo/openmc_data/endfb-vii.1-hdf5/neutron/V51.h5
 Reading Mn55 from /home/diogo/openmc_data/endfb-vii.1-hdf5/neutron/Mn55.h5
 Reading Co58 from /home/diogo/openmc_data/endfb-vii.1-hdf5/neutron/Co58.h5
 Reading Co58_m1 from
 /home/diogo/openmc_data/endfb-vii.1-hdf5/neutron/Co58_m1.h5
 Reading Co59 from /home/diogo/openmc_data/endfb-vii.1-hdf5/neutron/Co59.h5
 Reading Ni58 from /home/diogo/openmc_data/endfb-vii.1-hdf5/neutron/Ni58.h5
 Reading Ni59 from /home/diogo/openmc_data/endfb-vii.1-hdf5/neutron/Ni59.h5
 Reading Ni60 from /home/diogo/openmc_data/endfb-vii.1-hdf5/neutron/Ni60.h5
 Reading Ni61 from /home/diogo/openmc_data/endfb-vii.1-hdf5/neutron/Ni61.h5
 Reading Ni62 from /home/diogo/openmc_data/endfb-vii.1-hdf5/neutron/Ni62.h5
 Reading Ni64 from /home/diogo/openmc_data/endfb-vii.1-hdf5/neutron/Ni64.h5
 Reading Cu63 from /home/diogo/openmc_data/endfb-vii.1-hdf5/neutron/Cu63.h5
 Reading Cu65 from /home/diogo/openmc_data/endfb-vii.1-hdf5/neutron/Cu65.h5
 Reading Zn64 from /home/diogo/openmc_data/endfb-vii.1-hdf5/neutron/Zn64.h5
 Reading Zn65 from /home/diogo/openmc_data/endfb-vii.1-hdf5/neutron/Zn65.h5
 Reading Zn66 from /home/diogo/openmc_data/endfb-vii.1-hdf5/neutron/Zn66.h5
 Reading Zn67 from /home/diogo/openmc_data/endfb-vii.1-hdf5/neutron/Zn67.h5
 Reading Zn68 from /home/diogo/openmc_data/endfb-vii.1-hdf5/neutron/Zn68.h5
 Reading Zn70 from /home/diogo/openmc_data/endfb-vii.1-hdf5/neutron/Zn70.h5
 Reading Ga69 from /home/diogo/openmc_data/endfb-vii.1-hdf5/neutron/Ga69.h5
 Reading Ga71 from /home/diogo/openmc_data/endfb-vii.1-hdf5/neutron/Ga71.h5
 Reading Ge70 from /home/diogo/openmc_data/endfb-vii.1-hdf5/neutron/Ge70.h5
 Reading Ge72 from /home/diogo/openmc_data/endfb-vii.1-hdf5/neutron/Ge72.h5
 Reading Ge73 from /home/diogo/openmc_data/endfb-vii.1-hdf5/neutron/Ge73.h5
 Reading Ge74 from /home/diogo/openmc_data/endfb-vii.1-hdf5/neutron/Ge74.h5
 Reading Ge76 from /home/diogo/openmc_data/endfb-vii.1-hdf5/neutron/Ge76.h5
 Reading As74 from /home/diogo/openmc_data/endfb-vii.1-hdf5/neutron/As74.h5
 Reading As75 from /home/diogo/openmc_data/endfb-vii.1-hdf5/neutron/As75.h5
 Reading Se74 from /home/diogo/openmc_data/endfb-vii.1-hdf5/neutron/Se74.h5
 Reading Se76 from /home/diogo/openmc_data/endfb-vii.1-hdf5/neutron/Se76.h5
 Reading Se77 from /home/diogo/openmc_data/endfb-vii.1-hdf5/neutron/Se77.h5
 Reading Se78 from /home/diogo/openmc_data/endfb-vii.1-hdf5/neutron/Se78.h5
 Reading Se79 from /home/diogo/openmc_data/endfb-vii.1-hdf5/neutron/Se79.h5
 WARNING: Negative value(s) found on probability table for nuclide Se79 at 250K
 WARNING: Negative value(s) found on probability table for nuclide Se79 at 294K
 WARNING: Negative value(s) found on probability table for nuclide Se79 at 600K
 WARNING: Negative value(s) found on probability table for nuclide Se79 at 900K
 WARNING: Negative value(s) found on probability table for nuclide Se79 at 1200K
 Reading Se80 from /home/diogo/openmc_data/endfb-vii.1-hdf5/neutron/Se80.h5
 Reading Se82 from /home/diogo/openmc_data/endfb-vii.1-hdf5/neutron/Se82.h5
 Reading Br79 from /home/diogo/openmc_data/endfb-vii.1-hdf5/neutron/Br79.h5
 Reading Br81 from /home/diogo/openmc_data/endfb-vii.1-hdf5/neutron/Br81.h5
 Reading Kr78 from /home/diogo/openmc_data/endfb-vii.1-hdf5/neutron/Kr78.h5
 Reading Kr80 from /home/diogo/openmc_data/endfb-vii.1-hdf5/neutron/Kr80.h5
 Reading Kr82 from /home/diogo/openmc_data/endfb-vii.1-hdf5/neutron/Kr82.h5
 Reading Kr83 from /home/diogo/openmc_data/endfb-vii.1-hdf5/neutron/Kr83.h5
 Reading Kr84 from /home/diogo/openmc_data/endfb-vii.1-hdf5/neutron/Kr84.h5
 Reading Kr85 from /home/diogo/openmc_data/endfb-vii.1-hdf5/neutron/Kr85.h5
 Reading Kr86 from /home/diogo/openmc_data/endfb-vii.1-hdf5/neutron/Kr86.h5
 Reading Rb85 from /home/diogo/openmc_data/endfb-vii.1-hdf5/neutron/Rb85.h5
 Reading Rb86 from /home/diogo/openmc_data/endfb-vii.1-hdf5/neutron/Rb86.h5
 Reading Rb87 from /home/diogo/openmc_data/endfb-vii.1-hdf5/neutron/Rb87.h5
 Reading Sr84 from /home/diogo/openmc_data/endfb-vii.1-hdf5/neutron/Sr84.h5
 Reading Sr86 from /home/diogo/openmc_data/endfb-vii.1-hdf5/neutron/Sr86.h5
 Reading Sr87 from /home/diogo/openmc_data/endfb-vii.1-hdf5/neutron/Sr87.h5
 Reading Sr88 from /home/diogo/openmc_data/endfb-vii.1-hdf5/neutron/Sr88.h5
 Reading Sr89 from /home/diogo/openmc_data/endfb-vii.1-hdf5/neutron/Sr89.h5
 Reading Sr90 from /home/diogo/openmc_data/endfb-vii.1-hdf5/neutron/Sr90.h5
 Reading Y89 from /home/diogo/openmc_data/endfb-vii.1-hdf5/neutron/Y89.h5
 Reading Y90 from /home/diogo/openmc_data/endfb-vii.1-hdf5/neutron/Y90.h5
 Reading Y91 from /home/diogo/openmc_data/endfb-vii.1-hdf5/neutron/Y91.h5
 Reading Zr93 from /home/diogo/openmc_data/endfb-vii.1-hdf5/neutron/Zr93.h5
 Reading Zr95 from /home/diogo/openmc_data/endfb-vii.1-hdf5/neutron/Zr95.h5
 Reading Nb93 from /home/diogo/openmc_data/endfb-vii.1-hdf5/neutron/Nb93.h5
 Reading Nb94 from /home/diogo/openmc_data/endfb-vii.1-hdf5/neutron/Nb94.h5
 WARNING: Negative value(s) found on probability table for nuclide Nb94 at 250K
 WARNING: Negative value(s) found on probability table for nuclide Nb94 at 294K
 WARNING: Negative value(s) found on probability table for nuclide Nb94 at 600K
 WARNING: Negative value(s) found on probability table for nuclide Nb94 at 900K
 WARNING: Negative value(s) found on probability table for nuclide Nb94 at 1200K
 WARNING: Negative value(s) found on probability table for nuclide Nb94 at 2500K
 Reading Nb95 from /home/diogo/openmc_data/endfb-vii.1-hdf5/neutron/Nb95.h5
 WARNING: Negative value(s) found on probability table for nuclide Nb95 at 250K
 WARNING: Negative value(s) found on probability table for nuclide Nb95 at 294K
 WARNING: Negative value(s) found on probability table for nuclide Nb95 at 600K
 WARNING: Negative value(s) found on probability table for nuclide Nb95 at 900K
 WARNING: Negative value(s) found on probability table for nuclide Nb95 at 1200K
 Reading Mo92 from /home/diogo/openmc_data/endfb-vii.1-hdf5/neutron/Mo92.h5
 Reading Mo94 from /home/diogo/openmc_data/endfb-vii.1-hdf5/neutron/Mo94.h5
 Reading Mo95 from /home/diogo/openmc_data/endfb-vii.1-hdf5/neutron/Mo95.h5
 Reading Mo96 from /home/diogo/openmc_data/endfb-vii.1-hdf5/neutron/Mo96.h5
 Reading Mo97 from /home/diogo/openmc_data/endfb-vii.1-hdf5/neutron/Mo97.h5
 Reading Mo98 from /home/diogo/openmc_data/endfb-vii.1-hdf5/neutron/Mo98.h5
 Reading Mo99 from /home/diogo/openmc_data/endfb-vii.1-hdf5/neutron/Mo99.h5
 WARNING: Negative value(s) found on probability table for nuclide Mo99 at 250K
 WARNING: Negative value(s) found on probability table for nuclide Mo99 at 294K
 WARNING: Negative value(s) found on probability table for nuclide Mo99 at 600K
 WARNING: Negative value(s) found on probability table for nuclide Mo99 at 900K
 WARNING: Negative value(s) found on probability table for nuclide Mo99 at 1200K
 WARNING: Negative value(s) found on probability table for nuclide Mo99 at 2500K
 Reading Mo100 from /home/diogo/openmc_data/endfb-vii.1-hdf5/neutron/Mo100.h5
 Reading Tc99 from /home/diogo/openmc_data/endfb-vii.1-hdf5/neutron/Tc99.h5
 Reading Ru96 from /home/diogo/openmc_data/endfb-vii.1-hdf5/neutron/Ru96.h5
 Reading Ru98 from /home/diogo/openmc_data/endfb-vii.1-hdf5/neutron/Ru98.h5
 Reading Ru99 from /home/diogo/openmc_data/endfb-vii.1-hdf5/neutron/Ru99.h5
 Reading Ru100 from /home/diogo/openmc_data/endfb-vii.1-hdf5/neutron/Ru100.h5
 Reading Ru101 from /home/diogo/openmc_data/endfb-vii.1-hdf5/neutron/Ru101.h5
 Reading Ru102 from /home/diogo/openmc_data/endfb-vii.1-hdf5/neutron/Ru102.h5
 Reading Ru103 from /home/diogo/openmc_data/endfb-vii.1-hdf5/neutron/Ru103.h5
 Reading Ru104 from /home/diogo/openmc_data/endfb-vii.1-hdf5/neutron/Ru104.h5
 Reading Ru105 from /home/diogo/openmc_data/endfb-vii.1-hdf5/neutron/Ru105.h5
 Reading Ru106 from /home/diogo/openmc_data/endfb-vii.1-hdf5/neutron/Ru106.h5
 Reading Rh103 from /home/diogo/openmc_data/endfb-vii.1-hdf5/neutron/Rh103.h5
 Reading Rh105 from /home/diogo/openmc_data/endfb-vii.1-hdf5/neutron/Rh105.h5
 Reading Pd102 from /home/diogo/openmc_data/endfb-vii.1-hdf5/neutron/Pd102.h5
 Reading Pd104 from /home/diogo/openmc_data/endfb-vii.1-hdf5/neutron/Pd104.h5
 Reading Pd105 from /home/diogo/openmc_data/endfb-vii.1-hdf5/neutron/Pd105.h5
 Reading Pd106 from /home/diogo/openmc_data/endfb-vii.1-hdf5/neutron/Pd106.h5
 Reading Pd107 from /home/diogo/openmc_data/endfb-vii.1-hdf5/neutron/Pd107.h5
 Reading Pd108 from /home/diogo/openmc_data/endfb-vii.1-hdf5/neutron/Pd108.h5
 Reading Pd110 from /home/diogo/openmc_data/endfb-vii.1-hdf5/neutron/Pd110.h5
 Reading Ag107 from /home/diogo/openmc_data/endfb-vii.1-hdf5/neutron/Ag107.h5
 Reading Ag109 from /home/diogo/openmc_data/endfb-vii.1-hdf5/neutron/Ag109.h5
 Reading Ag110_m1 from
 /home/diogo/openmc_data/endfb-vii.1-hdf5/neutron/Ag110_m1.h5
 Reading Ag111 from /home/diogo/openmc_data/endfb-vii.1-hdf5/neutron/Ag111.h5
 Reading Cd106 from /home/diogo/openmc_data/endfb-vii.1-hdf5/neutron/Cd106.h5
 WARNING: Negative value(s) found on probability table for nuclide Cd106 at 250K
 WARNING: Negative value(s) found on probability table for nuclide Cd106 at 294K
 WARNING: Negative value(s) found on probability table for nuclide Cd106 at 600K
 WARNING: Negative value(s) found on probability table for nuclide Cd106 at 900K
 WARNING: Negative value(s) found on probability table for nuclide Cd106 at
          1200K
 WARNING: Negative value(s) found on probability table for nuclide Cd106 at
          2500K
 Reading Cd108 from /home/diogo/openmc_data/endfb-vii.1-hdf5/neutron/Cd108.h5
 Reading Cd110 from /home/diogo/openmc_data/endfb-vii.1-hdf5/neutron/Cd110.h5
 Reading Cd111 from /home/diogo/openmc_data/endfb-vii.1-hdf5/neutron/Cd111.h5
 Reading Cd112 from /home/diogo/openmc_data/endfb-vii.1-hdf5/neutron/Cd112.h5
 Reading Cd113 from /home/diogo/openmc_data/endfb-vii.1-hdf5/neutron/Cd113.h5
 Reading Cd114 from /home/diogo/openmc_data/endfb-vii.1-hdf5/neutron/Cd114.h5
 Reading Cd115_m1 from
 /home/diogo/openmc_data/endfb-vii.1-hdf5/neutron/Cd115_m1.h5
 Reading Cd116 from /home/diogo/openmc_data/endfb-vii.1-hdf5/neutron/Cd116.h5
 Reading In113 from /home/diogo/openmc_data/endfb-vii.1-hdf5/neutron/In113.h5
 Reading In115 from /home/diogo/openmc_data/endfb-vii.1-hdf5/neutron/In115.h5
 Reading Sn113 from /home/diogo/openmc_data/endfb-vii.1-hdf5/neutron/Sn113.h5
 Reading Sn123 from /home/diogo/openmc_data/endfb-vii.1-hdf5/neutron/Sn123.h5
 WARNING: Negative value(s) found on probability table for nuclide Sn123 at 250K
 WARNING: Negative value(s) found on probability table for nuclide Sn123 at 294K
 WARNING: Negative value(s) found on probability table for nuclide Sn123 at 600K
 WARNING: Negative value(s) found on probability table for nuclide Sn123 at 900K
 WARNING: Negative value(s) found on probability table for nuclide Sn123 at
          1200K
 WARNING: Negative value(s) found on probability table for nuclide Sn123 at
          2500K
 Reading Sn125 from /home/diogo/openmc_data/endfb-vii.1-hdf5/neutron/Sn125.h5
 Reading Sn126 from /home/diogo/openmc_data/endfb-vii.1-hdf5/neutron/Sn126.h5
 Reading Sb121 from /home/diogo/openmc_data/endfb-vii.1-hdf5/neutron/Sb121.h5
 Reading Sb123 from /home/diogo/openmc_data/endfb-vii.1-hdf5/neutron/Sb123.h5
 Reading Sb124 from /home/diogo/openmc_data/endfb-vii.1-hdf5/neutron/Sb124.h5
 Reading Sb125 from /home/diogo/openmc_data/endfb-vii.1-hdf5/neutron/Sb125.h5
 Reading Sb126 from /home/diogo/openmc_data/endfb-vii.1-hdf5/neutron/Sb126.h5
 Reading Te120 from /home/diogo/openmc_data/endfb-vii.1-hdf5/neutron/Te120.h5
 WARNING: Negative value(s) found on probability table for nuclide Te120 at 600K
 WARNING: Negative value(s) found on probability table for nuclide Te120 at 900K
 WARNING: Negative value(s) found on probability table for nuclide Te120 at
          1200K
 WARNING: Negative value(s) found on probability table for nuclide Te120 at
          2500K
 Reading Te122 from /home/diogo/openmc_data/endfb-vii.1-hdf5/neutron/Te122.h5
 Reading Te123 from /home/diogo/openmc_data/endfb-vii.1-hdf5/neutron/Te123.h5
 Reading Te124 from /home/diogo/openmc_data/endfb-vii.1-hdf5/neutron/Te124.h5
 Reading Te125 from /home/diogo/openmc_data/endfb-vii.1-hdf5/neutron/Te125.h5
 Reading Te126 from /home/diogo/openmc_data/endfb-vii.1-hdf5/neutron/Te126.h5
 Reading Te127_m1 from
 /home/diogo/openmc_data/endfb-vii.1-hdf5/neutron/Te127_m1.h5
 Reading Te128 from /home/diogo/openmc_data/endfb-vii.1-hdf5/neutron/Te128.h5
 Reading Te129_m1 from
 /home/diogo/openmc_data/endfb-vii.1-hdf5/neutron/Te129_m1.h5
 Reading Te130 from /home/diogo/openmc_data/endfb-vii.1-hdf5/neutron/Te130.h5
 Reading Te132 from /home/diogo/openmc_data/endfb-vii.1-hdf5/neutron/Te132.h5
 Reading I127 from /home/diogo/openmc_data/endfb-vii.1-hdf5/neutron/I127.h5
 Reading I129 from /home/diogo/openmc_data/endfb-vii.1-hdf5/neutron/I129.h5
 Reading I130 from /home/diogo/openmc_data/endfb-vii.1-hdf5/neutron/I130.h5
 Reading I131 from /home/diogo/openmc_data/endfb-vii.1-hdf5/neutron/I131.h5
 WARNING: Negative value(s) found on probability table for nuclide I131 at 250K
 WARNING: Negative value(s) found on probability table for nuclide I131 at 294K
 WARNING: Negative value(s) found on probability table for nuclide I131 at 600K
 WARNING: Negative value(s) found on probability table for nuclide I131 at 900K
 WARNING: Negative value(s) found on probability table for nuclide I131 at 1200K
 WARNING: Negative value(s) found on probability table for nuclide I131 at 2500K
 Reading I135 from /home/diogo/openmc_data/endfb-vii.1-hdf5/neutron/I135.h5
 Reading Xe123 from /home/diogo/openmc_data/endfb-vii.1-hdf5/neutron/Xe123.h5
 Reading Xe124 from /home/diogo/openmc_data/endfb-vii.1-hdf5/neutron/Xe124.h5
 Reading Xe126 from /home/diogo/openmc_data/endfb-vii.1-hdf5/neutron/Xe126.h5
 Reading Xe128 from /home/diogo/openmc_data/endfb-vii.1-hdf5/neutron/Xe128.h5
 Reading Xe129 from /home/diogo/openmc_data/endfb-vii.1-hdf5/neutron/Xe129.h5
 Reading Xe130 from /home/diogo/openmc_data/endfb-vii.1-hdf5/neutron/Xe130.h5
 Reading Xe131 from /home/diogo/openmc_data/endfb-vii.1-hdf5/neutron/Xe131.h5
 Reading Xe132 from /home/diogo/openmc_data/endfb-vii.1-hdf5/neutron/Xe132.h5
 Reading Xe133 from /home/diogo/openmc_data/endfb-vii.1-hdf5/neutron/Xe133.h5
 WARNING: Negative value(s) found on probability table for nuclide Xe133 at
          2500K
 Reading Xe134 from /home/diogo/openmc_data/endfb-vii.1-hdf5/neutron/Xe134.h5
 Reading Xe135 from /home/diogo/openmc_data/endfb-vii.1-hdf5/neutron/Xe135.h5
 Reading Xe136 from /home/diogo/openmc_data/endfb-vii.1-hdf5/neutron/Xe136.h5
 Reading Cs133 from /home/diogo/openmc_data/endfb-vii.1-hdf5/neutron/Cs133.h5
 Reading Cs134 from /home/diogo/openmc_data/endfb-vii.1-hdf5/neutron/Cs134.h5
 Reading Cs135 from /home/diogo/openmc_data/endfb-vii.1-hdf5/neutron/Cs135.h5
 Reading Cs136 from /home/diogo/openmc_data/endfb-vii.1-hdf5/neutron/Cs136.h5
 WARNING: Negative value(s) found on probability table for nuclide Cs136 at 250K
 WARNING: Negative value(s) found on probability table for nuclide Cs136 at 294K
 WARNING: Negative value(s) found on probability table for nuclide Cs136 at 600K
 WARNING: Negative value(s) found on probability table for nuclide Cs136 at 900K
 WARNING: Negative value(s) found on probability table for nuclide Cs136 at
          1200K
 WARNING: Negative value(s) found on probability table for nuclide Cs136 at
          2500K
 Reading Cs137 from /home/diogo/openmc_data/endfb-vii.1-hdf5/neutron/Cs137.h5
 Reading Ba130 from /home/diogo/openmc_data/endfb-vii.1-hdf5/neutron/Ba130.h5
 Reading Ba132 from /home/diogo/openmc_data/endfb-vii.1-hdf5/neutron/Ba132.h5
 Reading Ba133 from /home/diogo/openmc_data/endfb-vii.1-hdf5/neutron/Ba133.h5
 Reading Ba134 from /home/diogo/openmc_data/endfb-vii.1-hdf5/neutron/Ba134.h5
 Reading Ba135 from /home/diogo/openmc_data/endfb-vii.1-hdf5/neutron/Ba135.h5
 Reading Ba136 from /home/diogo/openmc_data/endfb-vii.1-hdf5/neutron/Ba136.h5
 Reading Ba137 from /home/diogo/openmc_data/endfb-vii.1-hdf5/neutron/Ba137.h5
 Reading Ba138 from /home/diogo/openmc_data/endfb-vii.1-hdf5/neutron/Ba138.h5
 Reading Ba140 from /home/diogo/openmc_data/endfb-vii.1-hdf5/neutron/Ba140.h5
 Reading La138 from /home/diogo/openmc_data/endfb-vii.1-hdf5/neutron/La138.h5
 Reading La139 from /home/diogo/openmc_data/endfb-vii.1-hdf5/neutron/La139.h5
 Reading La140 from /home/diogo/openmc_data/endfb-vii.1-hdf5/neutron/La140.h5
 Reading Ce136 from /home/diogo/openmc_data/endfb-vii.1-hdf5/neutron/Ce136.h5
 Reading Ce138 from /home/diogo/openmc_data/endfb-vii.1-hdf5/neutron/Ce138.h5
 Reading Ce139 from /home/diogo/openmc_data/endfb-vii.1-hdf5/neutron/Ce139.h5
 Reading Ce140 from /home/diogo/openmc_data/endfb-vii.1-hdf5/neutron/Ce140.h5
 Reading Ce141 from /home/diogo/openmc_data/endfb-vii.1-hdf5/neutron/Ce141.h5
 Reading Ce142 from /home/diogo/openmc_data/endfb-vii.1-hdf5/neutron/Ce142.h5
 Reading Ce143 from /home/diogo/openmc_data/endfb-vii.1-hdf5/neutron/Ce143.h5
 Reading Ce144 from /home/diogo/openmc_data/endfb-vii.1-hdf5/neutron/Ce144.h5
 Reading Pr141 from /home/diogo/openmc_data/endfb-vii.1-hdf5/neutron/Pr141.h5
 Reading Pr142 from /home/diogo/openmc_data/endfb-vii.1-hdf5/neutron/Pr142.h5
 Reading Pr143 from /home/diogo/openmc_data/endfb-vii.1-hdf5/neutron/Pr143.h5
 Reading Nd142 from /home/diogo/openmc_data/endfb-vii.1-hdf5/neutron/Nd142.h5
 Reading Nd143 from /home/diogo/openmc_data/endfb-vii.1-hdf5/neutron/Nd143.h5
 Reading Nd144 from /home/diogo/openmc_data/endfb-vii.1-hdf5/neutron/Nd144.h5
 Reading Nd145 from /home/diogo/openmc_data/endfb-vii.1-hdf5/neutron/Nd145.h5
 Reading Nd146 from /home/diogo/openmc_data/endfb-vii.1-hdf5/neutron/Nd146.h5
 Reading Nd147 from /home/diogo/openmc_data/endfb-vii.1-hdf5/neutron/Nd147.h5
 Reading Nd148 from /home/diogo/openmc_data/endfb-vii.1-hdf5/neutron/Nd148.h5
 Reading Nd150 from /home/diogo/openmc_data/endfb-vii.1-hdf5/neutron/Nd150.h5
 Reading Pm147 from /home/diogo/openmc_data/endfb-vii.1-hdf5/neutron/Pm147.h5
 Reading Pm148 from /home/diogo/openmc_data/endfb-vii.1-hdf5/neutron/Pm148.h5
 Reading Pm148_m1 from
 /home/diogo/openmc_data/endfb-vii.1-hdf5/neutron/Pm148_m1.h5
 Reading Pm149 from /home/diogo/openmc_data/endfb-vii.1-hdf5/neutron/Pm149.h5
 Reading Pm151 from /home/diogo/openmc_data/endfb-vii.1-hdf5/neutron/Pm151.h5
 Reading Sm144 from /home/diogo/openmc_data/endfb-vii.1-hdf5/neutron/Sm144.h5
 Reading Sm147 from /home/diogo/openmc_data/endfb-vii.1-hdf5/neutron/Sm147.h5
 Reading Sm148 from /home/diogo/openmc_data/endfb-vii.1-hdf5/neutron/Sm148.h5
 Reading Sm149 from /home/diogo/openmc_data/endfb-vii.1-hdf5/neutron/Sm149.h5
 Reading Sm150 from /home/diogo/openmc_data/endfb-vii.1-hdf5/neutron/Sm150.h5
 Reading Sm151 from /home/diogo/openmc_data/endfb-vii.1-hdf5/neutron/Sm151.h5
 Reading Sm152 from /home/diogo/openmc_data/endfb-vii.1-hdf5/neutron/Sm152.h5
 Reading Sm153 from /home/diogo/openmc_data/endfb-vii.1-hdf5/neutron/Sm153.h5
 Reading Sm154 from /home/diogo/openmc_data/endfb-vii.1-hdf5/neutron/Sm154.h5
 Reading Eu151 from /home/diogo/openmc_data/endfb-vii.1-hdf5/neutron/Eu151.h5
 Reading Eu152 from /home/diogo/openmc_data/endfb-vii.1-hdf5/neutron/Eu152.h5
 Reading Eu153 from /home/diogo/openmc_data/endfb-vii.1-hdf5/neutron/Eu153.h5
 Reading Eu154 from /home/diogo/openmc_data/endfb-vii.1-hdf5/neutron/Eu154.h5
 Reading Eu155 from /home/diogo/openmc_data/endfb-vii.1-hdf5/neutron/Eu155.h5
 Reading Eu156 from /home/diogo/openmc_data/endfb-vii.1-hdf5/neutron/Eu156.h5
 WARNING: Negative value(s) found on probability table for nuclide Eu156 at 250K
 WARNING: Negative value(s) found on probability table for nuclide Eu156 at 294K
 WARNING: Negative value(s) found on probability table for nuclide Eu156 at 600K
 WARNING: Negative value(s) found on probability table for nuclide Eu156 at 900K
 WARNING: Negative value(s) found on probability table for nuclide Eu156 at
          1200K
 WARNING: Negative value(s) found on probability table for nuclide Eu156 at
          2500K
 Reading Eu157 from /home/diogo/openmc_data/endfb-vii.1-hdf5/neutron/Eu157.h5
 Reading Gd153 from /home/diogo/openmc_data/endfb-vii.1-hdf5/neutron/Gd153.h5
 Reading Tb159 from /home/diogo/openmc_data/endfb-vii.1-hdf5/neutron/Tb159.h5
 Reading Tb160 from /home/diogo/openmc_data/endfb-vii.1-hdf5/neutron/Tb160.h5
 Reading Dy156 from /home/diogo/openmc_data/endfb-vii.1-hdf5/neutron/Dy156.h5
 Reading Dy158 from /home/diogo/openmc_data/endfb-vii.1-hdf5/neutron/Dy158.h5
 Reading Dy160 from /home/diogo/openmc_data/endfb-vii.1-hdf5/neutron/Dy160.h5
 Reading Dy161 from /home/diogo/openmc_data/endfb-vii.1-hdf5/neutron/Dy161.h5
 Reading Dy162 from /home/diogo/openmc_data/endfb-vii.1-hdf5/neutron/Dy162.h5
 Reading Dy163 from /home/diogo/openmc_data/endfb-vii.1-hdf5/neutron/Dy163.h5
 Reading Dy164 from /home/diogo/openmc_data/endfb-vii.1-hdf5/neutron/Dy164.h5
 Reading Ho165 from /home/diogo/openmc_data/endfb-vii.1-hdf5/neutron/Ho165.h5
 Reading Ho166_m1 from
 /home/diogo/openmc_data/endfb-vii.1-hdf5/neutron/Ho166_m1.h5
 Reading Er162 from /home/diogo/openmc_data/endfb-vii.1-hdf5/neutron/Er162.h5
 Reading Er164 from /home/diogo/openmc_data/endfb-vii.1-hdf5/neutron/Er164.h5
 Reading Er166 from /home/diogo/openmc_data/endfb-vii.1-hdf5/neutron/Er166.h5
 Reading Er167 from /home/diogo/openmc_data/endfb-vii.1-hdf5/neutron/Er167.h5
 Reading Er168 from /home/diogo/openmc_data/endfb-vii.1-hdf5/neutron/Er168.h5
 Reading Er170 from /home/diogo/openmc_data/endfb-vii.1-hdf5/neutron/Er170.h5
 Reading Tm168 from /home/diogo/openmc_data/endfb-vii.1-hdf5/neutron/Tm168.h5
 Reading Tm169 from /home/diogo/openmc_data/endfb-vii.1-hdf5/neutron/Tm169.h5
 Reading Tm170 from /home/diogo/openmc_data/endfb-vii.1-hdf5/neutron/Tm170.h5
 Reading Lu175 from /home/diogo/openmc_data/endfb-vii.1-hdf5/neutron/Lu175.h5
 Reading Lu176 from /home/diogo/openmc_data/endfb-vii.1-hdf5/neutron/Lu176.h5
 Reading Hf174 from /home/diogo/openmc_data/endfb-vii.1-hdf5/neutron/Hf174.h5
 Reading Hf176 from /home/diogo/openmc_data/endfb-vii.1-hdf5/neutron/Hf176.h5
 Reading Hf177 from /home/diogo/openmc_data/endfb-vii.1-hdf5/neutron/Hf177.h5
 Reading Hf178 from /home/diogo/openmc_data/endfb-vii.1-hdf5/neutron/Hf178.h5
 Reading Hf179 from /home/diogo/openmc_data/endfb-vii.1-hdf5/neutron/Hf179.h5
 Reading Hf180 from /home/diogo/openmc_data/endfb-vii.1-hdf5/neutron/Hf180.h5
 Reading Ta180 from /home/diogo/openmc_data/endfb-vii.1-hdf5/neutron/Ta180.h5
 Reading Ta181 from /home/diogo/openmc_data/endfb-vii.1-hdf5/neutron/Ta181.h5
 Reading Ta182 from /home/diogo/openmc_data/endfb-vii.1-hdf5/neutron/Ta182.h5
 Reading W180 from /home/diogo/openmc_data/endfb-vii.1-hdf5/neutron/W180.h5
 Reading W182 from /home/diogo/openmc_data/endfb-vii.1-hdf5/neutron/W182.h5
 Reading W183 from /home/diogo/openmc_data/endfb-vii.1-hdf5/neutron/W183.h5
 Reading W184 from /home/diogo/openmc_data/endfb-vii.1-hdf5/neutron/W184.h5
 Reading W186 from /home/diogo/openmc_data/endfb-vii.1-hdf5/neutron/W186.h5
 Reading Re185 from /home/diogo/openmc_data/endfb-vii.1-hdf5/neutron/Re185.h5
 Reading Re187 from /home/diogo/openmc_data/endfb-vii.1-hdf5/neutron/Re187.h5
 Reading Ir191 from /home/diogo/openmc_data/endfb-vii.1-hdf5/neutron/Ir191.h5
 Reading Ir193 from /home/diogo/openmc_data/endfb-vii.1-hdf5/neutron/Ir193.h5
 Reading Au197 from /home/diogo/openmc_data/endfb-vii.1-hdf5/neutron/Au197.h5
 Reading Hg196 from /home/diogo/openmc_data/endfb-vii.1-hdf5/neutron/Hg196.h5
 Reading Hg198 from /home/diogo/openmc_data/endfb-vii.1-hdf5/neutron/Hg198.h5
 Reading Hg199 from /home/diogo/openmc_data/endfb-vii.1-hdf5/neutron/Hg199.h5
 Reading Hg200 from /home/diogo/openmc_data/endfb-vii.1-hdf5/neutron/Hg200.h5
 Reading Hg201 from /home/diogo/openmc_data/endfb-vii.1-hdf5/neutron/Hg201.h5
 Reading Hg202 from /home/diogo/openmc_data/endfb-vii.1-hdf5/neutron/Hg202.h5
 Reading Hg204 from /home/diogo/openmc_data/endfb-vii.1-hdf5/neutron/Hg204.h5
 Reading Tl203 from /home/diogo/openmc_data/endfb-vii.1-hdf5/neutron/Tl203.h5
 Reading Tl205 from /home/diogo/openmc_data/endfb-vii.1-hdf5/neutron/Tl205.h5
 Reading Pb204 from /home/diogo/openmc_data/endfb-vii.1-hdf5/neutron/Pb204.h5
 Reading Pb206 from /home/diogo/openmc_data/endfb-vii.1-hdf5/neutron/Pb206.h5
 Reading Pb207 from /home/diogo/openmc_data/endfb-vii.1-hdf5/neutron/Pb207.h5
 Reading Pb208 from /home/diogo/openmc_data/endfb-vii.1-hdf5/neutron/Pb208.h5
 Reading Bi209 from /home/diogo/openmc_data/endfb-vii.1-hdf5/neutron/Bi209.h5
 Reading Ra223 from /home/diogo/openmc_data/endfb-vii.1-hdf5/neutron/Ra223.h5
 Reading Ra224 from /home/diogo/openmc_data/endfb-vii.1-hdf5/neutron/Ra224.h5
 Reading Ra225 from /home/diogo/openmc_data/endfb-vii.1-hdf5/neutron/Ra225.h5
 Reading Ra226 from /home/diogo/openmc_data/endfb-vii.1-hdf5/neutron/Ra226.h5
 Reading Ac225 from /home/diogo/openmc_data/endfb-vii.1-hdf5/neutron/Ac225.h5
 Reading Ac226 from /home/diogo/openmc_data/endfb-vii.1-hdf5/neutron/Ac226.h5
 Reading Ac227 from /home/diogo/openmc_data/endfb-vii.1-hdf5/neutron/Ac227.h5
 Reading Th227 from /home/diogo/openmc_data/endfb-vii.1-hdf5/neutron/Th227.h5
 Reading Th228 from /home/diogo/openmc_data/endfb-vii.1-hdf5/neutron/Th228.h5
 Reading Th229 from /home/diogo/openmc_data/endfb-vii.1-hdf5/neutron/Th229.h5
 Reading Th230 from /home/diogo/openmc_data/endfb-vii.1-hdf5/neutron/Th230.h5
 Reading Th231 from /home/diogo/openmc_data/endfb-vii.1-hdf5/neutron/Th231.h5
 Reading Th232 from /home/diogo/openmc_data/endfb-vii.1-hdf5/neutron/Th232.h5
 Reading Th233 from /home/diogo/openmc_data/endfb-vii.1-hdf5/neutron/Th233.h5
 Reading Th234 from /home/diogo/openmc_data/endfb-vii.1-hdf5/neutron/Th234.h5
 Reading Pa229 from /home/diogo/openmc_data/endfb-vii.1-hdf5/neutron/Pa229.h5
 Reading Pa230 from /home/diogo/openmc_data/endfb-vii.1-hdf5/neutron/Pa230.h5
 Reading Pa231 from /home/diogo/openmc_data/endfb-vii.1-hdf5/neutron/Pa231.h5
 Reading Pa232 from /home/diogo/openmc_data/endfb-vii.1-hdf5/neutron/Pa232.h5
 Reading Pa233 from /home/diogo/openmc_data/endfb-vii.1-hdf5/neutron/Pa233.h5
 Reading U230 from /home/diogo/openmc_data/endfb-vii.1-hdf5/neutron/U230.h5
 Reading U231 from /home/diogo/openmc_data/endfb-vii.1-hdf5/neutron/U231.h5
 Reading U232 from /home/diogo/openmc_data/endfb-vii.1-hdf5/neutron/U232.h5
 Reading U233 from /home/diogo/openmc_data/endfb-vii.1-hdf5/neutron/U233.h5
 Reading U236 from /home/diogo/openmc_data/endfb-vii.1-hdf5/neutron/U236.h5
 Reading U237 from /home/diogo/openmc_data/endfb-vii.1-hdf5/neutron/U237.h5
 Reading U239 from /home/diogo/openmc_data/endfb-vii.1-hdf5/neutron/U239.h5
 Reading U240 from /home/diogo/openmc_data/endfb-vii.1-hdf5/neutron/U240.h5
 Reading U241 from /home/diogo/openmc_data/endfb-vii.1-hdf5/neutron/U241.h5
 Reading Np234 from /home/diogo/openmc_data/endfb-vii.1-hdf5/neutron/Np234.h5
 Reading Np235 from /home/diogo/openmc_data/endfb-vii.1-hdf5/neutron/Np235.h5
 Reading Np236 from /home/diogo/openmc_data/endfb-vii.1-hdf5/neutron/Np236.h5
 Reading Np237 from /home/diogo/openmc_data/endfb-vii.1-hdf5/neutron/Np237.h5
 Reading Np238 from /home/diogo/openmc_data/endfb-vii.1-hdf5/neutron/Np238.h5
 Reading Np239 from /home/diogo/openmc_data/endfb-vii.1-hdf5/neutron/Np239.h5
 Reading Pu236 from /home/diogo/openmc_data/endfb-vii.1-hdf5/neutron/Pu236.h5
 Reading Pu237 from /home/diogo/openmc_data/endfb-vii.1-hdf5/neutron/Pu237.h5
 Reading Pu238 from /home/diogo/openmc_data/endfb-vii.1-hdf5/neutron/Pu238.h5
 Reading Pu239 from /home/diogo/openmc_data/endfb-vii.1-hdf5/neutron/Pu239.h5
 Reading Pu240 from /home/diogo/openmc_data/endfb-vii.1-hdf5/neutron/Pu240.h5
 Reading Pu241 from /home/diogo/openmc_data/endfb-vii.1-hdf5/neutron/Pu241.h5
 Reading Pu242 from /home/diogo/openmc_data/endfb-vii.1-hdf5/neutron/Pu242.h5
 Reading Pu243 from /home/diogo/openmc_data/endfb-vii.1-hdf5/neutron/Pu243.h5
 Reading Pu244 from /home/diogo/openmc_data/endfb-vii.1-hdf5/neutron/Pu244.h5
 Reading Pu246 from /home/diogo/openmc_data/endfb-vii.1-hdf5/neutron/Pu246.h5
 Reading Am240 from /home/diogo/openmc_data/endfb-vii.1-hdf5/neutron/Am240.h5
 Reading Am241 from /home/diogo/openmc_data/endfb-vii.1-hdf5/neutron/Am241.h5
 Reading Am242 from /home/diogo/openmc_data/endfb-vii.1-hdf5/neutron/Am242.h5
 Reading Am242_m1 from
 /home/diogo/openmc_data/endfb-vii.1-hdf5/neutron/Am242_m1.h5
 Reading Am243 from /home/diogo/openmc_data/endfb-vii.1-hdf5/neutron/Am243.h5
 Reading Am244 from /home/diogo/openmc_data/endfb-vii.1-hdf5/neutron/Am244.h5
 Reading Am244_m1 from
 /home/diogo/openmc_data/endfb-vii.1-hdf5/neutron/Am244_m1.h5
 Reading Cm240 from /home/diogo/openmc_data/endfb-vii.1-hdf5/neutron/Cm240.h5
 Reading Cm241 from /home/diogo/openmc_data/endfb-vii.1-hdf5/neutron/Cm241.h5
 Reading Cm242 from /home/diogo/openmc_data/endfb-vii.1-hdf5/neutron/Cm242.h5
 Reading Cm243 from /home/diogo/openmc_data/endfb-vii.1-hdf5/neutron/Cm243.h5
 Reading Cm244 from /home/diogo/openmc_data/endfb-vii.1-hdf5/neutron/Cm244.h5
 Reading Cm245 from /home/diogo/openmc_data/endfb-vii.1-hdf5/neutron/Cm245.h5
 Reading Cm246 from /home/diogo/openmc_data/endfb-vii.1-hdf5/neutron/Cm246.h5
 Reading Cm247 from /home/diogo/openmc_data/endfb-vii.1-hdf5/neutron/Cm247.h5
 Reading Cm248 from /home/diogo/openmc_data/endfb-vii.1-hdf5/neutron/Cm248.h5
 Reading Cm249 from /home/diogo/openmc_data/endfb-vii.1-hdf5/neutron/Cm249.h5
 Reading Cm250 from /home/diogo/openmc_data/endfb-vii.1-hdf5/neutron/Cm250.h5
 Reading Bk245 from /home/diogo/openmc_data/endfb-vii.1-hdf5/neutron/Bk245.h5
 Reading Bk246 from /home/diogo/openmc_data/endfb-vii.1-hdf5/neutron/Bk246.h5
 Reading Bk247 from /home/diogo/openmc_data/endfb-vii.1-hdf5/neutron/Bk247.h5
 Reading Bk248 from /home/diogo/openmc_data/endfb-vii.1-hdf5/neutron/Bk248.h5
 Reading Bk249 from /home/diogo/openmc_data/endfb-vii.1-hdf5/neutron/Bk249.h5
 Reading Bk250 from /home/diogo/openmc_data/endfb-vii.1-hdf5/neutron/Bk250.h5
 Reading Cf246 from /home/diogo/openmc_data/endfb-vii.1-hdf5/neutron/Cf246.h5
 Reading Cf248 from /home/diogo/openmc_data/endfb-vii.1-hdf5/neutron/Cf248.h5
 Reading Cf249 from /home/diogo/openmc_data/endfb-vii.1-hdf5/neutron/Cf249.h5
 Reading Cf250 from /home/diogo/openmc_data/endfb-vii.1-hdf5/neutron/Cf250.h5
 WARNING: Negative value(s) found on probability table for nuclide Cf250 at 250K
 WARNING: Negative value(s) found on probability table for nuclide Cf250 at 294K
 WARNING: Negative value(s) found on probability table for nuclide Cf250 at 900K
 WARNING: Negative value(s) found on probability table for nuclide Cf250 at
          1200K
 Reading Cf251 from /home/diogo/openmc_data/endfb-vii.1-hdf5/neutron/Cf251.h5
 Reading Cf252 from /home/diogo/openmc_data/endfb-vii.1-hdf5/neutron/Cf252.h5
 Reading Cf253 from /home/diogo/openmc_data/endfb-vii.1-hdf5/neutron/Cf253.h5
 Reading Cf254 from /home/diogo/openmc_data/endfb-vii.1-hdf5/neutron/Cf254.h5
 Reading Es251 from /home/diogo/openmc_data/endfb-vii.1-hdf5/neutron/Es251.h5
 Reading Es252 from /home/diogo/openmc_data/endfb-vii.1-hdf5/neutron/Es252.h5
 Reading Es253 from /home/diogo/openmc_data/endfb-vii.1-hdf5/neutron/Es253.h5
 Reading Es254 from /home/diogo/openmc_data/endfb-vii.1-hdf5/neutron/Es254.h5
 Reading Es254_m1 from
 /home/diogo/openmc_data/endfb-vii.1-hdf5/neutron/Es254_m1.h5
 Reading Es255 from /home/diogo/openmc_data/endfb-vii.1-hdf5/neutron/Es255.h5
 Reading Fm255 from /home/diogo/openmc_data/endfb-vii.1-hdf5/neutron/Fm255.h5
 Maximum neutron transport energy: 20000000 eV for H1
 Initializing source particles...

 ====================>     K EIGENVALUE SIMULATION     <====================

  Bat./Gen.      k       Entropy         Average k 
  =========   ========   ========   ====================
        1/1    1.12537    5.89637
        2/1    1.13352    5.93664
        3/1    1.20205    5.92084
        4/1    1.06665    5.91471
        5/1    1.13712    5.90216
        6/1    1.10056    5.87644
        7/1    1.15649    5.90022
        8/1    1.06218    5.90409
        9/1    1.18749    5.87731
       10/1    1.16468    5.89412
       11/1    1.12093    5.92083
       12/1    1.16297    5.92416    1.14195 +/- 0.02102
       13/1    1.11496    5.89910    1.13295 +/- 0.01511
       14/1    1.14206    5.93788    1.13523 +/- 0.01092
       15/1    1.09670    5.90784    1.12752 +/- 0.01144
       16/1    1.20776    5.90836    1.14090 +/- 0.01631
       17/1    1.17112    5.90831    1.14521 +/- 0.01445
       18/1    1.03367    5.92068    1.13127 +/- 0.01873
       19/1    1.09581    5.90740    1.12733 +/- 0.01699
       20/1    1.14736    5.91089    1.12933 +/- 0.01532
       21/1    1.10617    5.89529    1.12723 +/- 0.01402
       22/1    1.13340    5.86304    1.12774 +/- 0.01281
       23/1    1.01146    5.91194    1.11880 +/- 0.01479
       24/1    1.04786    5.89461    1.11373 +/- 0.01460
       25/1    1.19811    5.88291    1.11936 +/- 0.01471
       26/1    1.13318    5.88327    1.12022 +/- 0.01379
       27/1    1.17530    5.88471    1.12346 +/- 0.01335
       28/1    1.17115    5.89826    1.12611 +/- 0.01286
       29/1    1.11389    5.88618    1.12547 +/- 0.01218
       30/1    1.08045    5.88514    1.12322 +/- 0.01178
 Creating state point statepoint.30.h5...

 =======================>     TIMING STATISTICS     <=======================

 Total time for initialization     = 5.9822e+00 seconds
   Reading cross sections          = 5.1904e+00 seconds
 Total time in simulation          = 6.5555e+01 seconds
   Time in transport only          = 6.5538e+01 seconds
   Time in inactive batches        = 1.6164e+00 seconds
   Time in active batches          = 6.3939e+01 seconds
   Time synchronizing fission bank = 1.5878e-03 seconds
     Sampling source sites         = 1.1869e-03 seconds
     SEND/RECV source sites        = 3.0203e-04 seconds
   Time accumulating tallies       = 4.8794e-04 seconds
   Time writing statepoints        = 1.2100e-02 seconds
 Total time for finalization       = 3.4784e-04 seconds
 Total time elapsed                = 7.2002e+01 seconds
 Calculation Rate (inactive)       = 6186.51 particles/second
 Calculation Rate (active)         = 312.8 particles/second

 ============================>     RESULTS     <============================

 k-effective (Collision)     = 1.11875 +/- 0.00844
 k-effective (Track-length)  = 1.12322 +/- 0.01178
 k-effective (Absorption)    = 1.12295 +/- 0.00748
 Combined k-effective        = 1.12194 +/- 0.00694
 Leakage Fraction            = 0.00000 +/- 0.00000

 Creating state point openmc_simulation_n0.h5...
[openmc.deplete] t=4327203.051553669 s, dt=8654406.103107339 s, source=1491105.972264863
 Maximum neutron transport energy: 20000000 eV for H1
 Initializing source particles...

 ====================>     K EIGENVALUE SIMULATION     <====================

  Bat./Gen.      k       Entropy         Average k 
  =========   ========   ========   ====================
        1/1    1.10818    5.87487
        2/1    1.13854    5.91014
        3/1    1.13739    5.87537
        4/1    1.08077    5.90848
        5/1    1.15353    5.91878
        6/1    1.05648    5.87833
        7/1    1.10879    5.91275
        8/1    1.09704    5.90842
        9/1    1.12076    5.89366
       10/1    1.05877    5.91872
       11/1    1.00599    5.90738
       12/1    1.04935    5.89973    1.02767 +/- 0.02168
       13/1    1.09192    5.88850    1.04909 +/- 0.02481
       14/1    1.14087    5.89917    1.07203 +/- 0.02888
       15/1    1.10966    5.91659    1.07956 +/- 0.02360
       16/1    1.06994    5.90894    1.07796 +/- 0.01934
       17/1    1.00596    5.89342    1.06767 +/- 0.01931
       18/1    1.02024    5.89716    1.06174 +/- 0.01774
       19/1    1.08698    5.89612    1.06455 +/- 0.01590
       20/1    1.14377    5.90174    1.07247 +/- 0.01628
       21/1    1.06325    5.90203    1.07163 +/- 0.01475
       22/1    1.09886    5.89027    1.07390 +/- 0.01365
       23/1    1.03836    5.92716    1.07117 +/- 0.01285
       24/1    1.07492    5.89836    1.07143 +/- 0.01190
       25/1    1.00595    5.90924    1.06707 +/- 0.01191
       26/1    1.07231    5.90103    1.06740 +/- 0.01114
       27/1    1.03321    5.91396    1.06538 +/- 0.01066
       28/1    1.16090    5.89665    1.07069 +/- 0.01137
       29/1    1.10008    5.88551    1.07224 +/- 0.01086
       30/1    0.99252    5.90908    1.06825 +/- 0.01105
 Creating state point statepoint.30.h5...

 =======================>     TIMING STATISTICS     <=======================

 Total time for initialization     = 0.0000e+00 seconds
   Reading cross sections          = 0.0000e+00 seconds
 Total time in simulation          = 8.4558e+01 seconds
   Time in transport only          = 8.4547e+01 seconds
   Time in inactive batches        = 2.2339e+01 seconds
   Time in active batches          = 6.2219e+01 seconds
   Time synchronizing fission bank = 1.7389e-03 seconds
     Sampling source sites         = 1.3586e-03 seconds
     SEND/RECV source sites        = 2.9083e-04 seconds
   Time accumulating tallies       = 4.6833e-04 seconds
   Time writing statepoints        = 6.3137e-03 seconds
 Total time for finalization       = 3.9855e-04 seconds
 Total time elapsed                = 8.5024e+01 seconds
 Calculation Rate (inactive)       = 447.645 particles/second
 Calculation Rate (active)         = 321.445 particles/second

 ============================>     RESULTS     <============================

 k-effective (Collision)     = 1.07674 +/- 0.00999
 k-effective (Track-length)  = 1.06825 +/- 0.01105
 k-effective (Absorption)    = 1.08981 +/- 0.00664
 Combined k-effective        = 1.08309 +/- 0.00555
 Leakage Fraction            = 0.00000 +/- 0.00000

 Creating state point openmc_simulation_n1.h5...
[openmc.deplete] t=12981609.154661007 (final operator evaluation)
 Maximum neutron transport energy: 20000000 eV for H1
 Initializing source particles...

 ====================>     K EIGENVALUE SIMULATION     <====================

  Bat./Gen.      k       Entropy         Average k 
  =========   ========   ========   ====================
        1/1    1.11124    5.89841
        2/1    1.09911    5.91118
        3/1    1.05309    5.91952
        4/1    1.08854    5.92265
        5/1    1.07048    5.90253
        6/1    1.06559    5.90794
        7/1    1.14387    5.88163
        8/1    1.09369    5.91735
        9/1    1.06722    5.91510
       10/1    1.11009    5.91095
       11/1    1.06668    5.90408
       12/1    1.05904    5.90583    1.06286 +/- 0.00382
       13/1    1.17092    5.90368    1.09888 +/- 0.03609
       14/1    1.04981    5.91615    1.08661 +/- 0.02831
       15/1    1.04179    5.91370    1.07765 +/- 0.02369
       16/1    1.09098    5.90046    1.07987 +/- 0.01947
       17/1    1.09746    5.91476    1.08238 +/- 0.01665
       18/1    1.10285    5.90757    1.08494 +/- 0.01464
       19/1    1.11213    5.94267    1.08796 +/- 0.01326
       20/1    1.06418    5.90349    1.08558 +/- 0.01210
       21/1    1.08225    5.91150    1.08528 +/- 0.01095
       22/1    1.10038    5.91200    1.08654 +/- 0.01007
       23/1    1.08841    5.91816    1.08668 +/- 0.00927
       24/1    1.06449    5.88755    1.08510 +/- 0.00872
       25/1    1.14290    5.91707    1.08895 +/- 0.00899
       26/1    1.14838    5.92357    1.09266 +/- 0.00919
       27/1    1.08173    5.89949    1.09202 +/- 0.00866
       28/1    1.14236    5.90911    1.09482 +/- 0.00863
       29/1    1.11182    5.91884    1.09571 +/- 0.00821
       30/1    1.09583    5.87119    1.09572 +/- 0.00779
 Creating state point statepoint.30.h5...

 =======================>     TIMING STATISTICS     <=======================

 Total time for initialization     = 0.0000e+00 seconds
   Reading cross sections          = 0.0000e+00 seconds
 Total time in simulation          = 8.6273e+01 seconds
   Time in transport only          = 8.6250e+01 seconds
   Time in inactive batches        = 2.2994e+01 seconds
   Time in active batches          = 6.3279e+01 seconds
   Time synchronizing fission bank = 1.6969e-03 seconds
     Sampling source sites         = 1.2966e-03 seconds
     SEND/RECV source sites        = 2.8860e-04 seconds
   Time accumulating tallies       = 4.7367e-04 seconds
   Time writing statepoints        = 1.8566e-02 seconds
 Total time for finalization       = 3.7339e-04 seconds
 Total time elapsed                = 8.6738e+01 seconds
 Calculation Rate (inactive)       = 434.893 particles/second
 Calculation Rate (active)         = 316.06 particles/second

 ============================>     RESULTS     <============================

 k-effective (Collision)     = 1.10247 +/- 0.00818
 k-effective (Track-length)  = 1.09572 +/- 0.00779
 k-effective (Absorption)    = 1.11512 +/- 0.00803
 Combined k-effective        = 1.10509 +/- 0.00655
 Leakage Fraction            = 0.00000 +/- 0.00000

 Creating state point openmc_simulation_n2.h5...
                                %%%%%%%%%%%%%%%
                           %%%%%%%%%%%%%%%%%%%%%%%%
                        %%%%%%%%%%%%%%%%%%%%%%%%%%%%%%
                      %%%%%%%%%%%%%%%%%%%%%%%%%%%%%%%%%%
                    %%%%%%%%%%%%%%%%%%%%%%%%%%%%%%%%%%%%%%
                   %%%%%%%%%%%%%%%%%%%%%%%%%%%%%%%%%%%%%%%%
                                    %%%%%%%%%%%%%%%%%%%%%%%%
                                     %%%%%%%%%%%%%%%%%%%%%%%%
                 ###############      %%%%%%%%%%%%%%%%%%%%%%%%
                ##################     %%%%%%%%%%%%%%%%%%%%%%%
                ###################     %%%%%%%%%%%%%%%%%%%%%%%
                ####################     %%%%%%%%%%%%%%%%%%%%%%
                #####################     %%%%%%%%%%%%%%%%%%%%%
                ######################     %%%%%%%%%%%%%%%%%%%%
                #######################     %%%%%%%%%%%%%%%%%%
                 #######################     %%%%%%%%%%%%%%%%%
                 ######################     %%%%%%%%%%%%%%%%%
                  ####################     %%%%%%%%%%%%%%%%%
                    #################     %%%%%%%%%%%%%%%%%
                     ###############     %%%%%%%%%%%%%%%%
                       ############     %%%%%%%%%%%%%%%
                          ########     %%%%%%%%%%%%%%
                                      %%%%%%%%%%%

                 | The OpenMC Monte Carlo Code
       Copyright | 2011-2025 MIT, UChicago Argonne LLC, and contributors
         License | https://docs.openmc.org/en/latest/license.html
         Version | 0.15.3
     Commit Hash | 27e38e894697bb32a1dac7848d2618818b6b8daf
       Date/Time | 2026-09-26 20:14:08
   MPI Processes | 1
  OpenMP Threads | 1

 Reading settings XML file...
 Reading cross sections XML file...
 Reading chain file: /home/diogo/openmc_data/chain_endfb71_pwr.xml...
 Reading materials XML file...
 Reading geometry XML file...
 Reading H1 from /home/diogo/openmc_data/endfb-vii.1-hdf5/neutron/H1.h5
 Reading H2 from /home/diogo/openmc_data/endfb-vii.1-hdf5/neutron/H2.h5
 Reading B10 from /home/diogo/openmc_data/endfb-vii.1-hdf5/neutron/B10.h5
 Reading B11 from /home/diogo/openmc_data/endfb-vii.1-hdf5/neutron/B11.h5
 Reading O16 from /home/diogo/openmc_data/endfb-vii.1-hdf5/neutron/O16.h5
 Reading O17 from /home/diogo/openmc_data/endfb-vii.1-hdf5/neutron/O17.h5
 Reading Cr50 from /home/diogo/openmc_data/endfb-vii.1-hdf5/neutron/Cr50.h5
 Reading Cr52 from /home/diogo/openmc_data/endfb-vii.1-hdf5/neutron/Cr52.h5
 Reading Cr53 from /home/diogo/openmc_data/endfb-vii.1-hdf5/neutron/Cr53.h5
 Reading Cr54 from /home/diogo/openmc_data/endfb-vii.1-hdf5/neutron/Cr54.h5
 Reading Fe54 from /home/diogo/openmc_data/endfb-vii.1-hdf5/neutron/Fe54.h5
 Reading Fe56 from /home/diogo/openmc_data/endfb-vii.1-hdf5/neutron/Fe56.h5
 Reading Fe57 from /home/diogo/openmc_data/endfb-vii.1-hdf5/neutron/Fe57.h5
 Reading Fe58 from /home/diogo/openmc_data/endfb-vii.1-hdf5/neutron/Fe58.h5
 Reading Zr90 from /home/diogo/openmc_data/endfb-vii.1-hdf5/neutron/Zr90.h5
 Reading Zr91 from /home/diogo/openmc_data/endfb-vii.1-hdf5/neutron/Zr91.h5
 Reading Zr92 from /home/diogo/openmc_data/endfb-vii.1-hdf5/neutron/Zr92.h5
 Reading Zr94 from /home/diogo/openmc_data/endfb-vii.1-hdf5/neutron/Zr94.h5
 Reading Zr96 from /home/diogo/openmc_data/endfb-vii.1-hdf5/neutron/Zr96.h5
 Reading Sn112 from /home/diogo/openmc_data/endfb-vii.1-hdf5/neutron/Sn112.h5
 Reading Sn114 from /home/diogo/openmc_data/endfb-vii.1-hdf5/neutron/Sn114.h5
 Reading Sn115 from /home/diogo/openmc_data/endfb-vii.1-hdf5/neutron/Sn115.h5
 Reading Sn116 from /home/diogo/openmc_data/endfb-vii.1-hdf5/neutron/Sn116.h5
 Reading Sn117 from /home/diogo/openmc_data/endfb-vii.1-hdf5/neutron/Sn117.h5
 Reading Sn118 from /home/diogo/openmc_data/endfb-vii.1-hdf5/neutron/Sn118.h5
 Reading Sn119 from /home/diogo/openmc_data/endfb-vii.1-hdf5/neutron/Sn119.h5
 Reading Sn120 from /home/diogo/openmc_data/endfb-vii.1-hdf5/neutron/Sn120.h5
 Reading Sn122 from /home/diogo/openmc_data/endfb-vii.1-hdf5/neutron/Sn122.h5
 Reading Sn124 from /home/diogo/openmc_data/endfb-vii.1-hdf5/neutron/Sn124.h5
 Reading He3 from /home/diogo/openmc_data/endfb-vii.1-hdf5/neutron/He3.h5
 Reading He4 from /home/diogo/openmc_data/endfb-vii.1-hdf5/neutron/He4.h5
 Reading U234 from /home/diogo/openmc_data/endfb-vii.1-hdf5/neutron/U234.h5
 Reading U235 from /home/diogo/openmc_data/endfb-vii.1-hdf5/neutron/U235.h5
 Reading U238 from /home/diogo/openmc_data/endfb-vii.1-hdf5/neutron/U238.h5
 Reading Gd152 from /home/diogo/openmc_data/endfb-vii.1-hdf5/neutron/Gd152.h5
 Reading Gd154 from /home/diogo/openmc_data/endfb-vii.1-hdf5/neutron/Gd154.h5
 Reading Gd155 from /home/diogo/openmc_data/endfb-vii.1-hdf5/neutron/Gd155.h5
 Reading Gd156 from /home/diogo/openmc_data/endfb-vii.1-hdf5/neutron/Gd156.h5
 Reading Gd157 from /home/diogo/openmc_data/endfb-vii.1-hdf5/neutron/Gd157.h5
 Reading Gd158 from /home/diogo/openmc_data/endfb-vii.1-hdf5/neutron/Gd158.h5
 Reading Gd160 from /home/diogo/openmc_data/endfb-vii.1-hdf5/neutron/Gd160.h5
 Reading c_H_in_H2O from
 /home/diogo/openmc_data/endfb-vii.1-hdf5/neutron/c_H_in_H2O.h5
 Minimum neutron data temperature: 0 K
 Maximum neutron data temperature: 1.7976931348623157e+308 K
 Reading tallies XML file...
 Preparing distributed cell instances...
 Reading plot XML file...
 Writing summary.h5 file...
[openmc.deplete] t=12981609.154661007 s, dt=865440.6103107346 s, source=1491105.972264863
[openmc.deplete] t=13847049.764971742 (final operator evaluation)
 Reading H3 from /home/diogo/openmc_data/endfb-vii.1-hdf5/neutron/H3.h5
 Reading Li6 from /home/diogo/openmc_data/endfb-vii.1-hdf5/neutron/Li6.h5
 Reading Li7 from /home/diogo/openmc_data/endfb-vii.1-hdf5/neutron/Li7.h5
 Reading N14 from /home/diogo/openmc_data/endfb-vii.1-hdf5/neutron/N14.h5
 Reading N15 from /home/diogo/openmc_data/endfb-vii.1-hdf5/neutron/N15.h5
 Reading F19 from /home/diogo/openmc_data/endfb-vii.1-hdf5/neutron/F19.h5
 Reading Na22 from /home/diogo/openmc_data/endfb-vii.1-hdf5/neutron/Na22.h5
 WARNING: Negative value(s) found on probability table for nuclide Na22 at 250K
 WARNING: Negative value(s) found on probability table for nuclide Na22 at 294K
 WARNING: Negative value(s) found on probability table for nuclide Na22 at 600K
 WARNING: Negative value(s) found on probability table for nuclide Na22 at 900K
 WARNING: Negative value(s) found on probability table for nuclide Na22 at 1200K
 WARNING: Negative value(s) found on probability table for nuclide Na22 at 2500K
 Reading Na23 from /home/diogo/openmc_data/endfb-vii.1-hdf5/neutron/Na23.h5
 Reading Mg24 from /home/diogo/openmc_data/endfb-vii.1-hdf5/neutron/Mg24.h5
 Reading Mg25 from /home/diogo/openmc_data/endfb-vii.1-hdf5/neutron/Mg25.h5
 Reading Mg26 from /home/diogo/openmc_data/endfb-vii.1-hdf5/neutron/Mg26.h5
 Reading Al27 from /home/diogo/openmc_data/endfb-vii.1-hdf5/neutron/Al27.h5
 Reading Si28 from /home/diogo/openmc_data/endfb-vii.1-hdf5/neutron/Si28.h5
 Reading Si29 from /home/diogo/openmc_data/endfb-vii.1-hdf5/neutron/Si29.h5
 Reading Si30 from /home/diogo/openmc_data/endfb-vii.1-hdf5/neutron/Si30.h5
 Reading P31 from /home/diogo/openmc_data/endfb-vii.1-hdf5/neutron/P31.h5
 Reading S32 from /home/diogo/openmc_data/endfb-vii.1-hdf5/neutron/S32.h5
 Reading S33 from /home/diogo/openmc_data/endfb-vii.1-hdf5/neutron/S33.h5
 Reading S34 from /home/diogo/openmc_data/endfb-vii.1-hdf5/neutron/S34.h5
 Reading S36 from /home/diogo/openmc_data/endfb-vii.1-hdf5/neutron/S36.h5
 Reading Cl35 from /home/diogo/openmc_data/endfb-vii.1-hdf5/neutron/Cl35.h5
 Reading Cl37 from /home/diogo/openmc_data/endfb-vii.1-hdf5/neutron/Cl37.h5
 Reading Ar36 from /home/diogo/openmc_data/endfb-vii.1-hdf5/neutron/Ar36.h5
 WARNING: Negative value(s) found on probability table for nuclide Ar36 at 250K
 WARNING: Negative value(s) found on probability table for nuclide Ar36 at 294K
 WARNING: Negative value(s) found on probability table for nuclide Ar36 at 600K
 WARNING: Negative value(s) found on probability table for nuclide Ar36 at 900K
 WARNING: Negative value(s) found on probability table for nuclide Ar36 at 1200K
 WARNING: Negative value(s) found on probability table for nuclide Ar36 at 2500K
 Reading Ar38 from /home/diogo/openmc_data/endfb-vii.1-hdf5/neutron/Ar38.h5
 Reading Ar40 from /home/diogo/openmc_data/endfb-vii.1-hdf5/neutron/Ar40.h5
 Reading K39 from /home/diogo/openmc_data/endfb-vii.1-hdf5/neutron/K39.h5
 Reading K40 from /home/diogo/openmc_data/endfb-vii.1-hdf5/neutron/K40.h5
 Reading K41 from /home/diogo/openmc_data/endfb-vii.1-hdf5/neutron/K41.h5
 Reading Ca40 from /home/diogo/openmc_data/endfb-vii.1-hdf5/neutron/Ca40.h5
 Reading Ca42 from /home/diogo/openmc_data/endfb-vii.1-hdf5/neutron/Ca42.h5
 Reading Ca43 from /home/diogo/openmc_data/endfb-vii.1-hdf5/neutron/Ca43.h5
 Reading Ca44 from /home/diogo/openmc_data/endfb-vii.1-hdf5/neutron/Ca44.h5
 Reading Ca46 from /home/diogo/openmc_data/endfb-vii.1-hdf5/neutron/Ca46.h5
 Reading Sc45 from /home/diogo/openmc_data/endfb-vii.1-hdf5/neutron/Sc45.h5
 Reading Ti46 from /home/diogo/openmc_data/endfb-vii.1-hdf5/neutron/Ti46.h5
 Reading Ti47 from /home/diogo/openmc_data/endfb-vii.1-hdf5/neutron/Ti47.h5
 Reading Ti48 from /home/diogo/openmc_data/endfb-vii.1-hdf5/neutron/Ti48.h5
 Reading Ti49 from /home/diogo/openmc_data/endfb-vii.1-hdf5/neutron/Ti49.h5
 Reading Ti50 from /home/diogo/openmc_data/endfb-vii.1-hdf5/neutron/Ti50.h5
 Reading V50 from /home/diogo/openmc_data/endfb-vii.1-hdf5/neutron/V50.h5
 Reading V51 from /home/diogo/openmc_data/endfb-vii.1-hdf5/neutron/V51.h5
 Reading Mn55 from /home/diogo/openmc_data/endfb-vii.1-hdf5/neutron/Mn55.h5
 Reading Co58 from /home/diogo/openmc_data/endfb-vii.1-hdf5/neutron/Co58.h5
 Reading Co59 from /home/diogo/openmc_data/endfb-vii.1-hdf5/neutron/Co59.h5
 Reading Ni58 from /home/diogo/openmc_data/endfb-vii.1-hdf5/neutron/Ni58.h5
 Reading Ni59 from /home/diogo/openmc_data/endfb-vii.1-hdf5/neutron/Ni59.h5
 Reading Ni60 from /home/diogo/openmc_data/endfb-vii.1-hdf5/neutron/Ni60.h5
 Reading Ni61 from /home/diogo/openmc_data/endfb-vii.1-hdf5/neutron/Ni61.h5
 Reading Ni62 from /home/diogo/openmc_data/endfb-vii.1-hdf5/neutron/Ni62.h5
 Reading Ni64 from /home/diogo/openmc_data/endfb-vii.1-hdf5/neutron/Ni64.h5
 Reading Cu63 from /home/diogo/openmc_data/endfb-vii.1-hdf5/neutron/Cu63.h5
 Reading Cu65 from /home/diogo/openmc_data/endfb-vii.1-hdf5/neutron/Cu65.h5
 Reading Zn64 from /home/diogo/openmc_data/endfb-vii.1-hdf5/neutron/Zn64.h5
 Reading Zn65 from /home/diogo/openmc_data/endfb-vii.1-hdf5/neutron/Zn65.h5
 Reading Zn66 from /home/diogo/openmc_data/endfb-vii.1-hdf5/neutron/Zn66.h5
 Reading Zn67 from /home/diogo/openmc_data/endfb-vii.1-hdf5/neutron/Zn67.h5
 Reading Zn68 from /home/diogo/openmc_data/endfb-vii.1-hdf5/neutron/Zn68.h5
 Reading Zn70 from /home/diogo/openmc_data/endfb-vii.1-hdf5/neutron/Zn70.h5
 Reading Ga69 from /home/diogo/openmc_data/endfb-vii.1-hdf5/neutron/Ga69.h5
 Reading Ga71 from /home/diogo/openmc_data/endfb-vii.1-hdf5/neutron/Ga71.h5
 Reading Ge70 from /home/diogo/openmc_data/endfb-vii.1-hdf5/neutron/Ge70.h5
 Reading Ge72 from /home/diogo/openmc_data/endfb-vii.1-hdf5/neutron/Ge72.h5
 Reading Ge73 from /home/diogo/openmc_data/endfb-vii.1-hdf5/neutron/Ge73.h5
 Reading Ge74 from /home/diogo/openmc_data/endfb-vii.1-hdf5/neutron/Ge74.h5
 Reading Ge76 from /home/diogo/openmc_data/endfb-vii.1-hdf5/neutron/Ge76.h5
 Reading As74 from /home/diogo/openmc_data/endfb-vii.1-hdf5/neutron/As74.h5
 Reading As75 from /home/diogo/openmc_data/endfb-vii.1-hdf5/neutron/As75.h5
 Reading Se74 from /home/diogo/openmc_data/endfb-vii.1-hdf5/neutron/Se74.h5
 Reading Se76 from /home/diogo/openmc_data/endfb-vii.1-hdf5/neutron/Se76.h5
 Reading Se77 from /home/diogo/openmc_data/endfb-vii.1-hdf5/neutron/Se77.h5
 Reading Se78 from /home/diogo/openmc_data/endfb-vii.1-hdf5/neutron/Se78.h5
 Reading Se79 from /home/diogo/openmc_data/endfb-vii.1-hdf5/neutron/Se79.h5
 WARNING: Negative value(s) found on probability table for nuclide Se79 at 250K
 WARNING: Negative value(s) found on probability table for nuclide Se79 at 294K
 WARNING: Negative value(s) found on probability table for nuclide Se79 at 600K
 WARNING: Negative value(s) found on probability table for nuclide Se79 at 900K
 WARNING: Negative value(s) found on probability table for nuclide Se79 at 1200K
 Reading Se80 from /home/diogo/openmc_data/endfb-vii.1-hdf5/neutron/Se80.h5
 Reading Se82 from /home/diogo/openmc_data/endfb-vii.1-hdf5/neutron/Se82.h5
 Reading Br79 from /home/diogo/openmc_data/endfb-vii.1-hdf5/neutron/Br79.h5
 Reading Br81 from /home/diogo/openmc_data/endfb-vii.1-hdf5/neutron/Br81.h5
 Reading Kr78 from /home/diogo/openmc_data/endfb-vii.1-hdf5/neutron/Kr78.h5
 Reading Kr80 from /home/diogo/openmc_data/endfb-vii.1-hdf5/neutron/Kr80.h5
 Reading Kr82 from /home/diogo/openmc_data/endfb-vii.1-hdf5/neutron/Kr82.h5
 Reading Kr83 from /home/diogo/openmc_data/endfb-vii.1-hdf5/neutron/Kr83.h5
 Reading Kr84 from /home/diogo/openmc_data/endfb-vii.1-hdf5/neutron/Kr84.h5
 Reading Kr85 from /home/diogo/openmc_data/endfb-vii.1-hdf5/neutron/Kr85.h5
 Reading Kr86 from /home/diogo/openmc_data/endfb-vii.1-hdf5/neutron/Kr86.h5
 Reading Rb85 from /home/diogo/openmc_data/endfb-vii.1-hdf5/neutron/Rb85.h5
 Reading Rb86 from /home/diogo/openmc_data/endfb-vii.1-hdf5/neutron/Rb86.h5
 Reading Rb87 from /home/diogo/openmc_data/endfb-vii.1-hdf5/neutron/Rb87.h5
 Reading Sr84 from /home/diogo/openmc_data/endfb-vii.1-hdf5/neutron/Sr84.h5
 Reading Sr86 from /home/diogo/openmc_data/endfb-vii.1-hdf5/neutron/Sr86.h5
 Reading Sr87 from /home/diogo/openmc_data/endfb-vii.1-hdf5/neutron/Sr87.h5
 Reading Sr88 from /home/diogo/openmc_data/endfb-vii.1-hdf5/neutron/Sr88.h5
 Reading Sr89 from /home/diogo/openmc_data/endfb-vii.1-hdf5/neutron/Sr89.h5
 Reading Sr90 from /home/diogo/openmc_data/endfb-vii.1-hdf5/neutron/Sr90.h5
 Reading Y89 from /home/diogo/openmc_data/endfb-vii.1-hdf5/neutron/Y89.h5
 Reading Y90 from /home/diogo/openmc_data/endfb-vii.1-hdf5/neutron/Y90.h5
 Reading Y91 from /home/diogo/openmc_data/endfb-vii.1-hdf5/neutron/Y91.h5
 Reading Zr93 from /home/diogo/openmc_data/endfb-vii.1-hdf5/neutron/Zr93.h5
 Reading Zr95 from /home/diogo/openmc_data/endfb-vii.1-hdf5/neutron/Zr95.h5
 Reading Nb93 from /home/diogo/openmc_data/endfb-vii.1-hdf5/neutron/Nb93.h5
 Reading Nb94 from /home/diogo/openmc_data/endfb-vii.1-hdf5/neutron/Nb94.h5
 WARNING: Negative value(s) found on probability table for nuclide Nb94 at 250K
 WARNING: Negative value(s) found on probability table for nuclide Nb94 at 294K
 WARNING: Negative value(s) found on probability table for nuclide Nb94 at 600K
 WARNING: Negative value(s) found on probability table for nuclide Nb94 at 900K
 WARNING: Negative value(s) found on probability table for nuclide Nb94 at 1200K
 WARNING: Negative value(s) found on probability table for nuclide Nb94 at 2500K
 Reading Nb95 from /home/diogo/openmc_data/endfb-vii.1-hdf5/neutron/Nb95.h5
 WARNING: Negative value(s) found on probability table for nuclide Nb95 at 250K
 WARNING: Negative value(s) found on probability table for nuclide Nb95 at 294K
 WARNING: Negative value(s) found on probability table for nuclide Nb95 at 600K
 WARNING: Negative value(s) found on probability table for nuclide Nb95 at 900K
 WARNING: Negative value(s) found on probability table for nuclide Nb95 at 1200K
 Reading Mo92 from /home/diogo/openmc_data/endfb-vii.1-hdf5/neutron/Mo92.h5
 Reading Mo94 from /home/diogo/openmc_data/endfb-vii.1-hdf5/neutron/Mo94.h5
 Reading Mo95 from /home/diogo/openmc_data/endfb-vii.1-hdf5/neutron/Mo95.h5
 Reading Mo96 from /home/diogo/openmc_data/endfb-vii.1-hdf5/neutron/Mo96.h5
 Reading Mo97 from /home/diogo/openmc_data/endfb-vii.1-hdf5/neutron/Mo97.h5
 Reading Mo98 from /home/diogo/openmc_data/endfb-vii.1-hdf5/neutron/Mo98.h5
 Reading Mo99 from /home/diogo/openmc_data/endfb-vii.1-hdf5/neutron/Mo99.h5
 WARNING: Negative value(s) found on probability table for nuclide Mo99 at 250K
 WARNING: Negative value(s) found on probability table for nuclide Mo99 at 294K
 WARNING: Negative value(s) found on probability table for nuclide Mo99 at 600K
 WARNING: Negative value(s) found on probability table for nuclide Mo99 at 900K
 WARNING: Negative value(s) found on probability table for nuclide Mo99 at 1200K
 WARNING: Negative value(s) found on probability table for nuclide Mo99 at 2500K
 Reading Mo100 from /home/diogo/openmc_data/endfb-vii.1-hdf5/neutron/Mo100.h5
 Reading Tc99 from /home/diogo/openmc_data/endfb-vii.1-hdf5/neutron/Tc99.h5
 Reading Ru98 from /home/diogo/openmc_data/endfb-vii.1-hdf5/neutron/Ru98.h5
 Reading Ru99 from /home/diogo/openmc_data/endfb-vii.1-hdf5/neutron/Ru99.h5
 Reading Ru100 from /home/diogo/openmc_data/endfb-vii.1-hdf5/neutron/Ru100.h5
 Reading Ru101 from /home/diogo/openmc_data/endfb-vii.1-hdf5/neutron/Ru101.h5
 Reading Ru102 from /home/diogo/openmc_data/endfb-vii.1-hdf5/neutron/Ru102.h5
 Reading Ru103 from /home/diogo/openmc_data/endfb-vii.1-hdf5/neutron/Ru103.h5
 Reading Ru104 from /home/diogo/openmc_data/endfb-vii.1-hdf5/neutron/Ru104.h5
 Reading Ru105 from /home/diogo/openmc_data/endfb-vii.1-hdf5/neutron/Ru105.h5
 Reading Ru106 from /home/diogo/openmc_data/endfb-vii.1-hdf5/neutron/Ru106.h5
 Reading Rh103 from /home/diogo/openmc_data/endfb-vii.1-hdf5/neutron/Rh103.h5
 Reading Rh105 from /home/diogo/openmc_data/endfb-vii.1-hdf5/neutron/Rh105.h5
 Reading Pd102 from /home/diogo/openmc_data/endfb-vii.1-hdf5/neutron/Pd102.h5
 Reading Pd104 from /home/diogo/openmc_data/endfb-vii.1-hdf5/neutron/Pd104.h5
 Reading Pd105 from /home/diogo/openmc_data/endfb-vii.1-hdf5/neutron/Pd105.h5
 Reading Pd106 from /home/diogo/openmc_data/endfb-vii.1-hdf5/neutron/Pd106.h5
 Reading Pd107 from /home/diogo/openmc_data/endfb-vii.1-hdf5/neutron/Pd107.h5
 Reading Pd108 from /home/diogo/openmc_data/endfb-vii.1-hdf5/neutron/Pd108.h5
 Reading Pd110 from /home/diogo/openmc_data/endfb-vii.1-hdf5/neutron/Pd110.h5
 Reading Ag107 from /home/diogo/openmc_data/endfb-vii.1-hdf5/neutron/Ag107.h5
 Reading Ag109 from /home/diogo/openmc_data/endfb-vii.1-hdf5/neutron/Ag109.h5
 Reading Ag110_m1 from
 /home/diogo/openmc_data/endfb-vii.1-hdf5/neutron/Ag110_m1.h5
 Reading Ag111 from /home/diogo/openmc_data/endfb-vii.1-hdf5/neutron/Ag111.h5
 Reading Cd106 from /home/diogo/openmc_data/endfb-vii.1-hdf5/neutron/Cd106.h5
 WARNING: Negative value(s) found on probability table for nuclide Cd106 at 250K
 WARNING: Negative value(s) found on probability table for nuclide Cd106 at 294K
 WARNING: Negative value(s) found on probability table for nuclide Cd106 at 600K
 WARNING: Negative value(s) found on probability table for nuclide Cd106 at 900K
 WARNING: Negative value(s) found on probability table for nuclide Cd106 at
          1200K
 WARNING: Negative value(s) found on probability table for nuclide Cd106 at
          2500K
 Reading Cd108 from /home/diogo/openmc_data/endfb-vii.1-hdf5/neutron/Cd108.h5
 Reading Cd110 from /home/diogo/openmc_data/endfb-vii.1-hdf5/neutron/Cd110.h5
 Reading Cd111 from /home/diogo/openmc_data/endfb-vii.1-hdf5/neutron/Cd111.h5
 Reading Cd112 from /home/diogo/openmc_data/endfb-vii.1-hdf5/neutron/Cd112.h5
 Reading Cd113 from /home/diogo/openmc_data/endfb-vii.1-hdf5/neutron/Cd113.h5
 Reading Cd114 from /home/diogo/openmc_data/endfb-vii.1-hdf5/neutron/Cd114.h5
 Reading Cd115_m1 from
 /home/diogo/openmc_data/endfb-vii.1-hdf5/neutron/Cd115_m1.h5
 Reading Cd116 from /home/diogo/openmc_data/endfb-vii.1-hdf5/neutron/Cd116.h5
 Reading In113 from /home/diogo/openmc_data/endfb-vii.1-hdf5/neutron/In113.h5
 Reading In115 from /home/diogo/openmc_data/endfb-vii.1-hdf5/neutron/In115.h5
 Reading Sn113 from /home/diogo/openmc_data/endfb-vii.1-hdf5/neutron/Sn113.h5
 Reading Sn123 from /home/diogo/openmc_data/endfb-vii.1-hdf5/neutron/Sn123.h5
 WARNING: Negative value(s) found on probability table for nuclide Sn123 at 250K
 WARNING: Negative value(s) found on probability table for nuclide Sn123 at 294K
 WARNING: Negative value(s) found on probability table for nuclide Sn123 at 600K
 WARNING: Negative value(s) found on probability table for nuclide Sn123 at 900K
 WARNING: Negative value(s) found on probability table for nuclide Sn123 at
          1200K
 WARNING: Negative value(s) found on probability table for nuclide Sn123 at
          2500K
 Reading Sn125 from /home/diogo/openmc_data/endfb-vii.1-hdf5/neutron/Sn125.h5
 Reading Sn126 from /home/diogo/openmc_data/endfb-vii.1-hdf5/neutron/Sn126.h5
 Reading Sb121 from /home/diogo/openmc_data/endfb-vii.1-hdf5/neutron/Sb121.h5
 Reading Sb123 from /home/diogo/openmc_data/endfb-vii.1-hdf5/neutron/Sb123.h5
 Reading Sb124 from /home/diogo/openmc_data/endfb-vii.1-hdf5/neutron/Sb124.h5
 Reading Sb125 from /home/diogo/openmc_data/endfb-vii.1-hdf5/neutron/Sb125.h5
 Reading Sb126 from /home/diogo/openmc_data/endfb-vii.1-hdf5/neutron/Sb126.h5
 Reading Te120 from /home/diogo/openmc_data/endfb-vii.1-hdf5/neutron/Te120.h5
 WARNING: Negative value(s) found on probability table for nuclide Te120 at 600K
 WARNING: Negative value(s) found on probability table for nuclide Te120 at 900K
 WARNING: Negative value(s) found on probability table for nuclide Te120 at
          1200K
 WARNING: Negative value(s) found on probability table for nuclide Te120 at
          2500K
 Reading Te122 from /home/diogo/openmc_data/endfb-vii.1-hdf5/neutron/Te122.h5
 Reading Te123 from /home/diogo/openmc_data/endfb-vii.1-hdf5/neutron/Te123.h5
 Reading Te124 from /home/diogo/openmc_data/endfb-vii.1-hdf5/neutron/Te124.h5
 Reading Te125 from /home/diogo/openmc_data/endfb-vii.1-hdf5/neutron/Te125.h5
 Reading Te126 from /home/diogo/openmc_data/endfb-vii.1-hdf5/neutron/Te126.h5
 Reading Te127_m1 from
 /home/diogo/openmc_data/endfb-vii.1-hdf5/neutron/Te127_m1.h5
 Reading Te128 from /home/diogo/openmc_data/endfb-vii.1-hdf5/neutron/Te128.h5
 Reading Te129_m1 from
 /home/diogo/openmc_data/endfb-vii.1-hdf5/neutron/Te129_m1.h5
 Reading Te130 from /home/diogo/openmc_data/endfb-vii.1-hdf5/neutron/Te130.h5
 Reading Te132 from /home/diogo/openmc_data/endfb-vii.1-hdf5/neutron/Te132.h5
 Reading I127 from /home/diogo/openmc_data/endfb-vii.1-hdf5/neutron/I127.h5
 Reading I129 from /home/diogo/openmc_data/endfb-vii.1-hdf5/neutron/I129.h5
 Reading I130 from /home/diogo/openmc_data/endfb-vii.1-hdf5/neutron/I130.h5
 Reading I131 from /home/diogo/openmc_data/endfb-vii.1-hdf5/neutron/I131.h5
 WARNING: Negative value(s) found on probability table for nuclide I131 at 250K
 WARNING: Negative value(s) found on probability table for nuclide I131 at 294K
 WARNING: Negative value(s) found on probability table for nuclide I131 at 600K
 WARNING: Negative value(s) found on probability table for nuclide I131 at 900K
 WARNING: Negative value(s) found on probability table for nuclide I131 at 1200K
 WARNING: Negative value(s) found on probability table for nuclide I131 at 2500K
 Reading I135 from /home/diogo/openmc_data/endfb-vii.1-hdf5/neutron/I135.h5
 Reading Xe126 from /home/diogo/openmc_data/endfb-vii.1-hdf5/neutron/Xe126.h5
 Reading Xe128 from /home/diogo/openmc_data/endfb-vii.1-hdf5/neutron/Xe128.h5
 Reading Xe129 from /home/diogo/openmc_data/endfb-vii.1-hdf5/neutron/Xe129.h5
 Reading Xe130 from /home/diogo/openmc_data/endfb-vii.1-hdf5/neutron/Xe130.h5
 Reading Xe131 from /home/diogo/openmc_data/endfb-vii.1-hdf5/neutron/Xe131.h5
 Reading Xe132 from /home/diogo/openmc_data/endfb-vii.1-hdf5/neutron/Xe132.h5
 Reading Xe133 from /home/diogo/openmc_data/endfb-vii.1-hdf5/neutron/Xe133.h5
 WARNING: Negative value(s) found on probability table for nuclide Xe133 at
          2500K
 Reading Xe134 from /home/diogo/openmc_data/endfb-vii.1-hdf5/neutron/Xe134.h5
 Reading Xe135 from /home/diogo/openmc_data/endfb-vii.1-hdf5/neutron/Xe135.h5
 Reading Xe136 from /home/diogo/openmc_data/endfb-vii.1-hdf5/neutron/Xe136.h5
 Reading Cs133 from /home/diogo/openmc_data/endfb-vii.1-hdf5/neutron/Cs133.h5
 Reading Cs134 from /home/diogo/openmc_data/endfb-vii.1-hdf5/neutron/Cs134.h5
 Reading Cs135 from /home/diogo/openmc_data/endfb-vii.1-hdf5/neutron/Cs135.h5
 Reading Cs136 from /home/diogo/openmc_data/endfb-vii.1-hdf5/neutron/Cs136.h5
 WARNING: Negative value(s) found on probability table for nuclide Cs136 at 250K
 WARNING: Negative value(s) found on probability table for nuclide Cs136 at 294K
 WARNING: Negative value(s) found on probability table for nuclide Cs136 at 600K
 WARNING: Negative value(s) found on probability table for nuclide Cs136 at 900K
 WARNING: Negative value(s) found on probability table for nuclide Cs136 at
          1200K
 WARNING: Negative value(s) found on probability table for nuclide Cs136 at
          2500K
 Reading Cs137 from /home/diogo/openmc_data/endfb-vii.1-hdf5/neutron/Cs137.h5
 Reading Ba132 from /home/diogo/openmc_data/endfb-vii.1-hdf5/neutron/Ba132.h5
 Reading Ba133 from /home/diogo/openmc_data/endfb-vii.1-hdf5/neutron/Ba133.h5
 Reading Ba134 from /home/diogo/openmc_data/endfb-vii.1-hdf5/neutron/Ba134.h5
 Reading Ba135 from /home/diogo/openmc_data/endfb-vii.1-hdf5/neutron/Ba135.h5
 Reading Ba136 from /home/diogo/openmc_data/endfb-vii.1-hdf5/neutron/Ba136.h5
 Reading Ba137 from /home/diogo/openmc_data/endfb-vii.1-hdf5/neutron/Ba137.h5
 Reading Ba138 from /home/diogo/openmc_data/endfb-vii.1-hdf5/neutron/Ba138.h5
 Reading Ba140 from /home/diogo/openmc_data/endfb-vii.1-hdf5/neutron/Ba140.h5
 Reading La138 from /home/diogo/openmc_data/endfb-vii.1-hdf5/neutron/La138.h5
 Reading La139 from /home/diogo/openmc_data/endfb-vii.1-hdf5/neutron/La139.h5
 Reading La140 from /home/diogo/openmc_data/endfb-vii.1-hdf5/neutron/La140.h5
 Reading Ce138 from /home/diogo/openmc_data/endfb-vii.1-hdf5/neutron/Ce138.h5
 Reading Ce139 from /home/diogo/openmc_data/endfb-vii.1-hdf5/neutron/Ce139.h5
 Reading Ce140 from /home/diogo/openmc_data/endfb-vii.1-hdf5/neutron/Ce140.h5
 Reading Ce141 from /home/diogo/openmc_data/endfb-vii.1-hdf5/neutron/Ce141.h5
 Reading Ce142 from /home/diogo/openmc_data/endfb-vii.1-hdf5/neutron/Ce142.h5
 Reading Ce143 from /home/diogo/openmc_data/endfb-vii.1-hdf5/neutron/Ce143.h5
 Reading Ce144 from /home/diogo/openmc_data/endfb-vii.1-hdf5/neutron/Ce144.h5
 Reading Pr141 from /home/diogo/openmc_data/endfb-vii.1-hdf5/neutron/Pr141.h5
 Reading Pr142 from /home/diogo/openmc_data/endfb-vii.1-hdf5/neutron/Pr142.h5
 Reading Pr143 from /home/diogo/openmc_data/endfb-vii.1-hdf5/neutron/Pr143.h5
 Reading Nd142 from /home/diogo/openmc_data/endfb-vii.1-hdf5/neutron/Nd142.h5
 Reading Nd143 from /home/diogo/openmc_data/endfb-vii.1-hdf5/neutron/Nd143.h5
 Reading Nd144 from /home/diogo/openmc_data/endfb-vii.1-hdf5/neutron/Nd144.h5
 Reading Nd145 from /home/diogo/openmc_data/endfb-vii.1-hdf5/neutron/Nd145.h5
 Reading Nd146 from /home/diogo/openmc_data/endfb-vii.1-hdf5/neutron/Nd146.h5
 Reading Nd147 from /home/diogo/openmc_data/endfb-vii.1-hdf5/neutron/Nd147.h5
 Reading Nd148 from /home/diogo/openmc_data/endfb-vii.1-hdf5/neutron/Nd148.h5
 Reading Nd150 from /home/diogo/openmc_data/endfb-vii.1-hdf5/neutron/Nd150.h5
 Reading Pm147 from /home/diogo/openmc_data/endfb-vii.1-hdf5/neutron/Pm147.h5
 Reading Pm148 from /home/diogo/openmc_data/endfb-vii.1-hdf5/neutron/Pm148.h5
 Reading Pm148_m1 from
 /home/diogo/openmc_data/endfb-vii.1-hdf5/neutron/Pm148_m1.h5
 Reading Pm149 from /home/diogo/openmc_data/endfb-vii.1-hdf5/neutron/Pm149.h5
 Reading Pm151 from /home/diogo/openmc_data/endfb-vii.1-hdf5/neutron/Pm151.h5
 Reading Sm144 from /home/diogo/openmc_data/endfb-vii.1-hdf5/neutron/Sm144.h5
 Reading Sm147 from /home/diogo/openmc_data/endfb-vii.1-hdf5/neutron/Sm147.h5
 Reading Sm148 from /home/diogo/openmc_data/endfb-vii.1-hdf5/neutron/Sm148.h5
 Reading Sm149 from /home/diogo/openmc_data/endfb-vii.1-hdf5/neutron/Sm149.h5
 Reading Sm150 from /home/diogo/openmc_data/endfb-vii.1-hdf5/neutron/Sm150.h5
 Reading Sm151 from /home/diogo/openmc_data/endfb-vii.1-hdf5/neutron/Sm151.h5
 Reading Sm152 from /home/diogo/openmc_data/endfb-vii.1-hdf5/neutron/Sm152.h5
 Reading Sm153 from /home/diogo/openmc_data/endfb-vii.1-hdf5/neutron/Sm153.h5
 Reading Sm154 from /home/diogo/openmc_data/endfb-vii.1-hdf5/neutron/Sm154.h5
 Reading Eu151 from /home/diogo/openmc_data/endfb-vii.1-hdf5/neutron/Eu151.h5
 Reading Eu152 from /home/diogo/openmc_data/endfb-vii.1-hdf5/neutron/Eu152.h5
 Reading Eu153 from /home/diogo/openmc_data/endfb-vii.1-hdf5/neutron/Eu153.h5
 Reading Eu154 from /home/diogo/openmc_data/endfb-vii.1-hdf5/neutron/Eu154.h5
 Reading Eu155 from /home/diogo/openmc_data/endfb-vii.1-hdf5/neutron/Eu155.h5
 Reading Eu156 from /home/diogo/openmc_data/endfb-vii.1-hdf5/neutron/Eu156.h5
 WARNING: Negative value(s) found on probability table for nuclide Eu156 at 250K
 WARNING: Negative value(s) found on probability table for nuclide Eu156 at 294K
 WARNING: Negative value(s) found on probability table for nuclide Eu156 at 600K
 WARNING: Negative value(s) found on probability table for nuclide Eu156 at 900K
 WARNING: Negative value(s) found on probability table for nuclide Eu156 at
          1200K
 WARNING: Negative value(s) found on probability table for nuclide Eu156 at
          2500K
 Reading Eu157 from /home/diogo/openmc_data/endfb-vii.1-hdf5/neutron/Eu157.h5
 Reading Gd153 from /home/diogo/openmc_data/endfb-vii.1-hdf5/neutron/Gd153.h5
 Reading Tb159 from /home/diogo/openmc_data/endfb-vii.1-hdf5/neutron/Tb159.h5
 Reading Tb160 from /home/diogo/openmc_data/endfb-vii.1-hdf5/neutron/Tb160.h5
 Reading Dy156 from /home/diogo/openmc_data/endfb-vii.1-hdf5/neutron/Dy156.h5
 Reading Dy158 from /home/diogo/openmc_data/endfb-vii.1-hdf5/neutron/Dy158.h5
 Reading Dy160 from /home/diogo/openmc_data/endfb-vii.1-hdf5/neutron/Dy160.h5
 Reading Dy161 from /home/diogo/openmc_data/endfb-vii.1-hdf5/neutron/Dy161.h5
 Reading Dy162 from /home/diogo/openmc_data/endfb-vii.1-hdf5/neutron/Dy162.h5
 Reading Dy163 from /home/diogo/openmc_data/endfb-vii.1-hdf5/neutron/Dy163.h5
 Reading Dy164 from /home/diogo/openmc_data/endfb-vii.1-hdf5/neutron/Dy164.h5
 Reading Ho165 from /home/diogo/openmc_data/endfb-vii.1-hdf5/neutron/Ho165.h5
 Reading Ho166_m1 from
 /home/diogo/openmc_data/endfb-vii.1-hdf5/neutron/Ho166_m1.h5
 Reading Er162 from /home/diogo/openmc_data/endfb-vii.1-hdf5/neutron/Er162.h5
 Reading Er164 from /home/diogo/openmc_data/endfb-vii.1-hdf5/neutron/Er164.h5
 Reading Er166 from /home/diogo/openmc_data/endfb-vii.1-hdf5/neutron/Er166.h5
 Reading Er167 from /home/diogo/openmc_data/endfb-vii.1-hdf5/neutron/Er167.h5
 Reading Er168 from /home/diogo/openmc_data/endfb-vii.1-hdf5/neutron/Er168.h5
 Reading Er170 from /home/diogo/openmc_data/endfb-vii.1-hdf5/neutron/Er170.h5
 Reading Tm168 from /home/diogo/openmc_data/endfb-vii.1-hdf5/neutron/Tm168.h5
 Reading Tm169 from /home/diogo/openmc_data/endfb-vii.1-hdf5/neutron/Tm169.h5
 Reading Tm170 from /home/diogo/openmc_data/endfb-vii.1-hdf5/neutron/Tm170.h5
 Reading Ir193 from /home/diogo/openmc_data/endfb-vii.1-hdf5/neutron/Ir193.h5
 Reading Au197 from /home/diogo/openmc_data/endfb-vii.1-hdf5/neutron/Au197.h5
 Reading Hg196 from /home/diogo/openmc_data/endfb-vii.1-hdf5/neutron/Hg196.h5
 Reading Hg198 from /home/diogo/openmc_data/endfb-vii.1-hdf5/neutron/Hg198.h5
 Reading Hg199 from /home/diogo/openmc_data/endfb-vii.1-hdf5/neutron/Hg199.h5
 Reading Hg200 from /home/diogo/openmc_data/endfb-vii.1-hdf5/neutron/Hg200.h5
 Reading Hg201 from /home/diogo/openmc_data/endfb-vii.1-hdf5/neutron/Hg201.h5
 Reading Hg202 from /home/diogo/openmc_data/endfb-vii.1-hdf5/neutron/Hg202.h5
 Reading Hg204 from /home/diogo/openmc_data/endfb-vii.1-hdf5/neutron/Hg204.h5
 Reading Tl203 from /home/diogo/openmc_data/endfb-vii.1-hdf5/neutron/Tl203.h5
 Reading Tl205 from /home/diogo/openmc_data/endfb-vii.1-hdf5/neutron/Tl205.h5
 Reading Pb204 from /home/diogo/openmc_data/endfb-vii.1-hdf5/neutron/Pb204.h5
 Reading Pb206 from /home/diogo/openmc_data/endfb-vii.1-hdf5/neutron/Pb206.h5
 Reading Pb207 from /home/diogo/openmc_data/endfb-vii.1-hdf5/neutron/Pb207.h5
 Reading Pb208 from /home/diogo/openmc_data/endfb-vii.1-hdf5/neutron/Pb208.h5
 Reading Bi209 from /home/diogo/openmc_data/endfb-vii.1-hdf5/neutron/Bi209.h5
 Reading Ra223 from /home/diogo/openmc_data/endfb-vii.1-hdf5/neutron/Ra223.h5
 Reading Ra224 from /home/diogo/openmc_data/endfb-vii.1-hdf5/neutron/Ra224.h5
 Reading Ra225 from /home/diogo/openmc_data/endfb-vii.1-hdf5/neutron/Ra225.h5
 Reading Ra226 from /home/diogo/openmc_data/endfb-vii.1-hdf5/neutron/Ra226.h5
 Reading Ac225 from /home/diogo/openmc_data/endfb-vii.1-hdf5/neutron/Ac225.h5
 Reading Ac226 from /home/diogo/openmc_data/endfb-vii.1-hdf5/neutron/Ac226.h5
 Reading Ac227 from /home/diogo/openmc_data/endfb-vii.1-hdf5/neutron/Ac227.h5
 Reading Th227 from /home/diogo/openmc_data/endfb-vii.1-hdf5/neutron/Th227.h5
 Reading Th228 from /home/diogo/openmc_data/endfb-vii.1-hdf5/neutron/Th228.h5
 Reading Th229 from /home/diogo/openmc_data/endfb-vii.1-hdf5/neutron/Th229.h5
 Reading Th230 from /home/diogo/openmc_data/endfb-vii.1-hdf5/neutron/Th230.h5
 Reading Th231 from /home/diogo/openmc_data/endfb-vii.1-hdf5/neutron/Th231.h5
 Reading Th232 from /home/diogo/openmc_data/endfb-vii.1-hdf5/neutron/Th232.h5
 Reading Th233 from /home/diogo/openmc_data/endfb-vii.1-hdf5/neutron/Th233.h5
 Reading Th234 from /home/diogo/openmc_data/endfb-vii.1-hdf5/neutron/Th234.h5
 Reading Pa229 from /home/diogo/openmc_data/endfb-vii.1-hdf5/neutron/Pa229.h5
 Reading Pa230 from /home/diogo/openmc_data/endfb-vii.1-hdf5/neutron/Pa230.h5
 Reading Pa231 from /home/diogo/openmc_data/endfb-vii.1-hdf5/neutron/Pa231.h5
 Reading Pa232 from /home/diogo/openmc_data/endfb-vii.1-hdf5/neutron/Pa232.h5
 Reading Pa233 from /home/diogo/openmc_data/endfb-vii.1-hdf5/neutron/Pa233.h5
 Reading U230 from /home/diogo/openmc_data/endfb-vii.1-hdf5/neutron/U230.h5
 Reading U231 from /home/diogo/openmc_data/endfb-vii.1-hdf5/neutron/U231.h5
 Reading U232 from /home/diogo/openmc_data/endfb-vii.1-hdf5/neutron/U232.h5
 Reading U233 from /home/diogo/openmc_data/endfb-vii.1-hdf5/neutron/U233.h5
 Reading U236 from /home/diogo/openmc_data/endfb-vii.1-hdf5/neutron/U236.h5
 Reading U237 from /home/diogo/openmc_data/endfb-vii.1-hdf5/neutron/U237.h5
 Reading U239 from /home/diogo/openmc_data/endfb-vii.1-hdf5/neutron/U239.h5
 Reading U240 from /home/diogo/openmc_data/endfb-vii.1-hdf5/neutron/U240.h5
 Reading U241 from /home/diogo/openmc_data/endfb-vii.1-hdf5/neutron/U241.h5
 Reading Np234 from /home/diogo/openmc_data/endfb-vii.1-hdf5/neutron/Np234.h5
 Reading Np235 from /home/diogo/openmc_data/endfb-vii.1-hdf5/neutron/Np235.h5
 Reading Np236 from /home/diogo/openmc_data/endfb-vii.1-hdf5/neutron/Np236.h5
 Reading Np237 from /home/diogo/openmc_data/endfb-vii.1-hdf5/neutron/Np237.h5
 Reading Np238 from /home/diogo/openmc_data/endfb-vii.1-hdf5/neutron/Np238.h5
 Reading Np239 from /home/diogo/openmc_data/endfb-vii.1-hdf5/neutron/Np239.h5
 Reading Pu236 from /home/diogo/openmc_data/endfb-vii.1-hdf5/neutron/Pu236.h5
 Reading Pu237 from /home/diogo/openmc_data/endfb-vii.1-hdf5/neutron/Pu237.h5
 Reading Pu238 from /home/diogo/openmc_data/endfb-vii.1-hdf5/neutron/Pu238.h5
 Reading Pu239 from /home/diogo/openmc_data/endfb-vii.1-hdf5/neutron/Pu239.h5
 Reading Pu240 from /home/diogo/openmc_data/endfb-vii.1-hdf5/neutron/Pu240.h5
 Reading Pu241 from /home/diogo/openmc_data/endfb-vii.1-hdf5/neutron/Pu241.h5
 Reading Pu242 from /home/diogo/openmc_data/endfb-vii.1-hdf5/neutron/Pu242.h5
 Reading Pu243 from /home/diogo/openmc_data/endfb-vii.1-hdf5/neutron/Pu243.h5
 Reading Pu244 from /home/diogo/openmc_data/endfb-vii.1-hdf5/neutron/Pu244.h5
 Reading Pu246 from /home/diogo/openmc_data/endfb-vii.1-hdf5/neutron/Pu246.h5
 Reading Am240 from /home/diogo/openmc_data/endfb-vii.1-hdf5/neutron/Am240.h5
 Reading Am241 from /home/diogo/openmc_data/endfb-vii.1-hdf5/neutron/Am241.h5
 Reading Am242 from /home/diogo/openmc_data/endfb-vii.1-hdf5/neutron/Am242.h5
 Reading Am242_m1 from
 /home/diogo/openmc_data/endfb-vii.1-hdf5/neutron/Am242_m1.h5
 Reading Am243 from /home/diogo/openmc_data/endfb-vii.1-hdf5/neutron/Am243.h5
 Reading Am244 from /home/diogo/openmc_data/endfb-vii.1-hdf5/neutron/Am244.h5
 Reading Am244_m1 from
 /home/diogo/openmc_data/endfb-vii.1-hdf5/neutron/Am244_m1.h5
 Reading Cm240 from /home/diogo/openmc_data/endfb-vii.1-hdf5/neutron/Cm240.h5
 Reading Cm241 from /home/diogo/openmc_data/endfb-vii.1-hdf5/neutron/Cm241.h5
 Reading Cm242 from /home/diogo/openmc_data/endfb-vii.1-hdf5/neutron/Cm242.h5
 Reading Cm243 from /home/diogo/openmc_data/endfb-vii.1-hdf5/neutron/Cm243.h5
 Reading Cm244 from /home/diogo/openmc_data/endfb-vii.1-hdf5/neutron/Cm244.h5
 Reading Cm245 from /home/diogo/openmc_data/endfb-vii.1-hdf5/neutron/Cm245.h5
 Reading Cm246 from /home/diogo/openmc_data/endfb-vii.1-hdf5/neutron/Cm246.h5
 Reading Cm247 from /home/diogo/openmc_data/endfb-vii.1-hdf5/neutron/Cm247.h5
 Reading Cm248 from /home/diogo/openmc_data/endfb-vii.1-hdf5/neutron/Cm248.h5
 Reading Cm249 from /home/diogo/openmc_data/endfb-vii.1-hdf5/neutron/Cm249.h5
 Reading Cm250 from /home/diogo/openmc_data/endfb-vii.1-hdf5/neutron/Cm250.h5
 Reading Bk245 from /home/diogo/openmc_data/endfb-vii.1-hdf5/neutron/Bk245.h5
 Reading Bk247 from /home/diogo/openmc_data/endfb-vii.1-hdf5/neutron/Bk247.h5
 Reading Bk249 from /home/diogo/openmc_data/endfb-vii.1-hdf5/neutron/Bk249.h5
 Reading Bk250 from /home/diogo/openmc_data/endfb-vii.1-hdf5/neutron/Bk250.h5
 Reading Cf250 from /home/diogo/openmc_data/endfb-vii.1-hdf5/neutron/Cf250.h5
 WARNING: Negative value(s) found on probability table for nuclide Cf250 at 250K
 WARNING: Negative value(s) found on probability table for nuclide Cf250 at 294K
 WARNING: Negative value(s) found on probability table for nuclide Cf250 at 900K
 WARNING: Negative value(s) found on probability table for nuclide Cf250 at
          1200K
 Reading Cf251 from /home/diogo/openmc_data/endfb-vii.1-hdf5/neutron/Cf251.h5
 Reading Cf252 from /home/diogo/openmc_data/endfb-vii.1-hdf5/neutron/Cf252.h5
 Reading Ir191 from /home/diogo/openmc_data/endfb-vii.1-hdf5/neutron/Ir191.h5
 Reading Bk246 from /home/diogo/openmc_data/endfb-vii.1-hdf5/neutron/Bk246.h5
 Reading Bk248 from /home/diogo/openmc_data/endfb-vii.1-hdf5/neutron/Bk248.h5
 Reading Cf248 from /home/diogo/openmc_data/endfb-vii.1-hdf5/neutron/Cf248.h5
 Reading Cf253 from /home/diogo/openmc_data/endfb-vii.1-hdf5/neutron/Cf253.h5
 Reading Cf254 from /home/diogo/openmc_data/endfb-vii.1-hdf5/neutron/Cf254.h5
 Reading Es251 from /home/diogo/openmc_data/endfb-vii.1-hdf5/neutron/Es251.h5
 Reading Es252 from /home/diogo/openmc_data/endfb-vii.1-hdf5/neutron/Es252.h5
 Reading Es253 from /home/diogo/openmc_data/endfb-vii.1-hdf5/neutron/Es253.h5
 Reading Es254 from /home/diogo/openmc_data/endfb-vii.1-hdf5/neutron/Es254.h5
 Reading Es254_m1 from
 /home/diogo/openmc_data/endfb-vii.1-hdf5/neutron/Es254_m1.h5
 Reading Es255 from /home/diogo/openmc_data/endfb-vii.1-hdf5/neutron/Es255.h5
 Reading Fm255 from /home/diogo/openmc_data/endfb-vii.1-hdf5/neutron/Fm255.h5
 Reading Cf249 from /home/diogo/openmc_data/endfb-vii.1-hdf5/neutron/Cf249.h5
 Reading Cf246 from /home/diogo/openmc_data/endfb-vii.1-hdf5/neutron/Cf246.h5
 Reading Be9 from /home/diogo/openmc_data/endfb-vii.1-hdf5/neutron/Be9.h5
 Reading Ca48 from /home/diogo/openmc_data/endfb-vii.1-hdf5/neutron/Ca48.h5
 Reading Co58_m1 from
 /home/diogo/openmc_data/endfb-vii.1-hdf5/neutron/Co58_m1.h5
 Reading Ru96 from /home/diogo/openmc_data/endfb-vii.1-hdf5/neutron/Ru96.h5
 Reading Xe123 from /home/diogo/openmc_data/endfb-vii.1-hdf5/neutron/Xe123.h5
 Reading Xe124 from /home/diogo/openmc_data/endfb-vii.1-hdf5/neutron/Xe124.h5
 Reading Ba130 from /home/diogo/openmc_data/endfb-vii.1-hdf5/neutron/Ba130.h5
 Reading Ce136 from /home/diogo/openmc_data/endfb-vii.1-hdf5/neutron/Ce136.h5
 Reading Lu175 from /home/diogo/openmc_data/endfb-vii.1-hdf5/neutron/Lu175.h5
 Reading Lu176 from /home/diogo/openmc_data/endfb-vii.1-hdf5/neutron/Lu176.h5
 Reading Hf174 from /home/diogo/openmc_data/endfb-vii.1-hdf5/neutron/Hf174.h5
 Reading Hf176 from /home/diogo/openmc_data/endfb-vii.1-hdf5/neutron/Hf176.h5
 Reading Hf177 from /home/diogo/openmc_data/endfb-vii.1-hdf5/neutron/Hf177.h5
 Reading Hf178 from /home/diogo/openmc_data/endfb-vii.1-hdf5/neutron/Hf178.h5
 Reading Hf179 from /home/diogo/openmc_data/endfb-vii.1-hdf5/neutron/Hf179.h5
 Reading Hf180 from /home/diogo/openmc_data/endfb-vii.1-hdf5/neutron/Hf180.h5
 Reading Ta180 from /home/diogo/openmc_data/endfb-vii.1-hdf5/neutron/Ta180.h5
 Reading Ta181 from /home/diogo/openmc_data/endfb-vii.1-hdf5/neutron/Ta181.h5
 Reading Ta182 from /home/diogo/openmc_data/endfb-vii.1-hdf5/neutron/Ta182.h5
 Reading W180 from /home/diogo/openmc_data/endfb-vii.1-hdf5/neutron/W180.h5
 Reading W182 from /home/diogo/openmc_data/endfb-vii.1-hdf5/neutron/W182.h5
 Reading W183 from /home/diogo/openmc_data/endfb-vii.1-hdf5/neutron/W183.h5
 Reading W184 from /home/diogo/openmc_data/endfb-vii.1-hdf5/neutron/W184.h5
 Reading W186 from /home/diogo/openmc_data/endfb-vii.1-hdf5/neutron/W186.h5
 Reading Re185 from /home/diogo/openmc_data/endfb-vii.1-hdf5/neutron/Re185.h5
 Reading Re187 from /home/diogo/openmc_data/endfb-vii.1-hdf5/neutron/Re187.h5
 Maximum neutron transport energy: 20000000 eV for H1
 Initializing source particles...

 ====================>     K EIGENVALUE SIMULATION     <====================

  Bat./Gen.      k       Entropy         Average k 
  =========   ========   ========   ====================
        1/1    1.11359    5.92977
        2/1    1.08330    5.92027
        3/1    1.09640    5.91828
        4/1    1.06978    5.90270
        5/1    1.14458    5.88867
        6/1    1.06705    5.89878
        7/1    1.05957    5.93239
        8/1    1.15693    5.91846
        9/1    1.08195    5.91827
       10/1    1.11675    5.91686
       11/1    1.19255    5.90120
       12/1    1.08883    5.90077    1.14069 +/- 0.05186
       13/1    1.04754    5.91039    1.10964 +/- 0.04314
       14/1    1.02843    5.90695    1.08933 +/- 0.03664
       15/1    1.07824    5.90903    1.08712 +/- 0.02847
       16/1    1.13959    5.91742    1.09586 +/- 0.02484
       17/1    1.09265    5.90132    1.09540 +/- 0.02099
       18/1    1.05959    5.91997    1.09093 +/- 0.01873
       19/1    1.09494    5.89226    1.09137 +/- 0.01652
       20/1    1.14072    5.90777    1.09631 +/- 0.01558
       21/1    1.08223    5.91051    1.09503 +/- 0.01415
       22/1    1.09428    5.84898    1.09496 +/- 0.01292
       23/1    1.12639    5.90385    1.09738 +/- 0.01212
       24/1    1.09025    5.91544    1.09687 +/- 0.01124
       25/1    1.09984    5.90817    1.09707 +/- 0.01046
       26/1    1.08858    5.88593    1.09654 +/- 0.00980
       27/1    1.11428    5.91772    1.09758 +/- 0.00927
       28/1    1.14250    5.89284    1.10008 +/- 0.00909
       29/1    1.07996    5.90075    1.09902 +/- 0.00866
       30/1    1.11037    5.91833    1.09959 +/- 0.00823
 Creating state point statepoint.30.h5...

 =======================>     TIMING STATISTICS     <=======================

 Total time for initialization     = 5.9019e+00 seconds
   Reading cross sections          = 5.1048e+00 seconds
 Total time in simulation          = 8.1997e+01 seconds
   Time in transport only          = 8.1982e+01 seconds
   Time in inactive batches        = 2.2108e+01 seconds
   Time in active batches          = 5.9889e+01 seconds
   Time synchronizing fission bank = 1.7009e-03 seconds
     Sampling source sites         = 1.3225e-03 seconds
     SEND/RECV source sites        = 2.7518e-04 seconds
   Time accumulating tallies       = 4.6844e-04 seconds
   Time writing statepoints        = 9.9635e-03 seconds
 Total time for finalization       = 3.6397e-04 seconds
 Total time elapsed                = 8.8343e+01 seconds
 Calculation Rate (inactive)       = 452.327 particles/second
 Calculation Rate (active)         = 333.953 particles/second

 ============================>     RESULTS     <============================

 k-effective (Collision)     = 1.09271 +/- 0.00851
 k-effective (Track-length)  = 1.09959 +/- 0.00823
 k-effective (Absorption)    = 1.09113 +/- 0.00525
 Combined k-effective        = 1.09397 +/- 0.00481
 Leakage Fraction            = 0.00000 +/- 0.00000

 Creating state point openmc_simulation_n3.h5...
[t1a] threads 1, seed 1130245551, bu [0.0, 0.5, 1.5, 1.6]
[t1a] k 1.1219357299534725  1.0830905485737723  1.1050911644377635  1.0939749311203377   (7.2 min)
                                %%%%%%%%%%%%%%%
                           %%%%%%%%%%%%%%%%%%%%%%%%
                        %%%%%%%%%%%%%%%%%%%%%%%%%%%%%%
                      %%%%%%%%%%%%%%%%%%%%%%%%%%%%%%%%%%
                    %%%%%%%%%%%%%%%%%%%%%%%%%%%%%%%%%%%%%%
                   %%%%%%%%%%%%%%%%%%%%%%%%%%%%%%%%%%%%%%%%
                                    %%%%%%%%%%%%%%%%%%%%%%%%
                                     %%%%%%%%%%%%%%%%%%%%%%%%
                 ###############      %%%%%%%%%%%%%%%%%%%%%%%%
                ##################     %%%%%%%%%%%%%%%%%%%%%%%
                ###################     %%%%%%%%%%%%%%%%%%%%%%%
                ####################     %%%%%%%%%%%%%%%%%%%%%%
                #####################     %%%%%%%%%%%%%%%%%%%%%
                ######################     %%%%%%%%%%%%%%%%%%%%
                #######################     %%%%%%%%%%%%%%%%%%
                 #######################     %%%%%%%%%%%%%%%%%
                 ######################     %%%%%%%%%%%%%%%%%
                  ####################     %%%%%%%%%%%%%%%%%
                    #################     %%%%%%%%%%%%%%%%%
                     ###############     %%%%%%%%%%%%%%%%
                       ############     %%%%%%%%%%%%%%%
                          ########     %%%%%%%%%%%%%%
                                      %%%%%%%%%%%

                 | The OpenMC Monte Carlo Code
       Copyright | 2011-2025 MIT, UChicago Argonne LLC, and contributors
         License | https://docs.openmc.org/en/latest/license.html
         Version | 0.15.3
     Commit Hash | 27e38e894697bb32a1dac7848d2618818b6b8daf
       Date/Time | 2026-09-26 20:16:25
   MPI Processes | 1
  OpenMP Threads | 1

 Reading settings XML file...
 Reading cross sections XML file...
 Reading chain file: /home/diogo/openmc_data/chain_endfb71_pwr.xml...
 Reading materials XML file...
 Reading geometry XML file...
 Reading H1 from /home/diogo/openmc_data/endfb-vii.1-hdf5/neutron/H1.h5
 Reading H2 from /home/diogo/openmc_data/endfb-vii.1-hdf5/neutron/H2.h5
 Reading B10 from /home/diogo/openmc_data/endfb-vii.1-hdf5/neutron/B10.h5
 Reading B11 from /home/diogo/openmc_data/endfb-vii.1-hdf5/neutron/B11.h5
 Reading O16 from /home/diogo/openmc_data/endfb-vii.1-hdf5/neutron/O16.h5
 Reading O17 from /home/diogo/openmc_data/endfb-vii.1-hdf5/neutron/O17.h5
 Reading Cr50 from /home/diogo/openmc_data/endfb-vii.1-hdf5/neutron/Cr50.h5
 Reading Cr52 from /home/diogo/openmc_data/endfb-vii.1-hdf5/neutron/Cr52.h5
 Reading Cr53 from /home/diogo/openmc_data/endfb-vii.1-hdf5/neutron/Cr53.h5
 Reading Cr54 from /home/diogo/openmc_data/endfb-vii.1-hdf5/neutron/Cr54.h5
 Reading Fe54 from /home/diogo/openmc_data/endfb-vii.1-hdf5/neutron/Fe54.h5
 Reading Fe56 from /home/diogo/openmc_data/endfb-vii.1-hdf5/neutron/Fe56.h5
 Reading Fe57 from /home/diogo/openmc_data/endfb-vii.1-hdf5/neutron/Fe57.h5
 Reading Fe58 from /home/diogo/openmc_data/endfb-vii.1-hdf5/neutron/Fe58.h5
 Reading Zr90 from /home/diogo/openmc_data/endfb-vii.1-hdf5/neutron/Zr90.h5
 Reading Zr91 from /home/diogo/openmc_data/endfb-vii.1-hdf5/neutron/Zr91.h5
 Reading Zr92 from /home/diogo/openmc_data/endfb-vii.1-hdf5/neutron/Zr92.h5
 Reading Zr94 from /home/diogo/openmc_data/endfb-vii.1-hdf5/neutron/Zr94.h5
 Reading Zr96 from /home/diogo/openmc_data/endfb-vii.1-hdf5/neutron/Zr96.h5
 Reading Sn112 from /home/diogo/openmc_data/endfb-vii.1-hdf5/neutron/Sn112.h5
 Reading Sn114 from /home/diogo/openmc_data/endfb-vii.1-hdf5/neutron/Sn114.h5
 Reading Sn115 from /home/diogo/openmc_data/endfb-vii.1-hdf5/neutron/Sn115.h5
 Reading Sn116 from /home/diogo/openmc_data/endfb-vii.1-hdf5/neutron/Sn116.h5
 Reading Sn117 from /home/diogo/openmc_data/endfb-vii.1-hdf5/neutron/Sn117.h5
 Reading Sn118 from /home/diogo/openmc_data/endfb-vii.1-hdf5/neutron/Sn118.h5
 Reading Sn119 from /home/diogo/openmc_data/endfb-vii.1-hdf5/neutron/Sn119.h5
 Reading Sn120 from /home/diogo/openmc_data/endfb-vii.1-hdf5/neutron/Sn120.h5
 Reading Sn122 from /home/diogo/openmc_data/endfb-vii.1-hdf5/neutron/Sn122.h5
 Reading Sn124 from /home/diogo/openmc_data/endfb-vii.1-hdf5/neutron/Sn124.h5
 Reading He3 from /home/diogo/openmc_data/endfb-vii.1-hdf5/neutron/He3.h5
 Reading He4 from /home/diogo/openmc_data/endfb-vii.1-hdf5/neutron/He4.h5
 Reading U234 from /home/diogo/openmc_data/endfb-vii.1-hdf5/neutron/U234.h5
 Reading U235 from /home/diogo/openmc_data/endfb-vii.1-hdf5/neutron/U235.h5
 Reading U238 from /home/diogo/openmc_data/endfb-vii.1-hdf5/neutron/U238.h5
 Reading Gd152 from /home/diogo/openmc_data/endfb-vii.1-hdf5/neutron/Gd152.h5
 Reading Gd154 from /home/diogo/openmc_data/endfb-vii.1-hdf5/neutron/Gd154.h5
 Reading Gd155 from /home/diogo/openmc_data/endfb-vii.1-hdf5/neutron/Gd155.h5
 Reading Gd156 from /home/diogo/openmc_data/endfb-vii.1-hdf5/neutron/Gd156.h5
 Reading Gd157 from /home/diogo/openmc_data/endfb-vii.1-hdf5/neutron/Gd157.h5
 Reading Gd158 from /home/diogo/openmc_data/endfb-vii.1-hdf5/neutron/Gd158.h5
 Reading Gd160 from /home/diogo/openmc_data/endfb-vii.1-hdf5/neutron/Gd160.h5
 Reading c_H_in_H2O from
 /home/diogo/openmc_data/endfb-vii.1-hdf5/neutron/c_H_in_H2O.h5
 Minimum neutron data temperature: 294 K
 Maximum neutron data temperature: 2500 K
 Reading tallies XML file...
 Preparing distributed cell instances...
 Reading plot XML file...
 Writing summary.h5 file...
[openmc.deplete] t=0.0 s, dt=4327203.051553669 s, source=1491105.972264863
 Reading H3 from /home/diogo/openmc_data/endfb-vii.1-hdf5/neutron/H3.h5
 Reading Li6 from /home/diogo/openmc_data/endfb-vii.1-hdf5/neutron/Li6.h5
 Reading Li7 from /home/diogo/openmc_data/endfb-vii.1-hdf5/neutron/Li7.h5
 Reading Be9 from /home/diogo/openmc_data/endfb-vii.1-hdf5/neutron/Be9.h5
 Reading N14 from /home/diogo/openmc_data/endfb-vii.1-hdf5/neutron/N14.h5
 Reading N15 from /home/diogo/openmc_data/endfb-vii.1-hdf5/neutron/N15.h5
 Reading F19 from /home/diogo/openmc_data/endfb-vii.1-hdf5/neutron/F19.h5
 Reading Na22 from /home/diogo/openmc_data/endfb-vii.1-hdf5/neutron/Na22.h5
 WARNING: Negative value(s) found on probability table for nuclide Na22 at 250K
 WARNING: Negative value(s) found on probability table for nuclide Na22 at 294K
 WARNING: Negative value(s) found on probability table for nuclide Na22 at 600K
 WARNING: Negative value(s) found on probability table for nuclide Na22 at 900K
 WARNING: Negative value(s) found on probability table for nuclide Na22 at 1200K
 WARNING: Negative value(s) found on probability table for nuclide Na22 at 2500K
 Reading Na23 from /home/diogo/openmc_data/endfb-vii.1-hdf5/neutron/Na23.h5
 Reading Mg24 from /home/diogo/openmc_data/endfb-vii.1-hdf5/neutron/Mg24.h5
 Reading Mg25 from /home/diogo/openmc_data/endfb-vii.1-hdf5/neutron/Mg25.h5
 Reading Mg26 from /home/diogo/openmc_data/endfb-vii.1-hdf5/neutron/Mg26.h5
 Reading Al27 from /home/diogo/openmc_data/endfb-vii.1-hdf5/neutron/Al27.h5
 Reading Si28 from /home/diogo/openmc_data/endfb-vii.1-hdf5/neutron/Si28.h5
 Reading Si29 from /home/diogo/openmc_data/endfb-vii.1-hdf5/neutron/Si29.h5
 Reading Si30 from /home/diogo/openmc_data/endfb-vii.1-hdf5/neutron/Si30.h5
 Reading P31 from /home/diogo/openmc_data/endfb-vii.1-hdf5/neutron/P31.h5
 Reading S32 from /home/diogo/openmc_data/endfb-vii.1-hdf5/neutron/S32.h5
 Reading S33 from /home/diogo/openmc_data/endfb-vii.1-hdf5/neutron/S33.h5
 Reading S34 from /home/diogo/openmc_data/endfb-vii.1-hdf5/neutron/S34.h5
 Reading S36 from /home/diogo/openmc_data/endfb-vii.1-hdf5/neutron/S36.h5
 Reading Cl35 from /home/diogo/openmc_data/endfb-vii.1-hdf5/neutron/Cl35.h5
 Reading Cl37 from /home/diogo/openmc_data/endfb-vii.1-hdf5/neutron/Cl37.h5
 Reading Ar36 from /home/diogo/openmc_data/endfb-vii.1-hdf5/neutron/Ar36.h5
 WARNING: Negative value(s) found on probability table for nuclide Ar36 at 250K
 WARNING: Negative value(s) found on probability table for nuclide Ar36 at 294K
 WARNING: Negative value(s) found on probability table for nuclide Ar36 at 600K
 WARNING: Negative value(s) found on probability table for nuclide Ar36 at 900K
 WARNING: Negative value(s) found on probability table for nuclide Ar36 at 1200K
 WARNING: Negative value(s) found on probability table for nuclide Ar36 at 2500K
 Reading Ar38 from /home/diogo/openmc_data/endfb-vii.1-hdf5/neutron/Ar38.h5
 Reading Ar40 from /home/diogo/openmc_data/endfb-vii.1-hdf5/neutron/Ar40.h5
 Reading K39 from /home/diogo/openmc_data/endfb-vii.1-hdf5/neutron/K39.h5
 Reading K40 from /home/diogo/openmc_data/endfb-vii.1-hdf5/neutron/K40.h5
 Reading K41 from /home/diogo/openmc_data/endfb-vii.1-hdf5/neutron/K41.h5
 Reading Ca40 from /home/diogo/openmc_data/endfb-vii.1-hdf5/neutron/Ca40.h5
 Reading Ca42 from /home/diogo/openmc_data/endfb-vii.1-hdf5/neutron/Ca42.h5
 Reading Ca43 from /home/diogo/openmc_data/endfb-vii.1-hdf5/neutron/Ca43.h5
 Reading Ca44 from /home/diogo/openmc_data/endfb-vii.1-hdf5/neutron/Ca44.h5
 Reading Ca46 from /home/diogo/openmc_data/endfb-vii.1-hdf5/neutron/Ca46.h5
 Reading Ca48 from /home/diogo/openmc_data/endfb-vii.1-hdf5/neutron/Ca48.h5
 Reading Sc45 from /home/diogo/openmc_data/endfb-vii.1-hdf5/neutron/Sc45.h5
 Reading Ti46 from /home/diogo/openmc_data/endfb-vii.1-hdf5/neutron/Ti46.h5
 Reading Ti47 from /home/diogo/openmc_data/endfb-vii.1-hdf5/neutron/Ti47.h5
 Reading Ti48 from /home/diogo/openmc_data/endfb-vii.1-hdf5/neutron/Ti48.h5
 Reading Ti49 from /home/diogo/openmc_data/endfb-vii.1-hdf5/neutron/Ti49.h5
 Reading Ti50 from /home/diogo/openmc_data/endfb-vii.1-hdf5/neutron/Ti50.h5
 Reading V50 from /home/diogo/openmc_data/endfb-vii.1-hdf5/neutron/V50.h5
 Reading V51 from /home/diogo/openmc_data/endfb-vii.1-hdf5/neutron/V51.h5
 Reading Mn55 from /home/diogo/openmc_data/endfb-vii.1-hdf5/neutron/Mn55.h5
 Reading Co58 from /home/diogo/openmc_data/endfb-vii.1-hdf5/neutron/Co58.h5
 Reading Co58_m1 from
 /home/diogo/openmc_data/endfb-vii.1-hdf5/neutron/Co58_m1.h5
 Reading Co59 from /home/diogo/openmc_data/endfb-vii.1-hdf5/neutron/Co59.h5
 Reading Ni58 from /home/diogo/openmc_data/endfb-vii.1-hdf5/neutron/Ni58.h5
 Reading Ni59 from /home/diogo/openmc_data/endfb-vii.1-hdf5/neutron/Ni59.h5
 Reading Ni60 from /home/diogo/openmc_data/endfb-vii.1-hdf5/neutron/Ni60.h5
 Reading Ni61 from /home/diogo/openmc_data/endfb-vii.1-hdf5/neutron/Ni61.h5
 Reading Ni62 from /home/diogo/openmc_data/endfb-vii.1-hdf5/neutron/Ni62.h5
 Reading Ni64 from /home/diogo/openmc_data/endfb-vii.1-hdf5/neutron/Ni64.h5
 Reading Cu63 from /home/diogo/openmc_data/endfb-vii.1-hdf5/neutron/Cu63.h5
 Reading Cu65 from /home/diogo/openmc_data/endfb-vii.1-hdf5/neutron/Cu65.h5
 Reading Zn64 from /home/diogo/openmc_data/endfb-vii.1-hdf5/neutron/Zn64.h5
 Reading Zn65 from /home/diogo/openmc_data/endfb-vii.1-hdf5/neutron/Zn65.h5
 Reading Zn66 from /home/diogo/openmc_data/endfb-vii.1-hdf5/neutron/Zn66.h5
 Reading Zn67 from /home/diogo/openmc_data/endfb-vii.1-hdf5/neutron/Zn67.h5
 Reading Zn68 from /home/diogo/openmc_data/endfb-vii.1-hdf5/neutron/Zn68.h5
 Reading Zn70 from /home/diogo/openmc_data/endfb-vii.1-hdf5/neutron/Zn70.h5
 Reading Ga69 from /home/diogo/openmc_data/endfb-vii.1-hdf5/neutron/Ga69.h5
 Reading Ga71 from /home/diogo/openmc_data/endfb-vii.1-hdf5/neutron/Ga71.h5
 Reading Ge70 from /home/diogo/openmc_data/endfb-vii.1-hdf5/neutron/Ge70.h5
 Reading Ge72 from /home/diogo/openmc_data/endfb-vii.1-hdf5/neutron/Ge72.h5
 Reading Ge73 from /home/diogo/openmc_data/endfb-vii.1-hdf5/neutron/Ge73.h5
 Reading Ge74 from /home/diogo/openmc_data/endfb-vii.1-hdf5/neutron/Ge74.h5
 Reading Ge76 from /home/diogo/openmc_data/endfb-vii.1-hdf5/neutron/Ge76.h5
 Reading As74 from /home/diogo/openmc_data/endfb-vii.1-hdf5/neutron/As74.h5
 Reading As75 from /home/diogo/openmc_data/endfb-vii.1-hdf5/neutron/As75.h5
 Reading Se74 from /home/diogo/openmc_data/endfb-vii.1-hdf5/neutron/Se74.h5
 Reading Se76 from /home/diogo/openmc_data/endfb-vii.1-hdf5/neutron/Se76.h5
 Reading Se77 from /home/diogo/openmc_data/endfb-vii.1-hdf5/neutron/Se77.h5
 Reading Se78 from /home/diogo/openmc_data/endfb-vii.1-hdf5/neutron/Se78.h5
 Reading Se79 from /home/diogo/openmc_data/endfb-vii.1-hdf5/neutron/Se79.h5
 WARNING: Negative value(s) found on probability table for nuclide Se79 at 250K
 WARNING: Negative value(s) found on probability table for nuclide Se79 at 294K
 WARNING: Negative value(s) found on probability table for nuclide Se79 at 600K
 WARNING: Negative value(s) found on probability table for nuclide Se79 at 900K
 WARNING: Negative value(s) found on probability table for nuclide Se79 at 1200K
 Reading Se80 from /home/diogo/openmc_data/endfb-vii.1-hdf5/neutron/Se80.h5
 Reading Se82 from /home/diogo/openmc_data/endfb-vii.1-hdf5/neutron/Se82.h5
 Reading Br79 from /home/diogo/openmc_data/endfb-vii.1-hdf5/neutron/Br79.h5
 Reading Br81 from /home/diogo/openmc_data/endfb-vii.1-hdf5/neutron/Br81.h5
 Reading Kr78 from /home/diogo/openmc_data/endfb-vii.1-hdf5/neutron/Kr78.h5
 Reading Kr80 from /home/diogo/openmc_data/endfb-vii.1-hdf5/neutron/Kr80.h5
 Reading Kr82 from /home/diogo/openmc_data/endfb-vii.1-hdf5/neutron/Kr82.h5
 Reading Kr83 from /home/diogo/openmc_data/endfb-vii.1-hdf5/neutron/Kr83.h5
 Reading Kr84 from /home/diogo/openmc_data/endfb-vii.1-hdf5/neutron/Kr84.h5
 Reading Kr85 from /home/diogo/openmc_data/endfb-vii.1-hdf5/neutron/Kr85.h5
 Reading Kr86 from /home/diogo/openmc_data/endfb-vii.1-hdf5/neutron/Kr86.h5
 Reading Rb85 from /home/diogo/openmc_data/endfb-vii.1-hdf5/neutron/Rb85.h5
 Reading Rb86 from /home/diogo/openmc_data/endfb-vii.1-hdf5/neutron/Rb86.h5
 Reading Rb87 from /home/diogo/openmc_data/endfb-vii.1-hdf5/neutron/Rb87.h5
 Reading Sr84 from /home/diogo/openmc_data/endfb-vii.1-hdf5/neutron/Sr84.h5
 Reading Sr86 from /home/diogo/openmc_data/endfb-vii.1-hdf5/neutron/Sr86.h5
 Reading Sr87 from /home/diogo/openmc_data/endfb-vii.1-hdf5/neutron/Sr87.h5
 Reading Sr88 from /home/diogo/openmc_data/endfb-vii.1-hdf5/neutron/Sr88.h5
 Reading Sr89 from /home/diogo/openmc_data/endfb-vii.1-hdf5/neutron/Sr89.h5
 Reading Sr90 from /home/diogo/openmc_data/endfb-vii.1-hdf5/neutron/Sr90.h5
 Reading Y89 from /home/diogo/openmc_data/endfb-vii.1-hdf5/neutron/Y89.h5
 Reading Y90 from /home/diogo/openmc_data/endfb-vii.1-hdf5/neutron/Y90.h5
 Reading Y91 from /home/diogo/openmc_data/endfb-vii.1-hdf5/neutron/Y91.h5
 Reading Zr93 from /home/diogo/openmc_data/endfb-vii.1-hdf5/neutron/Zr93.h5
 Reading Zr95 from /home/diogo/openmc_data/endfb-vii.1-hdf5/neutron/Zr95.h5
 Reading Nb93 from /home/diogo/openmc_data/endfb-vii.1-hdf5/neutron/Nb93.h5
 Reading Nb94 from /home/diogo/openmc_data/endfb-vii.1-hdf5/neutron/Nb94.h5
 WARNING: Negative value(s) found on probability table for nuclide Nb94 at 250K
 WARNING: Negative value(s) found on probability table for nuclide Nb94 at 294K
 WARNING: Negative value(s) found on probability table for nuclide Nb94 at 600K
 WARNING: Negative value(s) found on probability table for nuclide Nb94 at 900K
 WARNING: Negative value(s) found on probability table for nuclide Nb94 at 1200K
 WARNING: Negative value(s) found on probability table for nuclide Nb94 at 2500K
 Reading Nb95 from /home/diogo/openmc_data/endfb-vii.1-hdf5/neutron/Nb95.h5
 WARNING: Negative value(s) found on probability table for nuclide Nb95 at 250K
 WARNING: Negative value(s) found on probability table for nuclide Nb95 at 294K
 WARNING: Negative value(s) found on probability table for nuclide Nb95 at 600K
 WARNING: Negative value(s) found on probability table for nuclide Nb95 at 900K
 WARNING: Negative value(s) found on probability table for nuclide Nb95 at 1200K
 Reading Mo92 from /home/diogo/openmc_data/endfb-vii.1-hdf5/neutron/Mo92.h5
 Reading Mo94 from /home/diogo/openmc_data/endfb-vii.1-hdf5/neutron/Mo94.h5
 Reading Mo95 from /home/diogo/openmc_data/endfb-vii.1-hdf5/neutron/Mo95.h5
 Reading Mo96 from /home/diogo/openmc_data/endfb-vii.1-hdf5/neutron/Mo96.h5
 Reading Mo97 from /home/diogo/openmc_data/endfb-vii.1-hdf5/neutron/Mo97.h5
 Reading Mo98 from /home/diogo/openmc_data/endfb-vii.1-hdf5/neutron/Mo98.h5
 Reading Mo99 from /home/diogo/openmc_data/endfb-vii.1-hdf5/neutron/Mo99.h5
 WARNING: Negative value(s) found on probability table for nuclide Mo99 at 250K
 WARNING: Negative value(s) found on probability table for nuclide Mo99 at 294K
 WARNING: Negative value(s) found on probability table for nuclide Mo99 at 600K
 WARNING: Negative value(s) found on probability table for nuclide Mo99 at 900K
 WARNING: Negative value(s) found on probability table for nuclide Mo99 at 1200K
 WARNING: Negative value(s) found on probability table for nuclide Mo99 at 2500K
 Reading Mo100 from /home/diogo/openmc_data/endfb-vii.1-hdf5/neutron/Mo100.h5
 Reading Tc99 from /home/diogo/openmc_data/endfb-vii.1-hdf5/neutron/Tc99.h5
 Reading Ru96 from /home/diogo/openmc_data/endfb-vii.1-hdf5/neutron/Ru96.h5
 Reading Ru98 from /home/diogo/openmc_data/endfb-vii.1-hdf5/neutron/Ru98.h5
 Reading Ru99 from /home/diogo/openmc_data/endfb-vii.1-hdf5/neutron/Ru99.h5
 Reading Ru100 from /home/diogo/openmc_data/endfb-vii.1-hdf5/neutron/Ru100.h5
 Reading Ru101 from /home/diogo/openmc_data/endfb-vii.1-hdf5/neutron/Ru101.h5
 Reading Ru102 from /home/diogo/openmc_data/endfb-vii.1-hdf5/neutron/Ru102.h5
 Reading Ru103 from /home/diogo/openmc_data/endfb-vii.1-hdf5/neutron/Ru103.h5
 Reading Ru104 from /home/diogo/openmc_data/endfb-vii.1-hdf5/neutron/Ru104.h5
 Reading Ru105 from /home/diogo/openmc_data/endfb-vii.1-hdf5/neutron/Ru105.h5
 Reading Ru106 from /home/diogo/openmc_data/endfb-vii.1-hdf5/neutron/Ru106.h5
 Reading Rh103 from /home/diogo/openmc_data/endfb-vii.1-hdf5/neutron/Rh103.h5
 Reading Rh105 from /home/diogo/openmc_data/endfb-vii.1-hdf5/neutron/Rh105.h5
 Reading Pd102 from /home/diogo/openmc_data/endfb-vii.1-hdf5/neutron/Pd102.h5
 Reading Pd104 from /home/diogo/openmc_data/endfb-vii.1-hdf5/neutron/Pd104.h5
 Reading Pd105 from /home/diogo/openmc_data/endfb-vii.1-hdf5/neutron/Pd105.h5
 Reading Pd106 from /home/diogo/openmc_data/endfb-vii.1-hdf5/neutron/Pd106.h5
 Reading Pd107 from /home/diogo/openmc_data/endfb-vii.1-hdf5/neutron/Pd107.h5
 Reading Pd108 from /home/diogo/openmc_data/endfb-vii.1-hdf5/neutron/Pd108.h5
 Reading Pd110 from /home/diogo/openmc_data/endfb-vii.1-hdf5/neutron/Pd110.h5
 Reading Ag107 from /home/diogo/openmc_data/endfb-vii.1-hdf5/neutron/Ag107.h5
 Reading Ag109 from /home/diogo/openmc_data/endfb-vii.1-hdf5/neutron/Ag109.h5
 Reading Ag110_m1 from
 /home/diogo/openmc_data/endfb-vii.1-hdf5/neutron/Ag110_m1.h5
 Reading Ag111 from /home/diogo/openmc_data/endfb-vii.1-hdf5/neutron/Ag111.h5
 Reading Cd106 from /home/diogo/openmc_data/endfb-vii.1-hdf5/neutron/Cd106.h5
 WARNING: Negative value(s) found on probability table for nuclide Cd106 at 250K
 WARNING: Negative value(s) found on probability table for nuclide Cd106 at 294K
 WARNING: Negative value(s) found on probability table for nuclide Cd106 at 600K
 WARNING: Negative value(s) found on probability table for nuclide Cd106 at 900K
 WARNING: Negative value(s) found on probability table for nuclide Cd106 at
          1200K
 WARNING: Negative value(s) found on probability table for nuclide Cd106 at
          2500K
 Reading Cd108 from /home/diogo/openmc_data/endfb-vii.1-hdf5/neutron/Cd108.h5
 Reading Cd110 from /home/diogo/openmc_data/endfb-vii.1-hdf5/neutron/Cd110.h5
 Reading Cd111 from /home/diogo/openmc_data/endfb-vii.1-hdf5/neutron/Cd111.h5
 Reading Cd112 from /home/diogo/openmc_data/endfb-vii.1-hdf5/neutron/Cd112.h5
 Reading Cd113 from /home/diogo/openmc_data/endfb-vii.1-hdf5/neutron/Cd113.h5
 Reading Cd114 from /home/diogo/openmc_data/endfb-vii.1-hdf5/neutron/Cd114.h5
 Reading Cd115_m1 from
 /home/diogo/openmc_data/endfb-vii.1-hdf5/neutron/Cd115_m1.h5
 Reading Cd116 from /home/diogo/openmc_data/endfb-vii.1-hdf5/neutron/Cd116.h5
 Reading In113 from /home/diogo/openmc_data/endfb-vii.1-hdf5/neutron/In113.h5
 Reading In115 from /home/diogo/openmc_data/endfb-vii.1-hdf5/neutron/In115.h5
 Reading Sn113 from /home/diogo/openmc_data/endfb-vii.1-hdf5/neutron/Sn113.h5
 Reading Sn123 from /home/diogo/openmc_data/endfb-vii.1-hdf5/neutron/Sn123.h5
 WARNING: Negative value(s) found on probability table for nuclide Sn123 at 250K
 WARNING: Negative value(s) found on probability table for nuclide Sn123 at 294K
 WARNING: Negative value(s) found on probability table for nuclide Sn123 at 600K
 WARNING: Negative value(s) found on probability table for nuclide Sn123 at 900K
 WARNING: Negative value(s) found on probability table for nuclide Sn123 at
          1200K
 WARNING: Negative value(s) found on probability table for nuclide Sn123 at
          2500K
 Reading Sn125 from /home/diogo/openmc_data/endfb-vii.1-hdf5/neutron/Sn125.h5
 Reading Sn126 from /home/diogo/openmc_data/endfb-vii.1-hdf5/neutron/Sn126.h5
 Reading Sb121 from /home/diogo/openmc_data/endfb-vii.1-hdf5/neutron/Sb121.h5
 Reading Sb123 from /home/diogo/openmc_data/endfb-vii.1-hdf5/neutron/Sb123.h5
 Reading Sb124 from /home/diogo/openmc_data/endfb-vii.1-hdf5/neutron/Sb124.h5
 Reading Sb125 from /home/diogo/openmc_data/endfb-vii.1-hdf5/neutron/Sb125.h5
 Reading Sb126 from /home/diogo/openmc_data/endfb-vii.1-hdf5/neutron/Sb126.h5
 Reading Te120 from /home/diogo/openmc_data/endfb-vii.1-hdf5/neutron/Te120.h5
 WARNING: Negative value(s) found on probability table for nuclide Te120 at 600K
 WARNING: Negative value(s) found on probability table for nuclide Te120 at 900K
 WARNING: Negative value(s) found on probability table for nuclide Te120 at
          1200K
 WARNING: Negative value(s) found on probability table for nuclide Te120 at
          2500K
 Reading Te122 from /home/diogo/openmc_data/endfb-vii.1-hdf5/neutron/Te122.h5
 Reading Te123 from /home/diogo/openmc_data/endfb-vii.1-hdf5/neutron/Te123.h5
 Reading Te124 from /home/diogo/openmc_data/endfb-vii.1-hdf5/neutron/Te124.h5
 Reading Te125 from /home/diogo/openmc_data/endfb-vii.1-hdf5/neutron/Te125.h5
 Reading Te126 from /home/diogo/openmc_data/endfb-vii.1-hdf5/neutron/Te126.h5
 Reading Te127_m1 from
 /home/diogo/openmc_data/endfb-vii.1-hdf5/neutron/Te127_m1.h5
 Reading Te128 from /home/diogo/openmc_data/endfb-vii.1-hdf5/neutron/Te128.h5
 Reading Te129_m1 from
 /home/diogo/openmc_data/endfb-vii.1-hdf5/neutron/Te129_m1.h5
 Reading Te130 from /home/diogo/openmc_data/endfb-vii.1-hdf5/neutron/Te130.h5
 Reading Te132 from /home/diogo/openmc_data/endfb-vii.1-hdf5/neutron/Te132.h5
 Reading I127 from /home/diogo/openmc_data/endfb-vii.1-hdf5/neutron/I127.h5
 Reading I129 from /home/diogo/openmc_data/endfb-vii.1-hdf5/neutron/I129.h5
 Reading I130 from /home/diogo/openmc_data/endfb-vii.1-hdf5/neutron/I130.h5
 Reading I131 from /home/diogo/openmc_data/endfb-vii.1-hdf5/neutron/I131.h5
 WARNING: Negative value(s) found on probability table for nuclide I131 at 250K
 WARNING: Negative value(s) found on probability table for nuclide I131 at 294K
 WARNING: Negative value(s) found on probability table for nuclide I131 at 600K
 WARNING: Negative value(s) found on probability table for nuclide I131 at 900K
 WARNING: Negative value(s) found on probability table for nuclide I131 at 1200K
 WARNING: Negative value(s) found on probability table for nuclide I131 at 2500K
 Reading I135 from /home/diogo/openmc_data/endfb-vii.1-hdf5/neutron/I135.h5
 Reading Xe123 from /home/diogo/openmc_data/endfb-vii.1-hdf5/neutron/Xe123.h5
 Reading Xe124 from /home/diogo/openmc_data/endfb-vii.1-hdf5/neutron/Xe124.h5
 Reading Xe126 from /home/diogo/openmc_data/endfb-vii.1-hdf5/neutron/Xe126.h5
 Reading Xe128 from /home/diogo/openmc_data/endfb-vii.1-hdf5/neutron/Xe128.h5
 Reading Xe129 from /home/diogo/openmc_data/endfb-vii.1-hdf5/neutron/Xe129.h5
 Reading Xe130 from /home/diogo/openmc_data/endfb-vii.1-hdf5/neutron/Xe130.h5
 Reading Xe131 from /home/diogo/openmc_data/endfb-vii.1-hdf5/neutron/Xe131.h5
 Reading Xe132 from /home/diogo/openmc_data/endfb-vii.1-hdf5/neutron/Xe132.h5
 Reading Xe133 from /home/diogo/openmc_data/endfb-vii.1-hdf5/neutron/Xe133.h5
 WARNING: Negative value(s) found on probability table for nuclide Xe133 at
          2500K
 Reading Xe134 from /home/diogo/openmc_data/endfb-vii.1-hdf5/neutron/Xe134.h5
 Reading Xe135 from /home/diogo/openmc_data/endfb-vii.1-hdf5/neutron/Xe135.h5
 Reading Xe136 from /home/diogo/openmc_data/endfb-vii.1-hdf5/neutron/Xe136.h5
 Reading Cs133 from /home/diogo/openmc_data/endfb-vii.1-hdf5/neutron/Cs133.h5
 Reading Cs134 from /home/diogo/openmc_data/endfb-vii.1-hdf5/neutron/Cs134.h5
 Reading Cs135 from /home/diogo/openmc_data/endfb-vii.1-hdf5/neutron/Cs135.h5
 Reading Cs136 from /home/diogo/openmc_data/endfb-vii.1-hdf5/neutron/Cs136.h5
 WARNING: Negative value(s) found on probability table for nuclide Cs136 at 250K
 WARNING: Negative value(s) found on probability table for nuclide Cs136 at 294K
 WARNING: Negative value(s) found on probability table for nuclide Cs136 at 600K
 WARNING: Negative value(s) found on probability table for nuclide Cs136 at 900K
 WARNING: Negative value(s) found on probability table for nuclide Cs136 at
          1200K
 WARNING: Negative value(s) found on probability table for nuclide Cs136 at
          2500K
 Reading Cs137 from /home/diogo/openmc_data/endfb-vii.1-hdf5/neutron/Cs137.h5
 Reading Ba130 from /home/diogo/openmc_data/endfb-vii.1-hdf5/neutron/Ba130.h5
 Reading Ba132 from /home/diogo/openmc_data/endfb-vii.1-hdf5/neutron/Ba132.h5
 Reading Ba133 from /home/diogo/openmc_data/endfb-vii.1-hdf5/neutron/Ba133.h5
 Reading Ba134 from /home/diogo/openmc_data/endfb-vii.1-hdf5/neutron/Ba134.h5
 Reading Ba135 from /home/diogo/openmc_data/endfb-vii.1-hdf5/neutron/Ba135.h5
 Reading Ba136 from /home/diogo/openmc_data/endfb-vii.1-hdf5/neutron/Ba136.h5
 Reading Ba137 from /home/diogo/openmc_data/endfb-vii.1-hdf5/neutron/Ba137.h5
 Reading Ba138 from /home/diogo/openmc_data/endfb-vii.1-hdf5/neutron/Ba138.h5
 Reading Ba140 from /home/diogo/openmc_data/endfb-vii.1-hdf5/neutron/Ba140.h5
 Reading La138 from /home/diogo/openmc_data/endfb-vii.1-hdf5/neutron/La138.h5
 Reading La139 from /home/diogo/openmc_data/endfb-vii.1-hdf5/neutron/La139.h5
 Reading La140 from /home/diogo/openmc_data/endfb-vii.1-hdf5/neutron/La140.h5
 Reading Ce136 from /home/diogo/openmc_data/endfb-vii.1-hdf5/neutron/Ce136.h5
 Reading Ce138 from /home/diogo/openmc_data/endfb-vii.1-hdf5/neutron/Ce138.h5
 Reading Ce139 from /home/diogo/openmc_data/endfb-vii.1-hdf5/neutron/Ce139.h5
 Reading Ce140 from /home/diogo/openmc_data/endfb-vii.1-hdf5/neutron/Ce140.h5
 Reading Ce141 from /home/diogo/openmc_data/endfb-vii.1-hdf5/neutron/Ce141.h5
 Reading Ce142 from /home/diogo/openmc_data/endfb-vii.1-hdf5/neutron/Ce142.h5
 Reading Ce143 from /home/diogo/openmc_data/endfb-vii.1-hdf5/neutron/Ce143.h5
 Reading Ce144 from /home/diogo/openmc_data/endfb-vii.1-hdf5/neutron/Ce144.h5
 Reading Pr141 from /home/diogo/openmc_data/endfb-vii.1-hdf5/neutron/Pr141.h5
 Reading Pr142 from /home/diogo/openmc_data/endfb-vii.1-hdf5/neutron/Pr142.h5
 Reading Pr143 from /home/diogo/openmc_data/endfb-vii.1-hdf5/neutron/Pr143.h5
 Reading Nd142 from /home/diogo/openmc_data/endfb-vii.1-hdf5/neutron/Nd142.h5
 Reading Nd143 from /home/diogo/openmc_data/endfb-vii.1-hdf5/neutron/Nd143.h5
 Reading Nd144 from /home/diogo/openmc_data/endfb-vii.1-hdf5/neutron/Nd144.h5
 Reading Nd145 from /home/diogo/openmc_data/endfb-vii.1-hdf5/neutron/Nd145.h5
 Reading Nd146 from /home/diogo/openmc_data/endfb-vii.1-hdf5/neutron/Nd146.h5
 Reading Nd147 from /home/diogo/openmc_data/endfb-vii.1-hdf5/neutron/Nd147.h5
 Reading Nd148 from /home/diogo/openmc_data/endfb-vii.1-hdf5/neutron/Nd148.h5
 Reading Nd150 from /home/diogo/openmc_data/endfb-vii.1-hdf5/neutron/Nd150.h5
 Reading Pm147 from /home/diogo/openmc_data/endfb-vii.1-hdf5/neutron/Pm147.h5
 Reading Pm148 from /home/diogo/openmc_data/endfb-vii.1-hdf5/neutron/Pm148.h5
 Reading Pm148_m1 from
 /home/diogo/openmc_data/endfb-vii.1-hdf5/neutron/Pm148_m1.h5
 Reading Pm149 from /home/diogo/openmc_data/endfb-vii.1-hdf5/neutron/Pm149.h5
 Reading Pm151 from /home/diogo/openmc_data/endfb-vii.1-hdf5/neutron/Pm151.h5
 Reading Sm144 from /home/diogo/openmc_data/endfb-vii.1-hdf5/neutron/Sm144.h5
 Reading Sm147 from /home/diogo/openmc_data/endfb-vii.1-hdf5/neutron/Sm147.h5
 Reading Sm148 from /home/diogo/openmc_data/endfb-vii.1-hdf5/neutron/Sm148.h5
 Reading Sm149 from /home/diogo/openmc_data/endfb-vii.1-hdf5/neutron/Sm149.h5
 Reading Sm150 from /home/diogo/openmc_data/endfb-vii.1-hdf5/neutron/Sm150.h5
 Reading Sm151 from /home/diogo/openmc_data/endfb-vii.1-hdf5/neutron/Sm151.h5
 Reading Sm152 from /home/diogo/openmc_data/endfb-vii.1-hdf5/neutron/Sm152.h5
 Reading Sm153 from /home/diogo/openmc_data/endfb-vii.1-hdf5/neutron/Sm153.h5
 Reading Sm154 from /home/diogo/openmc_data/endfb-vii.1-hdf5/neutron/Sm154.h5
 Reading Eu151 from /home/diogo/openmc_data/endfb-vii.1-hdf5/neutron/Eu151.h5
 Reading Eu152 from /home/diogo/openmc_data/endfb-vii.1-hdf5/neutron/Eu152.h5
 Reading Eu153 from /home/diogo/openmc_data/endfb-vii.1-hdf5/neutron/Eu153.h5
 Reading Eu154 from /home/diogo/openmc_data/endfb-vii.1-hdf5/neutron/Eu154.h5
 Reading Eu155 from /home/diogo/openmc_data/endfb-vii.1-hdf5/neutron/Eu155.h5
 Reading Eu156 from /home/diogo/openmc_data/endfb-vii.1-hdf5/neutron/Eu156.h5
 WARNING: Negative value(s) found on probability table for nuclide Eu156 at 250K
 WARNING: Negative value(s) found on probability table for nuclide Eu156 at 294K
 WARNING: Negative value(s) found on probability table for nuclide Eu156 at 600K
 WARNING: Negative value(s) found on probability table for nuclide Eu156 at 900K
 WARNING: Negative value(s) found on probability table for nuclide Eu156 at
          1200K
 WARNING: Negative value(s) found on probability table for nuclide Eu156 at
          2500K
 Reading Eu157 from /home/diogo/openmc_data/endfb-vii.1-hdf5/neutron/Eu157.h5
 Reading Gd153 from /home/diogo/openmc_data/endfb-vii.1-hdf5/neutron/Gd153.h5
 Reading Tb159 from /home/diogo/openmc_data/endfb-vii.1-hdf5/neutron/Tb159.h5
 Reading Tb160 from /home/diogo/openmc_data/endfb-vii.1-hdf5/neutron/Tb160.h5
 Reading Dy156 from /home/diogo/openmc_data/endfb-vii.1-hdf5/neutron/Dy156.h5
 Reading Dy158 from /home/diogo/openmc_data/endfb-vii.1-hdf5/neutron/Dy158.h5
 Reading Dy160 from /home/diogo/openmc_data/endfb-vii.1-hdf5/neutron/Dy160.h5
 Reading Dy161 from /home/diogo/openmc_data/endfb-vii.1-hdf5/neutron/Dy161.h5
 Reading Dy162 from /home/diogo/openmc_data/endfb-vii.1-hdf5/neutron/Dy162.h5
 Reading Dy163 from /home/diogo/openmc_data/endfb-vii.1-hdf5/neutron/Dy163.h5
 Reading Dy164 from /home/diogo/openmc_data/endfb-vii.1-hdf5/neutron/Dy164.h5
 Reading Ho165 from /home/diogo/openmc_data/endfb-vii.1-hdf5/neutron/Ho165.h5
 Reading Ho166_m1 from
 /home/diogo/openmc_data/endfb-vii.1-hdf5/neutron/Ho166_m1.h5
 Reading Er162 from /home/diogo/openmc_data/endfb-vii.1-hdf5/neutron/Er162.h5
 Reading Er164 from /home/diogo/openmc_data/endfb-vii.1-hdf5/neutron/Er164.h5
 Reading Er166 from /home/diogo/openmc_data/endfb-vii.1-hdf5/neutron/Er166.h5
 Reading Er167 from /home/diogo/openmc_data/endfb-vii.1-hdf5/neutron/Er167.h5
 Reading Er168 from /home/diogo/openmc_data/endfb-vii.1-hdf5/neutron/Er168.h5
 Reading Er170 from /home/diogo/openmc_data/endfb-vii.1-hdf5/neutron/Er170.h5
 Reading Tm168 from /home/diogo/openmc_data/endfb-vii.1-hdf5/neutron/Tm168.h5
 Reading Tm169 from /home/diogo/openmc_data/endfb-vii.1-hdf5/neutron/Tm169.h5
 Reading Tm170 from /home/diogo/openmc_data/endfb-vii.1-hdf5/neutron/Tm170.h5
 Reading Lu175 from /home/diogo/openmc_data/endfb-vii.1-hdf5/neutron/Lu175.h5
 Reading Lu176 from /home/diogo/openmc_data/endfb-vii.1-hdf5/neutron/Lu176.h5
 Reading Hf174 from /home/diogo/openmc_data/endfb-vii.1-hdf5/neutron/Hf174.h5
 Reading Hf176 from /home/diogo/openmc_data/endfb-vii.1-hdf5/neutron/Hf176.h5
 Reading Hf177 from /home/diogo/openmc_data/endfb-vii.1-hdf5/neutron/Hf177.h5
 Reading Hf178 from /home/diogo/openmc_data/endfb-vii.1-hdf5/neutron/Hf178.h5
 Reading Hf179 from /home/diogo/openmc_data/endfb-vii.1-hdf5/neutron/Hf179.h5
 Reading Hf180 from /home/diogo/openmc_data/endfb-vii.1-hdf5/neutron/Hf180.h5
 Reading Ta180 from /home/diogo/openmc_data/endfb-vii.1-hdf5/neutron/Ta180.h5
 Reading Ta181 from /home/diogo/openmc_data/endfb-vii.1-hdf5/neutron/Ta181.h5
 Reading Ta182 from /home/diogo/openmc_data/endfb-vii.1-hdf5/neutron/Ta182.h5
 Reading W180 from /home/diogo/openmc_data/endfb-vii.1-hdf5/neutron/W180.h5
 Reading W182 from /home/diogo/openmc_data/endfb-vii.1-hdf5/neutron/W182.h5
 Reading W183 from /home/diogo/openmc_data/endfb-vii.1-hdf5/neutron/W183.h5
 Reading W184 from /home/diogo/openmc_data/endfb-vii.1-hdf5/neutron/W184.h5
 Reading W186 from /home/diogo/openmc_data/endfb-vii.1-hdf5/neutron/W186.h5
 Reading Re185 from /home/diogo/openmc_data/endfb-vii.1-hdf5/neutron/Re185.h5
 Reading Re187 from /home/diogo/openmc_data/endfb-vii.1-hdf5/neutron/Re187.h5
 Reading Ir191 from /home/diogo/openmc_data/endfb-vii.1-hdf5/neutron/Ir191.h5
 Reading Ir193 from /home/diogo/openmc_data/endfb-vii.1-hdf5/neutron/Ir193.h5
 Reading Au197 from /home/diogo/openmc_data/endfb-vii.1-hdf5/neutron/Au197.h5
 Reading Hg196 from /home/diogo/openmc_data/endfb-vii.1-hdf5/neutron/Hg196.h5
 Reading Hg198 from /home/diogo/openmc_data/endfb-vii.1-hdf5/neutron/Hg198.h5
 Reading Hg199 from /home/diogo/openmc_data/endfb-vii.1-hdf5/neutron/Hg199.h5
 Reading Hg200 from /home/diogo/openmc_data/endfb-vii.1-hdf5/neutron/Hg200.h5
 Reading Hg201 from /home/diogo/openmc_data/endfb-vii.1-hdf5/neutron/Hg201.h5
 Reading Hg202 from /home/diogo/openmc_data/endfb-vii.1-hdf5/neutron/Hg202.h5
 Reading Hg204 from /home/diogo/openmc_data/endfb-vii.1-hdf5/neutron/Hg204.h5
 Reading Tl203 from /home/diogo/openmc_data/endfb-vii.1-hdf5/neutron/Tl203.h5
 Reading Tl205 from /home/diogo/openmc_data/endfb-vii.1-hdf5/neutron/Tl205.h5
 Reading Pb204 from /home/diogo/openmc_data/endfb-vii.1-hdf5/neutron/Pb204.h5
 Reading Pb206 from /home/diogo/openmc_data/endfb-vii.1-hdf5/neutron/Pb206.h5
 Reading Pb207 from /home/diogo/openmc_data/endfb-vii.1-hdf5/neutron/Pb207.h5
 Reading Pb208 from /home/diogo/openmc_data/endfb-vii.1-hdf5/neutron/Pb208.h5
 Reading Bi209 from /home/diogo/openmc_data/endfb-vii.1-hdf5/neutron/Bi209.h5
 Reading Ra223 from /home/diogo/openmc_data/endfb-vii.1-hdf5/neutron/Ra223.h5
 Reading Ra224 from /home/diogo/openmc_data/endfb-vii.1-hdf5/neutron/Ra224.h5
 Reading Ra225 from /home/diogo/openmc_data/endfb-vii.1-hdf5/neutron/Ra225.h5
 Reading Ra226 from /home/diogo/openmc_data/endfb-vii.1-hdf5/neutron/Ra226.h5
 Reading Ac225 from /home/diogo/openmc_data/endfb-vii.1-hdf5/neutron/Ac225.h5
 Reading Ac226 from /home/diogo/openmc_data/endfb-vii.1-hdf5/neutron/Ac226.h5
 Reading Ac227 from /home/diogo/openmc_data/endfb-vii.1-hdf5/neutron/Ac227.h5
 Reading Th227 from /home/diogo/openmc_data/endfb-vii.1-hdf5/neutron/Th227.h5
 Reading Th228 from /home/diogo/openmc_data/endfb-vii.1-hdf5/neutron/Th228.h5
 Reading Th229 from /home/diogo/openmc_data/endfb-vii.1-hdf5/neutron/Th229.h5
 Reading Th230 from /home/diogo/openmc_data/endfb-vii.1-hdf5/neutron/Th230.h5
 Reading Th231 from /home/diogo/openmc_data/endfb-vii.1-hdf5/neutron/Th231.h5
 Reading Th232 from /home/diogo/openmc_data/endfb-vii.1-hdf5/neutron/Th232.h5
 Reading Th233 from /home/diogo/openmc_data/endfb-vii.1-hdf5/neutron/Th233.h5
 Reading Th234 from /home/diogo/openmc_data/endfb-vii.1-hdf5/neutron/Th234.h5
 Reading Pa229 from /home/diogo/openmc_data/endfb-vii.1-hdf5/neutron/Pa229.h5
 Reading Pa230 from /home/diogo/openmc_data/endfb-vii.1-hdf5/neutron/Pa230.h5
 Reading Pa231 from /home/diogo/openmc_data/endfb-vii.1-hdf5/neutron/Pa231.h5
 Reading Pa232 from /home/diogo/openmc_data/endfb-vii.1-hdf5/neutron/Pa232.h5
 Reading Pa233 from /home/diogo/openmc_data/endfb-vii.1-hdf5/neutron/Pa233.h5
 Reading U230 from /home/diogo/openmc_data/endfb-vii.1-hdf5/neutron/U230.h5
 Reading U231 from /home/diogo/openmc_data/endfb-vii.1-hdf5/neutron/U231.h5
 Reading U232 from /home/diogo/openmc_data/endfb-vii.1-hdf5/neutron/U232.h5
 Reading U233 from /home/diogo/openmc_data/endfb-vii.1-hdf5/neutron/U233.h5
 Reading U236 from /home/diogo/openmc_data/endfb-vii.1-hdf5/neutron/U236.h5
 Reading U237 from /home/diogo/openmc_data/endfb-vii.1-hdf5/neutron/U237.h5
 Reading U239 from /home/diogo/openmc_data/endfb-vii.1-hdf5/neutron/U239.h5
 Reading U240 from /home/diogo/openmc_data/endfb-vii.1-hdf5/neutron/U240.h5
 Reading U241 from /home/diogo/openmc_data/endfb-vii.1-hdf5/neutron/U241.h5
 Reading Np234 from /home/diogo/openmc_data/endfb-vii.1-hdf5/neutron/Np234.h5
 Reading Np235 from /home/diogo/openmc_data/endfb-vii.1-hdf5/neutron/Np235.h5
 Reading Np236 from /home/diogo/openmc_data/endfb-vii.1-hdf5/neutron/Np236.h5
 Reading Np237 from /home/diogo/openmc_data/endfb-vii.1-hdf5/neutron/Np237.h5
 Reading Np238 from /home/diogo/openmc_data/endfb-vii.1-hdf5/neutron/Np238.h5
 Reading Np239 from /home/diogo/openmc_data/endfb-vii.1-hdf5/neutron/Np239.h5
 Reading Pu236 from /home/diogo/openmc_data/endfb-vii.1-hdf5/neutron/Pu236.h5
 Reading Pu237 from /home/diogo/openmc_data/endfb-vii.1-hdf5/neutron/Pu237.h5
 Reading Pu238 from /home/diogo/openmc_data/endfb-vii.1-hdf5/neutron/Pu238.h5
 Reading Pu239 from /home/diogo/openmc_data/endfb-vii.1-hdf5/neutron/Pu239.h5
 Reading Pu240 from /home/diogo/openmc_data/endfb-vii.1-hdf5/neutron/Pu240.h5
 Reading Pu241 from /home/diogo/openmc_data/endfb-vii.1-hdf5/neutron/Pu241.h5
 Reading Pu242 from /home/diogo/openmc_data/endfb-vii.1-hdf5/neutron/Pu242.h5
 Reading Pu243 from /home/diogo/openmc_data/endfb-vii.1-hdf5/neutron/Pu243.h5
 Reading Pu244 from /home/diogo/openmc_data/endfb-vii.1-hdf5/neutron/Pu244.h5
 Reading Pu246 from /home/diogo/openmc_data/endfb-vii.1-hdf5/neutron/Pu246.h5
 Reading Am240 from /home/diogo/openmc_data/endfb-vii.1-hdf5/neutron/Am240.h5
 Reading Am241 from /home/diogo/openmc_data/endfb-vii.1-hdf5/neutron/Am241.h5
 Reading Am242 from /home/diogo/openmc_data/endfb-vii.1-hdf5/neutron/Am242.h5
 Reading Am242_m1 from
 /home/diogo/openmc_data/endfb-vii.1-hdf5/neutron/Am242_m1.h5
 Reading Am243 from /home/diogo/openmc_data/endfb-vii.1-hdf5/neutron/Am243.h5
 Reading Am244 from /home/diogo/openmc_data/endfb-vii.1-hdf5/neutron/Am244.h5
 Reading Am244_m1 from
 /home/diogo/openmc_data/endfb-vii.1-hdf5/neutron/Am244_m1.h5
 Reading Cm240 from /home/diogo/openmc_data/endfb-vii.1-hdf5/neutron/Cm240.h5
 Reading Cm241 from /home/diogo/openmc_data/endfb-vii.1-hdf5/neutron/Cm241.h5
 Reading Cm242 from /home/diogo/openmc_data/endfb-vii.1-hdf5/neutron/Cm242.h5
 Reading Cm243 from /home/diogo/openmc_data/endfb-vii.1-hdf5/neutron/Cm243.h5
 Reading Cm244 from /home/diogo/openmc_data/endfb-vii.1-hdf5/neutron/Cm244.h5
 Reading Cm245 from /home/diogo/openmc_data/endfb-vii.1-hdf5/neutron/Cm245.h5
 Reading Cm246 from /home/diogo/openmc_data/endfb-vii.1-hdf5/neutron/Cm246.h5
 Reading Cm247 from /home/diogo/openmc_data/endfb-vii.1-hdf5/neutron/Cm247.h5
 Reading Cm248 from /home/diogo/openmc_data/endfb-vii.1-hdf5/neutron/Cm248.h5
 Reading Cm249 from /home/diogo/openmc_data/endfb-vii.1-hdf5/neutron/Cm249.h5
 Reading Cm250 from /home/diogo/openmc_data/endfb-vii.1-hdf5/neutron/Cm250.h5
 Reading Bk245 from /home/diogo/openmc_data/endfb-vii.1-hdf5/neutron/Bk245.h5
 Reading Bk246 from /home/diogo/openmc_data/endfb-vii.1-hdf5/neutron/Bk246.h5
 Reading Bk247 from /home/diogo/openmc_data/endfb-vii.1-hdf5/neutron/Bk247.h5
 Reading Bk248 from /home/diogo/openmc_data/endfb-vii.1-hdf5/neutron/Bk248.h5
 Reading Bk249 from /home/diogo/openmc_data/endfb-vii.1-hdf5/neutron/Bk249.h5
 Reading Bk250 from /home/diogo/openmc_data/endfb-vii.1-hdf5/neutron/Bk250.h5
 Reading Cf246 from /home/diogo/openmc_data/endfb-vii.1-hdf5/neutron/Cf246.h5
 Reading Cf248 from /home/diogo/openmc_data/endfb-vii.1-hdf5/neutron/Cf248.h5
 Reading Cf249 from /home/diogo/openmc_data/endfb-vii.1-hdf5/neutron/Cf249.h5
 Reading Cf250 from /home/diogo/openmc_data/endfb-vii.1-hdf5/neutron/Cf250.h5
 WARNING: Negative value(s) found on probability table for nuclide Cf250 at 250K
 WARNING: Negative value(s) found on probability table for nuclide Cf250 at 294K
 WARNING: Negative value(s) found on probability table for nuclide Cf250 at 900K
 WARNING: Negative value(s) found on probability table for nuclide Cf250 at
          1200K
 Reading Cf251 from /home/diogo/openmc_data/endfb-vii.1-hdf5/neutron/Cf251.h5
 Reading Cf252 from /home/diogo/openmc_data/endfb-vii.1-hdf5/neutron/Cf252.h5
 Reading Cf253 from /home/diogo/openmc_data/endfb-vii.1-hdf5/neutron/Cf253.h5
 Reading Cf254 from /home/diogo/openmc_data/endfb-vii.1-hdf5/neutron/Cf254.h5
 Reading Es251 from /home/diogo/openmc_data/endfb-vii.1-hdf5/neutron/Es251.h5
 Reading Es252 from /home/diogo/openmc_data/endfb-vii.1-hdf5/neutron/Es252.h5
 Reading Es253 from /home/diogo/openmc_data/endfb-vii.1-hdf5/neutron/Es253.h5
 Reading Es254 from /home/diogo/openmc_data/endfb-vii.1-hdf5/neutron/Es254.h5
 Reading Es254_m1 from
 /home/diogo/openmc_data/endfb-vii.1-hdf5/neutron/Es254_m1.h5
 Reading Es255 from /home/diogo/openmc_data/endfb-vii.1-hdf5/neutron/Es255.h5
 Reading Fm255 from /home/diogo/openmc_data/endfb-vii.1-hdf5/neutron/Fm255.h5
 Maximum neutron transport energy: 20000000 eV for H1
 Initializing source particles...

 ====================>     K EIGENVALUE SIMULATION     <====================

  Bat./Gen.      k       Entropy         Average k 
  =========   ========   ========   ====================
        1/1    1.12537    5.89637
        2/1    1.13352    5.93664
        3/1    1.20205    5.92084
        4/1    1.06665    5.91471
        5/1    1.13712    5.90216
        6/1    1.10056    5.87644
        7/1    1.15649    5.90022
        8/1    1.06218    5.90409
        9/1    1.18749    5.87731
       10/1    1.16468    5.89412
       11/1    1.12093    5.92083
       12/1    1.16297    5.92416    1.14195 +/- 0.02102
       13/1    1.11496    5.89910    1.13295 +/- 0.01511
       14/1    1.14206    5.93788    1.13523 +/- 0.01092
       15/1    1.09670    5.90784    1.12752 +/- 0.01144
       16/1    1.20776    5.90836    1.14090 +/- 0.01631
       17/1    1.17112    5.90831    1.14521 +/- 0.01445
       18/1    1.03367    5.92068    1.13127 +/- 0.01873
       19/1    1.09581    5.90740    1.12733 +/- 0.01699
       20/1    1.14736    5.91089    1.12933 +/- 0.01532
       21/1    1.10617    5.89529    1.12723 +/- 0.01402
       22/1    1.13340    5.86304    1.12774 +/- 0.01281
       23/1    1.01146    5.91194    1.11880 +/- 0.01479
       24/1    1.04786    5.89461    1.11373 +/- 0.01460
       25/1    1.19811    5.88291    1.11936 +/- 0.01471
       26/1    1.13318    5.88327    1.12022 +/- 0.01379
       27/1    1.17530    5.88471    1.12346 +/- 0.01335
       28/1    1.17115    5.89826    1.12611 +/- 0.01286
       29/1    1.11389    5.88618    1.12547 +/- 0.01218
       30/1    1.08045    5.88514    1.12322 +/- 0.01178
 Creating state point statepoint.30.h5...

 =======================>     TIMING STATISTICS     <=======================

 Total time for initialization     = 5.9090e+00 seconds
   Reading cross sections          = 5.1355e+00 seconds
 Total time in simulation          = 6.6112e+01 seconds
   Time in transport only          = 6.6100e+01 seconds
   Time in inactive batches        = 1.6125e+00 seconds
   Time in active batches          = 6.4500e+01 seconds
   Time synchronizing fission bank = 1.6885e-03 seconds
     Sampling source sites         = 1.3252e-03 seconds
     SEND/RECV source sites        = 2.5872e-04 seconds
   Time accumulating tallies       = 4.9238e-04 seconds
   Time writing statepoints        = 7.1864e-03 seconds
 Total time for finalization       = 3.3966e-04 seconds
 Total time elapsed                = 7.2482e+01 seconds
 Calculation Rate (inactive)       = 6201.36 particles/second
 Calculation Rate (active)         = 310.079 particles/second

 ============================>     RESULTS     <============================

 k-effective (Collision)     = 1.11875 +/- 0.00844
 k-effective (Track-length)  = 1.12322 +/- 0.01178
 k-effective (Absorption)    = 1.12295 +/- 0.00748
 Combined k-effective        = 1.12194 +/- 0.00694
 Leakage Fraction            = 0.00000 +/- 0.00000

 Creating state point openmc_simulation_n0.h5...
[openmc.deplete] t=4327203.051553669 s, dt=8654406.103107339 s, source=1491105.972264863
 Maximum neutron transport energy: 20000000 eV for H1
 Initializing source particles...

 ====================>     K EIGENVALUE SIMULATION     <====================

  Bat./Gen.      k       Entropy         Average k 
  =========   ========   ========   ====================
        1/1    1.10818    5.87487
        2/1    1.13854    5.91014
        3/1    1.13739    5.87537
        4/1    1.08077    5.90848
        5/1    1.15353    5.91878
        6/1    1.05648    5.87833
        7/1    1.10879    5.91275
        8/1    1.09704    5.90842
        9/1    1.12076    5.89366
       10/1    1.05877    5.91872
       11/1    1.00599    5.90738
       12/1    1.04935    5.89973    1.02767 +/- 0.02168
       13/1    1.09192    5.88850    1.04909 +/- 0.02481
       14/1    1.14087    5.89917    1.07203 +/- 0.02888
       15/1    1.10966    5.91659    1.07956 +/- 0.02360
       16/1    1.06994    5.90894    1.07796 +/- 0.01934
       17/1    1.00596    5.89342    1.06767 +/- 0.01931
       18/1    1.02024    5.89716    1.06174 +/- 0.01774
       19/1    1.08698    5.89612    1.06455 +/- 0.01590
       20/1    1.14377    5.90174    1.07247 +/- 0.01628
       21/1    1.06325    5.90203    1.07163 +/- 0.01475
       22/1    1.09886    5.89027    1.07390 +/- 0.01365
       23/1    1.03836    5.92716    1.07117 +/- 0.01285
       24/1    1.07492    5.89836    1.07143 +/- 0.01190
       25/1    1.00595    5.90924    1.06707 +/- 0.01191
       26/1    1.07231    5.90103    1.06740 +/- 0.01114
       27/1    1.03321    5.91396    1.06538 +/- 0.01066
       28/1    1.16090    5.89665    1.07069 +/- 0.01137
       29/1    1.10008    5.88551    1.07224 +/- 0.01086
       30/1    0.99252    5.90908    1.06825 +/- 0.01105
 Creating state point statepoint.30.h5...

 =======================>     TIMING STATISTICS     <=======================

 Total time for initialization     = 0.0000e+00 seconds
   Reading cross sections          = 0.0000e+00 seconds
 Total time in simulation          = 8.5626e+01 seconds
   Time in transport only          = 8.5615e+01 seconds
   Time in inactive batches        = 2.3099e+01 seconds
   Time in active batches          = 6.2528e+01 seconds
   Time synchronizing fission bank = 2.0590e-03 seconds
     Sampling source sites         = 1.6312e-03 seconds
     SEND/RECV source sites        = 2.9118e-04 seconds
   Time accumulating tallies       = 4.7488e-04 seconds
   Time writing statepoints        = 6.5625e-03 seconds
 Total time for finalization       = 3.9631e-04 seconds
 Total time elapsed                = 8.6096e+01 seconds
 Calculation Rate (inactive)       = 432.926 particles/second
 Calculation Rate (active)         = 319.858 particles/second

 ============================>     RESULTS     <============================

 k-effective (Collision)     = 1.07674 +/- 0.00999
 k-effective (Track-length)  = 1.06825 +/- 0.01105
 k-effective (Absorption)    = 1.08981 +/- 0.00664
 Combined k-effective        = 1.08309 +/- 0.00555
 Leakage Fraction            = 0.00000 +/- 0.00000

 Creating state point openmc_simulation_n1.h5...
[openmc.deplete] t=12981609.154661007 (final operator evaluation)
 Maximum neutron transport energy: 20000000 eV for H1
 Initializing source particles...

 ====================>     K EIGENVALUE SIMULATION     <====================

  Bat./Gen.      k       Entropy         Average k 
  =========   ========   ========   ====================
        1/1    1.11124    5.89841
        2/1    1.09911    5.91118
        3/1    1.05309    5.91952
        4/1    1.08854    5.92265
        5/1    1.07048    5.90253
        6/1    1.06559    5.90794
        7/1    1.14387    5.88163
        8/1    1.09369    5.91735
        9/1    1.06722    5.91510
       10/1    1.11009    5.91095
       11/1    1.06668    5.90408
       12/1    1.05904    5.90583    1.06286 +/- 0.00382
       13/1    1.17092    5.90368    1.09888 +/- 0.03609
       14/1    1.04981    5.91615    1.08661 +/- 0.02831
       15/1    1.04179    5.91370    1.07765 +/- 0.02369
       16/1    1.09098    5.90046    1.07987 +/- 0.01947
       17/1    1.09746    5.91476    1.08238 +/- 0.01665
       18/1    1.10285    5.90757    1.08494 +/- 0.01464
       19/1    1.11213    5.94267    1.08796 +/- 0.01326
       20/1    1.06418    5.90349    1.08558 +/- 0.01210
       21/1    1.08225    5.91150    1.08528 +/- 0.01095
       22/1    1.10038    5.91200    1.08654 +/- 0.01007
       23/1    1.08841    5.91816    1.08668 +/- 0.00927
       24/1    1.06449    5.88755    1.08510 +/- 0.00872
       25/1    1.14290    5.91707    1.08895 +/- 0.00899
       26/1    1.14838    5.92357    1.09266 +/- 0.00919
       27/1    1.08173    5.89949    1.09202 +/- 0.00866
       28/1    1.14236    5.90911    1.09482 +/- 0.00863
       29/1    1.11182    5.91884    1.09571 +/- 0.00821
       30/1    1.09583    5.87119    1.09572 +/- 0.00779
 Creating state point statepoint.30.h5...

 =======================>     TIMING STATISTICS     <=======================

 Total time for initialization     = 0.0000e+00 seconds
   Reading cross sections          = 0.0000e+00 seconds
 Total time in simulation          = 8.4831e+01 seconds
   Time in transport only          = 8.4819e+01 seconds
   Time in inactive batches        = 2.3107e+01 seconds
   Time in active batches          = 6.1724e+01 seconds
   Time synchronizing fission bank = 2.1315e-03 seconds
     Sampling source sites         = 1.7264e-03 seconds
     SEND/RECV source sites        = 2.4809e-04 seconds
   Time accumulating tallies       = 4.7252e-04 seconds
   Time writing statepoints        = 6.7754e-03 seconds
 Total time for finalization       = 3.9170e-04 seconds
 Total time elapsed                = 8.5306e+01 seconds
 Calculation Rate (inactive)       = 432.774 particles/second
 Calculation Rate (active)         = 324.023 particles/second

 ============================>     RESULTS     <============================

 k-effective (Collision)     = 1.10247 +/- 0.00818
 k-effective (Track-length)  = 1.09572 +/- 0.00779
 k-effective (Absorption)    = 1.11512 +/- 0.00803
 Combined k-effective        = 1.10509 +/- 0.00655
 Leakage Fraction            = 0.00000 +/- 0.00000

 Creating state point openmc_simulation_n2.h5...
                                %%%%%%%%%%%%%%%
                           %%%%%%%%%%%%%%%%%%%%%%%%
                        %%%%%%%%%%%%%%%%%%%%%%%%%%%%%%
                      %%%%%%%%%%%%%%%%%%%%%%%%%%%%%%%%%%
                    %%%%%%%%%%%%%%%%%%%%%%%%%%%%%%%%%%%%%%
                   %%%%%%%%%%%%%%%%%%%%%%%%%%%%%%%%%%%%%%%%
                                    %%%%%%%%%%%%%%%%%%%%%%%%
                                     %%%%%%%%%%%%%%%%%%%%%%%%
                 ###############      %%%%%%%%%%%%%%%%%%%%%%%%
                ##################     %%%%%%%%%%%%%%%%%%%%%%%
                ###################     %%%%%%%%%%%%%%%%%%%%%%%
                ####################     %%%%%%%%%%%%%%%%%%%%%%
                #####################     %%%%%%%%%%%%%%%%%%%%%
                ######################     %%%%%%%%%%%%%%%%%%%%
                #######################     %%%%%%%%%%%%%%%%%%
                 #######################     %%%%%%%%%%%%%%%%%
                 ######################     %%%%%%%%%%%%%%%%%
                  ####################     %%%%%%%%%%%%%%%%%
                    #################     %%%%%%%%%%%%%%%%%
                     ###############     %%%%%%%%%%%%%%%%
                       ############     %%%%%%%%%%%%%%%
                          ########     %%%%%%%%%%%%%%
                                      %%%%%%%%%%%

                 | The OpenMC Monte Carlo Code
       Copyright | 2011-2025 MIT, UChicago Argonne LLC, and contributors
         License | https://docs.openmc.org/en/latest/license.html
         Version | 0.15.3
     Commit Hash | 27e38e894697bb32a1dac7848d2618818b6b8daf
       Date/Time | 2026-09-26 20:21:21
   MPI Processes | 1
  OpenMP Threads | 1

 Reading settings XML file...
 Reading cross sections XML file...
 Reading chain file: /home/diogo/openmc_data/chain_endfb71_pwr.xml...
 Reading materials XML file...
 Reading geometry XML file...
 Reading H1 from /home/diogo/openmc_data/endfb-vii.1-hdf5/neutron/H1.h5
 Reading H2 from /home/diogo/openmc_data/endfb-vii.1-hdf5/neutron/H2.h5
 Reading B10 from /home/diogo/openmc_data/endfb-vii.1-hdf5/neutron/B10.h5
 Reading B11 from /home/diogo/openmc_data/endfb-vii.1-hdf5/neutron/B11.h5
 Reading O16 from /home/diogo/openmc_data/endfb-vii.1-hdf5/neutron/O16.h5
 Reading O17 from /home/diogo/openmc_data/endfb-vii.1-hdf5/neutron/O17.h5
 Reading Cr50 from /home/diogo/openmc_data/endfb-vii.1-hdf5/neutron/Cr50.h5
 Reading Cr52 from /home/diogo/openmc_data/endfb-vii.1-hdf5/neutron/Cr52.h5
 Reading Cr53 from /home/diogo/openmc_data/endfb-vii.1-hdf5/neutron/Cr53.h5
 Reading Cr54 from /home/diogo/openmc_data/endfb-vii.1-hdf5/neutron/Cr54.h5
 Reading Fe54 from /home/diogo/openmc_data/endfb-vii.1-hdf5/neutron/Fe54.h5
 Reading Fe56 from /home/diogo/openmc_data/endfb-vii.1-hdf5/neutron/Fe56.h5
 Reading Fe57 from /home/diogo/openmc_data/endfb-vii.1-hdf5/neutron/Fe57.h5
 Reading Fe58 from /home/diogo/openmc_data/endfb-vii.1-hdf5/neutron/Fe58.h5
 Reading Zr90 from /home/diogo/openmc_data/endfb-vii.1-hdf5/neutron/Zr90.h5
 Reading Zr91 from /home/diogo/openmc_data/endfb-vii.1-hdf5/neutron/Zr91.h5
 Reading Zr92 from /home/diogo/openmc_data/endfb-vii.1-hdf5/neutron/Zr92.h5
 Reading Zr94 from /home/diogo/openmc_data/endfb-vii.1-hdf5/neutron/Zr94.h5
 Reading Zr96 from /home/diogo/openmc_data/endfb-vii.1-hdf5/neutron/Zr96.h5
 Reading Sn112 from /home/diogo/openmc_data/endfb-vii.1-hdf5/neutron/Sn112.h5
 Reading Sn114 from /home/diogo/openmc_data/endfb-vii.1-hdf5/neutron/Sn114.h5
 Reading Sn115 from /home/diogo/openmc_data/endfb-vii.1-hdf5/neutron/Sn115.h5
 Reading Sn116 from /home/diogo/openmc_data/endfb-vii.1-hdf5/neutron/Sn116.h5
 Reading Sn117 from /home/diogo/openmc_data/endfb-vii.1-hdf5/neutron/Sn117.h5
 Reading Sn118 from /home/diogo/openmc_data/endfb-vii.1-hdf5/neutron/Sn118.h5
 Reading Sn119 from /home/diogo/openmc_data/endfb-vii.1-hdf5/neutron/Sn119.h5
 Reading Sn120 from /home/diogo/openmc_data/endfb-vii.1-hdf5/neutron/Sn120.h5
 Reading Sn122 from /home/diogo/openmc_data/endfb-vii.1-hdf5/neutron/Sn122.h5
 Reading Sn124 from /home/diogo/openmc_data/endfb-vii.1-hdf5/neutron/Sn124.h5
 Reading He3 from /home/diogo/openmc_data/endfb-vii.1-hdf5/neutron/He3.h5
 Reading He4 from /home/diogo/openmc_data/endfb-vii.1-hdf5/neutron/He4.h5
 Reading U234 from /home/diogo/openmc_data/endfb-vii.1-hdf5/neutron/U234.h5
 Reading U235 from /home/diogo/openmc_data/endfb-vii.1-hdf5/neutron/U235.h5
 Reading U238 from /home/diogo/openmc_data/endfb-vii.1-hdf5/neutron/U238.h5
 Reading Gd152 from /home/diogo/openmc_data/endfb-vii.1-hdf5/neutron/Gd152.h5
 Reading Gd154 from /home/diogo/openmc_data/endfb-vii.1-hdf5/neutron/Gd154.h5
 Reading Gd155 from /home/diogo/openmc_data/endfb-vii.1-hdf5/neutron/Gd155.h5
 Reading Gd156 from /home/diogo/openmc_data/endfb-vii.1-hdf5/neutron/Gd156.h5
 Reading Gd157 from /home/diogo/openmc_data/endfb-vii.1-hdf5/neutron/Gd157.h5
 Reading Gd158 from /home/diogo/openmc_data/endfb-vii.1-hdf5/neutron/Gd158.h5
 Reading Gd160 from /home/diogo/openmc_data/endfb-vii.1-hdf5/neutron/Gd160.h5
 Reading c_H_in_H2O from
 /home/diogo/openmc_data/endfb-vii.1-hdf5/neutron/c_H_in_H2O.h5
 Minimum neutron data temperature: 0 K
 Maximum neutron data temperature: 1.7976931348623157e+308 K
 Reading tallies XML file...
 Preparing distributed cell instances...
 Reading plot XML file...
 Writing summary.h5 file...
[openmc.deplete] t=12981609.154661007 s, dt=865440.6103107346 s, source=1491105.972264863
[openmc.deplete] t=13847049.764971742 (final operator evaluation)
 Reading H3 from /home/diogo/openmc_data/endfb-vii.1-hdf5/neutron/H3.h5
 Reading Li6 from /home/diogo/openmc_data/endfb-vii.1-hdf5/neutron/Li6.h5
 Reading Li7 from /home/diogo/openmc_data/endfb-vii.1-hdf5/neutron/Li7.h5
 Reading N14 from /home/diogo/openmc_data/endfb-vii.1-hdf5/neutron/N14.h5
 Reading N15 from /home/diogo/openmc_data/endfb-vii.1-hdf5/neutron/N15.h5
 Reading F19 from /home/diogo/openmc_data/endfb-vii.1-hdf5/neutron/F19.h5
 Reading Na22 from /home/diogo/openmc_data/endfb-vii.1-hdf5/neutron/Na22.h5
 WARNING: Negative value(s) found on probability table for nuclide Na22 at 250K
 WARNING: Negative value(s) found on probability table for nuclide Na22 at 294K
 WARNING: Negative value(s) found on probability table for nuclide Na22 at 600K
 WARNING: Negative value(s) found on probability table for nuclide Na22 at 900K
 WARNING: Negative value(s) found on probability table for nuclide Na22 at 1200K
 WARNING: Negative value(s) found on probability table for nuclide Na22 at 2500K
 Reading Na23 from /home/diogo/openmc_data/endfb-vii.1-hdf5/neutron/Na23.h5
 Reading Mg24 from /home/diogo/openmc_data/endfb-vii.1-hdf5/neutron/Mg24.h5
 Reading Mg25 from /home/diogo/openmc_data/endfb-vii.1-hdf5/neutron/Mg25.h5
 Reading Mg26 from /home/diogo/openmc_data/endfb-vii.1-hdf5/neutron/Mg26.h5
 Reading Al27 from /home/diogo/openmc_data/endfb-vii.1-hdf5/neutron/Al27.h5
 Reading Si28 from /home/diogo/openmc_data/endfb-vii.1-hdf5/neutron/Si28.h5
 Reading Si29 from /home/diogo/openmc_data/endfb-vii.1-hdf5/neutron/Si29.h5
 Reading Si30 from /home/diogo/openmc_data/endfb-vii.1-hdf5/neutron/Si30.h5
 Reading P31 from /home/diogo/openmc_data/endfb-vii.1-hdf5/neutron/P31.h5
 Reading S32 from /home/diogo/openmc_data/endfb-vii.1-hdf5/neutron/S32.h5
 Reading S33 from /home/diogo/openmc_data/endfb-vii.1-hdf5/neutron/S33.h5
 Reading S34 from /home/diogo/openmc_data/endfb-vii.1-hdf5/neutron/S34.h5
 Reading S36 from /home/diogo/openmc_data/endfb-vii.1-hdf5/neutron/S36.h5
 Reading Cl35 from /home/diogo/openmc_data/endfb-vii.1-hdf5/neutron/Cl35.h5
 Reading Cl37 from /home/diogo/openmc_data/endfb-vii.1-hdf5/neutron/Cl37.h5
 Reading Ar36 from /home/diogo/openmc_data/endfb-vii.1-hdf5/neutron/Ar36.h5
 WARNING: Negative value(s) found on probability table for nuclide Ar36 at 250K
 WARNING: Negative value(s) found on probability table for nuclide Ar36 at 294K
 WARNING: Negative value(s) found on probability table for nuclide Ar36 at 600K
 WARNING: Negative value(s) found on probability table for nuclide Ar36 at 900K
 WARNING: Negative value(s) found on probability table for nuclide Ar36 at 1200K
 WARNING: Negative value(s) found on probability table for nuclide Ar36 at 2500K
 Reading Ar38 from /home/diogo/openmc_data/endfb-vii.1-hdf5/neutron/Ar38.h5
 Reading Ar40 from /home/diogo/openmc_data/endfb-vii.1-hdf5/neutron/Ar40.h5
 Reading K39 from /home/diogo/openmc_data/endfb-vii.1-hdf5/neutron/K39.h5
 Reading K40 from /home/diogo/openmc_data/endfb-vii.1-hdf5/neutron/K40.h5
 Reading K41 from /home/diogo/openmc_data/endfb-vii.1-hdf5/neutron/K41.h5
 Reading Ca40 from /home/diogo/openmc_data/endfb-vii.1-hdf5/neutron/Ca40.h5
 Reading Ca42 from /home/diogo/openmc_data/endfb-vii.1-hdf5/neutron/Ca42.h5
 Reading Ca43 from /home/diogo/openmc_data/endfb-vii.1-hdf5/neutron/Ca43.h5
 Reading Ca44 from /home/diogo/openmc_data/endfb-vii.1-hdf5/neutron/Ca44.h5
 Reading Ca46 from /home/diogo/openmc_data/endfb-vii.1-hdf5/neutron/Ca46.h5
 Reading Sc45 from /home/diogo/openmc_data/endfb-vii.1-hdf5/neutron/Sc45.h5
 Reading Ti46 from /home/diogo/openmc_data/endfb-vii.1-hdf5/neutron/Ti46.h5
 Reading Ti47 from /home/diogo/openmc_data/endfb-vii.1-hdf5/neutron/Ti47.h5
 Reading Ti48 from /home/diogo/openmc_data/endfb-vii.1-hdf5/neutron/Ti48.h5
 Reading Ti49 from /home/diogo/openmc_data/endfb-vii.1-hdf5/neutron/Ti49.h5
 Reading Ti50 from /home/diogo/openmc_data/endfb-vii.1-hdf5/neutron/Ti50.h5
 Reading V50 from /home/diogo/openmc_data/endfb-vii.1-hdf5/neutron/V50.h5
 Reading V51 from /home/diogo/openmc_data/endfb-vii.1-hdf5/neutron/V51.h5
 Reading Mn55 from /home/diogo/openmc_data/endfb-vii.1-hdf5/neutron/Mn55.h5
 Reading Co58 from /home/diogo/openmc_data/endfb-vii.1-hdf5/neutron/Co58.h5
 Reading Co59 from /home/diogo/openmc_data/endfb-vii.1-hdf5/neutron/Co59.h5
 Reading Ni58 from /home/diogo/openmc_data/endfb-vii.1-hdf5/neutron/Ni58.h5
 Reading Ni59 from /home/diogo/openmc_data/endfb-vii.1-hdf5/neutron/Ni59.h5
 Reading Ni60 from /home/diogo/openmc_data/endfb-vii.1-hdf5/neutron/Ni60.h5
 Reading Ni61 from /home/diogo/openmc_data/endfb-vii.1-hdf5/neutron/Ni61.h5
 Reading Ni62 from /home/diogo/openmc_data/endfb-vii.1-hdf5/neutron/Ni62.h5
 Reading Ni64 from /home/diogo/openmc_data/endfb-vii.1-hdf5/neutron/Ni64.h5
 Reading Cu63 from /home/diogo/openmc_data/endfb-vii.1-hdf5/neutron/Cu63.h5
 Reading Cu65 from /home/diogo/openmc_data/endfb-vii.1-hdf5/neutron/Cu65.h5
 Reading Zn64 from /home/diogo/openmc_data/endfb-vii.1-hdf5/neutron/Zn64.h5
 Reading Zn65 from /home/diogo/openmc_data/endfb-vii.1-hdf5/neutron/Zn65.h5
 Reading Zn66 from /home/diogo/openmc_data/endfb-vii.1-hdf5/neutron/Zn66.h5
 Reading Zn67 from /home/diogo/openmc_data/endfb-vii.1-hdf5/neutron/Zn67.h5
 Reading Zn68 from /home/diogo/openmc_data/endfb-vii.1-hdf5/neutron/Zn68.h5
 Reading Zn70 from /home/diogo/openmc_data/endfb-vii.1-hdf5/neutron/Zn70.h5
 Reading Ga69 from /home/diogo/openmc_data/endfb-vii.1-hdf5/neutron/Ga69.h5
 Reading Ga71 from /home/diogo/openmc_data/endfb-vii.1-hdf5/neutron/Ga71.h5
 Reading Ge70 from /home/diogo/openmc_data/endfb-vii.1-hdf5/neutron/Ge70.h5
 Reading Ge72 from /home/diogo/openmc_data/endfb-vii.1-hdf5/neutron/Ge72.h5
 Reading Ge73 from /home/diogo/openmc_data/endfb-vii.1-hdf5/neutron/Ge73.h5
 Reading Ge74 from /home/diogo/openmc_data/endfb-vii.1-hdf5/neutron/Ge74.h5
 Reading Ge76 from /home/diogo/openmc_data/endfb-vii.1-hdf5/neutron/Ge76.h5
 Reading As74 from /home/diogo/openmc_data/endfb-vii.1-hdf5/neutron/As74.h5
 Reading As75 from /home/diogo/openmc_data/endfb-vii.1-hdf5/neutron/As75.h5
 Reading Se74 from /home/diogo/openmc_data/endfb-vii.1-hdf5/neutron/Se74.h5
 Reading Se76 from /home/diogo/openmc_data/endfb-vii.1-hdf5/neutron/Se76.h5
 Reading Se77 from /home/diogo/openmc_data/endfb-vii.1-hdf5/neutron/Se77.h5
 Reading Se78 from /home/diogo/openmc_data/endfb-vii.1-hdf5/neutron/Se78.h5
 Reading Se79 from /home/diogo/openmc_data/endfb-vii.1-hdf5/neutron/Se79.h5
 WARNING: Negative value(s) found on probability table for nuclide Se79 at 250K
 WARNING: Negative value(s) found on probability table for nuclide Se79 at 294K
 WARNING: Negative value(s) found on probability table for nuclide Se79 at 600K
 WARNING: Negative value(s) found on probability table for nuclide Se79 at 900K
 WARNING: Negative value(s) found on probability table for nuclide Se79 at 1200K
 Reading Se80 from /home/diogo/openmc_data/endfb-vii.1-hdf5/neutron/Se80.h5
 Reading Se82 from /home/diogo/openmc_data/endfb-vii.1-hdf5/neutron/Se82.h5
 Reading Br79 from /home/diogo/openmc_data/endfb-vii.1-hdf5/neutron/Br79.h5
 Reading Br81 from /home/diogo/openmc_data/endfb-vii.1-hdf5/neutron/Br81.h5
 Reading Kr78 from /home/diogo/openmc_data/endfb-vii.1-hdf5/neutron/Kr78.h5
 Reading Kr80 from /home/diogo/openmc_data/endfb-vii.1-hdf5/neutron/Kr80.h5
 Reading Kr82 from /home/diogo/openmc_data/endfb-vii.1-hdf5/neutron/Kr82.h5
 Reading Kr83 from /home/diogo/openmc_data/endfb-vii.1-hdf5/neutron/Kr83.h5
 Reading Kr84 from /home/diogo/openmc_data/endfb-vii.1-hdf5/neutron/Kr84.h5
 Reading Kr85 from /home/diogo/openmc_data/endfb-vii.1-hdf5/neutron/Kr85.h5
 Reading Kr86 from /home/diogo/openmc_data/endfb-vii.1-hdf5/neutron/Kr86.h5
 Reading Rb85 from /home/diogo/openmc_data/endfb-vii.1-hdf5/neutron/Rb85.h5
 Reading Rb86 from /home/diogo/openmc_data/endfb-vii.1-hdf5/neutron/Rb86.h5
 Reading Rb87 from /home/diogo/openmc_data/endfb-vii.1-hdf5/neutron/Rb87.h5
 Reading Sr84 from /home/diogo/openmc_data/endfb-vii.1-hdf5/neutron/Sr84.h5
 Reading Sr86 from /home/diogo/openmc_data/endfb-vii.1-hdf5/neutron/Sr86.h5
 Reading Sr87 from /home/diogo/openmc_data/endfb-vii.1-hdf5/neutron/Sr87.h5
 Reading Sr88 from /home/diogo/openmc_data/endfb-vii.1-hdf5/neutron/Sr88.h5
 Reading Sr89 from /home/diogo/openmc_data/endfb-vii.1-hdf5/neutron/Sr89.h5
 Reading Sr90 from /home/diogo/openmc_data/endfb-vii.1-hdf5/neutron/Sr90.h5
 Reading Y89 from /home/diogo/openmc_data/endfb-vii.1-hdf5/neutron/Y89.h5
 Reading Y90 from /home/diogo/openmc_data/endfb-vii.1-hdf5/neutron/Y90.h5
 Reading Y91 from /home/diogo/openmc_data/endfb-vii.1-hdf5/neutron/Y91.h5
 Reading Zr93 from /home/diogo/openmc_data/endfb-vii.1-hdf5/neutron/Zr93.h5
 Reading Zr95 from /home/diogo/openmc_data/endfb-vii.1-hdf5/neutron/Zr95.h5
 Reading Nb93 from /home/diogo/openmc_data/endfb-vii.1-hdf5/neutron/Nb93.h5
 Reading Nb94 from /home/diogo/openmc_data/endfb-vii.1-hdf5/neutron/Nb94.h5
 WARNING: Negative value(s) found on probability table for nuclide Nb94 at 250K
 WARNING: Negative value(s) found on probability table for nuclide Nb94 at 294K
 WARNING: Negative value(s) found on probability table for nuclide Nb94 at 600K
 WARNING: Negative value(s) found on probability table for nuclide Nb94 at 900K
 WARNING: Negative value(s) found on probability table for nuclide Nb94 at 1200K
 WARNING: Negative value(s) found on probability table for nuclide Nb94 at 2500K
 Reading Nb95 from /home/diogo/openmc_data/endfb-vii.1-hdf5/neutron/Nb95.h5
 WARNING: Negative value(s) found on probability table for nuclide Nb95 at 250K
 WARNING: Negative value(s) found on probability table for nuclide Nb95 at 294K
 WARNING: Negative value(s) found on probability table for nuclide Nb95 at 600K
 WARNING: Negative value(s) found on probability table for nuclide Nb95 at 900K
 WARNING: Negative value(s) found on probability table for nuclide Nb95 at 1200K
 Reading Mo92 from /home/diogo/openmc_data/endfb-vii.1-hdf5/neutron/Mo92.h5
 Reading Mo94 from /home/diogo/openmc_data/endfb-vii.1-hdf5/neutron/Mo94.h5
 Reading Mo95 from /home/diogo/openmc_data/endfb-vii.1-hdf5/neutron/Mo95.h5
 Reading Mo96 from /home/diogo/openmc_data/endfb-vii.1-hdf5/neutron/Mo96.h5
 Reading Mo97 from /home/diogo/openmc_data/endfb-vii.1-hdf5/neutron/Mo97.h5
 Reading Mo98 from /home/diogo/openmc_data/endfb-vii.1-hdf5/neutron/Mo98.h5
 Reading Mo99 from /home/diogo/openmc_data/endfb-vii.1-hdf5/neutron/Mo99.h5
 WARNING: Negative value(s) found on probability table for nuclide Mo99 at 250K
 WARNING: Negative value(s) found on probability table for nuclide Mo99 at 294K
 WARNING: Negative value(s) found on probability table for nuclide Mo99 at 600K
 WARNING: Negative value(s) found on probability table for nuclide Mo99 at 900K
 WARNING: Negative value(s) found on probability table for nuclide Mo99 at 1200K
 WARNING: Negative value(s) found on probability table for nuclide Mo99 at 2500K
 Reading Mo100 from /home/diogo/openmc_data/endfb-vii.1-hdf5/neutron/Mo100.h5
 Reading Tc99 from /home/diogo/openmc_data/endfb-vii.1-hdf5/neutron/Tc99.h5
 Reading Ru98 from /home/diogo/openmc_data/endfb-vii.1-hdf5/neutron/Ru98.h5
 Reading Ru99 from /home/diogo/openmc_data/endfb-vii.1-hdf5/neutron/Ru99.h5
 Reading Ru100 from /home/diogo/openmc_data/endfb-vii.1-hdf5/neutron/Ru100.h5
 Reading Ru101 from /home/diogo/openmc_data/endfb-vii.1-hdf5/neutron/Ru101.h5
 Reading Ru102 from /home/diogo/openmc_data/endfb-vii.1-hdf5/neutron/Ru102.h5
 Reading Ru103 from /home/diogo/openmc_data/endfb-vii.1-hdf5/neutron/Ru103.h5
 Reading Ru104 from /home/diogo/openmc_data/endfb-vii.1-hdf5/neutron/Ru104.h5
 Reading Ru105 from /home/diogo/openmc_data/endfb-vii.1-hdf5/neutron/Ru105.h5
 Reading Ru106 from /home/diogo/openmc_data/endfb-vii.1-hdf5/neutron/Ru106.h5
 Reading Rh103 from /home/diogo/openmc_data/endfb-vii.1-hdf5/neutron/Rh103.h5
 Reading Rh105 from /home/diogo/openmc_data/endfb-vii.1-hdf5/neutron/Rh105.h5
 Reading Pd102 from /home/diogo/openmc_data/endfb-vii.1-hdf5/neutron/Pd102.h5
 Reading Pd104 from /home/diogo/openmc_data/endfb-vii.1-hdf5/neutron/Pd104.h5
 Reading Pd105 from /home/diogo/openmc_data/endfb-vii.1-hdf5/neutron/Pd105.h5
 Reading Pd106 from /home/diogo/openmc_data/endfb-vii.1-hdf5/neutron/Pd106.h5
 Reading Pd107 from /home/diogo/openmc_data/endfb-vii.1-hdf5/neutron/Pd107.h5
 Reading Pd108 from /home/diogo/openmc_data/endfb-vii.1-hdf5/neutron/Pd108.h5
 Reading Pd110 from /home/diogo/openmc_data/endfb-vii.1-hdf5/neutron/Pd110.h5
 Reading Ag107 from /home/diogo/openmc_data/endfb-vii.1-hdf5/neutron/Ag107.h5
 Reading Ag109 from /home/diogo/openmc_data/endfb-vii.1-hdf5/neutron/Ag109.h5
 Reading Ag110_m1 from
 /home/diogo/openmc_data/endfb-vii.1-hdf5/neutron/Ag110_m1.h5
 Reading Ag111 from /home/diogo/openmc_data/endfb-vii.1-hdf5/neutron/Ag111.h5
 Reading Cd106 from /home/diogo/openmc_data/endfb-vii.1-hdf5/neutron/Cd106.h5
 WARNING: Negative value(s) found on probability table for nuclide Cd106 at 250K
 WARNING: Negative value(s) found on probability table for nuclide Cd106 at 294K
 WARNING: Negative value(s) found on probability table for nuclide Cd106 at 600K
 WARNING: Negative value(s) found on probability table for nuclide Cd106 at 900K
 WARNING: Negative value(s) found on probability table for nuclide Cd106 at
          1200K
 WARNING: Negative value(s) found on probability table for nuclide Cd106 at
          2500K
 Reading Cd108 from /home/diogo/openmc_data/endfb-vii.1-hdf5/neutron/Cd108.h5
 Reading Cd110 from /home/diogo/openmc_data/endfb-vii.1-hdf5/neutron/Cd110.h5
 Reading Cd111 from /home/diogo/openmc_data/endfb-vii.1-hdf5/neutron/Cd111.h5
 Reading Cd112 from /home/diogo/openmc_data/endfb-vii.1-hdf5/neutron/Cd112.h5
 Reading Cd113 from /home/diogo/openmc_data/endfb-vii.1-hdf5/neutron/Cd113.h5
 Reading Cd114 from /home/diogo/openmc_data/endfb-vii.1-hdf5/neutron/Cd114.h5
 Reading Cd115_m1 from
 /home/diogo/openmc_data/endfb-vii.1-hdf5/neutron/Cd115_m1.h5
 Reading Cd116 from /home/diogo/openmc_data/endfb-vii.1-hdf5/neutron/Cd116.h5
 Reading In113 from /home/diogo/openmc_data/endfb-vii.1-hdf5/neutron/In113.h5
 Reading In115 from /home/diogo/openmc_data/endfb-vii.1-hdf5/neutron/In115.h5
 Reading Sn113 from /home/diogo/openmc_data/endfb-vii.1-hdf5/neutron/Sn113.h5
 Reading Sn123 from /home/diogo/openmc_data/endfb-vii.1-hdf5/neutron/Sn123.h5
 WARNING: Negative value(s) found on probability table for nuclide Sn123 at 250K
 WARNING: Negative value(s) found on probability table for nuclide Sn123 at 294K
 WARNING: Negative value(s) found on probability table for nuclide Sn123 at 600K
 WARNING: Negative value(s) found on probability table for nuclide Sn123 at 900K
 WARNING: Negative value(s) found on probability table for nuclide Sn123 at
          1200K
 WARNING: Negative value(s) found on probability table for nuclide Sn123 at
          2500K
 Reading Sn125 from /home/diogo/openmc_data/endfb-vii.1-hdf5/neutron/Sn125.h5
 Reading Sn126 from /home/diogo/openmc_data/endfb-vii.1-hdf5/neutron/Sn126.h5
 Reading Sb121 from /home/diogo/openmc_data/endfb-vii.1-hdf5/neutron/Sb121.h5
 Reading Sb123 from /home/diogo/openmc_data/endfb-vii.1-hdf5/neutron/Sb123.h5
 Reading Sb124 from /home/diogo/openmc_data/endfb-vii.1-hdf5/neutron/Sb124.h5
 Reading Sb125 from /home/diogo/openmc_data/endfb-vii.1-hdf5/neutron/Sb125.h5
 Reading Sb126 from /home/diogo/openmc_data/endfb-vii.1-hdf5/neutron/Sb126.h5
 Reading Te120 from /home/diogo/openmc_data/endfb-vii.1-hdf5/neutron/Te120.h5
 WARNING: Negative value(s) found on probability table for nuclide Te120 at 600K
 WARNING: Negative value(s) found on probability table for nuclide Te120 at 900K
 WARNING: Negative value(s) found on probability table for nuclide Te120 at
          1200K
 WARNING: Negative value(s) found on probability table for nuclide Te120 at
          2500K
 Reading Te122 from /home/diogo/openmc_data/endfb-vii.1-hdf5/neutron/Te122.h5
 Reading Te123 from /home/diogo/openmc_data/endfb-vii.1-hdf5/neutron/Te123.h5
 Reading Te124 from /home/diogo/openmc_data/endfb-vii.1-hdf5/neutron/Te124.h5
 Reading Te125 from /home/diogo/openmc_data/endfb-vii.1-hdf5/neutron/Te125.h5
 Reading Te126 from /home/diogo/openmc_data/endfb-vii.1-hdf5/neutron/Te126.h5
 Reading Te127_m1 from
 /home/diogo/openmc_data/endfb-vii.1-hdf5/neutron/Te127_m1.h5
 Reading Te128 from /home/diogo/openmc_data/endfb-vii.1-hdf5/neutron/Te128.h5
 Reading Te129_m1 from
 /home/diogo/openmc_data/endfb-vii.1-hdf5/neutron/Te129_m1.h5
 Reading Te130 from /home/diogo/openmc_data/endfb-vii.1-hdf5/neutron/Te130.h5
 Reading Te132 from /home/diogo/openmc_data/endfb-vii.1-hdf5/neutron/Te132.h5
 Reading I127 from /home/diogo/openmc_data/endfb-vii.1-hdf5/neutron/I127.h5
 Reading I129 from /home/diogo/openmc_data/endfb-vii.1-hdf5/neutron/I129.h5
 Reading I130 from /home/diogo/openmc_data/endfb-vii.1-hdf5/neutron/I130.h5
 Reading I131 from /home/diogo/openmc_data/endfb-vii.1-hdf5/neutron/I131.h5
 WARNING: Negative value(s) found on probability table for nuclide I131 at 250K
 WARNING: Negative value(s) found on probability table for nuclide I131 at 294K
 WARNING: Negative value(s) found on probability table for nuclide I131 at 600K
 WARNING: Negative value(s) found on probability table for nuclide I131 at 900K
 WARNING: Negative value(s) found on probability table for nuclide I131 at 1200K
 WARNING: Negative value(s) found on probability table for nuclide I131 at 2500K
 Reading I135 from /home/diogo/openmc_data/endfb-vii.1-hdf5/neutron/I135.h5
 Reading Xe126 from /home/diogo/openmc_data/endfb-vii.1-hdf5/neutron/Xe126.h5
 Reading Xe128 from /home/diogo/openmc_data/endfb-vii.1-hdf5/neutron/Xe128.h5
 Reading Xe129 from /home/diogo/openmc_data/endfb-vii.1-hdf5/neutron/Xe129.h5
 Reading Xe130 from /home/diogo/openmc_data/endfb-vii.1-hdf5/neutron/Xe130.h5
 Reading Xe131 from /home/diogo/openmc_data/endfb-vii.1-hdf5/neutron/Xe131.h5
 Reading Xe132 from /home/diogo/openmc_data/endfb-vii.1-hdf5/neutron/Xe132.h5
 Reading Xe133 from /home/diogo/openmc_data/endfb-vii.1-hdf5/neutron/Xe133.h5
 WARNING: Negative value(s) found on probability table for nuclide Xe133 at
          2500K
 Reading Xe134 from /home/diogo/openmc_data/endfb-vii.1-hdf5/neutron/Xe134.h5
 Reading Xe135 from /home/diogo/openmc_data/endfb-vii.1-hdf5/neutron/Xe135.h5
 Reading Xe136 from /home/diogo/openmc_data/endfb-vii.1-hdf5/neutron/Xe136.h5
 Reading Cs133 from /home/diogo/openmc_data/endfb-vii.1-hdf5/neutron/Cs133.h5
 Reading Cs134 from /home/diogo/openmc_data/endfb-vii.1-hdf5/neutron/Cs134.h5
 Reading Cs135 from /home/diogo/openmc_data/endfb-vii.1-hdf5/neutron/Cs135.h5
 Reading Cs136 from /home/diogo/openmc_data/endfb-vii.1-hdf5/neutron/Cs136.h5
 WARNING: Negative value(s) found on probability table for nuclide Cs136 at 250K
 WARNING: Negative value(s) found on probability table for nuclide Cs136 at 294K
 WARNING: Negative value(s) found on probability table for nuclide Cs136 at 600K
 WARNING: Negative value(s) found on probability table for nuclide Cs136 at 900K
 WARNING: Negative value(s) found on probability table for nuclide Cs136 at
          1200K
 WARNING: Negative value(s) found on probability table for nuclide Cs136 at
          2500K
 Reading Cs137 from /home/diogo/openmc_data/endfb-vii.1-hdf5/neutron/Cs137.h5
 Reading Ba132 from /home/diogo/openmc_data/endfb-vii.1-hdf5/neutron/Ba132.h5
 Reading Ba133 from /home/diogo/openmc_data/endfb-vii.1-hdf5/neutron/Ba133.h5
 Reading Ba134 from /home/diogo/openmc_data/endfb-vii.1-hdf5/neutron/Ba134.h5
 Reading Ba135 from /home/diogo/openmc_data/endfb-vii.1-hdf5/neutron/Ba135.h5
 Reading Ba136 from /home/diogo/openmc_data/endfb-vii.1-hdf5/neutron/Ba136.h5
 Reading Ba137 from /home/diogo/openmc_data/endfb-vii.1-hdf5/neutron/Ba137.h5
 Reading Ba138 from /home/diogo/openmc_data/endfb-vii.1-hdf5/neutron/Ba138.h5
 Reading Ba140 from /home/diogo/openmc_data/endfb-vii.1-hdf5/neutron/Ba140.h5
 Reading La138 from /home/diogo/openmc_data/endfb-vii.1-hdf5/neutron/La138.h5
 Reading La139 from /home/diogo/openmc_data/endfb-vii.1-hdf5/neutron/La139.h5
 Reading La140 from /home/diogo/openmc_data/endfb-vii.1-hdf5/neutron/La140.h5
 Reading Ce138 from /home/diogo/openmc_data/endfb-vii.1-hdf5/neutron/Ce138.h5
 Reading Ce139 from /home/diogo/openmc_data/endfb-vii.1-hdf5/neutron/Ce139.h5
 Reading Ce140 from /home/diogo/openmc_data/endfb-vii.1-hdf5/neutron/Ce140.h5
 Reading Ce141 from /home/diogo/openmc_data/endfb-vii.1-hdf5/neutron/Ce141.h5
 Reading Ce142 from /home/diogo/openmc_data/endfb-vii.1-hdf5/neutron/Ce142.h5
 Reading Ce143 from /home/diogo/openmc_data/endfb-vii.1-hdf5/neutron/Ce143.h5
 Reading Ce144 from /home/diogo/openmc_data/endfb-vii.1-hdf5/neutron/Ce144.h5
 Reading Pr141 from /home/diogo/openmc_data/endfb-vii.1-hdf5/neutron/Pr141.h5
 Reading Pr142 from /home/diogo/openmc_data/endfb-vii.1-hdf5/neutron/Pr142.h5
 Reading Pr143 from /home/diogo/openmc_data/endfb-vii.1-hdf5/neutron/Pr143.h5
 Reading Nd142 from /home/diogo/openmc_data/endfb-vii.1-hdf5/neutron/Nd142.h5
 Reading Nd143 from /home/diogo/openmc_data/endfb-vii.1-hdf5/neutron/Nd143.h5
 Reading Nd144 from /home/diogo/openmc_data/endfb-vii.1-hdf5/neutron/Nd144.h5
 Reading Nd145 from /home/diogo/openmc_data/endfb-vii.1-hdf5/neutron/Nd145.h5
 Reading Nd146 from /home/diogo/openmc_data/endfb-vii.1-hdf5/neutron/Nd146.h5
 Reading Nd147 from /home/diogo/openmc_data/endfb-vii.1-hdf5/neutron/Nd147.h5
 Reading Nd148 from /home/diogo/openmc_data/endfb-vii.1-hdf5/neutron/Nd148.h5
 Reading Nd150 from /home/diogo/openmc_data/endfb-vii.1-hdf5/neutron/Nd150.h5
 Reading Pm147 from /home/diogo/openmc_data/endfb-vii.1-hdf5/neutron/Pm147.h5
 Reading Pm148 from /home/diogo/openmc_data/endfb-vii.1-hdf5/neutron/Pm148.h5
 Reading Pm148_m1 from
 /home/diogo/openmc_data/endfb-vii.1-hdf5/neutron/Pm148_m1.h5
 Reading Pm149 from /home/diogo/openmc_data/endfb-vii.1-hdf5/neutron/Pm149.h5
 Reading Pm151 from /home/diogo/openmc_data/endfb-vii.1-hdf5/neutron/Pm151.h5
 Reading Sm144 from /home/diogo/openmc_data/endfb-vii.1-hdf5/neutron/Sm144.h5
 Reading Sm147 from /home/diogo/openmc_data/endfb-vii.1-hdf5/neutron/Sm147.h5
 Reading Sm148 from /home/diogo/openmc_data/endfb-vii.1-hdf5/neutron/Sm148.h5
 Reading Sm149 from /home/diogo/openmc_data/endfb-vii.1-hdf5/neutron/Sm149.h5
 Reading Sm150 from /home/diogo/openmc_data/endfb-vii.1-hdf5/neutron/Sm150.h5
 Reading Sm151 from /home/diogo/openmc_data/endfb-vii.1-hdf5/neutron/Sm151.h5
 Reading Sm152 from /home/diogo/openmc_data/endfb-vii.1-hdf5/neutron/Sm152.h5
 Reading Sm153 from /home/diogo/openmc_data/endfb-vii.1-hdf5/neutron/Sm153.h5
 Reading Sm154 from /home/diogo/openmc_data/endfb-vii.1-hdf5/neutron/Sm154.h5
 Reading Eu151 from /home/diogo/openmc_data/endfb-vii.1-hdf5/neutron/Eu151.h5
 Reading Eu152 from /home/diogo/openmc_data/endfb-vii.1-hdf5/neutron/Eu152.h5
 Reading Eu153 from /home/diogo/openmc_data/endfb-vii.1-hdf5/neutron/Eu153.h5
 Reading Eu154 from /home/diogo/openmc_data/endfb-vii.1-hdf5/neutron/Eu154.h5
 Reading Eu155 from /home/diogo/openmc_data/endfb-vii.1-hdf5/neutron/Eu155.h5
 Reading Eu156 from /home/diogo/openmc_data/endfb-vii.1-hdf5/neutron/Eu156.h5
 WARNING: Negative value(s) found on probability table for nuclide Eu156 at 250K
 WARNING: Negative value(s) found on probability table for nuclide Eu156 at 294K
 WARNING: Negative value(s) found on probability table for nuclide Eu156 at 600K
 WARNING: Negative value(s) found on probability table for nuclide Eu156 at 900K
 WARNING: Negative value(s) found on probability table for nuclide Eu156 at
          1200K
 WARNING: Negative value(s) found on probability table for nuclide Eu156 at
          2500K
 Reading Eu157 from /home/diogo/openmc_data/endfb-vii.1-hdf5/neutron/Eu157.h5
 Reading Gd153 from /home/diogo/openmc_data/endfb-vii.1-hdf5/neutron/Gd153.h5
 Reading Tb159 from /home/diogo/openmc_data/endfb-vii.1-hdf5/neutron/Tb159.h5
 Reading Tb160 from /home/diogo/openmc_data/endfb-vii.1-hdf5/neutron/Tb160.h5
 Reading Dy156 from /home/diogo/openmc_data/endfb-vii.1-hdf5/neutron/Dy156.h5
 Reading Dy158 from /home/diogo/openmc_data/endfb-vii.1-hdf5/neutron/Dy158.h5
 Reading Dy160 from /home/diogo/openmc_data/endfb-vii.1-hdf5/neutron/Dy160.h5
 Reading Dy161 from /home/diogo/openmc_data/endfb-vii.1-hdf5/neutron/Dy161.h5
 Reading Dy162 from /home/diogo/openmc_data/endfb-vii.1-hdf5/neutron/Dy162.h5
 Reading Dy163 from /home/diogo/openmc_data/endfb-vii.1-hdf5/neutron/Dy163.h5
 Reading Dy164 from /home/diogo/openmc_data/endfb-vii.1-hdf5/neutron/Dy164.h5
 Reading Ho165 from /home/diogo/openmc_data/endfb-vii.1-hdf5/neutron/Ho165.h5
 Reading Ho166_m1 from
 /home/diogo/openmc_data/endfb-vii.1-hdf5/neutron/Ho166_m1.h5
 Reading Er162 from /home/diogo/openmc_data/endfb-vii.1-hdf5/neutron/Er162.h5
 Reading Er164 from /home/diogo/openmc_data/endfb-vii.1-hdf5/neutron/Er164.h5
 Reading Er166 from /home/diogo/openmc_data/endfb-vii.1-hdf5/neutron/Er166.h5
 Reading Er167 from /home/diogo/openmc_data/endfb-vii.1-hdf5/neutron/Er167.h5
 Reading Er168 from /home/diogo/openmc_data/endfb-vii.1-hdf5/neutron/Er168.h5
 Reading Er170 from /home/diogo/openmc_data/endfb-vii.1-hdf5/neutron/Er170.h5
 Reading Tm168 from /home/diogo/openmc_data/endfb-vii.1-hdf5/neutron/Tm168.h5
 Reading Tm169 from /home/diogo/openmc_data/endfb-vii.1-hdf5/neutron/Tm169.h5
 Reading Tm170 from /home/diogo/openmc_data/endfb-vii.1-hdf5/neutron/Tm170.h5
 Reading Ir193 from /home/diogo/openmc_data/endfb-vii.1-hdf5/neutron/Ir193.h5
 Reading Au197 from /home/diogo/openmc_data/endfb-vii.1-hdf5/neutron/Au197.h5
 Reading Hg196 from /home/diogo/openmc_data/endfb-vii.1-hdf5/neutron/Hg196.h5
 Reading Hg198 from /home/diogo/openmc_data/endfb-vii.1-hdf5/neutron/Hg198.h5
 Reading Hg199 from /home/diogo/openmc_data/endfb-vii.1-hdf5/neutron/Hg199.h5
 Reading Hg200 from /home/diogo/openmc_data/endfb-vii.1-hdf5/neutron/Hg200.h5
 Reading Hg201 from /home/diogo/openmc_data/endfb-vii.1-hdf5/neutron/Hg201.h5
 Reading Hg202 from /home/diogo/openmc_data/endfb-vii.1-hdf5/neutron/Hg202.h5
 Reading Hg204 from /home/diogo/openmc_data/endfb-vii.1-hdf5/neutron/Hg204.h5
 Reading Tl203 from /home/diogo/openmc_data/endfb-vii.1-hdf5/neutron/Tl203.h5
 Reading Tl205 from /home/diogo/openmc_data/endfb-vii.1-hdf5/neutron/Tl205.h5
 Reading Pb204 from /home/diogo/openmc_data/endfb-vii.1-hdf5/neutron/Pb204.h5
 Reading Pb206 from /home/diogo/openmc_data/endfb-vii.1-hdf5/neutron/Pb206.h5
 Reading Pb207 from /home/diogo/openmc_data/endfb-vii.1-hdf5/neutron/Pb207.h5
 Reading Pb208 from /home/diogo/openmc_data/endfb-vii.1-hdf5/neutron/Pb208.h5
 Reading Bi209 from /home/diogo/openmc_data/endfb-vii.1-hdf5/neutron/Bi209.h5
 Reading Ra223 from /home/diogo/openmc_data/endfb-vii.1-hdf5/neutron/Ra223.h5
 Reading Ra224 from /home/diogo/openmc_data/endfb-vii.1-hdf5/neutron/Ra224.h5
 Reading Ra225 from /home/diogo/openmc_data/endfb-vii.1-hdf5/neutron/Ra225.h5
 Reading Ra226 from /home/diogo/openmc_data/endfb-vii.1-hdf5/neutron/Ra226.h5
 Reading Ac225 from /home/diogo/openmc_data/endfb-vii.1-hdf5/neutron/Ac225.h5
 Reading Ac226 from /home/diogo/openmc_data/endfb-vii.1-hdf5/neutron/Ac226.h5
 Reading Ac227 from /home/diogo/openmc_data/endfb-vii.1-hdf5/neutron/Ac227.h5
 Reading Th227 from /home/diogo/openmc_data/endfb-vii.1-hdf5/neutron/Th227.h5
 Reading Th228 from /home/diogo/openmc_data/endfb-vii.1-hdf5/neutron/Th228.h5
 Reading Th229 from /home/diogo/openmc_data/endfb-vii.1-hdf5/neutron/Th229.h5
 Reading Th230 from /home/diogo/openmc_data/endfb-vii.1-hdf5/neutron/Th230.h5
 Reading Th231 from /home/diogo/openmc_data/endfb-vii.1-hdf5/neutron/Th231.h5
 Reading Th232 from /home/diogo/openmc_data/endfb-vii.1-hdf5/neutron/Th232.h5
 Reading Th233 from /home/diogo/openmc_data/endfb-vii.1-hdf5/neutron/Th233.h5
 Reading Th234 from /home/diogo/openmc_data/endfb-vii.1-hdf5/neutron/Th234.h5
 Reading Pa229 from /home/diogo/openmc_data/endfb-vii.1-hdf5/neutron/Pa229.h5
 Reading Pa230 from /home/diogo/openmc_data/endfb-vii.1-hdf5/neutron/Pa230.h5
 Reading Pa231 from /home/diogo/openmc_data/endfb-vii.1-hdf5/neutron/Pa231.h5
 Reading Pa232 from /home/diogo/openmc_data/endfb-vii.1-hdf5/neutron/Pa232.h5
 Reading Pa233 from /home/diogo/openmc_data/endfb-vii.1-hdf5/neutron/Pa233.h5
 Reading U230 from /home/diogo/openmc_data/endfb-vii.1-hdf5/neutron/U230.h5
 Reading U231 from /home/diogo/openmc_data/endfb-vii.1-hdf5/neutron/U231.h5
 Reading U232 from /home/diogo/openmc_data/endfb-vii.1-hdf5/neutron/U232.h5
 Reading U233 from /home/diogo/openmc_data/endfb-vii.1-hdf5/neutron/U233.h5
 Reading U236 from /home/diogo/openmc_data/endfb-vii.1-hdf5/neutron/U236.h5
 Reading U237 from /home/diogo/openmc_data/endfb-vii.1-hdf5/neutron/U237.h5
 Reading U239 from /home/diogo/openmc_data/endfb-vii.1-hdf5/neutron/U239.h5
 Reading U240 from /home/diogo/openmc_data/endfb-vii.1-hdf5/neutron/U240.h5
 Reading U241 from /home/diogo/openmc_data/endfb-vii.1-hdf5/neutron/U241.h5
 Reading Np234 from /home/diogo/openmc_data/endfb-vii.1-hdf5/neutron/Np234.h5
 Reading Np235 from /home/diogo/openmc_data/endfb-vii.1-hdf5/neutron/Np235.h5
 Reading Np236 from /home/diogo/openmc_data/endfb-vii.1-hdf5/neutron/Np236.h5
 Reading Np237 from /home/diogo/openmc_data/endfb-vii.1-hdf5/neutron/Np237.h5
 Reading Np238 from /home/diogo/openmc_data/endfb-vii.1-hdf5/neutron/Np238.h5
 Reading Np239 from /home/diogo/openmc_data/endfb-vii.1-hdf5/neutron/Np239.h5
 Reading Pu236 from /home/diogo/openmc_data/endfb-vii.1-hdf5/neutron/Pu236.h5
 Reading Pu237 from /home/diogo/openmc_data/endfb-vii.1-hdf5/neutron/Pu237.h5
 Reading Pu238 from /home/diogo/openmc_data/endfb-vii.1-hdf5/neutron/Pu238.h5
 Reading Pu239 from /home/diogo/openmc_data/endfb-vii.1-hdf5/neutron/Pu239.h5
 Reading Pu240 from /home/diogo/openmc_data/endfb-vii.1-hdf5/neutron/Pu240.h5
 Reading Pu241 from /home/diogo/openmc_data/endfb-vii.1-hdf5/neutron/Pu241.h5
 Reading Pu242 from /home/diogo/openmc_data/endfb-vii.1-hdf5/neutron/Pu242.h5
 Reading Pu243 from /home/diogo/openmc_data/endfb-vii.1-hdf5/neutron/Pu243.h5
 Reading Pu244 from /home/diogo/openmc_data/endfb-vii.1-hdf5/neutron/Pu244.h5
 Reading Pu246 from /home/diogo/openmc_data/endfb-vii.1-hdf5/neutron/Pu246.h5
 Reading Am240 from /home/diogo/openmc_data/endfb-vii.1-hdf5/neutron/Am240.h5
 Reading Am241 from /home/diogo/openmc_data/endfb-vii.1-hdf5/neutron/Am241.h5
 Reading Am242 from /home/diogo/openmc_data/endfb-vii.1-hdf5/neutron/Am242.h5
 Reading Am242_m1 from
 /home/diogo/openmc_data/endfb-vii.1-hdf5/neutron/Am242_m1.h5
 Reading Am243 from /home/diogo/openmc_data/endfb-vii.1-hdf5/neutron/Am243.h5
 Reading Am244 from /home/diogo/openmc_data/endfb-vii.1-hdf5/neutron/Am244.h5
 Reading Am244_m1 from
 /home/diogo/openmc_data/endfb-vii.1-hdf5/neutron/Am244_m1.h5
 Reading Cm240 from /home/diogo/openmc_data/endfb-vii.1-hdf5/neutron/Cm240.h5
 Reading Cm241 from /home/diogo/openmc_data/endfb-vii.1-hdf5/neutron/Cm241.h5
 Reading Cm242 from /home/diogo/openmc_data/endfb-vii.1-hdf5/neutron/Cm242.h5
 Reading Cm243 from /home/diogo/openmc_data/endfb-vii.1-hdf5/neutron/Cm243.h5
 Reading Cm244 from /home/diogo/openmc_data/endfb-vii.1-hdf5/neutron/Cm244.h5
 Reading Cm245 from /home/diogo/openmc_data/endfb-vii.1-hdf5/neutron/Cm245.h5
 Reading Cm246 from /home/diogo/openmc_data/endfb-vii.1-hdf5/neutron/Cm246.h5
 Reading Cm247 from /home/diogo/openmc_data/endfb-vii.1-hdf5/neutron/Cm247.h5
 Reading Cm248 from /home/diogo/openmc_data/endfb-vii.1-hdf5/neutron/Cm248.h5
 Reading Cm249 from /home/diogo/openmc_data/endfb-vii.1-hdf5/neutron/Cm249.h5
 Reading Cm250 from /home/diogo/openmc_data/endfb-vii.1-hdf5/neutron/Cm250.h5
 Reading Bk245 from /home/diogo/openmc_data/endfb-vii.1-hdf5/neutron/Bk245.h5
 Reading Bk247 from /home/diogo/openmc_data/endfb-vii.1-hdf5/neutron/Bk247.h5
 Reading Bk249 from /home/diogo/openmc_data/endfb-vii.1-hdf5/neutron/Bk249.h5
 Reading Bk250 from /home/diogo/openmc_data/endfb-vii.1-hdf5/neutron/Bk250.h5
 Reading Cf250 from /home/diogo/openmc_data/endfb-vii.1-hdf5/neutron/Cf250.h5
 WARNING: Negative value(s) found on probability table for nuclide Cf250 at 250K
 WARNING: Negative value(s) found on probability table for nuclide Cf250 at 294K
 WARNING: Negative value(s) found on probability table for nuclide Cf250 at 900K
 WARNING: Negative value(s) found on probability table for nuclide Cf250 at
          1200K
 Reading Cf251 from /home/diogo/openmc_data/endfb-vii.1-hdf5/neutron/Cf251.h5
 Reading Cf252 from /home/diogo/openmc_data/endfb-vii.1-hdf5/neutron/Cf252.h5
 Reading Ir191 from /home/diogo/openmc_data/endfb-vii.1-hdf5/neutron/Ir191.h5
 Reading Bk246 from /home/diogo/openmc_data/endfb-vii.1-hdf5/neutron/Bk246.h5
 Reading Bk248 from /home/diogo/openmc_data/endfb-vii.1-hdf5/neutron/Bk248.h5
 Reading Cf248 from /home/diogo/openmc_data/endfb-vii.1-hdf5/neutron/Cf248.h5
 Reading Cf253 from /home/diogo/openmc_data/endfb-vii.1-hdf5/neutron/Cf253.h5
 Reading Cf254 from /home/diogo/openmc_data/endfb-vii.1-hdf5/neutron/Cf254.h5
 Reading Es251 from /home/diogo/openmc_data/endfb-vii.1-hdf5/neutron/Es251.h5
 Reading Es252 from /home/diogo/openmc_data/endfb-vii.1-hdf5/neutron/Es252.h5
 Reading Es253 from /home/diogo/openmc_data/endfb-vii.1-hdf5/neutron/Es253.h5
 Reading Es254 from /home/diogo/openmc_data/endfb-vii.1-hdf5/neutron/Es254.h5
 Reading Es254_m1 from
 /home/diogo/openmc_data/endfb-vii.1-hdf5/neutron/Es254_m1.h5
 Reading Es255 from /home/diogo/openmc_data/endfb-vii.1-hdf5/neutron/Es255.h5
 Reading Fm255 from /home/diogo/openmc_data/endfb-vii.1-hdf5/neutron/Fm255.h5
 Reading Cf249 from /home/diogo/openmc_data/endfb-vii.1-hdf5/neutron/Cf249.h5
 Reading Cf246 from /home/diogo/openmc_data/endfb-vii.1-hdf5/neutron/Cf246.h5
 Reading Be9 from /home/diogo/openmc_data/endfb-vii.1-hdf5/neutron/Be9.h5
 Reading Ca48 from /home/diogo/openmc_data/endfb-vii.1-hdf5/neutron/Ca48.h5
 Reading Co58_m1 from
 /home/diogo/openmc_data/endfb-vii.1-hdf5/neutron/Co58_m1.h5
 Reading Ru96 from /home/diogo/openmc_data/endfb-vii.1-hdf5/neutron/Ru96.h5
 Reading Xe123 from /home/diogo/openmc_data/endfb-vii.1-hdf5/neutron/Xe123.h5
 Reading Xe124 from /home/diogo/openmc_data/endfb-vii.1-hdf5/neutron/Xe124.h5
 Reading Ba130 from /home/diogo/openmc_data/endfb-vii.1-hdf5/neutron/Ba130.h5
 Reading Ce136 from /home/diogo/openmc_data/endfb-vii.1-hdf5/neutron/Ce136.h5
 Reading Lu175 from /home/diogo/openmc_data/endfb-vii.1-hdf5/neutron/Lu175.h5
 Reading Lu176 from /home/diogo/openmc_data/endfb-vii.1-hdf5/neutron/Lu176.h5
 Reading Hf174 from /home/diogo/openmc_data/endfb-vii.1-hdf5/neutron/Hf174.h5
 Reading Hf176 from /home/diogo/openmc_data/endfb-vii.1-hdf5/neutron/Hf176.h5
 Reading Hf177 from /home/diogo/openmc_data/endfb-vii.1-hdf5/neutron/Hf177.h5
 Reading Hf178 from /home/diogo/openmc_data/endfb-vii.1-hdf5/neutron/Hf178.h5
 Reading Hf179 from /home/diogo/openmc_data/endfb-vii.1-hdf5/neutron/Hf179.h5
 Reading Hf180 from /home/diogo/openmc_data/endfb-vii.1-hdf5/neutron/Hf180.h5
 Reading Ta180 from /home/diogo/openmc_data/endfb-vii.1-hdf5/neutron/Ta180.h5
 Reading Ta181 from /home/diogo/openmc_data/endfb-vii.1-hdf5/neutron/Ta181.h5
 Reading Ta182 from /home/diogo/openmc_data/endfb-vii.1-hdf5/neutron/Ta182.h5
 Reading W180 from /home/diogo/openmc_data/endfb-vii.1-hdf5/neutron/W180.h5
 Reading W182 from /home/diogo/openmc_data/endfb-vii.1-hdf5/neutron/W182.h5
 Reading W183 from /home/diogo/openmc_data/endfb-vii.1-hdf5/neutron/W183.h5
 Reading W184 from /home/diogo/openmc_data/endfb-vii.1-hdf5/neutron/W184.h5
 Reading W186 from /home/diogo/openmc_data/endfb-vii.1-hdf5/neutron/W186.h5
 Reading Re185 from /home/diogo/openmc_data/endfb-vii.1-hdf5/neutron/Re185.h5
 Reading Re187 from /home/diogo/openmc_data/endfb-vii.1-hdf5/neutron/Re187.h5
 Maximum neutron transport energy: 20000000 eV for H1
 Initializing source particles...

 ====================>     K EIGENVALUE SIMULATION     <====================

  Bat./Gen.      k       Entropy         Average k 
  =========   ========   ========   ====================
        1/1    1.11359    5.92977
        2/1    1.08330    5.92027
        3/1    1.09640    5.91828
        4/1    1.06978    5.90270
        5/1    1.14458    5.88867
        6/1    1.06705    5.89878
        7/1    1.05957    5.93239
        8/1    1.15693    5.91846
        9/1    1.08195    5.91827
       10/1    1.11675    5.91686
       11/1    1.19255    5.90120
       12/1    1.08883    5.90077    1.14069 +/- 0.05186
       13/1    1.04754    5.91039    1.10964 +/- 0.04314
       14/1    1.02843    5.90695    1.08933 +/- 0.03664
       15/1    1.07824    5.90903    1.08712 +/- 0.02847
       16/1    1.13959    5.91742    1.09586 +/- 0.02484
       17/1    1.09265    5.90132    1.09540 +/- 0.02099
       18/1    1.05959    5.91997    1.09093 +/- 0.01873
       19/1    1.09494    5.89226    1.09137 +/- 0.01652
       20/1    1.14072    5.90777    1.09631 +/- 0.01558
       21/1    1.08223    5.91051    1.09503 +/- 0.01415
       22/1    1.09428    5.84898    1.09496 +/- 0.01292
       23/1    1.12639    5.90385    1.09738 +/- 0.01212
       24/1    1.09025    5.91544    1.09687 +/- 0.01124
       25/1    1.09984    5.90817    1.09707 +/- 0.01046
       26/1    1.08858    5.88593    1.09654 +/- 0.00980
       27/1    1.11428    5.91772    1.09758 +/- 0.00927
       28/1    1.14250    5.89284    1.10008 +/- 0.00909
       29/1    1.07996    5.90075    1.09902 +/- 0.00866
       30/1    1.11037    5.91833    1.09959 +/- 0.00823
 Creating state point statepoint.30.h5...

 =======================>     TIMING STATISTICS     <=======================

 Total time for initialization     = 5.9125e+00 seconds
   Reading cross sections          = 5.1190e+00 seconds
 Total time in simulation          = 8.3635e+01 seconds
   Time in transport only          = 8.3621e+01 seconds
   Time in inactive batches        = 2.2855e+01 seconds
   Time in active batches          = 6.0780e+01 seconds
   Time synchronizing fission bank = 1.6744e-03 seconds
     Sampling source sites         = 1.3445e-03 seconds
     SEND/RECV source sites        = 2.2128e-04 seconds
   Time accumulating tallies       = 4.5786e-04 seconds
   Time writing statepoints        = 9.5547e-03 seconds
 Total time for finalization       = 3.7977e-04 seconds
 Total time elapsed                = 8.9987e+01 seconds
 Calculation Rate (inactive)       = 437.543 particles/second
 Calculation Rate (active)         = 329.054 particles/second

 ============================>     RESULTS     <============================

 k-effective (Collision)     = 1.09271 +/- 0.00851
 k-effective (Track-length)  = 1.09959 +/- 0.00823
 k-effective (Absorption)    = 1.09113 +/- 0.00525
 Combined k-effective        = 1.09397 +/- 0.00481
 Leakage Fraction            = 0.00000 +/- 0.00000

 Creating state point openmc_simulation_n3.h5...
[t1b] threads 1, seed 1130245551, bu [0.0, 0.5, 1.5, 1.6]
[t1b] k 1.1219357299534725  1.0830905485737723  1.1050911644377635  1.0939749311203377   (7.2 min)
